user_id,item_id,kc_id,y_true,fold,model,y_prob
58379446801296488,300471914551172981,300471914551172981,1,1,dgekt,0.6801150097005656
58379446801296488,8573800373938698102,8573800373938698102,0,1,dgekt,0.6244597733501571
58379446801296488,2014268979504181100,300471914551172981,1,1,dgekt,0.6651356576839594
58379446801296488,2172169907340938753,300471914551172981,1,1,dgekt,0.6662837517059808
58379446801296488,8150806168444344502,300471914551172981,1,1,dgekt,0.688888455093555
58379446801296488,816286915455981984,8573800373938698102,0,1,dgekt,0.6770031508568203
58379446801296488,1962751598315765836,300471914551172981,1,1,dgekt,0.6935680775467012
58379446801296488,7444476343858270082,300471914551172981,1,1,dgekt,0.6975282883482606
58379446801296488,2537821716777940730,300471914551172981,1,1,dgekt,0.6983440149560636
58379446801296488,1061301253559417093,300471914551172981,1,1,dgekt,0.6794131064119566
58379446801296488,8553379303363759508,300471914551172981,1,1,dgekt,0.6716390417027954
58379446801296488,6440511557387709110,300471914551172981,1,1,dgekt,0.6964387123191638
58379446801296488,7744513373483970787,8573800373938698102,0,1,dgekt,0.6299633181672509
58379446801296488,2971078979906996375,300471914551172981,1,1,dgekt,0.6868115039427797
58379446801296488,5841359775533910823,300471914551172981,1,1,dgekt,0.657770971889856
58379446801296488,8621262567927479011,300471914551172981,1,1,dgekt,0.695483519589737
58379446801296488,8434961942249729798,8573800373938698102,0,1,dgekt,0.6631039917837108
58379446801296488,2322042198017538996,8573800373938698102,0,1,dgekt,0.6651897291590326
58379446801296488,1742185772413642127,300471914551172981,1,1,dgekt,0.7014593490023786
58379446801296488,2334639155148655290,8573800373938698102,0,1,dgekt,0.6714792308552008
58379446801296488,7660717256841499384,300471914551172981,1,1,dgekt,0.7153118836252634
58379446801296488,4113615466659810841,300471914551172981,1,1,dgekt,0.7005808025380067
58379446801296488,6125574002232610732,300471914551172981,1,1,dgekt,0.666212053383708
58379446801296488,2774368076249802464,8573800373938698102,0,1,dgekt,0.6589859279075847
58379446801296488,8903365289186067945,8573800373938698102,0,1,dgekt,0.6618783517672052
58379446801296488,6925932688889117475,300471914551172981,1,1,dgekt,0.7190397589541194
58379446801296488,8194071366621068887,8573800373938698102,0,1,dgekt,0.6396802644939785
58379446801296488,2986660907093963186,300471914551172981,1,1,dgekt,0.7244789070278044
58379446801296488,7591109345808921544,300471914551172981,1,1,dgekt,0.7009188802207593
58379446801296488,625545550176685521,8573800373938698102,0,1,dgekt,0.6732549828169474
58379446801296488,1761868641361943332,8573800373938698102,0,1,dgekt,0.6809389103229828
58379446801296488,4824259625677886603,300471914551172981,1,1,dgekt,0.6971199568935743
58379446801296488,8450591260754163598,8573800373938698102,0,1,dgekt,0.6593481343619
58379446801296488,1553079256999111676,300471914551172981,1,1,dgekt,0.7051598252343682
58379446801296488,3220231712819306119,8573800373938698102,0,1,dgekt,0.6663377307931307
58379446801296488,338807275221326836,300471914551172981,1,1,dgekt,0.6931567516815462
58379446801296488,8525319303741530302,8573800373938698102,0,1,dgekt,0.6671974406774354
58379446801296488,6587421150596252277,300471914551172981,1,1,dgekt,0.7068330079823564
58379446801296488,5891620578387310353,300471914551172981,0,1,dgekt,0.6899930681792181
58379446801296488,5791250638486922978,300471914551172981,1,1,dgekt,0.7112895989413759
58379446801296488,4031585874086886353,8573800373938698102,0,1,dgekt,0.6821286404001843
58379446801296488,2083452711903133430,8573800373938698102,0,1,dgekt,0.7040694793071505
58379446801296488,6319743179241711738,8573800373938698102,0,1,dgekt,0.684013329755303
58379446801296488,8628686323660025649,300471914551172981,1,1,dgekt,0.7104280388949681
58379446801296488,4378721629787482518,300471914551172981,1,1,dgekt,0.7164268184634326
58379446801296488,4813462692425748605,300471914551172981,1,1,dgekt,0.6810963049341072
58379446801296488,4644364625800006675,300471914551172981,1,1,dgekt,0.6995652580608251
58379446801296488,1062464292871659639,8573800373938698102,0,1,dgekt,0.6847098351474088
58379446801296488,5932668873100475470,300471914551172981,1,1,dgekt,0.7209898081447911
58379446801296488,5237822943399727048,8573800373938698102,0,1,dgekt,0.6883182494130664
73928280903912066,300471914551172981,300471914551172981,1,1,dgekt,0.6801150097005656
73928280903912066,8573800373938698102,8573800373938698102,0,1,dgekt,0.6244597733501571
73928280903912066,2014268979504181100,300471914551172981,1,1,dgekt,0.6651356576839594
73928280903912066,2172169907340938753,300471914551172981,1,1,dgekt,0.6662837517059808
73928280903912066,8150806168444344502,300471914551172981,1,1,dgekt,0.688888455093555
73928280903912066,816286915455981984,8573800373938698102,0,1,dgekt,0.6770031508568203
73928280903912066,1962751598315765836,300471914551172981,1,1,dgekt,0.6935680775467012
73928280903912066,7444476343858270082,300471914551172981,1,1,dgekt,0.6975282883482606
73928280903912066,2537821716777940730,300471914551172981,1,1,dgekt,0.6983440149560636
73928280903912066,1061301253559417093,300471914551172981,1,1,dgekt,0.6794131064119566
73928280903912066,8553379303363759508,300471914551172981,1,1,dgekt,0.6716390417027954
73928280903912066,6440511557387709110,300471914551172981,1,1,dgekt,0.6964387123191638
73928280903912066,7744513373483970787,8573800373938698102,0,1,dgekt,0.6299633181672509
73928280903912066,2971078979906996375,300471914551172981,1,1,dgekt,0.6868115039427797
73928280903912066,5841359775533910823,300471914551172981,1,1,dgekt,0.657770971889856
73928280903912066,8621262567927479011,300471914551172981,1,1,dgekt,0.695483519589737
73928280903912066,8434961942249729798,8573800373938698102,0,1,dgekt,0.6631039917837108
73928280903912066,2322042198017538996,8573800373938698102,1,1,dgekt,0.6651897291590326
73928280903912066,1742185772413642127,300471914551172981,1,1,dgekt,0.7014593490023786
73928280903912066,2334639155148655290,8573800373938698102,0,1,dgekt,0.6714792308552008
73928280903912066,7660717256841499384,300471914551172981,1,1,dgekt,0.7153118836252634
73928280903912066,4113615466659810841,300471914551172981,1,1,dgekt,0.7005808025380067
73928280903912066,6125574002232610732,300471914551172981,1,1,dgekt,0.666212053383708
73928280903912066,2774368076249802464,8573800373938698102,0,1,dgekt,0.6589859279075847
73928280903912066,8903365289186067945,8573800373938698102,0,1,dgekt,0.6618783517672052
73928280903912066,6925932688889117475,300471914551172981,1,1,dgekt,0.7190397589541194
73928280903912066,8194071366621068887,8573800373938698102,0,1,dgekt,0.6396802644939785
73928280903912066,2986660907093963186,300471914551172981,1,1,dgekt,0.7244789070278044
73928280903912066,7591109345808921544,300471914551172981,1,1,dgekt,0.7009188802207593
73928280903912066,625545550176685521,8573800373938698102,0,1,dgekt,0.6732549828169474
73928280903912066,1761868641361943332,8573800373938698102,1,1,dgekt,0.6809389103229828
73928280903912066,4824259625677886603,300471914551172981,1,1,dgekt,0.6971199568935743
73928280903912066,8450591260754163598,8573800373938698102,0,1,dgekt,0.6593481343619
73928280903912066,1553079256999111676,300471914551172981,1,1,dgekt,0.7051598252343682
73928280903912066,3220231712819306119,8573800373938698102,0,1,dgekt,0.6663377307931307
73928280903912066,338807275221326836,300471914551172981,1,1,dgekt,0.6931567516815462
73928280903912066,8525319303741530302,8573800373938698102,0,1,dgekt,0.6671974406774354
73928280903912066,6587421150596252277,300471914551172981,1,1,dgekt,0.7068330079823564
73928280903912066,5891620578387310353,300471914551172981,1,1,dgekt,0.6899930681792181
73928280903912066,5791250638486922978,300471914551172981,1,1,dgekt,0.7112895989413759
73928280903912066,4031585874086886353,8573800373938698102,1,1,dgekt,0.6821286404001843
73928280903912066,2083452711903133430,8573800373938698102,1,1,dgekt,0.7040694793071505
73928280903912066,6319743179241711738,8573800373938698102,0,1,dgekt,0.684013329755303
73928280903912066,8628686323660025649,300471914551172981,1,1,dgekt,0.7104280388949681
73928280903912066,4378721629787482518,300471914551172981,1,1,dgekt,0.7164268184634326
73928280903912066,4813462692425748605,300471914551172981,1,1,dgekt,0.6810963049341072
73928280903912066,4644364625800006675,300471914551172981,1,1,dgekt,0.6995652580608251
73928280903912066,1062464292871659639,8573800373938698102,1,1,dgekt,0.6847098351474088
73928280903912066,5932668873100475470,300471914551172981,1,1,dgekt,0.7209898081447911
73928280903912066,5237822943399727048,8573800373938698102,1,1,dgekt,0.6883182494130664
148483031885960388,300471914551172981,300471914551172981,1,1,dgekt,0.6801150097005656
148483031885960388,8573800373938698102,8573800373938698102,0,1,dgekt,0.6244597733501571
148483031885960388,2014268979504181100,300471914551172981,0,1,dgekt,0.6651356576839594
148483031885960388,2172169907340938753,300471914551172981,0,1,dgekt,0.6662837517059808
148483031885960388,8150806168444344502,300471914551172981,1,1,dgekt,0.688888455093555
148483031885960388,816286915455981984,8573800373938698102,0,1,dgekt,0.6770031508568203
148483031885960388,1962751598315765836,300471914551172981,1,1,dgekt,0.6935680775467012
148483031885960388,7444476343858270082,300471914551172981,1,1,dgekt,0.6975282883482606
148483031885960388,2537821716777940730,300471914551172981,1,1,dgekt,0.6983440149560636
148483031885960388,1061301253559417093,300471914551172981,1,1,dgekt,0.6794131064119566
148483031885960388,8553379303363759508,300471914551172981,1,1,dgekt,0.6716390417027954
148483031885960388,6440511557387709110,300471914551172981,1,1,dgekt,0.6964387123191638
148483031885960388,7744513373483970787,8573800373938698102,0,1,dgekt,0.6299633181672509
148483031885960388,2971078979906996375,300471914551172981,1,1,dgekt,0.6868115039427797
148483031885960388,5841359775533910823,300471914551172981,0,1,dgekt,0.657770971889856
148483031885960388,8621262567927479011,300471914551172981,1,1,dgekt,0.695483519589737
148483031885960388,8434961942249729798,8573800373938698102,0,1,dgekt,0.6631039917837108
148483031885960388,2322042198017538996,8573800373938698102,1,1,dgekt,0.6651897291590326
148483031885960388,1742185772413642127,300471914551172981,1,1,dgekt,0.7014593490023786
148483031885960388,2334639155148655290,8573800373938698102,0,1,dgekt,0.6714792308552008
148483031885960388,7660717256841499384,300471914551172981,1,1,dgekt,0.7153118836252634
148483031885960388,4113615466659810841,300471914551172981,1,1,dgekt,0.7005808025380067
148483031885960388,6125574002232610732,300471914551172981,1,1,dgekt,0.666212053383708
148483031885960388,2774368076249802464,8573800373938698102,0,1,dgekt,0.6589859279075847
148483031885960388,8903365289186067945,8573800373938698102,0,1,dgekt,0.6618783517672052
148483031885960388,6925932688889117475,300471914551172981,1,1,dgekt,0.7190397589541194
148483031885960388,8194071366621068887,8573800373938698102,0,1,dgekt,0.6396802644939785
148483031885960388,2986660907093963186,300471914551172981,1,1,dgekt,0.7244789070278044
148483031885960388,7591109345808921544,300471914551172981,1,1,dgekt,0.7009188802207593
148483031885960388,625545550176685521,8573800373938698102,0,1,dgekt,0.6732549828169474
148483031885960388,1761868641361943332,8573800373938698102,0,1,dgekt,0.6809389103229828
148483031885960388,4824259625677886603,300471914551172981,1,1,dgekt,0.6971199568935743
148483031885960388,8450591260754163598,8573800373938698102,0,1,dgekt,0.6593481343619
148483031885960388,1553079256999111676,300471914551172981,1,1,dgekt,0.7051598252343682
148483031885960388,3220231712819306119,8573800373938698102,0,1,dgekt,0.6663377307931307
148483031885960388,338807275221326836,300471914551172981,1,1,dgekt,0.6931567516815462
148483031885960388,8525319303741530302,8573800373938698102,1,1,dgekt,0.6671974406774354
148483031885960388,6587421150596252277,300471914551172981,1,1,dgekt,0.7068330079823564
148483031885960388,5891620578387310353,300471914551172981,1,1,dgekt,0.6899930681792181
148483031885960388,5791250638486922978,300471914551172981,1,1,dgekt,0.7112895989413759
148483031885960388,4031585874086886353,8573800373938698102,0,1,dgekt,0.6821286404001843
148483031885960388,2083452711903133430,8573800373938698102,0,1,dgekt,0.7040694793071505
148483031885960388,6319743179241711738,8573800373938698102,0,1,dgekt,0.684013329755303
148483031885960388,8628686323660025649,300471914551172981,1,1,dgekt,0.7104280388949681
148483031885960388,4378721629787482518,300471914551172981,1,1,dgekt,0.7164268184634326
148483031885960388,4813462692425748605,300471914551172981,1,1,dgekt,0.6810963049341072
148483031885960388,4644364625800006675,300471914551172981,1,1,dgekt,0.6995652580608251
148483031885960388,1062464292871659639,8573800373938698102,1,1,dgekt,0.6847098351474088
148483031885960388,5932668873100475470,300471914551172981,1,1,dgekt,0.7209898081447911
148483031885960388,5237822943399727048,8573800373938698102,0,1,dgekt,0.6883182494130664
179115195542980967,300471914551172981,300471914551172981,1,1,dgekt,0.6801150097005656
179115195542980967,8573800373938698102,8573800373938698102,1,1,dgekt,0.6244597733501571
179115195542980967,2014268979504181100,300471914551172981,1,1,dgekt,0.6651356576839594
179115195542980967,2172169907340938753,300471914551172981,0,1,dgekt,0.6662837517059808
179115195542980967,8150806168444344502,300471914551172981,1,1,dgekt,0.688888455093555
179115195542980967,816286915455981984,8573800373938698102,1,1,dgekt,0.6770031508568203
179115195542980967,1962751598315765836,300471914551172981,1,1,dgekt,0.6935680775467012
179115195542980967,7444476343858270082,300471914551172981,1,1,dgekt,0.6975282883482606
179115195542980967,2537821716777940730,300471914551172981,1,1,dgekt,0.6983440149560636
179115195542980967,1061301253559417093,300471914551172981,0,1,dgekt,0.6794131064119566
179115195542980967,8553379303363759508,300471914551172981,1,1,dgekt,0.6716390417027954
179115195542980967,6440511557387709110,300471914551172981,1,1,dgekt,0.6964387123191638
179115195542980967,7744513373483970787,8573800373938698102,1,1,dgekt,0.6299633181672509
179115195542980967,2971078979906996375,300471914551172981,1,1,dgekt,0.6868115039427797
179115195542980967,5841359775533910823,300471914551172981,0,1,dgekt,0.657770971889856
179115195542980967,8621262567927479011,300471914551172981,1,1,dgekt,0.695483519589737
179115195542980967,8434961942249729798,8573800373938698102,1,1,dgekt,0.6631039917837108
179115195542980967,2322042198017538996,8573800373938698102,1,1,dgekt,0.6651897291590326
179115195542980967,1742185772413642127,300471914551172981,1,1,dgekt,0.7014593490023786
179115195542980967,2334639155148655290,8573800373938698102,1,1,dgekt,0.6714792308552008
179115195542980967,7660717256841499384,300471914551172981,1,1,dgekt,0.7153118836252634
179115195542980967,4113615466659810841,300471914551172981,1,1,dgekt,0.7005808025380067
179115195542980967,6125574002232610732,300471914551172981,1,1,dgekt,0.666212053383708
179115195542980967,2774368076249802464,8573800373938698102,1,1,dgekt,0.6589859279075847
179115195542980967,8903365289186067945,8573800373938698102,1,1,dgekt,0.6618783517672052
179115195542980967,6925932688889117475,300471914551172981,1,1,dgekt,0.7190397589541194
179115195542980967,8194071366621068887,8573800373938698102,1,1,dgekt,0.6396802644939785
179115195542980967,2986660907093963186,300471914551172981,1,1,dgekt,0.7244789070278044
179115195542980967,7591109345808921544,300471914551172981,1,1,dgekt,0.7009188802207593
179115195542980967,625545550176685521,8573800373938698102,1,1,dgekt,0.6732549828169474
179115195542980967,1761868641361943332,8573800373938698102,1,1,dgekt,0.6809389103229828
179115195542980967,4824259625677886603,300471914551172981,1,1,dgekt,0.6971199568935743
179115195542980967,8450591260754163598,8573800373938698102,0,1,dgekt,0.6593481343619
179115195542980967,1553079256999111676,300471914551172981,1,1,dgekt,0.7051598252343682
179115195542980967,3220231712819306119,8573800373938698102,1,1,dgekt,0.6663377307931307
179115195542980967,338807275221326836,300471914551172981,0,1,dgekt,0.6931567516815462
179115195542980967,8525319303741530302,8573800373938698102,1,1,dgekt,0.6671974406774354
179115195542980967,6587421150596252277,300471914551172981,1,1,dgekt,0.7068330079823564
179115195542980967,5891620578387310353,300471914551172981,1,1,dgekt,0.6899930681792181
179115195542980967,5791250638486922978,300471914551172981,1,1,dgekt,0.7112895989413759
179115195542980967,4031585874086886353,8573800373938698102,1,1,dgekt,0.6821286404001843
179115195542980967,2083452711903133430,8573800373938698102,1,1,dgekt,0.7040694793071505
179115195542980967,6319743179241711738,8573800373938698102,1,1,dgekt,0.684013329755303
179115195542980967,8628686323660025649,300471914551172981,1,1,dgekt,0.7104280388949681
179115195542980967,4378721629787482518,300471914551172981,1,1,dgekt,0.7164268184634326
179115195542980967,4813462692425748605,300471914551172981,1,1,dgekt,0.6810963049341072
179115195542980967,4644364625800006675,300471914551172981,1,1,dgekt,0.6995652580608251
179115195542980967,1062464292871659639,8573800373938698102,1,1,dgekt,0.6847098351474088
179115195542980967,5932668873100475470,300471914551172981,1,1,dgekt,0.7209898081447911
179115195542980967,5237822943399727048,8573800373938698102,1,1,dgekt,0.6883182494130664
190304769087812475,300471914551172981,300471914551172981,1,1,dgekt,0.6801150097005656
190304769087812475,8573800373938698102,8573800373938698102,1,1,dgekt,0.6244597733501571
190304769087812475,2014268979504181100,300471914551172981,1,1,dgekt,0.6651356576839594
190304769087812475,2172169907340938753,300471914551172981,0,1,dgekt,0.6662837517059808
190304769087812475,8150806168444344502,300471914551172981,1,1,dgekt,0.688888455093555
190304769087812475,816286915455981984,8573800373938698102,0,1,dgekt,0.6770031508568203
190304769087812475,1962751598315765836,300471914551172981,1,1,dgekt,0.6935680775467012
190304769087812475,7444476343858270082,300471914551172981,1,1,dgekt,0.6975282883482606
190304769087812475,2537821716777940730,300471914551172981,1,1,dgekt,0.6983440149560636
190304769087812475,1061301253559417093,300471914551172981,0,1,dgekt,0.6794131064119566
190304769087812475,8553379303363759508,300471914551172981,0,1,dgekt,0.6716390417027954
190304769087812475,6440511557387709110,300471914551172981,1,1,dgekt,0.6964387123191638
190304769087812475,7744513373483970787,8573800373938698102,0,1,dgekt,0.6299633181672509
190304769087812475,2971078979906996375,300471914551172981,1,1,dgekt,0.6868115039427797
190304769087812475,5841359775533910823,300471914551172981,1,1,dgekt,0.657770971889856
190304769087812475,8621262567927479011,300471914551172981,1,1,dgekt,0.695483519589737
190304769087812475,8434961942249729798,8573800373938698102,1,1,dgekt,0.6631039917837108
190304769087812475,2322042198017538996,8573800373938698102,1,1,dgekt,0.6651897291590326
190304769087812475,1742185772413642127,300471914551172981,0,1,dgekt,0.7014593490023786
190304769087812475,2334639155148655290,8573800373938698102,1,1,dgekt,0.6714792308552008
190304769087812475,7660717256841499384,300471914551172981,1,1,dgekt,0.7153118836252634
190304769087812475,4113615466659810841,300471914551172981,0,1,dgekt,0.7005808025380067
190304769087812475,6125574002232610732,300471914551172981,0,1,dgekt,0.666212053383708
190304769087812475,2774368076249802464,8573800373938698102,1,1,dgekt,0.6589859279075847
190304769087812475,8903365289186067945,8573800373938698102,1,1,dgekt,0.6618783517672052
190304769087812475,6925932688889117475,300471914551172981,1,1,dgekt,0.7190397589541194
190304769087812475,8194071366621068887,8573800373938698102,1,1,dgekt,0.6396802644939785
190304769087812475,2986660907093963186,300471914551172981,1,1,dgekt,0.7244789070278044
190304769087812475,7591109345808921544,300471914551172981,1,1,dgekt,0.7009188802207593
190304769087812475,625545550176685521,8573800373938698102,1,1,dgekt,0.6732549828169474
190304769087812475,1761868641361943332,8573800373938698102,1,1,dgekt,0.6809389103229828
190304769087812475,4824259625677886603,300471914551172981,0,1,dgekt,0.6971199568935743
190304769087812475,8450591260754163598,8573800373938698102,1,1,dgekt,0.6593481343619
190304769087812475,1553079256999111676,300471914551172981,1,1,dgekt,0.7051598252343682
190304769087812475,3220231712819306119,8573800373938698102,1,1,dgekt,0.6663377307931307
190304769087812475,338807275221326836,300471914551172981,1,1,dgekt,0.6931567516815462
190304769087812475,8525319303741530302,8573800373938698102,0,1,dgekt,0.6671974406774354
190304769087812475,6587421150596252277,300471914551172981,0,1,dgekt,0.7068330079823564
190304769087812475,5891620578387310353,300471914551172981,0,1,dgekt,0.6899930681792181
190304769087812475,5791250638486922978,300471914551172981,1,1,dgekt,0.7112895989413759
190304769087812475,4031585874086886353,8573800373938698102,1,1,dgekt,0.6821286404001843
190304769087812475,2083452711903133430,8573800373938698102,1,1,dgekt,0.7040694793071505
190304769087812475,6319743179241711738,8573800373938698102,0,1,dgekt,0.684013329755303
190304769087812475,8628686323660025649,300471914551172981,1,1,dgekt,0.7104280388949681
190304769087812475,4378721629787482518,300471914551172981,1,1,dgekt,0.7164268184634326
190304769087812475,4813462692425748605,300471914551172981,0,1,dgekt,0.6810963049341072
190304769087812475,4644364625800006675,300471914551172981,0,1,dgekt,0.6995652580608251
190304769087812475,1062464292871659639,8573800373938698102,1,1,dgekt,0.6847098351474088
190304769087812475,5932668873100475470,300471914551172981,1,1,dgekt,0.7209898081447911
190304769087812475,5237822943399727048,8573800373938698102,1,1,dgekt,0.6883182494130664
228417828119088853,300471914551172981,300471914551172981,1,1,dgekt,0.6801150097005656
228417828119088853,8573800373938698102,8573800373938698102,0,1,dgekt,0.6244597733501571
228417828119088853,2014268979504181100,300471914551172981,1,1,dgekt,0.6651356576839594
228417828119088853,2172169907340938753,300471914551172981,0,1,dgekt,0.6662837517059808
228417828119088853,8150806168444344502,300471914551172981,1,1,dgekt,0.688888455093555
228417828119088853,816286915455981984,8573800373938698102,1,1,dgekt,0.6770031508568203
228417828119088853,1962751598315765836,300471914551172981,1,1,dgekt,0.6935680775467012
228417828119088853,7444476343858270082,300471914551172981,1,1,dgekt,0.6975282883482606
228417828119088853,2537821716777940730,300471914551172981,1,1,dgekt,0.6983440149560636
228417828119088853,1061301253559417093,300471914551172981,1,1,dgekt,0.6794131064119566
228417828119088853,8553379303363759508,300471914551172981,1,1,dgekt,0.6716390417027954
228417828119088853,6440511557387709110,300471914551172981,1,1,dgekt,0.6964387123191638
228417828119088853,7744513373483970787,8573800373938698102,1,1,dgekt,0.6299633181672509
228417828119088853,2971078979906996375,300471914551172981,1,1,dgekt,0.6868115039427797
228417828119088853,5841359775533910823,300471914551172981,1,1,dgekt,0.657770971889856
228417828119088853,8621262567927479011,300471914551172981,1,1,dgekt,0.695483519589737
228417828119088853,8434961942249729798,8573800373938698102,1,1,dgekt,0.6631039917837108
228417828119088853,2322042198017538996,8573800373938698102,1,1,dgekt,0.6651897291590326
228417828119088853,1742185772413642127,300471914551172981,1,1,dgekt,0.7014593490023786
228417828119088853,2334639155148655290,8573800373938698102,1,1,dgekt,0.6714792308552008
228417828119088853,7660717256841499384,300471914551172981,1,1,dgekt,0.7153118836252634
228417828119088853,4113615466659810841,300471914551172981,1,1,dgekt,0.7005808025380067
228417828119088853,6125574002232610732,300471914551172981,1,1,dgekt,0.666212053383708
228417828119088853,2774368076249802464,8573800373938698102,1,1,dgekt,0.6589859279075847
228417828119088853,8903365289186067945,8573800373938698102,1,1,dgekt,0.6618783517672052
228417828119088853,6925932688889117475,300471914551172981,1,1,dgekt,0.7190397589541194
228417828119088853,8194071366621068887,8573800373938698102,1,1,dgekt,0.6396802644939785
228417828119088853,2986660907093963186,300471914551172981,1,1,dgekt,0.7244789070278044
228417828119088853,7591109345808921544,300471914551172981,1,1,dgekt,0.7009188802207593
228417828119088853,625545550176685521,8573800373938698102,1,1,dgekt,0.6732549828169474
228417828119088853,1761868641361943332,8573800373938698102,1,1,dgekt,0.6809389103229828
228417828119088853,4824259625677886603,300471914551172981,1,1,dgekt,0.6971199568935743
228417828119088853,8450591260754163598,8573800373938698102,1,1,dgekt,0.6593481343619
228417828119088853,1553079256999111676,300471914551172981,1,1,dgekt,0.7051598252343682
228417828119088853,3220231712819306119,8573800373938698102,1,1,dgekt,0.6663377307931307
228417828119088853,338807275221326836,300471914551172981,1,1,dgekt,0.6931567516815462
228417828119088853,8525319303741530302,8573800373938698102,1,1,dgekt,0.6671974406774354
228417828119088853,6587421150596252277,300471914551172981,1,1,dgekt,0.7068330079823564
228417828119088853,5891620578387310353,300471914551172981,1,1,dgekt,0.6899930681792181
228417828119088853,5791250638486922978,300471914551172981,1,1,dgekt,0.7112895989413759
228417828119088853,4031585874086886353,8573800373938698102,1,1,dgekt,0.6821286404001843
228417828119088853,2083452711903133430,8573800373938698102,1,1,dgekt,0.7040694793071505
228417828119088853,6319743179241711738,8573800373938698102,1,1,dgekt,0.684013329755303
228417828119088853,8628686323660025649,300471914551172981,1,1,dgekt,0.7104280388949681
228417828119088853,4378721629787482518,300471914551172981,1,1,dgekt,0.7164268184634326
228417828119088853,4813462692425748605,300471914551172981,1,1,dgekt,0.6810963049341072
228417828119088853,4644364625800006675,300471914551172981,1,1,dgekt,0.6995652580608251
228417828119088853,1062464292871659639,8573800373938698102,1,1,dgekt,0.6847098351474088
228417828119088853,5932668873100475470,300471914551172981,1,1,dgekt,0.7209898081447911
228417828119088853,5237822943399727048,8573800373938698102,1,1,dgekt,0.6883182494130664
241971033199468642,300471914551172981,300471914551172981,1,1,dgekt,0.6801150097005656
241971033199468642,8573800373938698102,8573800373938698102,0,1,dgekt,0.6244597733501571
241971033199468642,2014268979504181100,300471914551172981,0,1,dgekt,0.6651356576839594
241971033199468642,2172169907340938753,300471914551172981,0,1,dgekt,0.6662837517059808
241971033199468642,8150806168444344502,300471914551172981,0,1,dgekt,0.688888455093555
241971033199468642,816286915455981984,8573800373938698102,1,1,dgekt,0.6770031508568203
241971033199468642,1962751598315765836,300471914551172981,0,1,dgekt,0.6935680775467012
241971033199468642,7444476343858270082,300471914551172981,1,1,dgekt,0.6975282883482606
241971033199468642,2537821716777940730,300471914551172981,0,1,dgekt,0.6983440149560636
241971033199468642,1061301253559417093,300471914551172981,1,1,dgekt,0.6794131064119566
241971033199468642,8553379303363759508,300471914551172981,0,1,dgekt,0.6716390417027954
241971033199468642,6440511557387709110,300471914551172981,1,1,dgekt,0.6964387123191638
241971033199468642,7744513373483970787,8573800373938698102,0,1,dgekt,0.6299633181672509
241971033199468642,2971078979906996375,300471914551172981,1,1,dgekt,0.6868115039427797
241971033199468642,5841359775533910823,300471914551172981,1,1,dgekt,0.657770971889856
241971033199468642,8621262567927479011,300471914551172981,0,1,dgekt,0.695483519589737
241971033199468642,8434961942249729798,8573800373938698102,1,1,dgekt,0.6631039917837108
241971033199468642,2322042198017538996,8573800373938698102,0,1,dgekt,0.6651897291590326
241971033199468642,1742185772413642127,300471914551172981,1,1,dgekt,0.7014593490023786
241971033199468642,2334639155148655290,8573800373938698102,0,1,dgekt,0.6714792308552008
241971033199468642,7660717256841499384,300471914551172981,1,1,dgekt,0.7153118836252634
241971033199468642,4113615466659810841,300471914551172981,1,1,dgekt,0.7005808025380067
241971033199468642,6125574002232610732,300471914551172981,0,1,dgekt,0.666212053383708
241971033199468642,2774368076249802464,8573800373938698102,0,1,dgekt,0.6589859279075847
241971033199468642,8903365289186067945,8573800373938698102,0,1,dgekt,0.6618783517672052
241971033199468642,6925932688889117475,300471914551172981,1,1,dgekt,0.7190397589541194
241971033199468642,8194071366621068887,8573800373938698102,1,1,dgekt,0.6396802644939785
241971033199468642,2986660907093963186,300471914551172981,1,1,dgekt,0.7244789070278044
241971033199468642,7591109345808921544,300471914551172981,1,1,dgekt,0.7009188802207593
241971033199468642,625545550176685521,8573800373938698102,0,1,dgekt,0.6732549828169474
241971033199468642,1761868641361943332,8573800373938698102,1,1,dgekt,0.6809389103229828
241971033199468642,4824259625677886603,300471914551172981,1,1,dgekt,0.6971199568935743
241971033199468642,8450591260754163598,8573800373938698102,0,1,dgekt,0.6593481343619
241971033199468642,1553079256999111676,300471914551172981,1,1,dgekt,0.7051598252343682
241971033199468642,3220231712819306119,8573800373938698102,0,1,dgekt,0.6663377307931307
241971033199468642,338807275221326836,300471914551172981,1,1,dgekt,0.6931567516815462
241971033199468642,8525319303741530302,8573800373938698102,0,1,dgekt,0.6671974406774354
241971033199468642,6587421150596252277,300471914551172981,1,1,dgekt,0.7068330079823564
241971033199468642,5891620578387310353,300471914551172981,1,1,dgekt,0.6899930681792181
241971033199468642,5791250638486922978,300471914551172981,1,1,dgekt,0.7112895989413759
241971033199468642,4031585874086886353,8573800373938698102,0,1,dgekt,0.6821286404001843
241971033199468642,2083452711903133430,8573800373938698102,1,1,dgekt,0.7040694793071505
241971033199468642,6319743179241711738,8573800373938698102,0,1,dgekt,0.684013329755303
241971033199468642,8628686323660025649,300471914551172981,1,1,dgekt,0.7104280388949681
241971033199468642,4378721629787482518,300471914551172981,0,1,dgekt,0.7164268184634326
241971033199468642,4813462692425748605,300471914551172981,0,1,dgekt,0.6810963049341072
241971033199468642,4644364625800006675,300471914551172981,1,1,dgekt,0.6995652580608251
241971033199468642,1062464292871659639,8573800373938698102,1,1,dgekt,0.6847098351474088
241971033199468642,5932668873100475470,300471914551172981,1,1,dgekt,0.7209898081447911
241971033199468642,5237822943399727048,8573800373938698102,1,1,dgekt,0.6883182494130664
262972098788613969,300471914551172981,300471914551172981,1,1,dgekt,0.6801150097005656
262972098788613969,8573800373938698102,8573800373938698102,0,1,dgekt,0.6244597733501571
262972098788613969,2014268979504181100,300471914551172981,1,1,dgekt,0.6651356576839594
262972098788613969,2172169907340938753,300471914551172981,1,1,dgekt,0.6662837517059808
262972098788613969,8150806168444344502,300471914551172981,1,1,dgekt,0.688888455093555
262972098788613969,816286915455981984,8573800373938698102,1,1,dgekt,0.6770031508568203
262972098788613969,1962751598315765836,300471914551172981,1,1,dgekt,0.6935680775467012
262972098788613969,7444476343858270082,300471914551172981,1,1,dgekt,0.6975282883482606
262972098788613969,2537821716777940730,300471914551172981,1,1,dgekt,0.6983440149560636
262972098788613969,1061301253559417093,300471914551172981,1,1,dgekt,0.6794131064119566
262972098788613969,8553379303363759508,300471914551172981,1,1,dgekt,0.6716390417027954
262972098788613969,6440511557387709110,300471914551172981,1,1,dgekt,0.6964387123191638
262972098788613969,7744513373483970787,8573800373938698102,0,1,dgekt,0.6299633181672509
262972098788613969,2971078979906996375,300471914551172981,1,1,dgekt,0.6868115039427797
262972098788613969,5841359775533910823,300471914551172981,1,1,dgekt,0.657770971889856
262972098788613969,8621262567927479011,300471914551172981,1,1,dgekt,0.695483519589737
262972098788613969,8434961942249729798,8573800373938698102,1,1,dgekt,0.6631039917837108
262972098788613969,2322042198017538996,8573800373938698102,1,1,dgekt,0.6651897291590326
262972098788613969,1742185772413642127,300471914551172981,1,1,dgekt,0.7014593490023786
262972098788613969,2334639155148655290,8573800373938698102,1,1,dgekt,0.6714792308552008
262972098788613969,7660717256841499384,300471914551172981,1,1,dgekt,0.7153118836252634
262972098788613969,4113615466659810841,300471914551172981,1,1,dgekt,0.7005808025380067
262972098788613969,6125574002232610732,300471914551172981,1,1,dgekt,0.666212053383708
262972098788613969,2774368076249802464,8573800373938698102,1,1,dgekt,0.6589859279075847
262972098788613969,8903365289186067945,8573800373938698102,1,1,dgekt,0.6618783517672052
262972098788613969,6925932688889117475,300471914551172981,1,1,dgekt,0.7190397589541194
262972098788613969,8194071366621068887,8573800373938698102,1,1,dgekt,0.6396802644939785
262972098788613969,2986660907093963186,300471914551172981,1,1,dgekt,0.7244789070278044
262972098788613969,7591109345808921544,300471914551172981,1,1,dgekt,0.7009188802207593
262972098788613969,625545550176685521,8573800373938698102,1,1,dgekt,0.6732549828169474
262972098788613969,1761868641361943332,8573800373938698102,1,1,dgekt,0.6809389103229828
262972098788613969,4824259625677886603,300471914551172981,1,1,dgekt,0.6971199568935743
262972098788613969,8450591260754163598,8573800373938698102,1,1,dgekt,0.6593481343619
262972098788613969,1553079256999111676,300471914551172981,1,1,dgekt,0.7051598252343682
262972098788613969,3220231712819306119,8573800373938698102,1,1,dgekt,0.6663377307931307
262972098788613969,338807275221326836,300471914551172981,1,1,dgekt,0.6931567516815462
262972098788613969,8525319303741530302,8573800373938698102,1,1,dgekt,0.6671974406774354
262972098788613969,6587421150596252277,300471914551172981,1,1,dgekt,0.7068330079823564
262972098788613969,5891620578387310353,300471914551172981,1,1,dgekt,0.6899930681792181
262972098788613969,5791250638486922978,300471914551172981,1,1,dgekt,0.7112895989413759
262972098788613969,4031585874086886353,8573800373938698102,1,1,dgekt,0.6821286404001843
262972098788613969,2083452711903133430,8573800373938698102,1,1,dgekt,0.7040694793071505
262972098788613969,6319743179241711738,8573800373938698102,1,1,dgekt,0.684013329755303
262972098788613969,8628686323660025649,300471914551172981,1,1,dgekt,0.7104280388949681
262972098788613969,4378721629787482518,300471914551172981,1,1,dgekt,0.7164268184634326
262972098788613969,4813462692425748605,300471914551172981,1,1,dgekt,0.6810963049341072
262972098788613969,4644364625800006675,300471914551172981,1,1,dgekt,0.6995652580608251
262972098788613969,1062464292871659639,8573800373938698102,1,1,dgekt,0.6847098351474088
262972098788613969,5932668873100475470,300471914551172981,1,1,dgekt,0.7209898081447911
262972098788613969,5237822943399727048,8573800373938698102,1,1,dgekt,0.6883182494130664
281238121284840641,300471914551172981,300471914551172981,0,1,dgekt,0.6801150097005656
281238121284840641,8573800373938698102,8573800373938698102,1,1,dgekt,0.6244597733501571
281238121284840641,2014268979504181100,300471914551172981,1,1,dgekt,0.6651356576839594
281238121284840641,2172169907340938753,300471914551172981,0,1,dgekt,0.6662837517059808
281238121284840641,8150806168444344502,300471914551172981,0,1,dgekt,0.688888455093555
281238121284840641,816286915455981984,8573800373938698102,1,1,dgekt,0.6770031508568203
281238121284840641,1962751598315765836,300471914551172981,0,1,dgekt,0.6935680775467012
281238121284840641,7444476343858270082,300471914551172981,0,1,dgekt,0.6975282883482606
281238121284840641,2537821716777940730,300471914551172981,0,1,dgekt,0.6983440149560636
281238121284840641,1061301253559417093,300471914551172981,1,1,dgekt,0.6794131064119566
281238121284840641,8553379303363759508,300471914551172981,0,1,dgekt,0.6716390417027954
281238121284840641,6440511557387709110,300471914551172981,1,1,dgekt,0.6964387123191638
281238121284840641,7744513373483970787,8573800373938698102,1,1,dgekt,0.6299633181672509
281238121284840641,2971078979906996375,300471914551172981,0,1,dgekt,0.6868115039427797
281238121284840641,5841359775533910823,300471914551172981,0,1,dgekt,0.657770971889856
281238121284840641,8621262567927479011,300471914551172981,0,1,dgekt,0.695483519589737
281238121284840641,8434961942249729798,8573800373938698102,1,1,dgekt,0.6631039917837108
281238121284840641,2322042198017538996,8573800373938698102,1,1,dgekt,0.6651897291590326
281238121284840641,1742185772413642127,300471914551172981,1,1,dgekt,0.7014593490023786
281238121284840641,2334639155148655290,8573800373938698102,1,1,dgekt,0.6714792308552008
281238121284840641,7660717256841499384,300471914551172981,1,1,dgekt,0.7153118836252634
281238121284840641,4113615466659810841,300471914551172981,0,1,dgekt,0.7005808025380067
281238121284840641,6125574002232610732,300471914551172981,0,1,dgekt,0.666212053383708
281238121284840641,2774368076249802464,8573800373938698102,1,1,dgekt,0.6589859279075847
281238121284840641,8903365289186067945,8573800373938698102,1,1,dgekt,0.6618783517672052
281238121284840641,6925932688889117475,300471914551172981,1,1,dgekt,0.7190397589541194
281238121284840641,8194071366621068887,8573800373938698102,1,1,dgekt,0.6396802644939785
281238121284840641,2986660907093963186,300471914551172981,1,1,dgekt,0.7244789070278044
281238121284840641,7591109345808921544,300471914551172981,1,1,dgekt,0.7009188802207593
281238121284840641,625545550176685521,8573800373938698102,1,1,dgekt,0.6732549828169474
281238121284840641,1761868641361943332,8573800373938698102,1,1,dgekt,0.6809389103229828
281238121284840641,4824259625677886603,300471914551172981,1,1,dgekt,0.6971199568935743
281238121284840641,8450591260754163598,8573800373938698102,1,1,dgekt,0.6593481343619
281238121284840641,1553079256999111676,300471914551172981,0,1,dgekt,0.7051598252343682
281238121284840641,3220231712819306119,8573800373938698102,1,1,dgekt,0.6663377307931307
281238121284840641,338807275221326836,300471914551172981,0,1,dgekt,0.6931567516815462
281238121284840641,8525319303741530302,8573800373938698102,1,1,dgekt,0.6671974406774354
281238121284840641,6587421150596252277,300471914551172981,0,1,dgekt,0.7068330079823564
281238121284840641,5891620578387310353,300471914551172981,0,1,dgekt,0.6899930681792181
281238121284840641,5791250638486922978,300471914551172981,1,1,dgekt,0.7112895989413759
281238121284840641,4031585874086886353,8573800373938698102,1,1,dgekt,0.6821286404001843
281238121284840641,2083452711903133430,8573800373938698102,1,1,dgekt,0.7040694793071505
281238121284840641,6319743179241711738,8573800373938698102,1,1,dgekt,0.684013329755303
281238121284840641,8628686323660025649,300471914551172981,0,1,dgekt,0.7104280388949681
281238121284840641,4378721629787482518,300471914551172981,0,1,dgekt,0.7164268184634326
281238121284840641,4813462692425748605,300471914551172981,0,1,dgekt,0.6810963049341072
281238121284840641,4644364625800006675,300471914551172981,1,1,dgekt,0.6995652580608251
281238121284840641,1062464292871659639,8573800373938698102,1,1,dgekt,0.6847098351474088
281238121284840641,5932668873100475470,300471914551172981,0,1,dgekt,0.7209898081447911
281238121284840641,5237822943399727048,8573800373938698102,1,1,dgekt,0.6883182494130664
282468254407962637,300471914551172981,300471914551172981,1,1,dgekt,0.6801150097005656
282468254407962637,8573800373938698102,8573800373938698102,1,1,dgekt,0.6244597733501571
282468254407962637,2014268979504181100,300471914551172981,1,1,dgekt,0.6651356576839594
282468254407962637,2172169907340938753,300471914551172981,1,1,dgekt,0.6662837517059808
282468254407962637,8150806168444344502,300471914551172981,1,1,dgekt,0.688888455093555
282468254407962637,816286915455981984,8573800373938698102,1,1,dgekt,0.6770031508568203
282468254407962637,1962751598315765836,300471914551172981,1,1,dgekt,0.6935680775467012
282468254407962637,7444476343858270082,300471914551172981,1,1,dgekt,0.6975282883482606
282468254407962637,2537821716777940730,300471914551172981,1,1,dgekt,0.6983440149560636
282468254407962637,1061301253559417093,300471914551172981,1,1,dgekt,0.6794131064119566
282468254407962637,8553379303363759508,300471914551172981,1,1,dgekt,0.6716390417027954
282468254407962637,6440511557387709110,300471914551172981,1,1,dgekt,0.6964387123191638
282468254407962637,7744513373483970787,8573800373938698102,1,1,dgekt,0.6299633181672509
282468254407962637,2971078979906996375,300471914551172981,1,1,dgekt,0.6868115039427797
282468254407962637,5841359775533910823,300471914551172981,0,1,dgekt,0.657770971889856
282468254407962637,8621262567927479011,300471914551172981,1,1,dgekt,0.695483519589737
282468254407962637,8434961942249729798,8573800373938698102,1,1,dgekt,0.6631039917837108
282468254407962637,2322042198017538996,8573800373938698102,1,1,dgekt,0.6651897291590326
282468254407962637,1742185772413642127,300471914551172981,1,1,dgekt,0.7014593490023786
282468254407962637,2334639155148655290,8573800373938698102,1,1,dgekt,0.6714792308552008
282468254407962637,7660717256841499384,300471914551172981,1,1,dgekt,0.7153118836252634
282468254407962637,4113615466659810841,300471914551172981,1,1,dgekt,0.7005808025380067
282468254407962637,6125574002232610732,300471914551172981,0,1,dgekt,0.666212053383708
282468254407962637,2774368076249802464,8573800373938698102,1,1,dgekt,0.6589859279075847
282468254407962637,8903365289186067945,8573800373938698102,1,1,dgekt,0.6618783517672052
282468254407962637,6925932688889117475,300471914551172981,1,1,dgekt,0.7190397589541194
282468254407962637,8194071366621068887,8573800373938698102,1,1,dgekt,0.6396802644939785
282468254407962637,2986660907093963186,300471914551172981,1,1,dgekt,0.7244789070278044
282468254407962637,7591109345808921544,300471914551172981,1,1,dgekt,0.7009188802207593
282468254407962637,625545550176685521,8573800373938698102,1,1,dgekt,0.6732549828169474
282468254407962637,1761868641361943332,8573800373938698102,1,1,dgekt,0.6809389103229828
282468254407962637,4824259625677886603,300471914551172981,1,1,dgekt,0.6971199568935743
282468254407962637,8450591260754163598,8573800373938698102,1,1,dgekt,0.6593481343619
282468254407962637,1553079256999111676,300471914551172981,1,1,dgekt,0.7051598252343682
282468254407962637,3220231712819306119,8573800373938698102,0,1,dgekt,0.6663377307931307
282468254407962637,338807275221326836,300471914551172981,1,1,dgekt,0.6931567516815462
282468254407962637,8525319303741530302,8573800373938698102,1,1,dgekt,0.6671974406774354
282468254407962637,6587421150596252277,300471914551172981,1,1,dgekt,0.7068330079823564
282468254407962637,5891620578387310353,300471914551172981,1,1,dgekt,0.6899930681792181
282468254407962637,5791250638486922978,300471914551172981,1,1,dgekt,0.7112895989413759
282468254407962637,4031585874086886353,8573800373938698102,1,1,dgekt,0.6821286404001843
282468254407962637,2083452711903133430,8573800373938698102,1,1,dgekt,0.7040694793071505
282468254407962637,6319743179241711738,8573800373938698102,1,1,dgekt,0.684013329755303
282468254407962637,8628686323660025649,300471914551172981,1,1,dgekt,0.7104280388949681
282468254407962637,4378721629787482518,300471914551172981,1,1,dgekt,0.7164268184634326
282468254407962637,4813462692425748605,300471914551172981,1,1,dgekt,0.6810963049341072
282468254407962637,4644364625800006675,300471914551172981,1,1,dgekt,0.6995652580608251
282468254407962637,1062464292871659639,8573800373938698102,1,1,dgekt,0.6847098351474088
282468254407962637,5932668873100475470,300471914551172981,1,1,dgekt,0.7209898081447911
282468254407962637,5237822943399727048,8573800373938698102,1,1,dgekt,0.6883182494130664
306023099386028284,300471914551172981,300471914551172981,1,1,dgekt,0.6801150097005656
306023099386028284,8573800373938698102,8573800373938698102,0,1,dgekt,0.6244597733501571
306023099386028284,2014268979504181100,300471914551172981,0,1,dgekt,0.6651356576839594
306023099386028284,2172169907340938753,300471914551172981,0,1,dgekt,0.6662837517059808
306023099386028284,8150806168444344502,300471914551172981,1,1,dgekt,0.688888455093555
306023099386028284,816286915455981984,8573800373938698102,0,1,dgekt,0.6770031508568203
306023099386028284,1962751598315765836,300471914551172981,0,1,dgekt,0.6935680775467012
306023099386028284,7444476343858270082,300471914551172981,1,1,dgekt,0.6975282883482606
306023099386028284,2537821716777940730,300471914551172981,0,1,dgekt,0.6983440149560636
306023099386028284,1061301253559417093,300471914551172981,0,1,dgekt,0.6794131064119566
306023099386028284,8553379303363759508,300471914551172981,0,1,dgekt,0.6716390417027954
306023099386028284,6440511557387709110,300471914551172981,0,1,dgekt,0.6964387123191638
306023099386028284,7744513373483970787,8573800373938698102,0,1,dgekt,0.6299633181672509
306023099386028284,2971078979906996375,300471914551172981,0,1,dgekt,0.6868115039427797
306023099386028284,5841359775533910823,300471914551172981,0,1,dgekt,0.657770971889856
306023099386028284,8621262567927479011,300471914551172981,1,1,dgekt,0.695483519589737
306023099386028284,8434961942249729798,8573800373938698102,1,1,dgekt,0.6631039917837108
306023099386028284,2322042198017538996,8573800373938698102,0,1,dgekt,0.6651897291590326
306023099386028284,1742185772413642127,300471914551172981,0,1,dgekt,0.7014593490023786
306023099386028284,2334639155148655290,8573800373938698102,0,1,dgekt,0.6714792308552008
306023099386028284,7660717256841499384,300471914551172981,1,1,dgekt,0.7153118836252634
306023099386028284,4113615466659810841,300471914551172981,1,1,dgekt,0.7005808025380067
306023099386028284,6125574002232610732,300471914551172981,0,1,dgekt,0.666212053383708
306023099386028284,2774368076249802464,8573800373938698102,0,1,dgekt,0.6589859279075847
306023099386028284,8903365289186067945,8573800373938698102,0,1,dgekt,0.6618783517672052
306023099386028284,6925932688889117475,300471914551172981,1,1,dgekt,0.7190397589541194
306023099386028284,8194071366621068887,8573800373938698102,0,1,dgekt,0.6396802644939785
306023099386028284,2986660907093963186,300471914551172981,1,1,dgekt,0.7244789070278044
306023099386028284,7591109345808921544,300471914551172981,1,1,dgekt,0.7009188802207593
306023099386028284,625545550176685521,8573800373938698102,1,1,dgekt,0.6732549828169474
306023099386028284,1761868641361943332,8573800373938698102,0,1,dgekt,0.6809389103229828
306023099386028284,4824259625677886603,300471914551172981,0,1,dgekt,0.6971199568935743
306023099386028284,8450591260754163598,8573800373938698102,1,1,dgekt,0.6593481343619
306023099386028284,1553079256999111676,300471914551172981,1,1,dgekt,0.7051598252343682
306023099386028284,3220231712819306119,8573800373938698102,0,1,dgekt,0.6663377307931307
306023099386028284,338807275221326836,300471914551172981,0,1,dgekt,0.6931567516815462
306023099386028284,8525319303741530302,8573800373938698102,1,1,dgekt,0.6671974406774354
306023099386028284,6587421150596252277,300471914551172981,1,1,dgekt,0.7068330079823564
306023099386028284,5891620578387310353,300471914551172981,0,1,dgekt,0.6899930681792181
306023099386028284,5791250638486922978,300471914551172981,1,1,dgekt,0.7112895989413759
306023099386028284,4031585874086886353,8573800373938698102,0,1,dgekt,0.6821286404001843
306023099386028284,2083452711903133430,8573800373938698102,1,1,dgekt,0.7040694793071505
306023099386028284,6319743179241711738,8573800373938698102,1,1,dgekt,0.684013329755303
306023099386028284,8628686323660025649,300471914551172981,1,1,dgekt,0.7104280388949681
306023099386028284,4378721629787482518,300471914551172981,1,1,dgekt,0.7164268184634326
306023099386028284,4813462692425748605,300471914551172981,0,1,dgekt,0.6810963049341072
306023099386028284,4644364625800006675,300471914551172981,0,1,dgekt,0.6995652580608251
306023099386028284,1062464292871659639,8573800373938698102,0,1,dgekt,0.6847098351474088
306023099386028284,5932668873100475470,300471914551172981,0,1,dgekt,0.7209898081447911
306023099386028284,5237822943399727048,8573800373938698102,1,1,dgekt,0.6883182494130664
306816872576014192,300471914551172981,300471914551172981,1,1,dgekt,0.6801150097005656
306816872576014192,8573800373938698102,8573800373938698102,0,1,dgekt,0.6244597733501571
306816872576014192,2014268979504181100,300471914551172981,1,1,dgekt,0.6651356576839594
306816872576014192,2172169907340938753,300471914551172981,1,1,dgekt,0.6662837517059808
306816872576014192,8150806168444344502,300471914551172981,1,1,dgekt,0.688888455093555
306816872576014192,816286915455981984,8573800373938698102,1,1,dgekt,0.6770031508568203
306816872576014192,1962751598315765836,300471914551172981,1,1,dgekt,0.6935680775467012
306816872576014192,7444476343858270082,300471914551172981,1,1,dgekt,0.6975282883482606
306816872576014192,2537821716777940730,300471914551172981,1,1,dgekt,0.6983440149560636
306816872576014192,1061301253559417093,300471914551172981,1,1,dgekt,0.6794131064119566
306816872576014192,8553379303363759508,300471914551172981,1,1,dgekt,0.6716390417027954
306816872576014192,6440511557387709110,300471914551172981,1,1,dgekt,0.6964387123191638
306816872576014192,7744513373483970787,8573800373938698102,0,1,dgekt,0.6299633181672509
306816872576014192,2971078979906996375,300471914551172981,1,1,dgekt,0.6868115039427797
306816872576014192,5841359775533910823,300471914551172981,1,1,dgekt,0.657770971889856
306816872576014192,8621262567927479011,300471914551172981,1,1,dgekt,0.695483519589737
306816872576014192,8434961942249729798,8573800373938698102,1,1,dgekt,0.6631039917837108
306816872576014192,2322042198017538996,8573800373938698102,0,1,dgekt,0.6651897291590326
306816872576014192,1742185772413642127,300471914551172981,1,1,dgekt,0.7014593490023786
306816872576014192,2334639155148655290,8573800373938698102,0,1,dgekt,0.6714792308552008
306816872576014192,7660717256841499384,300471914551172981,1,1,dgekt,0.7153118836252634
306816872576014192,4113615466659810841,300471914551172981,1,1,dgekt,0.7005808025380067
306816872576014192,6125574002232610732,300471914551172981,1,1,dgekt,0.666212053383708
306816872576014192,2774368076249802464,8573800373938698102,0,1,dgekt,0.6589859279075847
306816872576014192,8903365289186067945,8573800373938698102,1,1,dgekt,0.6618783517672052
306816872576014192,6925932688889117475,300471914551172981,1,1,dgekt,0.7190397589541194
306816872576014192,8194071366621068887,8573800373938698102,0,1,dgekt,0.6396802644939785
306816872576014192,2986660907093963186,300471914551172981,1,1,dgekt,0.7244789070278044
306816872576014192,7591109345808921544,300471914551172981,1,1,dgekt,0.7009188802207593
306816872576014192,625545550176685521,8573800373938698102,1,1,dgekt,0.6732549828169474
306816872576014192,1761868641361943332,8573800373938698102,1,1,dgekt,0.6809389103229828
306816872576014192,4824259625677886603,300471914551172981,1,1,dgekt,0.6971199568935743
306816872576014192,8450591260754163598,8573800373938698102,0,1,dgekt,0.6593481343619
306816872576014192,1553079256999111676,300471914551172981,1,1,dgekt,0.7051598252343682
306816872576014192,3220231712819306119,8573800373938698102,1,1,dgekt,0.6663377307931307
306816872576014192,338807275221326836,300471914551172981,0,1,dgekt,0.6931567516815462
306816872576014192,8525319303741530302,8573800373938698102,1,1,dgekt,0.6671974406774354
306816872576014192,6587421150596252277,300471914551172981,1,1,dgekt,0.7068330079823564
306816872576014192,5891620578387310353,300471914551172981,1,1,dgekt,0.6899930681792181
306816872576014192,5791250638486922978,300471914551172981,1,1,dgekt,0.7112895989413759
306816872576014192,4031585874086886353,8573800373938698102,0,1,dgekt,0.6821286404001843
306816872576014192,2083452711903133430,8573800373938698102,1,1,dgekt,0.7040694793071505
306816872576014192,6319743179241711738,8573800373938698102,1,1,dgekt,0.684013329755303
306816872576014192,8628686323660025649,300471914551172981,1,1,dgekt,0.7104280388949681
306816872576014192,4378721629787482518,300471914551172981,1,1,dgekt,0.7164268184634326
306816872576014192,4813462692425748605,300471914551172981,1,1,dgekt,0.6810963049341072
306816872576014192,4644364625800006675,300471914551172981,1,1,dgekt,0.6995652580608251
306816872576014192,1062464292871659639,8573800373938698102,1,1,dgekt,0.6847098351474088
306816872576014192,5932668873100475470,300471914551172981,1,1,dgekt,0.7209898081447911
306816872576014192,5237822943399727048,8573800373938698102,1,1,dgekt,0.6883182494130664
318029278300626017,300471914551172981,300471914551172981,1,1,dgekt,0.6801150097005656
318029278300626017,8573800373938698102,8573800373938698102,0,1,dgekt,0.6244597733501571
318029278300626017,2014268979504181100,300471914551172981,1,1,dgekt,0.6651356576839594
318029278300626017,2172169907340938753,300471914551172981,1,1,dgekt,0.6662837517059808
318029278300626017,8150806168444344502,300471914551172981,0,1,dgekt,0.688888455093555
318029278300626017,816286915455981984,8573800373938698102,1,1,dgekt,0.6770031508568203
318029278300626017,1962751598315765836,300471914551172981,1,1,dgekt,0.6935680775467012
318029278300626017,7444476343858270082,300471914551172981,1,1,dgekt,0.6975282883482606
318029278300626017,2537821716777940730,300471914551172981,1,1,dgekt,0.6983440149560636
318029278300626017,1061301253559417093,300471914551172981,1,1,dgekt,0.6794131064119566
318029278300626017,8553379303363759508,300471914551172981,1,1,dgekt,0.6716390417027954
318029278300626017,6440511557387709110,300471914551172981,1,1,dgekt,0.6964387123191638
318029278300626017,7744513373483970787,8573800373938698102,0,1,dgekt,0.6299633181672509
318029278300626017,2971078979906996375,300471914551172981,1,1,dgekt,0.6868115039427797
318029278300626017,5841359775533910823,300471914551172981,0,1,dgekt,0.657770971889856
318029278300626017,8621262567927479011,300471914551172981,1,1,dgekt,0.695483519589737
318029278300626017,8434961942249729798,8573800373938698102,0,1,dgekt,0.6631039917837108
318029278300626017,2322042198017538996,8573800373938698102,0,1,dgekt,0.6651897291590326
318029278300626017,1742185772413642127,300471914551172981,1,1,dgekt,0.7014593490023786
318029278300626017,2334639155148655290,8573800373938698102,1,1,dgekt,0.6714792308552008
318029278300626017,7660717256841499384,300471914551172981,1,1,dgekt,0.7153118836252634
318029278300626017,4113615466659810841,300471914551172981,1,1,dgekt,0.7005808025380067
318029278300626017,6125574002232610732,300471914551172981,1,1,dgekt,0.666212053383708
318029278300626017,2774368076249802464,8573800373938698102,1,1,dgekt,0.6589859279075847
318029278300626017,8903365289186067945,8573800373938698102,0,1,dgekt,0.6618783517672052
318029278300626017,6925932688889117475,300471914551172981,1,1,dgekt,0.7190397589541194
318029278300626017,8194071366621068887,8573800373938698102,0,1,dgekt,0.6396802644939785
318029278300626017,2986660907093963186,300471914551172981,1,1,dgekt,0.7244789070278044
318029278300626017,7591109345808921544,300471914551172981,1,1,dgekt,0.7009188802207593
318029278300626017,625545550176685521,8573800373938698102,0,1,dgekt,0.6732549828169474
318029278300626017,1761868641361943332,8573800373938698102,1,1,dgekt,0.6809389103229828
318029278300626017,4824259625677886603,300471914551172981,1,1,dgekt,0.6971199568935743
318029278300626017,8450591260754163598,8573800373938698102,0,1,dgekt,0.6593481343619
318029278300626017,1553079256999111676,300471914551172981,1,1,dgekt,0.7051598252343682
318029278300626017,3220231712819306119,8573800373938698102,0,1,dgekt,0.6663377307931307
318029278300626017,338807275221326836,300471914551172981,1,1,dgekt,0.6931567516815462
318029278300626017,8525319303741530302,8573800373938698102,0,1,dgekt,0.6671974406774354
318029278300626017,6587421150596252277,300471914551172981,1,1,dgekt,0.7068330079823564
318029278300626017,5891620578387310353,300471914551172981,1,1,dgekt,0.6899930681792181
318029278300626017,5791250638486922978,300471914551172981,1,1,dgekt,0.7112895989413759
318029278300626017,4031585874086886353,8573800373938698102,0,1,dgekt,0.6821286404001843
318029278300626017,2083452711903133430,8573800373938698102,1,1,dgekt,0.7040694793071505
318029278300626017,6319743179241711738,8573800373938698102,0,1,dgekt,0.684013329755303
318029278300626017,8628686323660025649,300471914551172981,1,1,dgekt,0.7104280388949681
318029278300626017,4378721629787482518,300471914551172981,1,1,dgekt,0.7164268184634326
318029278300626017,4813462692425748605,300471914551172981,0,1,dgekt,0.6810963049341072
318029278300626017,4644364625800006675,300471914551172981,1,1,dgekt,0.6995652580608251
318029278300626017,1062464292871659639,8573800373938698102,1,1,dgekt,0.6847098351474088
318029278300626017,5932668873100475470,300471914551172981,1,1,dgekt,0.7209898081447911
318029278300626017,5237822943399727048,8573800373938698102,1,1,dgekt,0.6883182494130664
324624200648221669,300471914551172981,300471914551172981,0,1,dgekt,0.6801150097005656
324624200648221669,8573800373938698102,8573800373938698102,0,1,dgekt,0.6244597733501571
324624200648221669,2014268979504181100,300471914551172981,0,1,dgekt,0.6651356576839594
324624200648221669,2172169907340938753,300471914551172981,1,1,dgekt,0.6662837517059808
324624200648221669,8150806168444344502,300471914551172981,0,1,dgekt,0.688888455093555
324624200648221669,816286915455981984,8573800373938698102,1,1,dgekt,0.6770031508568203
324624200648221669,1962751598315765836,300471914551172981,0,1,dgekt,0.6935680775467012
324624200648221669,7444476343858270082,300471914551172981,1,1,dgekt,0.6975282883482606
324624200648221669,2537821716777940730,300471914551172981,0,1,dgekt,0.6983440149560636
324624200648221669,1061301253559417093,300471914551172981,0,1,dgekt,0.6794131064119566
324624200648221669,8553379303363759508,300471914551172981,1,1,dgekt,0.6716390417027954
324624200648221669,6440511557387709110,300471914551172981,1,1,dgekt,0.6964387123191638
324624200648221669,7744513373483970787,8573800373938698102,0,1,dgekt,0.6299633181672509
324624200648221669,2971078979906996375,300471914551172981,0,1,dgekt,0.6868115039427797
324624200648221669,5841359775533910823,300471914551172981,0,1,dgekt,0.657770971889856
324624200648221669,8621262567927479011,300471914551172981,0,1,dgekt,0.695483519589737
324624200648221669,8434961942249729798,8573800373938698102,1,1,dgekt,0.6631039917837108
324624200648221669,2322042198017538996,8573800373938698102,0,1,dgekt,0.6651897291590326
324624200648221669,1742185772413642127,300471914551172981,0,1,dgekt,0.7014593490023786
324624200648221669,2334639155148655290,8573800373938698102,1,1,dgekt,0.6714792308552008
324624200648221669,7660717256841499384,300471914551172981,0,1,dgekt,0.7153118836252634
324624200648221669,4113615466659810841,300471914551172981,0,1,dgekt,0.7005808025380067
324624200648221669,6125574002232610732,300471914551172981,0,1,dgekt,0.666212053383708
324624200648221669,2774368076249802464,8573800373938698102,0,1,dgekt,0.6589859279075847
324624200648221669,8903365289186067945,8573800373938698102,1,1,dgekt,0.6618783517672052
324624200648221669,6925932688889117475,300471914551172981,1,1,dgekt,0.7190397589541194
324624200648221669,8194071366621068887,8573800373938698102,0,1,dgekt,0.6396802644939785
324624200648221669,2986660907093963186,300471914551172981,1,1,dgekt,0.7244789070278044
324624200648221669,7591109345808921544,300471914551172981,1,1,dgekt,0.7009188802207593
324624200648221669,625545550176685521,8573800373938698102,1,1,dgekt,0.6732549828169474
324624200648221669,1761868641361943332,8573800373938698102,0,1,dgekt,0.6809389103229828
324624200648221669,4824259625677886603,300471914551172981,1,1,dgekt,0.6971199568935743
324624200648221669,8450591260754163598,8573800373938698102,1,1,dgekt,0.6593481343619
324624200648221669,1553079256999111676,300471914551172981,0,1,dgekt,0.7051598252343682
324624200648221669,3220231712819306119,8573800373938698102,1,1,dgekt,0.6663377307931307
324624200648221669,338807275221326836,300471914551172981,0,1,dgekt,0.6931567516815462
324624200648221669,8525319303741530302,8573800373938698102,1,1,dgekt,0.6671974406774354
324624200648221669,6587421150596252277,300471914551172981,1,1,dgekt,0.7068330079823564
324624200648221669,5891620578387310353,300471914551172981,0,1,dgekt,0.6899930681792181
324624200648221669,5791250638486922978,300471914551172981,1,1,dgekt,0.7112895989413759
324624200648221669,4031585874086886353,8573800373938698102,0,1,dgekt,0.6821286404001843
324624200648221669,2083452711903133430,8573800373938698102,1,1,dgekt,0.7040694793071505
324624200648221669,6319743179241711738,8573800373938698102,1,1,dgekt,0.684013329755303
324624200648221669,8628686323660025649,300471914551172981,1,1,dgekt,0.7104280388949681
324624200648221669,4378721629787482518,300471914551172981,1,1,dgekt,0.7164268184634326
324624200648221669,4813462692425748605,300471914551172981,0,1,dgekt,0.6810963049341072
324624200648221669,4644364625800006675,300471914551172981,0,1,dgekt,0.6995652580608251
324624200648221669,1062464292871659639,8573800373938698102,1,1,dgekt,0.6847098351474088
324624200648221669,5932668873100475470,300471914551172981,0,1,dgekt,0.7209898081447911
324624200648221669,5237822943399727048,8573800373938698102,1,1,dgekt,0.6883182494130664
332087775371550264,300471914551172981,300471914551172981,0,1,dgekt,0.6801150097005656
332087775371550264,8573800373938698102,8573800373938698102,1,1,dgekt,0.6244597733501571
332087775371550264,2014268979504181100,300471914551172981,0,1,dgekt,0.6651356576839594
332087775371550264,2172169907340938753,300471914551172981,0,1,dgekt,0.6662837517059808
332087775371550264,8150806168444344502,300471914551172981,0,1,dgekt,0.688888455093555
332087775371550264,816286915455981984,8573800373938698102,1,1,dgekt,0.6770031508568203
332087775371550264,1962751598315765836,300471914551172981,0,1,dgekt,0.6935680775467012
332087775371550264,7444476343858270082,300471914551172981,1,1,dgekt,0.6975282883482606
332087775371550264,2537821716777940730,300471914551172981,1,1,dgekt,0.6983440149560636
332087775371550264,1061301253559417093,300471914551172981,0,1,dgekt,0.6794131064119566
332087775371550264,8553379303363759508,300471914551172981,0,1,dgekt,0.6716390417027954
332087775371550264,6440511557387709110,300471914551172981,0,1,dgekt,0.6964387123191638
332087775371550264,7744513373483970787,8573800373938698102,1,1,dgekt,0.6299633181672509
332087775371550264,2971078979906996375,300471914551172981,0,1,dgekt,0.6868115039427797
332087775371550264,5841359775533910823,300471914551172981,0,1,dgekt,0.657770971889856
332087775371550264,8621262567927479011,300471914551172981,0,1,dgekt,0.695483519589737
332087775371550264,8434961942249729798,8573800373938698102,1,1,dgekt,0.6631039917837108
332087775371550264,2322042198017538996,8573800373938698102,1,1,dgekt,0.6651897291590326
332087775371550264,1742185772413642127,300471914551172981,0,1,dgekt,0.7014593490023786
332087775371550264,2334639155148655290,8573800373938698102,1,1,dgekt,0.6714792308552008
332087775371550264,7660717256841499384,300471914551172981,1,1,dgekt,0.7153118836252634
332087775371550264,4113615466659810841,300471914551172981,1,1,dgekt,0.7005808025380067
332087775371550264,6125574002232610732,300471914551172981,0,1,dgekt,0.666212053383708
332087775371550264,2774368076249802464,8573800373938698102,1,1,dgekt,0.6589859279075847
332087775371550264,8903365289186067945,8573800373938698102,1,1,dgekt,0.6618783517672052
332087775371550264,6925932688889117475,300471914551172981,0,1,dgekt,0.7190397589541194
332087775371550264,8194071366621068887,8573800373938698102,1,1,dgekt,0.6396802644939785
332087775371550264,2986660907093963186,300471914551172981,1,1,dgekt,0.7244789070278044
332087775371550264,7591109345808921544,300471914551172981,0,1,dgekt,0.7009188802207593
332087775371550264,625545550176685521,8573800373938698102,1,1,dgekt,0.6732549828169474
332087775371550264,1761868641361943332,8573800373938698102,1,1,dgekt,0.6809389103229828
332087775371550264,4824259625677886603,300471914551172981,0,1,dgekt,0.6971199568935743
332087775371550264,8450591260754163598,8573800373938698102,1,1,dgekt,0.6593481343619
332087775371550264,1553079256999111676,300471914551172981,1,1,dgekt,0.7051598252343682
332087775371550264,3220231712819306119,8573800373938698102,1,1,dgekt,0.6663377307931307
332087775371550264,338807275221326836,300471914551172981,0,1,dgekt,0.6931567516815462
332087775371550264,8525319303741530302,8573800373938698102,1,1,dgekt,0.6671974406774354
332087775371550264,6587421150596252277,300471914551172981,1,1,dgekt,0.7068330079823564
332087775371550264,5891620578387310353,300471914551172981,1,1,dgekt,0.6899930681792181
332087775371550264,5791250638486922978,300471914551172981,1,1,dgekt,0.7112895989413759
332087775371550264,4031585874086886353,8573800373938698102,1,1,dgekt,0.6821286404001843
332087775371550264,2083452711903133430,8573800373938698102,1,1,dgekt,0.7040694793071505
332087775371550264,6319743179241711738,8573800373938698102,1,1,dgekt,0.684013329755303
332087775371550264,8628686323660025649,300471914551172981,1,1,dgekt,0.7104280388949681
332087775371550264,4378721629787482518,300471914551172981,1,1,dgekt,0.7164268184634326
332087775371550264,4813462692425748605,300471914551172981,0,1,dgekt,0.6810963049341072
332087775371550264,4644364625800006675,300471914551172981,0,1,dgekt,0.6995652580608251
332087775371550264,1062464292871659639,8573800373938698102,1,1,dgekt,0.6847098351474088
332087775371550264,5932668873100475470,300471914551172981,1,1,dgekt,0.7209898081447911
332087775371550264,5237822943399727048,8573800373938698102,0,1,dgekt,0.6883182494130664
343876738781606645,300471914551172981,300471914551172981,1,1,dgekt,0.6801150097005656
343876738781606645,8573800373938698102,8573800373938698102,0,1,dgekt,0.6244597733501571
343876738781606645,2014268979504181100,300471914551172981,1,1,dgekt,0.6651356576839594
343876738781606645,2172169907340938753,300471914551172981,0,1,dgekt,0.6662837517059808
343876738781606645,8150806168444344502,300471914551172981,1,1,dgekt,0.688888455093555
343876738781606645,816286915455981984,8573800373938698102,1,1,dgekt,0.6770031508568203
343876738781606645,1962751598315765836,300471914551172981,1,1,dgekt,0.6935680775467012
343876738781606645,7444476343858270082,300471914551172981,1,1,dgekt,0.6975282883482606
343876738781606645,2537821716777940730,300471914551172981,1,1,dgekt,0.6983440149560636
343876738781606645,1061301253559417093,300471914551172981,1,1,dgekt,0.6794131064119566
343876738781606645,8553379303363759508,300471914551172981,1,1,dgekt,0.6716390417027954
343876738781606645,6440511557387709110,300471914551172981,1,1,dgekt,0.6964387123191638
343876738781606645,7744513373483970787,8573800373938698102,1,1,dgekt,0.6299633181672509
343876738781606645,2971078979906996375,300471914551172981,1,1,dgekt,0.6868115039427797
343876738781606645,5841359775533910823,300471914551172981,1,1,dgekt,0.657770971889856
343876738781606645,8621262567927479011,300471914551172981,1,1,dgekt,0.695483519589737
343876738781606645,8434961942249729798,8573800373938698102,1,1,dgekt,0.6631039917837108
343876738781606645,2322042198017538996,8573800373938698102,1,1,dgekt,0.6651897291590326
343876738781606645,1742185772413642127,300471914551172981,1,1,dgekt,0.7014593490023786
343876738781606645,2334639155148655290,8573800373938698102,1,1,dgekt,0.6714792308552008
343876738781606645,7660717256841499384,300471914551172981,1,1,dgekt,0.7153118836252634
343876738781606645,4113615466659810841,300471914551172981,1,1,dgekt,0.7005808025380067
343876738781606645,6125574002232610732,300471914551172981,1,1,dgekt,0.666212053383708
343876738781606645,2774368076249802464,8573800373938698102,0,1,dgekt,0.6589859279075847
343876738781606645,8903365289186067945,8573800373938698102,0,1,dgekt,0.6618783517672052
343876738781606645,6925932688889117475,300471914551172981,1,1,dgekt,0.7190397589541194
343876738781606645,8194071366621068887,8573800373938698102,0,1,dgekt,0.6396802644939785
343876738781606645,2986660907093963186,300471914551172981,1,1,dgekt,0.7244789070278044
343876738781606645,7591109345808921544,300471914551172981,1,1,dgekt,0.7009188802207593
343876738781606645,625545550176685521,8573800373938698102,1,1,dgekt,0.6732549828169474
343876738781606645,1761868641361943332,8573800373938698102,1,1,dgekt,0.6809389103229828
343876738781606645,4824259625677886603,300471914551172981,1,1,dgekt,0.6971199568935743
343876738781606645,8450591260754163598,8573800373938698102,1,1,dgekt,0.6593481343619
343876738781606645,1553079256999111676,300471914551172981,0,1,dgekt,0.7051598252343682
343876738781606645,3220231712819306119,8573800373938698102,0,1,dgekt,0.6663377307931307
343876738781606645,338807275221326836,300471914551172981,1,1,dgekt,0.6931567516815462
343876738781606645,8525319303741530302,8573800373938698102,1,1,dgekt,0.6671974406774354
343876738781606645,6587421150596252277,300471914551172981,1,1,dgekt,0.7068330079823564
343876738781606645,5891620578387310353,300471914551172981,1,1,dgekt,0.6899930681792181
343876738781606645,5791250638486922978,300471914551172981,1,1,dgekt,0.7112895989413759
343876738781606645,4031585874086886353,8573800373938698102,1,1,dgekt,0.6821286404001843
343876738781606645,2083452711903133430,8573800373938698102,1,1,dgekt,0.7040694793071505
343876738781606645,6319743179241711738,8573800373938698102,1,1,dgekt,0.684013329755303
343876738781606645,8628686323660025649,300471914551172981,1,1,dgekt,0.7104280388949681
343876738781606645,4378721629787482518,300471914551172981,1,1,dgekt,0.7164268184634326
343876738781606645,4813462692425748605,300471914551172981,1,1,dgekt,0.6810963049341072
343876738781606645,4644364625800006675,300471914551172981,1,1,dgekt,0.6995652580608251
343876738781606645,1062464292871659639,8573800373938698102,1,1,dgekt,0.6847098351474088
343876738781606645,5932668873100475470,300471914551172981,1,1,dgekt,0.7209898081447911
343876738781606645,5237822943399727048,8573800373938698102,1,1,dgekt,0.6883182494130664
353461793782294163,300471914551172981,300471914551172981,1,1,dgekt,0.6801150097005656
353461793782294163,8573800373938698102,8573800373938698102,0,1,dgekt,0.6244597733501571
353461793782294163,2014268979504181100,300471914551172981,1,1,dgekt,0.6651356576839594
353461793782294163,2172169907340938753,300471914551172981,1,1,dgekt,0.6662837517059808
353461793782294163,8150806168444344502,300471914551172981,1,1,dgekt,0.688888455093555
353461793782294163,816286915455981984,8573800373938698102,0,1,dgekt,0.6770031508568203
353461793782294163,1962751598315765836,300471914551172981,1,1,dgekt,0.6935680775467012
353461793782294163,7444476343858270082,300471914551172981,1,1,dgekt,0.6975282883482606
353461793782294163,2537821716777940730,300471914551172981,1,1,dgekt,0.6983440149560636
353461793782294163,1061301253559417093,300471914551172981,1,1,dgekt,0.6794131064119566
353461793782294163,8553379303363759508,300471914551172981,1,1,dgekt,0.6716390417027954
353461793782294163,6440511557387709110,300471914551172981,1,1,dgekt,0.6964387123191638
353461793782294163,7744513373483970787,8573800373938698102,0,1,dgekt,0.6299633181672509
353461793782294163,2971078979906996375,300471914551172981,1,1,dgekt,0.6868115039427797
353461793782294163,5841359775533910823,300471914551172981,1,1,dgekt,0.657770971889856
353461793782294163,8621262567927479011,300471914551172981,1,1,dgekt,0.695483519589737
353461793782294163,8434961942249729798,8573800373938698102,0,1,dgekt,0.6631039917837108
353461793782294163,2322042198017538996,8573800373938698102,0,1,dgekt,0.6651897291590326
353461793782294163,1742185772413642127,300471914551172981,1,1,dgekt,0.7014593490023786
353461793782294163,2334639155148655290,8573800373938698102,0,1,dgekt,0.6714792308552008
353461793782294163,7660717256841499384,300471914551172981,1,1,dgekt,0.7153118836252634
353461793782294163,4113615466659810841,300471914551172981,1,1,dgekt,0.7005808025380067
353461793782294163,6125574002232610732,300471914551172981,1,1,dgekt,0.666212053383708
353461793782294163,2774368076249802464,8573800373938698102,0,1,dgekt,0.6589859279075847
353461793782294163,8903365289186067945,8573800373938698102,0,1,dgekt,0.6618783517672052
353461793782294163,6925932688889117475,300471914551172981,1,1,dgekt,0.7190397589541194
353461793782294163,8194071366621068887,8573800373938698102,0,1,dgekt,0.6396802644939785
353461793782294163,2986660907093963186,300471914551172981,1,1,dgekt,0.7244789070278044
353461793782294163,7591109345808921544,300471914551172981,1,1,dgekt,0.7009188802207593
353461793782294163,625545550176685521,8573800373938698102,0,1,dgekt,0.6732549828169474
353461793782294163,1761868641361943332,8573800373938698102,0,1,dgekt,0.6809389103229828
353461793782294163,4824259625677886603,300471914551172981,1,1,dgekt,0.6971199568935743
353461793782294163,8450591260754163598,8573800373938698102,0,1,dgekt,0.6593481343619
353461793782294163,1553079256999111676,300471914551172981,1,1,dgekt,0.7051598252343682
353461793782294163,3220231712819306119,8573800373938698102,1,1,dgekt,0.6663377307931307
353461793782294163,338807275221326836,300471914551172981,1,1,dgekt,0.6931567516815462
353461793782294163,8525319303741530302,8573800373938698102,0,1,dgekt,0.6671974406774354
353461793782294163,6587421150596252277,300471914551172981,1,1,dgekt,0.7068330079823564
353461793782294163,5891620578387310353,300471914551172981,1,1,dgekt,0.6899930681792181
353461793782294163,5791250638486922978,300471914551172981,1,1,dgekt,0.7112895989413759
353461793782294163,4031585874086886353,8573800373938698102,0,1,dgekt,0.6821286404001843
353461793782294163,2083452711903133430,8573800373938698102,0,1,dgekt,0.7040694793071505
353461793782294163,6319743179241711738,8573800373938698102,0,1,dgekt,0.684013329755303
353461793782294163,8628686323660025649,300471914551172981,1,1,dgekt,0.7104280388949681
353461793782294163,4378721629787482518,300471914551172981,1,1,dgekt,0.7164268184634326
353461793782294163,4813462692425748605,300471914551172981,1,1,dgekt,0.6810963049341072
353461793782294163,4644364625800006675,300471914551172981,1,1,dgekt,0.6995652580608251
353461793782294163,1062464292871659639,8573800373938698102,0,1,dgekt,0.6847098351474088
353461793782294163,5932668873100475470,300471914551172981,1,1,dgekt,0.7209898081447911
353461793782294163,5237822943399727048,8573800373938698102,0,1,dgekt,0.6883182494130664
354411700963014883,300471914551172981,300471914551172981,0,1,dgekt,0.6801150097005656
354411700963014883,8573800373938698102,8573800373938698102,0,1,dgekt,0.6244597733501571
354411700963014883,2014268979504181100,300471914551172981,1,1,dgekt,0.6651356576839594
354411700963014883,2172169907340938753,300471914551172981,0,1,dgekt,0.6662837517059808
354411700963014883,8150806168444344502,300471914551172981,0,1,dgekt,0.688888455093555
354411700963014883,816286915455981984,8573800373938698102,0,1,dgekt,0.6770031508568203
354411700963014883,1962751598315765836,300471914551172981,1,1,dgekt,0.6935680775467012
354411700963014883,7444476343858270082,300471914551172981,0,1,dgekt,0.6975282883482606
354411700963014883,2537821716777940730,300471914551172981,1,1,dgekt,0.6983440149560636
354411700963014883,1061301253559417093,300471914551172981,0,1,dgekt,0.6794131064119566
354411700963014883,8553379303363759508,300471914551172981,0,1,dgekt,0.6716390417027954
354411700963014883,6440511557387709110,300471914551172981,0,1,dgekt,0.6964387123191638
354411700963014883,7744513373483970787,8573800373938698102,0,1,dgekt,0.6299633181672509
354411700963014883,2971078979906996375,300471914551172981,0,1,dgekt,0.6868115039427797
354411700963014883,5841359775533910823,300471914551172981,0,1,dgekt,0.657770971889856
354411700963014883,8621262567927479011,300471914551172981,0,1,dgekt,0.695483519589737
354411700963014883,8434961942249729798,8573800373938698102,0,1,dgekt,0.6631039917837108
354411700963014883,2322042198017538996,8573800373938698102,0,1,dgekt,0.6651897291590326
354411700963014883,1742185772413642127,300471914551172981,0,1,dgekt,0.7014593490023786
354411700963014883,2334639155148655290,8573800373938698102,0,1,dgekt,0.6714792308552008
354411700963014883,7660717256841499384,300471914551172981,0,1,dgekt,0.7153118836252634
354411700963014883,4113615466659810841,300471914551172981,0,1,dgekt,0.7005808025380067
354411700963014883,6125574002232610732,300471914551172981,0,1,dgekt,0.666212053383708
354411700963014883,2774368076249802464,8573800373938698102,0,1,dgekt,0.6589859279075847
354411700963014883,8903365289186067945,8573800373938698102,0,1,dgekt,0.6618783517672052
354411700963014883,6925932688889117475,300471914551172981,0,1,dgekt,0.7190397589541194
354411700963014883,8194071366621068887,8573800373938698102,0,1,dgekt,0.6396802644939785
354411700963014883,2986660907093963186,300471914551172981,1,1,dgekt,0.7244789070278044
354411700963014883,7591109345808921544,300471914551172981,0,1,dgekt,0.7009188802207593
354411700963014883,625545550176685521,8573800373938698102,0,1,dgekt,0.6732549828169474
354411700963014883,1761868641361943332,8573800373938698102,0,1,dgekt,0.6809389103229828
354411700963014883,4824259625677886603,300471914551172981,0,1,dgekt,0.6971199568935743
354411700963014883,8450591260754163598,8573800373938698102,0,1,dgekt,0.6593481343619
354411700963014883,1553079256999111676,300471914551172981,1,1,dgekt,0.7051598252343682
354411700963014883,3220231712819306119,8573800373938698102,1,1,dgekt,0.6663377307931307
354411700963014883,338807275221326836,300471914551172981,1,1,dgekt,0.6931567516815462
354411700963014883,8525319303741530302,8573800373938698102,0,1,dgekt,0.6671974406774354
354411700963014883,6587421150596252277,300471914551172981,0,1,dgekt,0.7068330079823564
354411700963014883,5891620578387310353,300471914551172981,0,1,dgekt,0.6899930681792181
354411700963014883,5791250638486922978,300471914551172981,0,1,dgekt,0.7112895989413759
354411700963014883,4031585874086886353,8573800373938698102,0,1,dgekt,0.6821286404001843
354411700963014883,2083452711903133430,8573800373938698102,1,1,dgekt,0.7040694793071505
354411700963014883,6319743179241711738,8573800373938698102,0,1,dgekt,0.684013329755303
354411700963014883,8628686323660025649,300471914551172981,0,1,dgekt,0.7104280388949681
354411700963014883,4378721629787482518,300471914551172981,0,1,dgekt,0.7164268184634326
354411700963014883,4813462692425748605,300471914551172981,1,1,dgekt,0.6810963049341072
354411700963014883,4644364625800006675,300471914551172981,1,1,dgekt,0.6995652580608251
354411700963014883,1062464292871659639,8573800373938698102,1,1,dgekt,0.6847098351474088
354411700963014883,5932668873100475470,300471914551172981,1,1,dgekt,0.7209898081447911
354411700963014883,5237822943399727048,8573800373938698102,1,1,dgekt,0.6883182494130664
391500893232447138,300471914551172981,300471914551172981,0,1,dgekt,0.6801150097005656
391500893232447138,8573800373938698102,8573800373938698102,0,1,dgekt,0.6244597733501571
391500893232447138,2014268979504181100,300471914551172981,1,1,dgekt,0.6651356576839594
391500893232447138,2172169907340938753,300471914551172981,1,1,dgekt,0.6662837517059808
391500893232447138,8150806168444344502,300471914551172981,0,1,dgekt,0.688888455093555
391500893232447138,816286915455981984,8573800373938698102,0,1,dgekt,0.6770031508568203
391500893232447138,1962751598315765836,300471914551172981,1,1,dgekt,0.6935680775467012
391500893232447138,7444476343858270082,300471914551172981,0,1,dgekt,0.6975282883482606
391500893232447138,2537821716777940730,300471914551172981,1,1,dgekt,0.6983440149560636
391500893232447138,1061301253559417093,300471914551172981,0,1,dgekt,0.6794131064119566
391500893232447138,8553379303363759508,300471914551172981,0,1,dgekt,0.6716390417027954
391500893232447138,6440511557387709110,300471914551172981,1,1,dgekt,0.6964387123191638
391500893232447138,7744513373483970787,8573800373938698102,0,1,dgekt,0.6299633181672509
391500893232447138,2971078979906996375,300471914551172981,0,1,dgekt,0.6868115039427797
391500893232447138,5841359775533910823,300471914551172981,0,1,dgekt,0.657770971889856
391500893232447138,8621262567927479011,300471914551172981,1,1,dgekt,0.695483519589737
391500893232447138,8434961942249729798,8573800373938698102,0,1,dgekt,0.6631039917837108
391500893232447138,2322042198017538996,8573800373938698102,0,1,dgekt,0.6651897291590326
391500893232447138,1742185772413642127,300471914551172981,0,1,dgekt,0.7014593490023786
391500893232447138,2334639155148655290,8573800373938698102,0,1,dgekt,0.6714792308552008
391500893232447138,7660717256841499384,300471914551172981,1,1,dgekt,0.7153118836252634
391500893232447138,4113615466659810841,300471914551172981,0,1,dgekt,0.7005808025380067
391500893232447138,6125574002232610732,300471914551172981,0,1,dgekt,0.666212053383708
391500893232447138,2774368076249802464,8573800373938698102,0,1,dgekt,0.6589859279075847
391500893232447138,8903365289186067945,8573800373938698102,0,1,dgekt,0.6618783517672052
391500893232447138,6925932688889117475,300471914551172981,1,1,dgekt,0.7190397589541194
391500893232447138,8194071366621068887,8573800373938698102,0,1,dgekt,0.6396802644939785
391500893232447138,2986660907093963186,300471914551172981,1,1,dgekt,0.7244789070278044
391500893232447138,7591109345808921544,300471914551172981,1,1,dgekt,0.7009188802207593
391500893232447138,625545550176685521,8573800373938698102,1,1,dgekt,0.6732549828169474
391500893232447138,1761868641361943332,8573800373938698102,1,1,dgekt,0.6809389103229828
391500893232447138,4824259625677886603,300471914551172981,0,1,dgekt,0.6971199568935743
391500893232447138,8450591260754163598,8573800373938698102,0,1,dgekt,0.6593481343619
391500893232447138,1553079256999111676,300471914551172981,0,1,dgekt,0.7051598252343682
391500893232447138,3220231712819306119,8573800373938698102,0,1,dgekt,0.6663377307931307
391500893232447138,338807275221326836,300471914551172981,1,1,dgekt,0.6931567516815462
391500893232447138,8525319303741530302,8573800373938698102,0,1,dgekt,0.6671974406774354
391500893232447138,6587421150596252277,300471914551172981,0,1,dgekt,0.7068330079823564
391500893232447138,5891620578387310353,300471914551172981,1,1,dgekt,0.6899930681792181
391500893232447138,5791250638486922978,300471914551172981,1,1,dgekt,0.7112895989413759
391500893232447138,4031585874086886353,8573800373938698102,0,1,dgekt,0.6821286404001843
391500893232447138,2083452711903133430,8573800373938698102,0,1,dgekt,0.7040694793071505
391500893232447138,6319743179241711738,8573800373938698102,0,1,dgekt,0.684013329755303
391500893232447138,8628686323660025649,300471914551172981,1,1,dgekt,0.7104280388949681
391500893232447138,4378721629787482518,300471914551172981,1,1,dgekt,0.7164268184634326
391500893232447138,4813462692425748605,300471914551172981,0,1,dgekt,0.6810963049341072
391500893232447138,4644364625800006675,300471914551172981,1,1,dgekt,0.6995652580608251
391500893232447138,1062464292871659639,8573800373938698102,1,1,dgekt,0.6847098351474088
391500893232447138,5932668873100475470,300471914551172981,1,1,dgekt,0.7209898081447911
391500893232447138,5237822943399727048,8573800373938698102,0,1,dgekt,0.6883182494130664
408067404290575866,300471914551172981,300471914551172981,0,1,dgekt,0.6801150097005656
408067404290575866,8573800373938698102,8573800373938698102,0,1,dgekt,0.6244597733501571
408067404290575866,2014268979504181100,300471914551172981,1,1,dgekt,0.6651356576839594
408067404290575866,2172169907340938753,300471914551172981,0,1,dgekt,0.6662837517059808
408067404290575866,8150806168444344502,300471914551172981,1,1,dgekt,0.688888455093555
408067404290575866,816286915455981984,8573800373938698102,1,1,dgekt,0.6770031508568203
408067404290575866,1962751598315765836,300471914551172981,1,1,dgekt,0.6935680775467012
408067404290575866,7444476343858270082,300471914551172981,1,1,dgekt,0.6975282883482606
408067404290575866,2537821716777940730,300471914551172981,1,1,dgekt,0.6983440149560636
408067404290575866,1061301253559417093,300471914551172981,1,1,dgekt,0.6794131064119566
408067404290575866,8553379303363759508,300471914551172981,1,1,dgekt,0.6716390417027954
408067404290575866,6440511557387709110,300471914551172981,1,1,dgekt,0.6964387123191638
408067404290575866,7744513373483970787,8573800373938698102,0,1,dgekt,0.6299633181672509
408067404290575866,2971078979906996375,300471914551172981,1,1,dgekt,0.6868115039427797
408067404290575866,5841359775533910823,300471914551172981,0,1,dgekt,0.657770971889856
408067404290575866,8621262567927479011,300471914551172981,1,1,dgekt,0.695483519589737
408067404290575866,8434961942249729798,8573800373938698102,0,1,dgekt,0.6631039917837108
408067404290575866,2322042198017538996,8573800373938698102,0,1,dgekt,0.6651897291590326
408067404290575866,1742185772413642127,300471914551172981,1,1,dgekt,0.7014593490023786
408067404290575866,2334639155148655290,8573800373938698102,1,1,dgekt,0.6714792308552008
408067404290575866,7660717256841499384,300471914551172981,1,1,dgekt,0.7153118836252634
408067404290575866,4113615466659810841,300471914551172981,1,1,dgekt,0.7005808025380067
408067404290575866,6125574002232610732,300471914551172981,1,1,dgekt,0.666212053383708
408067404290575866,2774368076249802464,8573800373938698102,1,1,dgekt,0.6589859279075847
408067404290575866,8903365289186067945,8573800373938698102,0,1,dgekt,0.6618783517672052
408067404290575866,6925932688889117475,300471914551172981,1,1,dgekt,0.7190397589541194
408067404290575866,8194071366621068887,8573800373938698102,0,1,dgekt,0.6396802644939785
408067404290575866,2986660907093963186,300471914551172981,1,1,dgekt,0.7244789070278044
408067404290575866,7591109345808921544,300471914551172981,1,1,dgekt,0.7009188802207593
408067404290575866,625545550176685521,8573800373938698102,0,1,dgekt,0.6732549828169474
408067404290575866,1761868641361943332,8573800373938698102,1,1,dgekt,0.6809389103229828
408067404290575866,4824259625677886603,300471914551172981,1,1,dgekt,0.6971199568935743
408067404290575866,8450591260754163598,8573800373938698102,0,1,dgekt,0.6593481343619
408067404290575866,1553079256999111676,300471914551172981,1,1,dgekt,0.7051598252343682
408067404290575866,3220231712819306119,8573800373938698102,0,1,dgekt,0.6663377307931307
408067404290575866,338807275221326836,300471914551172981,1,1,dgekt,0.6931567516815462
408067404290575866,8525319303741530302,8573800373938698102,0,1,dgekt,0.6671974406774354
408067404290575866,6587421150596252277,300471914551172981,1,1,dgekt,0.7068330079823564
408067404290575866,5891620578387310353,300471914551172981,1,1,dgekt,0.6899930681792181
408067404290575866,5791250638486922978,300471914551172981,1,1,dgekt,0.7112895989413759
408067404290575866,4031585874086886353,8573800373938698102,0,1,dgekt,0.6821286404001843
408067404290575866,2083452711903133430,8573800373938698102,0,1,dgekt,0.7040694793071505
408067404290575866,6319743179241711738,8573800373938698102,0,1,dgekt,0.684013329755303
408067404290575866,8628686323660025649,300471914551172981,1,1,dgekt,0.7104280388949681
408067404290575866,4378721629787482518,300471914551172981,1,1,dgekt,0.7164268184634326
408067404290575866,4813462692425748605,300471914551172981,1,1,dgekt,0.6810963049341072
408067404290575866,4644364625800006675,300471914551172981,1,1,dgekt,0.6995652580608251
408067404290575866,1062464292871659639,8573800373938698102,1,1,dgekt,0.6847098351474088
408067404290575866,5932668873100475470,300471914551172981,1,1,dgekt,0.7209898081447911
408067404290575866,5237822943399727048,8573800373938698102,0,1,dgekt,0.6883182494130664
467689940266541525,300471914551172981,300471914551172981,1,1,dgekt,0.6801150097005656
467689940266541525,8573800373938698102,8573800373938698102,1,1,dgekt,0.6244597733501571
467689940266541525,2014268979504181100,300471914551172981,1,1,dgekt,0.6651356576839594
467689940266541525,2172169907340938753,300471914551172981,1,1,dgekt,0.6662837517059808
467689940266541525,8150806168444344502,300471914551172981,1,1,dgekt,0.688888455093555
467689940266541525,816286915455981984,8573800373938698102,1,1,dgekt,0.6770031508568203
467689940266541525,1962751598315765836,300471914551172981,1,1,dgekt,0.6935680775467012
467689940266541525,7444476343858270082,300471914551172981,1,1,dgekt,0.6975282883482606
467689940266541525,2537821716777940730,300471914551172981,1,1,dgekt,0.6983440149560636
467689940266541525,1061301253559417093,300471914551172981,1,1,dgekt,0.6794131064119566
467689940266541525,8553379303363759508,300471914551172981,1,1,dgekt,0.6716390417027954
467689940266541525,6440511557387709110,300471914551172981,1,1,dgekt,0.6964387123191638
467689940266541525,7744513373483970787,8573800373938698102,1,1,dgekt,0.6299633181672509
467689940266541525,2971078979906996375,300471914551172981,1,1,dgekt,0.6868115039427797
467689940266541525,5841359775533910823,300471914551172981,1,1,dgekt,0.657770971889856
467689940266541525,8621262567927479011,300471914551172981,1,1,dgekt,0.695483519589737
467689940266541525,8434961942249729798,8573800373938698102,1,1,dgekt,0.6631039917837108
467689940266541525,2322042198017538996,8573800373938698102,1,1,dgekt,0.6651897291590326
467689940266541525,1742185772413642127,300471914551172981,1,1,dgekt,0.7014593490023786
467689940266541525,2334639155148655290,8573800373938698102,1,1,dgekt,0.6714792308552008
467689940266541525,7660717256841499384,300471914551172981,1,1,dgekt,0.7153118836252634
467689940266541525,4113615466659810841,300471914551172981,1,1,dgekt,0.7005808025380067
467689940266541525,6125574002232610732,300471914551172981,1,1,dgekt,0.666212053383708
467689940266541525,2774368076249802464,8573800373938698102,1,1,dgekt,0.6589859279075847
467689940266541525,8903365289186067945,8573800373938698102,1,1,dgekt,0.6618783517672052
467689940266541525,6925932688889117475,300471914551172981,1,1,dgekt,0.7190397589541194
467689940266541525,8194071366621068887,8573800373938698102,1,1,dgekt,0.6396802644939785
467689940266541525,2986660907093963186,300471914551172981,1,1,dgekt,0.7244789070278044
467689940266541525,7591109345808921544,300471914551172981,1,1,dgekt,0.7009188802207593
467689940266541525,625545550176685521,8573800373938698102,1,1,dgekt,0.6732549828169474
467689940266541525,1761868641361943332,8573800373938698102,1,1,dgekt,0.6809389103229828
467689940266541525,4824259625677886603,300471914551172981,1,1,dgekt,0.6971199568935743
467689940266541525,8450591260754163598,8573800373938698102,1,1,dgekt,0.6593481343619
467689940266541525,1553079256999111676,300471914551172981,1,1,dgekt,0.7051598252343682
467689940266541525,3220231712819306119,8573800373938698102,1,1,dgekt,0.6663377307931307
467689940266541525,338807275221326836,300471914551172981,1,1,dgekt,0.6931567516815462
467689940266541525,8525319303741530302,8573800373938698102,1,1,dgekt,0.6671974406774354
467689940266541525,6587421150596252277,300471914551172981,1,1,dgekt,0.7068330079823564
467689940266541525,5891620578387310353,300471914551172981,1,1,dgekt,0.6899930681792181
467689940266541525,5791250638486922978,300471914551172981,1,1,dgekt,0.7112895989413759
467689940266541525,4031585874086886353,8573800373938698102,1,1,dgekt,0.6821286404001843
467689940266541525,2083452711903133430,8573800373938698102,1,1,dgekt,0.7040694793071505
467689940266541525,6319743179241711738,8573800373938698102,1,1,dgekt,0.684013329755303
467689940266541525,8628686323660025649,300471914551172981,1,1,dgekt,0.7104280388949681
467689940266541525,4378721629787482518,300471914551172981,1,1,dgekt,0.7164268184634326
467689940266541525,4813462692425748605,300471914551172981,1,1,dgekt,0.6810963049341072
467689940266541525,4644364625800006675,300471914551172981,1,1,dgekt,0.6995652580608251
467689940266541525,1062464292871659639,8573800373938698102,1,1,dgekt,0.6847098351474088
467689940266541525,5932668873100475470,300471914551172981,1,1,dgekt,0.7209898081447911
467689940266541525,5237822943399727048,8573800373938698102,1,1,dgekt,0.6883182494130664
473886315334742569,300471914551172981,300471914551172981,0,1,dgekt,0.6801150097005656
473886315334742569,8573800373938698102,8573800373938698102,0,1,dgekt,0.6244597733501571
473886315334742569,2014268979504181100,300471914551172981,0,1,dgekt,0.6651356576839594
473886315334742569,2172169907340938753,300471914551172981,0,1,dgekt,0.6662837517059808
473886315334742569,8150806168444344502,300471914551172981,1,1,dgekt,0.688888455093555
473886315334742569,816286915455981984,8573800373938698102,1,1,dgekt,0.6770031508568203
473886315334742569,1962751598315765836,300471914551172981,0,1,dgekt,0.6935680775467012
473886315334742569,7444476343858270082,300471914551172981,1,1,dgekt,0.6975282883482606
473886315334742569,2537821716777940730,300471914551172981,1,1,dgekt,0.6983440149560636
473886315334742569,1061301253559417093,300471914551172981,1,1,dgekt,0.6794131064119566
473886315334742569,8553379303363759508,300471914551172981,0,1,dgekt,0.6716390417027954
473886315334742569,6440511557387709110,300471914551172981,0,1,dgekt,0.6964387123191638
473886315334742569,7744513373483970787,8573800373938698102,0,1,dgekt,0.6299633181672509
473886315334742569,2971078979906996375,300471914551172981,1,1,dgekt,0.6868115039427797
473886315334742569,5841359775533910823,300471914551172981,0,1,dgekt,0.657770971889856
473886315334742569,8621262567927479011,300471914551172981,0,1,dgekt,0.695483519589737
473886315334742569,8434961942249729798,8573800373938698102,1,1,dgekt,0.6631039917837108
473886315334742569,2322042198017538996,8573800373938698102,1,1,dgekt,0.6651897291590326
473886315334742569,1742185772413642127,300471914551172981,1,1,dgekt,0.7014593490023786
473886315334742569,2334639155148655290,8573800373938698102,1,1,dgekt,0.6714792308552008
473886315334742569,7660717256841499384,300471914551172981,1,1,dgekt,0.7153118836252634
473886315334742569,4113615466659810841,300471914551172981,1,1,dgekt,0.7005808025380067
473886315334742569,6125574002232610732,300471914551172981,1,1,dgekt,0.666212053383708
473886315334742569,2774368076249802464,8573800373938698102,1,1,dgekt,0.6589859279075847
473886315334742569,8903365289186067945,8573800373938698102,1,1,dgekt,0.6618783517672052
473886315334742569,6925932688889117475,300471914551172981,1,1,dgekt,0.7190397589541194
473886315334742569,8194071366621068887,8573800373938698102,1,1,dgekt,0.6396802644939785
473886315334742569,2986660907093963186,300471914551172981,1,1,dgekt,0.7244789070278044
473886315334742569,7591109345808921544,300471914551172981,0,1,dgekt,0.7009188802207593
473886315334742569,625545550176685521,8573800373938698102,1,1,dgekt,0.6732549828169474
473886315334742569,1761868641361943332,8573800373938698102,1,1,dgekt,0.6809389103229828
473886315334742569,4824259625677886603,300471914551172981,1,1,dgekt,0.6971199568935743
473886315334742569,8450591260754163598,8573800373938698102,1,1,dgekt,0.6593481343619
473886315334742569,1553079256999111676,300471914551172981,1,1,dgekt,0.7051598252343682
473886315334742569,3220231712819306119,8573800373938698102,1,1,dgekt,0.6663377307931307
473886315334742569,338807275221326836,300471914551172981,1,1,dgekt,0.6931567516815462
473886315334742569,8525319303741530302,8573800373938698102,1,1,dgekt,0.6671974406774354
473886315334742569,6587421150596252277,300471914551172981,0,1,dgekt,0.7068330079823564
473886315334742569,5891620578387310353,300471914551172981,1,1,dgekt,0.6899930681792181
473886315334742569,5791250638486922978,300471914551172981,1,1,dgekt,0.7112895989413759
473886315334742569,4031585874086886353,8573800373938698102,1,1,dgekt,0.6821286404001843
473886315334742569,2083452711903133430,8573800373938698102,1,1,dgekt,0.7040694793071505
473886315334742569,6319743179241711738,8573800373938698102,1,1,dgekt,0.684013329755303
473886315334742569,8628686323660025649,300471914551172981,1,1,dgekt,0.7104280388949681
473886315334742569,4378721629787482518,300471914551172981,1,1,dgekt,0.7164268184634326
473886315334742569,4813462692425748605,300471914551172981,0,1,dgekt,0.6810963049341072
473886315334742569,4644364625800006675,300471914551172981,0,1,dgekt,0.6995652580608251
473886315334742569,1062464292871659639,8573800373938698102,1,1,dgekt,0.6847098351474088
473886315334742569,5932668873100475470,300471914551172981,1,1,dgekt,0.7209898081447911
473886315334742569,5237822943399727048,8573800373938698102,1,1,dgekt,0.6883182494130664
474633159280968256,300471914551172981,300471914551172981,0,1,dgekt,0.6801150097005656
474633159280968256,8573800373938698102,8573800373938698102,0,1,dgekt,0.6244597733501571
474633159280968256,2014268979504181100,300471914551172981,0,1,dgekt,0.6651356576839594
474633159280968256,2172169907340938753,300471914551172981,0,1,dgekt,0.6662837517059808
474633159280968256,8150806168444344502,300471914551172981,0,1,dgekt,0.688888455093555
474633159280968256,816286915455981984,8573800373938698102,0,1,dgekt,0.6770031508568203
474633159280968256,1962751598315765836,300471914551172981,0,1,dgekt,0.6935680775467012
474633159280968256,7444476343858270082,300471914551172981,1,1,dgekt,0.6975282883482606
474633159280968256,2537821716777940730,300471914551172981,1,1,dgekt,0.6983440149560636
474633159280968256,1061301253559417093,300471914551172981,0,1,dgekt,0.6794131064119566
474633159280968256,8553379303363759508,300471914551172981,0,1,dgekt,0.6716390417027954
474633159280968256,6440511557387709110,300471914551172981,0,1,dgekt,0.6964387123191638
474633159280968256,7744513373483970787,8573800373938698102,0,1,dgekt,0.6299633181672509
474633159280968256,2971078979906996375,300471914551172981,0,1,dgekt,0.6868115039427797
474633159280968256,5841359775533910823,300471914551172981,0,1,dgekt,0.657770971889856
474633159280968256,8621262567927479011,300471914551172981,1,1,dgekt,0.695483519589737
474633159280968256,8434961942249729798,8573800373938698102,0,1,dgekt,0.6631039917837108
474633159280968256,2322042198017538996,8573800373938698102,0,1,dgekt,0.6651897291590326
474633159280968256,1742185772413642127,300471914551172981,1,1,dgekt,0.7014593490023786
474633159280968256,2334639155148655290,8573800373938698102,0,1,dgekt,0.6714792308552008
474633159280968256,7660717256841499384,300471914551172981,0,1,dgekt,0.7153118836252634
474633159280968256,4113615466659810841,300471914551172981,1,1,dgekt,0.7005808025380067
474633159280968256,6125574002232610732,300471914551172981,0,1,dgekt,0.666212053383708
474633159280968256,2774368076249802464,8573800373938698102,0,1,dgekt,0.6589859279075847
474633159280968256,8903365289186067945,8573800373938698102,1,1,dgekt,0.6618783517672052
474633159280968256,6925932688889117475,300471914551172981,1,1,dgekt,0.7190397589541194
474633159280968256,8194071366621068887,8573800373938698102,0,1,dgekt,0.6396802644939785
474633159280968256,2986660907093963186,300471914551172981,0,1,dgekt,0.7244789070278044
474633159280968256,7591109345808921544,300471914551172981,0,1,dgekt,0.7009188802207593
474633159280968256,625545550176685521,8573800373938698102,1,1,dgekt,0.6732549828169474
474633159280968256,1761868641361943332,8573800373938698102,0,1,dgekt,0.6809389103229828
474633159280968256,4824259625677886603,300471914551172981,1,1,dgekt,0.6971199568935743
474633159280968256,8450591260754163598,8573800373938698102,0,1,dgekt,0.6593481343619
474633159280968256,1553079256999111676,300471914551172981,0,1,dgekt,0.7051598252343682
474633159280968256,3220231712819306119,8573800373938698102,0,1,dgekt,0.6663377307931307
474633159280968256,338807275221326836,300471914551172981,0,1,dgekt,0.6931567516815462
474633159280968256,8525319303741530302,8573800373938698102,1,1,dgekt,0.6671974406774354
474633159280968256,6587421150596252277,300471914551172981,1,1,dgekt,0.7068330079823564
474633159280968256,5891620578387310353,300471914551172981,1,1,dgekt,0.6899930681792181
474633159280968256,5791250638486922978,300471914551172981,1,1,dgekt,0.7112895989413759
474633159280968256,4031585874086886353,8573800373938698102,0,1,dgekt,0.6821286404001843
474633159280968256,2083452711903133430,8573800373938698102,1,1,dgekt,0.7040694793071505
474633159280968256,6319743179241711738,8573800373938698102,1,1,dgekt,0.684013329755303
474633159280968256,8628686323660025649,300471914551172981,0,1,dgekt,0.7104280388949681
474633159280968256,4378721629787482518,300471914551172981,1,1,dgekt,0.7164268184634326
474633159280968256,4813462692425748605,300471914551172981,0,1,dgekt,0.6810963049341072
474633159280968256,4644364625800006675,300471914551172981,1,1,dgekt,0.6995652580608251
474633159280968256,1062464292871659639,8573800373938698102,1,1,dgekt,0.6847098351474088
474633159280968256,5932668873100475470,300471914551172981,0,1,dgekt,0.7209898081447911
474633159280968256,5237822943399727048,8573800373938698102,1,1,dgekt,0.6883182494130664
494021745820447907,300471914551172981,300471914551172981,0,1,dgekt,0.6801150097005656
494021745820447907,8573800373938698102,8573800373938698102,0,1,dgekt,0.6244597733501571
494021745820447907,2014268979504181100,300471914551172981,0,1,dgekt,0.6651356576839594
494021745820447907,2172169907340938753,300471914551172981,0,1,dgekt,0.6662837517059808
494021745820447907,8150806168444344502,300471914551172981,0,1,dgekt,0.688888455093555
494021745820447907,816286915455981984,8573800373938698102,1,1,dgekt,0.6770031508568203
494021745820447907,1962751598315765836,300471914551172981,1,1,dgekt,0.6935680775467012
494021745820447907,7444476343858270082,300471914551172981,1,1,dgekt,0.6975282883482606
494021745820447907,2537821716777940730,300471914551172981,0,1,dgekt,0.6983440149560636
494021745820447907,1061301253559417093,300471914551172981,1,1,dgekt,0.6794131064119566
494021745820447907,8553379303363759508,300471914551172981,0,1,dgekt,0.6716390417027954
494021745820447907,6440511557387709110,300471914551172981,0,1,dgekt,0.6964387123191638
494021745820447907,7744513373483970787,8573800373938698102,0,1,dgekt,0.6299633181672509
494021745820447907,2971078979906996375,300471914551172981,0,1,dgekt,0.6868115039427797
494021745820447907,5841359775533910823,300471914551172981,0,1,dgekt,0.657770971889856
494021745820447907,8621262567927479011,300471914551172981,0,1,dgekt,0.695483519589737
494021745820447907,8434961942249729798,8573800373938698102,1,1,dgekt,0.6631039917837108
494021745820447907,2322042198017538996,8573800373938698102,1,1,dgekt,0.6651897291590326
494021745820447907,1742185772413642127,300471914551172981,0,1,dgekt,0.7014593490023786
494021745820447907,2334639155148655290,8573800373938698102,1,1,dgekt,0.6714792308552008
494021745820447907,7660717256841499384,300471914551172981,0,1,dgekt,0.7153118836252634
494021745820447907,4113615466659810841,300471914551172981,0,1,dgekt,0.7005808025380067
494021745820447907,6125574002232610732,300471914551172981,1,1,dgekt,0.666212053383708
494021745820447907,2774368076249802464,8573800373938698102,1,1,dgekt,0.6589859279075847
494021745820447907,8903365289186067945,8573800373938698102,1,1,dgekt,0.6618783517672052
494021745820447907,6925932688889117475,300471914551172981,0,1,dgekt,0.7190397589541194
494021745820447907,8194071366621068887,8573800373938698102,0,1,dgekt,0.6396802644939785
494021745820447907,2986660907093963186,300471914551172981,0,1,dgekt,0.7244789070278044
494021745820447907,7591109345808921544,300471914551172981,0,1,dgekt,0.7009188802207593
494021745820447907,625545550176685521,8573800373938698102,1,1,dgekt,0.6732549828169474
494021745820447907,1761868641361943332,8573800373938698102,1,1,dgekt,0.6809389103229828
494021745820447907,4824259625677886603,300471914551172981,0,1,dgekt,0.6971199568935743
494021745820447907,8450591260754163598,8573800373938698102,1,1,dgekt,0.6593481343619
494021745820447907,1553079256999111676,300471914551172981,0,1,dgekt,0.7051598252343682
494021745820447907,3220231712819306119,8573800373938698102,1,1,dgekt,0.6663377307931307
494021745820447907,338807275221326836,300471914551172981,0,1,dgekt,0.6931567516815462
494021745820447907,8525319303741530302,8573800373938698102,0,1,dgekt,0.6671974406774354
494021745820447907,6587421150596252277,300471914551172981,0,1,dgekt,0.7068330079823564
494021745820447907,5891620578387310353,300471914551172981,0,1,dgekt,0.6899930681792181
494021745820447907,5791250638486922978,300471914551172981,0,1,dgekt,0.7112895989413759
494021745820447907,4031585874086886353,8573800373938698102,1,1,dgekt,0.6821286404001843
494021745820447907,2083452711903133430,8573800373938698102,0,1,dgekt,0.7040694793071505
494021745820447907,6319743179241711738,8573800373938698102,1,1,dgekt,0.684013329755303
494021745820447907,8628686323660025649,300471914551172981,0,1,dgekt,0.7104280388949681
494021745820447907,4378721629787482518,300471914551172981,0,1,dgekt,0.7164268184634326
494021745820447907,4813462692425748605,300471914551172981,0,1,dgekt,0.6810963049341072
494021745820447907,4644364625800006675,300471914551172981,1,1,dgekt,0.6995652580608251
494021745820447907,1062464292871659639,8573800373938698102,1,1,dgekt,0.6847098351474088
494021745820447907,5932668873100475470,300471914551172981,0,1,dgekt,0.7209898081447911
494021745820447907,5237822943399727048,8573800373938698102,1,1,dgekt,0.6883182494130664
513429567782826768,300471914551172981,300471914551172981,1,1,dgekt,0.6801150097005656
513429567782826768,8573800373938698102,8573800373938698102,1,1,dgekt,0.6244597733501571
513429567782826768,2014268979504181100,300471914551172981,0,1,dgekt,0.6651356576839594
513429567782826768,2172169907340938753,300471914551172981,0,1,dgekt,0.6662837517059808
513429567782826768,8150806168444344502,300471914551172981,1,1,dgekt,0.688888455093555
513429567782826768,816286915455981984,8573800373938698102,1,1,dgekt,0.6770031508568203
513429567782826768,1962751598315765836,300471914551172981,0,1,dgekt,0.6935680775467012
513429567782826768,7444476343858270082,300471914551172981,0,1,dgekt,0.6975282883482606
513429567782826768,2537821716777940730,300471914551172981,0,1,dgekt,0.6983440149560636
513429567782826768,1061301253559417093,300471914551172981,1,1,dgekt,0.6794131064119566
513429567782826768,8553379303363759508,300471914551172981,1,1,dgekt,0.6716390417027954
513429567782826768,6440511557387709110,300471914551172981,0,1,dgekt,0.6964387123191638
513429567782826768,7744513373483970787,8573800373938698102,1,1,dgekt,0.6299633181672509
513429567782826768,2971078979906996375,300471914551172981,0,1,dgekt,0.6868115039427797
513429567782826768,5841359775533910823,300471914551172981,0,1,dgekt,0.657770971889856
513429567782826768,8621262567927479011,300471914551172981,0,1,dgekt,0.695483519589737
513429567782826768,8434961942249729798,8573800373938698102,1,1,dgekt,0.6631039917837108
513429567782826768,2322042198017538996,8573800373938698102,1,1,dgekt,0.6651897291590326
513429567782826768,1742185772413642127,300471914551172981,1,1,dgekt,0.7014593490023786
513429567782826768,2334639155148655290,8573800373938698102,1,1,dgekt,0.6714792308552008
513429567782826768,7660717256841499384,300471914551172981,0,1,dgekt,0.7153118836252634
513429567782826768,4113615466659810841,300471914551172981,0,1,dgekt,0.7005808025380067
513429567782826768,6125574002232610732,300471914551172981,0,1,dgekt,0.666212053383708
513429567782826768,2774368076249802464,8573800373938698102,1,1,dgekt,0.6589859279075847
513429567782826768,8903365289186067945,8573800373938698102,1,1,dgekt,0.6618783517672052
513429567782826768,6925932688889117475,300471914551172981,0,1,dgekt,0.7190397589541194
513429567782826768,8194071366621068887,8573800373938698102,1,1,dgekt,0.6396802644939785
513429567782826768,2986660907093963186,300471914551172981,0,1,dgekt,0.7244789070278044
513429567782826768,7591109345808921544,300471914551172981,0,1,dgekt,0.7009188802207593
513429567782826768,625545550176685521,8573800373938698102,1,1,dgekt,0.6732549828169474
513429567782826768,1761868641361943332,8573800373938698102,1,1,dgekt,0.6809389103229828
513429567782826768,4824259625677886603,300471914551172981,0,1,dgekt,0.6971199568935743
513429567782826768,8450591260754163598,8573800373938698102,1,1,dgekt,0.6593481343619
513429567782826768,1553079256999111676,300471914551172981,0,1,dgekt,0.7051598252343682
513429567782826768,3220231712819306119,8573800373938698102,1,1,dgekt,0.6663377307931307
513429567782826768,338807275221326836,300471914551172981,0,1,dgekt,0.6931567516815462
513429567782826768,8525319303741530302,8573800373938698102,1,1,dgekt,0.6671974406774354
513429567782826768,6587421150596252277,300471914551172981,0,1,dgekt,0.7068330079823564
513429567782826768,5891620578387310353,300471914551172981,0,1,dgekt,0.6899930681792181
513429567782826768,5791250638486922978,300471914551172981,0,1,dgekt,0.7112895989413759
513429567782826768,4031585874086886353,8573800373938698102,1,1,dgekt,0.6821286404001843
513429567782826768,2083452711903133430,8573800373938698102,1,1,dgekt,0.7040694793071505
513429567782826768,6319743179241711738,8573800373938698102,1,1,dgekt,0.684013329755303
513429567782826768,8628686323660025649,300471914551172981,0,1,dgekt,0.7104280388949681
513429567782826768,4378721629787482518,300471914551172981,0,1,dgekt,0.7164268184634326
513429567782826768,4813462692425748605,300471914551172981,0,1,dgekt,0.6810963049341072
513429567782826768,4644364625800006675,300471914551172981,0,1,dgekt,0.6995652580608251
513429567782826768,1062464292871659639,8573800373938698102,1,1,dgekt,0.6847098351474088
513429567782826768,5932668873100475470,300471914551172981,0,1,dgekt,0.7209898081447911
513429567782826768,5237822943399727048,8573800373938698102,1,1,dgekt,0.6883182494130664
540704142965175174,300471914551172981,300471914551172981,1,1,dgekt,0.6801150097005656
540704142965175174,8573800373938698102,8573800373938698102,0,1,dgekt,0.6244597733501571
540704142965175174,2014268979504181100,300471914551172981,1,1,dgekt,0.6651356576839594
540704142965175174,2172169907340938753,300471914551172981,1,1,dgekt,0.6662837517059808
540704142965175174,8150806168444344502,300471914551172981,1,1,dgekt,0.688888455093555
540704142965175174,816286915455981984,8573800373938698102,1,1,dgekt,0.6770031508568203
540704142965175174,1962751598315765836,300471914551172981,1,1,dgekt,0.6935680775467012
540704142965175174,7444476343858270082,300471914551172981,1,1,dgekt,0.6975282883482606
540704142965175174,2537821716777940730,300471914551172981,1,1,dgekt,0.6983440149560636
540704142965175174,1061301253559417093,300471914551172981,0,1,dgekt,0.6794131064119566
540704142965175174,8553379303363759508,300471914551172981,0,1,dgekt,0.6716390417027954
540704142965175174,6440511557387709110,300471914551172981,1,1,dgekt,0.6964387123191638
540704142965175174,7744513373483970787,8573800373938698102,0,1,dgekt,0.6299633181672509
540704142965175174,2971078979906996375,300471914551172981,1,1,dgekt,0.6868115039427797
540704142965175174,5841359775533910823,300471914551172981,1,1,dgekt,0.657770971889856
540704142965175174,8621262567927479011,300471914551172981,1,1,dgekt,0.695483519589737
540704142965175174,8434961942249729798,8573800373938698102,1,1,dgekt,0.6631039917837108
540704142965175174,2322042198017538996,8573800373938698102,0,1,dgekt,0.6651897291590326
540704142965175174,1742185772413642127,300471914551172981,1,1,dgekt,0.7014593490023786
540704142965175174,2334639155148655290,8573800373938698102,1,1,dgekt,0.6714792308552008
540704142965175174,7660717256841499384,300471914551172981,1,1,dgekt,0.7153118836252634
540704142965175174,4113615466659810841,300471914551172981,1,1,dgekt,0.7005808025380067
540704142965175174,6125574002232610732,300471914551172981,0,1,dgekt,0.666212053383708
540704142965175174,2774368076249802464,8573800373938698102,1,1,dgekt,0.6589859279075847
540704142965175174,8903365289186067945,8573800373938698102,1,1,dgekt,0.6618783517672052
540704142965175174,6925932688889117475,300471914551172981,1,1,dgekt,0.7190397589541194
540704142965175174,8194071366621068887,8573800373938698102,1,1,dgekt,0.6396802644939785
540704142965175174,2986660907093963186,300471914551172981,1,1,dgekt,0.7244789070278044
540704142965175174,7591109345808921544,300471914551172981,1,1,dgekt,0.7009188802207593
540704142965175174,625545550176685521,8573800373938698102,1,1,dgekt,0.6732549828169474
540704142965175174,1761868641361943332,8573800373938698102,1,1,dgekt,0.6809389103229828
540704142965175174,4824259625677886603,300471914551172981,1,1,dgekt,0.6971199568935743
540704142965175174,8450591260754163598,8573800373938698102,0,1,dgekt,0.6593481343619
540704142965175174,1553079256999111676,300471914551172981,1,1,dgekt,0.7051598252343682
540704142965175174,3220231712819306119,8573800373938698102,0,1,dgekt,0.6663377307931307
540704142965175174,338807275221326836,300471914551172981,1,1,dgekt,0.6931567516815462
540704142965175174,8525319303741530302,8573800373938698102,1,1,dgekt,0.6671974406774354
540704142965175174,6587421150596252277,300471914551172981,1,1,dgekt,0.7068330079823564
540704142965175174,5891620578387310353,300471914551172981,1,1,dgekt,0.6899930681792181
540704142965175174,5791250638486922978,300471914551172981,1,1,dgekt,0.7112895989413759
540704142965175174,4031585874086886353,8573800373938698102,1,1,dgekt,0.6821286404001843
540704142965175174,2083452711903133430,8573800373938698102,1,1,dgekt,0.7040694793071505
540704142965175174,6319743179241711738,8573800373938698102,1,1,dgekt,0.684013329755303
540704142965175174,8628686323660025649,300471914551172981,1,1,dgekt,0.7104280388949681
540704142965175174,4378721629787482518,300471914551172981,1,1,dgekt,0.7164268184634326
540704142965175174,4813462692425748605,300471914551172981,1,1,dgekt,0.6810963049341072
540704142965175174,4644364625800006675,300471914551172981,0,1,dgekt,0.6995652580608251
540704142965175174,1062464292871659639,8573800373938698102,1,1,dgekt,0.6847098351474088
540704142965175174,5932668873100475470,300471914551172981,1,1,dgekt,0.7209898081447911
540704142965175174,5237822943399727048,8573800373938698102,1,1,dgekt,0.6883182494130664
545945498259535928,300471914551172981,300471914551172981,1,1,dgekt,0.6801150097005656
545945498259535928,8573800373938698102,8573800373938698102,1,1,dgekt,0.6244597733501571
545945498259535928,2014268979504181100,300471914551172981,1,1,dgekt,0.6651356576839594
545945498259535928,2172169907340938753,300471914551172981,1,1,dgekt,0.6662837517059808
545945498259535928,8150806168444344502,300471914551172981,1,1,dgekt,0.688888455093555
545945498259535928,816286915455981984,8573800373938698102,1,1,dgekt,0.6770031508568203
545945498259535928,1962751598315765836,300471914551172981,1,1,dgekt,0.6935680775467012
545945498259535928,7444476343858270082,300471914551172981,1,1,dgekt,0.6975282883482606
545945498259535928,2537821716777940730,300471914551172981,1,1,dgekt,0.6983440149560636
545945498259535928,1061301253559417093,300471914551172981,1,1,dgekt,0.6794131064119566
545945498259535928,8553379303363759508,300471914551172981,0,1,dgekt,0.6716390417027954
545945498259535928,6440511557387709110,300471914551172981,1,1,dgekt,0.6964387123191638
545945498259535928,7744513373483970787,8573800373938698102,1,1,dgekt,0.6299633181672509
545945498259535928,2971078979906996375,300471914551172981,1,1,dgekt,0.6868115039427797
545945498259535928,5841359775533910823,300471914551172981,1,1,dgekt,0.657770971889856
545945498259535928,8621262567927479011,300471914551172981,0,1,dgekt,0.695483519589737
545945498259535928,8434961942249729798,8573800373938698102,1,1,dgekt,0.6631039917837108
545945498259535928,2322042198017538996,8573800373938698102,1,1,dgekt,0.6651897291590326
545945498259535928,1742185772413642127,300471914551172981,1,1,dgekt,0.7014593490023786
545945498259535928,2334639155148655290,8573800373938698102,1,1,dgekt,0.6714792308552008
545945498259535928,7660717256841499384,300471914551172981,1,1,dgekt,0.7153118836252634
545945498259535928,4113615466659810841,300471914551172981,1,1,dgekt,0.7005808025380067
545945498259535928,6125574002232610732,300471914551172981,1,1,dgekt,0.666212053383708
545945498259535928,2774368076249802464,8573800373938698102,1,1,dgekt,0.6589859279075847
545945498259535928,8903365289186067945,8573800373938698102,1,1,dgekt,0.6618783517672052
545945498259535928,6925932688889117475,300471914551172981,1,1,dgekt,0.7190397589541194
545945498259535928,8194071366621068887,8573800373938698102,1,1,dgekt,0.6396802644939785
545945498259535928,2986660907093963186,300471914551172981,1,1,dgekt,0.7244789070278044
545945498259535928,7591109345808921544,300471914551172981,1,1,dgekt,0.7009188802207593
545945498259535928,625545550176685521,8573800373938698102,1,1,dgekt,0.6732549828169474
545945498259535928,1761868641361943332,8573800373938698102,1,1,dgekt,0.6809389103229828
545945498259535928,4824259625677886603,300471914551172981,0,1,dgekt,0.6971199568935743
545945498259535928,8450591260754163598,8573800373938698102,1,1,dgekt,0.6593481343619
545945498259535928,1553079256999111676,300471914551172981,1,1,dgekt,0.7051598252343682
545945498259535928,3220231712819306119,8573800373938698102,1,1,dgekt,0.6663377307931307
545945498259535928,338807275221326836,300471914551172981,1,1,dgekt,0.6931567516815462
545945498259535928,8525319303741530302,8573800373938698102,1,1,dgekt,0.6671974406774354
545945498259535928,6587421150596252277,300471914551172981,1,1,dgekt,0.7068330079823564
545945498259535928,5891620578387310353,300471914551172981,1,1,dgekt,0.6899930681792181
545945498259535928,5791250638486922978,300471914551172981,1,1,dgekt,0.7112895989413759
545945498259535928,4031585874086886353,8573800373938698102,1,1,dgekt,0.6821286404001843
545945498259535928,2083452711903133430,8573800373938698102,1,1,dgekt,0.7040694793071505
545945498259535928,6319743179241711738,8573800373938698102,1,1,dgekt,0.684013329755303
545945498259535928,8628686323660025649,300471914551172981,1,1,dgekt,0.7104280388949681
545945498259535928,4378721629787482518,300471914551172981,1,1,dgekt,0.7164268184634326
545945498259535928,4813462692425748605,300471914551172981,1,1,dgekt,0.6810963049341072
545945498259535928,4644364625800006675,300471914551172981,1,1,dgekt,0.6995652580608251
545945498259535928,1062464292871659639,8573800373938698102,1,1,dgekt,0.6847098351474088
545945498259535928,5932668873100475470,300471914551172981,1,1,dgekt,0.7209898081447911
545945498259535928,5237822943399727048,8573800373938698102,1,1,dgekt,0.6883182494130664
555625984027262014,300471914551172981,300471914551172981,0,1,dgekt,0.6801150097005656
555625984027262014,8573800373938698102,8573800373938698102,1,1,dgekt,0.6244597733501571
555625984027262014,2014268979504181100,300471914551172981,0,1,dgekt,0.6651356576839594
555625984027262014,2172169907340938753,300471914551172981,0,1,dgekt,0.6662837517059808
555625984027262014,8150806168444344502,300471914551172981,0,1,dgekt,0.688888455093555
555625984027262014,816286915455981984,8573800373938698102,1,1,dgekt,0.6770031508568203
555625984027262014,1962751598315765836,300471914551172981,0,1,dgekt,0.6935680775467012
555625984027262014,7444476343858270082,300471914551172981,1,1,dgekt,0.6975282883482606
555625984027262014,2537821716777940730,300471914551172981,1,1,dgekt,0.6983440149560636
555625984027262014,1061301253559417093,300471914551172981,1,1,dgekt,0.6794131064119566
555625984027262014,8553379303363759508,300471914551172981,0,1,dgekt,0.6716390417027954
555625984027262014,6440511557387709110,300471914551172981,0,1,dgekt,0.6964387123191638
555625984027262014,7744513373483970787,8573800373938698102,0,1,dgekt,0.6299633181672509
555625984027262014,2971078979906996375,300471914551172981,1,1,dgekt,0.6868115039427797
555625984027262014,5841359775533910823,300471914551172981,0,1,dgekt,0.657770971889856
555625984027262014,8621262567927479011,300471914551172981,0,1,dgekt,0.695483519589737
555625984027262014,8434961942249729798,8573800373938698102,0,1,dgekt,0.6631039917837108
555625984027262014,2322042198017538996,8573800373938698102,1,1,dgekt,0.6651897291590326
555625984027262014,1742185772413642127,300471914551172981,0,1,dgekt,0.7014593490023786
555625984027262014,2334639155148655290,8573800373938698102,1,1,dgekt,0.6714792308552008
555625984027262014,7660717256841499384,300471914551172981,1,1,dgekt,0.7153118836252634
555625984027262014,4113615466659810841,300471914551172981,0,1,dgekt,0.7005808025380067
555625984027262014,6125574002232610732,300471914551172981,1,1,dgekt,0.666212053383708
555625984027262014,2774368076249802464,8573800373938698102,0,1,dgekt,0.6589859279075847
555625984027262014,8903365289186067945,8573800373938698102,1,1,dgekt,0.6618783517672052
555625984027262014,6925932688889117475,300471914551172981,1,1,dgekt,0.7190397589541194
555625984027262014,8194071366621068887,8573800373938698102,1,1,dgekt,0.6396802644939785
555625984027262014,2986660907093963186,300471914551172981,1,1,dgekt,0.7244789070278044
555625984027262014,7591109345808921544,300471914551172981,0,1,dgekt,0.7009188802207593
555625984027262014,625545550176685521,8573800373938698102,1,1,dgekt,0.6732549828169474
555625984027262014,1761868641361943332,8573800373938698102,1,1,dgekt,0.6809389103229828
555625984027262014,4824259625677886603,300471914551172981,0,1,dgekt,0.6971199568935743
555625984027262014,8450591260754163598,8573800373938698102,1,1,dgekt,0.6593481343619
555625984027262014,1553079256999111676,300471914551172981,0,1,dgekt,0.7051598252343682
555625984027262014,3220231712819306119,8573800373938698102,1,1,dgekt,0.6663377307931307
555625984027262014,338807275221326836,300471914551172981,1,1,dgekt,0.6931567516815462
555625984027262014,8525319303741530302,8573800373938698102,1,1,dgekt,0.6671974406774354
555625984027262014,6587421150596252277,300471914551172981,1,1,dgekt,0.7068330079823564
555625984027262014,5891620578387310353,300471914551172981,0,1,dgekt,0.6899930681792181
555625984027262014,5791250638486922978,300471914551172981,0,1,dgekt,0.7112895989413759
555625984027262014,4031585874086886353,8573800373938698102,1,1,dgekt,0.6821286404001843
555625984027262014,2083452711903133430,8573800373938698102,1,1,dgekt,0.7040694793071505
555625984027262014,6319743179241711738,8573800373938698102,1,1,dgekt,0.684013329755303
555625984027262014,8628686323660025649,300471914551172981,1,1,dgekt,0.7104280388949681
555625984027262014,4378721629787482518,300471914551172981,1,1,dgekt,0.7164268184634326
555625984027262014,4813462692425748605,300471914551172981,1,1,dgekt,0.6810963049341072
555625984027262014,4644364625800006675,300471914551172981,0,1,dgekt,0.6995652580608251
555625984027262014,1062464292871659639,8573800373938698102,1,1,dgekt,0.6847098351474088
555625984027262014,5932668873100475470,300471914551172981,1,1,dgekt,0.7209898081447911
555625984027262014,5237822943399727048,8573800373938698102,1,1,dgekt,0.6883182494130664
556718787073374141,300471914551172981,300471914551172981,1,1,dgekt,0.6801150097005656
556718787073374141,8573800373938698102,8573800373938698102,0,1,dgekt,0.6244597733501571
556718787073374141,2014268979504181100,300471914551172981,1,1,dgekt,0.6651356576839594
556718787073374141,2172169907340938753,300471914551172981,1,1,dgekt,0.6662837517059808
556718787073374141,8150806168444344502,300471914551172981,1,1,dgekt,0.688888455093555
556718787073374141,816286915455981984,8573800373938698102,0,1,dgekt,0.6770031508568203
556718787073374141,1962751598315765836,300471914551172981,1,1,dgekt,0.6935680775467012
556718787073374141,7444476343858270082,300471914551172981,1,1,dgekt,0.6975282883482606
556718787073374141,2537821716777940730,300471914551172981,1,1,dgekt,0.6983440149560636
556718787073374141,1061301253559417093,300471914551172981,1,1,dgekt,0.6794131064119566
556718787073374141,8553379303363759508,300471914551172981,1,1,dgekt,0.6716390417027954
556718787073374141,6440511557387709110,300471914551172981,1,1,dgekt,0.6964387123191638
556718787073374141,7744513373483970787,8573800373938698102,0,1,dgekt,0.6299633181672509
556718787073374141,2971078979906996375,300471914551172981,1,1,dgekt,0.6868115039427797
556718787073374141,5841359775533910823,300471914551172981,1,1,dgekt,0.657770971889856
556718787073374141,8621262567927479011,300471914551172981,1,1,dgekt,0.695483519589737
556718787073374141,8434961942249729798,8573800373938698102,0,1,dgekt,0.6631039917837108
556718787073374141,2322042198017538996,8573800373938698102,0,1,dgekt,0.6651897291590326
556718787073374141,1742185772413642127,300471914551172981,1,1,dgekt,0.7014593490023786
556718787073374141,2334639155148655290,8573800373938698102,0,1,dgekt,0.6714792308552008
556718787073374141,7660717256841499384,300471914551172981,1,1,dgekt,0.7153118836252634
556718787073374141,4113615466659810841,300471914551172981,1,1,dgekt,0.7005808025380067
556718787073374141,6125574002232610732,300471914551172981,1,1,dgekt,0.666212053383708
556718787073374141,2774368076249802464,8573800373938698102,0,1,dgekt,0.6589859279075847
556718787073374141,8903365289186067945,8573800373938698102,0,1,dgekt,0.6618783517672052
556718787073374141,6925932688889117475,300471914551172981,1,1,dgekt,0.7190397589541194
556718787073374141,8194071366621068887,8573800373938698102,0,1,dgekt,0.6396802644939785
556718787073374141,2986660907093963186,300471914551172981,1,1,dgekt,0.7244789070278044
556718787073374141,7591109345808921544,300471914551172981,1,1,dgekt,0.7009188802207593
556718787073374141,625545550176685521,8573800373938698102,1,1,dgekt,0.6732549828169474
556718787073374141,1761868641361943332,8573800373938698102,0,1,dgekt,0.6809389103229828
556718787073374141,4824259625677886603,300471914551172981,1,1,dgekt,0.6971199568935743
556718787073374141,8450591260754163598,8573800373938698102,0,1,dgekt,0.6593481343619
556718787073374141,1553079256999111676,300471914551172981,1,1,dgekt,0.7051598252343682
556718787073374141,3220231712819306119,8573800373938698102,0,1,dgekt,0.6663377307931307
556718787073374141,338807275221326836,300471914551172981,1,1,dgekt,0.6931567516815462
556718787073374141,8525319303741530302,8573800373938698102,0,1,dgekt,0.6671974406774354
556718787073374141,6587421150596252277,300471914551172981,1,1,dgekt,0.7068330079823564
556718787073374141,5891620578387310353,300471914551172981,1,1,dgekt,0.6899930681792181
556718787073374141,5791250638486922978,300471914551172981,1,1,dgekt,0.7112895989413759
556718787073374141,4031585874086886353,8573800373938698102,0,1,dgekt,0.6821286404001843
556718787073374141,2083452711903133430,8573800373938698102,1,1,dgekt,0.7040694793071505
556718787073374141,6319743179241711738,8573800373938698102,0,1,dgekt,0.684013329755303
556718787073374141,8628686323660025649,300471914551172981,1,1,dgekt,0.7104280388949681
556718787073374141,4378721629787482518,300471914551172981,1,1,dgekt,0.7164268184634326
556718787073374141,4813462692425748605,300471914551172981,1,1,dgekt,0.6810963049341072
556718787073374141,4644364625800006675,300471914551172981,1,1,dgekt,0.6995652580608251
556718787073374141,1062464292871659639,8573800373938698102,0,1,dgekt,0.6847098351474088
556718787073374141,5932668873100475470,300471914551172981,1,1,dgekt,0.7209898081447911
556718787073374141,5237822943399727048,8573800373938698102,1,1,dgekt,0.6883182494130664
566486936713534793,300471914551172981,300471914551172981,1,1,dgekt,0.6801150097005656
566486936713534793,8573800373938698102,8573800373938698102,1,1,dgekt,0.6244597733501571
566486936713534793,2014268979504181100,300471914551172981,1,1,dgekt,0.6651356576839594
566486936713534793,2172169907340938753,300471914551172981,0,1,dgekt,0.6662837517059808
566486936713534793,8150806168444344502,300471914551172981,1,1,dgekt,0.688888455093555
566486936713534793,816286915455981984,8573800373938698102,1,1,dgekt,0.6770031508568203
566486936713534793,1962751598315765836,300471914551172981,0,1,dgekt,0.6935680775467012
566486936713534793,7444476343858270082,300471914551172981,1,1,dgekt,0.6975282883482606
566486936713534793,2537821716777940730,300471914551172981,1,1,dgekt,0.6983440149560636
566486936713534793,1061301253559417093,300471914551172981,1,1,dgekt,0.6794131064119566
566486936713534793,8553379303363759508,300471914551172981,1,1,dgekt,0.6716390417027954
566486936713534793,6440511557387709110,300471914551172981,1,1,dgekt,0.6964387123191638
566486936713534793,7744513373483970787,8573800373938698102,0,1,dgekt,0.6299633181672509
566486936713534793,2971078979906996375,300471914551172981,1,1,dgekt,0.6868115039427797
566486936713534793,5841359775533910823,300471914551172981,0,1,dgekt,0.657770971889856
566486936713534793,8621262567927479011,300471914551172981,1,1,dgekt,0.695483519589737
566486936713534793,8434961942249729798,8573800373938698102,0,1,dgekt,0.6631039917837108
566486936713534793,2322042198017538996,8573800373938698102,1,1,dgekt,0.6651897291590326
566486936713534793,1742185772413642127,300471914551172981,1,1,dgekt,0.7014593490023786
566486936713534793,2334639155148655290,8573800373938698102,1,1,dgekt,0.6714792308552008
566486936713534793,7660717256841499384,300471914551172981,1,1,dgekt,0.7153118836252634
566486936713534793,4113615466659810841,300471914551172981,1,1,dgekt,0.7005808025380067
566486936713534793,6125574002232610732,300471914551172981,0,1,dgekt,0.666212053383708
566486936713534793,2774368076249802464,8573800373938698102,0,1,dgekt,0.6589859279075847
566486936713534793,8903365289186067945,8573800373938698102,0,1,dgekt,0.6618783517672052
566486936713534793,6925932688889117475,300471914551172981,1,1,dgekt,0.7190397589541194
566486936713534793,8194071366621068887,8573800373938698102,1,1,dgekt,0.6396802644939785
566486936713534793,2986660907093963186,300471914551172981,1,1,dgekt,0.7244789070278044
566486936713534793,7591109345808921544,300471914551172981,1,1,dgekt,0.7009188802207593
566486936713534793,625545550176685521,8573800373938698102,1,1,dgekt,0.6732549828169474
566486936713534793,1761868641361943332,8573800373938698102,1,1,dgekt,0.6809389103229828
566486936713534793,4824259625677886603,300471914551172981,0,1,dgekt,0.6971199568935743
566486936713534793,8450591260754163598,8573800373938698102,0,1,dgekt,0.6593481343619
566486936713534793,1553079256999111676,300471914551172981,0,1,dgekt,0.7051598252343682
566486936713534793,3220231712819306119,8573800373938698102,1,1,dgekt,0.6663377307931307
566486936713534793,338807275221326836,300471914551172981,1,1,dgekt,0.6931567516815462
566486936713534793,8525319303741530302,8573800373938698102,1,1,dgekt,0.6671974406774354
566486936713534793,6587421150596252277,300471914551172981,0,1,dgekt,0.7068330079823564
566486936713534793,5891620578387310353,300471914551172981,1,1,dgekt,0.6899930681792181
566486936713534793,5791250638486922978,300471914551172981,1,1,dgekt,0.7112895989413759
566486936713534793,4031585874086886353,8573800373938698102,1,1,dgekt,0.6821286404001843
566486936713534793,2083452711903133430,8573800373938698102,1,1,dgekt,0.7040694793071505
566486936713534793,6319743179241711738,8573800373938698102,1,1,dgekt,0.684013329755303
566486936713534793,8628686323660025649,300471914551172981,1,1,dgekt,0.7104280388949681
566486936713534793,4378721629787482518,300471914551172981,1,1,dgekt,0.7164268184634326
566486936713534793,4813462692425748605,300471914551172981,1,1,dgekt,0.6810963049341072
566486936713534793,4644364625800006675,300471914551172981,1,1,dgekt,0.6995652580608251
566486936713534793,1062464292871659639,8573800373938698102,0,1,dgekt,0.6847098351474088
566486936713534793,5932668873100475470,300471914551172981,1,1,dgekt,0.7209898081447911
566486936713534793,5237822943399727048,8573800373938698102,1,1,dgekt,0.6883182494130664
574497919089983469,300471914551172981,300471914551172981,1,1,dgekt,0.6801150097005656
574497919089983469,8573800373938698102,8573800373938698102,1,1,dgekt,0.6244597733501571
574497919089983469,2014268979504181100,300471914551172981,0,1,dgekt,0.6651356576839594
574497919089983469,2172169907340938753,300471914551172981,1,1,dgekt,0.6662837517059808
574497919089983469,8150806168444344502,300471914551172981,1,1,dgekt,0.688888455093555
574497919089983469,816286915455981984,8573800373938698102,1,1,dgekt,0.6770031508568203
574497919089983469,1962751598315765836,300471914551172981,1,1,dgekt,0.6935680775467012
574497919089983469,7444476343858270082,300471914551172981,1,1,dgekt,0.6975282883482606
574497919089983469,2537821716777940730,300471914551172981,1,1,dgekt,0.6983440149560636
574497919089983469,1061301253559417093,300471914551172981,1,1,dgekt,0.6794131064119566
574497919089983469,8553379303363759508,300471914551172981,0,1,dgekt,0.6716390417027954
574497919089983469,6440511557387709110,300471914551172981,1,1,dgekt,0.6964387123191638
574497919089983469,7744513373483970787,8573800373938698102,1,1,dgekt,0.6299633181672509
574497919089983469,2971078979906996375,300471914551172981,1,1,dgekt,0.6868115039427797
574497919089983469,5841359775533910823,300471914551172981,0,1,dgekt,0.657770971889856
574497919089983469,8621262567927479011,300471914551172981,1,1,dgekt,0.695483519589737
574497919089983469,8434961942249729798,8573800373938698102,1,1,dgekt,0.6631039917837108
574497919089983469,2322042198017538996,8573800373938698102,1,1,dgekt,0.6651897291590326
574497919089983469,1742185772413642127,300471914551172981,1,1,dgekt,0.7014593490023786
574497919089983469,2334639155148655290,8573800373938698102,1,1,dgekt,0.6714792308552008
574497919089983469,7660717256841499384,300471914551172981,1,1,dgekt,0.7153118836252634
574497919089983469,4113615466659810841,300471914551172981,1,1,dgekt,0.7005808025380067
574497919089983469,6125574002232610732,300471914551172981,1,1,dgekt,0.666212053383708
574497919089983469,2774368076249802464,8573800373938698102,1,1,dgekt,0.6589859279075847
574497919089983469,8903365289186067945,8573800373938698102,1,1,dgekt,0.6618783517672052
574497919089983469,6925932688889117475,300471914551172981,1,1,dgekt,0.7190397589541194
574497919089983469,8194071366621068887,8573800373938698102,1,1,dgekt,0.6396802644939785
574497919089983469,2986660907093963186,300471914551172981,1,1,dgekt,0.7244789070278044
574497919089983469,7591109345808921544,300471914551172981,1,1,dgekt,0.7009188802207593
574497919089983469,625545550176685521,8573800373938698102,1,1,dgekt,0.6732549828169474
574497919089983469,1761868641361943332,8573800373938698102,1,1,dgekt,0.6809389103229828
574497919089983469,4824259625677886603,300471914551172981,1,1,dgekt,0.6971199568935743
574497919089983469,8450591260754163598,8573800373938698102,1,1,dgekt,0.6593481343619
574497919089983469,1553079256999111676,300471914551172981,1,1,dgekt,0.7051598252343682
574497919089983469,3220231712819306119,8573800373938698102,1,1,dgekt,0.6663377307931307
574497919089983469,338807275221326836,300471914551172981,1,1,dgekt,0.6931567516815462
574497919089983469,8525319303741530302,8573800373938698102,1,1,dgekt,0.6671974406774354
574497919089983469,6587421150596252277,300471914551172981,1,1,dgekt,0.7068330079823564
574497919089983469,5891620578387310353,300471914551172981,1,1,dgekt,0.6899930681792181
574497919089983469,5791250638486922978,300471914551172981,1,1,dgekt,0.7112895989413759
574497919089983469,4031585874086886353,8573800373938698102,1,1,dgekt,0.6821286404001843
574497919089983469,2083452711903133430,8573800373938698102,1,1,dgekt,0.7040694793071505
574497919089983469,6319743179241711738,8573800373938698102,1,1,dgekt,0.684013329755303
574497919089983469,8628686323660025649,300471914551172981,1,1,dgekt,0.7104280388949681
574497919089983469,4378721629787482518,300471914551172981,1,1,dgekt,0.7164268184634326
574497919089983469,4813462692425748605,300471914551172981,1,1,dgekt,0.6810963049341072
574497919089983469,4644364625800006675,300471914551172981,1,1,dgekt,0.6995652580608251
574497919089983469,1062464292871659639,8573800373938698102,1,1,dgekt,0.6847098351474088
574497919089983469,5932668873100475470,300471914551172981,0,1,dgekt,0.7209898081447911
574497919089983469,5237822943399727048,8573800373938698102,1,1,dgekt,0.6883182494130664
584959704596436633,300471914551172981,300471914551172981,0,1,dgekt,0.6801150097005656
584959704596436633,8573800373938698102,8573800373938698102,1,1,dgekt,0.6244597733501571
584959704596436633,2014268979504181100,300471914551172981,0,1,dgekt,0.6651356576839594
584959704596436633,2172169907340938753,300471914551172981,0,1,dgekt,0.6662837517059808
584959704596436633,8150806168444344502,300471914551172981,0,1,dgekt,0.688888455093555
584959704596436633,816286915455981984,8573800373938698102,1,1,dgekt,0.6770031508568203
584959704596436633,1962751598315765836,300471914551172981,0,1,dgekt,0.6935680775467012
584959704596436633,7444476343858270082,300471914551172981,0,1,dgekt,0.6975282883482606
584959704596436633,2537821716777940730,300471914551172981,0,1,dgekt,0.6983440149560636
584959704596436633,1061301253559417093,300471914551172981,0,1,dgekt,0.6794131064119566
584959704596436633,8553379303363759508,300471914551172981,0,1,dgekt,0.6716390417027954
584959704596436633,6440511557387709110,300471914551172981,0,1,dgekt,0.6964387123191638
584959704596436633,7744513373483970787,8573800373938698102,1,1,dgekt,0.6299633181672509
584959704596436633,2971078979906996375,300471914551172981,0,1,dgekt,0.6868115039427797
584959704596436633,5841359775533910823,300471914551172981,0,1,dgekt,0.657770971889856
584959704596436633,8621262567927479011,300471914551172981,0,1,dgekt,0.695483519589737
584959704596436633,8434961942249729798,8573800373938698102,0,1,dgekt,0.6631039917837108
584959704596436633,2322042198017538996,8573800373938698102,0,1,dgekt,0.6651897291590326
584959704596436633,1742185772413642127,300471914551172981,0,1,dgekt,0.7014593490023786
584959704596436633,2334639155148655290,8573800373938698102,0,1,dgekt,0.6714792308552008
584959704596436633,7660717256841499384,300471914551172981,0,1,dgekt,0.7153118836252634
584959704596436633,4113615466659810841,300471914551172981,0,1,dgekt,0.7005808025380067
584959704596436633,6125574002232610732,300471914551172981,0,1,dgekt,0.666212053383708
584959704596436633,2774368076249802464,8573800373938698102,1,1,dgekt,0.6589859279075847
584959704596436633,8903365289186067945,8573800373938698102,1,1,dgekt,0.6618783517672052
584959704596436633,6925932688889117475,300471914551172981,1,1,dgekt,0.7190397589541194
584959704596436633,8194071366621068887,8573800373938698102,0,1,dgekt,0.6396802644939785
584959704596436633,2986660907093963186,300471914551172981,0,1,dgekt,0.7244789070278044
584959704596436633,7591109345808921544,300471914551172981,0,1,dgekt,0.7009188802207593
584959704596436633,625545550176685521,8573800373938698102,1,1,dgekt,0.6732549828169474
584959704596436633,1761868641361943332,8573800373938698102,1,1,dgekt,0.6809389103229828
584959704596436633,4824259625677886603,300471914551172981,0,1,dgekt,0.6971199568935743
584959704596436633,8450591260754163598,8573800373938698102,1,1,dgekt,0.6593481343619
584959704596436633,1553079256999111676,300471914551172981,0,1,dgekt,0.7051598252343682
584959704596436633,3220231712819306119,8573800373938698102,0,1,dgekt,0.6663377307931307
584959704596436633,338807275221326836,300471914551172981,0,1,dgekt,0.6931567516815462
584959704596436633,8525319303741530302,8573800373938698102,1,1,dgekt,0.6671974406774354
584959704596436633,6587421150596252277,300471914551172981,0,1,dgekt,0.7068330079823564
584959704596436633,5891620578387310353,300471914551172981,0,1,dgekt,0.6899930681792181
584959704596436633,5791250638486922978,300471914551172981,0,1,dgekt,0.7112895989413759
584959704596436633,4031585874086886353,8573800373938698102,0,1,dgekt,0.6821286404001843
584959704596436633,2083452711903133430,8573800373938698102,1,1,dgekt,0.7040694793071505
584959704596436633,6319743179241711738,8573800373938698102,1,1,dgekt,0.684013329755303
584959704596436633,8628686323660025649,300471914551172981,0,1,dgekt,0.7104280388949681
584959704596436633,4378721629787482518,300471914551172981,0,1,dgekt,0.7164268184634326
584959704596436633,4813462692425748605,300471914551172981,0,1,dgekt,0.6810963049341072
584959704596436633,4644364625800006675,300471914551172981,0,1,dgekt,0.6995652580608251
584959704596436633,1062464292871659639,8573800373938698102,1,1,dgekt,0.6847098351474088
584959704596436633,5932668873100475470,300471914551172981,0,1,dgekt,0.7209898081447911
584959704596436633,5237822943399727048,8573800373938698102,1,1,dgekt,0.6883182494130664
669415714538453650,300471914551172981,300471914551172981,1,1,dgekt,0.6801150097005656
669415714538453650,8573800373938698102,8573800373938698102,1,1,dgekt,0.6244597733501571
669415714538453650,2014268979504181100,300471914551172981,1,1,dgekt,0.6651356576839594
669415714538453650,2172169907340938753,300471914551172981,1,1,dgekt,0.6662837517059808
669415714538453650,8150806168444344502,300471914551172981,1,1,dgekt,0.688888455093555
669415714538453650,816286915455981984,8573800373938698102,1,1,dgekt,0.6770031508568203
669415714538453650,1962751598315765836,300471914551172981,1,1,dgekt,0.6935680775467012
669415714538453650,7444476343858270082,300471914551172981,1,1,dgekt,0.6975282883482606
669415714538453650,2537821716777940730,300471914551172981,1,1,dgekt,0.6983440149560636
669415714538453650,1061301253559417093,300471914551172981,1,1,dgekt,0.6794131064119566
669415714538453650,8553379303363759508,300471914551172981,1,1,dgekt,0.6716390417027954
669415714538453650,6440511557387709110,300471914551172981,1,1,dgekt,0.6964387123191638
669415714538453650,7744513373483970787,8573800373938698102,1,1,dgekt,0.6299633181672509
669415714538453650,2971078979906996375,300471914551172981,1,1,dgekt,0.6868115039427797
669415714538453650,5841359775533910823,300471914551172981,1,1,dgekt,0.657770971889856
669415714538453650,8621262567927479011,300471914551172981,1,1,dgekt,0.695483519589737
669415714538453650,8434961942249729798,8573800373938698102,1,1,dgekt,0.6631039917837108
669415714538453650,2322042198017538996,8573800373938698102,1,1,dgekt,0.6651897291590326
669415714538453650,1742185772413642127,300471914551172981,1,1,dgekt,0.7014593490023786
669415714538453650,2334639155148655290,8573800373938698102,1,1,dgekt,0.6714792308552008
669415714538453650,7660717256841499384,300471914551172981,1,1,dgekt,0.7153118836252634
669415714538453650,4113615466659810841,300471914551172981,1,1,dgekt,0.7005808025380067
669415714538453650,6125574002232610732,300471914551172981,1,1,dgekt,0.666212053383708
669415714538453650,2774368076249802464,8573800373938698102,1,1,dgekt,0.6589859279075847
669415714538453650,8903365289186067945,8573800373938698102,1,1,dgekt,0.6618783517672052
669415714538453650,6925932688889117475,300471914551172981,1,1,dgekt,0.7190397589541194
669415714538453650,8194071366621068887,8573800373938698102,1,1,dgekt,0.6396802644939785
669415714538453650,2986660907093963186,300471914551172981,1,1,dgekt,0.7244789070278044
669415714538453650,7591109345808921544,300471914551172981,1,1,dgekt,0.7009188802207593
669415714538453650,625545550176685521,8573800373938698102,1,1,dgekt,0.6732549828169474
669415714538453650,1761868641361943332,8573800373938698102,1,1,dgekt,0.6809389103229828
669415714538453650,4824259625677886603,300471914551172981,1,1,dgekt,0.6971199568935743
669415714538453650,8450591260754163598,8573800373938698102,1,1,dgekt,0.6593481343619
669415714538453650,1553079256999111676,300471914551172981,1,1,dgekt,0.7051598252343682
669415714538453650,3220231712819306119,8573800373938698102,1,1,dgekt,0.6663377307931307
669415714538453650,338807275221326836,300471914551172981,1,1,dgekt,0.6931567516815462
669415714538453650,8525319303741530302,8573800373938698102,1,1,dgekt,0.6671974406774354
669415714538453650,6587421150596252277,300471914551172981,1,1,dgekt,0.7068330079823564
669415714538453650,5891620578387310353,300471914551172981,1,1,dgekt,0.6899930681792181
669415714538453650,5791250638486922978,300471914551172981,1,1,dgekt,0.7112895989413759
669415714538453650,4031585874086886353,8573800373938698102,1,1,dgekt,0.6821286404001843
669415714538453650,2083452711903133430,8573800373938698102,1,1,dgekt,0.7040694793071505
669415714538453650,6319743179241711738,8573800373938698102,1,1,dgekt,0.684013329755303
669415714538453650,8628686323660025649,300471914551172981,1,1,dgekt,0.7104280388949681
669415714538453650,4378721629787482518,300471914551172981,1,1,dgekt,0.7164268184634326
669415714538453650,4813462692425748605,300471914551172981,1,1,dgekt,0.6810963049341072
669415714538453650,4644364625800006675,300471914551172981,1,1,dgekt,0.6995652580608251
669415714538453650,1062464292871659639,8573800373938698102,1,1,dgekt,0.6847098351474088
669415714538453650,5932668873100475470,300471914551172981,1,1,dgekt,0.7209898081447911
669415714538453650,5237822943399727048,8573800373938698102,1,1,dgekt,0.6883182494130664
678576571551846666,300471914551172981,300471914551172981,1,1,dgekt,0.6801150097005656
678576571551846666,8573800373938698102,8573800373938698102,0,1,dgekt,0.6244597733501571
678576571551846666,2014268979504181100,300471914551172981,1,1,dgekt,0.6651356576839594
678576571551846666,2172169907340938753,300471914551172981,1,1,dgekt,0.6662837517059808
678576571551846666,8150806168444344502,300471914551172981,1,1,dgekt,0.688888455093555
678576571551846666,816286915455981984,8573800373938698102,1,1,dgekt,0.6770031508568203
678576571551846666,1962751598315765836,300471914551172981,1,1,dgekt,0.6935680775467012
678576571551846666,7444476343858270082,300471914551172981,1,1,dgekt,0.6975282883482606
678576571551846666,2537821716777940730,300471914551172981,1,1,dgekt,0.6983440149560636
678576571551846666,1061301253559417093,300471914551172981,1,1,dgekt,0.6794131064119566
678576571551846666,8553379303363759508,300471914551172981,1,1,dgekt,0.6716390417027954
678576571551846666,6440511557387709110,300471914551172981,1,1,dgekt,0.6964387123191638
678576571551846666,7744513373483970787,8573800373938698102,0,1,dgekt,0.6299633181672509
678576571551846666,2971078979906996375,300471914551172981,1,1,dgekt,0.6868115039427797
678576571551846666,5841359775533910823,300471914551172981,1,1,dgekt,0.657770971889856
678576571551846666,8621262567927479011,300471914551172981,1,1,dgekt,0.695483519589737
678576571551846666,8434961942249729798,8573800373938698102,0,1,dgekt,0.6631039917837108
678576571551846666,2322042198017538996,8573800373938698102,1,1,dgekt,0.6651897291590326
678576571551846666,1742185772413642127,300471914551172981,1,1,dgekt,0.7014593490023786
678576571551846666,2334639155148655290,8573800373938698102,0,1,dgekt,0.6714792308552008
678576571551846666,7660717256841499384,300471914551172981,1,1,dgekt,0.7153118836252634
678576571551846666,4113615466659810841,300471914551172981,1,1,dgekt,0.7005808025380067
678576571551846666,6125574002232610732,300471914551172981,0,1,dgekt,0.666212053383708
678576571551846666,2774368076249802464,8573800373938698102,0,1,dgekt,0.6589859279075847
678576571551846666,8903365289186067945,8573800373938698102,0,1,dgekt,0.6618783517672052
678576571551846666,6925932688889117475,300471914551172981,1,1,dgekt,0.7190397589541194
678576571551846666,8194071366621068887,8573800373938698102,0,1,dgekt,0.6396802644939785
678576571551846666,2986660907093963186,300471914551172981,1,1,dgekt,0.7244789070278044
678576571551846666,7591109345808921544,300471914551172981,1,1,dgekt,0.7009188802207593
678576571551846666,625545550176685521,8573800373938698102,0,1,dgekt,0.6732549828169474
678576571551846666,1761868641361943332,8573800373938698102,0,1,dgekt,0.6809389103229828
678576571551846666,4824259625677886603,300471914551172981,1,1,dgekt,0.6971199568935743
678576571551846666,8450591260754163598,8573800373938698102,0,1,dgekt,0.6593481343619
678576571551846666,1553079256999111676,300471914551172981,1,1,dgekt,0.7051598252343682
678576571551846666,3220231712819306119,8573800373938698102,0,1,dgekt,0.6663377307931307
678576571551846666,338807275221326836,300471914551172981,0,1,dgekt,0.6931567516815462
678576571551846666,8525319303741530302,8573800373938698102,0,1,dgekt,0.6671974406774354
678576571551846666,6587421150596252277,300471914551172981,1,1,dgekt,0.7068330079823564
678576571551846666,5891620578387310353,300471914551172981,1,1,dgekt,0.6899930681792181
678576571551846666,5791250638486922978,300471914551172981,1,1,dgekt,0.7112895989413759
678576571551846666,4031585874086886353,8573800373938698102,0,1,dgekt,0.6821286404001843
678576571551846666,2083452711903133430,8573800373938698102,1,1,dgekt,0.7040694793071505
678576571551846666,6319743179241711738,8573800373938698102,0,1,dgekt,0.684013329755303
678576571551846666,8628686323660025649,300471914551172981,1,1,dgekt,0.7104280388949681
678576571551846666,4378721629787482518,300471914551172981,1,1,dgekt,0.7164268184634326
678576571551846666,4813462692425748605,300471914551172981,1,1,dgekt,0.6810963049341072
678576571551846666,4644364625800006675,300471914551172981,1,1,dgekt,0.6995652580608251
678576571551846666,1062464292871659639,8573800373938698102,1,1,dgekt,0.6847098351474088
678576571551846666,5932668873100475470,300471914551172981,1,1,dgekt,0.7209898081447911
678576571551846666,5237822943399727048,8573800373938698102,0,1,dgekt,0.6883182494130664
695874287010115223,300471914551172981,300471914551172981,1,1,dgekt,0.6801150097005656
695874287010115223,8573800373938698102,8573800373938698102,1,1,dgekt,0.6244597733501571
695874287010115223,2014268979504181100,300471914551172981,1,1,dgekt,0.6651356576839594
695874287010115223,2172169907340938753,300471914551172981,1,1,dgekt,0.6662837517059808
695874287010115223,8150806168444344502,300471914551172981,1,1,dgekt,0.688888455093555
695874287010115223,816286915455981984,8573800373938698102,1,1,dgekt,0.6770031508568203
695874287010115223,1962751598315765836,300471914551172981,1,1,dgekt,0.6935680775467012
695874287010115223,7444476343858270082,300471914551172981,1,1,dgekt,0.6975282883482606
695874287010115223,2537821716777940730,300471914551172981,1,1,dgekt,0.6983440149560636
695874287010115223,1061301253559417093,300471914551172981,1,1,dgekt,0.6794131064119566
695874287010115223,8553379303363759508,300471914551172981,1,1,dgekt,0.6716390417027954
695874287010115223,6440511557387709110,300471914551172981,1,1,dgekt,0.6964387123191638
695874287010115223,7744513373483970787,8573800373938698102,1,1,dgekt,0.6299633181672509
695874287010115223,2971078979906996375,300471914551172981,1,1,dgekt,0.6868115039427797
695874287010115223,5841359775533910823,300471914551172981,1,1,dgekt,0.657770971889856
695874287010115223,8621262567927479011,300471914551172981,1,1,dgekt,0.695483519589737
695874287010115223,8434961942249729798,8573800373938698102,1,1,dgekt,0.6631039917837108
695874287010115223,2322042198017538996,8573800373938698102,1,1,dgekt,0.6651897291590326
695874287010115223,1742185772413642127,300471914551172981,1,1,dgekt,0.7014593490023786
695874287010115223,2334639155148655290,8573800373938698102,1,1,dgekt,0.6714792308552008
695874287010115223,7660717256841499384,300471914551172981,1,1,dgekt,0.7153118836252634
695874287010115223,4113615466659810841,300471914551172981,1,1,dgekt,0.7005808025380067
695874287010115223,6125574002232610732,300471914551172981,1,1,dgekt,0.666212053383708
695874287010115223,2774368076249802464,8573800373938698102,1,1,dgekt,0.6589859279075847
695874287010115223,8903365289186067945,8573800373938698102,1,1,dgekt,0.6618783517672052
695874287010115223,6925932688889117475,300471914551172981,1,1,dgekt,0.7190397589541194
695874287010115223,8194071366621068887,8573800373938698102,1,1,dgekt,0.6396802644939785
695874287010115223,2986660907093963186,300471914551172981,1,1,dgekt,0.7244789070278044
695874287010115223,7591109345808921544,300471914551172981,1,1,dgekt,0.7009188802207593
695874287010115223,625545550176685521,8573800373938698102,1,1,dgekt,0.6732549828169474
695874287010115223,1761868641361943332,8573800373938698102,1,1,dgekt,0.6809389103229828
695874287010115223,4824259625677886603,300471914551172981,1,1,dgekt,0.6971199568935743
695874287010115223,8450591260754163598,8573800373938698102,1,1,dgekt,0.6593481343619
695874287010115223,1553079256999111676,300471914551172981,1,1,dgekt,0.7051598252343682
695874287010115223,3220231712819306119,8573800373938698102,1,1,dgekt,0.6663377307931307
695874287010115223,338807275221326836,300471914551172981,1,1,dgekt,0.6931567516815462
695874287010115223,8525319303741530302,8573800373938698102,1,1,dgekt,0.6671974406774354
695874287010115223,6587421150596252277,300471914551172981,1,1,dgekt,0.7068330079823564
695874287010115223,5891620578387310353,300471914551172981,1,1,dgekt,0.6899930681792181
695874287010115223,5791250638486922978,300471914551172981,1,1,dgekt,0.7112895989413759
695874287010115223,4031585874086886353,8573800373938698102,1,1,dgekt,0.6821286404001843
695874287010115223,2083452711903133430,8573800373938698102,1,1,dgekt,0.7040694793071505
695874287010115223,6319743179241711738,8573800373938698102,1,1,dgekt,0.684013329755303
695874287010115223,8628686323660025649,300471914551172981,1,1,dgekt,0.7104280388949681
695874287010115223,4378721629787482518,300471914551172981,1,1,dgekt,0.7164268184634326
695874287010115223,4813462692425748605,300471914551172981,1,1,dgekt,0.6810963049341072
695874287010115223,4644364625800006675,300471914551172981,1,1,dgekt,0.6995652580608251
695874287010115223,1062464292871659639,8573800373938698102,1,1,dgekt,0.6847098351474088
695874287010115223,5932668873100475470,300471914551172981,1,1,dgekt,0.7209898081447911
695874287010115223,5237822943399727048,8573800373938698102,1,1,dgekt,0.6883182494130664
724934922726023477,300471914551172981,300471914551172981,0,1,dgekt,0.6801150097005656
724934922726023477,8573800373938698102,8573800373938698102,0,1,dgekt,0.6244597733501571
724934922726023477,2014268979504181100,300471914551172981,1,1,dgekt,0.6651356576839594
724934922726023477,2172169907340938753,300471914551172981,0,1,dgekt,0.6662837517059808
724934922726023477,8150806168444344502,300471914551172981,0,1,dgekt,0.688888455093555
724934922726023477,816286915455981984,8573800373938698102,0,1,dgekt,0.6770031508568203
724934922726023477,1962751598315765836,300471914551172981,0,1,dgekt,0.6935680775467012
724934922726023477,7444476343858270082,300471914551172981,0,1,dgekt,0.6975282883482606
724934922726023477,2537821716777940730,300471914551172981,1,1,dgekt,0.6983440149560636
724934922726023477,1061301253559417093,300471914551172981,0,1,dgekt,0.6794131064119566
724934922726023477,8553379303363759508,300471914551172981,0,1,dgekt,0.6716390417027954
724934922726023477,6440511557387709110,300471914551172981,0,1,dgekt,0.6964387123191638
724934922726023477,7744513373483970787,8573800373938698102,0,1,dgekt,0.6299633181672509
724934922726023477,2971078979906996375,300471914551172981,0,1,dgekt,0.6868115039427797
724934922726023477,5841359775533910823,300471914551172981,0,1,dgekt,0.657770971889856
724934922726023477,8621262567927479011,300471914551172981,0,1,dgekt,0.695483519589737
724934922726023477,8434961942249729798,8573800373938698102,1,1,dgekt,0.6631039917837108
724934922726023477,2322042198017538996,8573800373938698102,1,1,dgekt,0.6651897291590326
724934922726023477,1742185772413642127,300471914551172981,0,1,dgekt,0.7014593490023786
724934922726023477,2334639155148655290,8573800373938698102,1,1,dgekt,0.6714792308552008
724934922726023477,7660717256841499384,300471914551172981,1,1,dgekt,0.7153118836252634
724934922726023477,4113615466659810841,300471914551172981,0,1,dgekt,0.7005808025380067
724934922726023477,6125574002232610732,300471914551172981,0,1,dgekt,0.666212053383708
724934922726023477,2774368076249802464,8573800373938698102,1,1,dgekt,0.6589859279075847
724934922726023477,8903365289186067945,8573800373938698102,1,1,dgekt,0.6618783517672052
724934922726023477,6925932688889117475,300471914551172981,1,1,dgekt,0.7190397589541194
724934922726023477,8194071366621068887,8573800373938698102,0,1,dgekt,0.6396802644939785
724934922726023477,2986660907093963186,300471914551172981,1,1,dgekt,0.7244789070278044
724934922726023477,7591109345808921544,300471914551172981,1,1,dgekt,0.7009188802207593
724934922726023477,625545550176685521,8573800373938698102,1,1,dgekt,0.6732549828169474
724934922726023477,1761868641361943332,8573800373938698102,1,1,dgekt,0.6809389103229828
724934922726023477,4824259625677886603,300471914551172981,0,1,dgekt,0.6971199568935743
724934922726023477,8450591260754163598,8573800373938698102,1,1,dgekt,0.6593481343619
724934922726023477,1553079256999111676,300471914551172981,1,1,dgekt,0.7051598252343682
724934922726023477,3220231712819306119,8573800373938698102,1,1,dgekt,0.6663377307931307
724934922726023477,338807275221326836,300471914551172981,0,1,dgekt,0.6931567516815462
724934922726023477,8525319303741530302,8573800373938698102,1,1,dgekt,0.6671974406774354
724934922726023477,6587421150596252277,300471914551172981,1,1,dgekt,0.7068330079823564
724934922726023477,5891620578387310353,300471914551172981,0,1,dgekt,0.6899930681792181
724934922726023477,5791250638486922978,300471914551172981,0,1,dgekt,0.7112895989413759
724934922726023477,4031585874086886353,8573800373938698102,1,1,dgekt,0.6821286404001843
724934922726023477,2083452711903133430,8573800373938698102,0,1,dgekt,0.7040694793071505
724934922726023477,6319743179241711738,8573800373938698102,1,1,dgekt,0.684013329755303
724934922726023477,8628686323660025649,300471914551172981,0,1,dgekt,0.7104280388949681
724934922726023477,4378721629787482518,300471914551172981,0,1,dgekt,0.7164268184634326
724934922726023477,4813462692425748605,300471914551172981,0,1,dgekt,0.6810963049341072
724934922726023477,4644364625800006675,300471914551172981,0,1,dgekt,0.6995652580608251
724934922726023477,1062464292871659639,8573800373938698102,1,1,dgekt,0.6847098351474088
724934922726023477,5932668873100475470,300471914551172981,0,1,dgekt,0.7209898081447911
724934922726023477,5237822943399727048,8573800373938698102,1,1,dgekt,0.6883182494130664
739960140181601896,300471914551172981,300471914551172981,0,1,dgekt,0.6801150097005656
739960140181601896,8573800373938698102,8573800373938698102,0,1,dgekt,0.6244597733501571
739960140181601896,2014268979504181100,300471914551172981,1,1,dgekt,0.6651356576839594
739960140181601896,2172169907340938753,300471914551172981,0,1,dgekt,0.6662837517059808
739960140181601896,8150806168444344502,300471914551172981,0,1,dgekt,0.688888455093555
739960140181601896,816286915455981984,8573800373938698102,0,1,dgekt,0.6770031508568203
739960140181601896,1962751598315765836,300471914551172981,0,1,dgekt,0.6935680775467012
739960140181601896,7444476343858270082,300471914551172981,1,1,dgekt,0.6975282883482606
739960140181601896,2537821716777940730,300471914551172981,1,1,dgekt,0.6983440149560636
739960140181601896,1061301253559417093,300471914551172981,1,1,dgekt,0.6794131064119566
739960140181601896,8553379303363759508,300471914551172981,1,1,dgekt,0.6716390417027954
739960140181601896,6440511557387709110,300471914551172981,1,1,dgekt,0.6964387123191638
739960140181601896,7744513373483970787,8573800373938698102,0,1,dgekt,0.6299633181672509
739960140181601896,2971078979906996375,300471914551172981,0,1,dgekt,0.6868115039427797
739960140181601896,5841359775533910823,300471914551172981,0,1,dgekt,0.657770971889856
739960140181601896,8621262567927479011,300471914551172981,1,1,dgekt,0.695483519589737
739960140181601896,8434961942249729798,8573800373938698102,0,1,dgekt,0.6631039917837108
739960140181601896,2322042198017538996,8573800373938698102,0,1,dgekt,0.6651897291590326
739960140181601896,1742185772413642127,300471914551172981,1,1,dgekt,0.7014593490023786
739960140181601896,2334639155148655290,8573800373938698102,1,1,dgekt,0.6714792308552008
739960140181601896,7660717256841499384,300471914551172981,1,1,dgekt,0.7153118836252634
739960140181601896,4113615466659810841,300471914551172981,1,1,dgekt,0.7005808025380067
739960140181601896,6125574002232610732,300471914551172981,1,1,dgekt,0.666212053383708
739960140181601896,2774368076249802464,8573800373938698102,0,1,dgekt,0.6589859279075847
739960140181601896,8903365289186067945,8573800373938698102,0,1,dgekt,0.6618783517672052
739960140181601896,6925932688889117475,300471914551172981,1,1,dgekt,0.7190397589541194
739960140181601896,8194071366621068887,8573800373938698102,0,1,dgekt,0.6396802644939785
739960140181601896,2986660907093963186,300471914551172981,1,1,dgekt,0.7244789070278044
739960140181601896,7591109345808921544,300471914551172981,1,1,dgekt,0.7009188802207593
739960140181601896,625545550176685521,8573800373938698102,0,1,dgekt,0.6732549828169474
739960140181601896,1761868641361943332,8573800373938698102,0,1,dgekt,0.6809389103229828
739960140181601896,4824259625677886603,300471914551172981,1,1,dgekt,0.6971199568935743
739960140181601896,8450591260754163598,8573800373938698102,0,1,dgekt,0.6593481343619
739960140181601896,1553079256999111676,300471914551172981,0,1,dgekt,0.7051598252343682
739960140181601896,3220231712819306119,8573800373938698102,1,1,dgekt,0.6663377307931307
739960140181601896,338807275221326836,300471914551172981,1,1,dgekt,0.6931567516815462
739960140181601896,8525319303741530302,8573800373938698102,0,1,dgekt,0.6671974406774354
739960140181601896,6587421150596252277,300471914551172981,1,1,dgekt,0.7068330079823564
739960140181601896,5891620578387310353,300471914551172981,1,1,dgekt,0.6899930681792181
739960140181601896,5791250638486922978,300471914551172981,1,1,dgekt,0.7112895989413759
739960140181601896,4031585874086886353,8573800373938698102,0,1,dgekt,0.6821286404001843
739960140181601896,2083452711903133430,8573800373938698102,0,1,dgekt,0.7040694793071505
739960140181601896,6319743179241711738,8573800373938698102,0,1,dgekt,0.684013329755303
739960140181601896,8628686323660025649,300471914551172981,1,1,dgekt,0.7104280388949681
739960140181601896,4378721629787482518,300471914551172981,1,1,dgekt,0.7164268184634326
739960140181601896,4813462692425748605,300471914551172981,0,1,dgekt,0.6810963049341072
739960140181601896,4644364625800006675,300471914551172981,0,1,dgekt,0.6995652580608251
739960140181601896,1062464292871659639,8573800373938698102,1,1,dgekt,0.6847098351474088
739960140181601896,5932668873100475470,300471914551172981,1,1,dgekt,0.7209898081447911
739960140181601896,5237822943399727048,8573800373938698102,0,1,dgekt,0.6883182494130664
765686451306091390,300471914551172981,300471914551172981,1,1,dgekt,0.6801150097005656
765686451306091390,8573800373938698102,8573800373938698102,0,1,dgekt,0.6244597733501571
765686451306091390,2014268979504181100,300471914551172981,1,1,dgekt,0.6651356576839594
765686451306091390,2172169907340938753,300471914551172981,1,1,dgekt,0.6662837517059808
765686451306091390,8150806168444344502,300471914551172981,1,1,dgekt,0.688888455093555
765686451306091390,816286915455981984,8573800373938698102,1,1,dgekt,0.6770031508568203
765686451306091390,1962751598315765836,300471914551172981,1,1,dgekt,0.6935680775467012
765686451306091390,7444476343858270082,300471914551172981,1,1,dgekt,0.6975282883482606
765686451306091390,2537821716777940730,300471914551172981,0,1,dgekt,0.6983440149560636
765686451306091390,1061301253559417093,300471914551172981,0,1,dgekt,0.6794131064119566
765686451306091390,8553379303363759508,300471914551172981,1,1,dgekt,0.6716390417027954
765686451306091390,6440511557387709110,300471914551172981,1,1,dgekt,0.6964387123191638
765686451306091390,7744513373483970787,8573800373938698102,1,1,dgekt,0.6299633181672509
765686451306091390,2971078979906996375,300471914551172981,1,1,dgekt,0.6868115039427797
765686451306091390,5841359775533910823,300471914551172981,1,1,dgekt,0.657770971889856
765686451306091390,8621262567927479011,300471914551172981,1,1,dgekt,0.695483519589737
765686451306091390,8434961942249729798,8573800373938698102,1,1,dgekt,0.6631039917837108
765686451306091390,2322042198017538996,8573800373938698102,1,1,dgekt,0.6651897291590326
765686451306091390,1742185772413642127,300471914551172981,1,1,dgekt,0.7014593490023786
765686451306091390,2334639155148655290,8573800373938698102,1,1,dgekt,0.6714792308552008
765686451306091390,7660717256841499384,300471914551172981,1,1,dgekt,0.7153118836252634
765686451306091390,4113615466659810841,300471914551172981,1,1,dgekt,0.7005808025380067
765686451306091390,6125574002232610732,300471914551172981,1,1,dgekt,0.666212053383708
765686451306091390,2774368076249802464,8573800373938698102,1,1,dgekt,0.6589859279075847
765686451306091390,8903365289186067945,8573800373938698102,1,1,dgekt,0.6618783517672052
765686451306091390,6925932688889117475,300471914551172981,1,1,dgekt,0.7190397589541194
765686451306091390,8194071366621068887,8573800373938698102,1,1,dgekt,0.6396802644939785
765686451306091390,2986660907093963186,300471914551172981,1,1,dgekt,0.7244789070278044
765686451306091390,7591109345808921544,300471914551172981,1,1,dgekt,0.7009188802207593
765686451306091390,625545550176685521,8573800373938698102,1,1,dgekt,0.6732549828169474
765686451306091390,1761868641361943332,8573800373938698102,1,1,dgekt,0.6809389103229828
765686451306091390,4824259625677886603,300471914551172981,1,1,dgekt,0.6971199568935743
765686451306091390,8450591260754163598,8573800373938698102,1,1,dgekt,0.6593481343619
765686451306091390,1553079256999111676,300471914551172981,1,1,dgekt,0.7051598252343682
765686451306091390,3220231712819306119,8573800373938698102,1,1,dgekt,0.6663377307931307
765686451306091390,338807275221326836,300471914551172981,1,1,dgekt,0.6931567516815462
765686451306091390,8525319303741530302,8573800373938698102,1,1,dgekt,0.6671974406774354
765686451306091390,6587421150596252277,300471914551172981,1,1,dgekt,0.7068330079823564
765686451306091390,5891620578387310353,300471914551172981,1,1,dgekt,0.6899930681792181
765686451306091390,5791250638486922978,300471914551172981,1,1,dgekt,0.7112895989413759
765686451306091390,4031585874086886353,8573800373938698102,1,1,dgekt,0.6821286404001843
765686451306091390,2083452711903133430,8573800373938698102,1,1,dgekt,0.7040694793071505
765686451306091390,6319743179241711738,8573800373938698102,1,1,dgekt,0.684013329755303
765686451306091390,8628686323660025649,300471914551172981,1,1,dgekt,0.7104280388949681
765686451306091390,4378721629787482518,300471914551172981,1,1,dgekt,0.7164268184634326
765686451306091390,4813462692425748605,300471914551172981,1,1,dgekt,0.6810963049341072
765686451306091390,4644364625800006675,300471914551172981,1,1,dgekt,0.6995652580608251
765686451306091390,1062464292871659639,8573800373938698102,1,1,dgekt,0.6847098351474088
765686451306091390,5932668873100475470,300471914551172981,1,1,dgekt,0.7209898081447911
765686451306091390,5237822943399727048,8573800373938698102,1,1,dgekt,0.6883182494130664
776567062519242352,300471914551172981,300471914551172981,0,1,dgekt,0.6801150097005656
776567062519242352,8573800373938698102,8573800373938698102,1,1,dgekt,0.6244597733501571
776567062519242352,2014268979504181100,300471914551172981,0,1,dgekt,0.6651356576839594
776567062519242352,2172169907340938753,300471914551172981,1,1,dgekt,0.6662837517059808
776567062519242352,8150806168444344502,300471914551172981,0,1,dgekt,0.688888455093555
776567062519242352,816286915455981984,8573800373938698102,1,1,dgekt,0.6770031508568203
776567062519242352,1962751598315765836,300471914551172981,0,1,dgekt,0.6935680775467012
776567062519242352,7444476343858270082,300471914551172981,0,1,dgekt,0.6975282883482606
776567062519242352,2537821716777940730,300471914551172981,0,1,dgekt,0.6983440149560636
776567062519242352,1061301253559417093,300471914551172981,0,1,dgekt,0.6794131064119566
776567062519242352,8553379303363759508,300471914551172981,0,1,dgekt,0.6716390417027954
776567062519242352,6440511557387709110,300471914551172981,1,1,dgekt,0.6964387123191638
776567062519242352,7744513373483970787,8573800373938698102,1,1,dgekt,0.6299633181672509
776567062519242352,2971078979906996375,300471914551172981,0,1,dgekt,0.6868115039427797
776567062519242352,5841359775533910823,300471914551172981,0,1,dgekt,0.657770971889856
776567062519242352,8621262567927479011,300471914551172981,1,1,dgekt,0.695483519589737
776567062519242352,8434961942249729798,8573800373938698102,0,1,dgekt,0.6631039917837108
776567062519242352,2322042198017538996,8573800373938698102,1,1,dgekt,0.6651897291590326
776567062519242352,1742185772413642127,300471914551172981,1,1,dgekt,0.7014593490023786
776567062519242352,2334639155148655290,8573800373938698102,1,1,dgekt,0.6714792308552008
776567062519242352,7660717256841499384,300471914551172981,0,1,dgekt,0.7153118836252634
776567062519242352,4113615466659810841,300471914551172981,0,1,dgekt,0.7005808025380067
776567062519242352,6125574002232610732,300471914551172981,0,1,dgekt,0.666212053383708
776567062519242352,2774368076249802464,8573800373938698102,1,1,dgekt,0.6589859279075847
776567062519242352,8903365289186067945,8573800373938698102,1,1,dgekt,0.6618783517672052
776567062519242352,6925932688889117475,300471914551172981,1,1,dgekt,0.7190397589541194
776567062519242352,8194071366621068887,8573800373938698102,1,1,dgekt,0.6396802644939785
776567062519242352,2986660907093963186,300471914551172981,1,1,dgekt,0.7244789070278044
776567062519242352,7591109345808921544,300471914551172981,1,1,dgekt,0.7009188802207593
776567062519242352,625545550176685521,8573800373938698102,1,1,dgekt,0.6732549828169474
776567062519242352,1761868641361943332,8573800373938698102,1,1,dgekt,0.6809389103229828
776567062519242352,4824259625677886603,300471914551172981,0,1,dgekt,0.6971199568935743
776567062519242352,8450591260754163598,8573800373938698102,1,1,dgekt,0.6593481343619
776567062519242352,1553079256999111676,300471914551172981,0,1,dgekt,0.7051598252343682
776567062519242352,3220231712819306119,8573800373938698102,1,1,dgekt,0.6663377307931307
776567062519242352,338807275221326836,300471914551172981,0,1,dgekt,0.6931567516815462
776567062519242352,8525319303741530302,8573800373938698102,1,1,dgekt,0.6671974406774354
776567062519242352,6587421150596252277,300471914551172981,0,1,dgekt,0.7068330079823564
776567062519242352,5891620578387310353,300471914551172981,0,1,dgekt,0.6899930681792181
776567062519242352,5791250638486922978,300471914551172981,1,1,dgekt,0.7112895989413759
776567062519242352,4031585874086886353,8573800373938698102,1,1,dgekt,0.6821286404001843
776567062519242352,2083452711903133430,8573800373938698102,1,1,dgekt,0.7040694793071505
776567062519242352,6319743179241711738,8573800373938698102,1,1,dgekt,0.684013329755303
776567062519242352,8628686323660025649,300471914551172981,0,1,dgekt,0.7104280388949681
776567062519242352,4378721629787482518,300471914551172981,0,1,dgekt,0.7164268184634326
776567062519242352,4813462692425748605,300471914551172981,0,1,dgekt,0.6810963049341072
776567062519242352,4644364625800006675,300471914551172981,0,1,dgekt,0.6995652580608251
776567062519242352,1062464292871659639,8573800373938698102,1,1,dgekt,0.6847098351474088
776567062519242352,5932668873100475470,300471914551172981,0,1,dgekt,0.7209898081447911
776567062519242352,5237822943399727048,8573800373938698102,1,1,dgekt,0.6883182494130664
778563495851264148,300471914551172981,300471914551172981,1,1,dgekt,0.6801150097005656
778563495851264148,8573800373938698102,8573800373938698102,1,1,dgekt,0.6244597733501571
778563495851264148,2014268979504181100,300471914551172981,1,1,dgekt,0.6651356576839594
778563495851264148,2172169907340938753,300471914551172981,1,1,dgekt,0.6662837517059808
778563495851264148,8150806168444344502,300471914551172981,0,1,dgekt,0.688888455093555
778563495851264148,816286915455981984,8573800373938698102,1,1,dgekt,0.6770031508568203
778563495851264148,1962751598315765836,300471914551172981,1,1,dgekt,0.6935680775467012
778563495851264148,7444476343858270082,300471914551172981,1,1,dgekt,0.6975282883482606
778563495851264148,2537821716777940730,300471914551172981,1,1,dgekt,0.6983440149560636
778563495851264148,1061301253559417093,300471914551172981,1,1,dgekt,0.6794131064119566
778563495851264148,8553379303363759508,300471914551172981,0,1,dgekt,0.6716390417027954
778563495851264148,6440511557387709110,300471914551172981,1,1,dgekt,0.6964387123191638
778563495851264148,7744513373483970787,8573800373938698102,1,1,dgekt,0.6299633181672509
778563495851264148,2971078979906996375,300471914551172981,1,1,dgekt,0.6868115039427797
778563495851264148,5841359775533910823,300471914551172981,0,1,dgekt,0.657770971889856
778563495851264148,8621262567927479011,300471914551172981,1,1,dgekt,0.695483519589737
778563495851264148,8434961942249729798,8573800373938698102,1,1,dgekt,0.6631039917837108
778563495851264148,2322042198017538996,8573800373938698102,1,1,dgekt,0.6651897291590326
778563495851264148,1742185772413642127,300471914551172981,1,1,dgekt,0.7014593490023786
778563495851264148,2334639155148655290,8573800373938698102,1,1,dgekt,0.6714792308552008
778563495851264148,7660717256841499384,300471914551172981,1,1,dgekt,0.7153118836252634
778563495851264148,4113615466659810841,300471914551172981,1,1,dgekt,0.7005808025380067
778563495851264148,6125574002232610732,300471914551172981,1,1,dgekt,0.666212053383708
778563495851264148,2774368076249802464,8573800373938698102,1,1,dgekt,0.6589859279075847
778563495851264148,8903365289186067945,8573800373938698102,1,1,dgekt,0.6618783517672052
778563495851264148,6925932688889117475,300471914551172981,1,1,dgekt,0.7190397589541194
778563495851264148,8194071366621068887,8573800373938698102,1,1,dgekt,0.6396802644939785
778563495851264148,2986660907093963186,300471914551172981,1,1,dgekt,0.7244789070278044
778563495851264148,7591109345808921544,300471914551172981,1,1,dgekt,0.7009188802207593
778563495851264148,625545550176685521,8573800373938698102,1,1,dgekt,0.6732549828169474
778563495851264148,1761868641361943332,8573800373938698102,1,1,dgekt,0.6809389103229828
778563495851264148,4824259625677886603,300471914551172981,1,1,dgekt,0.6971199568935743
778563495851264148,8450591260754163598,8573800373938698102,1,1,dgekt,0.6593481343619
778563495851264148,1553079256999111676,300471914551172981,1,1,dgekt,0.7051598252343682
778563495851264148,3220231712819306119,8573800373938698102,1,1,dgekt,0.6663377307931307
778563495851264148,338807275221326836,300471914551172981,1,1,dgekt,0.6931567516815462
778563495851264148,8525319303741530302,8573800373938698102,1,1,dgekt,0.6671974406774354
778563495851264148,6587421150596252277,300471914551172981,1,1,dgekt,0.7068330079823564
778563495851264148,5891620578387310353,300471914551172981,1,1,dgekt,0.6899930681792181
778563495851264148,5791250638486922978,300471914551172981,1,1,dgekt,0.7112895989413759
778563495851264148,4031585874086886353,8573800373938698102,1,1,dgekt,0.6821286404001843
778563495851264148,2083452711903133430,8573800373938698102,1,1,dgekt,0.7040694793071505
778563495851264148,6319743179241711738,8573800373938698102,1,1,dgekt,0.684013329755303
778563495851264148,8628686323660025649,300471914551172981,0,1,dgekt,0.7104280388949681
778563495851264148,4378721629787482518,300471914551172981,1,1,dgekt,0.7164268184634326
778563495851264148,4813462692425748605,300471914551172981,1,1,dgekt,0.6810963049341072
778563495851264148,4644364625800006675,300471914551172981,1,1,dgekt,0.6995652580608251
778563495851264148,1062464292871659639,8573800373938698102,1,1,dgekt,0.6847098351474088
778563495851264148,5932668873100475470,300471914551172981,1,1,dgekt,0.7209898081447911
778563495851264148,5237822943399727048,8573800373938698102,1,1,dgekt,0.6883182494130664
792014443860280347,300471914551172981,300471914551172981,1,1,dgekt,0.6801150097005656
792014443860280347,8573800373938698102,8573800373938698102,0,1,dgekt,0.6244597733501571
792014443860280347,2014268979504181100,300471914551172981,0,1,dgekt,0.6651356576839594
792014443860280347,2172169907340938753,300471914551172981,0,1,dgekt,0.6662837517059808
792014443860280347,8150806168444344502,300471914551172981,1,1,dgekt,0.688888455093555
792014443860280347,816286915455981984,8573800373938698102,1,1,dgekt,0.6770031508568203
792014443860280347,1962751598315765836,300471914551172981,0,1,dgekt,0.6935680775467012
792014443860280347,7444476343858270082,300471914551172981,0,1,dgekt,0.6975282883482606
792014443860280347,2537821716777940730,300471914551172981,0,1,dgekt,0.6983440149560636
792014443860280347,1061301253559417093,300471914551172981,1,1,dgekt,0.6794131064119566
792014443860280347,8553379303363759508,300471914551172981,1,1,dgekt,0.6716390417027954
792014443860280347,6440511557387709110,300471914551172981,1,1,dgekt,0.6964387123191638
792014443860280347,7744513373483970787,8573800373938698102,0,1,dgekt,0.6299633181672509
792014443860280347,2971078979906996375,300471914551172981,1,1,dgekt,0.6868115039427797
792014443860280347,5841359775533910823,300471914551172981,1,1,dgekt,0.657770971889856
792014443860280347,8621262567927479011,300471914551172981,1,1,dgekt,0.695483519589737
792014443860280347,8434961942249729798,8573800373938698102,1,1,dgekt,0.6631039917837108
792014443860280347,2322042198017538996,8573800373938698102,0,1,dgekt,0.6651897291590326
792014443860280347,1742185772413642127,300471914551172981,1,1,dgekt,0.7014593490023786
792014443860280347,2334639155148655290,8573800373938698102,1,1,dgekt,0.6714792308552008
792014443860280347,7660717256841499384,300471914551172981,1,1,dgekt,0.7153118836252634
792014443860280347,4113615466659810841,300471914551172981,1,1,dgekt,0.7005808025380067
792014443860280347,6125574002232610732,300471914551172981,1,1,dgekt,0.666212053383708
792014443860280347,2774368076249802464,8573800373938698102,1,1,dgekt,0.6589859279075847
792014443860280347,8903365289186067945,8573800373938698102,0,1,dgekt,0.6618783517672052
792014443860280347,6925932688889117475,300471914551172981,1,1,dgekt,0.7190397589541194
792014443860280347,8194071366621068887,8573800373938698102,0,1,dgekt,0.6396802644939785
792014443860280347,2986660907093963186,300471914551172981,1,1,dgekt,0.7244789070278044
792014443860280347,7591109345808921544,300471914551172981,1,1,dgekt,0.7009188802207593
792014443860280347,625545550176685521,8573800373938698102,0,1,dgekt,0.6732549828169474
792014443860280347,1761868641361943332,8573800373938698102,1,1,dgekt,0.6809389103229828
792014443860280347,4824259625677886603,300471914551172981,1,1,dgekt,0.6971199568935743
792014443860280347,8450591260754163598,8573800373938698102,1,1,dgekt,0.6593481343619
792014443860280347,1553079256999111676,300471914551172981,1,1,dgekt,0.7051598252343682
792014443860280347,3220231712819306119,8573800373938698102,1,1,dgekt,0.6663377307931307
792014443860280347,338807275221326836,300471914551172981,1,1,dgekt,0.6931567516815462
792014443860280347,8525319303741530302,8573800373938698102,1,1,dgekt,0.6671974406774354
792014443860280347,6587421150596252277,300471914551172981,1,1,dgekt,0.7068330079823564
792014443860280347,5891620578387310353,300471914551172981,0,1,dgekt,0.6899930681792181
792014443860280347,5791250638486922978,300471914551172981,1,1,dgekt,0.7112895989413759
792014443860280347,4031585874086886353,8573800373938698102,1,1,dgekt,0.6821286404001843
792014443860280347,2083452711903133430,8573800373938698102,1,1,dgekt,0.7040694793071505
792014443860280347,6319743179241711738,8573800373938698102,1,1,dgekt,0.684013329755303
792014443860280347,8628686323660025649,300471914551172981,1,1,dgekt,0.7104280388949681
792014443860280347,4378721629787482518,300471914551172981,1,1,dgekt,0.7164268184634326
792014443860280347,4813462692425748605,300471914551172981,0,1,dgekt,0.6810963049341072
792014443860280347,4644364625800006675,300471914551172981,1,1,dgekt,0.6995652580608251
792014443860280347,1062464292871659639,8573800373938698102,1,1,dgekt,0.6847098351474088
792014443860280347,5932668873100475470,300471914551172981,1,1,dgekt,0.7209898081447911
792014443860280347,5237822943399727048,8573800373938698102,1,1,dgekt,0.6883182494130664
792446419317429246,300471914551172981,300471914551172981,1,1,dgekt,0.6801150097005656
792446419317429246,8573800373938698102,8573800373938698102,1,1,dgekt,0.6244597733501571
792446419317429246,2014268979504181100,300471914551172981,0,1,dgekt,0.6651356576839594
792446419317429246,2172169907340938753,300471914551172981,1,1,dgekt,0.6662837517059808
792446419317429246,8150806168444344502,300471914551172981,1,1,dgekt,0.688888455093555
792446419317429246,816286915455981984,8573800373938698102,1,1,dgekt,0.6770031508568203
792446419317429246,1962751598315765836,300471914551172981,1,1,dgekt,0.6935680775467012
792446419317429246,7444476343858270082,300471914551172981,1,1,dgekt,0.6975282883482606
792446419317429246,2537821716777940730,300471914551172981,1,1,dgekt,0.6983440149560636
792446419317429246,1061301253559417093,300471914551172981,1,1,dgekt,0.6794131064119566
792446419317429246,8553379303363759508,300471914551172981,1,1,dgekt,0.6716390417027954
792446419317429246,6440511557387709110,300471914551172981,1,1,dgekt,0.6964387123191638
792446419317429246,7744513373483970787,8573800373938698102,1,1,dgekt,0.6299633181672509
792446419317429246,2971078979906996375,300471914551172981,1,1,dgekt,0.6868115039427797
792446419317429246,5841359775533910823,300471914551172981,0,1,dgekt,0.657770971889856
792446419317429246,8621262567927479011,300471914551172981,1,1,dgekt,0.695483519589737
792446419317429246,8434961942249729798,8573800373938698102,1,1,dgekt,0.6631039917837108
792446419317429246,2322042198017538996,8573800373938698102,1,1,dgekt,0.6651897291590326
792446419317429246,1742185772413642127,300471914551172981,1,1,dgekt,0.7014593490023786
792446419317429246,2334639155148655290,8573800373938698102,0,1,dgekt,0.6714792308552008
792446419317429246,7660717256841499384,300471914551172981,1,1,dgekt,0.7153118836252634
792446419317429246,4113615466659810841,300471914551172981,1,1,dgekt,0.7005808025380067
792446419317429246,6125574002232610732,300471914551172981,1,1,dgekt,0.666212053383708
792446419317429246,2774368076249802464,8573800373938698102,1,1,dgekt,0.6589859279075847
792446419317429246,8903365289186067945,8573800373938698102,0,1,dgekt,0.6618783517672052
792446419317429246,6925932688889117475,300471914551172981,0,1,dgekt,0.7190397589541194
792446419317429246,8194071366621068887,8573800373938698102,0,1,dgekt,0.6396802644939785
792446419317429246,2986660907093963186,300471914551172981,1,1,dgekt,0.7244789070278044
792446419317429246,7591109345808921544,300471914551172981,1,1,dgekt,0.7009188802207593
792446419317429246,625545550176685521,8573800373938698102,1,1,dgekt,0.6732549828169474
792446419317429246,1761868641361943332,8573800373938698102,1,1,dgekt,0.6809389103229828
792446419317429246,4824259625677886603,300471914551172981,1,1,dgekt,0.6971199568935743
792446419317429246,8450591260754163598,8573800373938698102,1,1,dgekt,0.6593481343619
792446419317429246,1553079256999111676,300471914551172981,1,1,dgekt,0.7051598252343682
792446419317429246,3220231712819306119,8573800373938698102,0,1,dgekt,0.6663377307931307
792446419317429246,338807275221326836,300471914551172981,1,1,dgekt,0.6931567516815462
792446419317429246,8525319303741530302,8573800373938698102,0,1,dgekt,0.6671974406774354
792446419317429246,6587421150596252277,300471914551172981,1,1,dgekt,0.7068330079823564
792446419317429246,5891620578387310353,300471914551172981,1,1,dgekt,0.6899930681792181
792446419317429246,5791250638486922978,300471914551172981,1,1,dgekt,0.7112895989413759
792446419317429246,4031585874086886353,8573800373938698102,1,1,dgekt,0.6821286404001843
792446419317429246,2083452711903133430,8573800373938698102,1,1,dgekt,0.7040694793071505
792446419317429246,6319743179241711738,8573800373938698102,0,1,dgekt,0.684013329755303
792446419317429246,8628686323660025649,300471914551172981,1,1,dgekt,0.7104280388949681
792446419317429246,4378721629787482518,300471914551172981,1,1,dgekt,0.7164268184634326
792446419317429246,4813462692425748605,300471914551172981,0,1,dgekt,0.6810963049341072
792446419317429246,4644364625800006675,300471914551172981,1,1,dgekt,0.6995652580608251
792446419317429246,1062464292871659639,8573800373938698102,1,1,dgekt,0.6847098351474088
792446419317429246,5932668873100475470,300471914551172981,1,1,dgekt,0.7209898081447911
792446419317429246,5237822943399727048,8573800373938698102,1,1,dgekt,0.6883182494130664
815543896097949188,300471914551172981,300471914551172981,1,1,dgekt,0.6801150097005656
815543896097949188,8573800373938698102,8573800373938698102,1,1,dgekt,0.6244597733501571
815543896097949188,2014268979504181100,300471914551172981,1,1,dgekt,0.6651356576839594
815543896097949188,2172169907340938753,300471914551172981,1,1,dgekt,0.6662837517059808
815543896097949188,8150806168444344502,300471914551172981,1,1,dgekt,0.688888455093555
815543896097949188,816286915455981984,8573800373938698102,1,1,dgekt,0.6770031508568203
815543896097949188,1962751598315765836,300471914551172981,1,1,dgekt,0.6935680775467012
815543896097949188,7444476343858270082,300471914551172981,1,1,dgekt,0.6975282883482606
815543896097949188,2537821716777940730,300471914551172981,1,1,dgekt,0.6983440149560636
815543896097949188,1061301253559417093,300471914551172981,1,1,dgekt,0.6794131064119566
815543896097949188,8553379303363759508,300471914551172981,1,1,dgekt,0.6716390417027954
815543896097949188,6440511557387709110,300471914551172981,1,1,dgekt,0.6964387123191638
815543896097949188,7744513373483970787,8573800373938698102,1,1,dgekt,0.6299633181672509
815543896097949188,2971078979906996375,300471914551172981,1,1,dgekt,0.6868115039427797
815543896097949188,5841359775533910823,300471914551172981,1,1,dgekt,0.657770971889856
815543896097949188,8621262567927479011,300471914551172981,1,1,dgekt,0.695483519589737
815543896097949188,8434961942249729798,8573800373938698102,1,1,dgekt,0.6631039917837108
815543896097949188,2322042198017538996,8573800373938698102,1,1,dgekt,0.6651897291590326
815543896097949188,1742185772413642127,300471914551172981,1,1,dgekt,0.7014593490023786
815543896097949188,2334639155148655290,8573800373938698102,0,1,dgekt,0.6714792308552008
815543896097949188,7660717256841499384,300471914551172981,1,1,dgekt,0.7153118836252634
815543896097949188,4113615466659810841,300471914551172981,1,1,dgekt,0.7005808025380067
815543896097949188,6125574002232610732,300471914551172981,1,1,dgekt,0.666212053383708
815543896097949188,2774368076249802464,8573800373938698102,0,1,dgekt,0.6589859279075847
815543896097949188,8903365289186067945,8573800373938698102,0,1,dgekt,0.6618783517672052
815543896097949188,6925932688889117475,300471914551172981,1,1,dgekt,0.7190397589541194
815543896097949188,8194071366621068887,8573800373938698102,0,1,dgekt,0.6396802644939785
815543896097949188,2986660907093963186,300471914551172981,1,1,dgekt,0.7244789070278044
815543896097949188,7591109345808921544,300471914551172981,1,1,dgekt,0.7009188802207593
815543896097949188,625545550176685521,8573800373938698102,0,1,dgekt,0.6732549828169474
815543896097949188,1761868641361943332,8573800373938698102,1,1,dgekt,0.6809389103229828
815543896097949188,4824259625677886603,300471914551172981,1,1,dgekt,0.6971199568935743
815543896097949188,8450591260754163598,8573800373938698102,1,1,dgekt,0.6593481343619
815543896097949188,1553079256999111676,300471914551172981,1,1,dgekt,0.7051598252343682
815543896097949188,3220231712819306119,8573800373938698102,1,1,dgekt,0.6663377307931307
815543896097949188,338807275221326836,300471914551172981,1,1,dgekt,0.6931567516815462
815543896097949188,8525319303741530302,8573800373938698102,1,1,dgekt,0.6671974406774354
815543896097949188,6587421150596252277,300471914551172981,1,1,dgekt,0.7068330079823564
815543896097949188,5891620578387310353,300471914551172981,1,1,dgekt,0.6899930681792181
815543896097949188,5791250638486922978,300471914551172981,1,1,dgekt,0.7112895989413759
815543896097949188,4031585874086886353,8573800373938698102,1,1,dgekt,0.6821286404001843
815543896097949188,2083452711903133430,8573800373938698102,1,1,dgekt,0.7040694793071505
815543896097949188,6319743179241711738,8573800373938698102,1,1,dgekt,0.684013329755303
815543896097949188,8628686323660025649,300471914551172981,1,1,dgekt,0.7104280388949681
815543896097949188,4378721629787482518,300471914551172981,1,1,dgekt,0.7164268184634326
815543896097949188,4813462692425748605,300471914551172981,1,1,dgekt,0.6810963049341072
815543896097949188,4644364625800006675,300471914551172981,0,1,dgekt,0.6995652580608251
815543896097949188,1062464292871659639,8573800373938698102,0,1,dgekt,0.6847098351474088
815543896097949188,5932668873100475470,300471914551172981,1,1,dgekt,0.7209898081447911
815543896097949188,5237822943399727048,8573800373938698102,1,1,dgekt,0.6883182494130664
816596308256074087,300471914551172981,300471914551172981,1,1,dgekt,0.6801150097005656
816596308256074087,8573800373938698102,8573800373938698102,0,1,dgekt,0.6244597733501571
816596308256074087,2014268979504181100,300471914551172981,1,1,dgekt,0.6651356576839594
816596308256074087,2172169907340938753,300471914551172981,1,1,dgekt,0.6662837517059808
816596308256074087,8150806168444344502,300471914551172981,1,1,dgekt,0.688888455093555
816596308256074087,816286915455981984,8573800373938698102,1,1,dgekt,0.6770031508568203
816596308256074087,1962751598315765836,300471914551172981,1,1,dgekt,0.6935680775467012
816596308256074087,7444476343858270082,300471914551172981,1,1,dgekt,0.6975282883482606
816596308256074087,2537821716777940730,300471914551172981,1,1,dgekt,0.6983440149560636
816596308256074087,1061301253559417093,300471914551172981,1,1,dgekt,0.6794131064119566
816596308256074087,8553379303363759508,300471914551172981,1,1,dgekt,0.6716390417027954
816596308256074087,6440511557387709110,300471914551172981,1,1,dgekt,0.6964387123191638
816596308256074087,7744513373483970787,8573800373938698102,1,1,dgekt,0.6299633181672509
816596308256074087,2971078979906996375,300471914551172981,1,1,dgekt,0.6868115039427797
816596308256074087,5841359775533910823,300471914551172981,1,1,dgekt,0.657770971889856
816596308256074087,8621262567927479011,300471914551172981,1,1,dgekt,0.695483519589737
816596308256074087,8434961942249729798,8573800373938698102,1,1,dgekt,0.6631039917837108
816596308256074087,2322042198017538996,8573800373938698102,1,1,dgekt,0.6651897291590326
816596308256074087,1742185772413642127,300471914551172981,1,1,dgekt,0.7014593490023786
816596308256074087,2334639155148655290,8573800373938698102,1,1,dgekt,0.6714792308552008
816596308256074087,7660717256841499384,300471914551172981,1,1,dgekt,0.7153118836252634
816596308256074087,4113615466659810841,300471914551172981,1,1,dgekt,0.7005808025380067
816596308256074087,6125574002232610732,300471914551172981,1,1,dgekt,0.666212053383708
816596308256074087,2774368076249802464,8573800373938698102,1,1,dgekt,0.6589859279075847
816596308256074087,8903365289186067945,8573800373938698102,1,1,dgekt,0.6618783517672052
816596308256074087,6925932688889117475,300471914551172981,1,1,dgekt,0.7190397589541194
816596308256074087,8194071366621068887,8573800373938698102,1,1,dgekt,0.6396802644939785
816596308256074087,2986660907093963186,300471914551172981,1,1,dgekt,0.7244789070278044
816596308256074087,7591109345808921544,300471914551172981,1,1,dgekt,0.7009188802207593
816596308256074087,625545550176685521,8573800373938698102,1,1,dgekt,0.6732549828169474
816596308256074087,1761868641361943332,8573800373938698102,1,1,dgekt,0.6809389103229828
816596308256074087,4824259625677886603,300471914551172981,1,1,dgekt,0.6971199568935743
816596308256074087,8450591260754163598,8573800373938698102,1,1,dgekt,0.6593481343619
816596308256074087,1553079256999111676,300471914551172981,1,1,dgekt,0.7051598252343682
816596308256074087,3220231712819306119,8573800373938698102,1,1,dgekt,0.6663377307931307
816596308256074087,338807275221326836,300471914551172981,1,1,dgekt,0.6931567516815462
816596308256074087,8525319303741530302,8573800373938698102,1,1,dgekt,0.6671974406774354
816596308256074087,6587421150596252277,300471914551172981,1,1,dgekt,0.7068330079823564
816596308256074087,5891620578387310353,300471914551172981,1,1,dgekt,0.6899930681792181
816596308256074087,5791250638486922978,300471914551172981,1,1,dgekt,0.7112895989413759
816596308256074087,4031585874086886353,8573800373938698102,1,1,dgekt,0.6821286404001843
816596308256074087,2083452711903133430,8573800373938698102,1,1,dgekt,0.7040694793071505
816596308256074087,6319743179241711738,8573800373938698102,1,1,dgekt,0.684013329755303
816596308256074087,8628686323660025649,300471914551172981,1,1,dgekt,0.7104280388949681
816596308256074087,4378721629787482518,300471914551172981,1,1,dgekt,0.7164268184634326
816596308256074087,4813462692425748605,300471914551172981,1,1,dgekt,0.6810963049341072
816596308256074087,4644364625800006675,300471914551172981,1,1,dgekt,0.6995652580608251
816596308256074087,1062464292871659639,8573800373938698102,0,1,dgekt,0.6847098351474088
816596308256074087,5932668873100475470,300471914551172981,1,1,dgekt,0.7209898081447911
816596308256074087,5237822943399727048,8573800373938698102,1,1,dgekt,0.6883182494130664
837249346332151142,300471914551172981,300471914551172981,1,1,dgekt,0.6801150097005656
837249346332151142,8573800373938698102,8573800373938698102,1,1,dgekt,0.6244597733501571
837249346332151142,2014268979504181100,300471914551172981,0,1,dgekt,0.6651356576839594
837249346332151142,2172169907340938753,300471914551172981,1,1,dgekt,0.6662837517059808
837249346332151142,8150806168444344502,300471914551172981,1,1,dgekt,0.688888455093555
837249346332151142,816286915455981984,8573800373938698102,1,1,dgekt,0.6770031508568203
837249346332151142,1962751598315765836,300471914551172981,1,1,dgekt,0.6935680775467012
837249346332151142,7444476343858270082,300471914551172981,1,1,dgekt,0.6975282883482606
837249346332151142,2537821716777940730,300471914551172981,1,1,dgekt,0.6983440149560636
837249346332151142,1061301253559417093,300471914551172981,0,1,dgekt,0.6794131064119566
837249346332151142,8553379303363759508,300471914551172981,0,1,dgekt,0.6716390417027954
837249346332151142,6440511557387709110,300471914551172981,1,1,dgekt,0.6964387123191638
837249346332151142,7744513373483970787,8573800373938698102,1,1,dgekt,0.6299633181672509
837249346332151142,2971078979906996375,300471914551172981,1,1,dgekt,0.6868115039427797
837249346332151142,5841359775533910823,300471914551172981,0,1,dgekt,0.657770971889856
837249346332151142,8621262567927479011,300471914551172981,1,1,dgekt,0.695483519589737
837249346332151142,8434961942249729798,8573800373938698102,1,1,dgekt,0.6631039917837108
837249346332151142,2322042198017538996,8573800373938698102,1,1,dgekt,0.6651897291590326
837249346332151142,1742185772413642127,300471914551172981,1,1,dgekt,0.7014593490023786
837249346332151142,2334639155148655290,8573800373938698102,1,1,dgekt,0.6714792308552008
837249346332151142,7660717256841499384,300471914551172981,1,1,dgekt,0.7153118836252634
837249346332151142,4113615466659810841,300471914551172981,1,1,dgekt,0.7005808025380067
837249346332151142,6125574002232610732,300471914551172981,1,1,dgekt,0.666212053383708
837249346332151142,2774368076249802464,8573800373938698102,1,1,dgekt,0.6589859279075847
837249346332151142,8903365289186067945,8573800373938698102,1,1,dgekt,0.6618783517672052
837249346332151142,6925932688889117475,300471914551172981,1,1,dgekt,0.7190397589541194
837249346332151142,8194071366621068887,8573800373938698102,1,1,dgekt,0.6396802644939785
837249346332151142,2986660907093963186,300471914551172981,1,1,dgekt,0.7244789070278044
837249346332151142,7591109345808921544,300471914551172981,0,1,dgekt,0.7009188802207593
837249346332151142,625545550176685521,8573800373938698102,1,1,dgekt,0.6732549828169474
837249346332151142,1761868641361943332,8573800373938698102,1,1,dgekt,0.6809389103229828
837249346332151142,4824259625677886603,300471914551172981,0,1,dgekt,0.6971199568935743
837249346332151142,8450591260754163598,8573800373938698102,1,1,dgekt,0.6593481343619
837249346332151142,1553079256999111676,300471914551172981,0,1,dgekt,0.7051598252343682
837249346332151142,3220231712819306119,8573800373938698102,1,1,dgekt,0.6663377307931307
837249346332151142,338807275221326836,300471914551172981,0,1,dgekt,0.6931567516815462
837249346332151142,8525319303741530302,8573800373938698102,1,1,dgekt,0.6671974406774354
837249346332151142,6587421150596252277,300471914551172981,1,1,dgekt,0.7068330079823564
837249346332151142,5891620578387310353,300471914551172981,0,1,dgekt,0.6899930681792181
837249346332151142,5791250638486922978,300471914551172981,0,1,dgekt,0.7112895989413759
837249346332151142,4031585874086886353,8573800373938698102,1,1,dgekt,0.6821286404001843
837249346332151142,2083452711903133430,8573800373938698102,1,1,dgekt,0.7040694793071505
837249346332151142,6319743179241711738,8573800373938698102,1,1,dgekt,0.684013329755303
837249346332151142,8628686323660025649,300471914551172981,1,1,dgekt,0.7104280388949681
837249346332151142,4378721629787482518,300471914551172981,1,1,dgekt,0.7164268184634326
837249346332151142,4813462692425748605,300471914551172981,0,1,dgekt,0.6810963049341072
837249346332151142,4644364625800006675,300471914551172981,1,1,dgekt,0.6995652580608251
837249346332151142,1062464292871659639,8573800373938698102,1,1,dgekt,0.6847098351474088
837249346332151142,5932668873100475470,300471914551172981,1,1,dgekt,0.7209898081447911
837249346332151142,5237822943399727048,8573800373938698102,1,1,dgekt,0.6883182494130664
862177479803381102,300471914551172981,300471914551172981,0,1,dgekt,0.6801150097005656
862177479803381102,8573800373938698102,8573800373938698102,0,1,dgekt,0.6244597733501571
862177479803381102,2014268979504181100,300471914551172981,0,1,dgekt,0.6651356576839594
862177479803381102,2172169907340938753,300471914551172981,1,1,dgekt,0.6662837517059808
862177479803381102,8150806168444344502,300471914551172981,0,1,dgekt,0.688888455093555
862177479803381102,816286915455981984,8573800373938698102,1,1,dgekt,0.6770031508568203
862177479803381102,1962751598315765836,300471914551172981,1,1,dgekt,0.6935680775467012
862177479803381102,7444476343858270082,300471914551172981,1,1,dgekt,0.6975282883482606
862177479803381102,2537821716777940730,300471914551172981,1,1,dgekt,0.6983440149560636
862177479803381102,1061301253559417093,300471914551172981,0,1,dgekt,0.6794131064119566
862177479803381102,8553379303363759508,300471914551172981,0,1,dgekt,0.6716390417027954
862177479803381102,6440511557387709110,300471914551172981,1,1,dgekt,0.6964387123191638
862177479803381102,7744513373483970787,8573800373938698102,1,1,dgekt,0.6299633181672509
862177479803381102,2971078979906996375,300471914551172981,0,1,dgekt,0.6868115039427797
862177479803381102,5841359775533910823,300471914551172981,0,1,dgekt,0.657770971889856
862177479803381102,8621262567927479011,300471914551172981,0,1,dgekt,0.695483519589737
862177479803381102,8434961942249729798,8573800373938698102,1,1,dgekt,0.6631039917837108
862177479803381102,2322042198017538996,8573800373938698102,1,1,dgekt,0.6651897291590326
862177479803381102,1742185772413642127,300471914551172981,1,1,dgekt,0.7014593490023786
862177479803381102,2334639155148655290,8573800373938698102,1,1,dgekt,0.6714792308552008
862177479803381102,7660717256841499384,300471914551172981,1,1,dgekt,0.7153118836252634
862177479803381102,4113615466659810841,300471914551172981,1,1,dgekt,0.7005808025380067
862177479803381102,6125574002232610732,300471914551172981,0,1,dgekt,0.666212053383708
862177479803381102,2774368076249802464,8573800373938698102,1,1,dgekt,0.6589859279075847
862177479803381102,8903365289186067945,8573800373938698102,1,1,dgekt,0.6618783517672052
862177479803381102,6925932688889117475,300471914551172981,1,1,dgekt,0.7190397589541194
862177479803381102,8194071366621068887,8573800373938698102,0,1,dgekt,0.6396802644939785
862177479803381102,2986660907093963186,300471914551172981,1,1,dgekt,0.7244789070278044
862177479803381102,7591109345808921544,300471914551172981,0,1,dgekt,0.7009188802207593
862177479803381102,625545550176685521,8573800373938698102,0,1,dgekt,0.6732549828169474
862177479803381102,1761868641361943332,8573800373938698102,1,1,dgekt,0.6809389103229828
862177479803381102,4824259625677886603,300471914551172981,0,1,dgekt,0.6971199568935743
862177479803381102,8450591260754163598,8573800373938698102,1,1,dgekt,0.6593481343619
862177479803381102,1553079256999111676,300471914551172981,1,1,dgekt,0.7051598252343682
862177479803381102,3220231712819306119,8573800373938698102,1,1,dgekt,0.6663377307931307
862177479803381102,338807275221326836,300471914551172981,0,1,dgekt,0.6931567516815462
862177479803381102,8525319303741530302,8573800373938698102,1,1,dgekt,0.6671974406774354
862177479803381102,6587421150596252277,300471914551172981,1,1,dgekt,0.7068330079823564
862177479803381102,5891620578387310353,300471914551172981,0,1,dgekt,0.6899930681792181
862177479803381102,5791250638486922978,300471914551172981,1,1,dgekt,0.7112895989413759
862177479803381102,4031585874086886353,8573800373938698102,1,1,dgekt,0.6821286404001843
862177479803381102,2083452711903133430,8573800373938698102,1,1,dgekt,0.7040694793071505
862177479803381102,6319743179241711738,8573800373938698102,1,1,dgekt,0.684013329755303
862177479803381102,8628686323660025649,300471914551172981,1,1,dgekt,0.7104280388949681
862177479803381102,4378721629787482518,300471914551172981,0,1,dgekt,0.7164268184634326
862177479803381102,4813462692425748605,300471914551172981,0,1,dgekt,0.6810963049341072
862177479803381102,4644364625800006675,300471914551172981,0,1,dgekt,0.6995652580608251
862177479803381102,1062464292871659639,8573800373938698102,1,1,dgekt,0.6847098351474088
862177479803381102,5932668873100475470,300471914551172981,1,1,dgekt,0.7209898081447911
862177479803381102,5237822943399727048,8573800373938698102,1,1,dgekt,0.6883182494130664
942706140549317669,300471914551172981,300471914551172981,1,1,dgekt,0.6801150097005656
942706140549317669,8573800373938698102,8573800373938698102,0,1,dgekt,0.6244597733501571
942706140549317669,2014268979504181100,300471914551172981,0,1,dgekt,0.6651356576839594
942706140549317669,2172169907340938753,300471914551172981,1,1,dgekt,0.6662837517059808
942706140549317669,8150806168444344502,300471914551172981,1,1,dgekt,0.688888455093555
942706140549317669,816286915455981984,8573800373938698102,0,1,dgekt,0.6770031508568203
942706140549317669,1962751598315765836,300471914551172981,1,1,dgekt,0.6935680775467012
942706140549317669,7444476343858270082,300471914551172981,1,1,dgekt,0.6975282883482606
942706140549317669,2537821716777940730,300471914551172981,1,1,dgekt,0.6983440149560636
942706140549317669,1061301253559417093,300471914551172981,1,1,dgekt,0.6794131064119566
942706140549317669,8553379303363759508,300471914551172981,1,1,dgekt,0.6716390417027954
942706140549317669,6440511557387709110,300471914551172981,1,1,dgekt,0.6964387123191638
942706140549317669,7744513373483970787,8573800373938698102,0,1,dgekt,0.6299633181672509
942706140549317669,2971078979906996375,300471914551172981,1,1,dgekt,0.6868115039427797
942706140549317669,5841359775533910823,300471914551172981,1,1,dgekt,0.657770971889856
942706140549317669,8621262567927479011,300471914551172981,1,1,dgekt,0.695483519589737
942706140549317669,8434961942249729798,8573800373938698102,0,1,dgekt,0.6631039917837108
942706140549317669,2322042198017538996,8573800373938698102,0,1,dgekt,0.6651897291590326
942706140549317669,1742185772413642127,300471914551172981,1,1,dgekt,0.7014593490023786
942706140549317669,2334639155148655290,8573800373938698102,0,1,dgekt,0.6714792308552008
942706140549317669,7660717256841499384,300471914551172981,1,1,dgekt,0.7153118836252634
942706140549317669,4113615466659810841,300471914551172981,1,1,dgekt,0.7005808025380067
942706140549317669,6125574002232610732,300471914551172981,1,1,dgekt,0.666212053383708
942706140549317669,2774368076249802464,8573800373938698102,0,1,dgekt,0.6589859279075847
942706140549317669,8903365289186067945,8573800373938698102,0,1,dgekt,0.6618783517672052
942706140549317669,6925932688889117475,300471914551172981,1,1,dgekt,0.7190397589541194
942706140549317669,8194071366621068887,8573800373938698102,0,1,dgekt,0.6396802644939785
942706140549317669,2986660907093963186,300471914551172981,1,1,dgekt,0.7244789070278044
942706140549317669,7591109345808921544,300471914551172981,1,1,dgekt,0.7009188802207593
942706140549317669,625545550176685521,8573800373938698102,0,1,dgekt,0.6732549828169474
942706140549317669,1761868641361943332,8573800373938698102,0,1,dgekt,0.6809389103229828
942706140549317669,4824259625677886603,300471914551172981,1,1,dgekt,0.6971199568935743
942706140549317669,8450591260754163598,8573800373938698102,0,1,dgekt,0.6593481343619
942706140549317669,1553079256999111676,300471914551172981,1,1,dgekt,0.7051598252343682
942706140549317669,3220231712819306119,8573800373938698102,1,1,dgekt,0.6663377307931307
942706140549317669,338807275221326836,300471914551172981,1,1,dgekt,0.6931567516815462
942706140549317669,8525319303741530302,8573800373938698102,0,1,dgekt,0.6671974406774354
942706140549317669,6587421150596252277,300471914551172981,1,1,dgekt,0.7068330079823564
942706140549317669,5891620578387310353,300471914551172981,1,1,dgekt,0.6899930681792181
942706140549317669,5791250638486922978,300471914551172981,1,1,dgekt,0.7112895989413759
942706140549317669,4031585874086886353,8573800373938698102,0,1,dgekt,0.6821286404001843
942706140549317669,2083452711903133430,8573800373938698102,1,1,dgekt,0.7040694793071505
942706140549317669,6319743179241711738,8573800373938698102,0,1,dgekt,0.684013329755303
942706140549317669,8628686323660025649,300471914551172981,1,1,dgekt,0.7104280388949681
942706140549317669,4378721629787482518,300471914551172981,1,1,dgekt,0.7164268184634326
942706140549317669,4813462692425748605,300471914551172981,1,1,dgekt,0.6810963049341072
942706140549317669,4644364625800006675,300471914551172981,1,1,dgekt,0.6995652580608251
942706140549317669,1062464292871659639,8573800373938698102,0,1,dgekt,0.6847098351474088
942706140549317669,5932668873100475470,300471914551172981,1,1,dgekt,0.7209898081447911
942706140549317669,5237822943399727048,8573800373938698102,0,1,dgekt,0.6883182494130664
948515507813699733,300471914551172981,300471914551172981,1,1,dgekt,0.6801150097005656
948515507813699733,8573800373938698102,8573800373938698102,1,1,dgekt,0.6244597733501571
948515507813699733,2014268979504181100,300471914551172981,0,1,dgekt,0.6651356576839594
948515507813699733,2172169907340938753,300471914551172981,0,1,dgekt,0.6662837517059808
948515507813699733,8150806168444344502,300471914551172981,1,1,dgekt,0.688888455093555
948515507813699733,816286915455981984,8573800373938698102,1,1,dgekt,0.6770031508568203
948515507813699733,1962751598315765836,300471914551172981,0,1,dgekt,0.6935680775467012
948515507813699733,7444476343858270082,300471914551172981,1,1,dgekt,0.6975282883482606
948515507813699733,2537821716777940730,300471914551172981,1,1,dgekt,0.6983440149560636
948515507813699733,1061301253559417093,300471914551172981,1,1,dgekt,0.6794131064119566
948515507813699733,8553379303363759508,300471914551172981,1,1,dgekt,0.6716390417027954
948515507813699733,6440511557387709110,300471914551172981,1,1,dgekt,0.6964387123191638
948515507813699733,7744513373483970787,8573800373938698102,1,1,dgekt,0.6299633181672509
948515507813699733,2971078979906996375,300471914551172981,1,1,dgekt,0.6868115039427797
948515507813699733,5841359775533910823,300471914551172981,1,1,dgekt,0.657770971889856
948515507813699733,8621262567927479011,300471914551172981,1,1,dgekt,0.695483519589737
948515507813699733,8434961942249729798,8573800373938698102,1,1,dgekt,0.6631039917837108
948515507813699733,2322042198017538996,8573800373938698102,1,1,dgekt,0.6651897291590326
948515507813699733,1742185772413642127,300471914551172981,1,1,dgekt,0.7014593490023786
948515507813699733,2334639155148655290,8573800373938698102,1,1,dgekt,0.6714792308552008
948515507813699733,7660717256841499384,300471914551172981,1,1,dgekt,0.7153118836252634
948515507813699733,4113615466659810841,300471914551172981,1,1,dgekt,0.7005808025380067
948515507813699733,6125574002232610732,300471914551172981,0,1,dgekt,0.666212053383708
948515507813699733,2774368076249802464,8573800373938698102,1,1,dgekt,0.6589859279075847
948515507813699733,8903365289186067945,8573800373938698102,0,1,dgekt,0.6618783517672052
948515507813699733,6925932688889117475,300471914551172981,1,1,dgekt,0.7190397589541194
948515507813699733,8194071366621068887,8573800373938698102,1,1,dgekt,0.6396802644939785
948515507813699733,2986660907093963186,300471914551172981,1,1,dgekt,0.7244789070278044
948515507813699733,7591109345808921544,300471914551172981,1,1,dgekt,0.7009188802207593
948515507813699733,625545550176685521,8573800373938698102,1,1,dgekt,0.6732549828169474
948515507813699733,1761868641361943332,8573800373938698102,1,1,dgekt,0.6809389103229828
948515507813699733,4824259625677886603,300471914551172981,1,1,dgekt,0.6971199568935743
948515507813699733,8450591260754163598,8573800373938698102,1,1,dgekt,0.6593481343619
948515507813699733,1553079256999111676,300471914551172981,1,1,dgekt,0.7051598252343682
948515507813699733,3220231712819306119,8573800373938698102,1,1,dgekt,0.6663377307931307
948515507813699733,338807275221326836,300471914551172981,1,1,dgekt,0.6931567516815462
948515507813699733,8525319303741530302,8573800373938698102,1,1,dgekt,0.6671974406774354
948515507813699733,6587421150596252277,300471914551172981,1,1,dgekt,0.7068330079823564
948515507813699733,5891620578387310353,300471914551172981,1,1,dgekt,0.6899930681792181
948515507813699733,5791250638486922978,300471914551172981,1,1,dgekt,0.7112895989413759
948515507813699733,4031585874086886353,8573800373938698102,1,1,dgekt,0.6821286404001843
948515507813699733,2083452711903133430,8573800373938698102,1,1,dgekt,0.7040694793071505
948515507813699733,6319743179241711738,8573800373938698102,1,1,dgekt,0.684013329755303
948515507813699733,8628686323660025649,300471914551172981,1,1,dgekt,0.7104280388949681
948515507813699733,4378721629787482518,300471914551172981,1,1,dgekt,0.7164268184634326
948515507813699733,4813462692425748605,300471914551172981,1,1,dgekt,0.6810963049341072
948515507813699733,4644364625800006675,300471914551172981,0,1,dgekt,0.6995652580608251
948515507813699733,1062464292871659639,8573800373938698102,1,1,dgekt,0.6847098351474088
948515507813699733,5932668873100475470,300471914551172981,1,1,dgekt,0.7209898081447911
948515507813699733,5237822943399727048,8573800373938698102,1,1,dgekt,0.6883182494130664
958813039069687279,300471914551172981,300471914551172981,1,1,dgekt,0.6801150097005656
958813039069687279,8573800373938698102,8573800373938698102,1,1,dgekt,0.6244597733501571
958813039069687279,2014268979504181100,300471914551172981,1,1,dgekt,0.6651356576839594
958813039069687279,2172169907340938753,300471914551172981,1,1,dgekt,0.6662837517059808
958813039069687279,8150806168444344502,300471914551172981,1,1,dgekt,0.688888455093555
958813039069687279,816286915455981984,8573800373938698102,1,1,dgekt,0.6770031508568203
958813039069687279,1962751598315765836,300471914551172981,1,1,dgekt,0.6935680775467012
958813039069687279,7444476343858270082,300471914551172981,1,1,dgekt,0.6975282883482606
958813039069687279,2537821716777940730,300471914551172981,1,1,dgekt,0.6983440149560636
958813039069687279,1061301253559417093,300471914551172981,1,1,dgekt,0.6794131064119566
958813039069687279,8553379303363759508,300471914551172981,1,1,dgekt,0.6716390417027954
958813039069687279,6440511557387709110,300471914551172981,1,1,dgekt,0.6964387123191638
958813039069687279,7744513373483970787,8573800373938698102,1,1,dgekt,0.6299633181672509
958813039069687279,2971078979906996375,300471914551172981,1,1,dgekt,0.6868115039427797
958813039069687279,5841359775533910823,300471914551172981,0,1,dgekt,0.657770971889856
958813039069687279,8621262567927479011,300471914551172981,1,1,dgekt,0.695483519589737
958813039069687279,8434961942249729798,8573800373938698102,1,1,dgekt,0.6631039917837108
958813039069687279,2322042198017538996,8573800373938698102,1,1,dgekt,0.6651897291590326
958813039069687279,1742185772413642127,300471914551172981,1,1,dgekt,0.7014593490023786
958813039069687279,2334639155148655290,8573800373938698102,1,1,dgekt,0.6714792308552008
958813039069687279,7660717256841499384,300471914551172981,1,1,dgekt,0.7153118836252634
958813039069687279,4113615466659810841,300471914551172981,1,1,dgekt,0.7005808025380067
958813039069687279,6125574002232610732,300471914551172981,1,1,dgekt,0.666212053383708
958813039069687279,2774368076249802464,8573800373938698102,1,1,dgekt,0.6589859279075847
958813039069687279,8903365289186067945,8573800373938698102,1,1,dgekt,0.6618783517672052
958813039069687279,6925932688889117475,300471914551172981,1,1,dgekt,0.7190397589541194
958813039069687279,8194071366621068887,8573800373938698102,1,1,dgekt,0.6396802644939785
958813039069687279,2986660907093963186,300471914551172981,1,1,dgekt,0.7244789070278044
958813039069687279,7591109345808921544,300471914551172981,1,1,dgekt,0.7009188802207593
958813039069687279,625545550176685521,8573800373938698102,1,1,dgekt,0.6732549828169474
958813039069687279,1761868641361943332,8573800373938698102,1,1,dgekt,0.6809389103229828
958813039069687279,4824259625677886603,300471914551172981,1,1,dgekt,0.6971199568935743
958813039069687279,8450591260754163598,8573800373938698102,1,1,dgekt,0.6593481343619
958813039069687279,1553079256999111676,300471914551172981,1,1,dgekt,0.7051598252343682
958813039069687279,3220231712819306119,8573800373938698102,1,1,dgekt,0.6663377307931307
958813039069687279,338807275221326836,300471914551172981,1,1,dgekt,0.6931567516815462
958813039069687279,8525319303741530302,8573800373938698102,1,1,dgekt,0.6671974406774354
958813039069687279,6587421150596252277,300471914551172981,1,1,dgekt,0.7068330079823564
958813039069687279,5891620578387310353,300471914551172981,1,1,dgekt,0.6899930681792181
958813039069687279,5791250638486922978,300471914551172981,1,1,dgekt,0.7112895989413759
958813039069687279,4031585874086886353,8573800373938698102,1,1,dgekt,0.6821286404001843
958813039069687279,2083452711903133430,8573800373938698102,1,1,dgekt,0.7040694793071505
958813039069687279,6319743179241711738,8573800373938698102,1,1,dgekt,0.684013329755303
958813039069687279,8628686323660025649,300471914551172981,1,1,dgekt,0.7104280388949681
958813039069687279,4378721629787482518,300471914551172981,1,1,dgekt,0.7164268184634326
958813039069687279,4813462692425748605,300471914551172981,1,1,dgekt,0.6810963049341072
958813039069687279,4644364625800006675,300471914551172981,1,1,dgekt,0.6995652580608251
958813039069687279,1062464292871659639,8573800373938698102,1,1,dgekt,0.6847098351474088
958813039069687279,5932668873100475470,300471914551172981,1,1,dgekt,0.7209898081447911
958813039069687279,5237822943399727048,8573800373938698102,1,1,dgekt,0.6883182494130664
1008649928653191505,300471914551172981,300471914551172981,0,1,dgekt,0.6801150097005656
1008649928653191505,8573800373938698102,8573800373938698102,0,1,dgekt,0.6244597733501571
1008649928653191505,2014268979504181100,300471914551172981,0,1,dgekt,0.6651356576839594
1008649928653191505,2172169907340938753,300471914551172981,0,1,dgekt,0.6662837517059808
1008649928653191505,8150806168444344502,300471914551172981,0,1,dgekt,0.688888455093555
1008649928653191505,816286915455981984,8573800373938698102,0,1,dgekt,0.6770031508568203
1008649928653191505,1962751598315765836,300471914551172981,0,1,dgekt,0.6935680775467012
1008649928653191505,7444476343858270082,300471914551172981,1,1,dgekt,0.6975282883482606
1008649928653191505,2537821716777940730,300471914551172981,0,1,dgekt,0.6983440149560636
1008649928653191505,1061301253559417093,300471914551172981,0,1,dgekt,0.6794131064119566
1008649928653191505,8553379303363759508,300471914551172981,0,1,dgekt,0.6716390417027954
1008649928653191505,6440511557387709110,300471914551172981,0,1,dgekt,0.6964387123191638
1008649928653191505,7744513373483970787,8573800373938698102,0,1,dgekt,0.6299633181672509
1008649928653191505,2971078979906996375,300471914551172981,0,1,dgekt,0.6868115039427797
1008649928653191505,5841359775533910823,300471914551172981,0,1,dgekt,0.657770971889856
1008649928653191505,8621262567927479011,300471914551172981,0,1,dgekt,0.695483519589737
1008649928653191505,8434961942249729798,8573800373938698102,1,1,dgekt,0.6631039917837108
1008649928653191505,2322042198017538996,8573800373938698102,0,1,dgekt,0.6651897291590326
1008649928653191505,1742185772413642127,300471914551172981,0,1,dgekt,0.7014593490023786
1008649928653191505,2334639155148655290,8573800373938698102,0,1,dgekt,0.6714792308552008
1008649928653191505,7660717256841499384,300471914551172981,1,1,dgekt,0.7153118836252634
1008649928653191505,4113615466659810841,300471914551172981,0,1,dgekt,0.7005808025380067
1008649928653191505,6125574002232610732,300471914551172981,1,1,dgekt,0.666212053383708
1008649928653191505,2774368076249802464,8573800373938698102,0,1,dgekt,0.6589859279075847
1008649928653191505,8903365289186067945,8573800373938698102,0,1,dgekt,0.6618783517672052
1008649928653191505,6925932688889117475,300471914551172981,0,1,dgekt,0.7190397589541194
1008649928653191505,8194071366621068887,8573800373938698102,0,1,dgekt,0.6396802644939785
1008649928653191505,2986660907093963186,300471914551172981,0,1,dgekt,0.7244789070278044
1008649928653191505,7591109345808921544,300471914551172981,0,1,dgekt,0.7009188802207593
1008649928653191505,625545550176685521,8573800373938698102,0,1,dgekt,0.6732549828169474
1008649928653191505,1761868641361943332,8573800373938698102,0,1,dgekt,0.6809389103229828
1008649928653191505,4824259625677886603,300471914551172981,0,1,dgekt,0.6971199568935743
1008649928653191505,8450591260754163598,8573800373938698102,0,1,dgekt,0.6593481343619
1008649928653191505,1553079256999111676,300471914551172981,0,1,dgekt,0.7051598252343682
1008649928653191505,3220231712819306119,8573800373938698102,0,1,dgekt,0.6663377307931307
1008649928653191505,338807275221326836,300471914551172981,0,1,dgekt,0.6931567516815462
1008649928653191505,8525319303741530302,8573800373938698102,0,1,dgekt,0.6671974406774354
1008649928653191505,6587421150596252277,300471914551172981,1,1,dgekt,0.7068330079823564
1008649928653191505,5891620578387310353,300471914551172981,0,1,dgekt,0.6899930681792181
1008649928653191505,5791250638486922978,300471914551172981,0,1,dgekt,0.7112895989413759
1008649928653191505,4031585874086886353,8573800373938698102,0,1,dgekt,0.6821286404001843
1008649928653191505,2083452711903133430,8573800373938698102,0,1,dgekt,0.7040694793071505
1008649928653191505,6319743179241711738,8573800373938698102,0,1,dgekt,0.684013329755303
1008649928653191505,8628686323660025649,300471914551172981,0,1,dgekt,0.7104280388949681
1008649928653191505,4378721629787482518,300471914551172981,1,1,dgekt,0.7164268184634326
1008649928653191505,4813462692425748605,300471914551172981,0,1,dgekt,0.6810963049341072
1008649928653191505,4644364625800006675,300471914551172981,0,1,dgekt,0.6995652580608251
1008649928653191505,1062464292871659639,8573800373938698102,0,1,dgekt,0.6847098351474088
1008649928653191505,5932668873100475470,300471914551172981,1,1,dgekt,0.7209898081447911
1008649928653191505,5237822943399727048,8573800373938698102,0,1,dgekt,0.6883182494130664
1072626616993255500,300471914551172981,300471914551172981,1,1,dgekt,0.6801150097005656
1072626616993255500,8573800373938698102,8573800373938698102,1,1,dgekt,0.6244597733501571
1072626616993255500,2014268979504181100,300471914551172981,0,1,dgekt,0.6651356576839594
1072626616993255500,2172169907340938753,300471914551172981,1,1,dgekt,0.6662837517059808
1072626616993255500,8150806168444344502,300471914551172981,1,1,dgekt,0.688888455093555
1072626616993255500,816286915455981984,8573800373938698102,1,1,dgekt,0.6770031508568203
1072626616993255500,1962751598315765836,300471914551172981,1,1,dgekt,0.6935680775467012
1072626616993255500,7444476343858270082,300471914551172981,1,1,dgekt,0.6975282883482606
1072626616993255500,2537821716777940730,300471914551172981,1,1,dgekt,0.6983440149560636
1072626616993255500,1061301253559417093,300471914551172981,1,1,dgekt,0.6794131064119566
1072626616993255500,8553379303363759508,300471914551172981,1,1,dgekt,0.6716390417027954
1072626616993255500,6440511557387709110,300471914551172981,1,1,dgekt,0.6964387123191638
1072626616993255500,7744513373483970787,8573800373938698102,1,1,dgekt,0.6299633181672509
1072626616993255500,2971078979906996375,300471914551172981,1,1,dgekt,0.6868115039427797
1072626616993255500,5841359775533910823,300471914551172981,1,1,dgekt,0.657770971889856
1072626616993255500,8621262567927479011,300471914551172981,1,1,dgekt,0.695483519589737
1072626616993255500,8434961942249729798,8573800373938698102,1,1,dgekt,0.6631039917837108
1072626616993255500,2322042198017538996,8573800373938698102,1,1,dgekt,0.6651897291590326
1072626616993255500,1742185772413642127,300471914551172981,1,1,dgekt,0.7014593490023786
1072626616993255500,2334639155148655290,8573800373938698102,1,1,dgekt,0.6714792308552008
1072626616993255500,7660717256841499384,300471914551172981,1,1,dgekt,0.7153118836252634
1072626616993255500,4113615466659810841,300471914551172981,1,1,dgekt,0.7005808025380067
1072626616993255500,6125574002232610732,300471914551172981,1,1,dgekt,0.666212053383708
1072626616993255500,2774368076249802464,8573800373938698102,1,1,dgekt,0.6589859279075847
1072626616993255500,8903365289186067945,8573800373938698102,1,1,dgekt,0.6618783517672052
1072626616993255500,6925932688889117475,300471914551172981,1,1,dgekt,0.7190397589541194
1072626616993255500,8194071366621068887,8573800373938698102,1,1,dgekt,0.6396802644939785
1072626616993255500,2986660907093963186,300471914551172981,1,1,dgekt,0.7244789070278044
1072626616993255500,7591109345808921544,300471914551172981,1,1,dgekt,0.7009188802207593
1072626616993255500,625545550176685521,8573800373938698102,1,1,dgekt,0.6732549828169474
1072626616993255500,1761868641361943332,8573800373938698102,1,1,dgekt,0.6809389103229828
1072626616993255500,4824259625677886603,300471914551172981,1,1,dgekt,0.6971199568935743
1072626616993255500,8450591260754163598,8573800373938698102,1,1,dgekt,0.6593481343619
1072626616993255500,1553079256999111676,300471914551172981,1,1,dgekt,0.7051598252343682
1072626616993255500,3220231712819306119,8573800373938698102,1,1,dgekt,0.6663377307931307
1072626616993255500,338807275221326836,300471914551172981,1,1,dgekt,0.6931567516815462
1072626616993255500,8525319303741530302,8573800373938698102,1,1,dgekt,0.6671974406774354
1072626616993255500,6587421150596252277,300471914551172981,1,1,dgekt,0.7068330079823564
1072626616993255500,5891620578387310353,300471914551172981,1,1,dgekt,0.6899930681792181
1072626616993255500,5791250638486922978,300471914551172981,1,1,dgekt,0.7112895989413759
1072626616993255500,4031585874086886353,8573800373938698102,1,1,dgekt,0.6821286404001843
1072626616993255500,2083452711903133430,8573800373938698102,1,1,dgekt,0.7040694793071505
1072626616993255500,6319743179241711738,8573800373938698102,1,1,dgekt,0.684013329755303
1072626616993255500,8628686323660025649,300471914551172981,1,1,dgekt,0.7104280388949681
1072626616993255500,4378721629787482518,300471914551172981,1,1,dgekt,0.7164268184634326
1072626616993255500,4813462692425748605,300471914551172981,1,1,dgekt,0.6810963049341072
1072626616993255500,4644364625800006675,300471914551172981,1,1,dgekt,0.6995652580608251
1072626616993255500,1062464292871659639,8573800373938698102,1,1,dgekt,0.6847098351474088
1072626616993255500,5932668873100475470,300471914551172981,1,1,dgekt,0.7209898081447911
1072626616993255500,5237822943399727048,8573800373938698102,1,1,dgekt,0.6883182494130664
1073629390141817738,300471914551172981,300471914551172981,1,1,dgekt,0.6801150097005656
1073629390141817738,8573800373938698102,8573800373938698102,0,1,dgekt,0.6244597733501571
1073629390141817738,2014268979504181100,300471914551172981,0,1,dgekt,0.6651356576839594
1073629390141817738,2172169907340938753,300471914551172981,1,1,dgekt,0.6662837517059808
1073629390141817738,8150806168444344502,300471914551172981,1,1,dgekt,0.688888455093555
1073629390141817738,816286915455981984,8573800373938698102,1,1,dgekt,0.6770031508568203
1073629390141817738,1962751598315765836,300471914551172981,0,1,dgekt,0.6935680775467012
1073629390141817738,7444476343858270082,300471914551172981,0,1,dgekt,0.6975282883482606
1073629390141817738,2537821716777940730,300471914551172981,0,1,dgekt,0.6983440149560636
1073629390141817738,1061301253559417093,300471914551172981,1,1,dgekt,0.6794131064119566
1073629390141817738,8553379303363759508,300471914551172981,0,1,dgekt,0.6716390417027954
1073629390141817738,6440511557387709110,300471914551172981,0,1,dgekt,0.6964387123191638
1073629390141817738,7744513373483970787,8573800373938698102,0,1,dgekt,0.6299633181672509
1073629390141817738,2971078979906996375,300471914551172981,1,1,dgekt,0.6868115039427797
1073629390141817738,5841359775533910823,300471914551172981,0,1,dgekt,0.657770971889856
1073629390141817738,8621262567927479011,300471914551172981,1,1,dgekt,0.695483519589737
1073629390141817738,8434961942249729798,8573800373938698102,0,1,dgekt,0.6631039917837108
1073629390141817738,2322042198017538996,8573800373938698102,1,1,dgekt,0.6651897291590326
1073629390141817738,1742185772413642127,300471914551172981,1,1,dgekt,0.7014593490023786
1073629390141817738,2334639155148655290,8573800373938698102,1,1,dgekt,0.6714792308552008
1073629390141817738,7660717256841499384,300471914551172981,0,1,dgekt,0.7153118836252634
1073629390141817738,4113615466659810841,300471914551172981,0,1,dgekt,0.7005808025380067
1073629390141817738,6125574002232610732,300471914551172981,0,1,dgekt,0.666212053383708
1073629390141817738,2774368076249802464,8573800373938698102,1,1,dgekt,0.6589859279075847
1073629390141817738,8903365289186067945,8573800373938698102,0,1,dgekt,0.6618783517672052
1073629390141817738,6925932688889117475,300471914551172981,1,1,dgekt,0.7190397589541194
1073629390141817738,8194071366621068887,8573800373938698102,0,1,dgekt,0.6396802644939785
1073629390141817738,2986660907093963186,300471914551172981,1,1,dgekt,0.7244789070278044
1073629390141817738,7591109345808921544,300471914551172981,1,1,dgekt,0.7009188802207593
1073629390141817738,625545550176685521,8573800373938698102,0,1,dgekt,0.6732549828169474
1073629390141817738,1761868641361943332,8573800373938698102,0,1,dgekt,0.6809389103229828
1073629390141817738,4824259625677886603,300471914551172981,1,1,dgekt,0.6971199568935743
1073629390141817738,8450591260754163598,8573800373938698102,1,1,dgekt,0.6593481343619
1073629390141817738,1553079256999111676,300471914551172981,0,1,dgekt,0.7051598252343682
1073629390141817738,3220231712819306119,8573800373938698102,1,1,dgekt,0.6663377307931307
1073629390141817738,338807275221326836,300471914551172981,0,1,dgekt,0.6931567516815462
1073629390141817738,8525319303741530302,8573800373938698102,1,1,dgekt,0.6671974406774354
1073629390141817738,6587421150596252277,300471914551172981,1,1,dgekt,0.7068330079823564
1073629390141817738,5891620578387310353,300471914551172981,0,1,dgekt,0.6899930681792181
1073629390141817738,5791250638486922978,300471914551172981,1,1,dgekt,0.7112895989413759
1073629390141817738,4031585874086886353,8573800373938698102,1,1,dgekt,0.6821286404001843
1073629390141817738,2083452711903133430,8573800373938698102,1,1,dgekt,0.7040694793071505
1073629390141817738,6319743179241711738,8573800373938698102,1,1,dgekt,0.684013329755303
1073629390141817738,8628686323660025649,300471914551172981,1,1,dgekt,0.7104280388949681
1073629390141817738,4378721629787482518,300471914551172981,1,1,dgekt,0.7164268184634326
1073629390141817738,4813462692425748605,300471914551172981,0,1,dgekt,0.6810963049341072
1073629390141817738,4644364625800006675,300471914551172981,0,1,dgekt,0.6995652580608251
1073629390141817738,1062464292871659639,8573800373938698102,0,1,dgekt,0.6847098351474088
1073629390141817738,5932668873100475470,300471914551172981,1,1,dgekt,0.7209898081447911
1073629390141817738,5237822943399727048,8573800373938698102,1,1,dgekt,0.6883182494130664
1081461703883789378,300471914551172981,300471914551172981,0,1,dgekt,0.6801150097005656
1081461703883789378,8573800373938698102,8573800373938698102,1,1,dgekt,0.6244597733501571
1081461703883789378,2014268979504181100,300471914551172981,0,1,dgekt,0.6651356576839594
1081461703883789378,2172169907340938753,300471914551172981,0,1,dgekt,0.6662837517059808
1081461703883789378,8150806168444344502,300471914551172981,0,1,dgekt,0.688888455093555
1081461703883789378,816286915455981984,8573800373938698102,1,1,dgekt,0.6770031508568203
1081461703883789378,1962751598315765836,300471914551172981,0,1,dgekt,0.6935680775467012
1081461703883789378,7444476343858270082,300471914551172981,0,1,dgekt,0.6975282883482606
1081461703883789378,2537821716777940730,300471914551172981,0,1,dgekt,0.6983440149560636
1081461703883789378,1061301253559417093,300471914551172981,0,1,dgekt,0.6794131064119566
1081461703883789378,8553379303363759508,300471914551172981,0,1,dgekt,0.6716390417027954
1081461703883789378,6440511557387709110,300471914551172981,0,1,dgekt,0.6964387123191638
1081461703883789378,7744513373483970787,8573800373938698102,1,1,dgekt,0.6299633181672509
1081461703883789378,2971078979906996375,300471914551172981,0,1,dgekt,0.6868115039427797
1081461703883789378,5841359775533910823,300471914551172981,1,1,dgekt,0.657770971889856
1081461703883789378,8621262567927479011,300471914551172981,0,1,dgekt,0.695483519589737
1081461703883789378,8434961942249729798,8573800373938698102,1,1,dgekt,0.6631039917837108
1081461703883789378,2322042198017538996,8573800373938698102,1,1,dgekt,0.6651897291590326
1081461703883789378,1742185772413642127,300471914551172981,0,1,dgekt,0.7014593490023786
1081461703883789378,2334639155148655290,8573800373938698102,1,1,dgekt,0.6714792308552008
1081461703883789378,7660717256841499384,300471914551172981,0,1,dgekt,0.7153118836252634
1081461703883789378,4113615466659810841,300471914551172981,0,1,dgekt,0.7005808025380067
1081461703883789378,6125574002232610732,300471914551172981,0,1,dgekt,0.666212053383708
1081461703883789378,2774368076249802464,8573800373938698102,1,1,dgekt,0.6589859279075847
1081461703883789378,8903365289186067945,8573800373938698102,1,1,dgekt,0.6618783517672052
1081461703883789378,6925932688889117475,300471914551172981,0,1,dgekt,0.7190397589541194
1081461703883789378,8194071366621068887,8573800373938698102,1,1,dgekt,0.6396802644939785
1081461703883789378,2986660907093963186,300471914551172981,0,1,dgekt,0.7244789070278044
1081461703883789378,7591109345808921544,300471914551172981,0,1,dgekt,0.7009188802207593
1081461703883789378,625545550176685521,8573800373938698102,1,1,dgekt,0.6732549828169474
1081461703883789378,1761868641361943332,8573800373938698102,1,1,dgekt,0.6809389103229828
1081461703883789378,4824259625677886603,300471914551172981,0,1,dgekt,0.6971199568935743
1081461703883789378,8450591260754163598,8573800373938698102,1,1,dgekt,0.6593481343619
1081461703883789378,1553079256999111676,300471914551172981,0,1,dgekt,0.7051598252343682
1081461703883789378,3220231712819306119,8573800373938698102,1,1,dgekt,0.6663377307931307
1081461703883789378,338807275221326836,300471914551172981,1,1,dgekt,0.6931567516815462
1081461703883789378,8525319303741530302,8573800373938698102,1,1,dgekt,0.6671974406774354
1081461703883789378,6587421150596252277,300471914551172981,0,1,dgekt,0.7068330079823564
1081461703883789378,5891620578387310353,300471914551172981,0,1,dgekt,0.6899930681792181
1081461703883789378,5791250638486922978,300471914551172981,0,1,dgekt,0.7112895989413759
1081461703883789378,4031585874086886353,8573800373938698102,1,1,dgekt,0.6821286404001843
1081461703883789378,2083452711903133430,8573800373938698102,1,1,dgekt,0.7040694793071505
1081461703883789378,6319743179241711738,8573800373938698102,1,1,dgekt,0.684013329755303
1081461703883789378,8628686323660025649,300471914551172981,0,1,dgekt,0.7104280388949681
1081461703883789378,4378721629787482518,300471914551172981,0,1,dgekt,0.7164268184634326
1081461703883789378,4813462692425748605,300471914551172981,0,1,dgekt,0.6810963049341072
1081461703883789378,4644364625800006675,300471914551172981,0,1,dgekt,0.6995652580608251
1081461703883789378,1062464292871659639,8573800373938698102,1,1,dgekt,0.6847098351474088
1081461703883789378,5932668873100475470,300471914551172981,1,1,dgekt,0.7209898081447911
1081461703883789378,5237822943399727048,8573800373938698102,1,1,dgekt,0.6883182494130664
1083012887492014885,300471914551172981,300471914551172981,0,1,dgekt,0.6801150097005656
1083012887492014885,8573800373938698102,8573800373938698102,1,1,dgekt,0.6244597733501571
1083012887492014885,2014268979504181100,300471914551172981,0,1,dgekt,0.6651356576839594
1083012887492014885,2172169907340938753,300471914551172981,0,1,dgekt,0.6662837517059808
1083012887492014885,8150806168444344502,300471914551172981,0,1,dgekt,0.688888455093555
1083012887492014885,816286915455981984,8573800373938698102,1,1,dgekt,0.6770031508568203
1083012887492014885,1962751598315765836,300471914551172981,1,1,dgekt,0.6935680775467012
1083012887492014885,7444476343858270082,300471914551172981,0,1,dgekt,0.6975282883482606
1083012887492014885,2537821716777940730,300471914551172981,0,1,dgekt,0.6983440149560636
1083012887492014885,1061301253559417093,300471914551172981,0,1,dgekt,0.6794131064119566
1083012887492014885,8553379303363759508,300471914551172981,0,1,dgekt,0.6716390417027954
1083012887492014885,6440511557387709110,300471914551172981,0,1,dgekt,0.6964387123191638
1083012887492014885,7744513373483970787,8573800373938698102,0,1,dgekt,0.6299633181672509
1083012887492014885,2971078979906996375,300471914551172981,0,1,dgekt,0.6868115039427797
1083012887492014885,5841359775533910823,300471914551172981,0,1,dgekt,0.657770971889856
1083012887492014885,8621262567927479011,300471914551172981,0,1,dgekt,0.695483519589737
1083012887492014885,8434961942249729798,8573800373938698102,1,1,dgekt,0.6631039917837108
1083012887492014885,2322042198017538996,8573800373938698102,1,1,dgekt,0.6651897291590326
1083012887492014885,1742185772413642127,300471914551172981,0,1,dgekt,0.7014593490023786
1083012887492014885,2334639155148655290,8573800373938698102,1,1,dgekt,0.6714792308552008
1083012887492014885,7660717256841499384,300471914551172981,0,1,dgekt,0.7153118836252634
1083012887492014885,4113615466659810841,300471914551172981,0,1,dgekt,0.7005808025380067
1083012887492014885,6125574002232610732,300471914551172981,0,1,dgekt,0.666212053383708
1083012887492014885,2774368076249802464,8573800373938698102,1,1,dgekt,0.6589859279075847
1083012887492014885,8903365289186067945,8573800373938698102,1,1,dgekt,0.6618783517672052
1083012887492014885,6925932688889117475,300471914551172981,1,1,dgekt,0.7190397589541194
1083012887492014885,8194071366621068887,8573800373938698102,1,1,dgekt,0.6396802644939785
1083012887492014885,2986660907093963186,300471914551172981,0,1,dgekt,0.7244789070278044
1083012887492014885,7591109345808921544,300471914551172981,0,1,dgekt,0.7009188802207593
1083012887492014885,625545550176685521,8573800373938698102,1,1,dgekt,0.6732549828169474
1083012887492014885,1761868641361943332,8573800373938698102,1,1,dgekt,0.6809389103229828
1083012887492014885,4824259625677886603,300471914551172981,0,1,dgekt,0.6971199568935743
1083012887492014885,8450591260754163598,8573800373938698102,1,1,dgekt,0.6593481343619
1083012887492014885,1553079256999111676,300471914551172981,0,1,dgekt,0.7051598252343682
1083012887492014885,3220231712819306119,8573800373938698102,1,1,dgekt,0.6663377307931307
1083012887492014885,338807275221326836,300471914551172981,1,1,dgekt,0.6931567516815462
1083012887492014885,8525319303741530302,8573800373938698102,1,1,dgekt,0.6671974406774354
1083012887492014885,6587421150596252277,300471914551172981,0,1,dgekt,0.7068330079823564
1083012887492014885,5891620578387310353,300471914551172981,0,1,dgekt,0.6899930681792181
1083012887492014885,5791250638486922978,300471914551172981,0,1,dgekt,0.7112895989413759
1083012887492014885,4031585874086886353,8573800373938698102,1,1,dgekt,0.6821286404001843
1083012887492014885,2083452711903133430,8573800373938698102,1,1,dgekt,0.7040694793071505
1083012887492014885,6319743179241711738,8573800373938698102,1,1,dgekt,0.684013329755303
1083012887492014885,8628686323660025649,300471914551172981,0,1,dgekt,0.7104280388949681
1083012887492014885,4378721629787482518,300471914551172981,0,1,dgekt,0.7164268184634326
1083012887492014885,4813462692425748605,300471914551172981,0,1,dgekt,0.6810963049341072
1083012887492014885,4644364625800006675,300471914551172981,0,1,dgekt,0.6995652580608251
1083012887492014885,1062464292871659639,8573800373938698102,1,1,dgekt,0.6847098351474088
1083012887492014885,5932668873100475470,300471914551172981,0,1,dgekt,0.7209898081447911
1083012887492014885,5237822943399727048,8573800373938698102,1,1,dgekt,0.6883182494130664
1121364116392304820,300471914551172981,300471914551172981,1,1,dgekt,0.6801150097005656
1121364116392304820,8573800373938698102,8573800373938698102,1,1,dgekt,0.6244597733501571
1121364116392304820,2014268979504181100,300471914551172981,0,1,dgekt,0.6651356576839594
1121364116392304820,2172169907340938753,300471914551172981,0,1,dgekt,0.6662837517059808
1121364116392304820,8150806168444344502,300471914551172981,0,1,dgekt,0.688888455093555
1121364116392304820,816286915455981984,8573800373938698102,0,1,dgekt,0.6770031508568203
1121364116392304820,1962751598315765836,300471914551172981,1,1,dgekt,0.6935680775467012
1121364116392304820,7444476343858270082,300471914551172981,1,1,dgekt,0.6975282883482606
1121364116392304820,2537821716777940730,300471914551172981,1,1,dgekt,0.6983440149560636
1121364116392304820,1061301253559417093,300471914551172981,0,1,dgekt,0.6794131064119566
1121364116392304820,8553379303363759508,300471914551172981,1,1,dgekt,0.6716390417027954
1121364116392304820,6440511557387709110,300471914551172981,0,1,dgekt,0.6964387123191638
1121364116392304820,7744513373483970787,8573800373938698102,1,1,dgekt,0.6299633181672509
1121364116392304820,2971078979906996375,300471914551172981,1,1,dgekt,0.6868115039427797
1121364116392304820,5841359775533910823,300471914551172981,0,1,dgekt,0.657770971889856
1121364116392304820,8621262567927479011,300471914551172981,1,1,dgekt,0.695483519589737
1121364116392304820,8434961942249729798,8573800373938698102,0,1,dgekt,0.6631039917837108
1121364116392304820,2322042198017538996,8573800373938698102,1,1,dgekt,0.6651897291590326
1121364116392304820,1742185772413642127,300471914551172981,1,1,dgekt,0.7014593490023786
1121364116392304820,2334639155148655290,8573800373938698102,1,1,dgekt,0.6714792308552008
1121364116392304820,7660717256841499384,300471914551172981,1,1,dgekt,0.7153118836252634
1121364116392304820,4113615466659810841,300471914551172981,0,1,dgekt,0.7005808025380067
1121364116392304820,6125574002232610732,300471914551172981,0,1,dgekt,0.666212053383708
1121364116392304820,2774368076249802464,8573800373938698102,1,1,dgekt,0.6589859279075847
1121364116392304820,8903365289186067945,8573800373938698102,0,1,dgekt,0.6618783517672052
1121364116392304820,6925932688889117475,300471914551172981,1,1,dgekt,0.7190397589541194
1121364116392304820,8194071366621068887,8573800373938698102,1,1,dgekt,0.6396802644939785
1121364116392304820,2986660907093963186,300471914551172981,1,1,dgekt,0.7244789070278044
1121364116392304820,7591109345808921544,300471914551172981,1,1,dgekt,0.7009188802207593
1121364116392304820,625545550176685521,8573800373938698102,1,1,dgekt,0.6732549828169474
1121364116392304820,1761868641361943332,8573800373938698102,1,1,dgekt,0.6809389103229828
1121364116392304820,4824259625677886603,300471914551172981,1,1,dgekt,0.6971199568935743
1121364116392304820,8450591260754163598,8573800373938698102,0,1,dgekt,0.6593481343619
1121364116392304820,1553079256999111676,300471914551172981,1,1,dgekt,0.7051598252343682
1121364116392304820,3220231712819306119,8573800373938698102,1,1,dgekt,0.6663377307931307
1121364116392304820,338807275221326836,300471914551172981,0,1,dgekt,0.6931567516815462
1121364116392304820,8525319303741530302,8573800373938698102,1,1,dgekt,0.6671974406774354
1121364116392304820,6587421150596252277,300471914551172981,0,1,dgekt,0.7068330079823564
1121364116392304820,5891620578387310353,300471914551172981,1,1,dgekt,0.6899930681792181
1121364116392304820,5791250638486922978,300471914551172981,1,1,dgekt,0.7112895989413759
1121364116392304820,4031585874086886353,8573800373938698102,1,1,dgekt,0.6821286404001843
1121364116392304820,2083452711903133430,8573800373938698102,1,1,dgekt,0.7040694793071505
1121364116392304820,6319743179241711738,8573800373938698102,1,1,dgekt,0.684013329755303
1121364116392304820,8628686323660025649,300471914551172981,1,1,dgekt,0.7104280388949681
1121364116392304820,4378721629787482518,300471914551172981,1,1,dgekt,0.7164268184634326
1121364116392304820,4813462692425748605,300471914551172981,0,1,dgekt,0.6810963049341072
1121364116392304820,4644364625800006675,300471914551172981,1,1,dgekt,0.6995652580608251
1121364116392304820,1062464292871659639,8573800373938698102,1,1,dgekt,0.6847098351474088
1121364116392304820,5932668873100475470,300471914551172981,0,1,dgekt,0.7209898081447911
1121364116392304820,5237822943399727048,8573800373938698102,0,1,dgekt,0.6883182494130664
1121940775251872465,300471914551172981,300471914551172981,0,1,dgekt,0.6801150097005656
1121940775251872465,8573800373938698102,8573800373938698102,1,1,dgekt,0.6244597733501571
1121940775251872465,2014268979504181100,300471914551172981,0,1,dgekt,0.6651356576839594
1121940775251872465,2172169907340938753,300471914551172981,1,1,dgekt,0.6662837517059808
1121940775251872465,8150806168444344502,300471914551172981,0,1,dgekt,0.688888455093555
1121940775251872465,816286915455981984,8573800373938698102,1,1,dgekt,0.6770031508568203
1121940775251872465,1962751598315765836,300471914551172981,1,1,dgekt,0.6935680775467012
1121940775251872465,7444476343858270082,300471914551172981,0,1,dgekt,0.6975282883482606
1121940775251872465,2537821716777940730,300471914551172981,0,1,dgekt,0.6983440149560636
1121940775251872465,1061301253559417093,300471914551172981,1,1,dgekt,0.6794131064119566
1121940775251872465,8553379303363759508,300471914551172981,1,1,dgekt,0.6716390417027954
1121940775251872465,6440511557387709110,300471914551172981,0,1,dgekt,0.6964387123191638
1121940775251872465,7744513373483970787,8573800373938698102,1,1,dgekt,0.6299633181672509
1121940775251872465,2971078979906996375,300471914551172981,0,1,dgekt,0.6868115039427797
1121940775251872465,5841359775533910823,300471914551172981,0,1,dgekt,0.657770971889856
1121940775251872465,8621262567927479011,300471914551172981,0,1,dgekt,0.695483519589737
1121940775251872465,8434961942249729798,8573800373938698102,1,1,dgekt,0.6631039917837108
1121940775251872465,2322042198017538996,8573800373938698102,1,1,dgekt,0.6651897291590326
1121940775251872465,1742185772413642127,300471914551172981,1,1,dgekt,0.7014593490023786
1121940775251872465,2334639155148655290,8573800373938698102,1,1,dgekt,0.6714792308552008
1121940775251872465,7660717256841499384,300471914551172981,1,1,dgekt,0.7153118836252634
1121940775251872465,4113615466659810841,300471914551172981,0,1,dgekt,0.7005808025380067
1121940775251872465,6125574002232610732,300471914551172981,0,1,dgekt,0.666212053383708
1121940775251872465,2774368076249802464,8573800373938698102,1,1,dgekt,0.6589859279075847
1121940775251872465,8903365289186067945,8573800373938698102,1,1,dgekt,0.6618783517672052
1121940775251872465,6925932688889117475,300471914551172981,1,1,dgekt,0.7190397589541194
1121940775251872465,8194071366621068887,8573800373938698102,1,1,dgekt,0.6396802644939785
1121940775251872465,2986660907093963186,300471914551172981,1,1,dgekt,0.7244789070278044
1121940775251872465,7591109345808921544,300471914551172981,1,1,dgekt,0.7009188802207593
1121940775251872465,625545550176685521,8573800373938698102,1,1,dgekt,0.6732549828169474
1121940775251872465,1761868641361943332,8573800373938698102,1,1,dgekt,0.6809389103229828
1121940775251872465,4824259625677886603,300471914551172981,1,1,dgekt,0.6971199568935743
1121940775251872465,8450591260754163598,8573800373938698102,1,1,dgekt,0.6593481343619
1121940775251872465,1553079256999111676,300471914551172981,1,1,dgekt,0.7051598252343682
1121940775251872465,3220231712819306119,8573800373938698102,1,1,dgekt,0.6663377307931307
1121940775251872465,338807275221326836,300471914551172981,0,1,dgekt,0.6931567516815462
1121940775251872465,8525319303741530302,8573800373938698102,1,1,dgekt,0.6671974406774354
1121940775251872465,6587421150596252277,300471914551172981,1,1,dgekt,0.7068330079823564
1121940775251872465,5891620578387310353,300471914551172981,0,1,dgekt,0.6899930681792181
1121940775251872465,5791250638486922978,300471914551172981,1,1,dgekt,0.7112895989413759
1121940775251872465,4031585874086886353,8573800373938698102,1,1,dgekt,0.6821286404001843
1121940775251872465,2083452711903133430,8573800373938698102,1,1,dgekt,0.7040694793071505
1121940775251872465,6319743179241711738,8573800373938698102,1,1,dgekt,0.684013329755303
1121940775251872465,8628686323660025649,300471914551172981,0,1,dgekt,0.7104280388949681
1121940775251872465,4378721629787482518,300471914551172981,1,1,dgekt,0.7164268184634326
1121940775251872465,4813462692425748605,300471914551172981,1,1,dgekt,0.6810963049341072
1121940775251872465,4644364625800006675,300471914551172981,1,1,dgekt,0.6995652580608251
1121940775251872465,1062464292871659639,8573800373938698102,0,1,dgekt,0.6847098351474088
1121940775251872465,5932668873100475470,300471914551172981,1,1,dgekt,0.7209898081447911
1121940775251872465,5237822943399727048,8573800373938698102,1,1,dgekt,0.6883182494130664
1252546747542146942,300471914551172981,300471914551172981,1,1,dgekt,0.6801150097005656
1252546747542146942,8573800373938698102,8573800373938698102,1,1,dgekt,0.6244597733501571
1252546747542146942,2014268979504181100,300471914551172981,1,1,dgekt,0.6651356576839594
1252546747542146942,2172169907340938753,300471914551172981,1,1,dgekt,0.6662837517059808
1252546747542146942,8150806168444344502,300471914551172981,1,1,dgekt,0.688888455093555
1252546747542146942,816286915455981984,8573800373938698102,1,1,dgekt,0.6770031508568203
1252546747542146942,1962751598315765836,300471914551172981,1,1,dgekt,0.6935680775467012
1252546747542146942,7444476343858270082,300471914551172981,1,1,dgekt,0.6975282883482606
1252546747542146942,2537821716777940730,300471914551172981,1,1,dgekt,0.6983440149560636
1252546747542146942,1061301253559417093,300471914551172981,1,1,dgekt,0.6794131064119566
1252546747542146942,8553379303363759508,300471914551172981,1,1,dgekt,0.6716390417027954
1252546747542146942,6440511557387709110,300471914551172981,1,1,dgekt,0.6964387123191638
1252546747542146942,7744513373483970787,8573800373938698102,0,1,dgekt,0.6299633181672509
1252546747542146942,2971078979906996375,300471914551172981,1,1,dgekt,0.6868115039427797
1252546747542146942,5841359775533910823,300471914551172981,1,1,dgekt,0.657770971889856
1252546747542146942,8621262567927479011,300471914551172981,1,1,dgekt,0.695483519589737
1252546747542146942,8434961942249729798,8573800373938698102,0,1,dgekt,0.6631039917837108
1252546747542146942,2322042198017538996,8573800373938698102,0,1,dgekt,0.6651897291590326
1252546747542146942,1742185772413642127,300471914551172981,1,1,dgekt,0.7014593490023786
1252546747542146942,2334639155148655290,8573800373938698102,0,1,dgekt,0.6714792308552008
1252546747542146942,7660717256841499384,300471914551172981,1,1,dgekt,0.7153118836252634
1252546747542146942,4113615466659810841,300471914551172981,1,1,dgekt,0.7005808025380067
1252546747542146942,6125574002232610732,300471914551172981,1,1,dgekt,0.666212053383708
1252546747542146942,2774368076249802464,8573800373938698102,1,1,dgekt,0.6589859279075847
1252546747542146942,8903365289186067945,8573800373938698102,0,1,dgekt,0.6618783517672052
1252546747542146942,6925932688889117475,300471914551172981,1,1,dgekt,0.7190397589541194
1252546747542146942,8194071366621068887,8573800373938698102,0,1,dgekt,0.6396802644939785
1252546747542146942,2986660907093963186,300471914551172981,1,1,dgekt,0.7244789070278044
1252546747542146942,7591109345808921544,300471914551172981,1,1,dgekt,0.7009188802207593
1252546747542146942,625545550176685521,8573800373938698102,0,1,dgekt,0.6732549828169474
1252546747542146942,1761868641361943332,8573800373938698102,1,1,dgekt,0.6809389103229828
1252546747542146942,4824259625677886603,300471914551172981,1,1,dgekt,0.6971199568935743
1252546747542146942,8450591260754163598,8573800373938698102,0,1,dgekt,0.6593481343619
1252546747542146942,1553079256999111676,300471914551172981,1,1,dgekt,0.7051598252343682
1252546747542146942,3220231712819306119,8573800373938698102,0,1,dgekt,0.6663377307931307
1252546747542146942,338807275221326836,300471914551172981,1,1,dgekt,0.6931567516815462
1252546747542146942,8525319303741530302,8573800373938698102,0,1,dgekt,0.6671974406774354
1252546747542146942,6587421150596252277,300471914551172981,1,1,dgekt,0.7068330079823564
1252546747542146942,5891620578387310353,300471914551172981,1,1,dgekt,0.6899930681792181
1252546747542146942,5791250638486922978,300471914551172981,1,1,dgekt,0.7112895989413759
1252546747542146942,4031585874086886353,8573800373938698102,0,1,dgekt,0.6821286404001843
1252546747542146942,2083452711903133430,8573800373938698102,1,1,dgekt,0.7040694793071505
1252546747542146942,6319743179241711738,8573800373938698102,0,1,dgekt,0.684013329755303
1252546747542146942,8628686323660025649,300471914551172981,1,1,dgekt,0.7104280388949681
1252546747542146942,4378721629787482518,300471914551172981,1,1,dgekt,0.7164268184634326
1252546747542146942,4813462692425748605,300471914551172981,1,1,dgekt,0.6810963049341072
1252546747542146942,4644364625800006675,300471914551172981,1,1,dgekt,0.6995652580608251
1252546747542146942,1062464292871659639,8573800373938698102,0,1,dgekt,0.6847098351474088
1252546747542146942,5932668873100475470,300471914551172981,1,1,dgekt,0.7209898081447911
1252546747542146942,5237822943399727048,8573800373938698102,1,1,dgekt,0.6883182494130664
1257891084249187722,300471914551172981,300471914551172981,1,1,dgekt,0.6801150097005656
1257891084249187722,8573800373938698102,8573800373938698102,0,1,dgekt,0.6244597733501571
1257891084249187722,2014268979504181100,300471914551172981,0,1,dgekt,0.6651356576839594
1257891084249187722,2172169907340938753,300471914551172981,0,1,dgekt,0.6662837517059808
1257891084249187722,8150806168444344502,300471914551172981,1,1,dgekt,0.688888455093555
1257891084249187722,816286915455981984,8573800373938698102,0,1,dgekt,0.6770031508568203
1257891084249187722,1962751598315765836,300471914551172981,0,1,dgekt,0.6935680775467012
1257891084249187722,7444476343858270082,300471914551172981,1,1,dgekt,0.6975282883482606
1257891084249187722,2537821716777940730,300471914551172981,1,1,dgekt,0.6983440149560636
1257891084249187722,1061301253559417093,300471914551172981,0,1,dgekt,0.6794131064119566
1257891084249187722,8553379303363759508,300471914551172981,0,1,dgekt,0.6716390417027954
1257891084249187722,6440511557387709110,300471914551172981,1,1,dgekt,0.6964387123191638
1257891084249187722,7744513373483970787,8573800373938698102,0,1,dgekt,0.6299633181672509
1257891084249187722,2971078979906996375,300471914551172981,1,1,dgekt,0.6868115039427797
1257891084249187722,5841359775533910823,300471914551172981,1,1,dgekt,0.657770971889856
1257891084249187722,8621262567927479011,300471914551172981,1,1,dgekt,0.695483519589737
1257891084249187722,8434961942249729798,8573800373938698102,1,1,dgekt,0.6631039917837108
1257891084249187722,2322042198017538996,8573800373938698102,0,1,dgekt,0.6651897291590326
1257891084249187722,1742185772413642127,300471914551172981,1,1,dgekt,0.7014593490023786
1257891084249187722,2334639155148655290,8573800373938698102,0,1,dgekt,0.6714792308552008
1257891084249187722,7660717256841499384,300471914551172981,1,1,dgekt,0.7153118836252634
1257891084249187722,4113615466659810841,300471914551172981,1,1,dgekt,0.7005808025380067
1257891084249187722,6125574002232610732,300471914551172981,1,1,dgekt,0.666212053383708
1257891084249187722,2774368076249802464,8573800373938698102,0,1,dgekt,0.6589859279075847
1257891084249187722,8903365289186067945,8573800373938698102,1,1,dgekt,0.6618783517672052
1257891084249187722,6925932688889117475,300471914551172981,1,1,dgekt,0.7190397589541194
1257891084249187722,8194071366621068887,8573800373938698102,0,1,dgekt,0.6396802644939785
1257891084249187722,2986660907093963186,300471914551172981,0,1,dgekt,0.7244789070278044
1257891084249187722,7591109345808921544,300471914551172981,1,1,dgekt,0.7009188802207593
1257891084249187722,625545550176685521,8573800373938698102,0,1,dgekt,0.6732549828169474
1257891084249187722,1761868641361943332,8573800373938698102,1,1,dgekt,0.6809389103229828
1257891084249187722,4824259625677886603,300471914551172981,1,1,dgekt,0.6971199568935743
1257891084249187722,8450591260754163598,8573800373938698102,0,1,dgekt,0.6593481343619
1257891084249187722,1553079256999111676,300471914551172981,0,1,dgekt,0.7051598252343682
1257891084249187722,3220231712819306119,8573800373938698102,0,1,dgekt,0.6663377307931307
1257891084249187722,338807275221326836,300471914551172981,1,1,dgekt,0.6931567516815462
1257891084249187722,8525319303741530302,8573800373938698102,1,1,dgekt,0.6671974406774354
1257891084249187722,6587421150596252277,300471914551172981,1,1,dgekt,0.7068330079823564
1257891084249187722,5891620578387310353,300471914551172981,1,1,dgekt,0.6899930681792181
1257891084249187722,5791250638486922978,300471914551172981,1,1,dgekt,0.7112895989413759
1257891084249187722,4031585874086886353,8573800373938698102,0,1,dgekt,0.6821286404001843
1257891084249187722,2083452711903133430,8573800373938698102,1,1,dgekt,0.7040694793071505
1257891084249187722,6319743179241711738,8573800373938698102,0,1,dgekt,0.684013329755303
1257891084249187722,8628686323660025649,300471914551172981,1,1,dgekt,0.7104280388949681
1257891084249187722,4378721629787482518,300471914551172981,1,1,dgekt,0.7164268184634326
1257891084249187722,4813462692425748605,300471914551172981,1,1,dgekt,0.6810963049341072
1257891084249187722,4644364625800006675,300471914551172981,1,1,dgekt,0.6995652580608251
1257891084249187722,1062464292871659639,8573800373938698102,0,1,dgekt,0.6847098351474088
1257891084249187722,5932668873100475470,300471914551172981,1,1,dgekt,0.7209898081447911
1257891084249187722,5237822943399727048,8573800373938698102,0,1,dgekt,0.6883182494130664
1292659649092941673,300471914551172981,300471914551172981,1,1,dgekt,0.6801150097005656
1292659649092941673,8573800373938698102,8573800373938698102,0,1,dgekt,0.6244597733501571
1292659649092941673,2014268979504181100,300471914551172981,1,1,dgekt,0.6651356576839594
1292659649092941673,2172169907340938753,300471914551172981,1,1,dgekt,0.6662837517059808
1292659649092941673,8150806168444344502,300471914551172981,1,1,dgekt,0.688888455093555
1292659649092941673,816286915455981984,8573800373938698102,1,1,dgekt,0.6770031508568203
1292659649092941673,1962751598315765836,300471914551172981,1,1,dgekt,0.6935680775467012
1292659649092941673,7444476343858270082,300471914551172981,1,1,dgekt,0.6975282883482606
1292659649092941673,2537821716777940730,300471914551172981,1,1,dgekt,0.6983440149560636
1292659649092941673,1061301253559417093,300471914551172981,1,1,dgekt,0.6794131064119566
1292659649092941673,8553379303363759508,300471914551172981,1,1,dgekt,0.6716390417027954
1292659649092941673,6440511557387709110,300471914551172981,1,1,dgekt,0.6964387123191638
1292659649092941673,7744513373483970787,8573800373938698102,0,1,dgekt,0.6299633181672509
1292659649092941673,2971078979906996375,300471914551172981,1,1,dgekt,0.6868115039427797
1292659649092941673,5841359775533910823,300471914551172981,1,1,dgekt,0.657770971889856
1292659649092941673,8621262567927479011,300471914551172981,1,1,dgekt,0.695483519589737
1292659649092941673,8434961942249729798,8573800373938698102,0,1,dgekt,0.6631039917837108
1292659649092941673,2322042198017538996,8573800373938698102,0,1,dgekt,0.6651897291590326
1292659649092941673,1742185772413642127,300471914551172981,1,1,dgekt,0.7014593490023786
1292659649092941673,2334639155148655290,8573800373938698102,0,1,dgekt,0.6714792308552008
1292659649092941673,7660717256841499384,300471914551172981,1,1,dgekt,0.7153118836252634
1292659649092941673,4113615466659810841,300471914551172981,1,1,dgekt,0.7005808025380067
1292659649092941673,6125574002232610732,300471914551172981,1,1,dgekt,0.666212053383708
1292659649092941673,2774368076249802464,8573800373938698102,0,1,dgekt,0.6589859279075847
1292659649092941673,8903365289186067945,8573800373938698102,0,1,dgekt,0.6618783517672052
1292659649092941673,6925932688889117475,300471914551172981,1,1,dgekt,0.7190397589541194
1292659649092941673,8194071366621068887,8573800373938698102,0,1,dgekt,0.6396802644939785
1292659649092941673,2986660907093963186,300471914551172981,1,1,dgekt,0.7244789070278044
1292659649092941673,7591109345808921544,300471914551172981,1,1,dgekt,0.7009188802207593
1292659649092941673,625545550176685521,8573800373938698102,0,1,dgekt,0.6732549828169474
1292659649092941673,1761868641361943332,8573800373938698102,0,1,dgekt,0.6809389103229828
1292659649092941673,4824259625677886603,300471914551172981,1,1,dgekt,0.6971199568935743
1292659649092941673,8450591260754163598,8573800373938698102,0,1,dgekt,0.6593481343619
1292659649092941673,1553079256999111676,300471914551172981,1,1,dgekt,0.7051598252343682
1292659649092941673,3220231712819306119,8573800373938698102,0,1,dgekt,0.6663377307931307
1292659649092941673,338807275221326836,300471914551172981,1,1,dgekt,0.6931567516815462
1292659649092941673,8525319303741530302,8573800373938698102,0,1,dgekt,0.6671974406774354
1292659649092941673,6587421150596252277,300471914551172981,1,1,dgekt,0.7068330079823564
1292659649092941673,5891620578387310353,300471914551172981,1,1,dgekt,0.6899930681792181
1292659649092941673,5791250638486922978,300471914551172981,1,1,dgekt,0.7112895989413759
1292659649092941673,4031585874086886353,8573800373938698102,0,1,dgekt,0.6821286404001843
1292659649092941673,2083452711903133430,8573800373938698102,1,1,dgekt,0.7040694793071505
1292659649092941673,6319743179241711738,8573800373938698102,1,1,dgekt,0.684013329755303
1292659649092941673,8628686323660025649,300471914551172981,1,1,dgekt,0.7104280388949681
1292659649092941673,4378721629787482518,300471914551172981,1,1,dgekt,0.7164268184634326
1292659649092941673,4813462692425748605,300471914551172981,0,1,dgekt,0.6810963049341072
1292659649092941673,4644364625800006675,300471914551172981,1,1,dgekt,0.6995652580608251
1292659649092941673,1062464292871659639,8573800373938698102,0,1,dgekt,0.6847098351474088
1292659649092941673,5932668873100475470,300471914551172981,1,1,dgekt,0.7209898081447911
1292659649092941673,5237822943399727048,8573800373938698102,0,1,dgekt,0.6883182494130664
1314274021776008685,300471914551172981,300471914551172981,1,1,dgekt,0.6801150097005656
1314274021776008685,8573800373938698102,8573800373938698102,0,1,dgekt,0.6244597733501571
1314274021776008685,2014268979504181100,300471914551172981,1,1,dgekt,0.6651356576839594
1314274021776008685,2172169907340938753,300471914551172981,1,1,dgekt,0.6662837517059808
1314274021776008685,8150806168444344502,300471914551172981,1,1,dgekt,0.688888455093555
1314274021776008685,816286915455981984,8573800373938698102,1,1,dgekt,0.6770031508568203
1314274021776008685,1962751598315765836,300471914551172981,1,1,dgekt,0.6935680775467012
1314274021776008685,7444476343858270082,300471914551172981,1,1,dgekt,0.6975282883482606
1314274021776008685,2537821716777940730,300471914551172981,1,1,dgekt,0.6983440149560636
1314274021776008685,1061301253559417093,300471914551172981,1,1,dgekt,0.6794131064119566
1314274021776008685,8553379303363759508,300471914551172981,1,1,dgekt,0.6716390417027954
1314274021776008685,6440511557387709110,300471914551172981,1,1,dgekt,0.6964387123191638
1314274021776008685,7744513373483970787,8573800373938698102,0,1,dgekt,0.6299633181672509
1314274021776008685,2971078979906996375,300471914551172981,1,1,dgekt,0.6868115039427797
1314274021776008685,5841359775533910823,300471914551172981,1,1,dgekt,0.657770971889856
1314274021776008685,8621262567927479011,300471914551172981,1,1,dgekt,0.695483519589737
1314274021776008685,8434961942249729798,8573800373938698102,1,1,dgekt,0.6631039917837108
1314274021776008685,2322042198017538996,8573800373938698102,1,1,dgekt,0.6651897291590326
1314274021776008685,1742185772413642127,300471914551172981,1,1,dgekt,0.7014593490023786
1314274021776008685,2334639155148655290,8573800373938698102,1,1,dgekt,0.6714792308552008
1314274021776008685,7660717256841499384,300471914551172981,1,1,dgekt,0.7153118836252634
1314274021776008685,4113615466659810841,300471914551172981,1,1,dgekt,0.7005808025380067
1314274021776008685,6125574002232610732,300471914551172981,1,1,dgekt,0.666212053383708
1314274021776008685,2774368076249802464,8573800373938698102,1,1,dgekt,0.6589859279075847
1314274021776008685,8903365289186067945,8573800373938698102,1,1,dgekt,0.6618783517672052
1314274021776008685,6925932688889117475,300471914551172981,1,1,dgekt,0.7190397589541194
1314274021776008685,8194071366621068887,8573800373938698102,0,1,dgekt,0.6396802644939785
1314274021776008685,2986660907093963186,300471914551172981,1,1,dgekt,0.7244789070278044
1314274021776008685,7591109345808921544,300471914551172981,1,1,dgekt,0.7009188802207593
1314274021776008685,625545550176685521,8573800373938698102,1,1,dgekt,0.6732549828169474
1314274021776008685,1761868641361943332,8573800373938698102,0,1,dgekt,0.6809389103229828
1314274021776008685,4824259625677886603,300471914551172981,1,1,dgekt,0.6971199568935743
1314274021776008685,8450591260754163598,8573800373938698102,0,1,dgekt,0.6593481343619
1314274021776008685,1553079256999111676,300471914551172981,1,1,dgekt,0.7051598252343682
1314274021776008685,3220231712819306119,8573800373938698102,1,1,dgekt,0.6663377307931307
1314274021776008685,338807275221326836,300471914551172981,1,1,dgekt,0.6931567516815462
1314274021776008685,8525319303741530302,8573800373938698102,1,1,dgekt,0.6671974406774354
1314274021776008685,6587421150596252277,300471914551172981,1,1,dgekt,0.7068330079823564
1314274021776008685,5891620578387310353,300471914551172981,1,1,dgekt,0.6899930681792181
1314274021776008685,5791250638486922978,300471914551172981,1,1,dgekt,0.7112895989413759
1314274021776008685,4031585874086886353,8573800373938698102,1,1,dgekt,0.6821286404001843
1314274021776008685,2083452711903133430,8573800373938698102,1,1,dgekt,0.7040694793071505
1314274021776008685,6319743179241711738,8573800373938698102,1,1,dgekt,0.684013329755303
1314274021776008685,8628686323660025649,300471914551172981,1,1,dgekt,0.7104280388949681
1314274021776008685,4378721629787482518,300471914551172981,1,1,dgekt,0.7164268184634326
1314274021776008685,4813462692425748605,300471914551172981,1,1,dgekt,0.6810963049341072
1314274021776008685,4644364625800006675,300471914551172981,1,1,dgekt,0.6995652580608251
1314274021776008685,1062464292871659639,8573800373938698102,1,1,dgekt,0.6847098351474088
1314274021776008685,5932668873100475470,300471914551172981,1,1,dgekt,0.7209898081447911
1314274021776008685,5237822943399727048,8573800373938698102,1,1,dgekt,0.6883182494130664
1323516988765165119,300471914551172981,300471914551172981,1,1,dgekt,0.6801150097005656
1323516988765165119,8573800373938698102,8573800373938698102,1,1,dgekt,0.6244597733501571
1323516988765165119,2014268979504181100,300471914551172981,0,1,dgekt,0.6651356576839594
1323516988765165119,2172169907340938753,300471914551172981,1,1,dgekt,0.6662837517059808
1323516988765165119,8150806168444344502,300471914551172981,1,1,dgekt,0.688888455093555
1323516988765165119,816286915455981984,8573800373938698102,1,1,dgekt,0.6770031508568203
1323516988765165119,1962751598315765836,300471914551172981,1,1,dgekt,0.6935680775467012
1323516988765165119,7444476343858270082,300471914551172981,1,1,dgekt,0.6975282883482606
1323516988765165119,2537821716777940730,300471914551172981,0,1,dgekt,0.6983440149560636
1323516988765165119,1061301253559417093,300471914551172981,0,1,dgekt,0.6794131064119566
1323516988765165119,8553379303363759508,300471914551172981,0,1,dgekt,0.6716390417027954
1323516988765165119,6440511557387709110,300471914551172981,1,1,dgekt,0.6964387123191638
1323516988765165119,7744513373483970787,8573800373938698102,1,1,dgekt,0.6299633181672509
1323516988765165119,2971078979906996375,300471914551172981,1,1,dgekt,0.6868115039427797
1323516988765165119,5841359775533910823,300471914551172981,0,1,dgekt,0.657770971889856
1323516988765165119,8621262567927479011,300471914551172981,1,1,dgekt,0.695483519589737
1323516988765165119,8434961942249729798,8573800373938698102,1,1,dgekt,0.6631039917837108
1323516988765165119,2322042198017538996,8573800373938698102,1,1,dgekt,0.6651897291590326
1323516988765165119,1742185772413642127,300471914551172981,1,1,dgekt,0.7014593490023786
1323516988765165119,2334639155148655290,8573800373938698102,0,1,dgekt,0.6714792308552008
1323516988765165119,7660717256841499384,300471914551172981,1,1,dgekt,0.7153118836252634
1323516988765165119,4113615466659810841,300471914551172981,1,1,dgekt,0.7005808025380067
1323516988765165119,6125574002232610732,300471914551172981,0,1,dgekt,0.666212053383708
1323516988765165119,2774368076249802464,8573800373938698102,1,1,dgekt,0.6589859279075847
1323516988765165119,8903365289186067945,8573800373938698102,1,1,dgekt,0.6618783517672052
1323516988765165119,6925932688889117475,300471914551172981,1,1,dgekt,0.7190397589541194
1323516988765165119,8194071366621068887,8573800373938698102,0,1,dgekt,0.6396802644939785
1323516988765165119,2986660907093963186,300471914551172981,1,1,dgekt,0.7244789070278044
1323516988765165119,7591109345808921544,300471914551172981,1,1,dgekt,0.7009188802207593
1323516988765165119,625545550176685521,8573800373938698102,1,1,dgekt,0.6732549828169474
1323516988765165119,1761868641361943332,8573800373938698102,1,1,dgekt,0.6809389103229828
1323516988765165119,4824259625677886603,300471914551172981,1,1,dgekt,0.6971199568935743
1323516988765165119,8450591260754163598,8573800373938698102,1,1,dgekt,0.6593481343619
1323516988765165119,1553079256999111676,300471914551172981,1,1,dgekt,0.7051598252343682
1323516988765165119,3220231712819306119,8573800373938698102,1,1,dgekt,0.6663377307931307
1323516988765165119,338807275221326836,300471914551172981,1,1,dgekt,0.6931567516815462
1323516988765165119,8525319303741530302,8573800373938698102,1,1,dgekt,0.6671974406774354
1323516988765165119,6587421150596252277,300471914551172981,1,1,dgekt,0.7068330079823564
1323516988765165119,5891620578387310353,300471914551172981,1,1,dgekt,0.6899930681792181
1323516988765165119,5791250638486922978,300471914551172981,1,1,dgekt,0.7112895989413759
1323516988765165119,4031585874086886353,8573800373938698102,1,1,dgekt,0.6821286404001843
1323516988765165119,2083452711903133430,8573800373938698102,1,1,dgekt,0.7040694793071505
1323516988765165119,6319743179241711738,8573800373938698102,1,1,dgekt,0.684013329755303
1323516988765165119,8628686323660025649,300471914551172981,1,1,dgekt,0.7104280388949681
1323516988765165119,4378721629787482518,300471914551172981,1,1,dgekt,0.7164268184634326
1323516988765165119,4813462692425748605,300471914551172981,1,1,dgekt,0.6810963049341072
1323516988765165119,4644364625800006675,300471914551172981,1,1,dgekt,0.6995652580608251
1323516988765165119,1062464292871659639,8573800373938698102,1,1,dgekt,0.6847098351474088
1323516988765165119,5932668873100475470,300471914551172981,1,1,dgekt,0.7209898081447911
1323516988765165119,5237822943399727048,8573800373938698102,1,1,dgekt,0.6883182494130664
1327066424004720614,300471914551172981,300471914551172981,1,1,dgekt,0.6801150097005656
1327066424004720614,8573800373938698102,8573800373938698102,0,1,dgekt,0.6244597733501571
1327066424004720614,2014268979504181100,300471914551172981,1,1,dgekt,0.6651356576839594
1327066424004720614,2172169907340938753,300471914551172981,1,1,dgekt,0.6662837517059808
1327066424004720614,8150806168444344502,300471914551172981,1,1,dgekt,0.688888455093555
1327066424004720614,816286915455981984,8573800373938698102,0,1,dgekt,0.6770031508568203
1327066424004720614,1962751598315765836,300471914551172981,1,1,dgekt,0.6935680775467012
1327066424004720614,7444476343858270082,300471914551172981,1,1,dgekt,0.6975282883482606
1327066424004720614,2537821716777940730,300471914551172981,1,1,dgekt,0.6983440149560636
1327066424004720614,1061301253559417093,300471914551172981,1,1,dgekt,0.6794131064119566
1327066424004720614,8553379303363759508,300471914551172981,1,1,dgekt,0.6716390417027954
1327066424004720614,6440511557387709110,300471914551172981,1,1,dgekt,0.6964387123191638
1327066424004720614,7744513373483970787,8573800373938698102,0,1,dgekt,0.6299633181672509
1327066424004720614,2971078979906996375,300471914551172981,1,1,dgekt,0.6868115039427797
1327066424004720614,5841359775533910823,300471914551172981,1,1,dgekt,0.657770971889856
1327066424004720614,8621262567927479011,300471914551172981,1,1,dgekt,0.695483519589737
1327066424004720614,8434961942249729798,8573800373938698102,0,1,dgekt,0.6631039917837108
1327066424004720614,2322042198017538996,8573800373938698102,0,1,dgekt,0.6651897291590326
1327066424004720614,1742185772413642127,300471914551172981,1,1,dgekt,0.7014593490023786
1327066424004720614,2334639155148655290,8573800373938698102,0,1,dgekt,0.6714792308552008
1327066424004720614,7660717256841499384,300471914551172981,1,1,dgekt,0.7153118836252634
1327066424004720614,4113615466659810841,300471914551172981,1,1,dgekt,0.7005808025380067
1327066424004720614,6125574002232610732,300471914551172981,1,1,dgekt,0.666212053383708
1327066424004720614,2774368076249802464,8573800373938698102,0,1,dgekt,0.6589859279075847
1327066424004720614,8903365289186067945,8573800373938698102,0,1,dgekt,0.6618783517672052
1327066424004720614,6925932688889117475,300471914551172981,1,1,dgekt,0.7190397589541194
1327066424004720614,8194071366621068887,8573800373938698102,0,1,dgekt,0.6396802644939785
1327066424004720614,2986660907093963186,300471914551172981,1,1,dgekt,0.7244789070278044
1327066424004720614,7591109345808921544,300471914551172981,1,1,dgekt,0.7009188802207593
1327066424004720614,625545550176685521,8573800373938698102,0,1,dgekt,0.6732549828169474
1327066424004720614,1761868641361943332,8573800373938698102,1,1,dgekt,0.6809389103229828
1327066424004720614,4824259625677886603,300471914551172981,1,1,dgekt,0.6971199568935743
1327066424004720614,8450591260754163598,8573800373938698102,1,1,dgekt,0.6593481343619
1327066424004720614,1553079256999111676,300471914551172981,1,1,dgekt,0.7051598252343682
1327066424004720614,3220231712819306119,8573800373938698102,0,1,dgekt,0.6663377307931307
1327066424004720614,338807275221326836,300471914551172981,1,1,dgekt,0.6931567516815462
1327066424004720614,8525319303741530302,8573800373938698102,0,1,dgekt,0.6671974406774354
1327066424004720614,6587421150596252277,300471914551172981,1,1,dgekt,0.7068330079823564
1327066424004720614,5891620578387310353,300471914551172981,1,1,dgekt,0.6899930681792181
1327066424004720614,5791250638486922978,300471914551172981,1,1,dgekt,0.7112895989413759
1327066424004720614,4031585874086886353,8573800373938698102,1,1,dgekt,0.6821286404001843
1327066424004720614,2083452711903133430,8573800373938698102,1,1,dgekt,0.7040694793071505
1327066424004720614,6319743179241711738,8573800373938698102,0,1,dgekt,0.684013329755303
1327066424004720614,8628686323660025649,300471914551172981,1,1,dgekt,0.7104280388949681
1327066424004720614,4378721629787482518,300471914551172981,1,1,dgekt,0.7164268184634326
1327066424004720614,4813462692425748605,300471914551172981,1,1,dgekt,0.6810963049341072
1327066424004720614,4644364625800006675,300471914551172981,1,1,dgekt,0.6995652580608251
1327066424004720614,1062464292871659639,8573800373938698102,0,1,dgekt,0.6847098351474088
1327066424004720614,5932668873100475470,300471914551172981,1,1,dgekt,0.7209898081447911
1327066424004720614,5237822943399727048,8573800373938698102,0,1,dgekt,0.6883182494130664
1376334605523658368,300471914551172981,300471914551172981,1,1,dgekt,0.6801150097005656
1376334605523658368,8573800373938698102,8573800373938698102,0,1,dgekt,0.6244597733501571
1376334605523658368,2014268979504181100,300471914551172981,1,1,dgekt,0.6651356576839594
1376334605523658368,2172169907340938753,300471914551172981,1,1,dgekt,0.6662837517059808
1376334605523658368,8150806168444344502,300471914551172981,1,1,dgekt,0.688888455093555
1376334605523658368,816286915455981984,8573800373938698102,0,1,dgekt,0.6770031508568203
1376334605523658368,1962751598315765836,300471914551172981,1,1,dgekt,0.6935680775467012
1376334605523658368,7444476343858270082,300471914551172981,1,1,dgekt,0.6975282883482606
1376334605523658368,2537821716777940730,300471914551172981,1,1,dgekt,0.6983440149560636
1376334605523658368,1061301253559417093,300471914551172981,1,1,dgekt,0.6794131064119566
1376334605523658368,8553379303363759508,300471914551172981,1,1,dgekt,0.6716390417027954
1376334605523658368,6440511557387709110,300471914551172981,1,1,dgekt,0.6964387123191638
1376334605523658368,7744513373483970787,8573800373938698102,0,1,dgekt,0.6299633181672509
1376334605523658368,2971078979906996375,300471914551172981,0,1,dgekt,0.6868115039427797
1376334605523658368,5841359775533910823,300471914551172981,1,1,dgekt,0.657770971889856
1376334605523658368,8621262567927479011,300471914551172981,1,1,dgekt,0.695483519589737
1376334605523658368,8434961942249729798,8573800373938698102,0,1,dgekt,0.6631039917837108
1376334605523658368,2322042198017538996,8573800373938698102,0,1,dgekt,0.6651897291590326
1376334605523658368,1742185772413642127,300471914551172981,1,1,dgekt,0.7014593490023786
1376334605523658368,2334639155148655290,8573800373938698102,1,1,dgekt,0.6714792308552008
1376334605523658368,7660717256841499384,300471914551172981,1,1,dgekt,0.7153118836252634
1376334605523658368,4113615466659810841,300471914551172981,1,1,dgekt,0.7005808025380067
1376334605523658368,6125574002232610732,300471914551172981,0,1,dgekt,0.666212053383708
1376334605523658368,2774368076249802464,8573800373938698102,1,1,dgekt,0.6589859279075847
1376334605523658368,8903365289186067945,8573800373938698102,0,1,dgekt,0.6618783517672052
1376334605523658368,6925932688889117475,300471914551172981,1,1,dgekt,0.7190397589541194
1376334605523658368,8194071366621068887,8573800373938698102,0,1,dgekt,0.6396802644939785
1376334605523658368,2986660907093963186,300471914551172981,1,1,dgekt,0.7244789070278044
1376334605523658368,7591109345808921544,300471914551172981,1,1,dgekt,0.7009188802207593
1376334605523658368,625545550176685521,8573800373938698102,0,1,dgekt,0.6732549828169474
1376334605523658368,1761868641361943332,8573800373938698102,0,1,dgekt,0.6809389103229828
1376334605523658368,4824259625677886603,300471914551172981,1,1,dgekt,0.6971199568935743
1376334605523658368,8450591260754163598,8573800373938698102,0,1,dgekt,0.6593481343619
1376334605523658368,1553079256999111676,300471914551172981,0,1,dgekt,0.7051598252343682
1376334605523658368,3220231712819306119,8573800373938698102,0,1,dgekt,0.6663377307931307
1376334605523658368,338807275221326836,300471914551172981,1,1,dgekt,0.6931567516815462
1376334605523658368,8525319303741530302,8573800373938698102,0,1,dgekt,0.6671974406774354
1376334605523658368,6587421150596252277,300471914551172981,0,1,dgekt,0.7068330079823564
1376334605523658368,5891620578387310353,300471914551172981,0,1,dgekt,0.6899930681792181
1376334605523658368,5791250638486922978,300471914551172981,1,1,dgekt,0.7112895989413759
1376334605523658368,4031585874086886353,8573800373938698102,0,1,dgekt,0.6821286404001843
1376334605523658368,2083452711903133430,8573800373938698102,1,1,dgekt,0.7040694793071505
1376334605523658368,6319743179241711738,8573800373938698102,0,1,dgekt,0.684013329755303
1376334605523658368,8628686323660025649,300471914551172981,1,1,dgekt,0.7104280388949681
1376334605523658368,4378721629787482518,300471914551172981,1,1,dgekt,0.7164268184634326
1376334605523658368,4813462692425748605,300471914551172981,0,1,dgekt,0.6810963049341072
1376334605523658368,4644364625800006675,300471914551172981,1,1,dgekt,0.6995652580608251
1376334605523658368,1062464292871659639,8573800373938698102,0,1,dgekt,0.6847098351474088
1376334605523658368,5932668873100475470,300471914551172981,1,1,dgekt,0.7209898081447911
1376334605523658368,5237822943399727048,8573800373938698102,0,1,dgekt,0.6883182494130664
1387778011818191444,300471914551172981,300471914551172981,1,1,dgekt,0.6801150097005656
1387778011818191444,8573800373938698102,8573800373938698102,0,1,dgekt,0.6244597733501571
1387778011818191444,2014268979504181100,300471914551172981,1,1,dgekt,0.6651356576839594
1387778011818191444,2172169907340938753,300471914551172981,0,1,dgekt,0.6662837517059808
1387778011818191444,8150806168444344502,300471914551172981,1,1,dgekt,0.688888455093555
1387778011818191444,816286915455981984,8573800373938698102,1,1,dgekt,0.6770031508568203
1387778011818191444,1962751598315765836,300471914551172981,1,1,dgekt,0.6935680775467012
1387778011818191444,7444476343858270082,300471914551172981,0,1,dgekt,0.6975282883482606
1387778011818191444,2537821716777940730,300471914551172981,0,1,dgekt,0.6983440149560636
1387778011818191444,1061301253559417093,300471914551172981,0,1,dgekt,0.6794131064119566
1387778011818191444,8553379303363759508,300471914551172981,0,1,dgekt,0.6716390417027954
1387778011818191444,6440511557387709110,300471914551172981,1,1,dgekt,0.6964387123191638
1387778011818191444,7744513373483970787,8573800373938698102,1,1,dgekt,0.6299633181672509
1387778011818191444,2971078979906996375,300471914551172981,0,1,dgekt,0.6868115039427797
1387778011818191444,5841359775533910823,300471914551172981,0,1,dgekt,0.657770971889856
1387778011818191444,8621262567927479011,300471914551172981,1,1,dgekt,0.695483519589737
1387778011818191444,8434961942249729798,8573800373938698102,1,1,dgekt,0.6631039917837108
1387778011818191444,2322042198017538996,8573800373938698102,1,1,dgekt,0.6651897291590326
1387778011818191444,1742185772413642127,300471914551172981,1,1,dgekt,0.7014593490023786
1387778011818191444,2334639155148655290,8573800373938698102,1,1,dgekt,0.6714792308552008
1387778011818191444,7660717256841499384,300471914551172981,1,1,dgekt,0.7153118836252634
1387778011818191444,4113615466659810841,300471914551172981,1,1,dgekt,0.7005808025380067
1387778011818191444,6125574002232610732,300471914551172981,1,1,dgekt,0.666212053383708
1387778011818191444,2774368076249802464,8573800373938698102,1,1,dgekt,0.6589859279075847
1387778011818191444,8903365289186067945,8573800373938698102,1,1,dgekt,0.6618783517672052
1387778011818191444,6925932688889117475,300471914551172981,1,1,dgekt,0.7190397589541194
1387778011818191444,8194071366621068887,8573800373938698102,1,1,dgekt,0.6396802644939785
1387778011818191444,2986660907093963186,300471914551172981,1,1,dgekt,0.7244789070278044
1387778011818191444,7591109345808921544,300471914551172981,1,1,dgekt,0.7009188802207593
1387778011818191444,625545550176685521,8573800373938698102,1,1,dgekt,0.6732549828169474
1387778011818191444,1761868641361943332,8573800373938698102,1,1,dgekt,0.6809389103229828
1387778011818191444,4824259625677886603,300471914551172981,1,1,dgekt,0.6971199568935743
1387778011818191444,8450591260754163598,8573800373938698102,1,1,dgekt,0.6593481343619
1387778011818191444,1553079256999111676,300471914551172981,0,1,dgekt,0.7051598252343682
1387778011818191444,3220231712819306119,8573800373938698102,1,1,dgekt,0.6663377307931307
1387778011818191444,338807275221326836,300471914551172981,1,1,dgekt,0.6931567516815462
1387778011818191444,8525319303741530302,8573800373938698102,1,1,dgekt,0.6671974406774354
1387778011818191444,6587421150596252277,300471914551172981,1,1,dgekt,0.7068330079823564
1387778011818191444,5891620578387310353,300471914551172981,0,1,dgekt,0.6899930681792181
1387778011818191444,5791250638486922978,300471914551172981,0,1,dgekt,0.7112895989413759
1387778011818191444,4031585874086886353,8573800373938698102,1,1,dgekt,0.6821286404001843
1387778011818191444,2083452711903133430,8573800373938698102,1,1,dgekt,0.7040694793071505
1387778011818191444,6319743179241711738,8573800373938698102,1,1,dgekt,0.684013329755303
1387778011818191444,8628686323660025649,300471914551172981,1,1,dgekt,0.7104280388949681
1387778011818191444,4378721629787482518,300471914551172981,1,1,dgekt,0.7164268184634326
1387778011818191444,4813462692425748605,300471914551172981,0,1,dgekt,0.6810963049341072
1387778011818191444,4644364625800006675,300471914551172981,1,1,dgekt,0.6995652580608251
1387778011818191444,1062464292871659639,8573800373938698102,1,1,dgekt,0.6847098351474088
1387778011818191444,5932668873100475470,300471914551172981,1,1,dgekt,0.7209898081447911
1387778011818191444,5237822943399727048,8573800373938698102,1,1,dgekt,0.6883182494130664
1411612469887479054,300471914551172981,300471914551172981,0,1,dgekt,0.6801150097005656
1411612469887479054,8573800373938698102,8573800373938698102,0,1,dgekt,0.6244597733501571
1411612469887479054,2014268979504181100,300471914551172981,0,1,dgekt,0.6651356576839594
1411612469887479054,2172169907340938753,300471914551172981,0,1,dgekt,0.6662837517059808
1411612469887479054,8150806168444344502,300471914551172981,0,1,dgekt,0.688888455093555
1411612469887479054,816286915455981984,8573800373938698102,0,1,dgekt,0.6770031508568203
1411612469887479054,1962751598315765836,300471914551172981,1,1,dgekt,0.6935680775467012
1411612469887479054,7444476343858270082,300471914551172981,0,1,dgekt,0.6975282883482606
1411612469887479054,2537821716777940730,300471914551172981,0,1,dgekt,0.6983440149560636
1411612469887479054,1061301253559417093,300471914551172981,1,1,dgekt,0.6794131064119566
1411612469887479054,8553379303363759508,300471914551172981,0,1,dgekt,0.6716390417027954
1411612469887479054,6440511557387709110,300471914551172981,1,1,dgekt,0.6964387123191638
1411612469887479054,7744513373483970787,8573800373938698102,0,1,dgekt,0.6299633181672509
1411612469887479054,2971078979906996375,300471914551172981,0,1,dgekt,0.6868115039427797
1411612469887479054,5841359775533910823,300471914551172981,1,1,dgekt,0.657770971889856
1411612469887479054,8621262567927479011,300471914551172981,1,1,dgekt,0.695483519589737
1411612469887479054,8434961942249729798,8573800373938698102,0,1,dgekt,0.6631039917837108
1411612469887479054,2322042198017538996,8573800373938698102,0,1,dgekt,0.6651897291590326
1411612469887479054,1742185772413642127,300471914551172981,1,1,dgekt,0.7014593490023786
1411612469887479054,2334639155148655290,8573800373938698102,0,1,dgekt,0.6714792308552008
1411612469887479054,7660717256841499384,300471914551172981,1,1,dgekt,0.7153118836252634
1411612469887479054,4113615466659810841,300471914551172981,0,1,dgekt,0.7005808025380067
1411612469887479054,6125574002232610732,300471914551172981,0,1,dgekt,0.666212053383708
1411612469887479054,2774368076249802464,8573800373938698102,0,1,dgekt,0.6589859279075847
1411612469887479054,8903365289186067945,8573800373938698102,0,1,dgekt,0.6618783517672052
1411612469887479054,6925932688889117475,300471914551172981,1,1,dgekt,0.7190397589541194
1411612469887479054,8194071366621068887,8573800373938698102,0,1,dgekt,0.6396802644939785
1411612469887479054,2986660907093963186,300471914551172981,0,1,dgekt,0.7244789070278044
1411612469887479054,7591109345808921544,300471914551172981,1,1,dgekt,0.7009188802207593
1411612469887479054,625545550176685521,8573800373938698102,0,1,dgekt,0.6732549828169474
1411612469887479054,1761868641361943332,8573800373938698102,0,1,dgekt,0.6809389103229828
1411612469887479054,4824259625677886603,300471914551172981,0,1,dgekt,0.6971199568935743
1411612469887479054,8450591260754163598,8573800373938698102,1,1,dgekt,0.6593481343619
1411612469887479054,1553079256999111676,300471914551172981,0,1,dgekt,0.7051598252343682
1411612469887479054,3220231712819306119,8573800373938698102,0,1,dgekt,0.6663377307931307
1411612469887479054,338807275221326836,300471914551172981,0,1,dgekt,0.6931567516815462
1411612469887479054,8525319303741530302,8573800373938698102,0,1,dgekt,0.6671974406774354
1411612469887479054,6587421150596252277,300471914551172981,1,1,dgekt,0.7068330079823564
1411612469887479054,5891620578387310353,300471914551172981,0,1,dgekt,0.6899930681792181
1411612469887479054,5791250638486922978,300471914551172981,1,1,dgekt,0.7112895989413759
1411612469887479054,4031585874086886353,8573800373938698102,0,1,dgekt,0.6821286404001843
1411612469887479054,2083452711903133430,8573800373938698102,0,1,dgekt,0.7040694793071505
1411612469887479054,6319743179241711738,8573800373938698102,1,1,dgekt,0.684013329755303
1411612469887479054,8628686323660025649,300471914551172981,0,1,dgekt,0.7104280388949681
1411612469887479054,4378721629787482518,300471914551172981,1,1,dgekt,0.7164268184634326
1411612469887479054,4813462692425748605,300471914551172981,0,1,dgekt,0.6810963049341072
1411612469887479054,4644364625800006675,300471914551172981,0,1,dgekt,0.6995652580608251
1411612469887479054,1062464292871659639,8573800373938698102,0,1,dgekt,0.6847098351474088
1411612469887479054,5932668873100475470,300471914551172981,0,1,dgekt,0.7209898081447911
1411612469887479054,5237822943399727048,8573800373938698102,0,1,dgekt,0.6883182494130664
1483669095355523038,300471914551172981,300471914551172981,0,1,dgekt,0.6801150097005656
1483669095355523038,8573800373938698102,8573800373938698102,0,1,dgekt,0.6244597733501571
1483669095355523038,2014268979504181100,300471914551172981,0,1,dgekt,0.6651356576839594
1483669095355523038,2172169907340938753,300471914551172981,0,1,dgekt,0.6662837517059808
1483669095355523038,8150806168444344502,300471914551172981,0,1,dgekt,0.688888455093555
1483669095355523038,816286915455981984,8573800373938698102,1,1,dgekt,0.6770031508568203
1483669095355523038,1962751598315765836,300471914551172981,1,1,dgekt,0.6935680775467012
1483669095355523038,7444476343858270082,300471914551172981,1,1,dgekt,0.6975282883482606
1483669095355523038,2537821716777940730,300471914551172981,1,1,dgekt,0.6983440149560636
1483669095355523038,1061301253559417093,300471914551172981,0,1,dgekt,0.6794131064119566
1483669095355523038,8553379303363759508,300471914551172981,0,1,dgekt,0.6716390417027954
1483669095355523038,6440511557387709110,300471914551172981,0,1,dgekt,0.6964387123191638
1483669095355523038,7744513373483970787,8573800373938698102,0,1,dgekt,0.6299633181672509
1483669095355523038,2971078979906996375,300471914551172981,0,1,dgekt,0.6868115039427797
1483669095355523038,5841359775533910823,300471914551172981,0,1,dgekt,0.657770971889856
1483669095355523038,8621262567927479011,300471914551172981,1,1,dgekt,0.695483519589737
1483669095355523038,8434961942249729798,8573800373938698102,1,1,dgekt,0.6631039917837108
1483669095355523038,2322042198017538996,8573800373938698102,0,1,dgekt,0.6651897291590326
1483669095355523038,1742185772413642127,300471914551172981,1,1,dgekt,0.7014593490023786
1483669095355523038,2334639155148655290,8573800373938698102,1,1,dgekt,0.6714792308552008
1483669095355523038,7660717256841499384,300471914551172981,1,1,dgekt,0.7153118836252634
1483669095355523038,4113615466659810841,300471914551172981,0,1,dgekt,0.7005808025380067
1483669095355523038,6125574002232610732,300471914551172981,0,1,dgekt,0.666212053383708
1483669095355523038,2774368076249802464,8573800373938698102,1,1,dgekt,0.6589859279075847
1483669095355523038,8903365289186067945,8573800373938698102,1,1,dgekt,0.6618783517672052
1483669095355523038,6925932688889117475,300471914551172981,0,1,dgekt,0.7190397589541194
1483669095355523038,8194071366621068887,8573800373938698102,0,1,dgekt,0.6396802644939785
1483669095355523038,2986660907093963186,300471914551172981,0,1,dgekt,0.7244789070278044
1483669095355523038,7591109345808921544,300471914551172981,0,1,dgekt,0.7009188802207593
1483669095355523038,625545550176685521,8573800373938698102,1,1,dgekt,0.6732549828169474
1483669095355523038,1761868641361943332,8573800373938698102,0,1,dgekt,0.6809389103229828
1483669095355523038,4824259625677886603,300471914551172981,0,1,dgekt,0.6971199568935743
1483669095355523038,8450591260754163598,8573800373938698102,0,1,dgekt,0.6593481343619
1483669095355523038,1553079256999111676,300471914551172981,0,1,dgekt,0.7051598252343682
1483669095355523038,3220231712819306119,8573800373938698102,1,1,dgekt,0.6663377307931307
1483669095355523038,338807275221326836,300471914551172981,1,1,dgekt,0.6931567516815462
1483669095355523038,8525319303741530302,8573800373938698102,0,1,dgekt,0.6671974406774354
1483669095355523038,6587421150596252277,300471914551172981,0,1,dgekt,0.7068330079823564
1483669095355523038,5891620578387310353,300471914551172981,0,1,dgekt,0.6899930681792181
1483669095355523038,5791250638486922978,300471914551172981,0,1,dgekt,0.7112895989413759
1483669095355523038,4031585874086886353,8573800373938698102,0,1,dgekt,0.6821286404001843
1483669095355523038,2083452711903133430,8573800373938698102,1,1,dgekt,0.7040694793071505
1483669095355523038,6319743179241711738,8573800373938698102,1,1,dgekt,0.684013329755303
1483669095355523038,8628686323660025649,300471914551172981,1,1,dgekt,0.7104280388949681
1483669095355523038,4378721629787482518,300471914551172981,0,1,dgekt,0.7164268184634326
1483669095355523038,4813462692425748605,300471914551172981,0,1,dgekt,0.6810963049341072
1483669095355523038,4644364625800006675,300471914551172981,1,1,dgekt,0.6995652580608251
1483669095355523038,1062464292871659639,8573800373938698102,1,1,dgekt,0.6847098351474088
1483669095355523038,5932668873100475470,300471914551172981,1,1,dgekt,0.7209898081447911
1483669095355523038,5237822943399727048,8573800373938698102,1,1,dgekt,0.6883182494130664
1490828910013531872,300471914551172981,300471914551172981,1,1,dgekt,0.6801150097005656
1490828910013531872,8573800373938698102,8573800373938698102,0,1,dgekt,0.6244597733501571
1490828910013531872,2014268979504181100,300471914551172981,1,1,dgekt,0.6651356576839594
1490828910013531872,2172169907340938753,300471914551172981,1,1,dgekt,0.6662837517059808
1490828910013531872,8150806168444344502,300471914551172981,1,1,dgekt,0.688888455093555
1490828910013531872,816286915455981984,8573800373938698102,0,1,dgekt,0.6770031508568203
1490828910013531872,1962751598315765836,300471914551172981,1,1,dgekt,0.6935680775467012
1490828910013531872,7444476343858270082,300471914551172981,1,1,dgekt,0.6975282883482606
1490828910013531872,2537821716777940730,300471914551172981,1,1,dgekt,0.6983440149560636
1490828910013531872,1061301253559417093,300471914551172981,1,1,dgekt,0.6794131064119566
1490828910013531872,8553379303363759508,300471914551172981,1,1,dgekt,0.6716390417027954
1490828910013531872,6440511557387709110,300471914551172981,1,1,dgekt,0.6964387123191638
1490828910013531872,7744513373483970787,8573800373938698102,0,1,dgekt,0.6299633181672509
1490828910013531872,2971078979906996375,300471914551172981,1,1,dgekt,0.6868115039427797
1490828910013531872,5841359775533910823,300471914551172981,1,1,dgekt,0.657770971889856
1490828910013531872,8621262567927479011,300471914551172981,1,1,dgekt,0.695483519589737
1490828910013531872,8434961942249729798,8573800373938698102,1,1,dgekt,0.6631039917837108
1490828910013531872,2322042198017538996,8573800373938698102,1,1,dgekt,0.6651897291590326
1490828910013531872,1742185772413642127,300471914551172981,1,1,dgekt,0.7014593490023786
1490828910013531872,2334639155148655290,8573800373938698102,1,1,dgekt,0.6714792308552008
1490828910013531872,7660717256841499384,300471914551172981,1,1,dgekt,0.7153118836252634
1490828910013531872,4113615466659810841,300471914551172981,1,1,dgekt,0.7005808025380067
1490828910013531872,6125574002232610732,300471914551172981,1,1,dgekt,0.666212053383708
1490828910013531872,2774368076249802464,8573800373938698102,1,1,dgekt,0.6589859279075847
1490828910013531872,8903365289186067945,8573800373938698102,1,1,dgekt,0.6618783517672052
1490828910013531872,6925932688889117475,300471914551172981,1,1,dgekt,0.7190397589541194
1490828910013531872,8194071366621068887,8573800373938698102,0,1,dgekt,0.6396802644939785
1490828910013531872,2986660907093963186,300471914551172981,1,1,dgekt,0.7244789070278044
1490828910013531872,7591109345808921544,300471914551172981,1,1,dgekt,0.7009188802207593
1490828910013531872,625545550176685521,8573800373938698102,1,1,dgekt,0.6732549828169474
1490828910013531872,1761868641361943332,8573800373938698102,0,1,dgekt,0.6809389103229828
1490828910013531872,4824259625677886603,300471914551172981,1,1,dgekt,0.6971199568935743
1490828910013531872,8450591260754163598,8573800373938698102,0,1,dgekt,0.6593481343619
1490828910013531872,1553079256999111676,300471914551172981,1,1,dgekt,0.7051598252343682
1490828910013531872,3220231712819306119,8573800373938698102,0,1,dgekt,0.6663377307931307
1490828910013531872,338807275221326836,300471914551172981,1,1,dgekt,0.6931567516815462
1490828910013531872,8525319303741530302,8573800373938698102,0,1,dgekt,0.6671974406774354
1490828910013531872,6587421150596252277,300471914551172981,1,1,dgekt,0.7068330079823564
1490828910013531872,5891620578387310353,300471914551172981,1,1,dgekt,0.6899930681792181
1490828910013531872,5791250638486922978,300471914551172981,1,1,dgekt,0.7112895989413759
1490828910013531872,4031585874086886353,8573800373938698102,1,1,dgekt,0.6821286404001843
1490828910013531872,2083452711903133430,8573800373938698102,1,1,dgekt,0.7040694793071505
1490828910013531872,6319743179241711738,8573800373938698102,1,1,dgekt,0.684013329755303
1490828910013531872,8628686323660025649,300471914551172981,1,1,dgekt,0.7104280388949681
1490828910013531872,4378721629787482518,300471914551172981,1,1,dgekt,0.7164268184634326
1490828910013531872,4813462692425748605,300471914551172981,1,1,dgekt,0.6810963049341072
1490828910013531872,4644364625800006675,300471914551172981,0,1,dgekt,0.6995652580608251
1490828910013531872,1062464292871659639,8573800373938698102,1,1,dgekt,0.6847098351474088
1490828910013531872,5932668873100475470,300471914551172981,1,1,dgekt,0.7209898081447911
1490828910013531872,5237822943399727048,8573800373938698102,1,1,dgekt,0.6883182494130664
1520947013988716706,300471914551172981,300471914551172981,0,1,dgekt,0.6801150097005656
1520947013988716706,8573800373938698102,8573800373938698102,1,1,dgekt,0.6244597733501571
1520947013988716706,2014268979504181100,300471914551172981,0,1,dgekt,0.6651356576839594
1520947013988716706,2172169907340938753,300471914551172981,0,1,dgekt,0.6662837517059808
1520947013988716706,8150806168444344502,300471914551172981,0,1,dgekt,0.688888455093555
1520947013988716706,816286915455981984,8573800373938698102,1,1,dgekt,0.6770031508568203
1520947013988716706,1962751598315765836,300471914551172981,0,1,dgekt,0.6935680775467012
1520947013988716706,7444476343858270082,300471914551172981,0,1,dgekt,0.6975282883482606
1520947013988716706,2537821716777940730,300471914551172981,0,1,dgekt,0.6983440149560636
1520947013988716706,1061301253559417093,300471914551172981,0,1,dgekt,0.6794131064119566
1520947013988716706,8553379303363759508,300471914551172981,0,1,dgekt,0.6716390417027954
1520947013988716706,6440511557387709110,300471914551172981,1,1,dgekt,0.6964387123191638
1520947013988716706,7744513373483970787,8573800373938698102,0,1,dgekt,0.6299633181672509
1520947013988716706,2971078979906996375,300471914551172981,0,1,dgekt,0.6868115039427797
1520947013988716706,5841359775533910823,300471914551172981,0,1,dgekt,0.657770971889856
1520947013988716706,8621262567927479011,300471914551172981,0,1,dgekt,0.695483519589737
1520947013988716706,8434961942249729798,8573800373938698102,1,1,dgekt,0.6631039917837108
1520947013988716706,2322042198017538996,8573800373938698102,1,1,dgekt,0.6651897291590326
1520947013988716706,1742185772413642127,300471914551172981,0,1,dgekt,0.7014593490023786
1520947013988716706,2334639155148655290,8573800373938698102,1,1,dgekt,0.6714792308552008
1520947013988716706,7660717256841499384,300471914551172981,1,1,dgekt,0.7153118836252634
1520947013988716706,4113615466659810841,300471914551172981,0,1,dgekt,0.7005808025380067
1520947013988716706,6125574002232610732,300471914551172981,1,1,dgekt,0.666212053383708
1520947013988716706,2774368076249802464,8573800373938698102,0,1,dgekt,0.6589859279075847
1520947013988716706,8903365289186067945,8573800373938698102,0,1,dgekt,0.6618783517672052
1520947013988716706,6925932688889117475,300471914551172981,0,1,dgekt,0.7190397589541194
1520947013988716706,8194071366621068887,8573800373938698102,0,1,dgekt,0.6396802644939785
1520947013988716706,2986660907093963186,300471914551172981,0,1,dgekt,0.7244789070278044
1520947013988716706,7591109345808921544,300471914551172981,0,1,dgekt,0.7009188802207593
1520947013988716706,625545550176685521,8573800373938698102,1,1,dgekt,0.6732549828169474
1520947013988716706,1761868641361943332,8573800373938698102,0,1,dgekt,0.6809389103229828
1520947013988716706,4824259625677886603,300471914551172981,0,1,dgekt,0.6971199568935743
1520947013988716706,8450591260754163598,8573800373938698102,0,1,dgekt,0.6593481343619
1520947013988716706,1553079256999111676,300471914551172981,0,1,dgekt,0.7051598252343682
1520947013988716706,3220231712819306119,8573800373938698102,1,1,dgekt,0.6663377307931307
1520947013988716706,338807275221326836,300471914551172981,0,1,dgekt,0.6931567516815462
1520947013988716706,8525319303741530302,8573800373938698102,1,1,dgekt,0.6671974406774354
1520947013988716706,6587421150596252277,300471914551172981,0,1,dgekt,0.7068330079823564
1520947013988716706,5891620578387310353,300471914551172981,0,1,dgekt,0.6899930681792181
1520947013988716706,5791250638486922978,300471914551172981,0,1,dgekt,0.7112895989413759
1520947013988716706,4031585874086886353,8573800373938698102,1,1,dgekt,0.6821286404001843
1520947013988716706,2083452711903133430,8573800373938698102,1,1,dgekt,0.7040694793071505
1520947013988716706,6319743179241711738,8573800373938698102,1,1,dgekt,0.684013329755303
1520947013988716706,8628686323660025649,300471914551172981,1,1,dgekt,0.7104280388949681
1520947013988716706,4378721629787482518,300471914551172981,1,1,dgekt,0.7164268184634326
1520947013988716706,4813462692425748605,300471914551172981,0,1,dgekt,0.6810963049341072
1520947013988716706,4644364625800006675,300471914551172981,0,1,dgekt,0.6995652580608251
1520947013988716706,1062464292871659639,8573800373938698102,1,1,dgekt,0.6847098351474088
1520947013988716706,5932668873100475470,300471914551172981,1,1,dgekt,0.7209898081447911
1520947013988716706,5237822943399727048,8573800373938698102,1,1,dgekt,0.6883182494130664
1599557129054865395,300471914551172981,300471914551172981,1,1,dgekt,0.6801150097005656
1599557129054865395,8573800373938698102,8573800373938698102,0,1,dgekt,0.6244597733501571
1599557129054865395,2014268979504181100,300471914551172981,0,1,dgekt,0.6651356576839594
1599557129054865395,2172169907340938753,300471914551172981,0,1,dgekt,0.6662837517059808
1599557129054865395,8150806168444344502,300471914551172981,1,1,dgekt,0.688888455093555
1599557129054865395,816286915455981984,8573800373938698102,1,1,dgekt,0.6770031508568203
1599557129054865395,1962751598315765836,300471914551172981,1,1,dgekt,0.6935680775467012
1599557129054865395,7444476343858270082,300471914551172981,1,1,dgekt,0.6975282883482606
1599557129054865395,2537821716777940730,300471914551172981,1,1,dgekt,0.6983440149560636
1599557129054865395,1061301253559417093,300471914551172981,1,1,dgekt,0.6794131064119566
1599557129054865395,8553379303363759508,300471914551172981,1,1,dgekt,0.6716390417027954
1599557129054865395,6440511557387709110,300471914551172981,1,1,dgekt,0.6964387123191638
1599557129054865395,7744513373483970787,8573800373938698102,0,1,dgekt,0.6299633181672509
1599557129054865395,2971078979906996375,300471914551172981,1,1,dgekt,0.6868115039427797
1599557129054865395,5841359775533910823,300471914551172981,0,1,dgekt,0.657770971889856
1599557129054865395,8621262567927479011,300471914551172981,1,1,dgekt,0.695483519589737
1599557129054865395,8434961942249729798,8573800373938698102,0,1,dgekt,0.6631039917837108
1599557129054865395,2322042198017538996,8573800373938698102,1,1,dgekt,0.6651897291590326
1599557129054865395,1742185772413642127,300471914551172981,1,1,dgekt,0.7014593490023786
1599557129054865395,2334639155148655290,8573800373938698102,1,1,dgekt,0.6714792308552008
1599557129054865395,7660717256841499384,300471914551172981,1,1,dgekt,0.7153118836252634
1599557129054865395,4113615466659810841,300471914551172981,1,1,dgekt,0.7005808025380067
1599557129054865395,6125574002232610732,300471914551172981,1,1,dgekt,0.666212053383708
1599557129054865395,2774368076249802464,8573800373938698102,0,1,dgekt,0.6589859279075847
1599557129054865395,8903365289186067945,8573800373938698102,0,1,dgekt,0.6618783517672052
1599557129054865395,6925932688889117475,300471914551172981,1,1,dgekt,0.7190397589541194
1599557129054865395,8194071366621068887,8573800373938698102,1,1,dgekt,0.6396802644939785
1599557129054865395,2986660907093963186,300471914551172981,1,1,dgekt,0.7244789070278044
1599557129054865395,7591109345808921544,300471914551172981,1,1,dgekt,0.7009188802207593
1599557129054865395,625545550176685521,8573800373938698102,0,1,dgekt,0.6732549828169474
1599557129054865395,1761868641361943332,8573800373938698102,1,1,dgekt,0.6809389103229828
1599557129054865395,4824259625677886603,300471914551172981,1,1,dgekt,0.6971199568935743
1599557129054865395,8450591260754163598,8573800373938698102,0,1,dgekt,0.6593481343619
1599557129054865395,1553079256999111676,300471914551172981,1,1,dgekt,0.7051598252343682
1599557129054865395,3220231712819306119,8573800373938698102,0,1,dgekt,0.6663377307931307
1599557129054865395,338807275221326836,300471914551172981,1,1,dgekt,0.6931567516815462
1599557129054865395,8525319303741530302,8573800373938698102,1,1,dgekt,0.6671974406774354
1599557129054865395,6587421150596252277,300471914551172981,1,1,dgekt,0.7068330079823564
1599557129054865395,5891620578387310353,300471914551172981,1,1,dgekt,0.6899930681792181
1599557129054865395,5791250638486922978,300471914551172981,1,1,dgekt,0.7112895989413759
1599557129054865395,4031585874086886353,8573800373938698102,1,1,dgekt,0.6821286404001843
1599557129054865395,2083452711903133430,8573800373938698102,1,1,dgekt,0.7040694793071505
1599557129054865395,6319743179241711738,8573800373938698102,0,1,dgekt,0.684013329755303
1599557129054865395,8628686323660025649,300471914551172981,1,1,dgekt,0.7104280388949681
1599557129054865395,4378721629787482518,300471914551172981,1,1,dgekt,0.7164268184634326
1599557129054865395,4813462692425748605,300471914551172981,1,1,dgekt,0.6810963049341072
1599557129054865395,4644364625800006675,300471914551172981,1,1,dgekt,0.6995652580608251
1599557129054865395,1062464292871659639,8573800373938698102,1,1,dgekt,0.6847098351474088
1599557129054865395,5932668873100475470,300471914551172981,1,1,dgekt,0.7209898081447911
1599557129054865395,5237822943399727048,8573800373938698102,0,1,dgekt,0.6883182494130664
1618903412314909053,300471914551172981,300471914551172981,1,1,dgekt,0.6801150097005656
1618903412314909053,8573800373938698102,8573800373938698102,1,1,dgekt,0.6244597733501571
1618903412314909053,2014268979504181100,300471914551172981,1,1,dgekt,0.6651356576839594
1618903412314909053,2172169907340938753,300471914551172981,1,1,dgekt,0.6662837517059808
1618903412314909053,8150806168444344502,300471914551172981,1,1,dgekt,0.688888455093555
1618903412314909053,816286915455981984,8573800373938698102,1,1,dgekt,0.6770031508568203
1618903412314909053,1962751598315765836,300471914551172981,1,1,dgekt,0.6935680775467012
1618903412314909053,7444476343858270082,300471914551172981,1,1,dgekt,0.6975282883482606
1618903412314909053,2537821716777940730,300471914551172981,1,1,dgekt,0.6983440149560636
1618903412314909053,1061301253559417093,300471914551172981,1,1,dgekt,0.6794131064119566
1618903412314909053,8553379303363759508,300471914551172981,1,1,dgekt,0.6716390417027954
1618903412314909053,6440511557387709110,300471914551172981,1,1,dgekt,0.6964387123191638
1618903412314909053,7744513373483970787,8573800373938698102,1,1,dgekt,0.6299633181672509
1618903412314909053,2971078979906996375,300471914551172981,1,1,dgekt,0.6868115039427797
1618903412314909053,5841359775533910823,300471914551172981,1,1,dgekt,0.657770971889856
1618903412314909053,8621262567927479011,300471914551172981,1,1,dgekt,0.695483519589737
1618903412314909053,8434961942249729798,8573800373938698102,0,1,dgekt,0.6631039917837108
1618903412314909053,2322042198017538996,8573800373938698102,0,1,dgekt,0.6651897291590326
1618903412314909053,1742185772413642127,300471914551172981,1,1,dgekt,0.7014593490023786
1618903412314909053,2334639155148655290,8573800373938698102,0,1,dgekt,0.6714792308552008
1618903412314909053,7660717256841499384,300471914551172981,1,1,dgekt,0.7153118836252634
1618903412314909053,4113615466659810841,300471914551172981,1,1,dgekt,0.7005808025380067
1618903412314909053,6125574002232610732,300471914551172981,1,1,dgekt,0.666212053383708
1618903412314909053,2774368076249802464,8573800373938698102,0,1,dgekt,0.6589859279075847
1618903412314909053,8903365289186067945,8573800373938698102,0,1,dgekt,0.6618783517672052
1618903412314909053,6925932688889117475,300471914551172981,1,1,dgekt,0.7190397589541194
1618903412314909053,8194071366621068887,8573800373938698102,0,1,dgekt,0.6396802644939785
1618903412314909053,2986660907093963186,300471914551172981,1,1,dgekt,0.7244789070278044
1618903412314909053,7591109345808921544,300471914551172981,1,1,dgekt,0.7009188802207593
1618903412314909053,625545550176685521,8573800373938698102,0,1,dgekt,0.6732549828169474
1618903412314909053,1761868641361943332,8573800373938698102,0,1,dgekt,0.6809389103229828
1618903412314909053,4824259625677886603,300471914551172981,1,1,dgekt,0.6971199568935743
1618903412314909053,8450591260754163598,8573800373938698102,0,1,dgekt,0.6593481343619
1618903412314909053,1553079256999111676,300471914551172981,1,1,dgekt,0.7051598252343682
1618903412314909053,3220231712819306119,8573800373938698102,0,1,dgekt,0.6663377307931307
1618903412314909053,338807275221326836,300471914551172981,1,1,dgekt,0.6931567516815462
1618903412314909053,8525319303741530302,8573800373938698102,0,1,dgekt,0.6671974406774354
1618903412314909053,6587421150596252277,300471914551172981,1,1,dgekt,0.7068330079823564
1618903412314909053,5891620578387310353,300471914551172981,1,1,dgekt,0.6899930681792181
1618903412314909053,5791250638486922978,300471914551172981,1,1,dgekt,0.7112895989413759
1618903412314909053,4031585874086886353,8573800373938698102,0,1,dgekt,0.6821286404001843
1618903412314909053,2083452711903133430,8573800373938698102,0,1,dgekt,0.7040694793071505
1618903412314909053,6319743179241711738,8573800373938698102,0,1,dgekt,0.684013329755303
1618903412314909053,8628686323660025649,300471914551172981,1,1,dgekt,0.7104280388949681
1618903412314909053,4378721629787482518,300471914551172981,1,1,dgekt,0.7164268184634326
1618903412314909053,4813462692425748605,300471914551172981,1,1,dgekt,0.6810963049341072
1618903412314909053,4644364625800006675,300471914551172981,1,1,dgekt,0.6995652580608251
1618903412314909053,1062464292871659639,8573800373938698102,1,1,dgekt,0.6847098351474088
1618903412314909053,5932668873100475470,300471914551172981,1,1,dgekt,0.7209898081447911
1618903412314909053,5237822943399727048,8573800373938698102,0,1,dgekt,0.6883182494130664
1625359377637083757,300471914551172981,300471914551172981,1,1,dgekt,0.6801150097005656
1625359377637083757,8573800373938698102,8573800373938698102,1,1,dgekt,0.6244597733501571
1625359377637083757,2014268979504181100,300471914551172981,0,1,dgekt,0.6651356576839594
1625359377637083757,2172169907340938753,300471914551172981,0,1,dgekt,0.6662837517059808
1625359377637083757,8150806168444344502,300471914551172981,1,1,dgekt,0.688888455093555
1625359377637083757,816286915455981984,8573800373938698102,1,1,dgekt,0.6770031508568203
1625359377637083757,1962751598315765836,300471914551172981,0,1,dgekt,0.6935680775467012
1625359377637083757,7444476343858270082,300471914551172981,0,1,dgekt,0.6975282883482606
1625359377637083757,2537821716777940730,300471914551172981,0,1,dgekt,0.6983440149560636
1625359377637083757,1061301253559417093,300471914551172981,0,1,dgekt,0.6794131064119566
1625359377637083757,8553379303363759508,300471914551172981,0,1,dgekt,0.6716390417027954
1625359377637083757,6440511557387709110,300471914551172981,0,1,dgekt,0.6964387123191638
1625359377637083757,7744513373483970787,8573800373938698102,1,1,dgekt,0.6299633181672509
1625359377637083757,2971078979906996375,300471914551172981,0,1,dgekt,0.6868115039427797
1625359377637083757,5841359775533910823,300471914551172981,0,1,dgekt,0.657770971889856
1625359377637083757,8621262567927479011,300471914551172981,1,1,dgekt,0.695483519589737
1625359377637083757,8434961942249729798,8573800373938698102,1,1,dgekt,0.6631039917837108
1625359377637083757,2322042198017538996,8573800373938698102,1,1,dgekt,0.6651897291590326
1625359377637083757,1742185772413642127,300471914551172981,1,1,dgekt,0.7014593490023786
1625359377637083757,2334639155148655290,8573800373938698102,1,1,dgekt,0.6714792308552008
1625359377637083757,7660717256841499384,300471914551172981,0,1,dgekt,0.7153118836252634
1625359377637083757,4113615466659810841,300471914551172981,0,1,dgekt,0.7005808025380067
1625359377637083757,6125574002232610732,300471914551172981,1,1,dgekt,0.666212053383708
1625359377637083757,2774368076249802464,8573800373938698102,1,1,dgekt,0.6589859279075847
1625359377637083757,8903365289186067945,8573800373938698102,1,1,dgekt,0.6618783517672052
1625359377637083757,6925932688889117475,300471914551172981,1,1,dgekt,0.7190397589541194
1625359377637083757,8194071366621068887,8573800373938698102,1,1,dgekt,0.6396802644939785
1625359377637083757,2986660907093963186,300471914551172981,1,1,dgekt,0.7244789070278044
1625359377637083757,7591109345808921544,300471914551172981,1,1,dgekt,0.7009188802207593
1625359377637083757,625545550176685521,8573800373938698102,1,1,dgekt,0.6732549828169474
1625359377637083757,1761868641361943332,8573800373938698102,1,1,dgekt,0.6809389103229828
1625359377637083757,4824259625677886603,300471914551172981,0,1,dgekt,0.6971199568935743
1625359377637083757,8450591260754163598,8573800373938698102,1,1,dgekt,0.6593481343619
1625359377637083757,1553079256999111676,300471914551172981,0,1,dgekt,0.7051598252343682
1625359377637083757,3220231712819306119,8573800373938698102,1,1,dgekt,0.6663377307931307
1625359377637083757,338807275221326836,300471914551172981,1,1,dgekt,0.6931567516815462
1625359377637083757,8525319303741530302,8573800373938698102,1,1,dgekt,0.6671974406774354
1625359377637083757,6587421150596252277,300471914551172981,1,1,dgekt,0.7068330079823564
1625359377637083757,5891620578387310353,300471914551172981,1,1,dgekt,0.6899930681792181
1625359377637083757,5791250638486922978,300471914551172981,0,1,dgekt,0.7112895989413759
1625359377637083757,4031585874086886353,8573800373938698102,1,1,dgekt,0.6821286404001843
1625359377637083757,2083452711903133430,8573800373938698102,1,1,dgekt,0.7040694793071505
1625359377637083757,6319743179241711738,8573800373938698102,1,1,dgekt,0.684013329755303
1625359377637083757,8628686323660025649,300471914551172981,1,1,dgekt,0.7104280388949681
1625359377637083757,4378721629787482518,300471914551172981,1,1,dgekt,0.7164268184634326
1625359377637083757,4813462692425748605,300471914551172981,0,1,dgekt,0.6810963049341072
1625359377637083757,4644364625800006675,300471914551172981,1,1,dgekt,0.6995652580608251
1625359377637083757,1062464292871659639,8573800373938698102,1,1,dgekt,0.6847098351474088
1625359377637083757,5932668873100475470,300471914551172981,1,1,dgekt,0.7209898081447911
1625359377637083757,5237822943399727048,8573800373938698102,1,1,dgekt,0.6883182494130664
1679548879296628523,300471914551172981,300471914551172981,1,1,dgekt,0.6801150097005656
1679548879296628523,8573800373938698102,8573800373938698102,0,1,dgekt,0.6244597733501571
1679548879296628523,2014268979504181100,300471914551172981,1,1,dgekt,0.6651356576839594
1679548879296628523,2172169907340938753,300471914551172981,1,1,dgekt,0.6662837517059808
1679548879296628523,8150806168444344502,300471914551172981,1,1,dgekt,0.688888455093555
1679548879296628523,816286915455981984,8573800373938698102,0,1,dgekt,0.6770031508568203
1679548879296628523,1962751598315765836,300471914551172981,1,1,dgekt,0.6935680775467012
1679548879296628523,7444476343858270082,300471914551172981,1,1,dgekt,0.6975282883482606
1679548879296628523,2537821716777940730,300471914551172981,1,1,dgekt,0.6983440149560636
1679548879296628523,1061301253559417093,300471914551172981,1,1,dgekt,0.6794131064119566
1679548879296628523,8553379303363759508,300471914551172981,1,1,dgekt,0.6716390417027954
1679548879296628523,6440511557387709110,300471914551172981,1,1,dgekt,0.6964387123191638
1679548879296628523,7744513373483970787,8573800373938698102,0,1,dgekt,0.6299633181672509
1679548879296628523,2971078979906996375,300471914551172981,1,1,dgekt,0.6868115039427797
1679548879296628523,5841359775533910823,300471914551172981,1,1,dgekt,0.657770971889856
1679548879296628523,8621262567927479011,300471914551172981,1,1,dgekt,0.695483519589737
1679548879296628523,8434961942249729798,8573800373938698102,0,1,dgekt,0.6631039917837108
1679548879296628523,2322042198017538996,8573800373938698102,0,1,dgekt,0.6651897291590326
1679548879296628523,1742185772413642127,300471914551172981,1,1,dgekt,0.7014593490023786
1679548879296628523,2334639155148655290,8573800373938698102,0,1,dgekt,0.6714792308552008
1679548879296628523,7660717256841499384,300471914551172981,1,1,dgekt,0.7153118836252634
1679548879296628523,4113615466659810841,300471914551172981,1,1,dgekt,0.7005808025380067
1679548879296628523,6125574002232610732,300471914551172981,1,1,dgekt,0.666212053383708
1679548879296628523,2774368076249802464,8573800373938698102,0,1,dgekt,0.6589859279075847
1679548879296628523,8903365289186067945,8573800373938698102,0,1,dgekt,0.6618783517672052
1679548879296628523,6925932688889117475,300471914551172981,1,1,dgekt,0.7190397589541194
1679548879296628523,8194071366621068887,8573800373938698102,1,1,dgekt,0.6396802644939785
1679548879296628523,2986660907093963186,300471914551172981,1,1,dgekt,0.7244789070278044
1679548879296628523,7591109345808921544,300471914551172981,1,1,dgekt,0.7009188802207593
1679548879296628523,625545550176685521,8573800373938698102,0,1,dgekt,0.6732549828169474
1679548879296628523,1761868641361943332,8573800373938698102,0,1,dgekt,0.6809389103229828
1679548879296628523,4824259625677886603,300471914551172981,1,1,dgekt,0.6971199568935743
1679548879296628523,8450591260754163598,8573800373938698102,0,1,dgekt,0.6593481343619
1679548879296628523,1553079256999111676,300471914551172981,1,1,dgekt,0.7051598252343682
1679548879296628523,3220231712819306119,8573800373938698102,1,1,dgekt,0.6663377307931307
1679548879296628523,338807275221326836,300471914551172981,1,1,dgekt,0.6931567516815462
1679548879296628523,8525319303741530302,8573800373938698102,1,1,dgekt,0.6671974406774354
1679548879296628523,6587421150596252277,300471914551172981,1,1,dgekt,0.7068330079823564
1679548879296628523,5891620578387310353,300471914551172981,1,1,dgekt,0.6899930681792181
1679548879296628523,5791250638486922978,300471914551172981,1,1,dgekt,0.7112895989413759
1679548879296628523,4031585874086886353,8573800373938698102,0,1,dgekt,0.6821286404001843
1679548879296628523,2083452711903133430,8573800373938698102,0,1,dgekt,0.7040694793071505
1679548879296628523,6319743179241711738,8573800373938698102,1,1,dgekt,0.684013329755303
1679548879296628523,8628686323660025649,300471914551172981,1,1,dgekt,0.7104280388949681
1679548879296628523,4378721629787482518,300471914551172981,1,1,dgekt,0.7164268184634326
1679548879296628523,4813462692425748605,300471914551172981,1,1,dgekt,0.6810963049341072
1679548879296628523,4644364625800006675,300471914551172981,1,1,dgekt,0.6995652580608251
1679548879296628523,1062464292871659639,8573800373938698102,0,1,dgekt,0.6847098351474088
1679548879296628523,5932668873100475470,300471914551172981,1,1,dgekt,0.7209898081447911
1679548879296628523,5237822943399727048,8573800373938698102,0,1,dgekt,0.6883182494130664
1688411048883114356,300471914551172981,300471914551172981,1,1,dgekt,0.6801150097005656
1688411048883114356,8573800373938698102,8573800373938698102,0,1,dgekt,0.6244597733501571
1688411048883114356,2014268979504181100,300471914551172981,1,1,dgekt,0.6651356576839594
1688411048883114356,2172169907340938753,300471914551172981,1,1,dgekt,0.6662837517059808
1688411048883114356,8150806168444344502,300471914551172981,1,1,dgekt,0.688888455093555
1688411048883114356,816286915455981984,8573800373938698102,1,1,dgekt,0.6770031508568203
1688411048883114356,1962751598315765836,300471914551172981,1,1,dgekt,0.6935680775467012
1688411048883114356,7444476343858270082,300471914551172981,1,1,dgekt,0.6975282883482606
1688411048883114356,2537821716777940730,300471914551172981,1,1,dgekt,0.6983440149560636
1688411048883114356,1061301253559417093,300471914551172981,1,1,dgekt,0.6794131064119566
1688411048883114356,8553379303363759508,300471914551172981,1,1,dgekt,0.6716390417027954
1688411048883114356,6440511557387709110,300471914551172981,1,1,dgekt,0.6964387123191638
1688411048883114356,7744513373483970787,8573800373938698102,1,1,dgekt,0.6299633181672509
1688411048883114356,2971078979906996375,300471914551172981,1,1,dgekt,0.6868115039427797
1688411048883114356,5841359775533910823,300471914551172981,1,1,dgekt,0.657770971889856
1688411048883114356,8621262567927479011,300471914551172981,1,1,dgekt,0.695483519589737
1688411048883114356,8434961942249729798,8573800373938698102,1,1,dgekt,0.6631039917837108
1688411048883114356,2322042198017538996,8573800373938698102,1,1,dgekt,0.6651897291590326
1688411048883114356,1742185772413642127,300471914551172981,1,1,dgekt,0.7014593490023786
1688411048883114356,2334639155148655290,8573800373938698102,1,1,dgekt,0.6714792308552008
1688411048883114356,7660717256841499384,300471914551172981,1,1,dgekt,0.7153118836252634
1688411048883114356,4113615466659810841,300471914551172981,1,1,dgekt,0.7005808025380067
1688411048883114356,6125574002232610732,300471914551172981,1,1,dgekt,0.666212053383708
1688411048883114356,2774368076249802464,8573800373938698102,1,1,dgekt,0.6589859279075847
1688411048883114356,8903365289186067945,8573800373938698102,1,1,dgekt,0.6618783517672052
1688411048883114356,6925932688889117475,300471914551172981,1,1,dgekt,0.7190397589541194
1688411048883114356,8194071366621068887,8573800373938698102,1,1,dgekt,0.6396802644939785
1688411048883114356,2986660907093963186,300471914551172981,1,1,dgekt,0.7244789070278044
1688411048883114356,7591109345808921544,300471914551172981,1,1,dgekt,0.7009188802207593
1688411048883114356,625545550176685521,8573800373938698102,1,1,dgekt,0.6732549828169474
1688411048883114356,1761868641361943332,8573800373938698102,1,1,dgekt,0.6809389103229828
1688411048883114356,4824259625677886603,300471914551172981,1,1,dgekt,0.6971199568935743
1688411048883114356,8450591260754163598,8573800373938698102,1,1,dgekt,0.6593481343619
1688411048883114356,1553079256999111676,300471914551172981,1,1,dgekt,0.7051598252343682
1688411048883114356,3220231712819306119,8573800373938698102,1,1,dgekt,0.6663377307931307
1688411048883114356,338807275221326836,300471914551172981,1,1,dgekt,0.6931567516815462
1688411048883114356,8525319303741530302,8573800373938698102,1,1,dgekt,0.6671974406774354
1688411048883114356,6587421150596252277,300471914551172981,1,1,dgekt,0.7068330079823564
1688411048883114356,5891620578387310353,300471914551172981,1,1,dgekt,0.6899930681792181
1688411048883114356,5791250638486922978,300471914551172981,1,1,dgekt,0.7112895989413759
1688411048883114356,4031585874086886353,8573800373938698102,1,1,dgekt,0.6821286404001843
1688411048883114356,2083452711903133430,8573800373938698102,1,1,dgekt,0.7040694793071505
1688411048883114356,6319743179241711738,8573800373938698102,1,1,dgekt,0.684013329755303
1688411048883114356,8628686323660025649,300471914551172981,1,1,dgekt,0.7104280388949681
1688411048883114356,4378721629787482518,300471914551172981,1,1,dgekt,0.7164268184634326
1688411048883114356,4813462692425748605,300471914551172981,1,1,dgekt,0.6810963049341072
1688411048883114356,4644364625800006675,300471914551172981,1,1,dgekt,0.6995652580608251
1688411048883114356,1062464292871659639,8573800373938698102,1,1,dgekt,0.6847098351474088
1688411048883114356,5932668873100475470,300471914551172981,1,1,dgekt,0.7209898081447911
1688411048883114356,5237822943399727048,8573800373938698102,1,1,dgekt,0.6883182494130664
1785030393691810266,300471914551172981,300471914551172981,1,1,dgekt,0.6801150097005656
1785030393691810266,8573800373938698102,8573800373938698102,0,1,dgekt,0.6244597733501571
1785030393691810266,2014268979504181100,300471914551172981,0,1,dgekt,0.6651356576839594
1785030393691810266,2172169907340938753,300471914551172981,1,1,dgekt,0.6662837517059808
1785030393691810266,8150806168444344502,300471914551172981,1,1,dgekt,0.688888455093555
1785030393691810266,816286915455981984,8573800373938698102,1,1,dgekt,0.6770031508568203
1785030393691810266,1962751598315765836,300471914551172981,1,1,dgekt,0.6935680775467012
1785030393691810266,7444476343858270082,300471914551172981,0,1,dgekt,0.6975282883482606
1785030393691810266,2537821716777940730,300471914551172981,0,1,dgekt,0.6983440149560636
1785030393691810266,1061301253559417093,300471914551172981,0,1,dgekt,0.6794131064119566
1785030393691810266,8553379303363759508,300471914551172981,1,1,dgekt,0.6716390417027954
1785030393691810266,6440511557387709110,300471914551172981,1,1,dgekt,0.6964387123191638
1785030393691810266,7744513373483970787,8573800373938698102,1,1,dgekt,0.6299633181672509
1785030393691810266,2971078979906996375,300471914551172981,0,1,dgekt,0.6868115039427797
1785030393691810266,5841359775533910823,300471914551172981,0,1,dgekt,0.657770971889856
1785030393691810266,8621262567927479011,300471914551172981,1,1,dgekt,0.695483519589737
1785030393691810266,8434961942249729798,8573800373938698102,1,1,dgekt,0.6631039917837108
1785030393691810266,2322042198017538996,8573800373938698102,1,1,dgekt,0.6651897291590326
1785030393691810266,1742185772413642127,300471914551172981,1,1,dgekt,0.7014593490023786
1785030393691810266,2334639155148655290,8573800373938698102,0,1,dgekt,0.6714792308552008
1785030393691810266,7660717256841499384,300471914551172981,1,1,dgekt,0.7153118836252634
1785030393691810266,4113615466659810841,300471914551172981,1,1,dgekt,0.7005808025380067
1785030393691810266,6125574002232610732,300471914551172981,1,1,dgekt,0.666212053383708
1785030393691810266,2774368076249802464,8573800373938698102,1,1,dgekt,0.6589859279075847
1785030393691810266,8903365289186067945,8573800373938698102,1,1,dgekt,0.6618783517672052
1785030393691810266,6925932688889117475,300471914551172981,1,1,dgekt,0.7190397589541194
1785030393691810266,8194071366621068887,8573800373938698102,1,1,dgekt,0.6396802644939785
1785030393691810266,2986660907093963186,300471914551172981,1,1,dgekt,0.7244789070278044
1785030393691810266,7591109345808921544,300471914551172981,1,1,dgekt,0.7009188802207593
1785030393691810266,625545550176685521,8573800373938698102,1,1,dgekt,0.6732549828169474
1785030393691810266,1761868641361943332,8573800373938698102,1,1,dgekt,0.6809389103229828
1785030393691810266,4824259625677886603,300471914551172981,1,1,dgekt,0.6971199568935743
1785030393691810266,8450591260754163598,8573800373938698102,1,1,dgekt,0.6593481343619
1785030393691810266,1553079256999111676,300471914551172981,1,1,dgekt,0.7051598252343682
1785030393691810266,3220231712819306119,8573800373938698102,1,1,dgekt,0.6663377307931307
1785030393691810266,338807275221326836,300471914551172981,1,1,dgekt,0.6931567516815462
1785030393691810266,8525319303741530302,8573800373938698102,1,1,dgekt,0.6671974406774354
1785030393691810266,6587421150596252277,300471914551172981,1,1,dgekt,0.7068330079823564
1785030393691810266,5891620578387310353,300471914551172981,0,1,dgekt,0.6899930681792181
1785030393691810266,5791250638486922978,300471914551172981,1,1,dgekt,0.7112895989413759
1785030393691810266,4031585874086886353,8573800373938698102,1,1,dgekt,0.6821286404001843
1785030393691810266,2083452711903133430,8573800373938698102,1,1,dgekt,0.7040694793071505
1785030393691810266,6319743179241711738,8573800373938698102,1,1,dgekt,0.684013329755303
1785030393691810266,8628686323660025649,300471914551172981,1,1,dgekt,0.7104280388949681
1785030393691810266,4378721629787482518,300471914551172981,1,1,dgekt,0.7164268184634326
1785030393691810266,4813462692425748605,300471914551172981,1,1,dgekt,0.6810963049341072
1785030393691810266,4644364625800006675,300471914551172981,1,1,dgekt,0.6995652580608251
1785030393691810266,1062464292871659639,8573800373938698102,1,1,dgekt,0.6847098351474088
1785030393691810266,5932668873100475470,300471914551172981,1,1,dgekt,0.7209898081447911
1785030393691810266,5237822943399727048,8573800373938698102,1,1,dgekt,0.6883182494130664
1808587128641117349,300471914551172981,300471914551172981,0,1,dgekt,0.6801150097005656
1808587128641117349,8573800373938698102,8573800373938698102,0,1,dgekt,0.6244597733501571
1808587128641117349,2014268979504181100,300471914551172981,0,1,dgekt,0.6651356576839594
1808587128641117349,2172169907340938753,300471914551172981,0,1,dgekt,0.6662837517059808
1808587128641117349,8150806168444344502,300471914551172981,1,1,dgekt,0.688888455093555
1808587128641117349,816286915455981984,8573800373938698102,0,1,dgekt,0.6770031508568203
1808587128641117349,1962751598315765836,300471914551172981,1,1,dgekt,0.6935680775467012
1808587128641117349,7444476343858270082,300471914551172981,0,1,dgekt,0.6975282883482606
1808587128641117349,2537821716777940730,300471914551172981,0,1,dgekt,0.6983440149560636
1808587128641117349,1061301253559417093,300471914551172981,1,1,dgekt,0.6794131064119566
1808587128641117349,8553379303363759508,300471914551172981,0,1,dgekt,0.6716390417027954
1808587128641117349,6440511557387709110,300471914551172981,1,1,dgekt,0.6964387123191638
1808587128641117349,7744513373483970787,8573800373938698102,0,1,dgekt,0.6299633181672509
1808587128641117349,2971078979906996375,300471914551172981,0,1,dgekt,0.6868115039427797
1808587128641117349,5841359775533910823,300471914551172981,0,1,dgekt,0.657770971889856
1808587128641117349,8621262567927479011,300471914551172981,0,1,dgekt,0.695483519589737
1808587128641117349,8434961942249729798,8573800373938698102,0,1,dgekt,0.6631039917837108
1808587128641117349,2322042198017538996,8573800373938698102,0,1,dgekt,0.6651897291590326
1808587128641117349,1742185772413642127,300471914551172981,0,1,dgekt,0.7014593490023786
1808587128641117349,2334639155148655290,8573800373938698102,0,1,dgekt,0.6714792308552008
1808587128641117349,7660717256841499384,300471914551172981,1,1,dgekt,0.7153118836252634
1808587128641117349,4113615466659810841,300471914551172981,1,1,dgekt,0.7005808025380067
1808587128641117349,6125574002232610732,300471914551172981,0,1,dgekt,0.666212053383708
1808587128641117349,2774368076249802464,8573800373938698102,0,1,dgekt,0.6589859279075847
1808587128641117349,8903365289186067945,8573800373938698102,0,1,dgekt,0.6618783517672052
1808587128641117349,6925932688889117475,300471914551172981,1,1,dgekt,0.7190397589541194
1808587128641117349,8194071366621068887,8573800373938698102,0,1,dgekt,0.6396802644939785
1808587128641117349,2986660907093963186,300471914551172981,1,1,dgekt,0.7244789070278044
1808587128641117349,7591109345808921544,300471914551172981,1,1,dgekt,0.7009188802207593
1808587128641117349,625545550176685521,8573800373938698102,0,1,dgekt,0.6732549828169474
1808587128641117349,1761868641361943332,8573800373938698102,1,1,dgekt,0.6809389103229828
1808587128641117349,4824259625677886603,300471914551172981,0,1,dgekt,0.6971199568935743
1808587128641117349,8450591260754163598,8573800373938698102,0,1,dgekt,0.6593481343619
1808587128641117349,1553079256999111676,300471914551172981,0,1,dgekt,0.7051598252343682
1808587128641117349,3220231712819306119,8573800373938698102,0,1,dgekt,0.6663377307931307
1808587128641117349,338807275221326836,300471914551172981,0,1,dgekt,0.6931567516815462
1808587128641117349,8525319303741530302,8573800373938698102,0,1,dgekt,0.6671974406774354
1808587128641117349,6587421150596252277,300471914551172981,1,1,dgekt,0.7068330079823564
1808587128641117349,5891620578387310353,300471914551172981,1,1,dgekt,0.6899930681792181
1808587128641117349,5791250638486922978,300471914551172981,0,1,dgekt,0.7112895989413759
1808587128641117349,4031585874086886353,8573800373938698102,0,1,dgekt,0.6821286404001843
1808587128641117349,2083452711903133430,8573800373938698102,0,1,dgekt,0.7040694793071505
1808587128641117349,6319743179241711738,8573800373938698102,0,1,dgekt,0.684013329755303
1808587128641117349,8628686323660025649,300471914551172981,0,1,dgekt,0.7104280388949681
1808587128641117349,4378721629787482518,300471914551172981,0,1,dgekt,0.7164268184634326
1808587128641117349,4813462692425748605,300471914551172981,0,1,dgekt,0.6810963049341072
1808587128641117349,4644364625800006675,300471914551172981,0,1,dgekt,0.6995652580608251
1808587128641117349,1062464292871659639,8573800373938698102,0,1,dgekt,0.6847098351474088
1808587128641117349,5932668873100475470,300471914551172981,1,1,dgekt,0.7209898081447911
1808587128641117349,5237822943399727048,8573800373938698102,0,1,dgekt,0.6883182494130664
1809111747278392846,300471914551172981,300471914551172981,0,1,dgekt,0.6801150097005656
1809111747278392846,8573800373938698102,8573800373938698102,0,1,dgekt,0.6244597733501571
1809111747278392846,2014268979504181100,300471914551172981,0,1,dgekt,0.6651356576839594
1809111747278392846,2172169907340938753,300471914551172981,0,1,dgekt,0.6662837517059808
1809111747278392846,8150806168444344502,300471914551172981,0,1,dgekt,0.688888455093555
1809111747278392846,816286915455981984,8573800373938698102,0,1,dgekt,0.6770031508568203
1809111747278392846,1962751598315765836,300471914551172981,1,1,dgekt,0.6935680775467012
1809111747278392846,7444476343858270082,300471914551172981,1,1,dgekt,0.6975282883482606
1809111747278392846,2537821716777940730,300471914551172981,1,1,dgekt,0.6983440149560636
1809111747278392846,1061301253559417093,300471914551172981,0,1,dgekt,0.6794131064119566
1809111747278392846,8553379303363759508,300471914551172981,0,1,dgekt,0.6716390417027954
1809111747278392846,6440511557387709110,300471914551172981,0,1,dgekt,0.6964387123191638
1809111747278392846,7744513373483970787,8573800373938698102,0,1,dgekt,0.6299633181672509
1809111747278392846,2971078979906996375,300471914551172981,1,1,dgekt,0.6868115039427797
1809111747278392846,5841359775533910823,300471914551172981,0,1,dgekt,0.657770971889856
1809111747278392846,8621262567927479011,300471914551172981,1,1,dgekt,0.695483519589737
1809111747278392846,8434961942249729798,8573800373938698102,0,1,dgekt,0.6631039917837108
1809111747278392846,2322042198017538996,8573800373938698102,0,1,dgekt,0.6651897291590326
1809111747278392846,1742185772413642127,300471914551172981,1,1,dgekt,0.7014593490023786
1809111747278392846,2334639155148655290,8573800373938698102,1,1,dgekt,0.6714792308552008
1809111747278392846,7660717256841499384,300471914551172981,1,1,dgekt,0.7153118836252634
1809111747278392846,4113615466659810841,300471914551172981,1,1,dgekt,0.7005808025380067
1809111747278392846,6125574002232610732,300471914551172981,0,1,dgekt,0.666212053383708
1809111747278392846,2774368076249802464,8573800373938698102,0,1,dgekt,0.6589859279075847
1809111747278392846,8903365289186067945,8573800373938698102,1,1,dgekt,0.6618783517672052
1809111747278392846,6925932688889117475,300471914551172981,1,1,dgekt,0.7190397589541194
1809111747278392846,8194071366621068887,8573800373938698102,0,1,dgekt,0.6396802644939785
1809111747278392846,2986660907093963186,300471914551172981,1,1,dgekt,0.7244789070278044
1809111747278392846,7591109345808921544,300471914551172981,0,1,dgekt,0.7009188802207593
1809111747278392846,625545550176685521,8573800373938698102,0,1,dgekt,0.6732549828169474
1809111747278392846,1761868641361943332,8573800373938698102,1,1,dgekt,0.6809389103229828
1809111747278392846,4824259625677886603,300471914551172981,1,1,dgekt,0.6971199568935743
1809111747278392846,8450591260754163598,8573800373938698102,0,1,dgekt,0.6593481343619
1809111747278392846,1553079256999111676,300471914551172981,0,1,dgekt,0.7051598252343682
1809111747278392846,3220231712819306119,8573800373938698102,0,1,dgekt,0.6663377307931307
1809111747278392846,338807275221326836,300471914551172981,1,1,dgekt,0.6931567516815462
1809111747278392846,8525319303741530302,8573800373938698102,0,1,dgekt,0.6671974406774354
1809111747278392846,6587421150596252277,300471914551172981,0,1,dgekt,0.7068330079823564
1809111747278392846,5891620578387310353,300471914551172981,1,1,dgekt,0.6899930681792181
1809111747278392846,5791250638486922978,300471914551172981,1,1,dgekt,0.7112895989413759
1809111747278392846,4031585874086886353,8573800373938698102,0,1,dgekt,0.6821286404001843
1809111747278392846,2083452711903133430,8573800373938698102,1,1,dgekt,0.7040694793071505
1809111747278392846,6319743179241711738,8573800373938698102,1,1,dgekt,0.684013329755303
1809111747278392846,8628686323660025649,300471914551172981,0,1,dgekt,0.7104280388949681
1809111747278392846,4378721629787482518,300471914551172981,0,1,dgekt,0.7164268184634326
1809111747278392846,4813462692425748605,300471914551172981,0,1,dgekt,0.6810963049341072
1809111747278392846,4644364625800006675,300471914551172981,1,1,dgekt,0.6995652580608251
1809111747278392846,1062464292871659639,8573800373938698102,1,1,dgekt,0.6847098351474088
1809111747278392846,5932668873100475470,300471914551172981,1,1,dgekt,0.7209898081447911
1809111747278392846,5237822943399727048,8573800373938698102,1,1,dgekt,0.6883182494130664
1956906990095827881,300471914551172981,300471914551172981,0,1,dgekt,0.6801150097005656
1956906990095827881,8573800373938698102,8573800373938698102,1,1,dgekt,0.6244597733501571
1956906990095827881,2014268979504181100,300471914551172981,1,1,dgekt,0.6651356576839594
1956906990095827881,2172169907340938753,300471914551172981,1,1,dgekt,0.6662837517059808
1956906990095827881,8150806168444344502,300471914551172981,1,1,dgekt,0.688888455093555
1956906990095827881,816286915455981984,8573800373938698102,1,1,dgekt,0.6770031508568203
1956906990095827881,1962751598315765836,300471914551172981,1,1,dgekt,0.6935680775467012
1956906990095827881,7444476343858270082,300471914551172981,0,1,dgekt,0.6975282883482606
1956906990095827881,2537821716777940730,300471914551172981,1,1,dgekt,0.6983440149560636
1956906990095827881,1061301253559417093,300471914551172981,0,1,dgekt,0.6794131064119566
1956906990095827881,8553379303363759508,300471914551172981,0,1,dgekt,0.6716390417027954
1956906990095827881,6440511557387709110,300471914551172981,1,1,dgekt,0.6964387123191638
1956906990095827881,7744513373483970787,8573800373938698102,1,1,dgekt,0.6299633181672509
1956906990095827881,2971078979906996375,300471914551172981,1,1,dgekt,0.6868115039427797
1956906990095827881,5841359775533910823,300471914551172981,1,1,dgekt,0.657770971889856
1956906990095827881,8621262567927479011,300471914551172981,1,1,dgekt,0.695483519589737
1956906990095827881,8434961942249729798,8573800373938698102,0,1,dgekt,0.6631039917837108
1956906990095827881,2322042198017538996,8573800373938698102,1,1,dgekt,0.6651897291590326
1956906990095827881,1742185772413642127,300471914551172981,0,1,dgekt,0.7014593490023786
1956906990095827881,2334639155148655290,8573800373938698102,1,1,dgekt,0.6714792308552008
1956906990095827881,7660717256841499384,300471914551172981,1,1,dgekt,0.7153118836252634
1956906990095827881,4113615466659810841,300471914551172981,0,1,dgekt,0.7005808025380067
1956906990095827881,6125574002232610732,300471914551172981,0,1,dgekt,0.666212053383708
1956906990095827881,2774368076249802464,8573800373938698102,1,1,dgekt,0.6589859279075847
1956906990095827881,8903365289186067945,8573800373938698102,1,1,dgekt,0.6618783517672052
1956906990095827881,6925932688889117475,300471914551172981,1,1,dgekt,0.7190397589541194
1956906990095827881,8194071366621068887,8573800373938698102,0,1,dgekt,0.6396802644939785
1956906990095827881,2986660907093963186,300471914551172981,1,1,dgekt,0.7244789070278044
1956906990095827881,7591109345808921544,300471914551172981,0,1,dgekt,0.7009188802207593
1956906990095827881,625545550176685521,8573800373938698102,1,1,dgekt,0.6732549828169474
1956906990095827881,1761868641361943332,8573800373938698102,1,1,dgekt,0.6809389103229828
1956906990095827881,4824259625677886603,300471914551172981,0,1,dgekt,0.6971199568935743
1956906990095827881,8450591260754163598,8573800373938698102,1,1,dgekt,0.6593481343619
1956906990095827881,1553079256999111676,300471914551172981,0,1,dgekt,0.7051598252343682
1956906990095827881,3220231712819306119,8573800373938698102,0,1,dgekt,0.6663377307931307
1956906990095827881,338807275221326836,300471914551172981,1,1,dgekt,0.6931567516815462
1956906990095827881,8525319303741530302,8573800373938698102,1,1,dgekt,0.6671974406774354
1956906990095827881,6587421150596252277,300471914551172981,1,1,dgekt,0.7068330079823564
1956906990095827881,5891620578387310353,300471914551172981,0,1,dgekt,0.6899930681792181
1956906990095827881,5791250638486922978,300471914551172981,0,1,dgekt,0.7112895989413759
1956906990095827881,4031585874086886353,8573800373938698102,1,1,dgekt,0.6821286404001843
1956906990095827881,2083452711903133430,8573800373938698102,1,1,dgekt,0.7040694793071505
1956906990095827881,6319743179241711738,8573800373938698102,0,1,dgekt,0.684013329755303
1956906990095827881,8628686323660025649,300471914551172981,1,1,dgekt,0.7104280388949681
1956906990095827881,4378721629787482518,300471914551172981,1,1,dgekt,0.7164268184634326
1956906990095827881,4813462692425748605,300471914551172981,0,1,dgekt,0.6810963049341072
1956906990095827881,4644364625800006675,300471914551172981,1,1,dgekt,0.6995652580608251
1956906990095827881,1062464292871659639,8573800373938698102,1,1,dgekt,0.6847098351474088
1956906990095827881,5932668873100475470,300471914551172981,1,1,dgekt,0.7209898081447911
1956906990095827881,5237822943399727048,8573800373938698102,0,1,dgekt,0.6883182494130664
1964666005942285859,300471914551172981,300471914551172981,1,1,dgekt,0.6801150097005656
1964666005942285859,8573800373938698102,8573800373938698102,1,1,dgekt,0.6244597733501571
1964666005942285859,2014268979504181100,300471914551172981,0,1,dgekt,0.6651356576839594
1964666005942285859,2172169907340938753,300471914551172981,1,1,dgekt,0.6662837517059808
1964666005942285859,8150806168444344502,300471914551172981,1,1,dgekt,0.688888455093555
1964666005942285859,816286915455981984,8573800373938698102,1,1,dgekt,0.6770031508568203
1964666005942285859,1962751598315765836,300471914551172981,0,1,dgekt,0.6935680775467012
1964666005942285859,7444476343858270082,300471914551172981,1,1,dgekt,0.6975282883482606
1964666005942285859,2537821716777940730,300471914551172981,1,1,dgekt,0.6983440149560636
1964666005942285859,1061301253559417093,300471914551172981,1,1,dgekt,0.6794131064119566
1964666005942285859,8553379303363759508,300471914551172981,1,1,dgekt,0.6716390417027954
1964666005942285859,6440511557387709110,300471914551172981,1,1,dgekt,0.6964387123191638
1964666005942285859,7744513373483970787,8573800373938698102,1,1,dgekt,0.6299633181672509
1964666005942285859,2971078979906996375,300471914551172981,1,1,dgekt,0.6868115039427797
1964666005942285859,5841359775533910823,300471914551172981,0,1,dgekt,0.657770971889856
1964666005942285859,8621262567927479011,300471914551172981,1,1,dgekt,0.695483519589737
1964666005942285859,8434961942249729798,8573800373938698102,1,1,dgekt,0.6631039917837108
1964666005942285859,2322042198017538996,8573800373938698102,1,1,dgekt,0.6651897291590326
1964666005942285859,1742185772413642127,300471914551172981,1,1,dgekt,0.7014593490023786
1964666005942285859,2334639155148655290,8573800373938698102,1,1,dgekt,0.6714792308552008
1964666005942285859,7660717256841499384,300471914551172981,1,1,dgekt,0.7153118836252634
1964666005942285859,4113615466659810841,300471914551172981,0,1,dgekt,0.7005808025380067
1964666005942285859,6125574002232610732,300471914551172981,1,1,dgekt,0.666212053383708
1964666005942285859,2774368076249802464,8573800373938698102,1,1,dgekt,0.6589859279075847
1964666005942285859,8903365289186067945,8573800373938698102,1,1,dgekt,0.6618783517672052
1964666005942285859,6925932688889117475,300471914551172981,1,1,dgekt,0.7190397589541194
1964666005942285859,8194071366621068887,8573800373938698102,1,1,dgekt,0.6396802644939785
1964666005942285859,2986660907093963186,300471914551172981,1,1,dgekt,0.7244789070278044
1964666005942285859,7591109345808921544,300471914551172981,1,1,dgekt,0.7009188802207593
1964666005942285859,625545550176685521,8573800373938698102,1,1,dgekt,0.6732549828169474
1964666005942285859,1761868641361943332,8573800373938698102,1,1,dgekt,0.6809389103229828
1964666005942285859,4824259625677886603,300471914551172981,1,1,dgekt,0.6971199568935743
1964666005942285859,8450591260754163598,8573800373938698102,1,1,dgekt,0.6593481343619
1964666005942285859,1553079256999111676,300471914551172981,1,1,dgekt,0.7051598252343682
1964666005942285859,3220231712819306119,8573800373938698102,1,1,dgekt,0.6663377307931307
1964666005942285859,338807275221326836,300471914551172981,0,1,dgekt,0.6931567516815462
1964666005942285859,8525319303741530302,8573800373938698102,1,1,dgekt,0.6671974406774354
1964666005942285859,6587421150596252277,300471914551172981,1,1,dgekt,0.7068330079823564
1964666005942285859,5891620578387310353,300471914551172981,1,1,dgekt,0.6899930681792181
1964666005942285859,5791250638486922978,300471914551172981,1,1,dgekt,0.7112895989413759
1964666005942285859,4031585874086886353,8573800373938698102,1,1,dgekt,0.6821286404001843
1964666005942285859,2083452711903133430,8573800373938698102,1,1,dgekt,0.7040694793071505
1964666005942285859,6319743179241711738,8573800373938698102,1,1,dgekt,0.684013329755303
1964666005942285859,8628686323660025649,300471914551172981,1,1,dgekt,0.7104280388949681
1964666005942285859,4378721629787482518,300471914551172981,1,1,dgekt,0.7164268184634326
1964666005942285859,4813462692425748605,300471914551172981,1,1,dgekt,0.6810963049341072
1964666005942285859,4644364625800006675,300471914551172981,1,1,dgekt,0.6995652580608251
1964666005942285859,1062464292871659639,8573800373938698102,1,1,dgekt,0.6847098351474088
1964666005942285859,5932668873100475470,300471914551172981,1,1,dgekt,0.7209898081447911
1964666005942285859,5237822943399727048,8573800373938698102,1,1,dgekt,0.6883182494130664
1967334056118598654,300471914551172981,300471914551172981,0,1,dgekt,0.6801150097005656
1967334056118598654,8573800373938698102,8573800373938698102,0,1,dgekt,0.6244597733501571
1967334056118598654,2014268979504181100,300471914551172981,0,1,dgekt,0.6651356576839594
1967334056118598654,2172169907340938753,300471914551172981,0,1,dgekt,0.6662837517059808
1967334056118598654,8150806168444344502,300471914551172981,0,1,dgekt,0.688888455093555
1967334056118598654,816286915455981984,8573800373938698102,1,1,dgekt,0.6770031508568203
1967334056118598654,1962751598315765836,300471914551172981,0,1,dgekt,0.6935680775467012
1967334056118598654,7444476343858270082,300471914551172981,1,1,dgekt,0.6975282883482606
1967334056118598654,2537821716777940730,300471914551172981,0,1,dgekt,0.6983440149560636
1967334056118598654,1061301253559417093,300471914551172981,0,1,dgekt,0.6794131064119566
1967334056118598654,8553379303363759508,300471914551172981,0,1,dgekt,0.6716390417027954
1967334056118598654,6440511557387709110,300471914551172981,1,1,dgekt,0.6964387123191638
1967334056118598654,7744513373483970787,8573800373938698102,0,1,dgekt,0.6299633181672509
1967334056118598654,2971078979906996375,300471914551172981,0,1,dgekt,0.6868115039427797
1967334056118598654,5841359775533910823,300471914551172981,1,1,dgekt,0.657770971889856
1967334056118598654,8621262567927479011,300471914551172981,1,1,dgekt,0.695483519589737
1967334056118598654,8434961942249729798,8573800373938698102,1,1,dgekt,0.6631039917837108
1967334056118598654,2322042198017538996,8573800373938698102,1,1,dgekt,0.6651897291590326
1967334056118598654,1742185772413642127,300471914551172981,1,1,dgekt,0.7014593490023786
1967334056118598654,2334639155148655290,8573800373938698102,0,1,dgekt,0.6714792308552008
1967334056118598654,7660717256841499384,300471914551172981,1,1,dgekt,0.7153118836252634
1967334056118598654,4113615466659810841,300471914551172981,0,1,dgekt,0.7005808025380067
1967334056118598654,6125574002232610732,300471914551172981,0,1,dgekt,0.666212053383708
1967334056118598654,2774368076249802464,8573800373938698102,1,1,dgekt,0.6589859279075847
1967334056118598654,8903365289186067945,8573800373938698102,1,1,dgekt,0.6618783517672052
1967334056118598654,6925932688889117475,300471914551172981,1,1,dgekt,0.7190397589541194
1967334056118598654,8194071366621068887,8573800373938698102,0,1,dgekt,0.6396802644939785
1967334056118598654,2986660907093963186,300471914551172981,0,1,dgekt,0.7244789070278044
1967334056118598654,7591109345808921544,300471914551172981,1,1,dgekt,0.7009188802207593
1967334056118598654,625545550176685521,8573800373938698102,0,1,dgekt,0.6732549828169474
1967334056118598654,1761868641361943332,8573800373938698102,1,1,dgekt,0.6809389103229828
1967334056118598654,4824259625677886603,300471914551172981,0,1,dgekt,0.6971199568935743
1967334056118598654,8450591260754163598,8573800373938698102,1,1,dgekt,0.6593481343619
1967334056118598654,1553079256999111676,300471914551172981,0,1,dgekt,0.7051598252343682
1967334056118598654,3220231712819306119,8573800373938698102,1,1,dgekt,0.6663377307931307
1967334056118598654,338807275221326836,300471914551172981,0,1,dgekt,0.6931567516815462
1967334056118598654,8525319303741530302,8573800373938698102,1,1,dgekt,0.6671974406774354
1967334056118598654,6587421150596252277,300471914551172981,1,1,dgekt,0.7068330079823564
1967334056118598654,5891620578387310353,300471914551172981,0,1,dgekt,0.6899930681792181
1967334056118598654,5791250638486922978,300471914551172981,1,1,dgekt,0.7112895989413759
1967334056118598654,4031585874086886353,8573800373938698102,1,1,dgekt,0.6821286404001843
1967334056118598654,2083452711903133430,8573800373938698102,1,1,dgekt,0.7040694793071505
1967334056118598654,6319743179241711738,8573800373938698102,1,1,dgekt,0.684013329755303
1967334056118598654,8628686323660025649,300471914551172981,1,1,dgekt,0.7104280388949681
1967334056118598654,4378721629787482518,300471914551172981,1,1,dgekt,0.7164268184634326
1967334056118598654,4813462692425748605,300471914551172981,1,1,dgekt,0.6810963049341072
1967334056118598654,4644364625800006675,300471914551172981,1,1,dgekt,0.6995652580608251
1967334056118598654,1062464292871659639,8573800373938698102,1,1,dgekt,0.6847098351474088
1967334056118598654,5932668873100475470,300471914551172981,1,1,dgekt,0.7209898081447911
1967334056118598654,5237822943399727048,8573800373938698102,1,1,dgekt,0.6883182494130664
2006404817126484696,300471914551172981,300471914551172981,1,1,dgekt,0.6801150097005656
2006404817126484696,8573800373938698102,8573800373938698102,0,1,dgekt,0.6244597733501571
2006404817126484696,2014268979504181100,300471914551172981,1,1,dgekt,0.6651356576839594
2006404817126484696,2172169907340938753,300471914551172981,0,1,dgekt,0.6662837517059808
2006404817126484696,8150806168444344502,300471914551172981,0,1,dgekt,0.688888455093555
2006404817126484696,816286915455981984,8573800373938698102,1,1,dgekt,0.6770031508568203
2006404817126484696,1962751598315765836,300471914551172981,0,1,dgekt,0.6935680775467012
2006404817126484696,7444476343858270082,300471914551172981,1,1,dgekt,0.6975282883482606
2006404817126484696,2537821716777940730,300471914551172981,1,1,dgekt,0.6983440149560636
2006404817126484696,1061301253559417093,300471914551172981,1,1,dgekt,0.6794131064119566
2006404817126484696,8553379303363759508,300471914551172981,1,1,dgekt,0.6716390417027954
2006404817126484696,6440511557387709110,300471914551172981,1,1,dgekt,0.6964387123191638
2006404817126484696,7744513373483970787,8573800373938698102,0,1,dgekt,0.6299633181672509
2006404817126484696,2971078979906996375,300471914551172981,1,1,dgekt,0.6868115039427797
2006404817126484696,5841359775533910823,300471914551172981,0,1,dgekt,0.657770971889856
2006404817126484696,8621262567927479011,300471914551172981,1,1,dgekt,0.695483519589737
2006404817126484696,8434961942249729798,8573800373938698102,1,1,dgekt,0.6631039917837108
2006404817126484696,2322042198017538996,8573800373938698102,1,1,dgekt,0.6651897291590326
2006404817126484696,1742185772413642127,300471914551172981,1,1,dgekt,0.7014593490023786
2006404817126484696,2334639155148655290,8573800373938698102,0,1,dgekt,0.6714792308552008
2006404817126484696,7660717256841499384,300471914551172981,1,1,dgekt,0.7153118836252634
2006404817126484696,4113615466659810841,300471914551172981,1,1,dgekt,0.7005808025380067
2006404817126484696,6125574002232610732,300471914551172981,1,1,dgekt,0.666212053383708
2006404817126484696,2774368076249802464,8573800373938698102,1,1,dgekt,0.6589859279075847
2006404817126484696,8903365289186067945,8573800373938698102,0,1,dgekt,0.6618783517672052
2006404817126484696,6925932688889117475,300471914551172981,1,1,dgekt,0.7190397589541194
2006404817126484696,8194071366621068887,8573800373938698102,0,1,dgekt,0.6396802644939785
2006404817126484696,2986660907093963186,300471914551172981,0,1,dgekt,0.7244789070278044
2006404817126484696,7591109345808921544,300471914551172981,1,1,dgekt,0.7009188802207593
2006404817126484696,625545550176685521,8573800373938698102,1,1,dgekt,0.6732549828169474
2006404817126484696,1761868641361943332,8573800373938698102,1,1,dgekt,0.6809389103229828
2006404817126484696,4824259625677886603,300471914551172981,1,1,dgekt,0.6971199568935743
2006404817126484696,8450591260754163598,8573800373938698102,1,1,dgekt,0.6593481343619
2006404817126484696,1553079256999111676,300471914551172981,1,1,dgekt,0.7051598252343682
2006404817126484696,3220231712819306119,8573800373938698102,0,1,dgekt,0.6663377307931307
2006404817126484696,338807275221326836,300471914551172981,1,1,dgekt,0.6931567516815462
2006404817126484696,8525319303741530302,8573800373938698102,1,1,dgekt,0.6671974406774354
2006404817126484696,6587421150596252277,300471914551172981,1,1,dgekt,0.7068330079823564
2006404817126484696,5891620578387310353,300471914551172981,1,1,dgekt,0.6899930681792181
2006404817126484696,5791250638486922978,300471914551172981,1,1,dgekt,0.7112895989413759
2006404817126484696,4031585874086886353,8573800373938698102,1,1,dgekt,0.6821286404001843
2006404817126484696,2083452711903133430,8573800373938698102,1,1,dgekt,0.7040694793071505
2006404817126484696,6319743179241711738,8573800373938698102,1,1,dgekt,0.684013329755303
2006404817126484696,8628686323660025649,300471914551172981,1,1,dgekt,0.7104280388949681
2006404817126484696,4378721629787482518,300471914551172981,1,1,dgekt,0.7164268184634326
2006404817126484696,4813462692425748605,300471914551172981,1,1,dgekt,0.6810963049341072
2006404817126484696,4644364625800006675,300471914551172981,1,1,dgekt,0.6995652580608251
2006404817126484696,1062464292871659639,8573800373938698102,0,1,dgekt,0.6847098351474088
2006404817126484696,5932668873100475470,300471914551172981,1,1,dgekt,0.7209898081447911
2006404817126484696,5237822943399727048,8573800373938698102,1,1,dgekt,0.6883182494130664
2033945201824530036,300471914551172981,300471914551172981,1,1,dgekt,0.6801150097005656
2033945201824530036,8573800373938698102,8573800373938698102,0,1,dgekt,0.6244597733501571
2033945201824530036,2014268979504181100,300471914551172981,1,1,dgekt,0.6651356576839594
2033945201824530036,2172169907340938753,300471914551172981,1,1,dgekt,0.6662837517059808
2033945201824530036,8150806168444344502,300471914551172981,1,1,dgekt,0.688888455093555
2033945201824530036,816286915455981984,8573800373938698102,0,1,dgekt,0.6770031508568203
2033945201824530036,1962751598315765836,300471914551172981,1,1,dgekt,0.6935680775467012
2033945201824530036,7444476343858270082,300471914551172981,1,1,dgekt,0.6975282883482606
2033945201824530036,2537821716777940730,300471914551172981,1,1,dgekt,0.6983440149560636
2033945201824530036,1061301253559417093,300471914551172981,1,1,dgekt,0.6794131064119566
2033945201824530036,8553379303363759508,300471914551172981,1,1,dgekt,0.6716390417027954
2033945201824530036,6440511557387709110,300471914551172981,1,1,dgekt,0.6964387123191638
2033945201824530036,7744513373483970787,8573800373938698102,0,1,dgekt,0.6299633181672509
2033945201824530036,2971078979906996375,300471914551172981,1,1,dgekt,0.6868115039427797
2033945201824530036,5841359775533910823,300471914551172981,1,1,dgekt,0.657770971889856
2033945201824530036,8621262567927479011,300471914551172981,1,1,dgekt,0.695483519589737
2033945201824530036,8434961942249729798,8573800373938698102,0,1,dgekt,0.6631039917837108
2033945201824530036,2322042198017538996,8573800373938698102,0,1,dgekt,0.6651897291590326
2033945201824530036,1742185772413642127,300471914551172981,1,1,dgekt,0.7014593490023786
2033945201824530036,2334639155148655290,8573800373938698102,0,1,dgekt,0.6714792308552008
2033945201824530036,7660717256841499384,300471914551172981,1,1,dgekt,0.7153118836252634
2033945201824530036,4113615466659810841,300471914551172981,1,1,dgekt,0.7005808025380067
2033945201824530036,6125574002232610732,300471914551172981,1,1,dgekt,0.666212053383708
2033945201824530036,2774368076249802464,8573800373938698102,1,1,dgekt,0.6589859279075847
2033945201824530036,8903365289186067945,8573800373938698102,0,1,dgekt,0.6618783517672052
2033945201824530036,6925932688889117475,300471914551172981,1,1,dgekt,0.7190397589541194
2033945201824530036,8194071366621068887,8573800373938698102,0,1,dgekt,0.6396802644939785
2033945201824530036,2986660907093963186,300471914551172981,1,1,dgekt,0.7244789070278044
2033945201824530036,7591109345808921544,300471914551172981,1,1,dgekt,0.7009188802207593
2033945201824530036,625545550176685521,8573800373938698102,0,1,dgekt,0.6732549828169474
2033945201824530036,1761868641361943332,8573800373938698102,1,1,dgekt,0.6809389103229828
2033945201824530036,4824259625677886603,300471914551172981,1,1,dgekt,0.6971199568935743
2033945201824530036,8450591260754163598,8573800373938698102,0,1,dgekt,0.6593481343619
2033945201824530036,1553079256999111676,300471914551172981,1,1,dgekt,0.7051598252343682
2033945201824530036,3220231712819306119,8573800373938698102,0,1,dgekt,0.6663377307931307
2033945201824530036,338807275221326836,300471914551172981,1,1,dgekt,0.6931567516815462
2033945201824530036,8525319303741530302,8573800373938698102,0,1,dgekt,0.6671974406774354
2033945201824530036,6587421150596252277,300471914551172981,1,1,dgekt,0.7068330079823564
2033945201824530036,5891620578387310353,300471914551172981,1,1,dgekt,0.6899930681792181
2033945201824530036,5791250638486922978,300471914551172981,1,1,dgekt,0.7112895989413759
2033945201824530036,4031585874086886353,8573800373938698102,0,1,dgekt,0.6821286404001843
2033945201824530036,2083452711903133430,8573800373938698102,1,1,dgekt,0.7040694793071505
2033945201824530036,6319743179241711738,8573800373938698102,0,1,dgekt,0.684013329755303
2033945201824530036,8628686323660025649,300471914551172981,1,1,dgekt,0.7104280388949681
2033945201824530036,4378721629787482518,300471914551172981,1,1,dgekt,0.7164268184634326
2033945201824530036,4813462692425748605,300471914551172981,1,1,dgekt,0.6810963049341072
2033945201824530036,4644364625800006675,300471914551172981,1,1,dgekt,0.6995652580608251
2033945201824530036,1062464292871659639,8573800373938698102,0,1,dgekt,0.6847098351474088
2033945201824530036,5932668873100475470,300471914551172981,1,1,dgekt,0.7209898081447911
2033945201824530036,5237822943399727048,8573800373938698102,0,1,dgekt,0.6883182494130664
2054716444235427843,300471914551172981,300471914551172981,0,1,dgekt,0.6801150097005656
2054716444235427843,8573800373938698102,8573800373938698102,1,1,dgekt,0.6244597733501571
2054716444235427843,2014268979504181100,300471914551172981,0,1,dgekt,0.6651356576839594
2054716444235427843,2172169907340938753,300471914551172981,0,1,dgekt,0.6662837517059808
2054716444235427843,8150806168444344502,300471914551172981,1,1,dgekt,0.688888455093555
2054716444235427843,816286915455981984,8573800373938698102,1,1,dgekt,0.6770031508568203
2054716444235427843,1962751598315765836,300471914551172981,1,1,dgekt,0.6935680775467012
2054716444235427843,7444476343858270082,300471914551172981,1,1,dgekt,0.6975282883482606
2054716444235427843,2537821716777940730,300471914551172981,1,1,dgekt,0.6983440149560636
2054716444235427843,1061301253559417093,300471914551172981,0,1,dgekt,0.6794131064119566
2054716444235427843,8553379303363759508,300471914551172981,1,1,dgekt,0.6716390417027954
2054716444235427843,6440511557387709110,300471914551172981,1,1,dgekt,0.6964387123191638
2054716444235427843,7744513373483970787,8573800373938698102,1,1,dgekt,0.6299633181672509
2054716444235427843,2971078979906996375,300471914551172981,1,1,dgekt,0.6868115039427797
2054716444235427843,5841359775533910823,300471914551172981,1,1,dgekt,0.657770971889856
2054716444235427843,8621262567927479011,300471914551172981,1,1,dgekt,0.695483519589737
2054716444235427843,8434961942249729798,8573800373938698102,0,1,dgekt,0.6631039917837108
2054716444235427843,2322042198017538996,8573800373938698102,1,1,dgekt,0.6651897291590326
2054716444235427843,1742185772413642127,300471914551172981,1,1,dgekt,0.7014593490023786
2054716444235427843,2334639155148655290,8573800373938698102,1,1,dgekt,0.6714792308552008
2054716444235427843,7660717256841499384,300471914551172981,1,1,dgekt,0.7153118836252634
2054716444235427843,4113615466659810841,300471914551172981,0,1,dgekt,0.7005808025380067
2054716444235427843,6125574002232610732,300471914551172981,0,1,dgekt,0.666212053383708
2054716444235427843,2774368076249802464,8573800373938698102,1,1,dgekt,0.6589859279075847
2054716444235427843,8903365289186067945,8573800373938698102,1,1,dgekt,0.6618783517672052
2054716444235427843,6925932688889117475,300471914551172981,1,1,dgekt,0.7190397589541194
2054716444235427843,8194071366621068887,8573800373938698102,1,1,dgekt,0.6396802644939785
2054716444235427843,2986660907093963186,300471914551172981,1,1,dgekt,0.7244789070278044
2054716444235427843,7591109345808921544,300471914551172981,1,1,dgekt,0.7009188802207593
2054716444235427843,625545550176685521,8573800373938698102,0,1,dgekt,0.6732549828169474
2054716444235427843,1761868641361943332,8573800373938698102,1,1,dgekt,0.6809389103229828
2054716444235427843,4824259625677886603,300471914551172981,1,1,dgekt,0.6971199568935743
2054716444235427843,8450591260754163598,8573800373938698102,1,1,dgekt,0.6593481343619
2054716444235427843,1553079256999111676,300471914551172981,1,1,dgekt,0.7051598252343682
2054716444235427843,3220231712819306119,8573800373938698102,1,1,dgekt,0.6663377307931307
2054716444235427843,338807275221326836,300471914551172981,1,1,dgekt,0.6931567516815462
2054716444235427843,8525319303741530302,8573800373938698102,1,1,dgekt,0.6671974406774354
2054716444235427843,6587421150596252277,300471914551172981,0,1,dgekt,0.7068330079823564
2054716444235427843,5891620578387310353,300471914551172981,1,1,dgekt,0.6899930681792181
2054716444235427843,5791250638486922978,300471914551172981,1,1,dgekt,0.7112895989413759
2054716444235427843,4031585874086886353,8573800373938698102,1,1,dgekt,0.6821286404001843
2054716444235427843,2083452711903133430,8573800373938698102,1,1,dgekt,0.7040694793071505
2054716444235427843,6319743179241711738,8573800373938698102,1,1,dgekt,0.684013329755303
2054716444235427843,8628686323660025649,300471914551172981,1,1,dgekt,0.7104280388949681
2054716444235427843,4378721629787482518,300471914551172981,1,1,dgekt,0.7164268184634326
2054716444235427843,4813462692425748605,300471914551172981,0,1,dgekt,0.6810963049341072
2054716444235427843,4644364625800006675,300471914551172981,1,1,dgekt,0.6995652580608251
2054716444235427843,1062464292871659639,8573800373938698102,1,1,dgekt,0.6847098351474088
2054716444235427843,5932668873100475470,300471914551172981,1,1,dgekt,0.7209898081447911
2054716444235427843,5237822943399727048,8573800373938698102,1,1,dgekt,0.6883182494130664
2077889144686882393,300471914551172981,300471914551172981,1,1,dgekt,0.6801150097005656
2077889144686882393,8573800373938698102,8573800373938698102,0,1,dgekt,0.6244597733501571
2077889144686882393,2014268979504181100,300471914551172981,0,1,dgekt,0.6651356576839594
2077889144686882393,2172169907340938753,300471914551172981,0,1,dgekt,0.6662837517059808
2077889144686882393,8150806168444344502,300471914551172981,1,1,dgekt,0.688888455093555
2077889144686882393,816286915455981984,8573800373938698102,0,1,dgekt,0.6770031508568203
2077889144686882393,1962751598315765836,300471914551172981,1,1,dgekt,0.6935680775467012
2077889144686882393,7444476343858270082,300471914551172981,1,1,dgekt,0.6975282883482606
2077889144686882393,2537821716777940730,300471914551172981,0,1,dgekt,0.6983440149560636
2077889144686882393,1061301253559417093,300471914551172981,1,1,dgekt,0.6794131064119566
2077889144686882393,8553379303363759508,300471914551172981,1,1,dgekt,0.6716390417027954
2077889144686882393,6440511557387709110,300471914551172981,0,1,dgekt,0.6964387123191638
2077889144686882393,7744513373483970787,8573800373938698102,0,1,dgekt,0.6299633181672509
2077889144686882393,2971078979906996375,300471914551172981,0,1,dgekt,0.6868115039427797
2077889144686882393,5841359775533910823,300471914551172981,0,1,dgekt,0.657770971889856
2077889144686882393,8621262567927479011,300471914551172981,0,1,dgekt,0.695483519589737
2077889144686882393,8434961942249729798,8573800373938698102,0,1,dgekt,0.6631039917837108
2077889144686882393,2322042198017538996,8573800373938698102,0,1,dgekt,0.6651897291590326
2077889144686882393,1742185772413642127,300471914551172981,1,1,dgekt,0.7014593490023786
2077889144686882393,2334639155148655290,8573800373938698102,1,1,dgekt,0.6714792308552008
2077889144686882393,7660717256841499384,300471914551172981,1,1,dgekt,0.7153118836252634
2077889144686882393,4113615466659810841,300471914551172981,1,1,dgekt,0.7005808025380067
2077889144686882393,6125574002232610732,300471914551172981,0,1,dgekt,0.666212053383708
2077889144686882393,2774368076249802464,8573800373938698102,1,1,dgekt,0.6589859279075847
2077889144686882393,8903365289186067945,8573800373938698102,0,1,dgekt,0.6618783517672052
2077889144686882393,6925932688889117475,300471914551172981,1,1,dgekt,0.7190397589541194
2077889144686882393,8194071366621068887,8573800373938698102,0,1,dgekt,0.6396802644939785
2077889144686882393,2986660907093963186,300471914551172981,1,1,dgekt,0.7244789070278044
2077889144686882393,7591109345808921544,300471914551172981,1,1,dgekt,0.7009188802207593
2077889144686882393,625545550176685521,8573800373938698102,0,1,dgekt,0.6732549828169474
2077889144686882393,1761868641361943332,8573800373938698102,0,1,dgekt,0.6809389103229828
2077889144686882393,4824259625677886603,300471914551172981,1,1,dgekt,0.6971199568935743
2077889144686882393,8450591260754163598,8573800373938698102,0,1,dgekt,0.6593481343619
2077889144686882393,1553079256999111676,300471914551172981,1,1,dgekt,0.7051598252343682
2077889144686882393,3220231712819306119,8573800373938698102,0,1,dgekt,0.6663377307931307
2077889144686882393,338807275221326836,300471914551172981,1,1,dgekt,0.6931567516815462
2077889144686882393,8525319303741530302,8573800373938698102,0,1,dgekt,0.6671974406774354
2077889144686882393,6587421150596252277,300471914551172981,1,1,dgekt,0.7068330079823564
2077889144686882393,5891620578387310353,300471914551172981,1,1,dgekt,0.6899930681792181
2077889144686882393,5791250638486922978,300471914551172981,0,1,dgekt,0.7112895989413759
2077889144686882393,4031585874086886353,8573800373938698102,0,1,dgekt,0.6821286404001843
2077889144686882393,2083452711903133430,8573800373938698102,0,1,dgekt,0.7040694793071505
2077889144686882393,6319743179241711738,8573800373938698102,1,1,dgekt,0.684013329755303
2077889144686882393,8628686323660025649,300471914551172981,0,1,dgekt,0.7104280388949681
2077889144686882393,4378721629787482518,300471914551172981,1,1,dgekt,0.7164268184634326
2077889144686882393,4813462692425748605,300471914551172981,0,1,dgekt,0.6810963049341072
2077889144686882393,4644364625800006675,300471914551172981,1,1,dgekt,0.6995652580608251
2077889144686882393,1062464292871659639,8573800373938698102,0,1,dgekt,0.6847098351474088
2077889144686882393,5932668873100475470,300471914551172981,1,1,dgekt,0.7209898081447911
2077889144686882393,5237822943399727048,8573800373938698102,0,1,dgekt,0.6883182494130664
2097205535333367492,300471914551172981,300471914551172981,1,1,dgekt,0.6801150097005656
2097205535333367492,8573800373938698102,8573800373938698102,0,1,dgekt,0.6244597733501571
2097205535333367492,2014268979504181100,300471914551172981,1,1,dgekt,0.6651356576839594
2097205535333367492,2172169907340938753,300471914551172981,1,1,dgekt,0.6662837517059808
2097205535333367492,8150806168444344502,300471914551172981,1,1,dgekt,0.688888455093555
2097205535333367492,816286915455981984,8573800373938698102,0,1,dgekt,0.6770031508568203
2097205535333367492,1962751598315765836,300471914551172981,1,1,dgekt,0.6935680775467012
2097205535333367492,7444476343858270082,300471914551172981,1,1,dgekt,0.6975282883482606
2097205535333367492,2537821716777940730,300471914551172981,1,1,dgekt,0.6983440149560636
2097205535333367492,1061301253559417093,300471914551172981,1,1,dgekt,0.6794131064119566
2097205535333367492,8553379303363759508,300471914551172981,1,1,dgekt,0.6716390417027954
2097205535333367492,6440511557387709110,300471914551172981,1,1,dgekt,0.6964387123191638
2097205535333367492,7744513373483970787,8573800373938698102,0,1,dgekt,0.6299633181672509
2097205535333367492,2971078979906996375,300471914551172981,1,1,dgekt,0.6868115039427797
2097205535333367492,5841359775533910823,300471914551172981,1,1,dgekt,0.657770971889856
2097205535333367492,8621262567927479011,300471914551172981,1,1,dgekt,0.695483519589737
2097205535333367492,8434961942249729798,8573800373938698102,1,1,dgekt,0.6631039917837108
2097205535333367492,2322042198017538996,8573800373938698102,1,1,dgekt,0.6651897291590326
2097205535333367492,1742185772413642127,300471914551172981,1,1,dgekt,0.7014593490023786
2097205535333367492,2334639155148655290,8573800373938698102,1,1,dgekt,0.6714792308552008
2097205535333367492,7660717256841499384,300471914551172981,1,1,dgekt,0.7153118836252634
2097205535333367492,4113615466659810841,300471914551172981,1,1,dgekt,0.7005808025380067
2097205535333367492,6125574002232610732,300471914551172981,1,1,dgekt,0.666212053383708
2097205535333367492,2774368076249802464,8573800373938698102,0,1,dgekt,0.6589859279075847
2097205535333367492,8903365289186067945,8573800373938698102,0,1,dgekt,0.6618783517672052
2097205535333367492,6925932688889117475,300471914551172981,1,1,dgekt,0.7190397589541194
2097205535333367492,8194071366621068887,8573800373938698102,0,1,dgekt,0.6396802644939785
2097205535333367492,2986660907093963186,300471914551172981,1,1,dgekt,0.7244789070278044
2097205535333367492,7591109345808921544,300471914551172981,1,1,dgekt,0.7009188802207593
2097205535333367492,625545550176685521,8573800373938698102,1,1,dgekt,0.6732549828169474
2097205535333367492,1761868641361943332,8573800373938698102,0,1,dgekt,0.6809389103229828
2097205535333367492,4824259625677886603,300471914551172981,1,1,dgekt,0.6971199568935743
2097205535333367492,8450591260754163598,8573800373938698102,0,1,dgekt,0.6593481343619
2097205535333367492,1553079256999111676,300471914551172981,1,1,dgekt,0.7051598252343682
2097205535333367492,3220231712819306119,8573800373938698102,0,1,dgekt,0.6663377307931307
2097205535333367492,338807275221326836,300471914551172981,1,1,dgekt,0.6931567516815462
2097205535333367492,8525319303741530302,8573800373938698102,1,1,dgekt,0.6671974406774354
2097205535333367492,6587421150596252277,300471914551172981,1,1,dgekt,0.7068330079823564
2097205535333367492,5891620578387310353,300471914551172981,1,1,dgekt,0.6899930681792181
2097205535333367492,5791250638486922978,300471914551172981,1,1,dgekt,0.7112895989413759
2097205535333367492,4031585874086886353,8573800373938698102,1,1,dgekt,0.6821286404001843
2097205535333367492,2083452711903133430,8573800373938698102,1,1,dgekt,0.7040694793071505
2097205535333367492,6319743179241711738,8573800373938698102,0,1,dgekt,0.684013329755303
2097205535333367492,8628686323660025649,300471914551172981,1,1,dgekt,0.7104280388949681
2097205535333367492,4378721629787482518,300471914551172981,1,1,dgekt,0.7164268184634326
2097205535333367492,4813462692425748605,300471914551172981,1,1,dgekt,0.6810963049341072
2097205535333367492,4644364625800006675,300471914551172981,1,1,dgekt,0.6995652580608251
2097205535333367492,1062464292871659639,8573800373938698102,1,1,dgekt,0.6847098351474088
2097205535333367492,5932668873100475470,300471914551172981,1,1,dgekt,0.7209898081447911
2097205535333367492,5237822943399727048,8573800373938698102,0,1,dgekt,0.6883182494130664
2101903094258896526,300471914551172981,300471914551172981,0,1,dgekt,0.6801150097005656
2101903094258896526,8573800373938698102,8573800373938698102,0,1,dgekt,0.6244597733501571
2101903094258896526,2014268979504181100,300471914551172981,0,1,dgekt,0.6651356576839594
2101903094258896526,2172169907340938753,300471914551172981,0,1,dgekt,0.6662837517059808
2101903094258896526,8150806168444344502,300471914551172981,0,1,dgekt,0.688888455093555
2101903094258896526,816286915455981984,8573800373938698102,0,1,dgekt,0.6770031508568203
2101903094258896526,1962751598315765836,300471914551172981,0,1,dgekt,0.6935680775467012
2101903094258896526,7444476343858270082,300471914551172981,1,1,dgekt,0.6975282883482606
2101903094258896526,2537821716777940730,300471914551172981,0,1,dgekt,0.6983440149560636
2101903094258896526,1061301253559417093,300471914551172981,1,1,dgekt,0.6794131064119566
2101903094258896526,8553379303363759508,300471914551172981,1,1,dgekt,0.6716390417027954
2101903094258896526,6440511557387709110,300471914551172981,0,1,dgekt,0.6964387123191638
2101903094258896526,7744513373483970787,8573800373938698102,0,1,dgekt,0.6299633181672509
2101903094258896526,2971078979906996375,300471914551172981,0,1,dgekt,0.6868115039427797
2101903094258896526,5841359775533910823,300471914551172981,0,1,dgekt,0.657770971889856
2101903094258896526,8621262567927479011,300471914551172981,1,1,dgekt,0.695483519589737
2101903094258896526,8434961942249729798,8573800373938698102,0,1,dgekt,0.6631039917837108
2101903094258896526,2322042198017538996,8573800373938698102,0,1,dgekt,0.6651897291590326
2101903094258896526,1742185772413642127,300471914551172981,0,1,dgekt,0.7014593490023786
2101903094258896526,2334639155148655290,8573800373938698102,0,1,dgekt,0.6714792308552008
2101903094258896526,7660717256841499384,300471914551172981,1,1,dgekt,0.7153118836252634
2101903094258896526,4113615466659810841,300471914551172981,0,1,dgekt,0.7005808025380067
2101903094258896526,6125574002232610732,300471914551172981,0,1,dgekt,0.666212053383708
2101903094258896526,2774368076249802464,8573800373938698102,0,1,dgekt,0.6589859279075847
2101903094258896526,8903365289186067945,8573800373938698102,1,1,dgekt,0.6618783517672052
2101903094258896526,6925932688889117475,300471914551172981,1,1,dgekt,0.7190397589541194
2101903094258896526,8194071366621068887,8573800373938698102,1,1,dgekt,0.6396802644939785
2101903094258896526,2986660907093963186,300471914551172981,1,1,dgekt,0.7244789070278044
2101903094258896526,7591109345808921544,300471914551172981,0,1,dgekt,0.7009188802207593
2101903094258896526,625545550176685521,8573800373938698102,1,1,dgekt,0.6732549828169474
2101903094258896526,1761868641361943332,8573800373938698102,0,1,dgekt,0.6809389103229828
2101903094258896526,4824259625677886603,300471914551172981,0,1,dgekt,0.6971199568935743
2101903094258896526,8450591260754163598,8573800373938698102,0,1,dgekt,0.6593481343619
2101903094258896526,1553079256999111676,300471914551172981,0,1,dgekt,0.7051598252343682
2101903094258896526,3220231712819306119,8573800373938698102,0,1,dgekt,0.6663377307931307
2101903094258896526,338807275221326836,300471914551172981,0,1,dgekt,0.6931567516815462
2101903094258896526,8525319303741530302,8573800373938698102,0,1,dgekt,0.6671974406774354
2101903094258896526,6587421150596252277,300471914551172981,0,1,dgekt,0.7068330079823564
2101903094258896526,5891620578387310353,300471914551172981,0,1,dgekt,0.6899930681792181
2101903094258896526,5791250638486922978,300471914551172981,0,1,dgekt,0.7112895989413759
2101903094258896526,4031585874086886353,8573800373938698102,1,1,dgekt,0.6821286404001843
2101903094258896526,2083452711903133430,8573800373938698102,1,1,dgekt,0.7040694793071505
2101903094258896526,6319743179241711738,8573800373938698102,1,1,dgekt,0.684013329755303
2101903094258896526,8628686323660025649,300471914551172981,0,1,dgekt,0.7104280388949681
2101903094258896526,4378721629787482518,300471914551172981,0,1,dgekt,0.7164268184634326
2101903094258896526,4813462692425748605,300471914551172981,0,1,dgekt,0.6810963049341072
2101903094258896526,4644364625800006675,300471914551172981,1,1,dgekt,0.6995652580608251
2101903094258896526,1062464292871659639,8573800373938698102,1,1,dgekt,0.6847098351474088
2101903094258896526,5932668873100475470,300471914551172981,0,1,dgekt,0.7209898081447911
2101903094258896526,5237822943399727048,8573800373938698102,1,1,dgekt,0.6883182494130664
2108936159450159022,300471914551172981,300471914551172981,1,1,dgekt,0.6801150097005656
2108936159450159022,8573800373938698102,8573800373938698102,0,1,dgekt,0.6244597733501571
2108936159450159022,2014268979504181100,300471914551172981,1,1,dgekt,0.6651356576839594
2108936159450159022,2172169907340938753,300471914551172981,1,1,dgekt,0.6662837517059808
2108936159450159022,8150806168444344502,300471914551172981,1,1,dgekt,0.688888455093555
2108936159450159022,816286915455981984,8573800373938698102,0,1,dgekt,0.6770031508568203
2108936159450159022,1962751598315765836,300471914551172981,0,1,dgekt,0.6935680775467012
2108936159450159022,7444476343858270082,300471914551172981,1,1,dgekt,0.6975282883482606
2108936159450159022,2537821716777940730,300471914551172981,1,1,dgekt,0.6983440149560636
2108936159450159022,1061301253559417093,300471914551172981,1,1,dgekt,0.6794131064119566
2108936159450159022,8553379303363759508,300471914551172981,1,1,dgekt,0.6716390417027954
2108936159450159022,6440511557387709110,300471914551172981,1,1,dgekt,0.6964387123191638
2108936159450159022,7744513373483970787,8573800373938698102,0,1,dgekt,0.6299633181672509
2108936159450159022,2971078979906996375,300471914551172981,1,1,dgekt,0.6868115039427797
2108936159450159022,5841359775533910823,300471914551172981,0,1,dgekt,0.657770971889856
2108936159450159022,8621262567927479011,300471914551172981,1,1,dgekt,0.695483519589737
2108936159450159022,8434961942249729798,8573800373938698102,1,1,dgekt,0.6631039917837108
2108936159450159022,2322042198017538996,8573800373938698102,1,1,dgekt,0.6651897291590326
2108936159450159022,1742185772413642127,300471914551172981,1,1,dgekt,0.7014593490023786
2108936159450159022,2334639155148655290,8573800373938698102,1,1,dgekt,0.6714792308552008
2108936159450159022,7660717256841499384,300471914551172981,1,1,dgekt,0.7153118836252634
2108936159450159022,4113615466659810841,300471914551172981,1,1,dgekt,0.7005808025380067
2108936159450159022,6125574002232610732,300471914551172981,0,1,dgekt,0.666212053383708
2108936159450159022,2774368076249802464,8573800373938698102,0,1,dgekt,0.6589859279075847
2108936159450159022,8903365289186067945,8573800373938698102,1,1,dgekt,0.6618783517672052
2108936159450159022,6925932688889117475,300471914551172981,1,1,dgekt,0.7190397589541194
2108936159450159022,8194071366621068887,8573800373938698102,1,1,dgekt,0.6396802644939785
2108936159450159022,2986660907093963186,300471914551172981,1,1,dgekt,0.7244789070278044
2108936159450159022,7591109345808921544,300471914551172981,1,1,dgekt,0.7009188802207593
2108936159450159022,625545550176685521,8573800373938698102,1,1,dgekt,0.6732549828169474
2108936159450159022,1761868641361943332,8573800373938698102,1,1,dgekt,0.6809389103229828
2108936159450159022,4824259625677886603,300471914551172981,1,1,dgekt,0.6971199568935743
2108936159450159022,8450591260754163598,8573800373938698102,0,1,dgekt,0.6593481343619
2108936159450159022,1553079256999111676,300471914551172981,1,1,dgekt,0.7051598252343682
2108936159450159022,3220231712819306119,8573800373938698102,1,1,dgekt,0.6663377307931307
2108936159450159022,338807275221326836,300471914551172981,1,1,dgekt,0.6931567516815462
2108936159450159022,8525319303741530302,8573800373938698102,0,1,dgekt,0.6671974406774354
2108936159450159022,6587421150596252277,300471914551172981,1,1,dgekt,0.7068330079823564
2108936159450159022,5891620578387310353,300471914551172981,0,1,dgekt,0.6899930681792181
2108936159450159022,5791250638486922978,300471914551172981,1,1,dgekt,0.7112895989413759
2108936159450159022,4031585874086886353,8573800373938698102,1,1,dgekt,0.6821286404001843
2108936159450159022,2083452711903133430,8573800373938698102,1,1,dgekt,0.7040694793071505
2108936159450159022,6319743179241711738,8573800373938698102,0,1,dgekt,0.684013329755303
2108936159450159022,8628686323660025649,300471914551172981,1,1,dgekt,0.7104280388949681
2108936159450159022,4378721629787482518,300471914551172981,1,1,dgekt,0.7164268184634326
2108936159450159022,4813462692425748605,300471914551172981,0,1,dgekt,0.6810963049341072
2108936159450159022,4644364625800006675,300471914551172981,1,1,dgekt,0.6995652580608251
2108936159450159022,1062464292871659639,8573800373938698102,0,1,dgekt,0.6847098351474088
2108936159450159022,5932668873100475470,300471914551172981,1,1,dgekt,0.7209898081447911
2108936159450159022,5237822943399727048,8573800373938698102,1,1,dgekt,0.6883182494130664
2131821587328919271,300471914551172981,300471914551172981,1,1,dgekt,0.6801150097005656
2131821587328919271,8573800373938698102,8573800373938698102,0,1,dgekt,0.6244597733501571
2131821587328919271,2014268979504181100,300471914551172981,1,1,dgekt,0.6651356576839594
2131821587328919271,2172169907340938753,300471914551172981,1,1,dgekt,0.6662837517059808
2131821587328919271,8150806168444344502,300471914551172981,1,1,dgekt,0.688888455093555
2131821587328919271,816286915455981984,8573800373938698102,1,1,dgekt,0.6770031508568203
2131821587328919271,1962751598315765836,300471914551172981,1,1,dgekt,0.6935680775467012
2131821587328919271,7444476343858270082,300471914551172981,1,1,dgekt,0.6975282883482606
2131821587328919271,2537821716777940730,300471914551172981,1,1,dgekt,0.6983440149560636
2131821587328919271,1061301253559417093,300471914551172981,1,1,dgekt,0.6794131064119566
2131821587328919271,8553379303363759508,300471914551172981,1,1,dgekt,0.6716390417027954
2131821587328919271,6440511557387709110,300471914551172981,1,1,dgekt,0.6964387123191638
2131821587328919271,7744513373483970787,8573800373938698102,0,1,dgekt,0.6299633181672509
2131821587328919271,2971078979906996375,300471914551172981,1,1,dgekt,0.6868115039427797
2131821587328919271,5841359775533910823,300471914551172981,1,1,dgekt,0.657770971889856
2131821587328919271,8621262567927479011,300471914551172981,1,1,dgekt,0.695483519589737
2131821587328919271,8434961942249729798,8573800373938698102,1,1,dgekt,0.6631039917837108
2131821587328919271,2322042198017538996,8573800373938698102,0,1,dgekt,0.6651897291590326
2131821587328919271,1742185772413642127,300471914551172981,1,1,dgekt,0.7014593490023786
2131821587328919271,2334639155148655290,8573800373938698102,0,1,dgekt,0.6714792308552008
2131821587328919271,7660717256841499384,300471914551172981,1,1,dgekt,0.7153118836252634
2131821587328919271,4113615466659810841,300471914551172981,1,1,dgekt,0.7005808025380067
2131821587328919271,6125574002232610732,300471914551172981,1,1,dgekt,0.666212053383708
2131821587328919271,2774368076249802464,8573800373938698102,0,1,dgekt,0.6589859279075847
2131821587328919271,8903365289186067945,8573800373938698102,0,1,dgekt,0.6618783517672052
2131821587328919271,6925932688889117475,300471914551172981,1,1,dgekt,0.7190397589541194
2131821587328919271,8194071366621068887,8573800373938698102,0,1,dgekt,0.6396802644939785
2131821587328919271,2986660907093963186,300471914551172981,1,1,dgekt,0.7244789070278044
2131821587328919271,7591109345808921544,300471914551172981,1,1,dgekt,0.7009188802207593
2131821587328919271,625545550176685521,8573800373938698102,0,1,dgekt,0.6732549828169474
2131821587328919271,1761868641361943332,8573800373938698102,0,1,dgekt,0.6809389103229828
2131821587328919271,4824259625677886603,300471914551172981,1,1,dgekt,0.6971199568935743
2131821587328919271,8450591260754163598,8573800373938698102,0,1,dgekt,0.6593481343619
2131821587328919271,1553079256999111676,300471914551172981,1,1,dgekt,0.7051598252343682
2131821587328919271,3220231712819306119,8573800373938698102,0,1,dgekt,0.6663377307931307
2131821587328919271,338807275221326836,300471914551172981,1,1,dgekt,0.6931567516815462
2131821587328919271,8525319303741530302,8573800373938698102,1,1,dgekt,0.6671974406774354
2131821587328919271,6587421150596252277,300471914551172981,1,1,dgekt,0.7068330079823564
2131821587328919271,5891620578387310353,300471914551172981,1,1,dgekt,0.6899930681792181
2131821587328919271,5791250638486922978,300471914551172981,1,1,dgekt,0.7112895989413759
2131821587328919271,4031585874086886353,8573800373938698102,0,1,dgekt,0.6821286404001843
2131821587328919271,2083452711903133430,8573800373938698102,1,1,dgekt,0.7040694793071505
2131821587328919271,6319743179241711738,8573800373938698102,0,1,dgekt,0.684013329755303
2131821587328919271,8628686323660025649,300471914551172981,1,1,dgekt,0.7104280388949681
2131821587328919271,4378721629787482518,300471914551172981,1,1,dgekt,0.7164268184634326
2131821587328919271,4813462692425748605,300471914551172981,1,1,dgekt,0.6810963049341072
2131821587328919271,4644364625800006675,300471914551172981,1,1,dgekt,0.6995652580608251
2131821587328919271,1062464292871659639,8573800373938698102,0,1,dgekt,0.6847098351474088
2131821587328919271,5932668873100475470,300471914551172981,1,1,dgekt,0.7209898081447911
2131821587328919271,5237822943399727048,8573800373938698102,1,1,dgekt,0.6883182494130664
2143430672656358050,300471914551172981,300471914551172981,1,1,dgekt,0.6801150097005656
2143430672656358050,8573800373938698102,8573800373938698102,1,1,dgekt,0.6244597733501571
2143430672656358050,2014268979504181100,300471914551172981,1,1,dgekt,0.6651356576839594
2143430672656358050,2172169907340938753,300471914551172981,1,1,dgekt,0.6662837517059808
2143430672656358050,8150806168444344502,300471914551172981,1,1,dgekt,0.688888455093555
2143430672656358050,816286915455981984,8573800373938698102,1,1,dgekt,0.6770031508568203
2143430672656358050,1962751598315765836,300471914551172981,1,1,dgekt,0.6935680775467012
2143430672656358050,7444476343858270082,300471914551172981,1,1,dgekt,0.6975282883482606
2143430672656358050,2537821716777940730,300471914551172981,1,1,dgekt,0.6983440149560636
2143430672656358050,1061301253559417093,300471914551172981,1,1,dgekt,0.6794131064119566
2143430672656358050,8553379303363759508,300471914551172981,1,1,dgekt,0.6716390417027954
2143430672656358050,6440511557387709110,300471914551172981,1,1,dgekt,0.6964387123191638
2143430672656358050,7744513373483970787,8573800373938698102,1,1,dgekt,0.6299633181672509
2143430672656358050,2971078979906996375,300471914551172981,1,1,dgekt,0.6868115039427797
2143430672656358050,5841359775533910823,300471914551172981,1,1,dgekt,0.657770971889856
2143430672656358050,8621262567927479011,300471914551172981,1,1,dgekt,0.695483519589737
2143430672656358050,8434961942249729798,8573800373938698102,1,1,dgekt,0.6631039917837108
2143430672656358050,2322042198017538996,8573800373938698102,1,1,dgekt,0.6651897291590326
2143430672656358050,1742185772413642127,300471914551172981,1,1,dgekt,0.7014593490023786
2143430672656358050,2334639155148655290,8573800373938698102,1,1,dgekt,0.6714792308552008
2143430672656358050,7660717256841499384,300471914551172981,1,1,dgekt,0.7153118836252634
2143430672656358050,4113615466659810841,300471914551172981,1,1,dgekt,0.7005808025380067
2143430672656358050,6125574002232610732,300471914551172981,1,1,dgekt,0.666212053383708
2143430672656358050,2774368076249802464,8573800373938698102,1,1,dgekt,0.6589859279075847
2143430672656358050,8903365289186067945,8573800373938698102,1,1,dgekt,0.6618783517672052
2143430672656358050,6925932688889117475,300471914551172981,1,1,dgekt,0.7190397589541194
2143430672656358050,8194071366621068887,8573800373938698102,1,1,dgekt,0.6396802644939785
2143430672656358050,2986660907093963186,300471914551172981,1,1,dgekt,0.7244789070278044
2143430672656358050,7591109345808921544,300471914551172981,1,1,dgekt,0.7009188802207593
2143430672656358050,625545550176685521,8573800373938698102,1,1,dgekt,0.6732549828169474
2143430672656358050,1761868641361943332,8573800373938698102,1,1,dgekt,0.6809389103229828
2143430672656358050,4824259625677886603,300471914551172981,1,1,dgekt,0.6971199568935743
2143430672656358050,8450591260754163598,8573800373938698102,1,1,dgekt,0.6593481343619
2143430672656358050,1553079256999111676,300471914551172981,1,1,dgekt,0.7051598252343682
2143430672656358050,3220231712819306119,8573800373938698102,1,1,dgekt,0.6663377307931307
2143430672656358050,338807275221326836,300471914551172981,1,1,dgekt,0.6931567516815462
2143430672656358050,8525319303741530302,8573800373938698102,1,1,dgekt,0.6671974406774354
2143430672656358050,6587421150596252277,300471914551172981,1,1,dgekt,0.7068330079823564
2143430672656358050,5891620578387310353,300471914551172981,1,1,dgekt,0.6899930681792181
2143430672656358050,5791250638486922978,300471914551172981,1,1,dgekt,0.7112895989413759
2143430672656358050,4031585874086886353,8573800373938698102,1,1,dgekt,0.6821286404001843
2143430672656358050,2083452711903133430,8573800373938698102,1,1,dgekt,0.7040694793071505
2143430672656358050,6319743179241711738,8573800373938698102,1,1,dgekt,0.684013329755303
2143430672656358050,8628686323660025649,300471914551172981,1,1,dgekt,0.7104280388949681
2143430672656358050,4378721629787482518,300471914551172981,1,1,dgekt,0.7164268184634326
2143430672656358050,4813462692425748605,300471914551172981,1,1,dgekt,0.6810963049341072
2143430672656358050,4644364625800006675,300471914551172981,1,1,dgekt,0.6995652580608251
2143430672656358050,1062464292871659639,8573800373938698102,1,1,dgekt,0.6847098351474088
2143430672656358050,5932668873100475470,300471914551172981,1,1,dgekt,0.7209898081447911
2143430672656358050,5237822943399727048,8573800373938698102,1,1,dgekt,0.6883182494130664
2160797765405831572,300471914551172981,300471914551172981,0,1,dgekt,0.6801150097005656
2160797765405831572,8573800373938698102,8573800373938698102,0,1,dgekt,0.6244597733501571
2160797765405831572,2014268979504181100,300471914551172981,0,1,dgekt,0.6651356576839594
2160797765405831572,2172169907340938753,300471914551172981,0,1,dgekt,0.6662837517059808
2160797765405831572,8150806168444344502,300471914551172981,0,1,dgekt,0.688888455093555
2160797765405831572,816286915455981984,8573800373938698102,0,1,dgekt,0.6770031508568203
2160797765405831572,1962751598315765836,300471914551172981,0,1,dgekt,0.6935680775467012
2160797765405831572,7444476343858270082,300471914551172981,0,1,dgekt,0.6975282883482606
2160797765405831572,2537821716777940730,300471914551172981,0,1,dgekt,0.6983440149560636
2160797765405831572,1061301253559417093,300471914551172981,0,1,dgekt,0.6794131064119566
2160797765405831572,8553379303363759508,300471914551172981,0,1,dgekt,0.6716390417027954
2160797765405831572,6440511557387709110,300471914551172981,0,1,dgekt,0.6964387123191638
2160797765405831572,7744513373483970787,8573800373938698102,0,1,dgekt,0.6299633181672509
2160797765405831572,2971078979906996375,300471914551172981,0,1,dgekt,0.6868115039427797
2160797765405831572,5841359775533910823,300471914551172981,0,1,dgekt,0.657770971889856
2160797765405831572,8621262567927479011,300471914551172981,0,1,dgekt,0.695483519589737
2160797765405831572,8434961942249729798,8573800373938698102,0,1,dgekt,0.6631039917837108
2160797765405831572,2322042198017538996,8573800373938698102,0,1,dgekt,0.6651897291590326
2160797765405831572,1742185772413642127,300471914551172981,1,1,dgekt,0.7014593490023786
2160797765405831572,2334639155148655290,8573800373938698102,0,1,dgekt,0.6714792308552008
2160797765405831572,7660717256841499384,300471914551172981,0,1,dgekt,0.7153118836252634
2160797765405831572,4113615466659810841,300471914551172981,0,1,dgekt,0.7005808025380067
2160797765405831572,6125574002232610732,300471914551172981,0,1,dgekt,0.666212053383708
2160797765405831572,2774368076249802464,8573800373938698102,0,1,dgekt,0.6589859279075847
2160797765405831572,8903365289186067945,8573800373938698102,0,1,dgekt,0.6618783517672052
2160797765405831572,6925932688889117475,300471914551172981,0,1,dgekt,0.7190397589541194
2160797765405831572,8194071366621068887,8573800373938698102,0,1,dgekt,0.6396802644939785
2160797765405831572,2986660907093963186,300471914551172981,0,1,dgekt,0.7244789070278044
2160797765405831572,7591109345808921544,300471914551172981,1,1,dgekt,0.7009188802207593
2160797765405831572,625545550176685521,8573800373938698102,0,1,dgekt,0.6732549828169474
2160797765405831572,1761868641361943332,8573800373938698102,0,1,dgekt,0.6809389103229828
2160797765405831572,4824259625677886603,300471914551172981,0,1,dgekt,0.6971199568935743
2160797765405831572,8450591260754163598,8573800373938698102,0,1,dgekt,0.6593481343619
2160797765405831572,1553079256999111676,300471914551172981,0,1,dgekt,0.7051598252343682
2160797765405831572,3220231712819306119,8573800373938698102,1,1,dgekt,0.6663377307931307
2160797765405831572,338807275221326836,300471914551172981,0,1,dgekt,0.6931567516815462
2160797765405831572,8525319303741530302,8573800373938698102,0,1,dgekt,0.6671974406774354
2160797765405831572,6587421150596252277,300471914551172981,0,1,dgekt,0.7068330079823564
2160797765405831572,5891620578387310353,300471914551172981,0,1,dgekt,0.6899930681792181
2160797765405831572,5791250638486922978,300471914551172981,0,1,dgekt,0.7112895989413759
2160797765405831572,4031585874086886353,8573800373938698102,0,1,dgekt,0.6821286404001843
2160797765405831572,2083452711903133430,8573800373938698102,1,1,dgekt,0.7040694793071505
2160797765405831572,6319743179241711738,8573800373938698102,0,1,dgekt,0.684013329755303
2160797765405831572,8628686323660025649,300471914551172981,0,1,dgekt,0.7104280388949681
2160797765405831572,4378721629787482518,300471914551172981,0,1,dgekt,0.7164268184634326
2160797765405831572,4813462692425748605,300471914551172981,0,1,dgekt,0.6810963049341072
2160797765405831572,4644364625800006675,300471914551172981,0,1,dgekt,0.6995652580608251
2160797765405831572,1062464292871659639,8573800373938698102,0,1,dgekt,0.6847098351474088
2160797765405831572,5932668873100475470,300471914551172981,0,1,dgekt,0.7209898081447911
2160797765405831572,5237822943399727048,8573800373938698102,0,1,dgekt,0.6883182494130664
2231500381287999366,300471914551172981,300471914551172981,0,1,dgekt,0.6801150097005656
2231500381287999366,8573800373938698102,8573800373938698102,1,1,dgekt,0.6244597733501571
2231500381287999366,2014268979504181100,300471914551172981,0,1,dgekt,0.6651356576839594
2231500381287999366,2172169907340938753,300471914551172981,0,1,dgekt,0.6662837517059808
2231500381287999366,8150806168444344502,300471914551172981,0,1,dgekt,0.688888455093555
2231500381287999366,816286915455981984,8573800373938698102,1,1,dgekt,0.6770031508568203
2231500381287999366,1962751598315765836,300471914551172981,1,1,dgekt,0.6935680775467012
2231500381287999366,7444476343858270082,300471914551172981,0,1,dgekt,0.6975282883482606
2231500381287999366,2537821716777940730,300471914551172981,1,1,dgekt,0.6983440149560636
2231500381287999366,1061301253559417093,300471914551172981,0,1,dgekt,0.6794131064119566
2231500381287999366,8553379303363759508,300471914551172981,0,1,dgekt,0.6716390417027954
2231500381287999366,6440511557387709110,300471914551172981,0,1,dgekt,0.6964387123191638
2231500381287999366,7744513373483970787,8573800373938698102,0,1,dgekt,0.6299633181672509
2231500381287999366,2971078979906996375,300471914551172981,1,1,dgekt,0.6868115039427797
2231500381287999366,5841359775533910823,300471914551172981,0,1,dgekt,0.657770971889856
2231500381287999366,8621262567927479011,300471914551172981,1,1,dgekt,0.695483519589737
2231500381287999366,8434961942249729798,8573800373938698102,1,1,dgekt,0.6631039917837108
2231500381287999366,2322042198017538996,8573800373938698102,1,1,dgekt,0.6651897291590326
2231500381287999366,1742185772413642127,300471914551172981,0,1,dgekt,0.7014593490023786
2231500381287999366,2334639155148655290,8573800373938698102,1,1,dgekt,0.6714792308552008
2231500381287999366,7660717256841499384,300471914551172981,0,1,dgekt,0.7153118836252634
2231500381287999366,4113615466659810841,300471914551172981,1,1,dgekt,0.7005808025380067
2231500381287999366,6125574002232610732,300471914551172981,0,1,dgekt,0.666212053383708
2231500381287999366,2774368076249802464,8573800373938698102,1,1,dgekt,0.6589859279075847
2231500381287999366,8903365289186067945,8573800373938698102,1,1,dgekt,0.6618783517672052
2231500381287999366,6925932688889117475,300471914551172981,1,1,dgekt,0.7190397589541194
2231500381287999366,8194071366621068887,8573800373938698102,1,1,dgekt,0.6396802644939785
2231500381287999366,2986660907093963186,300471914551172981,1,1,dgekt,0.7244789070278044
2231500381287999366,7591109345808921544,300471914551172981,0,1,dgekt,0.7009188802207593
2231500381287999366,625545550176685521,8573800373938698102,1,1,dgekt,0.6732549828169474
2231500381287999366,1761868641361943332,8573800373938698102,1,1,dgekt,0.6809389103229828
2231500381287999366,4824259625677886603,300471914551172981,0,1,dgekt,0.6971199568935743
2231500381287999366,8450591260754163598,8573800373938698102,1,1,dgekt,0.6593481343619
2231500381287999366,1553079256999111676,300471914551172981,0,1,dgekt,0.7051598252343682
2231500381287999366,3220231712819306119,8573800373938698102,1,1,dgekt,0.6663377307931307
2231500381287999366,338807275221326836,300471914551172981,1,1,dgekt,0.6931567516815462
2231500381287999366,8525319303741530302,8573800373938698102,1,1,dgekt,0.6671974406774354
2231500381287999366,6587421150596252277,300471914551172981,0,1,dgekt,0.7068330079823564
2231500381287999366,5891620578387310353,300471914551172981,0,1,dgekt,0.6899930681792181
2231500381287999366,5791250638486922978,300471914551172981,1,1,dgekt,0.7112895989413759
2231500381287999366,4031585874086886353,8573800373938698102,1,1,dgekt,0.6821286404001843
2231500381287999366,2083452711903133430,8573800373938698102,1,1,dgekt,0.7040694793071505
2231500381287999366,6319743179241711738,8573800373938698102,1,1,dgekt,0.684013329755303
2231500381287999366,8628686323660025649,300471914551172981,1,1,dgekt,0.7104280388949681
2231500381287999366,4378721629787482518,300471914551172981,0,1,dgekt,0.7164268184634326
2231500381287999366,4813462692425748605,300471914551172981,0,1,dgekt,0.6810963049341072
2231500381287999366,4644364625800006675,300471914551172981,0,1,dgekt,0.6995652580608251
2231500381287999366,1062464292871659639,8573800373938698102,1,1,dgekt,0.6847098351474088
2231500381287999366,5932668873100475470,300471914551172981,0,1,dgekt,0.7209898081447911
2231500381287999366,5237822943399727048,8573800373938698102,1,1,dgekt,0.6883182494130664
2235089003639397232,300471914551172981,300471914551172981,1,1,dgekt,0.6801150097005656
2235089003639397232,8573800373938698102,8573800373938698102,1,1,dgekt,0.6244597733501571
2235089003639397232,2014268979504181100,300471914551172981,1,1,dgekt,0.6651356576839594
2235089003639397232,2172169907340938753,300471914551172981,0,1,dgekt,0.6662837517059808
2235089003639397232,8150806168444344502,300471914551172981,0,1,dgekt,0.688888455093555
2235089003639397232,816286915455981984,8573800373938698102,1,1,dgekt,0.6770031508568203
2235089003639397232,1962751598315765836,300471914551172981,0,1,dgekt,0.6935680775467012
2235089003639397232,7444476343858270082,300471914551172981,1,1,dgekt,0.6975282883482606
2235089003639397232,2537821716777940730,300471914551172981,0,1,dgekt,0.6983440149560636
2235089003639397232,1061301253559417093,300471914551172981,0,1,dgekt,0.6794131064119566
2235089003639397232,8553379303363759508,300471914551172981,0,1,dgekt,0.6716390417027954
2235089003639397232,6440511557387709110,300471914551172981,0,1,dgekt,0.6964387123191638
2235089003639397232,7744513373483970787,8573800373938698102,0,1,dgekt,0.6299633181672509
2235089003639397232,2971078979906996375,300471914551172981,0,1,dgekt,0.6868115039427797
2235089003639397232,5841359775533910823,300471914551172981,1,1,dgekt,0.657770971889856
2235089003639397232,8621262567927479011,300471914551172981,0,1,dgekt,0.695483519589737
2235089003639397232,8434961942249729798,8573800373938698102,1,1,dgekt,0.6631039917837108
2235089003639397232,2322042198017538996,8573800373938698102,1,1,dgekt,0.6651897291590326
2235089003639397232,1742185772413642127,300471914551172981,1,1,dgekt,0.7014593490023786
2235089003639397232,2334639155148655290,8573800373938698102,1,1,dgekt,0.6714792308552008
2235089003639397232,7660717256841499384,300471914551172981,1,1,dgekt,0.7153118836252634
2235089003639397232,4113615466659810841,300471914551172981,1,1,dgekt,0.7005808025380067
2235089003639397232,6125574002232610732,300471914551172981,0,1,dgekt,0.666212053383708
2235089003639397232,2774368076249802464,8573800373938698102,1,1,dgekt,0.6589859279075847
2235089003639397232,8903365289186067945,8573800373938698102,0,1,dgekt,0.6618783517672052
2235089003639397232,6925932688889117475,300471914551172981,1,1,dgekt,0.7190397589541194
2235089003639397232,8194071366621068887,8573800373938698102,1,1,dgekt,0.6396802644939785
2235089003639397232,2986660907093963186,300471914551172981,1,1,dgekt,0.7244789070278044
2235089003639397232,7591109345808921544,300471914551172981,1,1,dgekt,0.7009188802207593
2235089003639397232,625545550176685521,8573800373938698102,1,1,dgekt,0.6732549828169474
2235089003639397232,1761868641361943332,8573800373938698102,1,1,dgekt,0.6809389103229828
2235089003639397232,4824259625677886603,300471914551172981,1,1,dgekt,0.6971199568935743
2235089003639397232,8450591260754163598,8573800373938698102,0,1,dgekt,0.6593481343619
2235089003639397232,1553079256999111676,300471914551172981,0,1,dgekt,0.7051598252343682
2235089003639397232,3220231712819306119,8573800373938698102,1,1,dgekt,0.6663377307931307
2235089003639397232,338807275221326836,300471914551172981,1,1,dgekt,0.6931567516815462
2235089003639397232,8525319303741530302,8573800373938698102,1,1,dgekt,0.6671974406774354
2235089003639397232,6587421150596252277,300471914551172981,1,1,dgekt,0.7068330079823564
2235089003639397232,5891620578387310353,300471914551172981,1,1,dgekt,0.6899930681792181
2235089003639397232,5791250638486922978,300471914551172981,1,1,dgekt,0.7112895989413759
2235089003639397232,4031585874086886353,8573800373938698102,1,1,dgekt,0.6821286404001843
2235089003639397232,2083452711903133430,8573800373938698102,1,1,dgekt,0.7040694793071505
2235089003639397232,6319743179241711738,8573800373938698102,1,1,dgekt,0.684013329755303
2235089003639397232,8628686323660025649,300471914551172981,1,1,dgekt,0.7104280388949681
2235089003639397232,4378721629787482518,300471914551172981,1,1,dgekt,0.7164268184634326
2235089003639397232,4813462692425748605,300471914551172981,1,1,dgekt,0.6810963049341072
2235089003639397232,4644364625800006675,300471914551172981,1,1,dgekt,0.6995652580608251
2235089003639397232,1062464292871659639,8573800373938698102,1,1,dgekt,0.6847098351474088
2235089003639397232,5932668873100475470,300471914551172981,1,1,dgekt,0.7209898081447911
2235089003639397232,5237822943399727048,8573800373938698102,1,1,dgekt,0.6883182494130664
2269114235205956810,300471914551172981,300471914551172981,1,1,dgekt,0.6801150097005656
2269114235205956810,8573800373938698102,8573800373938698102,0,1,dgekt,0.6244597733501571
2269114235205956810,2014268979504181100,300471914551172981,0,1,dgekt,0.6651356576839594
2269114235205956810,2172169907340938753,300471914551172981,0,1,dgekt,0.6662837517059808
2269114235205956810,8150806168444344502,300471914551172981,0,1,dgekt,0.688888455093555
2269114235205956810,816286915455981984,8573800373938698102,1,1,dgekt,0.6770031508568203
2269114235205956810,1962751598315765836,300471914551172981,0,1,dgekt,0.6935680775467012
2269114235205956810,7444476343858270082,300471914551172981,0,1,dgekt,0.6975282883482606
2269114235205956810,2537821716777940730,300471914551172981,0,1,dgekt,0.6983440149560636
2269114235205956810,1061301253559417093,300471914551172981,1,1,dgekt,0.6794131064119566
2269114235205956810,8553379303363759508,300471914551172981,0,1,dgekt,0.6716390417027954
2269114235205956810,6440511557387709110,300471914551172981,0,1,dgekt,0.6964387123191638
2269114235205956810,7744513373483970787,8573800373938698102,1,1,dgekt,0.6299633181672509
2269114235205956810,2971078979906996375,300471914551172981,0,1,dgekt,0.6868115039427797
2269114235205956810,5841359775533910823,300471914551172981,0,1,dgekt,0.657770971889856
2269114235205956810,8621262567927479011,300471914551172981,0,1,dgekt,0.695483519589737
2269114235205956810,8434961942249729798,8573800373938698102,1,1,dgekt,0.6631039917837108
2269114235205956810,2322042198017538996,8573800373938698102,1,1,dgekt,0.6651897291590326
2269114235205956810,1742185772413642127,300471914551172981,0,1,dgekt,0.7014593490023786
2269114235205956810,2334639155148655290,8573800373938698102,1,1,dgekt,0.6714792308552008
2269114235205956810,7660717256841499384,300471914551172981,0,1,dgekt,0.7153118836252634
2269114235205956810,4113615466659810841,300471914551172981,0,1,dgekt,0.7005808025380067
2269114235205956810,6125574002232610732,300471914551172981,0,1,dgekt,0.666212053383708
2269114235205956810,2774368076249802464,8573800373938698102,1,1,dgekt,0.6589859279075847
2269114235205956810,8903365289186067945,8573800373938698102,1,1,dgekt,0.6618783517672052
2269114235205956810,6925932688889117475,300471914551172981,1,1,dgekt,0.7190397589541194
2269114235205956810,8194071366621068887,8573800373938698102,1,1,dgekt,0.6396802644939785
2269114235205956810,2986660907093963186,300471914551172981,0,1,dgekt,0.7244789070278044
2269114235205956810,7591109345808921544,300471914551172981,0,1,dgekt,0.7009188802207593
2269114235205956810,625545550176685521,8573800373938698102,1,1,dgekt,0.6732549828169474
2269114235205956810,1761868641361943332,8573800373938698102,1,1,dgekt,0.6809389103229828
2269114235205956810,4824259625677886603,300471914551172981,0,1,dgekt,0.6971199568935743
2269114235205956810,8450591260754163598,8573800373938698102,1,1,dgekt,0.6593481343619
2269114235205956810,1553079256999111676,300471914551172981,0,1,dgekt,0.7051598252343682
2269114235205956810,3220231712819306119,8573800373938698102,0,1,dgekt,0.6663377307931307
2269114235205956810,338807275221326836,300471914551172981,0,1,dgekt,0.6931567516815462
2269114235205956810,8525319303741530302,8573800373938698102,1,1,dgekt,0.6671974406774354
2269114235205956810,6587421150596252277,300471914551172981,0,1,dgekt,0.7068330079823564
2269114235205956810,5891620578387310353,300471914551172981,0,1,dgekt,0.6899930681792181
2269114235205956810,5791250638486922978,300471914551172981,1,1,dgekt,0.7112895989413759
2269114235205956810,4031585874086886353,8573800373938698102,1,1,dgekt,0.6821286404001843
2269114235205956810,2083452711903133430,8573800373938698102,1,1,dgekt,0.7040694793071505
2269114235205956810,6319743179241711738,8573800373938698102,1,1,dgekt,0.684013329755303
2269114235205956810,8628686323660025649,300471914551172981,1,1,dgekt,0.7104280388949681
2269114235205956810,4378721629787482518,300471914551172981,0,1,dgekt,0.7164268184634326
2269114235205956810,4813462692425748605,300471914551172981,1,1,dgekt,0.6810963049341072
2269114235205956810,4644364625800006675,300471914551172981,0,1,dgekt,0.6995652580608251
2269114235205956810,1062464292871659639,8573800373938698102,0,1,dgekt,0.6847098351474088
2269114235205956810,5932668873100475470,300471914551172981,0,1,dgekt,0.7209898081447911
2269114235205956810,5237822943399727048,8573800373938698102,1,1,dgekt,0.6883182494130664
2290358221148407258,300471914551172981,300471914551172981,1,1,dgekt,0.6801150097005656
2290358221148407258,8573800373938698102,8573800373938698102,0,1,dgekt,0.6244597733501571
2290358221148407258,2014268979504181100,300471914551172981,1,1,dgekt,0.6651356576839594
2290358221148407258,2172169907340938753,300471914551172981,1,1,dgekt,0.6662837517059808
2290358221148407258,8150806168444344502,300471914551172981,1,1,dgekt,0.688888455093555
2290358221148407258,816286915455981984,8573800373938698102,1,1,dgekt,0.6770031508568203
2290358221148407258,1962751598315765836,300471914551172981,1,1,dgekt,0.6935680775467012
2290358221148407258,7444476343858270082,300471914551172981,1,1,dgekt,0.6975282883482606
2290358221148407258,2537821716777940730,300471914551172981,1,1,dgekt,0.6983440149560636
2290358221148407258,1061301253559417093,300471914551172981,1,1,dgekt,0.6794131064119566
2290358221148407258,8553379303363759508,300471914551172981,1,1,dgekt,0.6716390417027954
2290358221148407258,6440511557387709110,300471914551172981,1,1,dgekt,0.6964387123191638
2290358221148407258,7744513373483970787,8573800373938698102,0,1,dgekt,0.6299633181672509
2290358221148407258,2971078979906996375,300471914551172981,1,1,dgekt,0.6868115039427797
2290358221148407258,5841359775533910823,300471914551172981,1,1,dgekt,0.657770971889856
2290358221148407258,8621262567927479011,300471914551172981,1,1,dgekt,0.695483519589737
2290358221148407258,8434961942249729798,8573800373938698102,1,1,dgekt,0.6631039917837108
2290358221148407258,2322042198017538996,8573800373938698102,0,1,dgekt,0.6651897291590326
2290358221148407258,1742185772413642127,300471914551172981,1,1,dgekt,0.7014593490023786
2290358221148407258,2334639155148655290,8573800373938698102,0,1,dgekt,0.6714792308552008
2290358221148407258,7660717256841499384,300471914551172981,1,1,dgekt,0.7153118836252634
2290358221148407258,4113615466659810841,300471914551172981,1,1,dgekt,0.7005808025380067
2290358221148407258,6125574002232610732,300471914551172981,0,1,dgekt,0.666212053383708
2290358221148407258,2774368076249802464,8573800373938698102,0,1,dgekt,0.6589859279075847
2290358221148407258,8903365289186067945,8573800373938698102,0,1,dgekt,0.6618783517672052
2290358221148407258,6925932688889117475,300471914551172981,1,1,dgekt,0.7190397589541194
2290358221148407258,8194071366621068887,8573800373938698102,0,1,dgekt,0.6396802644939785
2290358221148407258,2986660907093963186,300471914551172981,1,1,dgekt,0.7244789070278044
2290358221148407258,7591109345808921544,300471914551172981,1,1,dgekt,0.7009188802207593
2290358221148407258,625545550176685521,8573800373938698102,1,1,dgekt,0.6732549828169474
2290358221148407258,1761868641361943332,8573800373938698102,1,1,dgekt,0.6809389103229828
2290358221148407258,4824259625677886603,300471914551172981,1,1,dgekt,0.6971199568935743
2290358221148407258,8450591260754163598,8573800373938698102,0,1,dgekt,0.6593481343619
2290358221148407258,1553079256999111676,300471914551172981,1,1,dgekt,0.7051598252343682
2290358221148407258,3220231712819306119,8573800373938698102,1,1,dgekt,0.6663377307931307
2290358221148407258,338807275221326836,300471914551172981,1,1,dgekt,0.6931567516815462
2290358221148407258,8525319303741530302,8573800373938698102,1,1,dgekt,0.6671974406774354
2290358221148407258,6587421150596252277,300471914551172981,1,1,dgekt,0.7068330079823564
2290358221148407258,5891620578387310353,300471914551172981,1,1,dgekt,0.6899930681792181
2290358221148407258,5791250638486922978,300471914551172981,1,1,dgekt,0.7112895989413759
2290358221148407258,4031585874086886353,8573800373938698102,0,1,dgekt,0.6821286404001843
2290358221148407258,2083452711903133430,8573800373938698102,1,1,dgekt,0.7040694793071505
2290358221148407258,6319743179241711738,8573800373938698102,0,1,dgekt,0.684013329755303
2290358221148407258,8628686323660025649,300471914551172981,1,1,dgekt,0.7104280388949681
2290358221148407258,4378721629787482518,300471914551172981,1,1,dgekt,0.7164268184634326
2290358221148407258,4813462692425748605,300471914551172981,1,1,dgekt,0.6810963049341072
2290358221148407258,4644364625800006675,300471914551172981,1,1,dgekt,0.6995652580608251
2290358221148407258,1062464292871659639,8573800373938698102,0,1,dgekt,0.6847098351474088
2290358221148407258,5932668873100475470,300471914551172981,1,1,dgekt,0.7209898081447911
2290358221148407258,5237822943399727048,8573800373938698102,0,1,dgekt,0.6883182494130664
2312793360970709803,300471914551172981,300471914551172981,1,1,dgekt,0.6801150097005656
2312793360970709803,8573800373938698102,8573800373938698102,0,1,dgekt,0.6244597733501571
2312793360970709803,2014268979504181100,300471914551172981,0,1,dgekt,0.6651356576839594
2312793360970709803,2172169907340938753,300471914551172981,1,1,dgekt,0.6662837517059808
2312793360970709803,8150806168444344502,300471914551172981,1,1,dgekt,0.688888455093555
2312793360970709803,816286915455981984,8573800373938698102,0,1,dgekt,0.6770031508568203
2312793360970709803,1962751598315765836,300471914551172981,0,1,dgekt,0.6935680775467012
2312793360970709803,7444476343858270082,300471914551172981,1,1,dgekt,0.6975282883482606
2312793360970709803,2537821716777940730,300471914551172981,1,1,dgekt,0.6983440149560636
2312793360970709803,1061301253559417093,300471914551172981,0,1,dgekt,0.6794131064119566
2312793360970709803,8553379303363759508,300471914551172981,0,1,dgekt,0.6716390417027954
2312793360970709803,6440511557387709110,300471914551172981,1,1,dgekt,0.6964387123191638
2312793360970709803,7744513373483970787,8573800373938698102,0,1,dgekt,0.6299633181672509
2312793360970709803,2971078979906996375,300471914551172981,1,1,dgekt,0.6868115039427797
2312793360970709803,5841359775533910823,300471914551172981,0,1,dgekt,0.657770971889856
2312793360970709803,8621262567927479011,300471914551172981,1,1,dgekt,0.695483519589737
2312793360970709803,8434961942249729798,8573800373938698102,0,1,dgekt,0.6631039917837108
2312793360970709803,2322042198017538996,8573800373938698102,0,1,dgekt,0.6651897291590326
2312793360970709803,1742185772413642127,300471914551172981,1,1,dgekt,0.7014593490023786
2312793360970709803,2334639155148655290,8573800373938698102,0,1,dgekt,0.6714792308552008
2312793360970709803,7660717256841499384,300471914551172981,1,1,dgekt,0.7153118836252634
2312793360970709803,4113615466659810841,300471914551172981,1,1,dgekt,0.7005808025380067
2312793360970709803,6125574002232610732,300471914551172981,0,1,dgekt,0.666212053383708
2312793360970709803,2774368076249802464,8573800373938698102,0,1,dgekt,0.6589859279075847
2312793360970709803,8903365289186067945,8573800373938698102,0,1,dgekt,0.6618783517672052
2312793360970709803,6925932688889117475,300471914551172981,1,1,dgekt,0.7190397589541194
2312793360970709803,8194071366621068887,8573800373938698102,0,1,dgekt,0.6396802644939785
2312793360970709803,2986660907093963186,300471914551172981,1,1,dgekt,0.7244789070278044
2312793360970709803,7591109345808921544,300471914551172981,1,1,dgekt,0.7009188802207593
2312793360970709803,625545550176685521,8573800373938698102,1,1,dgekt,0.6732549828169474
2312793360970709803,1761868641361943332,8573800373938698102,0,1,dgekt,0.6809389103229828
2312793360970709803,4824259625677886603,300471914551172981,0,1,dgekt,0.6971199568935743
2312793360970709803,8450591260754163598,8573800373938698102,0,1,dgekt,0.6593481343619
2312793360970709803,1553079256999111676,300471914551172981,1,1,dgekt,0.7051598252343682
2312793360970709803,3220231712819306119,8573800373938698102,0,1,dgekt,0.6663377307931307
2312793360970709803,338807275221326836,300471914551172981,1,1,dgekt,0.6931567516815462
2312793360970709803,8525319303741530302,8573800373938698102,0,1,dgekt,0.6671974406774354
2312793360970709803,6587421150596252277,300471914551172981,1,1,dgekt,0.7068330079823564
2312793360970709803,5891620578387310353,300471914551172981,1,1,dgekt,0.6899930681792181
2312793360970709803,5791250638486922978,300471914551172981,1,1,dgekt,0.7112895989413759
2312793360970709803,4031585874086886353,8573800373938698102,0,1,dgekt,0.6821286404001843
2312793360970709803,2083452711903133430,8573800373938698102,0,1,dgekt,0.7040694793071505
2312793360970709803,6319743179241711738,8573800373938698102,0,1,dgekt,0.684013329755303
2312793360970709803,8628686323660025649,300471914551172981,1,1,dgekt,0.7104280388949681
2312793360970709803,4378721629787482518,300471914551172981,1,1,dgekt,0.7164268184634326
2312793360970709803,4813462692425748605,300471914551172981,0,1,dgekt,0.6810963049341072
2312793360970709803,4644364625800006675,300471914551172981,0,1,dgekt,0.6995652580608251
2312793360970709803,1062464292871659639,8573800373938698102,0,1,dgekt,0.6847098351474088
2312793360970709803,5932668873100475470,300471914551172981,1,1,dgekt,0.7209898081447911
2312793360970709803,5237822943399727048,8573800373938698102,1,1,dgekt,0.6883182494130664
2315071760320444279,300471914551172981,300471914551172981,1,1,dgekt,0.6801150097005656
2315071760320444279,8573800373938698102,8573800373938698102,1,1,dgekt,0.6244597733501571
2315071760320444279,2014268979504181100,300471914551172981,1,1,dgekt,0.6651356576839594
2315071760320444279,2172169907340938753,300471914551172981,1,1,dgekt,0.6662837517059808
2315071760320444279,8150806168444344502,300471914551172981,1,1,dgekt,0.688888455093555
2315071760320444279,816286915455981984,8573800373938698102,1,1,dgekt,0.6770031508568203
2315071760320444279,1962751598315765836,300471914551172981,1,1,dgekt,0.6935680775467012
2315071760320444279,7444476343858270082,300471914551172981,1,1,dgekt,0.6975282883482606
2315071760320444279,2537821716777940730,300471914551172981,1,1,dgekt,0.6983440149560636
2315071760320444279,1061301253559417093,300471914551172981,1,1,dgekt,0.6794131064119566
2315071760320444279,8553379303363759508,300471914551172981,1,1,dgekt,0.6716390417027954
2315071760320444279,6440511557387709110,300471914551172981,1,1,dgekt,0.6964387123191638
2315071760320444279,7744513373483970787,8573800373938698102,0,1,dgekt,0.6299633181672509
2315071760320444279,2971078979906996375,300471914551172981,1,1,dgekt,0.6868115039427797
2315071760320444279,5841359775533910823,300471914551172981,1,1,dgekt,0.657770971889856
2315071760320444279,8621262567927479011,300471914551172981,1,1,dgekt,0.695483519589737
2315071760320444279,8434961942249729798,8573800373938698102,1,1,dgekt,0.6631039917837108
2315071760320444279,2322042198017538996,8573800373938698102,1,1,dgekt,0.6651897291590326
2315071760320444279,1742185772413642127,300471914551172981,1,1,dgekt,0.7014593490023786
2315071760320444279,2334639155148655290,8573800373938698102,1,1,dgekt,0.6714792308552008
2315071760320444279,7660717256841499384,300471914551172981,1,1,dgekt,0.7153118836252634
2315071760320444279,4113615466659810841,300471914551172981,1,1,dgekt,0.7005808025380067
2315071760320444279,6125574002232610732,300471914551172981,1,1,dgekt,0.666212053383708
2315071760320444279,2774368076249802464,8573800373938698102,1,1,dgekt,0.6589859279075847
2315071760320444279,8903365289186067945,8573800373938698102,1,1,dgekt,0.6618783517672052
2315071760320444279,6925932688889117475,300471914551172981,1,1,dgekt,0.7190397589541194
2315071760320444279,8194071366621068887,8573800373938698102,1,1,dgekt,0.6396802644939785
2315071760320444279,2986660907093963186,300471914551172981,1,1,dgekt,0.7244789070278044
2315071760320444279,7591109345808921544,300471914551172981,1,1,dgekt,0.7009188802207593
2315071760320444279,625545550176685521,8573800373938698102,1,1,dgekt,0.6732549828169474
2315071760320444279,1761868641361943332,8573800373938698102,1,1,dgekt,0.6809389103229828
2315071760320444279,4824259625677886603,300471914551172981,1,1,dgekt,0.6971199568935743
2315071760320444279,8450591260754163598,8573800373938698102,1,1,dgekt,0.6593481343619
2315071760320444279,1553079256999111676,300471914551172981,1,1,dgekt,0.7051598252343682
2315071760320444279,3220231712819306119,8573800373938698102,0,1,dgekt,0.6663377307931307
2315071760320444279,338807275221326836,300471914551172981,1,1,dgekt,0.6931567516815462
2315071760320444279,8525319303741530302,8573800373938698102,1,1,dgekt,0.6671974406774354
2315071760320444279,6587421150596252277,300471914551172981,1,1,dgekt,0.7068330079823564
2315071760320444279,5891620578387310353,300471914551172981,1,1,dgekt,0.6899930681792181
2315071760320444279,5791250638486922978,300471914551172981,1,1,dgekt,0.7112895989413759
2315071760320444279,4031585874086886353,8573800373938698102,1,1,dgekt,0.6821286404001843
2315071760320444279,2083452711903133430,8573800373938698102,1,1,dgekt,0.7040694793071505
2315071760320444279,6319743179241711738,8573800373938698102,1,1,dgekt,0.684013329755303
2315071760320444279,8628686323660025649,300471914551172981,1,1,dgekt,0.7104280388949681
2315071760320444279,4378721629787482518,300471914551172981,1,1,dgekt,0.7164268184634326
2315071760320444279,4813462692425748605,300471914551172981,1,1,dgekt,0.6810963049341072
2315071760320444279,4644364625800006675,300471914551172981,1,1,dgekt,0.6995652580608251
2315071760320444279,1062464292871659639,8573800373938698102,1,1,dgekt,0.6847098351474088
2315071760320444279,5932668873100475470,300471914551172981,1,1,dgekt,0.7209898081447911
2315071760320444279,5237822943399727048,8573800373938698102,1,1,dgekt,0.6883182494130664
2333712986867476897,300471914551172981,300471914551172981,1,1,dgekt,0.6801150097005656
2333712986867476897,8573800373938698102,8573800373938698102,0,1,dgekt,0.6244597733501571
2333712986867476897,2014268979504181100,300471914551172981,1,1,dgekt,0.6651356576839594
2333712986867476897,2172169907340938753,300471914551172981,0,1,dgekt,0.6662837517059808
2333712986867476897,8150806168444344502,300471914551172981,1,1,dgekt,0.688888455093555
2333712986867476897,816286915455981984,8573800373938698102,0,1,dgekt,0.6770031508568203
2333712986867476897,1962751598315765836,300471914551172981,1,1,dgekt,0.6935680775467012
2333712986867476897,7444476343858270082,300471914551172981,1,1,dgekt,0.6975282883482606
2333712986867476897,2537821716777940730,300471914551172981,1,1,dgekt,0.6983440149560636
2333712986867476897,1061301253559417093,300471914551172981,1,1,dgekt,0.6794131064119566
2333712986867476897,8553379303363759508,300471914551172981,1,1,dgekt,0.6716390417027954
2333712986867476897,6440511557387709110,300471914551172981,1,1,dgekt,0.6964387123191638
2333712986867476897,7744513373483970787,8573800373938698102,1,1,dgekt,0.6299633181672509
2333712986867476897,2971078979906996375,300471914551172981,1,1,dgekt,0.6868115039427797
2333712986867476897,5841359775533910823,300471914551172981,1,1,dgekt,0.657770971889856
2333712986867476897,8621262567927479011,300471914551172981,1,1,dgekt,0.695483519589737
2333712986867476897,8434961942249729798,8573800373938698102,1,1,dgekt,0.6631039917837108
2333712986867476897,2322042198017538996,8573800373938698102,0,1,dgekt,0.6651897291590326
2333712986867476897,1742185772413642127,300471914551172981,1,1,dgekt,0.7014593490023786
2333712986867476897,2334639155148655290,8573800373938698102,1,1,dgekt,0.6714792308552008
2333712986867476897,7660717256841499384,300471914551172981,1,1,dgekt,0.7153118836252634
2333712986867476897,4113615466659810841,300471914551172981,1,1,dgekt,0.7005808025380067
2333712986867476897,6125574002232610732,300471914551172981,0,1,dgekt,0.666212053383708
2333712986867476897,2774368076249802464,8573800373938698102,0,1,dgekt,0.6589859279075847
2333712986867476897,8903365289186067945,8573800373938698102,1,1,dgekt,0.6618783517672052
2333712986867476897,6925932688889117475,300471914551172981,1,1,dgekt,0.7190397589541194
2333712986867476897,8194071366621068887,8573800373938698102,1,1,dgekt,0.6396802644939785
2333712986867476897,2986660907093963186,300471914551172981,1,1,dgekt,0.7244789070278044
2333712986867476897,7591109345808921544,300471914551172981,1,1,dgekt,0.7009188802207593
2333712986867476897,625545550176685521,8573800373938698102,1,1,dgekt,0.6732549828169474
2333712986867476897,1761868641361943332,8573800373938698102,1,1,dgekt,0.6809389103229828
2333712986867476897,4824259625677886603,300471914551172981,1,1,dgekt,0.6971199568935743
2333712986867476897,8450591260754163598,8573800373938698102,1,1,dgekt,0.6593481343619
2333712986867476897,1553079256999111676,300471914551172981,1,1,dgekt,0.7051598252343682
2333712986867476897,3220231712819306119,8573800373938698102,1,1,dgekt,0.6663377307931307
2333712986867476897,338807275221326836,300471914551172981,1,1,dgekt,0.6931567516815462
2333712986867476897,8525319303741530302,8573800373938698102,1,1,dgekt,0.6671974406774354
2333712986867476897,6587421150596252277,300471914551172981,1,1,dgekt,0.7068330079823564
2333712986867476897,5891620578387310353,300471914551172981,1,1,dgekt,0.6899930681792181
2333712986867476897,5791250638486922978,300471914551172981,1,1,dgekt,0.7112895989413759
2333712986867476897,4031585874086886353,8573800373938698102,1,1,dgekt,0.6821286404001843
2333712986867476897,2083452711903133430,8573800373938698102,1,1,dgekt,0.7040694793071505
2333712986867476897,6319743179241711738,8573800373938698102,1,1,dgekt,0.684013329755303
2333712986867476897,8628686323660025649,300471914551172981,1,1,dgekt,0.7104280388949681
2333712986867476897,4378721629787482518,300471914551172981,1,1,dgekt,0.7164268184634326
2333712986867476897,4813462692425748605,300471914551172981,1,1,dgekt,0.6810963049341072
2333712986867476897,4644364625800006675,300471914551172981,1,1,dgekt,0.6995652580608251
2333712986867476897,1062464292871659639,8573800373938698102,1,1,dgekt,0.6847098351474088
2333712986867476897,5932668873100475470,300471914551172981,1,1,dgekt,0.7209898081447911
2333712986867476897,5237822943399727048,8573800373938698102,0,1,dgekt,0.6883182494130664
2345271181557191207,300471914551172981,300471914551172981,1,1,dgekt,0.6801150097005656
2345271181557191207,8573800373938698102,8573800373938698102,0,1,dgekt,0.6244597733501571
2345271181557191207,2014268979504181100,300471914551172981,1,1,dgekt,0.6651356576839594
2345271181557191207,2172169907340938753,300471914551172981,0,1,dgekt,0.6662837517059808
2345271181557191207,8150806168444344502,300471914551172981,1,1,dgekt,0.688888455093555
2345271181557191207,816286915455981984,8573800373938698102,1,1,dgekt,0.6770031508568203
2345271181557191207,1962751598315765836,300471914551172981,1,1,dgekt,0.6935680775467012
2345271181557191207,7444476343858270082,300471914551172981,1,1,dgekt,0.6975282883482606
2345271181557191207,2537821716777940730,300471914551172981,1,1,dgekt,0.6983440149560636
2345271181557191207,1061301253559417093,300471914551172981,1,1,dgekt,0.6794131064119566
2345271181557191207,8553379303363759508,300471914551172981,1,1,dgekt,0.6716390417027954
2345271181557191207,6440511557387709110,300471914551172981,1,1,dgekt,0.6964387123191638
2345271181557191207,7744513373483970787,8573800373938698102,0,1,dgekt,0.6299633181672509
2345271181557191207,2971078979906996375,300471914551172981,1,1,dgekt,0.6868115039427797
2345271181557191207,5841359775533910823,300471914551172981,1,1,dgekt,0.657770971889856
2345271181557191207,8621262567927479011,300471914551172981,1,1,dgekt,0.695483519589737
2345271181557191207,8434961942249729798,8573800373938698102,1,1,dgekt,0.6631039917837108
2345271181557191207,2322042198017538996,8573800373938698102,0,1,dgekt,0.6651897291590326
2345271181557191207,1742185772413642127,300471914551172981,1,1,dgekt,0.7014593490023786
2345271181557191207,2334639155148655290,8573800373938698102,1,1,dgekt,0.6714792308552008
2345271181557191207,7660717256841499384,300471914551172981,1,1,dgekt,0.7153118836252634
2345271181557191207,4113615466659810841,300471914551172981,1,1,dgekt,0.7005808025380067
2345271181557191207,6125574002232610732,300471914551172981,1,1,dgekt,0.666212053383708
2345271181557191207,2774368076249802464,8573800373938698102,1,1,dgekt,0.6589859279075847
2345271181557191207,8903365289186067945,8573800373938698102,0,1,dgekt,0.6618783517672052
2345271181557191207,6925932688889117475,300471914551172981,1,1,dgekt,0.7190397589541194
2345271181557191207,8194071366621068887,8573800373938698102,0,1,dgekt,0.6396802644939785
2345271181557191207,2986660907093963186,300471914551172981,1,1,dgekt,0.7244789070278044
2345271181557191207,7591109345808921544,300471914551172981,1,1,dgekt,0.7009188802207593
2345271181557191207,625545550176685521,8573800373938698102,1,1,dgekt,0.6732549828169474
2345271181557191207,1761868641361943332,8573800373938698102,1,1,dgekt,0.6809389103229828
2345271181557191207,4824259625677886603,300471914551172981,1,1,dgekt,0.6971199568935743
2345271181557191207,8450591260754163598,8573800373938698102,1,1,dgekt,0.6593481343619
2345271181557191207,1553079256999111676,300471914551172981,1,1,dgekt,0.7051598252343682
2345271181557191207,3220231712819306119,8573800373938698102,0,1,dgekt,0.6663377307931307
2345271181557191207,338807275221326836,300471914551172981,1,1,dgekt,0.6931567516815462
2345271181557191207,8525319303741530302,8573800373938698102,0,1,dgekt,0.6671974406774354
2345271181557191207,6587421150596252277,300471914551172981,1,1,dgekt,0.7068330079823564
2345271181557191207,5891620578387310353,300471914551172981,1,1,dgekt,0.6899930681792181
2345271181557191207,5791250638486922978,300471914551172981,1,1,dgekt,0.7112895989413759
2345271181557191207,4031585874086886353,8573800373938698102,1,1,dgekt,0.6821286404001843
2345271181557191207,2083452711903133430,8573800373938698102,1,1,dgekt,0.7040694793071505
2345271181557191207,6319743179241711738,8573800373938698102,0,1,dgekt,0.684013329755303
2345271181557191207,8628686323660025649,300471914551172981,1,1,dgekt,0.7104280388949681
2345271181557191207,4378721629787482518,300471914551172981,1,1,dgekt,0.7164268184634326
2345271181557191207,4813462692425748605,300471914551172981,1,1,dgekt,0.6810963049341072
2345271181557191207,4644364625800006675,300471914551172981,1,1,dgekt,0.6995652580608251
2345271181557191207,1062464292871659639,8573800373938698102,1,1,dgekt,0.6847098351474088
2345271181557191207,5932668873100475470,300471914551172981,1,1,dgekt,0.7209898081447911
2345271181557191207,5237822943399727048,8573800373938698102,1,1,dgekt,0.6883182494130664
2378784820448656684,300471914551172981,300471914551172981,1,1,dgekt,0.6801150097005656
2378784820448656684,8573800373938698102,8573800373938698102,1,1,dgekt,0.6244597733501571
2378784820448656684,2014268979504181100,300471914551172981,1,1,dgekt,0.6651356576839594
2378784820448656684,2172169907340938753,300471914551172981,1,1,dgekt,0.6662837517059808
2378784820448656684,8150806168444344502,300471914551172981,1,1,dgekt,0.688888455093555
2378784820448656684,816286915455981984,8573800373938698102,1,1,dgekt,0.6770031508568203
2378784820448656684,1962751598315765836,300471914551172981,1,1,dgekt,0.6935680775467012
2378784820448656684,7444476343858270082,300471914551172981,1,1,dgekt,0.6975282883482606
2378784820448656684,2537821716777940730,300471914551172981,1,1,dgekt,0.6983440149560636
2378784820448656684,1061301253559417093,300471914551172981,1,1,dgekt,0.6794131064119566
2378784820448656684,8553379303363759508,300471914551172981,1,1,dgekt,0.6716390417027954
2378784820448656684,6440511557387709110,300471914551172981,1,1,dgekt,0.6964387123191638
2378784820448656684,7744513373483970787,8573800373938698102,1,1,dgekt,0.6299633181672509
2378784820448656684,2971078979906996375,300471914551172981,1,1,dgekt,0.6868115039427797
2378784820448656684,5841359775533910823,300471914551172981,1,1,dgekt,0.657770971889856
2378784820448656684,8621262567927479011,300471914551172981,1,1,dgekt,0.695483519589737
2378784820448656684,8434961942249729798,8573800373938698102,1,1,dgekt,0.6631039917837108
2378784820448656684,2322042198017538996,8573800373938698102,1,1,dgekt,0.6651897291590326
2378784820448656684,1742185772413642127,300471914551172981,1,1,dgekt,0.7014593490023786
2378784820448656684,2334639155148655290,8573800373938698102,1,1,dgekt,0.6714792308552008
2378784820448656684,7660717256841499384,300471914551172981,1,1,dgekt,0.7153118836252634
2378784820448656684,4113615466659810841,300471914551172981,1,1,dgekt,0.7005808025380067
2378784820448656684,6125574002232610732,300471914551172981,1,1,dgekt,0.666212053383708
2378784820448656684,2774368076249802464,8573800373938698102,1,1,dgekt,0.6589859279075847
2378784820448656684,8903365289186067945,8573800373938698102,1,1,dgekt,0.6618783517672052
2378784820448656684,6925932688889117475,300471914551172981,1,1,dgekt,0.7190397589541194
2378784820448656684,8194071366621068887,8573800373938698102,1,1,dgekt,0.6396802644939785
2378784820448656684,2986660907093963186,300471914551172981,1,1,dgekt,0.7244789070278044
2378784820448656684,7591109345808921544,300471914551172981,1,1,dgekt,0.7009188802207593
2378784820448656684,625545550176685521,8573800373938698102,1,1,dgekt,0.6732549828169474
2378784820448656684,1761868641361943332,8573800373938698102,1,1,dgekt,0.6809389103229828
2378784820448656684,4824259625677886603,300471914551172981,1,1,dgekt,0.6971199568935743
2378784820448656684,8450591260754163598,8573800373938698102,1,1,dgekt,0.6593481343619
2378784820448656684,1553079256999111676,300471914551172981,1,1,dgekt,0.7051598252343682
2378784820448656684,3220231712819306119,8573800373938698102,1,1,dgekt,0.6663377307931307
2378784820448656684,338807275221326836,300471914551172981,1,1,dgekt,0.6931567516815462
2378784820448656684,8525319303741530302,8573800373938698102,1,1,dgekt,0.6671974406774354
2378784820448656684,6587421150596252277,300471914551172981,1,1,dgekt,0.7068330079823564
2378784820448656684,5891620578387310353,300471914551172981,1,1,dgekt,0.6899930681792181
2378784820448656684,5791250638486922978,300471914551172981,1,1,dgekt,0.7112895989413759
2378784820448656684,4031585874086886353,8573800373938698102,1,1,dgekt,0.6821286404001843
2378784820448656684,2083452711903133430,8573800373938698102,1,1,dgekt,0.7040694793071505
2378784820448656684,6319743179241711738,8573800373938698102,1,1,dgekt,0.684013329755303
2378784820448656684,8628686323660025649,300471914551172981,1,1,dgekt,0.7104280388949681
2378784820448656684,4378721629787482518,300471914551172981,1,1,dgekt,0.7164268184634326
2378784820448656684,4813462692425748605,300471914551172981,1,1,dgekt,0.6810963049341072
2378784820448656684,4644364625800006675,300471914551172981,1,1,dgekt,0.6995652580608251
2378784820448656684,1062464292871659639,8573800373938698102,1,1,dgekt,0.6847098351474088
2378784820448656684,5932668873100475470,300471914551172981,1,1,dgekt,0.7209898081447911
2378784820448656684,5237822943399727048,8573800373938698102,1,1,dgekt,0.6883182494130664
2395692954183291712,300471914551172981,300471914551172981,0,1,dgekt,0.6801150097005656
2395692954183291712,8573800373938698102,8573800373938698102,0,1,dgekt,0.6244597733501571
2395692954183291712,2014268979504181100,300471914551172981,0,1,dgekt,0.6651356576839594
2395692954183291712,2172169907340938753,300471914551172981,0,1,dgekt,0.6662837517059808
2395692954183291712,8150806168444344502,300471914551172981,1,1,dgekt,0.688888455093555
2395692954183291712,816286915455981984,8573800373938698102,1,1,dgekt,0.6770031508568203
2395692954183291712,1962751598315765836,300471914551172981,1,1,dgekt,0.6935680775467012
2395692954183291712,7444476343858270082,300471914551172981,0,1,dgekt,0.6975282883482606
2395692954183291712,2537821716777940730,300471914551172981,0,1,dgekt,0.6983440149560636
2395692954183291712,1061301253559417093,300471914551172981,0,1,dgekt,0.6794131064119566
2395692954183291712,8553379303363759508,300471914551172981,0,1,dgekt,0.6716390417027954
2395692954183291712,6440511557387709110,300471914551172981,0,1,dgekt,0.6964387123191638
2395692954183291712,7744513373483970787,8573800373938698102,1,1,dgekt,0.6299633181672509
2395692954183291712,2971078979906996375,300471914551172981,1,1,dgekt,0.6868115039427797
2395692954183291712,5841359775533910823,300471914551172981,0,1,dgekt,0.657770971889856
2395692954183291712,8621262567927479011,300471914551172981,1,1,dgekt,0.695483519589737
2395692954183291712,8434961942249729798,8573800373938698102,1,1,dgekt,0.6631039917837108
2395692954183291712,2322042198017538996,8573800373938698102,1,1,dgekt,0.6651897291590326
2395692954183291712,1742185772413642127,300471914551172981,0,1,dgekt,0.7014593490023786
2395692954183291712,2334639155148655290,8573800373938698102,1,1,dgekt,0.6714792308552008
2395692954183291712,7660717256841499384,300471914551172981,1,1,dgekt,0.7153118836252634
2395692954183291712,4113615466659810841,300471914551172981,0,1,dgekt,0.7005808025380067
2395692954183291712,6125574002232610732,300471914551172981,0,1,dgekt,0.666212053383708
2395692954183291712,2774368076249802464,8573800373938698102,1,1,dgekt,0.6589859279075847
2395692954183291712,8903365289186067945,8573800373938698102,1,1,dgekt,0.6618783517672052
2395692954183291712,6925932688889117475,300471914551172981,0,1,dgekt,0.7190397589541194
2395692954183291712,8194071366621068887,8573800373938698102,1,1,dgekt,0.6396802644939785
2395692954183291712,2986660907093963186,300471914551172981,1,1,dgekt,0.7244789070278044
2395692954183291712,7591109345808921544,300471914551172981,0,1,dgekt,0.7009188802207593
2395692954183291712,625545550176685521,8573800373938698102,1,1,dgekt,0.6732549828169474
2395692954183291712,1761868641361943332,8573800373938698102,1,1,dgekt,0.6809389103229828
2395692954183291712,4824259625677886603,300471914551172981,0,1,dgekt,0.6971199568935743
2395692954183291712,8450591260754163598,8573800373938698102,1,1,dgekt,0.6593481343619
2395692954183291712,1553079256999111676,300471914551172981,0,1,dgekt,0.7051598252343682
2395692954183291712,3220231712819306119,8573800373938698102,1,1,dgekt,0.6663377307931307
2395692954183291712,338807275221326836,300471914551172981,1,1,dgekt,0.6931567516815462
2395692954183291712,8525319303741530302,8573800373938698102,1,1,dgekt,0.6671974406774354
2395692954183291712,6587421150596252277,300471914551172981,0,1,dgekt,0.7068330079823564
2395692954183291712,5891620578387310353,300471914551172981,0,1,dgekt,0.6899930681792181
2395692954183291712,5791250638486922978,300471914551172981,0,1,dgekt,0.7112895989413759
2395692954183291712,4031585874086886353,8573800373938698102,1,1,dgekt,0.6821286404001843
2395692954183291712,2083452711903133430,8573800373938698102,1,1,dgekt,0.7040694793071505
2395692954183291712,6319743179241711738,8573800373938698102,1,1,dgekt,0.684013329755303
2395692954183291712,8628686323660025649,300471914551172981,0,1,dgekt,0.7104280388949681
2395692954183291712,4378721629787482518,300471914551172981,0,1,dgekt,0.7164268184634326
2395692954183291712,4813462692425748605,300471914551172981,1,1,dgekt,0.6810963049341072
2395692954183291712,4644364625800006675,300471914551172981,0,1,dgekt,0.6995652580608251
2395692954183291712,1062464292871659639,8573800373938698102,1,1,dgekt,0.6847098351474088
2395692954183291712,5932668873100475470,300471914551172981,1,1,dgekt,0.7209898081447911
2395692954183291712,5237822943399727048,8573800373938698102,1,1,dgekt,0.6883182494130664
2402076814771229691,300471914551172981,300471914551172981,1,1,dgekt,0.6801150097005656
2402076814771229691,8573800373938698102,8573800373938698102,1,1,dgekt,0.6244597733501571
2402076814771229691,2014268979504181100,300471914551172981,1,1,dgekt,0.6651356576839594
2402076814771229691,2172169907340938753,300471914551172981,1,1,dgekt,0.6662837517059808
2402076814771229691,8150806168444344502,300471914551172981,1,1,dgekt,0.688888455093555
2402076814771229691,816286915455981984,8573800373938698102,1,1,dgekt,0.6770031508568203
2402076814771229691,1962751598315765836,300471914551172981,1,1,dgekt,0.6935680775467012
2402076814771229691,7444476343858270082,300471914551172981,1,1,dgekt,0.6975282883482606
2402076814771229691,2537821716777940730,300471914551172981,1,1,dgekt,0.6983440149560636
2402076814771229691,1061301253559417093,300471914551172981,1,1,dgekt,0.6794131064119566
2402076814771229691,8553379303363759508,300471914551172981,1,1,dgekt,0.6716390417027954
2402076814771229691,6440511557387709110,300471914551172981,1,1,dgekt,0.6964387123191638
2402076814771229691,7744513373483970787,8573800373938698102,1,1,dgekt,0.6299633181672509
2402076814771229691,2971078979906996375,300471914551172981,1,1,dgekt,0.6868115039427797
2402076814771229691,5841359775533910823,300471914551172981,1,1,dgekt,0.657770971889856
2402076814771229691,8621262567927479011,300471914551172981,1,1,dgekt,0.695483519589737
2402076814771229691,8434961942249729798,8573800373938698102,1,1,dgekt,0.6631039917837108
2402076814771229691,2322042198017538996,8573800373938698102,1,1,dgekt,0.6651897291590326
2402076814771229691,1742185772413642127,300471914551172981,1,1,dgekt,0.7014593490023786
2402076814771229691,2334639155148655290,8573800373938698102,1,1,dgekt,0.6714792308552008
2402076814771229691,7660717256841499384,300471914551172981,1,1,dgekt,0.7153118836252634
2402076814771229691,4113615466659810841,300471914551172981,1,1,dgekt,0.7005808025380067
2402076814771229691,6125574002232610732,300471914551172981,1,1,dgekt,0.666212053383708
2402076814771229691,2774368076249802464,8573800373938698102,1,1,dgekt,0.6589859279075847
2402076814771229691,8903365289186067945,8573800373938698102,1,1,dgekt,0.6618783517672052
2402076814771229691,6925932688889117475,300471914551172981,1,1,dgekt,0.7190397589541194
2402076814771229691,8194071366621068887,8573800373938698102,1,1,dgekt,0.6396802644939785
2402076814771229691,2986660907093963186,300471914551172981,1,1,dgekt,0.7244789070278044
2402076814771229691,7591109345808921544,300471914551172981,1,1,dgekt,0.7009188802207593
2402076814771229691,625545550176685521,8573800373938698102,1,1,dgekt,0.6732549828169474
2402076814771229691,1761868641361943332,8573800373938698102,1,1,dgekt,0.6809389103229828
2402076814771229691,4824259625677886603,300471914551172981,1,1,dgekt,0.6971199568935743
2402076814771229691,8450591260754163598,8573800373938698102,1,1,dgekt,0.6593481343619
2402076814771229691,1553079256999111676,300471914551172981,1,1,dgekt,0.7051598252343682
2402076814771229691,3220231712819306119,8573800373938698102,1,1,dgekt,0.6663377307931307
2402076814771229691,338807275221326836,300471914551172981,1,1,dgekt,0.6931567516815462
2402076814771229691,8525319303741530302,8573800373938698102,1,1,dgekt,0.6671974406774354
2402076814771229691,6587421150596252277,300471914551172981,1,1,dgekt,0.7068330079823564
2402076814771229691,5891620578387310353,300471914551172981,1,1,dgekt,0.6899930681792181
2402076814771229691,5791250638486922978,300471914551172981,1,1,dgekt,0.7112895989413759
2402076814771229691,4031585874086886353,8573800373938698102,1,1,dgekt,0.6821286404001843
2402076814771229691,2083452711903133430,8573800373938698102,1,1,dgekt,0.7040694793071505
2402076814771229691,6319743179241711738,8573800373938698102,1,1,dgekt,0.684013329755303
2402076814771229691,8628686323660025649,300471914551172981,1,1,dgekt,0.7104280388949681
2402076814771229691,4378721629787482518,300471914551172981,1,1,dgekt,0.7164268184634326
2402076814771229691,4813462692425748605,300471914551172981,1,1,dgekt,0.6810963049341072
2402076814771229691,4644364625800006675,300471914551172981,1,1,dgekt,0.6995652580608251
2402076814771229691,1062464292871659639,8573800373938698102,1,1,dgekt,0.6847098351474088
2402076814771229691,5932668873100475470,300471914551172981,1,1,dgekt,0.7209898081447911
2402076814771229691,5237822943399727048,8573800373938698102,1,1,dgekt,0.6883182494130664
