user_id,item_id,kc_id,y_true,fold,model,y_prob
11605490338460,300471914551172981,300471914551172981,0,2,dgekt,0.6745638510288963
11605490338460,8573800373938698102,8573800373938698102,0,2,dgekt,0.6158782928636971
11605490338460,2014268979504181100,300471914551172981,0,2,dgekt,0.6579761627678377
11605490338460,2172169907340938753,300471914551172981,0,2,dgekt,0.6601629009518237
11605490338460,8150806168444344502,300471914551172981,0,2,dgekt,0.6826293176705902
11605490338460,816286915455981984,8573800373938698102,1,2,dgekt,0.6694408617155408
11605490338460,1962751598315765836,300471914551172981,0,2,dgekt,0.6864122349754352
11605490338460,7444476343858270082,300471914551172981,1,2,dgekt,0.6918328878647094
11605490338460,2537821716777940730,300471914551172981,0,2,dgekt,0.6915561713098549
11605490338460,1061301253559417093,300471914551172981,0,2,dgekt,0.6729951843043801
11605490338460,8553379303363759508,300471914551172981,1,2,dgekt,0.6653109371521244
11605490338460,6440511557387709110,300471914551172981,0,2,dgekt,0.6912793171580589
11605490338460,7744513373483970787,8573800373938698102,0,2,dgekt,0.6226090257307791
11605490338460,2971078979906996375,300471914551172981,0,2,dgekt,0.6824887411512989
11605490338460,5841359775533910823,300471914551172981,0,2,dgekt,0.6518913235950976
11605490338460,8621262567927479011,300471914551172981,1,2,dgekt,0.6898929870284579
11605490338460,8434961942249729798,8573800373938698102,1,2,dgekt,0.6567596999128485
11605490338460,2322042198017538996,8573800373938698102,0,2,dgekt,0.657125247454589
11605490338460,1742185772413642127,300471914551172981,0,2,dgekt,0.695829735714841
11605490338460,2334639155148655290,8573800373938698102,0,2,dgekt,0.6636005123697934
11605490338460,7660717256841499384,300471914551172981,1,2,dgekt,0.7099861493150671
11605490338460,4113615466659810841,300471914551172981,0,2,dgekt,0.695417622992899
11605490338460,6125574002232610732,300471914551172981,1,2,dgekt,0.6609630033818568
11605490338460,2774368076249802464,8573800373938698102,0,2,dgekt,0.6520643880721613
11605490338460,8903365289186067945,8573800373938698102,0,2,dgekt,0.6544891681878957
11605490338460,6925932688889117475,300471914551172981,1,2,dgekt,0.7142423628524948
11605490338460,8194071366621068887,8573800373938698102,0,2,dgekt,0.6311072193883981
11605490338460,2986660907093963186,300471914551172981,1,2,dgekt,0.7195095749929978
11605490338460,7591109345808921544,300471914551172981,1,2,dgekt,0.6961729231066154
11605490338460,625545550176685521,8573800373938698102,0,2,dgekt,0.6656973680354613
11605490338460,1761868641361943332,8573800373938698102,0,2,dgekt,0.6763666255911174
11605490338460,4824259625677886603,300471914551172981,0,2,dgekt,0.6934902903902386
11605490338460,8450591260754163598,8573800373938698102,1,2,dgekt,0.6527264801586597
11605490338460,1553079256999111676,300471914551172981,0,2,dgekt,0.6988422729454801
11605490338460,3220231712819306119,8573800373938698102,0,2,dgekt,0.6591688617405917
11605490338460,338807275221326836,300471914551172981,1,2,dgekt,0.6873889851450635
11605490338460,8525319303741530302,8573800373938698102,0,2,dgekt,0.6610612214005206
11605490338460,6587421150596252277,300471914551172981,1,2,dgekt,0.7025839470154979
11605490338460,5891620578387310353,300471914551172981,0,2,dgekt,0.6850140077059866
11605490338460,5791250638486922978,300471914551172981,1,2,dgekt,0.7033290574008343
11605490338460,4031585874086886353,8573800373938698102,0,2,dgekt,0.6748736428279047
11605490338460,2083452711903133430,8573800373938698102,1,2,dgekt,0.6981831045958949
11605490338460,6319743179241711738,8573800373938698102,1,2,dgekt,0.6769344395726814
11605490338460,8628686323660025649,300471914551172981,1,2,dgekt,0.7046810337843598
11605490338460,4378721629787482518,300471914551172981,0,2,dgekt,0.7093846200596751
11605490338460,4813462692425748605,300471914551172981,1,2,dgekt,0.6741364189077859
11605490338460,4644364625800006675,300471914551172981,1,2,dgekt,0.6930764061159737
11605490338460,1062464292871659639,8573800373938698102,0,2,dgekt,0.6759404237757181
11605490338460,5932668873100475470,300471914551172981,1,2,dgekt,0.7150362187944037
11605490338460,5237822943399727048,8573800373938698102,1,2,dgekt,0.681528502467563
41434518912035555,300471914551172981,300471914551172981,1,2,dgekt,0.6745638510288963
41434518912035555,8573800373938698102,8573800373938698102,1,2,dgekt,0.6158782928636971
41434518912035555,2014268979504181100,300471914551172981,0,2,dgekt,0.6579761627678377
41434518912035555,2172169907340938753,300471914551172981,1,2,dgekt,0.6601629009518237
41434518912035555,8150806168444344502,300471914551172981,1,2,dgekt,0.6826293176705902
41434518912035555,816286915455981984,8573800373938698102,1,2,dgekt,0.6694408617155408
41434518912035555,1962751598315765836,300471914551172981,1,2,dgekt,0.6864122349754352
41434518912035555,7444476343858270082,300471914551172981,1,2,dgekt,0.6918328878647094
41434518912035555,2537821716777940730,300471914551172981,1,2,dgekt,0.6915561713098549
41434518912035555,1061301253559417093,300471914551172981,1,2,dgekt,0.6729951843043801
41434518912035555,8553379303363759508,300471914551172981,0,2,dgekt,0.6653109371521244
41434518912035555,6440511557387709110,300471914551172981,1,2,dgekt,0.6912793171580589
41434518912035555,7744513373483970787,8573800373938698102,0,2,dgekt,0.6226090257307791
41434518912035555,2971078979906996375,300471914551172981,1,2,dgekt,0.6824887411512989
41434518912035555,5841359775533910823,300471914551172981,0,2,dgekt,0.6518913235950976
41434518912035555,8621262567927479011,300471914551172981,1,2,dgekt,0.6898929870284579
41434518912035555,8434961942249729798,8573800373938698102,1,2,dgekt,0.6567596999128485
41434518912035555,2322042198017538996,8573800373938698102,1,2,dgekt,0.657125247454589
41434518912035555,1742185772413642127,300471914551172981,1,2,dgekt,0.695829735714841
41434518912035555,2334639155148655290,8573800373938698102,1,2,dgekt,0.6636005123697934
41434518912035555,7660717256841499384,300471914551172981,0,2,dgekt,0.7099861493150671
41434518912035555,4113615466659810841,300471914551172981,1,2,dgekt,0.695417622992899
41434518912035555,6125574002232610732,300471914551172981,1,2,dgekt,0.6609630033818568
41434518912035555,2774368076249802464,8573800373938698102,0,2,dgekt,0.6520643880721613
41434518912035555,8903365289186067945,8573800373938698102,1,2,dgekt,0.6544891681878957
41434518912035555,6925932688889117475,300471914551172981,1,2,dgekt,0.7142423628524948
41434518912035555,8194071366621068887,8573800373938698102,0,2,dgekt,0.6311072193883981
41434518912035555,2986660907093963186,300471914551172981,1,2,dgekt,0.7195095749929978
41434518912035555,7591109345808921544,300471914551172981,1,2,dgekt,0.6961729231066154
41434518912035555,625545550176685521,8573800373938698102,1,2,dgekt,0.6656973680354613
41434518912035555,1761868641361943332,8573800373938698102,1,2,dgekt,0.6763666255911174
41434518912035555,4824259625677886603,300471914551172981,1,2,dgekt,0.6934902903902386
41434518912035555,8450591260754163598,8573800373938698102,0,2,dgekt,0.6527264801586597
41434518912035555,1553079256999111676,300471914551172981,1,2,dgekt,0.6988422729454801
41434518912035555,3220231712819306119,8573800373938698102,1,2,dgekt,0.6591688617405917
41434518912035555,338807275221326836,300471914551172981,1,2,dgekt,0.6873889851450635
41434518912035555,8525319303741530302,8573800373938698102,1,2,dgekt,0.6610612214005206
41434518912035555,6587421150596252277,300471914551172981,1,2,dgekt,0.7025839470154979
41434518912035555,5891620578387310353,300471914551172981,1,2,dgekt,0.6850140077059866
41434518912035555,5791250638486922978,300471914551172981,1,2,dgekt,0.7033290574008343
41434518912035555,4031585874086886353,8573800373938698102,1,2,dgekt,0.6748736428279047
41434518912035555,2083452711903133430,8573800373938698102,1,2,dgekt,0.6981831045958949
41434518912035555,6319743179241711738,8573800373938698102,1,2,dgekt,0.6769344395726814
41434518912035555,8628686323660025649,300471914551172981,1,2,dgekt,0.7046810337843598
41434518912035555,4378721629787482518,300471914551172981,0,2,dgekt,0.7093846200596751
41434518912035555,4813462692425748605,300471914551172981,1,2,dgekt,0.6741364189077859
41434518912035555,4644364625800006675,300471914551172981,1,2,dgekt,0.6930764061159737
41434518912035555,1062464292871659639,8573800373938698102,0,2,dgekt,0.6759404237757181
41434518912035555,5932668873100475470,300471914551172981,1,2,dgekt,0.7150362187944037
41434518912035555,5237822943399727048,8573800373938698102,1,2,dgekt,0.681528502467563
45174813258656205,300471914551172981,300471914551172981,1,2,dgekt,0.6745638510288963
45174813258656205,8573800373938698102,8573800373938698102,0,2,dgekt,0.6158782928636971
45174813258656205,2014268979504181100,300471914551172981,0,2,dgekt,0.6579761627678377
45174813258656205,2172169907340938753,300471914551172981,1,2,dgekt,0.6601629009518237
45174813258656205,8150806168444344502,300471914551172981,0,2,dgekt,0.6826293176705902
45174813258656205,816286915455981984,8573800373938698102,1,2,dgekt,0.6694408617155408
45174813258656205,1962751598315765836,300471914551172981,1,2,dgekt,0.6864122349754352
45174813258656205,7444476343858270082,300471914551172981,1,2,dgekt,0.6918328878647094
45174813258656205,2537821716777940730,300471914551172981,1,2,dgekt,0.6915561713098549
45174813258656205,1061301253559417093,300471914551172981,1,2,dgekt,0.6729951843043801
45174813258656205,8553379303363759508,300471914551172981,1,2,dgekt,0.6653109371521244
45174813258656205,6440511557387709110,300471914551172981,1,2,dgekt,0.6912793171580589
45174813258656205,7744513373483970787,8573800373938698102,1,2,dgekt,0.6226090257307791
45174813258656205,2971078979906996375,300471914551172981,1,2,dgekt,0.6824887411512989
45174813258656205,5841359775533910823,300471914551172981,0,2,dgekt,0.6518913235950976
45174813258656205,8621262567927479011,300471914551172981,1,2,dgekt,0.6898929870284579
45174813258656205,8434961942249729798,8573800373938698102,0,2,dgekt,0.6567596999128485
45174813258656205,2322042198017538996,8573800373938698102,0,2,dgekt,0.657125247454589
45174813258656205,1742185772413642127,300471914551172981,1,2,dgekt,0.695829735714841
45174813258656205,2334639155148655290,8573800373938698102,1,2,dgekt,0.6636005123697934
45174813258656205,7660717256841499384,300471914551172981,1,2,dgekt,0.7099861493150671
45174813258656205,4113615466659810841,300471914551172981,1,2,dgekt,0.695417622992899
45174813258656205,6125574002232610732,300471914551172981,1,2,dgekt,0.6609630033818568
45174813258656205,2774368076249802464,8573800373938698102,0,2,dgekt,0.6520643880721613
45174813258656205,8903365289186067945,8573800373938698102,0,2,dgekt,0.6544891681878957
45174813258656205,6925932688889117475,300471914551172981,1,2,dgekt,0.7142423628524948
45174813258656205,8194071366621068887,8573800373938698102,0,2,dgekt,0.6311072193883981
45174813258656205,2986660907093963186,300471914551172981,0,2,dgekt,0.7195095749929978
45174813258656205,7591109345808921544,300471914551172981,1,2,dgekt,0.6961729231066154
45174813258656205,625545550176685521,8573800373938698102,1,2,dgekt,0.6656973680354613
45174813258656205,1761868641361943332,8573800373938698102,0,2,dgekt,0.6763666255911174
45174813258656205,4824259625677886603,300471914551172981,1,2,dgekt,0.6934902903902386
45174813258656205,8450591260754163598,8573800373938698102,1,2,dgekt,0.6527264801586597
45174813258656205,1553079256999111676,300471914551172981,1,2,dgekt,0.6988422729454801
45174813258656205,3220231712819306119,8573800373938698102,0,2,dgekt,0.6591688617405917
45174813258656205,338807275221326836,300471914551172981,1,2,dgekt,0.6873889851450635
45174813258656205,8525319303741530302,8573800373938698102,0,2,dgekt,0.6610612214005206
45174813258656205,6587421150596252277,300471914551172981,1,2,dgekt,0.7025839470154979
45174813258656205,5891620578387310353,300471914551172981,0,2,dgekt,0.6850140077059866
45174813258656205,5791250638486922978,300471914551172981,1,2,dgekt,0.7033290574008343
45174813258656205,4031585874086886353,8573800373938698102,1,2,dgekt,0.6748736428279047
45174813258656205,2083452711903133430,8573800373938698102,1,2,dgekt,0.6981831045958949
45174813258656205,6319743179241711738,8573800373938698102,0,2,dgekt,0.6769344395726814
45174813258656205,8628686323660025649,300471914551172981,1,2,dgekt,0.7046810337843598
45174813258656205,4378721629787482518,300471914551172981,1,2,dgekt,0.7093846200596751
45174813258656205,4813462692425748605,300471914551172981,1,2,dgekt,0.6741364189077859
45174813258656205,4644364625800006675,300471914551172981,1,2,dgekt,0.6930764061159737
45174813258656205,1062464292871659639,8573800373938698102,1,2,dgekt,0.6759404237757181
45174813258656205,5932668873100475470,300471914551172981,1,2,dgekt,0.7150362187944037
45174813258656205,5237822943399727048,8573800373938698102,0,2,dgekt,0.681528502467563
58519614243521427,300471914551172981,300471914551172981,0,2,dgekt,0.6745638510288963
58519614243521427,8573800373938698102,8573800373938698102,1,2,dgekt,0.6158782928636971
58519614243521427,2014268979504181100,300471914551172981,0,2,dgekt,0.6579761627678377
58519614243521427,2172169907340938753,300471914551172981,1,2,dgekt,0.6601629009518237
58519614243521427,8150806168444344502,300471914551172981,0,2,dgekt,0.6826293176705902
58519614243521427,816286915455981984,8573800373938698102,1,2,dgekt,0.6694408617155408
58519614243521427,1962751598315765836,300471914551172981,1,2,dgekt,0.6864122349754352
58519614243521427,7444476343858270082,300471914551172981,1,2,dgekt,0.6918328878647094
58519614243521427,2537821716777940730,300471914551172981,1,2,dgekt,0.6915561713098549
58519614243521427,1061301253559417093,300471914551172981,0,2,dgekt,0.6729951843043801
58519614243521427,8553379303363759508,300471914551172981,1,2,dgekt,0.6653109371521244
58519614243521427,6440511557387709110,300471914551172981,1,2,dgekt,0.6912793171580589
58519614243521427,7744513373483970787,8573800373938698102,1,2,dgekt,0.6226090257307791
58519614243521427,2971078979906996375,300471914551172981,1,2,dgekt,0.6824887411512989
58519614243521427,5841359775533910823,300471914551172981,0,2,dgekt,0.6518913235950976
58519614243521427,8621262567927479011,300471914551172981,1,2,dgekt,0.6898929870284579
58519614243521427,8434961942249729798,8573800373938698102,1,2,dgekt,0.6567596999128485
58519614243521427,2322042198017538996,8573800373938698102,1,2,dgekt,0.657125247454589
58519614243521427,1742185772413642127,300471914551172981,1,2,dgekt,0.695829735714841
58519614243521427,2334639155148655290,8573800373938698102,0,2,dgekt,0.6636005123697934
58519614243521427,7660717256841499384,300471914551172981,1,2,dgekt,0.7099861493150671
58519614243521427,4113615466659810841,300471914551172981,0,2,dgekt,0.695417622992899
58519614243521427,6125574002232610732,300471914551172981,0,2,dgekt,0.6609630033818568
58519614243521427,2774368076249802464,8573800373938698102,1,2,dgekt,0.6520643880721613
58519614243521427,8903365289186067945,8573800373938698102,1,2,dgekt,0.6544891681878957
58519614243521427,6925932688889117475,300471914551172981,1,2,dgekt,0.7142423628524948
58519614243521427,8194071366621068887,8573800373938698102,1,2,dgekt,0.6311072193883981
58519614243521427,2986660907093963186,300471914551172981,1,2,dgekt,0.7195095749929978
58519614243521427,7591109345808921544,300471914551172981,1,2,dgekt,0.6961729231066154
58519614243521427,625545550176685521,8573800373938698102,1,2,dgekt,0.6656973680354613
58519614243521427,1761868641361943332,8573800373938698102,1,2,dgekt,0.6763666255911174
58519614243521427,4824259625677886603,300471914551172981,1,2,dgekt,0.6934902903902386
58519614243521427,8450591260754163598,8573800373938698102,1,2,dgekt,0.6527264801586597
58519614243521427,1553079256999111676,300471914551172981,1,2,dgekt,0.6988422729454801
58519614243521427,3220231712819306119,8573800373938698102,1,2,dgekt,0.6591688617405917
58519614243521427,338807275221326836,300471914551172981,1,2,dgekt,0.6873889851450635
58519614243521427,8525319303741530302,8573800373938698102,1,2,dgekt,0.6610612214005206
58519614243521427,6587421150596252277,300471914551172981,1,2,dgekt,0.7025839470154979
58519614243521427,5891620578387310353,300471914551172981,0,2,dgekt,0.6850140077059866
58519614243521427,5791250638486922978,300471914551172981,1,2,dgekt,0.7033290574008343
58519614243521427,4031585874086886353,8573800373938698102,1,2,dgekt,0.6748736428279047
58519614243521427,2083452711903133430,8573800373938698102,1,2,dgekt,0.6981831045958949
58519614243521427,6319743179241711738,8573800373938698102,1,2,dgekt,0.6769344395726814
58519614243521427,8628686323660025649,300471914551172981,1,2,dgekt,0.7046810337843598
58519614243521427,4378721629787482518,300471914551172981,1,2,dgekt,0.7093846200596751
58519614243521427,4813462692425748605,300471914551172981,0,2,dgekt,0.6741364189077859
58519614243521427,4644364625800006675,300471914551172981,0,2,dgekt,0.6930764061159737
58519614243521427,1062464292871659639,8573800373938698102,1,2,dgekt,0.6759404237757181
58519614243521427,5932668873100475470,300471914551172981,1,2,dgekt,0.7150362187944037
58519614243521427,5237822943399727048,8573800373938698102,1,2,dgekt,0.681528502467563
63680678163419753,300471914551172981,300471914551172981,1,2,dgekt,0.6745638510288963
63680678163419753,8573800373938698102,8573800373938698102,1,2,dgekt,0.6158782928636971
63680678163419753,2014268979504181100,300471914551172981,1,2,dgekt,0.6579761627678377
63680678163419753,2172169907340938753,300471914551172981,0,2,dgekt,0.6601629009518237
63680678163419753,8150806168444344502,300471914551172981,1,2,dgekt,0.6826293176705902
63680678163419753,816286915455981984,8573800373938698102,1,2,dgekt,0.6694408617155408
63680678163419753,1962751598315765836,300471914551172981,1,2,dgekt,0.6864122349754352
63680678163419753,7444476343858270082,300471914551172981,1,2,dgekt,0.6918328878647094
63680678163419753,2537821716777940730,300471914551172981,1,2,dgekt,0.6915561713098549
63680678163419753,1061301253559417093,300471914551172981,1,2,dgekt,0.6729951843043801
63680678163419753,8553379303363759508,300471914551172981,1,2,dgekt,0.6653109371521244
63680678163419753,6440511557387709110,300471914551172981,1,2,dgekt,0.6912793171580589
63680678163419753,7744513373483970787,8573800373938698102,1,2,dgekt,0.6226090257307791
63680678163419753,2971078979906996375,300471914551172981,0,2,dgekt,0.6824887411512989
63680678163419753,5841359775533910823,300471914551172981,1,2,dgekt,0.6518913235950976
63680678163419753,8621262567927479011,300471914551172981,1,2,dgekt,0.6898929870284579
63680678163419753,8434961942249729798,8573800373938698102,1,2,dgekt,0.6567596999128485
63680678163419753,2322042198017538996,8573800373938698102,0,2,dgekt,0.657125247454589
63680678163419753,1742185772413642127,300471914551172981,1,2,dgekt,0.695829735714841
63680678163419753,2334639155148655290,8573800373938698102,1,2,dgekt,0.6636005123697934
63680678163419753,7660717256841499384,300471914551172981,1,2,dgekt,0.7099861493150671
63680678163419753,4113615466659810841,300471914551172981,0,2,dgekt,0.695417622992899
63680678163419753,6125574002232610732,300471914551172981,1,2,dgekt,0.6609630033818568
63680678163419753,2774368076249802464,8573800373938698102,0,2,dgekt,0.6520643880721613
63680678163419753,8903365289186067945,8573800373938698102,1,2,dgekt,0.6544891681878957
63680678163419753,6925932688889117475,300471914551172981,1,2,dgekt,0.7142423628524948
63680678163419753,8194071366621068887,8573800373938698102,1,2,dgekt,0.6311072193883981
63680678163419753,2986660907093963186,300471914551172981,1,2,dgekt,0.7195095749929978
63680678163419753,7591109345808921544,300471914551172981,1,2,dgekt,0.6961729231066154
63680678163419753,625545550176685521,8573800373938698102,1,2,dgekt,0.6656973680354613
63680678163419753,1761868641361943332,8573800373938698102,1,2,dgekt,0.6763666255911174
63680678163419753,4824259625677886603,300471914551172981,1,2,dgekt,0.6934902903902386
63680678163419753,8450591260754163598,8573800373938698102,1,2,dgekt,0.6527264801586597
63680678163419753,1553079256999111676,300471914551172981,1,2,dgekt,0.6988422729454801
63680678163419753,3220231712819306119,8573800373938698102,1,2,dgekt,0.6591688617405917
63680678163419753,338807275221326836,300471914551172981,1,2,dgekt,0.6873889851450635
63680678163419753,8525319303741530302,8573800373938698102,1,2,dgekt,0.6610612214005206
63680678163419753,6587421150596252277,300471914551172981,1,2,dgekt,0.7025839470154979
63680678163419753,5891620578387310353,300471914551172981,1,2,dgekt,0.6850140077059866
63680678163419753,5791250638486922978,300471914551172981,1,2,dgekt,0.7033290574008343
63680678163419753,4031585874086886353,8573800373938698102,1,2,dgekt,0.6748736428279047
63680678163419753,2083452711903133430,8573800373938698102,1,2,dgekt,0.6981831045958949
63680678163419753,6319743179241711738,8573800373938698102,1,2,dgekt,0.6769344395726814
63680678163419753,8628686323660025649,300471914551172981,1,2,dgekt,0.7046810337843598
63680678163419753,4378721629787482518,300471914551172981,1,2,dgekt,0.7093846200596751
63680678163419753,4813462692425748605,300471914551172981,1,2,dgekt,0.6741364189077859
63680678163419753,4644364625800006675,300471914551172981,1,2,dgekt,0.6930764061159737
63680678163419753,1062464292871659639,8573800373938698102,1,2,dgekt,0.6759404237757181
63680678163419753,5932668873100475470,300471914551172981,1,2,dgekt,0.7150362187944037
63680678163419753,5237822943399727048,8573800373938698102,1,2,dgekt,0.681528502467563
76861115719997282,300471914551172981,300471914551172981,1,2,dgekt,0.6745638510288963
76861115719997282,8573800373938698102,8573800373938698102,0,2,dgekt,0.6158782928636971
76861115719997282,2014268979504181100,300471914551172981,0,2,dgekt,0.6579761627678377
76861115719997282,2172169907340938753,300471914551172981,0,2,dgekt,0.6601629009518237
76861115719997282,8150806168444344502,300471914551172981,0,2,dgekt,0.6826293176705902
76861115719997282,816286915455981984,8573800373938698102,1,2,dgekt,0.6694408617155408
76861115719997282,1962751598315765836,300471914551172981,0,2,dgekt,0.6864122349754352
76861115719997282,7444476343858270082,300471914551172981,0,2,dgekt,0.6918328878647094
76861115719997282,2537821716777940730,300471914551172981,0,2,dgekt,0.6915561713098549
76861115719997282,1061301253559417093,300471914551172981,0,2,dgekt,0.6729951843043801
76861115719997282,8553379303363759508,300471914551172981,0,2,dgekt,0.6653109371521244
76861115719997282,6440511557387709110,300471914551172981,0,2,dgekt,0.6912793171580589
76861115719997282,7744513373483970787,8573800373938698102,1,2,dgekt,0.6226090257307791
76861115719997282,2971078979906996375,300471914551172981,1,2,dgekt,0.6824887411512989
76861115719997282,5841359775533910823,300471914551172981,0,2,dgekt,0.6518913235950976
76861115719997282,8621262567927479011,300471914551172981,0,2,dgekt,0.6898929870284579
76861115719997282,8434961942249729798,8573800373938698102,1,2,dgekt,0.6567596999128485
76861115719997282,2322042198017538996,8573800373938698102,1,2,dgekt,0.657125247454589
76861115719997282,1742185772413642127,300471914551172981,0,2,dgekt,0.695829735714841
76861115719997282,2334639155148655290,8573800373938698102,0,2,dgekt,0.6636005123697934
76861115719997282,7660717256841499384,300471914551172981,0,2,dgekt,0.7099861493150671
76861115719997282,4113615466659810841,300471914551172981,0,2,dgekt,0.695417622992899
76861115719997282,6125574002232610732,300471914551172981,0,2,dgekt,0.6609630033818568
76861115719997282,2774368076249802464,8573800373938698102,0,2,dgekt,0.6520643880721613
76861115719997282,8903365289186067945,8573800373938698102,1,2,dgekt,0.6544891681878957
76861115719997282,6925932688889117475,300471914551172981,1,2,dgekt,0.7142423628524948
76861115719997282,8194071366621068887,8573800373938698102,0,2,dgekt,0.6311072193883981
76861115719997282,2986660907093963186,300471914551172981,1,2,dgekt,0.7195095749929978
76861115719997282,7591109345808921544,300471914551172981,0,2,dgekt,0.6961729231066154
76861115719997282,625545550176685521,8573800373938698102,0,2,dgekt,0.6656973680354613
76861115719997282,1761868641361943332,8573800373938698102,0,2,dgekt,0.6763666255911174
76861115719997282,4824259625677886603,300471914551172981,0,2,dgekt,0.6934902903902386
76861115719997282,8450591260754163598,8573800373938698102,1,2,dgekt,0.6527264801586597
76861115719997282,1553079256999111676,300471914551172981,0,2,dgekt,0.6988422729454801
76861115719997282,3220231712819306119,8573800373938698102,1,2,dgekt,0.6591688617405917
76861115719997282,338807275221326836,300471914551172981,0,2,dgekt,0.6873889851450635
76861115719997282,8525319303741530302,8573800373938698102,0,2,dgekt,0.6610612214005206
76861115719997282,6587421150596252277,300471914551172981,0,2,dgekt,0.7025839470154979
76861115719997282,5891620578387310353,300471914551172981,1,2,dgekt,0.6850140077059866
76861115719997282,5791250638486922978,300471914551172981,0,2,dgekt,0.7033290574008343
76861115719997282,4031585874086886353,8573800373938698102,1,2,dgekt,0.6748736428279047
76861115719997282,2083452711903133430,8573800373938698102,1,2,dgekt,0.6981831045958949
76861115719997282,6319743179241711738,8573800373938698102,0,2,dgekt,0.6769344395726814
76861115719997282,8628686323660025649,300471914551172981,0,2,dgekt,0.7046810337843598
76861115719997282,4378721629787482518,300471914551172981,0,2,dgekt,0.7093846200596751
76861115719997282,4813462692425748605,300471914551172981,0,2,dgekt,0.6741364189077859
76861115719997282,4644364625800006675,300471914551172981,0,2,dgekt,0.6930764061159737
76861115719997282,1062464292871659639,8573800373938698102,1,2,dgekt,0.6759404237757181
76861115719997282,5932668873100475470,300471914551172981,1,2,dgekt,0.7150362187944037
76861115719997282,5237822943399727048,8573800373938698102,1,2,dgekt,0.681528502467563
95623917870074237,300471914551172981,300471914551172981,0,2,dgekt,0.6745638510288963
95623917870074237,8573800373938698102,8573800373938698102,0,2,dgekt,0.6158782928636971
95623917870074237,2014268979504181100,300471914551172981,0,2,dgekt,0.6579761627678377
95623917870074237,2172169907340938753,300471914551172981,0,2,dgekt,0.6601629009518237
95623917870074237,8150806168444344502,300471914551172981,0,2,dgekt,0.6826293176705902
95623917870074237,816286915455981984,8573800373938698102,1,2,dgekt,0.6694408617155408
95623917870074237,1962751598315765836,300471914551172981,0,2,dgekt,0.6864122349754352
95623917870074237,7444476343858270082,300471914551172981,0,2,dgekt,0.6918328878647094
95623917870074237,2537821716777940730,300471914551172981,0,2,dgekt,0.6915561713098549
95623917870074237,1061301253559417093,300471914551172981,0,2,dgekt,0.6729951843043801
95623917870074237,8553379303363759508,300471914551172981,0,2,dgekt,0.6653109371521244
95623917870074237,6440511557387709110,300471914551172981,0,2,dgekt,0.6912793171580589
95623917870074237,7744513373483970787,8573800373938698102,0,2,dgekt,0.6226090257307791
95623917870074237,2971078979906996375,300471914551172981,0,2,dgekt,0.6824887411512989
95623917870074237,5841359775533910823,300471914551172981,0,2,dgekt,0.6518913235950976
95623917870074237,8621262567927479011,300471914551172981,1,2,dgekt,0.6898929870284579
95623917870074237,8434961942249729798,8573800373938698102,0,2,dgekt,0.6567596999128485
95623917870074237,2322042198017538996,8573800373938698102,0,2,dgekt,0.657125247454589
95623917870074237,1742185772413642127,300471914551172981,0,2,dgekt,0.695829735714841
95623917870074237,2334639155148655290,8573800373938698102,0,2,dgekt,0.6636005123697934
95623917870074237,7660717256841499384,300471914551172981,0,2,dgekt,0.7099861493150671
95623917870074237,4113615466659810841,300471914551172981,1,2,dgekt,0.695417622992899
95623917870074237,6125574002232610732,300471914551172981,0,2,dgekt,0.6609630033818568
95623917870074237,2774368076249802464,8573800373938698102,0,2,dgekt,0.6520643880721613
95623917870074237,8903365289186067945,8573800373938698102,0,2,dgekt,0.6544891681878957
95623917870074237,6925932688889117475,300471914551172981,0,2,dgekt,0.7142423628524948
95623917870074237,8194071366621068887,8573800373938698102,1,2,dgekt,0.6311072193883981
95623917870074237,2986660907093963186,300471914551172981,1,2,dgekt,0.7195095749929978
95623917870074237,7591109345808921544,300471914551172981,0,2,dgekt,0.6961729231066154
95623917870074237,625545550176685521,8573800373938698102,0,2,dgekt,0.6656973680354613
95623917870074237,1761868641361943332,8573800373938698102,0,2,dgekt,0.6763666255911174
95623917870074237,4824259625677886603,300471914551172981,0,2,dgekt,0.6934902903902386
95623917870074237,8450591260754163598,8573800373938698102,1,2,dgekt,0.6527264801586597
95623917870074237,1553079256999111676,300471914551172981,1,2,dgekt,0.6988422729454801
95623917870074237,3220231712819306119,8573800373938698102,0,2,dgekt,0.6591688617405917
95623917870074237,338807275221326836,300471914551172981,0,2,dgekt,0.6873889851450635
95623917870074237,8525319303741530302,8573800373938698102,0,2,dgekt,0.6610612214005206
95623917870074237,6587421150596252277,300471914551172981,0,2,dgekt,0.7025839470154979
95623917870074237,5891620578387310353,300471914551172981,0,2,dgekt,0.6850140077059866
95623917870074237,5791250638486922978,300471914551172981,1,2,dgekt,0.7033290574008343
95623917870074237,4031585874086886353,8573800373938698102,1,2,dgekt,0.6748736428279047
95623917870074237,2083452711903133430,8573800373938698102,1,2,dgekt,0.6981831045958949
95623917870074237,6319743179241711738,8573800373938698102,1,2,dgekt,0.6769344395726814
95623917870074237,8628686323660025649,300471914551172981,1,2,dgekt,0.7046810337843598
95623917870074237,4378721629787482518,300471914551172981,0,2,dgekt,0.7093846200596751
95623917870074237,4813462692425748605,300471914551172981,0,2,dgekt,0.6741364189077859
95623917870074237,4644364625800006675,300471914551172981,0,2,dgekt,0.6930764061159737
95623917870074237,1062464292871659639,8573800373938698102,0,2,dgekt,0.6759404237757181
95623917870074237,5932668873100475470,300471914551172981,0,2,dgekt,0.7150362187944037
95623917870074237,5237822943399727048,8573800373938698102,0,2,dgekt,0.681528502467563
144146642522402257,300471914551172981,300471914551172981,0,2,dgekt,0.6745638510288963
144146642522402257,8573800373938698102,8573800373938698102,1,2,dgekt,0.6158782928636971
144146642522402257,2014268979504181100,300471914551172981,0,2,dgekt,0.6579761627678377
144146642522402257,2172169907340938753,300471914551172981,0,2,dgekt,0.6601629009518237
144146642522402257,8150806168444344502,300471914551172981,0,2,dgekt,0.6826293176705902
144146642522402257,816286915455981984,8573800373938698102,0,2,dgekt,0.6694408617155408
144146642522402257,1962751598315765836,300471914551172981,1,2,dgekt,0.6864122349754352
144146642522402257,7444476343858270082,300471914551172981,1,2,dgekt,0.6918328878647094
144146642522402257,2537821716777940730,300471914551172981,1,2,dgekt,0.6915561713098549
144146642522402257,1061301253559417093,300471914551172981,0,2,dgekt,0.6729951843043801
144146642522402257,8553379303363759508,300471914551172981,0,2,dgekt,0.6653109371521244
144146642522402257,6440511557387709110,300471914551172981,0,2,dgekt,0.6912793171580589
144146642522402257,7744513373483970787,8573800373938698102,0,2,dgekt,0.6226090257307791
144146642522402257,2971078979906996375,300471914551172981,1,2,dgekt,0.6824887411512989
144146642522402257,5841359775533910823,300471914551172981,0,2,dgekt,0.6518913235950976
144146642522402257,8621262567927479011,300471914551172981,1,2,dgekt,0.6898929870284579
144146642522402257,8434961942249729798,8573800373938698102,0,2,dgekt,0.6567596999128485
144146642522402257,2322042198017538996,8573800373938698102,0,2,dgekt,0.657125247454589
144146642522402257,1742185772413642127,300471914551172981,1,2,dgekt,0.695829735714841
144146642522402257,2334639155148655290,8573800373938698102,0,2,dgekt,0.6636005123697934
144146642522402257,7660717256841499384,300471914551172981,1,2,dgekt,0.7099861493150671
144146642522402257,4113615466659810841,300471914551172981,0,2,dgekt,0.695417622992899
144146642522402257,6125574002232610732,300471914551172981,1,2,dgekt,0.6609630033818568
144146642522402257,2774368076249802464,8573800373938698102,0,2,dgekt,0.6520643880721613
144146642522402257,8903365289186067945,8573800373938698102,0,2,dgekt,0.6544891681878957
144146642522402257,6925932688889117475,300471914551172981,1,2,dgekt,0.7142423628524948
144146642522402257,8194071366621068887,8573800373938698102,0,2,dgekt,0.6311072193883981
144146642522402257,2986660907093963186,300471914551172981,1,2,dgekt,0.7195095749929978
144146642522402257,7591109345808921544,300471914551172981,1,2,dgekt,0.6961729231066154
144146642522402257,625545550176685521,8573800373938698102,0,2,dgekt,0.6656973680354613
144146642522402257,1761868641361943332,8573800373938698102,0,2,dgekt,0.6763666255911174
144146642522402257,4824259625677886603,300471914551172981,1,2,dgekt,0.6934902903902386
144146642522402257,8450591260754163598,8573800373938698102,0,2,dgekt,0.6527264801586597
144146642522402257,1553079256999111676,300471914551172981,1,2,dgekt,0.6988422729454801
144146642522402257,3220231712819306119,8573800373938698102,0,2,dgekt,0.6591688617405917
144146642522402257,338807275221326836,300471914551172981,0,2,dgekt,0.6873889851450635
144146642522402257,8525319303741530302,8573800373938698102,0,2,dgekt,0.6610612214005206
144146642522402257,6587421150596252277,300471914551172981,1,2,dgekt,0.7025839470154979
144146642522402257,5891620578387310353,300471914551172981,0,2,dgekt,0.6850140077059866
144146642522402257,5791250638486922978,300471914551172981,1,2,dgekt,0.7033290574008343
144146642522402257,4031585874086886353,8573800373938698102,1,2,dgekt,0.6748736428279047
144146642522402257,2083452711903133430,8573800373938698102,0,2,dgekt,0.6981831045958949
144146642522402257,6319743179241711738,8573800373938698102,0,2,dgekt,0.6769344395726814
144146642522402257,8628686323660025649,300471914551172981,1,2,dgekt,0.7046810337843598
144146642522402257,4378721629787482518,300471914551172981,1,2,dgekt,0.7093846200596751
144146642522402257,4813462692425748605,300471914551172981,0,2,dgekt,0.6741364189077859
144146642522402257,4644364625800006675,300471914551172981,1,2,dgekt,0.6930764061159737
144146642522402257,1062464292871659639,8573800373938698102,0,2,dgekt,0.6759404237757181
144146642522402257,5932668873100475470,300471914551172981,1,2,dgekt,0.7150362187944037
144146642522402257,5237822943399727048,8573800373938698102,0,2,dgekt,0.681528502467563
152767769636589090,300471914551172981,300471914551172981,1,2,dgekt,0.6745638510288963
152767769636589090,8573800373938698102,8573800373938698102,0,2,dgekt,0.6158782928636971
152767769636589090,2014268979504181100,300471914551172981,0,2,dgekt,0.6579761627678377
152767769636589090,2172169907340938753,300471914551172981,0,2,dgekt,0.6601629009518237
152767769636589090,8150806168444344502,300471914551172981,1,2,dgekt,0.6826293176705902
152767769636589090,816286915455981984,8573800373938698102,0,2,dgekt,0.6694408617155408
152767769636589090,1962751598315765836,300471914551172981,0,2,dgekt,0.6864122349754352
152767769636589090,7444476343858270082,300471914551172981,0,2,dgekt,0.6918328878647094
152767769636589090,2537821716777940730,300471914551172981,1,2,dgekt,0.6915561713098549
152767769636589090,1061301253559417093,300471914551172981,1,2,dgekt,0.6729951843043801
152767769636589090,8553379303363759508,300471914551172981,0,2,dgekt,0.6653109371521244
152767769636589090,6440511557387709110,300471914551172981,1,2,dgekt,0.6912793171580589
152767769636589090,7744513373483970787,8573800373938698102,0,2,dgekt,0.6226090257307791
152767769636589090,2971078979906996375,300471914551172981,1,2,dgekt,0.6824887411512989
152767769636589090,5841359775533910823,300471914551172981,0,2,dgekt,0.6518913235950976
152767769636589090,8621262567927479011,300471914551172981,1,2,dgekt,0.6898929870284579
152767769636589090,8434961942249729798,8573800373938698102,1,2,dgekt,0.6567596999128485
152767769636589090,2322042198017538996,8573800373938698102,1,2,dgekt,0.657125247454589
152767769636589090,1742185772413642127,300471914551172981,1,2,dgekt,0.695829735714841
152767769636589090,2334639155148655290,8573800373938698102,1,2,dgekt,0.6636005123697934
152767769636589090,7660717256841499384,300471914551172981,1,2,dgekt,0.7099861493150671
152767769636589090,4113615466659810841,300471914551172981,1,2,dgekt,0.695417622992899
152767769636589090,6125574002232610732,300471914551172981,0,2,dgekt,0.6609630033818568
152767769636589090,2774368076249802464,8573800373938698102,0,2,dgekt,0.6520643880721613
152767769636589090,8903365289186067945,8573800373938698102,0,2,dgekt,0.6544891681878957
152767769636589090,6925932688889117475,300471914551172981,1,2,dgekt,0.7142423628524948
152767769636589090,8194071366621068887,8573800373938698102,1,2,dgekt,0.6311072193883981
152767769636589090,2986660907093963186,300471914551172981,1,2,dgekt,0.7195095749929978
152767769636589090,7591109345808921544,300471914551172981,0,2,dgekt,0.6961729231066154
152767769636589090,625545550176685521,8573800373938698102,1,2,dgekt,0.6656973680354613
152767769636589090,1761868641361943332,8573800373938698102,0,2,dgekt,0.6763666255911174
152767769636589090,4824259625677886603,300471914551172981,0,2,dgekt,0.6934902903902386
152767769636589090,8450591260754163598,8573800373938698102,0,2,dgekt,0.6527264801586597
152767769636589090,1553079256999111676,300471914551172981,0,2,dgekt,0.6988422729454801
152767769636589090,3220231712819306119,8573800373938698102,0,2,dgekt,0.6591688617405917
152767769636589090,338807275221326836,300471914551172981,1,2,dgekt,0.6873889851450635
152767769636589090,8525319303741530302,8573800373938698102,0,2,dgekt,0.6610612214005206
152767769636589090,6587421150596252277,300471914551172981,0,2,dgekt,0.7025839470154979
152767769636589090,5891620578387310353,300471914551172981,1,2,dgekt,0.6850140077059866
152767769636589090,5791250638486922978,300471914551172981,1,2,dgekt,0.7033290574008343
152767769636589090,4031585874086886353,8573800373938698102,0,2,dgekt,0.6748736428279047
152767769636589090,2083452711903133430,8573800373938698102,0,2,dgekt,0.6981831045958949
152767769636589090,6319743179241711738,8573800373938698102,0,2,dgekt,0.6769344395726814
152767769636589090,8628686323660025649,300471914551172981,1,2,dgekt,0.7046810337843598
152767769636589090,4378721629787482518,300471914551172981,0,2,dgekt,0.7093846200596751
152767769636589090,4813462692425748605,300471914551172981,0,2,dgekt,0.6741364189077859
152767769636589090,4644364625800006675,300471914551172981,1,2,dgekt,0.6930764061159737
152767769636589090,1062464292871659639,8573800373938698102,0,2,dgekt,0.6759404237757181
152767769636589090,5932668873100475470,300471914551172981,1,2,dgekt,0.7150362187944037
152767769636589090,5237822943399727048,8573800373938698102,0,2,dgekt,0.681528502467563
183639862854650428,300471914551172981,300471914551172981,1,2,dgekt,0.6745638510288963
183639862854650428,8573800373938698102,8573800373938698102,1,2,dgekt,0.6158782928636971
183639862854650428,2014268979504181100,300471914551172981,1,2,dgekt,0.6579761627678377
183639862854650428,2172169907340938753,300471914551172981,0,2,dgekt,0.6601629009518237
183639862854650428,8150806168444344502,300471914551172981,1,2,dgekt,0.6826293176705902
183639862854650428,816286915455981984,8573800373938698102,0,2,dgekt,0.6694408617155408
183639862854650428,1962751598315765836,300471914551172981,1,2,dgekt,0.6864122349754352
183639862854650428,7444476343858270082,300471914551172981,0,2,dgekt,0.6918328878647094
183639862854650428,2537821716777940730,300471914551172981,1,2,dgekt,0.6915561713098549
183639862854650428,1061301253559417093,300471914551172981,0,2,dgekt,0.6729951843043801
183639862854650428,8553379303363759508,300471914551172981,0,2,dgekt,0.6653109371521244
183639862854650428,6440511557387709110,300471914551172981,1,2,dgekt,0.6912793171580589
183639862854650428,7744513373483970787,8573800373938698102,0,2,dgekt,0.6226090257307791
183639862854650428,2971078979906996375,300471914551172981,1,2,dgekt,0.6824887411512989
183639862854650428,5841359775533910823,300471914551172981,0,2,dgekt,0.6518913235950976
183639862854650428,8621262567927479011,300471914551172981,1,2,dgekt,0.6898929870284579
183639862854650428,8434961942249729798,8573800373938698102,1,2,dgekt,0.6567596999128485
183639862854650428,2322042198017538996,8573800373938698102,0,2,dgekt,0.657125247454589
183639862854650428,1742185772413642127,300471914551172981,1,2,dgekt,0.695829735714841
183639862854650428,2334639155148655290,8573800373938698102,1,2,dgekt,0.6636005123697934
183639862854650428,7660717256841499384,300471914551172981,1,2,dgekt,0.7099861493150671
183639862854650428,4113615466659810841,300471914551172981,1,2,dgekt,0.695417622992899
183639862854650428,6125574002232610732,300471914551172981,1,2,dgekt,0.6609630033818568
183639862854650428,2774368076249802464,8573800373938698102,0,2,dgekt,0.6520643880721613
183639862854650428,8903365289186067945,8573800373938698102,1,2,dgekt,0.6544891681878957
183639862854650428,6925932688889117475,300471914551172981,1,2,dgekt,0.7142423628524948
183639862854650428,8194071366621068887,8573800373938698102,1,2,dgekt,0.6311072193883981
183639862854650428,2986660907093963186,300471914551172981,1,2,dgekt,0.7195095749929978
183639862854650428,7591109345808921544,300471914551172981,1,2,dgekt,0.6961729231066154
183639862854650428,625545550176685521,8573800373938698102,1,2,dgekt,0.6656973680354613
183639862854650428,1761868641361943332,8573800373938698102,1,2,dgekt,0.6763666255911174
183639862854650428,4824259625677886603,300471914551172981,1,2,dgekt,0.6934902903902386
183639862854650428,8450591260754163598,8573800373938698102,0,2,dgekt,0.6527264801586597
183639862854650428,1553079256999111676,300471914551172981,1,2,dgekt,0.6988422729454801
183639862854650428,3220231712819306119,8573800373938698102,0,2,dgekt,0.6591688617405917
183639862854650428,338807275221326836,300471914551172981,1,2,dgekt,0.6873889851450635
183639862854650428,8525319303741530302,8573800373938698102,1,2,dgekt,0.6610612214005206
183639862854650428,6587421150596252277,300471914551172981,1,2,dgekt,0.7025839470154979
183639862854650428,5891620578387310353,300471914551172981,0,2,dgekt,0.6850140077059866
183639862854650428,5791250638486922978,300471914551172981,1,2,dgekt,0.7033290574008343
183639862854650428,4031585874086886353,8573800373938698102,1,2,dgekt,0.6748736428279047
183639862854650428,2083452711903133430,8573800373938698102,1,2,dgekt,0.6981831045958949
183639862854650428,6319743179241711738,8573800373938698102,0,2,dgekt,0.6769344395726814
183639862854650428,8628686323660025649,300471914551172981,1,2,dgekt,0.7046810337843598
183639862854650428,4378721629787482518,300471914551172981,1,2,dgekt,0.7093846200596751
183639862854650428,4813462692425748605,300471914551172981,0,2,dgekt,0.6741364189077859
183639862854650428,4644364625800006675,300471914551172981,1,2,dgekt,0.6930764061159737
183639862854650428,1062464292871659639,8573800373938698102,1,2,dgekt,0.6759404237757181
183639862854650428,5932668873100475470,300471914551172981,1,2,dgekt,0.7150362187944037
183639862854650428,5237822943399727048,8573800373938698102,1,2,dgekt,0.681528502467563
183785263154883249,300471914551172981,300471914551172981,0,2,dgekt,0.6745638510288963
183785263154883249,8573800373938698102,8573800373938698102,1,2,dgekt,0.6158782928636971
183785263154883249,2014268979504181100,300471914551172981,0,2,dgekt,0.6579761627678377
183785263154883249,2172169907340938753,300471914551172981,0,2,dgekt,0.6601629009518237
183785263154883249,8150806168444344502,300471914551172981,0,2,dgekt,0.6826293176705902
183785263154883249,816286915455981984,8573800373938698102,1,2,dgekt,0.6694408617155408
183785263154883249,1962751598315765836,300471914551172981,0,2,dgekt,0.6864122349754352
183785263154883249,7444476343858270082,300471914551172981,0,2,dgekt,0.6918328878647094
183785263154883249,2537821716777940730,300471914551172981,0,2,dgekt,0.6915561713098549
183785263154883249,1061301253559417093,300471914551172981,0,2,dgekt,0.6729951843043801
183785263154883249,8553379303363759508,300471914551172981,0,2,dgekt,0.6653109371521244
183785263154883249,6440511557387709110,300471914551172981,0,2,dgekt,0.6912793171580589
183785263154883249,7744513373483970787,8573800373938698102,1,2,dgekt,0.6226090257307791
183785263154883249,2971078979906996375,300471914551172981,0,2,dgekt,0.6824887411512989
183785263154883249,5841359775533910823,300471914551172981,1,2,dgekt,0.6518913235950976
183785263154883249,8621262567927479011,300471914551172981,1,2,dgekt,0.6898929870284579
183785263154883249,8434961942249729798,8573800373938698102,1,2,dgekt,0.6567596999128485
183785263154883249,2322042198017538996,8573800373938698102,1,2,dgekt,0.657125247454589
183785263154883249,1742185772413642127,300471914551172981,0,2,dgekt,0.695829735714841
183785263154883249,2334639155148655290,8573800373938698102,1,2,dgekt,0.6636005123697934
183785263154883249,7660717256841499384,300471914551172981,1,2,dgekt,0.7099861493150671
183785263154883249,4113615466659810841,300471914551172981,0,2,dgekt,0.695417622992899
183785263154883249,6125574002232610732,300471914551172981,0,2,dgekt,0.6609630033818568
183785263154883249,2774368076249802464,8573800373938698102,1,2,dgekt,0.6520643880721613
183785263154883249,8903365289186067945,8573800373938698102,1,2,dgekt,0.6544891681878957
183785263154883249,6925932688889117475,300471914551172981,0,2,dgekt,0.7142423628524948
183785263154883249,8194071366621068887,8573800373938698102,1,2,dgekt,0.6311072193883981
183785263154883249,2986660907093963186,300471914551172981,1,2,dgekt,0.7195095749929978
183785263154883249,7591109345808921544,300471914551172981,0,2,dgekt,0.6961729231066154
183785263154883249,625545550176685521,8573800373938698102,1,2,dgekt,0.6656973680354613
183785263154883249,1761868641361943332,8573800373938698102,1,2,dgekt,0.6763666255911174
183785263154883249,4824259625677886603,300471914551172981,0,2,dgekt,0.6934902903902386
183785263154883249,8450591260754163598,8573800373938698102,1,2,dgekt,0.6527264801586597
183785263154883249,1553079256999111676,300471914551172981,1,2,dgekt,0.6988422729454801
183785263154883249,3220231712819306119,8573800373938698102,1,2,dgekt,0.6591688617405917
183785263154883249,338807275221326836,300471914551172981,0,2,dgekt,0.6873889851450635
183785263154883249,8525319303741530302,8573800373938698102,1,2,dgekt,0.6610612214005206
183785263154883249,6587421150596252277,300471914551172981,0,2,dgekt,0.7025839470154979
183785263154883249,5891620578387310353,300471914551172981,0,2,dgekt,0.6850140077059866
183785263154883249,5791250638486922978,300471914551172981,0,2,dgekt,0.7033290574008343
183785263154883249,4031585874086886353,8573800373938698102,1,2,dgekt,0.6748736428279047
183785263154883249,2083452711903133430,8573800373938698102,1,2,dgekt,0.6981831045958949
183785263154883249,6319743179241711738,8573800373938698102,1,2,dgekt,0.6769344395726814
183785263154883249,8628686323660025649,300471914551172981,1,2,dgekt,0.7046810337843598
183785263154883249,4378721629787482518,300471914551172981,1,2,dgekt,0.7093846200596751
183785263154883249,4813462692425748605,300471914551172981,0,2,dgekt,0.6741364189077859
183785263154883249,4644364625800006675,300471914551172981,0,2,dgekt,0.6930764061159737
183785263154883249,1062464292871659639,8573800373938698102,1,2,dgekt,0.6759404237757181
183785263154883249,5932668873100475470,300471914551172981,1,2,dgekt,0.7150362187944037
183785263154883249,5237822943399727048,8573800373938698102,1,2,dgekt,0.681528502467563
202753365794141304,300471914551172981,300471914551172981,0,2,dgekt,0.6745638510288963
202753365794141304,8573800373938698102,8573800373938698102,0,2,dgekt,0.6158782928636971
202753365794141304,2014268979504181100,300471914551172981,0,2,dgekt,0.6579761627678377
202753365794141304,2172169907340938753,300471914551172981,0,2,dgekt,0.6601629009518237
202753365794141304,8150806168444344502,300471914551172981,0,2,dgekt,0.6826293176705902
202753365794141304,816286915455981984,8573800373938698102,0,2,dgekt,0.6694408617155408
202753365794141304,1962751598315765836,300471914551172981,0,2,dgekt,0.6864122349754352
202753365794141304,7444476343858270082,300471914551172981,0,2,dgekt,0.6918328878647094
202753365794141304,2537821716777940730,300471914551172981,0,2,dgekt,0.6915561713098549
202753365794141304,1061301253559417093,300471914551172981,0,2,dgekt,0.6729951843043801
202753365794141304,8553379303363759508,300471914551172981,0,2,dgekt,0.6653109371521244
202753365794141304,6440511557387709110,300471914551172981,0,2,dgekt,0.6912793171580589
202753365794141304,7744513373483970787,8573800373938698102,0,2,dgekt,0.6226090257307791
202753365794141304,2971078979906996375,300471914551172981,0,2,dgekt,0.6824887411512989
202753365794141304,5841359775533910823,300471914551172981,0,2,dgekt,0.6518913235950976
202753365794141304,8621262567927479011,300471914551172981,0,2,dgekt,0.6898929870284579
202753365794141304,8434961942249729798,8573800373938698102,1,2,dgekt,0.6567596999128485
202753365794141304,2322042198017538996,8573800373938698102,1,2,dgekt,0.657125247454589
202753365794141304,1742185772413642127,300471914551172981,0,2,dgekt,0.695829735714841
202753365794141304,2334639155148655290,8573800373938698102,1,2,dgekt,0.6636005123697934
202753365794141304,7660717256841499384,300471914551172981,1,2,dgekt,0.7099861493150671
202753365794141304,4113615466659810841,300471914551172981,0,2,dgekt,0.695417622992899
202753365794141304,6125574002232610732,300471914551172981,0,2,dgekt,0.6609630033818568
202753365794141304,2774368076249802464,8573800373938698102,1,2,dgekt,0.6520643880721613
202753365794141304,8903365289186067945,8573800373938698102,1,2,dgekt,0.6544891681878957
202753365794141304,6925932688889117475,300471914551172981,1,2,dgekt,0.7142423628524948
202753365794141304,8194071366621068887,8573800373938698102,1,2,dgekt,0.6311072193883981
202753365794141304,2986660907093963186,300471914551172981,0,2,dgekt,0.7195095749929978
202753365794141304,7591109345808921544,300471914551172981,0,2,dgekt,0.6961729231066154
202753365794141304,625545550176685521,8573800373938698102,0,2,dgekt,0.6656973680354613
202753365794141304,1761868641361943332,8573800373938698102,0,2,dgekt,0.6763666255911174
202753365794141304,4824259625677886603,300471914551172981,0,2,dgekt,0.6934902903902386
202753365794141304,8450591260754163598,8573800373938698102,0,2,dgekt,0.6527264801586597
202753365794141304,1553079256999111676,300471914551172981,0,2,dgekt,0.6988422729454801
202753365794141304,3220231712819306119,8573800373938698102,0,2,dgekt,0.6591688617405917
202753365794141304,338807275221326836,300471914551172981,1,2,dgekt,0.6873889851450635
202753365794141304,8525319303741530302,8573800373938698102,0,2,dgekt,0.6610612214005206
202753365794141304,6587421150596252277,300471914551172981,0,2,dgekt,0.7025839470154979
202753365794141304,5891620578387310353,300471914551172981,1,2,dgekt,0.6850140077059866
202753365794141304,5791250638486922978,300471914551172981,1,2,dgekt,0.7033290574008343
202753365794141304,4031585874086886353,8573800373938698102,1,2,dgekt,0.6748736428279047
202753365794141304,2083452711903133430,8573800373938698102,0,2,dgekt,0.6981831045958949
202753365794141304,6319743179241711738,8573800373938698102,0,2,dgekt,0.6769344395726814
202753365794141304,8628686323660025649,300471914551172981,0,2,dgekt,0.7046810337843598
202753365794141304,4378721629787482518,300471914551172981,0,2,dgekt,0.7093846200596751
202753365794141304,4813462692425748605,300471914551172981,0,2,dgekt,0.6741364189077859
202753365794141304,4644364625800006675,300471914551172981,0,2,dgekt,0.6930764061159737
202753365794141304,1062464292871659639,8573800373938698102,0,2,dgekt,0.6759404237757181
202753365794141304,5932668873100475470,300471914551172981,0,2,dgekt,0.7150362187944037
202753365794141304,5237822943399727048,8573800373938698102,0,2,dgekt,0.681528502467563
205393967108015211,300471914551172981,300471914551172981,0,2,dgekt,0.6745638510288963
205393967108015211,8573800373938698102,8573800373938698102,0,2,dgekt,0.6158782928636971
205393967108015211,2014268979504181100,300471914551172981,0,2,dgekt,0.6579761627678377
205393967108015211,2172169907340938753,300471914551172981,0,2,dgekt,0.6601629009518237
205393967108015211,8150806168444344502,300471914551172981,1,2,dgekt,0.6826293176705902
205393967108015211,816286915455981984,8573800373938698102,1,2,dgekt,0.6694408617155408
205393967108015211,1962751598315765836,300471914551172981,0,2,dgekt,0.6864122349754352
205393967108015211,7444476343858270082,300471914551172981,0,2,dgekt,0.6918328878647094
205393967108015211,2537821716777940730,300471914551172981,0,2,dgekt,0.6915561713098549
205393967108015211,1061301253559417093,300471914551172981,0,2,dgekt,0.6729951843043801
205393967108015211,8553379303363759508,300471914551172981,0,2,dgekt,0.6653109371521244
205393967108015211,6440511557387709110,300471914551172981,1,2,dgekt,0.6912793171580589
205393967108015211,7744513373483970787,8573800373938698102,0,2,dgekt,0.6226090257307791
205393967108015211,2971078979906996375,300471914551172981,0,2,dgekt,0.6824887411512989
205393967108015211,5841359775533910823,300471914551172981,1,2,dgekt,0.6518913235950976
205393967108015211,8621262567927479011,300471914551172981,0,2,dgekt,0.6898929870284579
205393967108015211,8434961942249729798,8573800373938698102,0,2,dgekt,0.6567596999128485
205393967108015211,2322042198017538996,8573800373938698102,1,2,dgekt,0.657125247454589
205393967108015211,1742185772413642127,300471914551172981,0,2,dgekt,0.695829735714841
205393967108015211,2334639155148655290,8573800373938698102,0,2,dgekt,0.6636005123697934
205393967108015211,7660717256841499384,300471914551172981,0,2,dgekt,0.7099861493150671
205393967108015211,4113615466659810841,300471914551172981,0,2,dgekt,0.695417622992899
205393967108015211,6125574002232610732,300471914551172981,1,2,dgekt,0.6609630033818568
205393967108015211,2774368076249802464,8573800373938698102,0,2,dgekt,0.6520643880721613
205393967108015211,8903365289186067945,8573800373938698102,0,2,dgekt,0.6544891681878957
205393967108015211,6925932688889117475,300471914551172981,0,2,dgekt,0.7142423628524948
205393967108015211,8194071366621068887,8573800373938698102,0,2,dgekt,0.6311072193883981
205393967108015211,2986660907093963186,300471914551172981,1,2,dgekt,0.7195095749929978
205393967108015211,7591109345808921544,300471914551172981,0,2,dgekt,0.6961729231066154
205393967108015211,625545550176685521,8573800373938698102,1,2,dgekt,0.6656973680354613
205393967108015211,1761868641361943332,8573800373938698102,1,2,dgekt,0.6763666255911174
205393967108015211,4824259625677886603,300471914551172981,1,2,dgekt,0.6934902903902386
205393967108015211,8450591260754163598,8573800373938698102,1,2,dgekt,0.6527264801586597
205393967108015211,1553079256999111676,300471914551172981,0,2,dgekt,0.6988422729454801
205393967108015211,3220231712819306119,8573800373938698102,1,2,dgekt,0.6591688617405917
205393967108015211,338807275221326836,300471914551172981,0,2,dgekt,0.6873889851450635
205393967108015211,8525319303741530302,8573800373938698102,0,2,dgekt,0.6610612214005206
205393967108015211,6587421150596252277,300471914551172981,0,2,dgekt,0.7025839470154979
205393967108015211,5891620578387310353,300471914551172981,0,2,dgekt,0.6850140077059866
205393967108015211,5791250638486922978,300471914551172981,0,2,dgekt,0.7033290574008343
205393967108015211,4031585874086886353,8573800373938698102,0,2,dgekt,0.6748736428279047
205393967108015211,2083452711903133430,8573800373938698102,1,2,dgekt,0.6981831045958949
205393967108015211,6319743179241711738,8573800373938698102,1,2,dgekt,0.6769344395726814
205393967108015211,8628686323660025649,300471914551172981,1,2,dgekt,0.7046810337843598
205393967108015211,4378721629787482518,300471914551172981,0,2,dgekt,0.7093846200596751
205393967108015211,4813462692425748605,300471914551172981,0,2,dgekt,0.6741364189077859
205393967108015211,4644364625800006675,300471914551172981,0,2,dgekt,0.6930764061159737
205393967108015211,1062464292871659639,8573800373938698102,1,2,dgekt,0.6759404237757181
205393967108015211,5932668873100475470,300471914551172981,1,2,dgekt,0.7150362187944037
205393967108015211,5237822943399727048,8573800373938698102,0,2,dgekt,0.681528502467563
214016565839122712,300471914551172981,300471914551172981,0,2,dgekt,0.6745638510288963
214016565839122712,8573800373938698102,8573800373938698102,0,2,dgekt,0.6158782928636971
214016565839122712,2014268979504181100,300471914551172981,0,2,dgekt,0.6579761627678377
214016565839122712,2172169907340938753,300471914551172981,0,2,dgekt,0.6601629009518237
214016565839122712,8150806168444344502,300471914551172981,1,2,dgekt,0.6826293176705902
214016565839122712,816286915455981984,8573800373938698102,0,2,dgekt,0.6694408617155408
214016565839122712,1962751598315765836,300471914551172981,1,2,dgekt,0.6864122349754352
214016565839122712,7444476343858270082,300471914551172981,0,2,dgekt,0.6918328878647094
214016565839122712,2537821716777940730,300471914551172981,1,2,dgekt,0.6915561713098549
214016565839122712,1061301253559417093,300471914551172981,0,2,dgekt,0.6729951843043801
214016565839122712,8553379303363759508,300471914551172981,1,2,dgekt,0.6653109371521244
214016565839122712,6440511557387709110,300471914551172981,0,2,dgekt,0.6912793171580589
214016565839122712,7744513373483970787,8573800373938698102,0,2,dgekt,0.6226090257307791
214016565839122712,2971078979906996375,300471914551172981,0,2,dgekt,0.6824887411512989
214016565839122712,5841359775533910823,300471914551172981,0,2,dgekt,0.6518913235950976
214016565839122712,8621262567927479011,300471914551172981,0,2,dgekt,0.6898929870284579
214016565839122712,8434961942249729798,8573800373938698102,0,2,dgekt,0.6567596999128485
214016565839122712,2322042198017538996,8573800373938698102,0,2,dgekt,0.657125247454589
214016565839122712,1742185772413642127,300471914551172981,0,2,dgekt,0.695829735714841
214016565839122712,2334639155148655290,8573800373938698102,0,2,dgekt,0.6636005123697934
214016565839122712,7660717256841499384,300471914551172981,1,2,dgekt,0.7099861493150671
214016565839122712,4113615466659810841,300471914551172981,0,2,dgekt,0.695417622992899
214016565839122712,6125574002232610732,300471914551172981,0,2,dgekt,0.6609630033818568
214016565839122712,2774368076249802464,8573800373938698102,0,2,dgekt,0.6520643880721613
214016565839122712,8903365289186067945,8573800373938698102,1,2,dgekt,0.6544891681878957
214016565839122712,6925932688889117475,300471914551172981,0,2,dgekt,0.7142423628524948
214016565839122712,8194071366621068887,8573800373938698102,1,2,dgekt,0.6311072193883981
214016565839122712,2986660907093963186,300471914551172981,1,2,dgekt,0.7195095749929978
214016565839122712,7591109345808921544,300471914551172981,0,2,dgekt,0.6961729231066154
214016565839122712,625545550176685521,8573800373938698102,0,2,dgekt,0.6656973680354613
214016565839122712,1761868641361943332,8573800373938698102,0,2,dgekt,0.6763666255911174
214016565839122712,4824259625677886603,300471914551172981,1,2,dgekt,0.6934902903902386
214016565839122712,8450591260754163598,8573800373938698102,0,2,dgekt,0.6527264801586597
214016565839122712,1553079256999111676,300471914551172981,0,2,dgekt,0.6988422729454801
214016565839122712,3220231712819306119,8573800373938698102,0,2,dgekt,0.6591688617405917
214016565839122712,338807275221326836,300471914551172981,0,2,dgekt,0.6873889851450635
214016565839122712,8525319303741530302,8573800373938698102,0,2,dgekt,0.6610612214005206
214016565839122712,6587421150596252277,300471914551172981,1,2,dgekt,0.7025839470154979
214016565839122712,5891620578387310353,300471914551172981,1,2,dgekt,0.6850140077059866
214016565839122712,5791250638486922978,300471914551172981,1,2,dgekt,0.7033290574008343
214016565839122712,4031585874086886353,8573800373938698102,0,2,dgekt,0.6748736428279047
214016565839122712,2083452711903133430,8573800373938698102,0,2,dgekt,0.6981831045958949
214016565839122712,6319743179241711738,8573800373938698102,0,2,dgekt,0.6769344395726814
214016565839122712,8628686323660025649,300471914551172981,0,2,dgekt,0.7046810337843598
214016565839122712,4378721629787482518,300471914551172981,1,2,dgekt,0.7093846200596751
214016565839122712,4813462692425748605,300471914551172981,0,2,dgekt,0.6741364189077859
214016565839122712,4644364625800006675,300471914551172981,0,2,dgekt,0.6930764061159737
214016565839122712,1062464292871659639,8573800373938698102,0,2,dgekt,0.6759404237757181
214016565839122712,5932668873100475470,300471914551172981,0,2,dgekt,0.7150362187944037
214016565839122712,5237822943399727048,8573800373938698102,0,2,dgekt,0.681528502467563
241971033199468642,300471914551172981,300471914551172981,1,2,dgekt,0.6745638510288963
241971033199468642,8573800373938698102,8573800373938698102,0,2,dgekt,0.6158782928636971
241971033199468642,2014268979504181100,300471914551172981,0,2,dgekt,0.6579761627678377
241971033199468642,2172169907340938753,300471914551172981,0,2,dgekt,0.6601629009518237
241971033199468642,8150806168444344502,300471914551172981,0,2,dgekt,0.6826293176705902
241971033199468642,816286915455981984,8573800373938698102,1,2,dgekt,0.6694408617155408
241971033199468642,1962751598315765836,300471914551172981,0,2,dgekt,0.6864122349754352
241971033199468642,7444476343858270082,300471914551172981,1,2,dgekt,0.6918328878647094
241971033199468642,2537821716777940730,300471914551172981,0,2,dgekt,0.6915561713098549
241971033199468642,1061301253559417093,300471914551172981,1,2,dgekt,0.6729951843043801
241971033199468642,8553379303363759508,300471914551172981,0,2,dgekt,0.6653109371521244
241971033199468642,6440511557387709110,300471914551172981,1,2,dgekt,0.6912793171580589
241971033199468642,7744513373483970787,8573800373938698102,0,2,dgekt,0.6226090257307791
241971033199468642,2971078979906996375,300471914551172981,1,2,dgekt,0.6824887411512989
241971033199468642,5841359775533910823,300471914551172981,1,2,dgekt,0.6518913235950976
241971033199468642,8621262567927479011,300471914551172981,0,2,dgekt,0.6898929870284579
241971033199468642,8434961942249729798,8573800373938698102,1,2,dgekt,0.6567596999128485
241971033199468642,2322042198017538996,8573800373938698102,0,2,dgekt,0.657125247454589
241971033199468642,1742185772413642127,300471914551172981,1,2,dgekt,0.695829735714841
241971033199468642,2334639155148655290,8573800373938698102,0,2,dgekt,0.6636005123697934
241971033199468642,7660717256841499384,300471914551172981,1,2,dgekt,0.7099861493150671
241971033199468642,4113615466659810841,300471914551172981,1,2,dgekt,0.695417622992899
241971033199468642,6125574002232610732,300471914551172981,0,2,dgekt,0.6609630033818568
241971033199468642,2774368076249802464,8573800373938698102,0,2,dgekt,0.6520643880721613
241971033199468642,8903365289186067945,8573800373938698102,0,2,dgekt,0.6544891681878957
241971033199468642,6925932688889117475,300471914551172981,1,2,dgekt,0.7142423628524948
241971033199468642,8194071366621068887,8573800373938698102,1,2,dgekt,0.6311072193883981
241971033199468642,2986660907093963186,300471914551172981,1,2,dgekt,0.7195095749929978
241971033199468642,7591109345808921544,300471914551172981,1,2,dgekt,0.6961729231066154
241971033199468642,625545550176685521,8573800373938698102,0,2,dgekt,0.6656973680354613
241971033199468642,1761868641361943332,8573800373938698102,1,2,dgekt,0.6763666255911174
241971033199468642,4824259625677886603,300471914551172981,1,2,dgekt,0.6934902903902386
241971033199468642,8450591260754163598,8573800373938698102,0,2,dgekt,0.6527264801586597
241971033199468642,1553079256999111676,300471914551172981,1,2,dgekt,0.6988422729454801
241971033199468642,3220231712819306119,8573800373938698102,0,2,dgekt,0.6591688617405917
241971033199468642,338807275221326836,300471914551172981,1,2,dgekt,0.6873889851450635
241971033199468642,8525319303741530302,8573800373938698102,0,2,dgekt,0.6610612214005206
241971033199468642,6587421150596252277,300471914551172981,1,2,dgekt,0.7025839470154979
241971033199468642,5891620578387310353,300471914551172981,1,2,dgekt,0.6850140077059866
241971033199468642,5791250638486922978,300471914551172981,1,2,dgekt,0.7033290574008343
241971033199468642,4031585874086886353,8573800373938698102,0,2,dgekt,0.6748736428279047
241971033199468642,2083452711903133430,8573800373938698102,1,2,dgekt,0.6981831045958949
241971033199468642,6319743179241711738,8573800373938698102,0,2,dgekt,0.6769344395726814
241971033199468642,8628686323660025649,300471914551172981,1,2,dgekt,0.7046810337843598
241971033199468642,4378721629787482518,300471914551172981,0,2,dgekt,0.7093846200596751
241971033199468642,4813462692425748605,300471914551172981,0,2,dgekt,0.6741364189077859
241971033199468642,4644364625800006675,300471914551172981,1,2,dgekt,0.6930764061159737
241971033199468642,1062464292871659639,8573800373938698102,1,2,dgekt,0.6759404237757181
241971033199468642,5932668873100475470,300471914551172981,1,2,dgekt,0.7150362187944037
241971033199468642,5237822943399727048,8573800373938698102,1,2,dgekt,0.681528502467563
260274888812095134,300471914551172981,300471914551172981,1,2,dgekt,0.6745638510288963
260274888812095134,8573800373938698102,8573800373938698102,1,2,dgekt,0.6158782928636971
260274888812095134,2014268979504181100,300471914551172981,1,2,dgekt,0.6579761627678377
260274888812095134,2172169907340938753,300471914551172981,0,2,dgekt,0.6601629009518237
260274888812095134,8150806168444344502,300471914551172981,0,2,dgekt,0.6826293176705902
260274888812095134,816286915455981984,8573800373938698102,1,2,dgekt,0.6694408617155408
260274888812095134,1962751598315765836,300471914551172981,0,2,dgekt,0.6864122349754352
260274888812095134,7444476343858270082,300471914551172981,0,2,dgekt,0.6918328878647094
260274888812095134,2537821716777940730,300471914551172981,0,2,dgekt,0.6915561713098549
260274888812095134,1061301253559417093,300471914551172981,0,2,dgekt,0.6729951843043801
260274888812095134,8553379303363759508,300471914551172981,0,2,dgekt,0.6653109371521244
260274888812095134,6440511557387709110,300471914551172981,0,2,dgekt,0.6912793171580589
260274888812095134,7744513373483970787,8573800373938698102,1,2,dgekt,0.6226090257307791
260274888812095134,2971078979906996375,300471914551172981,0,2,dgekt,0.6824887411512989
260274888812095134,5841359775533910823,300471914551172981,0,2,dgekt,0.6518913235950976
260274888812095134,8621262567927479011,300471914551172981,0,2,dgekt,0.6898929870284579
260274888812095134,8434961942249729798,8573800373938698102,1,2,dgekt,0.6567596999128485
260274888812095134,2322042198017538996,8573800373938698102,1,2,dgekt,0.657125247454589
260274888812095134,1742185772413642127,300471914551172981,1,2,dgekt,0.695829735714841
260274888812095134,2334639155148655290,8573800373938698102,1,2,dgekt,0.6636005123697934
260274888812095134,7660717256841499384,300471914551172981,0,2,dgekt,0.7099861493150671
260274888812095134,4113615466659810841,300471914551172981,0,2,dgekt,0.695417622992899
260274888812095134,6125574002232610732,300471914551172981,0,2,dgekt,0.6609630033818568
260274888812095134,2774368076249802464,8573800373938698102,1,2,dgekt,0.6520643880721613
260274888812095134,8903365289186067945,8573800373938698102,1,2,dgekt,0.6544891681878957
260274888812095134,6925932688889117475,300471914551172981,0,2,dgekt,0.7142423628524948
260274888812095134,8194071366621068887,8573800373938698102,1,2,dgekt,0.6311072193883981
260274888812095134,2986660907093963186,300471914551172981,0,2,dgekt,0.7195095749929978
260274888812095134,7591109345808921544,300471914551172981,0,2,dgekt,0.6961729231066154
260274888812095134,625545550176685521,8573800373938698102,1,2,dgekt,0.6656973680354613
260274888812095134,1761868641361943332,8573800373938698102,1,2,dgekt,0.6763666255911174
260274888812095134,4824259625677886603,300471914551172981,0,2,dgekt,0.6934902903902386
260274888812095134,8450591260754163598,8573800373938698102,1,2,dgekt,0.6527264801586597
260274888812095134,1553079256999111676,300471914551172981,0,2,dgekt,0.6988422729454801
260274888812095134,3220231712819306119,8573800373938698102,1,2,dgekt,0.6591688617405917
260274888812095134,338807275221326836,300471914551172981,0,2,dgekt,0.6873889851450635
260274888812095134,8525319303741530302,8573800373938698102,1,2,dgekt,0.6610612214005206
260274888812095134,6587421150596252277,300471914551172981,1,2,dgekt,0.7025839470154979
260274888812095134,5891620578387310353,300471914551172981,1,2,dgekt,0.6850140077059866
260274888812095134,5791250638486922978,300471914551172981,1,2,dgekt,0.7033290574008343
260274888812095134,4031585874086886353,8573800373938698102,1,2,dgekt,0.6748736428279047
260274888812095134,2083452711903133430,8573800373938698102,1,2,dgekt,0.6981831045958949
260274888812095134,6319743179241711738,8573800373938698102,1,2,dgekt,0.6769344395726814
260274888812095134,8628686323660025649,300471914551172981,1,2,dgekt,0.7046810337843598
260274888812095134,4378721629787482518,300471914551172981,0,2,dgekt,0.7093846200596751
260274888812095134,4813462692425748605,300471914551172981,1,2,dgekt,0.6741364189077859
260274888812095134,4644364625800006675,300471914551172981,0,2,dgekt,0.6930764061159737
260274888812095134,1062464292871659639,8573800373938698102,1,2,dgekt,0.6759404237757181
260274888812095134,5932668873100475470,300471914551172981,0,2,dgekt,0.7150362187944037
260274888812095134,5237822943399727048,8573800373938698102,1,2,dgekt,0.681528502467563
343876738781606645,300471914551172981,300471914551172981,1,2,dgekt,0.6745638510288963
343876738781606645,8573800373938698102,8573800373938698102,0,2,dgekt,0.6158782928636971
343876738781606645,2014268979504181100,300471914551172981,1,2,dgekt,0.6579761627678377
343876738781606645,2172169907340938753,300471914551172981,0,2,dgekt,0.6601629009518237
343876738781606645,8150806168444344502,300471914551172981,1,2,dgekt,0.6826293176705902
343876738781606645,816286915455981984,8573800373938698102,1,2,dgekt,0.6694408617155408
343876738781606645,1962751598315765836,300471914551172981,1,2,dgekt,0.6864122349754352
343876738781606645,7444476343858270082,300471914551172981,1,2,dgekt,0.6918328878647094
343876738781606645,2537821716777940730,300471914551172981,1,2,dgekt,0.6915561713098549
343876738781606645,1061301253559417093,300471914551172981,1,2,dgekt,0.6729951843043801
343876738781606645,8553379303363759508,300471914551172981,1,2,dgekt,0.6653109371521244
343876738781606645,6440511557387709110,300471914551172981,1,2,dgekt,0.6912793171580589
343876738781606645,7744513373483970787,8573800373938698102,1,2,dgekt,0.6226090257307791
343876738781606645,2971078979906996375,300471914551172981,1,2,dgekt,0.6824887411512989
343876738781606645,5841359775533910823,300471914551172981,1,2,dgekt,0.6518913235950976
343876738781606645,8621262567927479011,300471914551172981,1,2,dgekt,0.6898929870284579
343876738781606645,8434961942249729798,8573800373938698102,1,2,dgekt,0.6567596999128485
343876738781606645,2322042198017538996,8573800373938698102,1,2,dgekt,0.657125247454589
343876738781606645,1742185772413642127,300471914551172981,1,2,dgekt,0.695829735714841
343876738781606645,2334639155148655290,8573800373938698102,1,2,dgekt,0.6636005123697934
343876738781606645,7660717256841499384,300471914551172981,1,2,dgekt,0.7099861493150671
343876738781606645,4113615466659810841,300471914551172981,1,2,dgekt,0.695417622992899
343876738781606645,6125574002232610732,300471914551172981,1,2,dgekt,0.6609630033818568
343876738781606645,2774368076249802464,8573800373938698102,0,2,dgekt,0.6520643880721613
343876738781606645,8903365289186067945,8573800373938698102,0,2,dgekt,0.6544891681878957
343876738781606645,6925932688889117475,300471914551172981,1,2,dgekt,0.7142423628524948
343876738781606645,8194071366621068887,8573800373938698102,0,2,dgekt,0.6311072193883981
343876738781606645,2986660907093963186,300471914551172981,1,2,dgekt,0.7195095749929978
343876738781606645,7591109345808921544,300471914551172981,1,2,dgekt,0.6961729231066154
343876738781606645,625545550176685521,8573800373938698102,1,2,dgekt,0.6656973680354613
343876738781606645,1761868641361943332,8573800373938698102,1,2,dgekt,0.6763666255911174
343876738781606645,4824259625677886603,300471914551172981,1,2,dgekt,0.6934902903902386
343876738781606645,8450591260754163598,8573800373938698102,1,2,dgekt,0.6527264801586597
343876738781606645,1553079256999111676,300471914551172981,0,2,dgekt,0.6988422729454801
343876738781606645,3220231712819306119,8573800373938698102,0,2,dgekt,0.6591688617405917
343876738781606645,338807275221326836,300471914551172981,1,2,dgekt,0.6873889851450635
343876738781606645,8525319303741530302,8573800373938698102,1,2,dgekt,0.6610612214005206
343876738781606645,6587421150596252277,300471914551172981,1,2,dgekt,0.7025839470154979
343876738781606645,5891620578387310353,300471914551172981,1,2,dgekt,0.6850140077059866
343876738781606645,5791250638486922978,300471914551172981,1,2,dgekt,0.7033290574008343
343876738781606645,4031585874086886353,8573800373938698102,1,2,dgekt,0.6748736428279047
343876738781606645,2083452711903133430,8573800373938698102,1,2,dgekt,0.6981831045958949
343876738781606645,6319743179241711738,8573800373938698102,1,2,dgekt,0.6769344395726814
343876738781606645,8628686323660025649,300471914551172981,1,2,dgekt,0.7046810337843598
343876738781606645,4378721629787482518,300471914551172981,1,2,dgekt,0.7093846200596751
343876738781606645,4813462692425748605,300471914551172981,1,2,dgekt,0.6741364189077859
343876738781606645,4644364625800006675,300471914551172981,1,2,dgekt,0.6930764061159737
343876738781606645,1062464292871659639,8573800373938698102,1,2,dgekt,0.6759404237757181
343876738781606645,5932668873100475470,300471914551172981,1,2,dgekt,0.7150362187944037
343876738781606645,5237822943399727048,8573800373938698102,1,2,dgekt,0.681528502467563
358971589308565901,300471914551172981,300471914551172981,1,2,dgekt,0.6745638510288963
358971589308565901,8573800373938698102,8573800373938698102,0,2,dgekt,0.6158782928636971
358971589308565901,2014268979504181100,300471914551172981,1,2,dgekt,0.6579761627678377
358971589308565901,2172169907340938753,300471914551172981,1,2,dgekt,0.6601629009518237
358971589308565901,8150806168444344502,300471914551172981,1,2,dgekt,0.6826293176705902
358971589308565901,816286915455981984,8573800373938698102,0,2,dgekt,0.6694408617155408
358971589308565901,1962751598315765836,300471914551172981,1,2,dgekt,0.6864122349754352
358971589308565901,7444476343858270082,300471914551172981,1,2,dgekt,0.6918328878647094
358971589308565901,2537821716777940730,300471914551172981,1,2,dgekt,0.6915561713098549
358971589308565901,1061301253559417093,300471914551172981,1,2,dgekt,0.6729951843043801
358971589308565901,8553379303363759508,300471914551172981,1,2,dgekt,0.6653109371521244
358971589308565901,6440511557387709110,300471914551172981,1,2,dgekt,0.6912793171580589
358971589308565901,7744513373483970787,8573800373938698102,1,2,dgekt,0.6226090257307791
358971589308565901,2971078979906996375,300471914551172981,1,2,dgekt,0.6824887411512989
358971589308565901,5841359775533910823,300471914551172981,1,2,dgekt,0.6518913235950976
358971589308565901,8621262567927479011,300471914551172981,1,2,dgekt,0.6898929870284579
358971589308565901,8434961942249729798,8573800373938698102,0,2,dgekt,0.6567596999128485
358971589308565901,2322042198017538996,8573800373938698102,0,2,dgekt,0.657125247454589
358971589308565901,1742185772413642127,300471914551172981,1,2,dgekt,0.695829735714841
358971589308565901,2334639155148655290,8573800373938698102,1,2,dgekt,0.6636005123697934
358971589308565901,7660717256841499384,300471914551172981,1,2,dgekt,0.7099861493150671
358971589308565901,4113615466659810841,300471914551172981,1,2,dgekt,0.695417622992899
358971589308565901,6125574002232610732,300471914551172981,1,2,dgekt,0.6609630033818568
358971589308565901,2774368076249802464,8573800373938698102,0,2,dgekt,0.6520643880721613
358971589308565901,8903365289186067945,8573800373938698102,0,2,dgekt,0.6544891681878957
358971589308565901,6925932688889117475,300471914551172981,1,2,dgekt,0.7142423628524948
358971589308565901,8194071366621068887,8573800373938698102,0,2,dgekt,0.6311072193883981
358971589308565901,2986660907093963186,300471914551172981,1,2,dgekt,0.7195095749929978
358971589308565901,7591109345808921544,300471914551172981,1,2,dgekt,0.6961729231066154
358971589308565901,625545550176685521,8573800373938698102,0,2,dgekt,0.6656973680354613
358971589308565901,1761868641361943332,8573800373938698102,0,2,dgekt,0.6763666255911174
358971589308565901,4824259625677886603,300471914551172981,1,2,dgekt,0.6934902903902386
358971589308565901,8450591260754163598,8573800373938698102,0,2,dgekt,0.6527264801586597
358971589308565901,1553079256999111676,300471914551172981,1,2,dgekt,0.6988422729454801
358971589308565901,3220231712819306119,8573800373938698102,1,2,dgekt,0.6591688617405917
358971589308565901,338807275221326836,300471914551172981,1,2,dgekt,0.6873889851450635
358971589308565901,8525319303741530302,8573800373938698102,0,2,dgekt,0.6610612214005206
358971589308565901,6587421150596252277,300471914551172981,1,2,dgekt,0.7025839470154979
358971589308565901,5891620578387310353,300471914551172981,1,2,dgekt,0.6850140077059866
358971589308565901,5791250638486922978,300471914551172981,1,2,dgekt,0.7033290574008343
358971589308565901,4031585874086886353,8573800373938698102,0,2,dgekt,0.6748736428279047
358971589308565901,2083452711903133430,8573800373938698102,0,2,dgekt,0.6981831045958949
358971589308565901,6319743179241711738,8573800373938698102,0,2,dgekt,0.6769344395726814
358971589308565901,8628686323660025649,300471914551172981,1,2,dgekt,0.7046810337843598
358971589308565901,4378721629787482518,300471914551172981,1,2,dgekt,0.7093846200596751
358971589308565901,4813462692425748605,300471914551172981,1,2,dgekt,0.6741364189077859
358971589308565901,4644364625800006675,300471914551172981,1,2,dgekt,0.6930764061159737
358971589308565901,1062464292871659639,8573800373938698102,0,2,dgekt,0.6759404237757181
358971589308565901,5932668873100475470,300471914551172981,1,2,dgekt,0.7150362187944037
358971589308565901,5237822943399727048,8573800373938698102,0,2,dgekt,0.681528502467563
384764315619426508,300471914551172981,300471914551172981,1,2,dgekt,0.6745638510288963
384764315619426508,8573800373938698102,8573800373938698102,1,2,dgekt,0.6158782928636971
384764315619426508,2014268979504181100,300471914551172981,1,2,dgekt,0.6579761627678377
384764315619426508,2172169907340938753,300471914551172981,1,2,dgekt,0.6601629009518237
384764315619426508,8150806168444344502,300471914551172981,1,2,dgekt,0.6826293176705902
384764315619426508,816286915455981984,8573800373938698102,1,2,dgekt,0.6694408617155408
384764315619426508,1962751598315765836,300471914551172981,1,2,dgekt,0.6864122349754352
384764315619426508,7444476343858270082,300471914551172981,1,2,dgekt,0.6918328878647094
384764315619426508,2537821716777940730,300471914551172981,1,2,dgekt,0.6915561713098549
384764315619426508,1061301253559417093,300471914551172981,1,2,dgekt,0.6729951843043801
384764315619426508,8553379303363759508,300471914551172981,1,2,dgekt,0.6653109371521244
384764315619426508,6440511557387709110,300471914551172981,1,2,dgekt,0.6912793171580589
384764315619426508,7744513373483970787,8573800373938698102,1,2,dgekt,0.6226090257307791
384764315619426508,2971078979906996375,300471914551172981,1,2,dgekt,0.6824887411512989
384764315619426508,5841359775533910823,300471914551172981,1,2,dgekt,0.6518913235950976
384764315619426508,8621262567927479011,300471914551172981,1,2,dgekt,0.6898929870284579
384764315619426508,8434961942249729798,8573800373938698102,1,2,dgekt,0.6567596999128485
384764315619426508,2322042198017538996,8573800373938698102,1,2,dgekt,0.657125247454589
384764315619426508,1742185772413642127,300471914551172981,1,2,dgekt,0.695829735714841
384764315619426508,2334639155148655290,8573800373938698102,0,2,dgekt,0.6636005123697934
384764315619426508,7660717256841499384,300471914551172981,1,2,dgekt,0.7099861493150671
384764315619426508,4113615466659810841,300471914551172981,1,2,dgekt,0.695417622992899
384764315619426508,6125574002232610732,300471914551172981,1,2,dgekt,0.6609630033818568
384764315619426508,2774368076249802464,8573800373938698102,0,2,dgekt,0.6520643880721613
384764315619426508,8903365289186067945,8573800373938698102,0,2,dgekt,0.6544891681878957
384764315619426508,6925932688889117475,300471914551172981,1,2,dgekt,0.7142423628524948
384764315619426508,8194071366621068887,8573800373938698102,1,2,dgekt,0.6311072193883981
384764315619426508,2986660907093963186,300471914551172981,1,2,dgekt,0.7195095749929978
384764315619426508,7591109345808921544,300471914551172981,1,2,dgekt,0.6961729231066154
384764315619426508,625545550176685521,8573800373938698102,0,2,dgekt,0.6656973680354613
384764315619426508,1761868641361943332,8573800373938698102,1,2,dgekt,0.6763666255911174
384764315619426508,4824259625677886603,300471914551172981,1,2,dgekt,0.6934902903902386
384764315619426508,8450591260754163598,8573800373938698102,0,2,dgekt,0.6527264801586597
384764315619426508,1553079256999111676,300471914551172981,1,2,dgekt,0.6988422729454801
384764315619426508,3220231712819306119,8573800373938698102,1,2,dgekt,0.6591688617405917
384764315619426508,338807275221326836,300471914551172981,1,2,dgekt,0.6873889851450635
384764315619426508,8525319303741530302,8573800373938698102,1,2,dgekt,0.6610612214005206
384764315619426508,6587421150596252277,300471914551172981,1,2,dgekt,0.7025839470154979
384764315619426508,5891620578387310353,300471914551172981,1,2,dgekt,0.6850140077059866
384764315619426508,5791250638486922978,300471914551172981,1,2,dgekt,0.7033290574008343
384764315619426508,4031585874086886353,8573800373938698102,0,2,dgekt,0.6748736428279047
384764315619426508,2083452711903133430,8573800373938698102,1,2,dgekt,0.6981831045958949
384764315619426508,6319743179241711738,8573800373938698102,1,2,dgekt,0.6769344395726814
384764315619426508,8628686323660025649,300471914551172981,1,2,dgekt,0.7046810337843598
384764315619426508,4378721629787482518,300471914551172981,1,2,dgekt,0.7093846200596751
384764315619426508,4813462692425748605,300471914551172981,1,2,dgekt,0.6741364189077859
384764315619426508,4644364625800006675,300471914551172981,1,2,dgekt,0.6930764061159737
384764315619426508,1062464292871659639,8573800373938698102,1,2,dgekt,0.6759404237757181
384764315619426508,5932668873100475470,300471914551172981,1,2,dgekt,0.7150362187944037
384764315619426508,5237822943399727048,8573800373938698102,1,2,dgekt,0.681528502467563
408067404290575866,300471914551172981,300471914551172981,0,2,dgekt,0.6745638510288963
408067404290575866,8573800373938698102,8573800373938698102,0,2,dgekt,0.6158782928636971
408067404290575866,2014268979504181100,300471914551172981,1,2,dgekt,0.6579761627678377
408067404290575866,2172169907340938753,300471914551172981,0,2,dgekt,0.6601629009518237
408067404290575866,8150806168444344502,300471914551172981,1,2,dgekt,0.6826293176705902
408067404290575866,816286915455981984,8573800373938698102,1,2,dgekt,0.6694408617155408
408067404290575866,1962751598315765836,300471914551172981,1,2,dgekt,0.6864122349754352
408067404290575866,7444476343858270082,300471914551172981,1,2,dgekt,0.6918328878647094
408067404290575866,2537821716777940730,300471914551172981,1,2,dgekt,0.6915561713098549
408067404290575866,1061301253559417093,300471914551172981,1,2,dgekt,0.6729951843043801
408067404290575866,8553379303363759508,300471914551172981,1,2,dgekt,0.6653109371521244
408067404290575866,6440511557387709110,300471914551172981,1,2,dgekt,0.6912793171580589
408067404290575866,7744513373483970787,8573800373938698102,0,2,dgekt,0.6226090257307791
408067404290575866,2971078979906996375,300471914551172981,1,2,dgekt,0.6824887411512989
408067404290575866,5841359775533910823,300471914551172981,0,2,dgekt,0.6518913235950976
408067404290575866,8621262567927479011,300471914551172981,1,2,dgekt,0.6898929870284579
408067404290575866,8434961942249729798,8573800373938698102,0,2,dgekt,0.6567596999128485
408067404290575866,2322042198017538996,8573800373938698102,0,2,dgekt,0.657125247454589
408067404290575866,1742185772413642127,300471914551172981,1,2,dgekt,0.695829735714841
408067404290575866,2334639155148655290,8573800373938698102,1,2,dgekt,0.6636005123697934
408067404290575866,7660717256841499384,300471914551172981,1,2,dgekt,0.7099861493150671
408067404290575866,4113615466659810841,300471914551172981,1,2,dgekt,0.695417622992899
408067404290575866,6125574002232610732,300471914551172981,1,2,dgekt,0.6609630033818568
408067404290575866,2774368076249802464,8573800373938698102,1,2,dgekt,0.6520643880721613
408067404290575866,8903365289186067945,8573800373938698102,0,2,dgekt,0.6544891681878957
408067404290575866,6925932688889117475,300471914551172981,1,2,dgekt,0.7142423628524948
408067404290575866,8194071366621068887,8573800373938698102,0,2,dgekt,0.6311072193883981
408067404290575866,2986660907093963186,300471914551172981,1,2,dgekt,0.7195095749929978
408067404290575866,7591109345808921544,300471914551172981,1,2,dgekt,0.6961729231066154
408067404290575866,625545550176685521,8573800373938698102,0,2,dgekt,0.6656973680354613
408067404290575866,1761868641361943332,8573800373938698102,1,2,dgekt,0.6763666255911174
408067404290575866,4824259625677886603,300471914551172981,1,2,dgekt,0.6934902903902386
408067404290575866,8450591260754163598,8573800373938698102,0,2,dgekt,0.6527264801586597
408067404290575866,1553079256999111676,300471914551172981,1,2,dgekt,0.6988422729454801
408067404290575866,3220231712819306119,8573800373938698102,0,2,dgekt,0.6591688617405917
408067404290575866,338807275221326836,300471914551172981,1,2,dgekt,0.6873889851450635
408067404290575866,8525319303741530302,8573800373938698102,0,2,dgekt,0.6610612214005206
408067404290575866,6587421150596252277,300471914551172981,1,2,dgekt,0.7025839470154979
408067404290575866,5891620578387310353,300471914551172981,1,2,dgekt,0.6850140077059866
408067404290575866,5791250638486922978,300471914551172981,1,2,dgekt,0.7033290574008343
408067404290575866,4031585874086886353,8573800373938698102,0,2,dgekt,0.6748736428279047
408067404290575866,2083452711903133430,8573800373938698102,0,2,dgekt,0.6981831045958949
408067404290575866,6319743179241711738,8573800373938698102,0,2,dgekt,0.6769344395726814
408067404290575866,8628686323660025649,300471914551172981,1,2,dgekt,0.7046810337843598
408067404290575866,4378721629787482518,300471914551172981,1,2,dgekt,0.7093846200596751
408067404290575866,4813462692425748605,300471914551172981,1,2,dgekt,0.6741364189077859
408067404290575866,4644364625800006675,300471914551172981,1,2,dgekt,0.6930764061159737
408067404290575866,1062464292871659639,8573800373938698102,1,2,dgekt,0.6759404237757181
408067404290575866,5932668873100475470,300471914551172981,1,2,dgekt,0.7150362187944037
408067404290575866,5237822943399727048,8573800373938698102,0,2,dgekt,0.681528502467563
424015410816537326,300471914551172981,300471914551172981,1,2,dgekt,0.6745638510288963
424015410816537326,8573800373938698102,8573800373938698102,1,2,dgekt,0.6158782928636971
424015410816537326,2014268979504181100,300471914551172981,1,2,dgekt,0.6579761627678377
424015410816537326,2172169907340938753,300471914551172981,1,2,dgekt,0.6601629009518237
424015410816537326,8150806168444344502,300471914551172981,1,2,dgekt,0.6826293176705902
424015410816537326,816286915455981984,8573800373938698102,1,2,dgekt,0.6694408617155408
424015410816537326,1962751598315765836,300471914551172981,1,2,dgekt,0.6864122349754352
424015410816537326,7444476343858270082,300471914551172981,1,2,dgekt,0.6918328878647094
424015410816537326,2537821716777940730,300471914551172981,1,2,dgekt,0.6915561713098549
424015410816537326,1061301253559417093,300471914551172981,1,2,dgekt,0.6729951843043801
424015410816537326,8553379303363759508,300471914551172981,1,2,dgekt,0.6653109371521244
424015410816537326,6440511557387709110,300471914551172981,1,2,dgekt,0.6912793171580589
424015410816537326,7744513373483970787,8573800373938698102,0,2,dgekt,0.6226090257307791
424015410816537326,2971078979906996375,300471914551172981,1,2,dgekt,0.6824887411512989
424015410816537326,5841359775533910823,300471914551172981,1,2,dgekt,0.6518913235950976
424015410816537326,8621262567927479011,300471914551172981,1,2,dgekt,0.6898929870284579
424015410816537326,8434961942249729798,8573800373938698102,1,2,dgekt,0.6567596999128485
424015410816537326,2322042198017538996,8573800373938698102,0,2,dgekt,0.657125247454589
424015410816537326,1742185772413642127,300471914551172981,1,2,dgekt,0.695829735714841
424015410816537326,2334639155148655290,8573800373938698102,1,2,dgekt,0.6636005123697934
424015410816537326,7660717256841499384,300471914551172981,1,2,dgekt,0.7099861493150671
424015410816537326,4113615466659810841,300471914551172981,1,2,dgekt,0.695417622992899
424015410816537326,6125574002232610732,300471914551172981,1,2,dgekt,0.6609630033818568
424015410816537326,2774368076249802464,8573800373938698102,1,2,dgekt,0.6520643880721613
424015410816537326,8903365289186067945,8573800373938698102,1,2,dgekt,0.6544891681878957
424015410816537326,6925932688889117475,300471914551172981,1,2,dgekt,0.7142423628524948
424015410816537326,8194071366621068887,8573800373938698102,0,2,dgekt,0.6311072193883981
424015410816537326,2986660907093963186,300471914551172981,1,2,dgekt,0.7195095749929978
424015410816537326,7591109345808921544,300471914551172981,1,2,dgekt,0.6961729231066154
424015410816537326,625545550176685521,8573800373938698102,1,2,dgekt,0.6656973680354613
424015410816537326,1761868641361943332,8573800373938698102,1,2,dgekt,0.6763666255911174
424015410816537326,4824259625677886603,300471914551172981,1,2,dgekt,0.6934902903902386
424015410816537326,8450591260754163598,8573800373938698102,1,2,dgekt,0.6527264801586597
424015410816537326,1553079256999111676,300471914551172981,1,2,dgekt,0.6988422729454801
424015410816537326,3220231712819306119,8573800373938698102,1,2,dgekt,0.6591688617405917
424015410816537326,338807275221326836,300471914551172981,1,2,dgekt,0.6873889851450635
424015410816537326,8525319303741530302,8573800373938698102,1,2,dgekt,0.6610612214005206
424015410816537326,6587421150596252277,300471914551172981,1,2,dgekt,0.7025839470154979
424015410816537326,5891620578387310353,300471914551172981,1,2,dgekt,0.6850140077059866
424015410816537326,5791250638486922978,300471914551172981,1,2,dgekt,0.7033290574008343
424015410816537326,4031585874086886353,8573800373938698102,1,2,dgekt,0.6748736428279047
424015410816537326,2083452711903133430,8573800373938698102,1,2,dgekt,0.6981831045958949
424015410816537326,6319743179241711738,8573800373938698102,0,2,dgekt,0.6769344395726814
424015410816537326,8628686323660025649,300471914551172981,1,2,dgekt,0.7046810337843598
424015410816537326,4378721629787482518,300471914551172981,1,2,dgekt,0.7093846200596751
424015410816537326,4813462692425748605,300471914551172981,1,2,dgekt,0.6741364189077859
424015410816537326,4644364625800006675,300471914551172981,1,2,dgekt,0.6930764061159737
424015410816537326,1062464292871659639,8573800373938698102,1,2,dgekt,0.6759404237757181
424015410816537326,5932668873100475470,300471914551172981,1,2,dgekt,0.7150362187944037
424015410816537326,5237822943399727048,8573800373938698102,0,2,dgekt,0.681528502467563
433778139960684972,300471914551172981,300471914551172981,1,2,dgekt,0.6745638510288963
433778139960684972,8573800373938698102,8573800373938698102,1,2,dgekt,0.6158782928636971
433778139960684972,2014268979504181100,300471914551172981,1,2,dgekt,0.6579761627678377
433778139960684972,2172169907340938753,300471914551172981,1,2,dgekt,0.6601629009518237
433778139960684972,8150806168444344502,300471914551172981,1,2,dgekt,0.6826293176705902
433778139960684972,816286915455981984,8573800373938698102,1,2,dgekt,0.6694408617155408
433778139960684972,1962751598315765836,300471914551172981,1,2,dgekt,0.6864122349754352
433778139960684972,7444476343858270082,300471914551172981,0,2,dgekt,0.6918328878647094
433778139960684972,2537821716777940730,300471914551172981,0,2,dgekt,0.6915561713098549
433778139960684972,1061301253559417093,300471914551172981,1,2,dgekt,0.6729951843043801
433778139960684972,8553379303363759508,300471914551172981,1,2,dgekt,0.6653109371521244
433778139960684972,6440511557387709110,300471914551172981,0,2,dgekt,0.6912793171580589
433778139960684972,7744513373483970787,8573800373938698102,1,2,dgekt,0.6226090257307791
433778139960684972,2971078979906996375,300471914551172981,0,2,dgekt,0.6824887411512989
433778139960684972,5841359775533910823,300471914551172981,0,2,dgekt,0.6518913235950976
433778139960684972,8621262567927479011,300471914551172981,1,2,dgekt,0.6898929870284579
433778139960684972,8434961942249729798,8573800373938698102,1,2,dgekt,0.6567596999128485
433778139960684972,2322042198017538996,8573800373938698102,1,2,dgekt,0.657125247454589
433778139960684972,1742185772413642127,300471914551172981,1,2,dgekt,0.695829735714841
433778139960684972,2334639155148655290,8573800373938698102,1,2,dgekt,0.6636005123697934
433778139960684972,7660717256841499384,300471914551172981,1,2,dgekt,0.7099861493150671
433778139960684972,4113615466659810841,300471914551172981,1,2,dgekt,0.695417622992899
433778139960684972,6125574002232610732,300471914551172981,0,2,dgekt,0.6609630033818568
433778139960684972,2774368076249802464,8573800373938698102,1,2,dgekt,0.6520643880721613
433778139960684972,8903365289186067945,8573800373938698102,1,2,dgekt,0.6544891681878957
433778139960684972,6925932688889117475,300471914551172981,0,2,dgekt,0.7142423628524948
433778139960684972,8194071366621068887,8573800373938698102,1,2,dgekt,0.6311072193883981
433778139960684972,2986660907093963186,300471914551172981,1,2,dgekt,0.7195095749929978
433778139960684972,7591109345808921544,300471914551172981,0,2,dgekt,0.6961729231066154
433778139960684972,625545550176685521,8573800373938698102,1,2,dgekt,0.6656973680354613
433778139960684972,1761868641361943332,8573800373938698102,1,2,dgekt,0.6763666255911174
433778139960684972,4824259625677886603,300471914551172981,1,2,dgekt,0.6934902903902386
433778139960684972,8450591260754163598,8573800373938698102,1,2,dgekt,0.6527264801586597
433778139960684972,1553079256999111676,300471914551172981,1,2,dgekt,0.6988422729454801
433778139960684972,3220231712819306119,8573800373938698102,1,2,dgekt,0.6591688617405917
433778139960684972,338807275221326836,300471914551172981,1,2,dgekt,0.6873889851450635
433778139960684972,8525319303741530302,8573800373938698102,1,2,dgekt,0.6610612214005206
433778139960684972,6587421150596252277,300471914551172981,1,2,dgekt,0.7025839470154979
433778139960684972,5891620578387310353,300471914551172981,0,2,dgekt,0.6850140077059866
433778139960684972,5791250638486922978,300471914551172981,1,2,dgekt,0.7033290574008343
433778139960684972,4031585874086886353,8573800373938698102,1,2,dgekt,0.6748736428279047
433778139960684972,2083452711903133430,8573800373938698102,1,2,dgekt,0.6981831045958949
433778139960684972,6319743179241711738,8573800373938698102,1,2,dgekt,0.6769344395726814
433778139960684972,8628686323660025649,300471914551172981,1,2,dgekt,0.7046810337843598
433778139960684972,4378721629787482518,300471914551172981,1,2,dgekt,0.7093846200596751
433778139960684972,4813462692425748605,300471914551172981,1,2,dgekt,0.6741364189077859
433778139960684972,4644364625800006675,300471914551172981,1,2,dgekt,0.6930764061159737
433778139960684972,1062464292871659639,8573800373938698102,1,2,dgekt,0.6759404237757181
433778139960684972,5932668873100475470,300471914551172981,1,2,dgekt,0.7150362187944037
433778139960684972,5237822943399727048,8573800373938698102,1,2,dgekt,0.681528502467563
447319539747434279,300471914551172981,300471914551172981,1,2,dgekt,0.6745638510288963
447319539747434279,8573800373938698102,8573800373938698102,0,2,dgekt,0.6158782928636971
447319539747434279,2014268979504181100,300471914551172981,1,2,dgekt,0.6579761627678377
447319539747434279,2172169907340938753,300471914551172981,0,2,dgekt,0.6601629009518237
447319539747434279,8150806168444344502,300471914551172981,1,2,dgekt,0.6826293176705902
447319539747434279,816286915455981984,8573800373938698102,1,2,dgekt,0.6694408617155408
447319539747434279,1962751598315765836,300471914551172981,1,2,dgekt,0.6864122349754352
447319539747434279,7444476343858270082,300471914551172981,1,2,dgekt,0.6918328878647094
447319539747434279,2537821716777940730,300471914551172981,1,2,dgekt,0.6915561713098549
447319539747434279,1061301253559417093,300471914551172981,1,2,dgekt,0.6729951843043801
447319539747434279,8553379303363759508,300471914551172981,1,2,dgekt,0.6653109371521244
447319539747434279,6440511557387709110,300471914551172981,1,2,dgekt,0.6912793171580589
447319539747434279,7744513373483970787,8573800373938698102,0,2,dgekt,0.6226090257307791
447319539747434279,2971078979906996375,300471914551172981,0,2,dgekt,0.6824887411512989
447319539747434279,5841359775533910823,300471914551172981,0,2,dgekt,0.6518913235950976
447319539747434279,8621262567927479011,300471914551172981,1,2,dgekt,0.6898929870284579
447319539747434279,8434961942249729798,8573800373938698102,0,2,dgekt,0.6567596999128485
447319539747434279,2322042198017538996,8573800373938698102,0,2,dgekt,0.657125247454589
447319539747434279,1742185772413642127,300471914551172981,1,2,dgekt,0.695829735714841
447319539747434279,2334639155148655290,8573800373938698102,0,2,dgekt,0.6636005123697934
447319539747434279,7660717256841499384,300471914551172981,1,2,dgekt,0.7099861493150671
447319539747434279,4113615466659810841,300471914551172981,1,2,dgekt,0.695417622992899
447319539747434279,6125574002232610732,300471914551172981,0,2,dgekt,0.6609630033818568
447319539747434279,2774368076249802464,8573800373938698102,0,2,dgekt,0.6520643880721613
447319539747434279,8903365289186067945,8573800373938698102,0,2,dgekt,0.6544891681878957
447319539747434279,6925932688889117475,300471914551172981,1,2,dgekt,0.7142423628524948
447319539747434279,8194071366621068887,8573800373938698102,1,2,dgekt,0.6311072193883981
447319539747434279,2986660907093963186,300471914551172981,1,2,dgekt,0.7195095749929978
447319539747434279,7591109345808921544,300471914551172981,1,2,dgekt,0.6961729231066154
447319539747434279,625545550176685521,8573800373938698102,0,2,dgekt,0.6656973680354613
447319539747434279,1761868641361943332,8573800373938698102,0,2,dgekt,0.6763666255911174
447319539747434279,4824259625677886603,300471914551172981,0,2,dgekt,0.6934902903902386
447319539747434279,8450591260754163598,8573800373938698102,0,2,dgekt,0.6527264801586597
447319539747434279,1553079256999111676,300471914551172981,1,2,dgekt,0.6988422729454801
447319539747434279,3220231712819306119,8573800373938698102,1,2,dgekt,0.6591688617405917
447319539747434279,338807275221326836,300471914551172981,0,2,dgekt,0.6873889851450635
447319539747434279,8525319303741530302,8573800373938698102,0,2,dgekt,0.6610612214005206
447319539747434279,6587421150596252277,300471914551172981,1,2,dgekt,0.7025839470154979
447319539747434279,5891620578387310353,300471914551172981,1,2,dgekt,0.6850140077059866
447319539747434279,5791250638486922978,300471914551172981,1,2,dgekt,0.7033290574008343
447319539747434279,4031585874086886353,8573800373938698102,1,2,dgekt,0.6748736428279047
447319539747434279,2083452711903133430,8573800373938698102,1,2,dgekt,0.6981831045958949
447319539747434279,6319743179241711738,8573800373938698102,0,2,dgekt,0.6769344395726814
447319539747434279,8628686323660025649,300471914551172981,1,2,dgekt,0.7046810337843598
447319539747434279,4378721629787482518,300471914551172981,1,2,dgekt,0.7093846200596751
447319539747434279,4813462692425748605,300471914551172981,0,2,dgekt,0.6741364189077859
447319539747434279,4644364625800006675,300471914551172981,1,2,dgekt,0.6930764061159737
447319539747434279,1062464292871659639,8573800373938698102,1,2,dgekt,0.6759404237757181
447319539747434279,5932668873100475470,300471914551172981,1,2,dgekt,0.7150362187944037
447319539747434279,5237822943399727048,8573800373938698102,0,2,dgekt,0.681528502467563
461444768761955221,300471914551172981,300471914551172981,0,2,dgekt,0.6745638510288963
461444768761955221,8573800373938698102,8573800373938698102,1,2,dgekt,0.6158782928636971
461444768761955221,2014268979504181100,300471914551172981,1,2,dgekt,0.6579761627678377
461444768761955221,2172169907340938753,300471914551172981,0,2,dgekt,0.6601629009518237
461444768761955221,8150806168444344502,300471914551172981,1,2,dgekt,0.6826293176705902
461444768761955221,816286915455981984,8573800373938698102,1,2,dgekt,0.6694408617155408
461444768761955221,1962751598315765836,300471914551172981,1,2,dgekt,0.6864122349754352
461444768761955221,7444476343858270082,300471914551172981,0,2,dgekt,0.6918328878647094
461444768761955221,2537821716777940730,300471914551172981,1,2,dgekt,0.6915561713098549
461444768761955221,1061301253559417093,300471914551172981,1,2,dgekt,0.6729951843043801
461444768761955221,8553379303363759508,300471914551172981,0,2,dgekt,0.6653109371521244
461444768761955221,6440511557387709110,300471914551172981,1,2,dgekt,0.6912793171580589
461444768761955221,7744513373483970787,8573800373938698102,0,2,dgekt,0.6226090257307791
461444768761955221,2971078979906996375,300471914551172981,1,2,dgekt,0.6824887411512989
461444768761955221,5841359775533910823,300471914551172981,1,2,dgekt,0.6518913235950976
461444768761955221,8621262567927479011,300471914551172981,1,2,dgekt,0.6898929870284579
461444768761955221,8434961942249729798,8573800373938698102,1,2,dgekt,0.6567596999128485
461444768761955221,2322042198017538996,8573800373938698102,0,2,dgekt,0.657125247454589
461444768761955221,1742185772413642127,300471914551172981,1,2,dgekt,0.695829735714841
461444768761955221,2334639155148655290,8573800373938698102,0,2,dgekt,0.6636005123697934
461444768761955221,7660717256841499384,300471914551172981,1,2,dgekt,0.7099861493150671
461444768761955221,4113615466659810841,300471914551172981,1,2,dgekt,0.695417622992899
461444768761955221,6125574002232610732,300471914551172981,0,2,dgekt,0.6609630033818568
461444768761955221,2774368076249802464,8573800373938698102,1,2,dgekt,0.6520643880721613
461444768761955221,8903365289186067945,8573800373938698102,0,2,dgekt,0.6544891681878957
461444768761955221,6925932688889117475,300471914551172981,1,2,dgekt,0.7142423628524948
461444768761955221,8194071366621068887,8573800373938698102,1,2,dgekt,0.6311072193883981
461444768761955221,2986660907093963186,300471914551172981,1,2,dgekt,0.7195095749929978
461444768761955221,7591109345808921544,300471914551172981,1,2,dgekt,0.6961729231066154
461444768761955221,625545550176685521,8573800373938698102,1,2,dgekt,0.6656973680354613
461444768761955221,1761868641361943332,8573800373938698102,1,2,dgekt,0.6763666255911174
461444768761955221,4824259625677886603,300471914551172981,1,2,dgekt,0.6934902903902386
461444768761955221,8450591260754163598,8573800373938698102,1,2,dgekt,0.6527264801586597
461444768761955221,1553079256999111676,300471914551172981,1,2,dgekt,0.6988422729454801
461444768761955221,3220231712819306119,8573800373938698102,0,2,dgekt,0.6591688617405917
461444768761955221,338807275221326836,300471914551172981,1,2,dgekt,0.6873889851450635
461444768761955221,8525319303741530302,8573800373938698102,0,2,dgekt,0.6610612214005206
461444768761955221,6587421150596252277,300471914551172981,1,2,dgekt,0.7025839470154979
461444768761955221,5891620578387310353,300471914551172981,1,2,dgekt,0.6850140077059866
461444768761955221,5791250638486922978,300471914551172981,0,2,dgekt,0.7033290574008343
461444768761955221,4031585874086886353,8573800373938698102,1,2,dgekt,0.6748736428279047
461444768761955221,2083452711903133430,8573800373938698102,1,2,dgekt,0.6981831045958949
461444768761955221,6319743179241711738,8573800373938698102,0,2,dgekt,0.6769344395726814
461444768761955221,8628686323660025649,300471914551172981,1,2,dgekt,0.7046810337843598
461444768761955221,4378721629787482518,300471914551172981,1,2,dgekt,0.7093846200596751
461444768761955221,4813462692425748605,300471914551172981,1,2,dgekt,0.6741364189077859
461444768761955221,4644364625800006675,300471914551172981,1,2,dgekt,0.6930764061159737
461444768761955221,1062464292871659639,8573800373938698102,1,2,dgekt,0.6759404237757181
461444768761955221,5932668873100475470,300471914551172981,1,2,dgekt,0.7150362187944037
461444768761955221,5237822943399727048,8573800373938698102,1,2,dgekt,0.681528502467563
494021745820447907,300471914551172981,300471914551172981,0,2,dgekt,0.6745638510288963
494021745820447907,8573800373938698102,8573800373938698102,0,2,dgekt,0.6158782928636971
494021745820447907,2014268979504181100,300471914551172981,0,2,dgekt,0.6579761627678377
494021745820447907,2172169907340938753,300471914551172981,0,2,dgekt,0.6601629009518237
494021745820447907,8150806168444344502,300471914551172981,0,2,dgekt,0.6826293176705902
494021745820447907,816286915455981984,8573800373938698102,1,2,dgekt,0.6694408617155408
494021745820447907,1962751598315765836,300471914551172981,1,2,dgekt,0.6864122349754352
494021745820447907,7444476343858270082,300471914551172981,1,2,dgekt,0.6918328878647094
494021745820447907,2537821716777940730,300471914551172981,0,2,dgekt,0.6915561713098549
494021745820447907,1061301253559417093,300471914551172981,1,2,dgekt,0.6729951843043801
494021745820447907,8553379303363759508,300471914551172981,0,2,dgekt,0.6653109371521244
494021745820447907,6440511557387709110,300471914551172981,0,2,dgekt,0.6912793171580589
494021745820447907,7744513373483970787,8573800373938698102,0,2,dgekt,0.6226090257307791
494021745820447907,2971078979906996375,300471914551172981,0,2,dgekt,0.6824887411512989
494021745820447907,5841359775533910823,300471914551172981,0,2,dgekt,0.6518913235950976
494021745820447907,8621262567927479011,300471914551172981,0,2,dgekt,0.6898929870284579
494021745820447907,8434961942249729798,8573800373938698102,1,2,dgekt,0.6567596999128485
494021745820447907,2322042198017538996,8573800373938698102,1,2,dgekt,0.657125247454589
494021745820447907,1742185772413642127,300471914551172981,0,2,dgekt,0.695829735714841
494021745820447907,2334639155148655290,8573800373938698102,1,2,dgekt,0.6636005123697934
494021745820447907,7660717256841499384,300471914551172981,0,2,dgekt,0.7099861493150671
494021745820447907,4113615466659810841,300471914551172981,0,2,dgekt,0.695417622992899
494021745820447907,6125574002232610732,300471914551172981,1,2,dgekt,0.6609630033818568
494021745820447907,2774368076249802464,8573800373938698102,1,2,dgekt,0.6520643880721613
494021745820447907,8903365289186067945,8573800373938698102,1,2,dgekt,0.6544891681878957
494021745820447907,6925932688889117475,300471914551172981,0,2,dgekt,0.7142423628524948
494021745820447907,8194071366621068887,8573800373938698102,0,2,dgekt,0.6311072193883981
494021745820447907,2986660907093963186,300471914551172981,0,2,dgekt,0.7195095749929978
494021745820447907,7591109345808921544,300471914551172981,0,2,dgekt,0.6961729231066154
494021745820447907,625545550176685521,8573800373938698102,1,2,dgekt,0.6656973680354613
494021745820447907,1761868641361943332,8573800373938698102,1,2,dgekt,0.6763666255911174
494021745820447907,4824259625677886603,300471914551172981,0,2,dgekt,0.6934902903902386
494021745820447907,8450591260754163598,8573800373938698102,1,2,dgekt,0.6527264801586597
494021745820447907,1553079256999111676,300471914551172981,0,2,dgekt,0.6988422729454801
494021745820447907,3220231712819306119,8573800373938698102,1,2,dgekt,0.6591688617405917
494021745820447907,338807275221326836,300471914551172981,0,2,dgekt,0.6873889851450635
494021745820447907,8525319303741530302,8573800373938698102,0,2,dgekt,0.6610612214005206
494021745820447907,6587421150596252277,300471914551172981,0,2,dgekt,0.7025839470154979
494021745820447907,5891620578387310353,300471914551172981,0,2,dgekt,0.6850140077059866
494021745820447907,5791250638486922978,300471914551172981,0,2,dgekt,0.7033290574008343
494021745820447907,4031585874086886353,8573800373938698102,1,2,dgekt,0.6748736428279047
494021745820447907,2083452711903133430,8573800373938698102,0,2,dgekt,0.6981831045958949
494021745820447907,6319743179241711738,8573800373938698102,1,2,dgekt,0.6769344395726814
494021745820447907,8628686323660025649,300471914551172981,0,2,dgekt,0.7046810337843598
494021745820447907,4378721629787482518,300471914551172981,0,2,dgekt,0.7093846200596751
494021745820447907,4813462692425748605,300471914551172981,0,2,dgekt,0.6741364189077859
494021745820447907,4644364625800006675,300471914551172981,1,2,dgekt,0.6930764061159737
494021745820447907,1062464292871659639,8573800373938698102,1,2,dgekt,0.6759404237757181
494021745820447907,5932668873100475470,300471914551172981,0,2,dgekt,0.7150362187944037
494021745820447907,5237822943399727048,8573800373938698102,1,2,dgekt,0.681528502467563
540704142965175174,300471914551172981,300471914551172981,1,2,dgekt,0.6745638510288963
540704142965175174,8573800373938698102,8573800373938698102,0,2,dgekt,0.6158782928636971
540704142965175174,2014268979504181100,300471914551172981,1,2,dgekt,0.6579761627678377
540704142965175174,2172169907340938753,300471914551172981,1,2,dgekt,0.6601629009518237
540704142965175174,8150806168444344502,300471914551172981,1,2,dgekt,0.6826293176705902
540704142965175174,816286915455981984,8573800373938698102,1,2,dgekt,0.6694408617155408
540704142965175174,1962751598315765836,300471914551172981,1,2,dgekt,0.6864122349754352
540704142965175174,7444476343858270082,300471914551172981,1,2,dgekt,0.6918328878647094
540704142965175174,2537821716777940730,300471914551172981,1,2,dgekt,0.6915561713098549
540704142965175174,1061301253559417093,300471914551172981,0,2,dgekt,0.6729951843043801
540704142965175174,8553379303363759508,300471914551172981,0,2,dgekt,0.6653109371521244
540704142965175174,6440511557387709110,300471914551172981,1,2,dgekt,0.6912793171580589
540704142965175174,7744513373483970787,8573800373938698102,0,2,dgekt,0.6226090257307791
540704142965175174,2971078979906996375,300471914551172981,1,2,dgekt,0.6824887411512989
540704142965175174,5841359775533910823,300471914551172981,1,2,dgekt,0.6518913235950976
540704142965175174,8621262567927479011,300471914551172981,1,2,dgekt,0.6898929870284579
540704142965175174,8434961942249729798,8573800373938698102,1,2,dgekt,0.6567596999128485
540704142965175174,2322042198017538996,8573800373938698102,0,2,dgekt,0.657125247454589
540704142965175174,1742185772413642127,300471914551172981,1,2,dgekt,0.695829735714841
540704142965175174,2334639155148655290,8573800373938698102,1,2,dgekt,0.6636005123697934
540704142965175174,7660717256841499384,300471914551172981,1,2,dgekt,0.7099861493150671
540704142965175174,4113615466659810841,300471914551172981,1,2,dgekt,0.695417622992899
540704142965175174,6125574002232610732,300471914551172981,0,2,dgekt,0.6609630033818568
540704142965175174,2774368076249802464,8573800373938698102,1,2,dgekt,0.6520643880721613
540704142965175174,8903365289186067945,8573800373938698102,1,2,dgekt,0.6544891681878957
540704142965175174,6925932688889117475,300471914551172981,1,2,dgekt,0.7142423628524948
540704142965175174,8194071366621068887,8573800373938698102,1,2,dgekt,0.6311072193883981
540704142965175174,2986660907093963186,300471914551172981,1,2,dgekt,0.7195095749929978
540704142965175174,7591109345808921544,300471914551172981,1,2,dgekt,0.6961729231066154
540704142965175174,625545550176685521,8573800373938698102,1,2,dgekt,0.6656973680354613
540704142965175174,1761868641361943332,8573800373938698102,1,2,dgekt,0.6763666255911174
540704142965175174,4824259625677886603,300471914551172981,1,2,dgekt,0.6934902903902386
540704142965175174,8450591260754163598,8573800373938698102,0,2,dgekt,0.6527264801586597
540704142965175174,1553079256999111676,300471914551172981,1,2,dgekt,0.6988422729454801
540704142965175174,3220231712819306119,8573800373938698102,0,2,dgekt,0.6591688617405917
540704142965175174,338807275221326836,300471914551172981,1,2,dgekt,0.6873889851450635
540704142965175174,8525319303741530302,8573800373938698102,1,2,dgekt,0.6610612214005206
540704142965175174,6587421150596252277,300471914551172981,1,2,dgekt,0.7025839470154979
540704142965175174,5891620578387310353,300471914551172981,1,2,dgekt,0.6850140077059866
540704142965175174,5791250638486922978,300471914551172981,1,2,dgekt,0.7033290574008343
540704142965175174,4031585874086886353,8573800373938698102,1,2,dgekt,0.6748736428279047
540704142965175174,2083452711903133430,8573800373938698102,1,2,dgekt,0.6981831045958949
540704142965175174,6319743179241711738,8573800373938698102,1,2,dgekt,0.6769344395726814
540704142965175174,8628686323660025649,300471914551172981,1,2,dgekt,0.7046810337843598
540704142965175174,4378721629787482518,300471914551172981,1,2,dgekt,0.7093846200596751
540704142965175174,4813462692425748605,300471914551172981,1,2,dgekt,0.6741364189077859
540704142965175174,4644364625800006675,300471914551172981,0,2,dgekt,0.6930764061159737
540704142965175174,1062464292871659639,8573800373938698102,1,2,dgekt,0.6759404237757181
540704142965175174,5932668873100475470,300471914551172981,1,2,dgekt,0.7150362187944037
540704142965175174,5237822943399727048,8573800373938698102,1,2,dgekt,0.681528502467563
554690911219287505,300471914551172981,300471914551172981,1,2,dgekt,0.6745638510288963
554690911219287505,8573800373938698102,8573800373938698102,1,2,dgekt,0.6158782928636971
554690911219287505,2014268979504181100,300471914551172981,1,2,dgekt,0.6579761627678377
554690911219287505,2172169907340938753,300471914551172981,1,2,dgekt,0.6601629009518237
554690911219287505,8150806168444344502,300471914551172981,1,2,dgekt,0.6826293176705902
554690911219287505,816286915455981984,8573800373938698102,1,2,dgekt,0.6694408617155408
554690911219287505,1962751598315765836,300471914551172981,1,2,dgekt,0.6864122349754352
554690911219287505,7444476343858270082,300471914551172981,0,2,dgekt,0.6918328878647094
554690911219287505,2537821716777940730,300471914551172981,1,2,dgekt,0.6915561713098549
554690911219287505,1061301253559417093,300471914551172981,0,2,dgekt,0.6729951843043801
554690911219287505,8553379303363759508,300471914551172981,0,2,dgekt,0.6653109371521244
554690911219287505,6440511557387709110,300471914551172981,1,2,dgekt,0.6912793171580589
554690911219287505,7744513373483970787,8573800373938698102,1,2,dgekt,0.6226090257307791
554690911219287505,2971078979906996375,300471914551172981,0,2,dgekt,0.6824887411512989
554690911219287505,5841359775533910823,300471914551172981,0,2,dgekt,0.6518913235950976
554690911219287505,8621262567927479011,300471914551172981,1,2,dgekt,0.6898929870284579
554690911219287505,8434961942249729798,8573800373938698102,0,2,dgekt,0.6567596999128485
554690911219287505,2322042198017538996,8573800373938698102,1,2,dgekt,0.657125247454589
554690911219287505,1742185772413642127,300471914551172981,1,2,dgekt,0.695829735714841
554690911219287505,2334639155148655290,8573800373938698102,1,2,dgekt,0.6636005123697934
554690911219287505,7660717256841499384,300471914551172981,1,2,dgekt,0.7099861493150671
554690911219287505,4113615466659810841,300471914551172981,1,2,dgekt,0.695417622992899
554690911219287505,6125574002232610732,300471914551172981,0,2,dgekt,0.6609630033818568
554690911219287505,2774368076249802464,8573800373938698102,1,2,dgekt,0.6520643880721613
554690911219287505,8903365289186067945,8573800373938698102,0,2,dgekt,0.6544891681878957
554690911219287505,6925932688889117475,300471914551172981,1,2,dgekt,0.7142423628524948
554690911219287505,8194071366621068887,8573800373938698102,0,2,dgekt,0.6311072193883981
554690911219287505,2986660907093963186,300471914551172981,1,2,dgekt,0.7195095749929978
554690911219287505,7591109345808921544,300471914551172981,0,2,dgekt,0.6961729231066154
554690911219287505,625545550176685521,8573800373938698102,1,2,dgekt,0.6656973680354613
554690911219287505,1761868641361943332,8573800373938698102,1,2,dgekt,0.6763666255911174
554690911219287505,4824259625677886603,300471914551172981,1,2,dgekt,0.6934902903902386
554690911219287505,8450591260754163598,8573800373938698102,0,2,dgekt,0.6527264801586597
554690911219287505,1553079256999111676,300471914551172981,1,2,dgekt,0.6988422729454801
554690911219287505,3220231712819306119,8573800373938698102,0,2,dgekt,0.6591688617405917
554690911219287505,338807275221326836,300471914551172981,1,2,dgekt,0.6873889851450635
554690911219287505,8525319303741530302,8573800373938698102,1,2,dgekt,0.6610612214005206
554690911219287505,6587421150596252277,300471914551172981,1,2,dgekt,0.7025839470154979
554690911219287505,5891620578387310353,300471914551172981,0,2,dgekt,0.6850140077059866
554690911219287505,5791250638486922978,300471914551172981,1,2,dgekt,0.7033290574008343
554690911219287505,4031585874086886353,8573800373938698102,0,2,dgekt,0.6748736428279047
554690911219287505,2083452711903133430,8573800373938698102,1,2,dgekt,0.6981831045958949
554690911219287505,6319743179241711738,8573800373938698102,1,2,dgekt,0.6769344395726814
554690911219287505,8628686323660025649,300471914551172981,1,2,dgekt,0.7046810337843598
554690911219287505,4378721629787482518,300471914551172981,1,2,dgekt,0.7093846200596751
554690911219287505,4813462692425748605,300471914551172981,0,2,dgekt,0.6741364189077859
554690911219287505,4644364625800006675,300471914551172981,0,2,dgekt,0.6930764061159737
554690911219287505,1062464292871659639,8573800373938698102,1,2,dgekt,0.6759404237757181
554690911219287505,5932668873100475470,300471914551172981,1,2,dgekt,0.7150362187944037
554690911219287505,5237822943399727048,8573800373938698102,1,2,dgekt,0.681528502467563
602846180750366094,300471914551172981,300471914551172981,0,2,dgekt,0.6745638510288963
602846180750366094,8573800373938698102,8573800373938698102,0,2,dgekt,0.6158782928636971
602846180750366094,2014268979504181100,300471914551172981,1,2,dgekt,0.6579761627678377
602846180750366094,2172169907340938753,300471914551172981,1,2,dgekt,0.6601629009518237
602846180750366094,8150806168444344502,300471914551172981,0,2,dgekt,0.6826293176705902
602846180750366094,816286915455981984,8573800373938698102,0,2,dgekt,0.6694408617155408
602846180750366094,1962751598315765836,300471914551172981,0,2,dgekt,0.6864122349754352
602846180750366094,7444476343858270082,300471914551172981,1,2,dgekt,0.6918328878647094
602846180750366094,2537821716777940730,300471914551172981,1,2,dgekt,0.6915561713098549
602846180750366094,1061301253559417093,300471914551172981,0,2,dgekt,0.6729951843043801
602846180750366094,8553379303363759508,300471914551172981,1,2,dgekt,0.6653109371521244
602846180750366094,6440511557387709110,300471914551172981,1,2,dgekt,0.6912793171580589
602846180750366094,7744513373483970787,8573800373938698102,0,2,dgekt,0.6226090257307791
602846180750366094,2971078979906996375,300471914551172981,1,2,dgekt,0.6824887411512989
602846180750366094,5841359775533910823,300471914551172981,0,2,dgekt,0.6518913235950976
602846180750366094,8621262567927479011,300471914551172981,1,2,dgekt,0.6898929870284579
602846180750366094,8434961942249729798,8573800373938698102,1,2,dgekt,0.6567596999128485
602846180750366094,2322042198017538996,8573800373938698102,0,2,dgekt,0.657125247454589
602846180750366094,1742185772413642127,300471914551172981,1,2,dgekt,0.695829735714841
602846180750366094,2334639155148655290,8573800373938698102,0,2,dgekt,0.6636005123697934
602846180750366094,7660717256841499384,300471914551172981,1,2,dgekt,0.7099861493150671
602846180750366094,4113615466659810841,300471914551172981,0,2,dgekt,0.695417622992899
602846180750366094,6125574002232610732,300471914551172981,0,2,dgekt,0.6609630033818568
602846180750366094,2774368076249802464,8573800373938698102,0,2,dgekt,0.6520643880721613
602846180750366094,8903365289186067945,8573800373938698102,0,2,dgekt,0.6544891681878957
602846180750366094,6925932688889117475,300471914551172981,1,2,dgekt,0.7142423628524948
602846180750366094,8194071366621068887,8573800373938698102,1,2,dgekt,0.6311072193883981
602846180750366094,2986660907093963186,300471914551172981,1,2,dgekt,0.7195095749929978
602846180750366094,7591109345808921544,300471914551172981,1,2,dgekt,0.6961729231066154
602846180750366094,625545550176685521,8573800373938698102,1,2,dgekt,0.6656973680354613
602846180750366094,1761868641361943332,8573800373938698102,1,2,dgekt,0.6763666255911174
602846180750366094,4824259625677886603,300471914551172981,0,2,dgekt,0.6934902903902386
602846180750366094,8450591260754163598,8573800373938698102,1,2,dgekt,0.6527264801586597
602846180750366094,1553079256999111676,300471914551172981,1,2,dgekt,0.6988422729454801
602846180750366094,3220231712819306119,8573800373938698102,0,2,dgekt,0.6591688617405917
602846180750366094,338807275221326836,300471914551172981,1,2,dgekt,0.6873889851450635
602846180750366094,8525319303741530302,8573800373938698102,1,2,dgekt,0.6610612214005206
602846180750366094,6587421150596252277,300471914551172981,1,2,dgekt,0.7025839470154979
602846180750366094,5891620578387310353,300471914551172981,1,2,dgekt,0.6850140077059866
602846180750366094,5791250638486922978,300471914551172981,1,2,dgekt,0.7033290574008343
602846180750366094,4031585874086886353,8573800373938698102,1,2,dgekt,0.6748736428279047
602846180750366094,2083452711903133430,8573800373938698102,1,2,dgekt,0.6981831045958949
602846180750366094,6319743179241711738,8573800373938698102,0,2,dgekt,0.6769344395726814
602846180750366094,8628686323660025649,300471914551172981,1,2,dgekt,0.7046810337843598
602846180750366094,4378721629787482518,300471914551172981,1,2,dgekt,0.7093846200596751
602846180750366094,4813462692425748605,300471914551172981,1,2,dgekt,0.6741364189077859
602846180750366094,4644364625800006675,300471914551172981,1,2,dgekt,0.6930764061159737
602846180750366094,1062464292871659639,8573800373938698102,0,2,dgekt,0.6759404237757181
602846180750366094,5932668873100475470,300471914551172981,0,2,dgekt,0.7150362187944037
602846180750366094,5237822943399727048,8573800373938698102,1,2,dgekt,0.681528502467563
610792730246565816,300471914551172981,300471914551172981,1,2,dgekt,0.6745638510288963
610792730246565816,8573800373938698102,8573800373938698102,0,2,dgekt,0.6158782928636971
610792730246565816,2014268979504181100,300471914551172981,1,2,dgekt,0.6579761627678377
610792730246565816,2172169907340938753,300471914551172981,0,2,dgekt,0.6601629009518237
610792730246565816,8150806168444344502,300471914551172981,1,2,dgekt,0.6826293176705902
610792730246565816,816286915455981984,8573800373938698102,1,2,dgekt,0.6694408617155408
610792730246565816,1962751598315765836,300471914551172981,1,2,dgekt,0.6864122349754352
610792730246565816,7444476343858270082,300471914551172981,1,2,dgekt,0.6918328878647094
610792730246565816,2537821716777940730,300471914551172981,1,2,dgekt,0.6915561713098549
610792730246565816,1061301253559417093,300471914551172981,0,2,dgekt,0.6729951843043801
610792730246565816,8553379303363759508,300471914551172981,0,2,dgekt,0.6653109371521244
610792730246565816,6440511557387709110,300471914551172981,1,2,dgekt,0.6912793171580589
610792730246565816,7744513373483970787,8573800373938698102,0,2,dgekt,0.6226090257307791
610792730246565816,2971078979906996375,300471914551172981,1,2,dgekt,0.6824887411512989
610792730246565816,5841359775533910823,300471914551172981,1,2,dgekt,0.6518913235950976
610792730246565816,8621262567927479011,300471914551172981,1,2,dgekt,0.6898929870284579
610792730246565816,8434961942249729798,8573800373938698102,1,2,dgekt,0.6567596999128485
610792730246565816,2322042198017538996,8573800373938698102,1,2,dgekt,0.657125247454589
610792730246565816,1742185772413642127,300471914551172981,1,2,dgekt,0.695829735714841
610792730246565816,2334639155148655290,8573800373938698102,1,2,dgekt,0.6636005123697934
610792730246565816,7660717256841499384,300471914551172981,1,2,dgekt,0.7099861493150671
610792730246565816,4113615466659810841,300471914551172981,0,2,dgekt,0.695417622992899
610792730246565816,6125574002232610732,300471914551172981,1,2,dgekt,0.6609630033818568
610792730246565816,2774368076249802464,8573800373938698102,0,2,dgekt,0.6520643880721613
610792730246565816,8903365289186067945,8573800373938698102,1,2,dgekt,0.6544891681878957
610792730246565816,6925932688889117475,300471914551172981,1,2,dgekt,0.7142423628524948
610792730246565816,8194071366621068887,8573800373938698102,1,2,dgekt,0.6311072193883981
610792730246565816,2986660907093963186,300471914551172981,1,2,dgekt,0.7195095749929978
610792730246565816,7591109345808921544,300471914551172981,1,2,dgekt,0.6961729231066154
610792730246565816,625545550176685521,8573800373938698102,0,2,dgekt,0.6656973680354613
610792730246565816,1761868641361943332,8573800373938698102,1,2,dgekt,0.6763666255911174
610792730246565816,4824259625677886603,300471914551172981,1,2,dgekt,0.6934902903902386
610792730246565816,8450591260754163598,8573800373938698102,1,2,dgekt,0.6527264801586597
610792730246565816,1553079256999111676,300471914551172981,1,2,dgekt,0.6988422729454801
610792730246565816,3220231712819306119,8573800373938698102,0,2,dgekt,0.6591688617405917
610792730246565816,338807275221326836,300471914551172981,1,2,dgekt,0.6873889851450635
610792730246565816,8525319303741530302,8573800373938698102,1,2,dgekt,0.6610612214005206
610792730246565816,6587421150596252277,300471914551172981,1,2,dgekt,0.7025839470154979
610792730246565816,5891620578387310353,300471914551172981,1,2,dgekt,0.6850140077059866
610792730246565816,5791250638486922978,300471914551172981,1,2,dgekt,0.7033290574008343
610792730246565816,4031585874086886353,8573800373938698102,1,2,dgekt,0.6748736428279047
610792730246565816,2083452711903133430,8573800373938698102,1,2,dgekt,0.6981831045958949
610792730246565816,6319743179241711738,8573800373938698102,0,2,dgekt,0.6769344395726814
610792730246565816,8628686323660025649,300471914551172981,1,2,dgekt,0.7046810337843598
610792730246565816,4378721629787482518,300471914551172981,1,2,dgekt,0.7093846200596751
610792730246565816,4813462692425748605,300471914551172981,1,2,dgekt,0.6741364189077859
610792730246565816,4644364625800006675,300471914551172981,1,2,dgekt,0.6930764061159737
610792730246565816,1062464292871659639,8573800373938698102,1,2,dgekt,0.6759404237757181
610792730246565816,5932668873100475470,300471914551172981,1,2,dgekt,0.7150362187944037
610792730246565816,5237822943399727048,8573800373938698102,1,2,dgekt,0.681528502467563
622893215205742821,300471914551172981,300471914551172981,0,2,dgekt,0.6745638510288963
622893215205742821,8573800373938698102,8573800373938698102,0,2,dgekt,0.6158782928636971
622893215205742821,2014268979504181100,300471914551172981,0,2,dgekt,0.6579761627678377
622893215205742821,2172169907340938753,300471914551172981,0,2,dgekt,0.6601629009518237
622893215205742821,8150806168444344502,300471914551172981,0,2,dgekt,0.6826293176705902
622893215205742821,816286915455981984,8573800373938698102,0,2,dgekt,0.6694408617155408
622893215205742821,1962751598315765836,300471914551172981,0,2,dgekt,0.6864122349754352
622893215205742821,7444476343858270082,300471914551172981,1,2,dgekt,0.6918328878647094
622893215205742821,2537821716777940730,300471914551172981,0,2,dgekt,0.6915561713098549
622893215205742821,1061301253559417093,300471914551172981,1,2,dgekt,0.6729951843043801
622893215205742821,8553379303363759508,300471914551172981,1,2,dgekt,0.6653109371521244
622893215205742821,6440511557387709110,300471914551172981,0,2,dgekt,0.6912793171580589
622893215205742821,7744513373483970787,8573800373938698102,0,2,dgekt,0.6226090257307791
622893215205742821,2971078979906996375,300471914551172981,1,2,dgekt,0.6824887411512989
622893215205742821,5841359775533910823,300471914551172981,0,2,dgekt,0.6518913235950976
622893215205742821,8621262567927479011,300471914551172981,1,2,dgekt,0.6898929870284579
622893215205742821,8434961942249729798,8573800373938698102,0,2,dgekt,0.6567596999128485
622893215205742821,2322042198017538996,8573800373938698102,0,2,dgekt,0.657125247454589
622893215205742821,1742185772413642127,300471914551172981,0,2,dgekt,0.695829735714841
622893215205742821,2334639155148655290,8573800373938698102,0,2,dgekt,0.6636005123697934
622893215205742821,7660717256841499384,300471914551172981,0,2,dgekt,0.7099861493150671
622893215205742821,4113615466659810841,300471914551172981,0,2,dgekt,0.695417622992899
622893215205742821,6125574002232610732,300471914551172981,0,2,dgekt,0.6609630033818568
622893215205742821,2774368076249802464,8573800373938698102,0,2,dgekt,0.6520643880721613
622893215205742821,8903365289186067945,8573800373938698102,0,2,dgekt,0.6544891681878957
622893215205742821,6925932688889117475,300471914551172981,0,2,dgekt,0.7142423628524948
622893215205742821,8194071366621068887,8573800373938698102,0,2,dgekt,0.6311072193883981
622893215205742821,2986660907093963186,300471914551172981,1,2,dgekt,0.7195095749929978
622893215205742821,7591109345808921544,300471914551172981,1,2,dgekt,0.6961729231066154
622893215205742821,625545550176685521,8573800373938698102,0,2,dgekt,0.6656973680354613
622893215205742821,1761868641361943332,8573800373938698102,1,2,dgekt,0.6763666255911174
622893215205742821,4824259625677886603,300471914551172981,1,2,dgekt,0.6934902903902386
622893215205742821,8450591260754163598,8573800373938698102,0,2,dgekt,0.6527264801586597
622893215205742821,1553079256999111676,300471914551172981,0,2,dgekt,0.6988422729454801
622893215205742821,3220231712819306119,8573800373938698102,0,2,dgekt,0.6591688617405917
622893215205742821,338807275221326836,300471914551172981,1,2,dgekt,0.6873889851450635
622893215205742821,8525319303741530302,8573800373938698102,0,2,dgekt,0.6610612214005206
622893215205742821,6587421150596252277,300471914551172981,1,2,dgekt,0.7025839470154979
622893215205742821,5891620578387310353,300471914551172981,0,2,dgekt,0.6850140077059866
622893215205742821,5791250638486922978,300471914551172981,1,2,dgekt,0.7033290574008343
622893215205742821,4031585874086886353,8573800373938698102,1,2,dgekt,0.6748736428279047
622893215205742821,2083452711903133430,8573800373938698102,1,2,dgekt,0.6981831045958949
622893215205742821,6319743179241711738,8573800373938698102,0,2,dgekt,0.6769344395726814
622893215205742821,8628686323660025649,300471914551172981,1,2,dgekt,0.7046810337843598
622893215205742821,4378721629787482518,300471914551172981,1,2,dgekt,0.7093846200596751
622893215205742821,4813462692425748605,300471914551172981,0,2,dgekt,0.6741364189077859
622893215205742821,4644364625800006675,300471914551172981,0,2,dgekt,0.6930764061159737
622893215205742821,1062464292871659639,8573800373938698102,1,2,dgekt,0.6759404237757181
622893215205742821,5932668873100475470,300471914551172981,1,2,dgekt,0.7150362187944037
622893215205742821,5237822943399727048,8573800373938698102,1,2,dgekt,0.681528502467563
697982920437075837,300471914551172981,300471914551172981,0,2,dgekt,0.6745638510288963
697982920437075837,8573800373938698102,8573800373938698102,0,2,dgekt,0.6158782928636971
697982920437075837,2014268979504181100,300471914551172981,0,2,dgekt,0.6579761627678377
697982920437075837,2172169907340938753,300471914551172981,0,2,dgekt,0.6601629009518237
697982920437075837,8150806168444344502,300471914551172981,1,2,dgekt,0.6826293176705902
697982920437075837,816286915455981984,8573800373938698102,0,2,dgekt,0.6694408617155408
697982920437075837,1962751598315765836,300471914551172981,1,2,dgekt,0.6864122349754352
697982920437075837,7444476343858270082,300471914551172981,0,2,dgekt,0.6918328878647094
697982920437075837,2537821716777940730,300471914551172981,0,2,dgekt,0.6915561713098549
697982920437075837,1061301253559417093,300471914551172981,0,2,dgekt,0.6729951843043801
697982920437075837,8553379303363759508,300471914551172981,0,2,dgekt,0.6653109371521244
697982920437075837,6440511557387709110,300471914551172981,0,2,dgekt,0.6912793171580589
697982920437075837,7744513373483970787,8573800373938698102,0,2,dgekt,0.6226090257307791
697982920437075837,2971078979906996375,300471914551172981,0,2,dgekt,0.6824887411512989
697982920437075837,5841359775533910823,300471914551172981,0,2,dgekt,0.6518913235950976
697982920437075837,8621262567927479011,300471914551172981,0,2,dgekt,0.6898929870284579
697982920437075837,8434961942249729798,8573800373938698102,0,2,dgekt,0.6567596999128485
697982920437075837,2322042198017538996,8573800373938698102,0,2,dgekt,0.657125247454589
697982920437075837,1742185772413642127,300471914551172981,0,2,dgekt,0.695829735714841
697982920437075837,2334639155148655290,8573800373938698102,0,2,dgekt,0.6636005123697934
697982920437075837,7660717256841499384,300471914551172981,0,2,dgekt,0.7099861493150671
697982920437075837,4113615466659810841,300471914551172981,0,2,dgekt,0.695417622992899
697982920437075837,6125574002232610732,300471914551172981,0,2,dgekt,0.6609630033818568
697982920437075837,2774368076249802464,8573800373938698102,0,2,dgekt,0.6520643880721613
697982920437075837,8903365289186067945,8573800373938698102,0,2,dgekt,0.6544891681878957
697982920437075837,6925932688889117475,300471914551172981,1,2,dgekt,0.7142423628524948
697982920437075837,8194071366621068887,8573800373938698102,0,2,dgekt,0.6311072193883981
697982920437075837,2986660907093963186,300471914551172981,1,2,dgekt,0.7195095749929978
697982920437075837,7591109345808921544,300471914551172981,1,2,dgekt,0.6961729231066154
697982920437075837,625545550176685521,8573800373938698102,0,2,dgekt,0.6656973680354613
697982920437075837,1761868641361943332,8573800373938698102,0,2,dgekt,0.6763666255911174
697982920437075837,4824259625677886603,300471914551172981,0,2,dgekt,0.6934902903902386
697982920437075837,8450591260754163598,8573800373938698102,0,2,dgekt,0.6527264801586597
697982920437075837,1553079256999111676,300471914551172981,0,2,dgekt,0.6988422729454801
697982920437075837,3220231712819306119,8573800373938698102,0,2,dgekt,0.6591688617405917
697982920437075837,338807275221326836,300471914551172981,0,2,dgekt,0.6873889851450635
697982920437075837,8525319303741530302,8573800373938698102,0,2,dgekt,0.6610612214005206
697982920437075837,6587421150596252277,300471914551172981,0,2,dgekt,0.7025839470154979
697982920437075837,5891620578387310353,300471914551172981,0,2,dgekt,0.6850140077059866
697982920437075837,5791250638486922978,300471914551172981,0,2,dgekt,0.7033290574008343
697982920437075837,4031585874086886353,8573800373938698102,0,2,dgekt,0.6748736428279047
697982920437075837,2083452711903133430,8573800373938698102,1,2,dgekt,0.6981831045958949
697982920437075837,6319743179241711738,8573800373938698102,0,2,dgekt,0.6769344395726814
697982920437075837,8628686323660025649,300471914551172981,0,2,dgekt,0.7046810337843598
697982920437075837,4378721629787482518,300471914551172981,0,2,dgekt,0.7093846200596751
697982920437075837,4813462692425748605,300471914551172981,0,2,dgekt,0.6741364189077859
697982920437075837,4644364625800006675,300471914551172981,1,2,dgekt,0.6930764061159737
697982920437075837,1062464292871659639,8573800373938698102,0,2,dgekt,0.6759404237757181
697982920437075837,5932668873100475470,300471914551172981,1,2,dgekt,0.7150362187944037
697982920437075837,5237822943399727048,8573800373938698102,0,2,dgekt,0.681528502467563
711324264108093575,300471914551172981,300471914551172981,0,2,dgekt,0.6745638510288963
711324264108093575,8573800373938698102,8573800373938698102,0,2,dgekt,0.6158782928636971
711324264108093575,2014268979504181100,300471914551172981,0,2,dgekt,0.6579761627678377
711324264108093575,2172169907340938753,300471914551172981,0,2,dgekt,0.6601629009518237
711324264108093575,8150806168444344502,300471914551172981,0,2,dgekt,0.6826293176705902
711324264108093575,816286915455981984,8573800373938698102,1,2,dgekt,0.6694408617155408
711324264108093575,1962751598315765836,300471914551172981,0,2,dgekt,0.6864122349754352
711324264108093575,7444476343858270082,300471914551172981,1,2,dgekt,0.6918328878647094
711324264108093575,2537821716777940730,300471914551172981,0,2,dgekt,0.6915561713098549
711324264108093575,1061301253559417093,300471914551172981,0,2,dgekt,0.6729951843043801
711324264108093575,8553379303363759508,300471914551172981,0,2,dgekt,0.6653109371521244
711324264108093575,6440511557387709110,300471914551172981,0,2,dgekt,0.6912793171580589
711324264108093575,7744513373483970787,8573800373938698102,1,2,dgekt,0.6226090257307791
711324264108093575,2971078979906996375,300471914551172981,0,2,dgekt,0.6824887411512989
711324264108093575,5841359775533910823,300471914551172981,0,2,dgekt,0.6518913235950976
711324264108093575,8621262567927479011,300471914551172981,1,2,dgekt,0.6898929870284579
711324264108093575,8434961942249729798,8573800373938698102,1,2,dgekt,0.6567596999128485
711324264108093575,2322042198017538996,8573800373938698102,1,2,dgekt,0.657125247454589
711324264108093575,1742185772413642127,300471914551172981,1,2,dgekt,0.695829735714841
711324264108093575,2334639155148655290,8573800373938698102,1,2,dgekt,0.6636005123697934
711324264108093575,7660717256841499384,300471914551172981,1,2,dgekt,0.7099861493150671
711324264108093575,4113615466659810841,300471914551172981,0,2,dgekt,0.695417622992899
711324264108093575,6125574002232610732,300471914551172981,0,2,dgekt,0.6609630033818568
711324264108093575,2774368076249802464,8573800373938698102,1,2,dgekt,0.6520643880721613
711324264108093575,8903365289186067945,8573800373938698102,1,2,dgekt,0.6544891681878957
711324264108093575,6925932688889117475,300471914551172981,1,2,dgekt,0.7142423628524948
711324264108093575,8194071366621068887,8573800373938698102,1,2,dgekt,0.6311072193883981
711324264108093575,2986660907093963186,300471914551172981,0,2,dgekt,0.7195095749929978
711324264108093575,7591109345808921544,300471914551172981,0,2,dgekt,0.6961729231066154
711324264108093575,625545550176685521,8573800373938698102,1,2,dgekt,0.6656973680354613
711324264108093575,1761868641361943332,8573800373938698102,1,2,dgekt,0.6763666255911174
711324264108093575,4824259625677886603,300471914551172981,1,2,dgekt,0.6934902903902386
711324264108093575,8450591260754163598,8573800373938698102,1,2,dgekt,0.6527264801586597
711324264108093575,1553079256999111676,300471914551172981,1,2,dgekt,0.6988422729454801
711324264108093575,3220231712819306119,8573800373938698102,1,2,dgekt,0.6591688617405917
711324264108093575,338807275221326836,300471914551172981,1,2,dgekt,0.6873889851450635
711324264108093575,8525319303741530302,8573800373938698102,1,2,dgekt,0.6610612214005206
711324264108093575,6587421150596252277,300471914551172981,1,2,dgekt,0.7025839470154979
711324264108093575,5891620578387310353,300471914551172981,0,2,dgekt,0.6850140077059866
711324264108093575,5791250638486922978,300471914551172981,1,2,dgekt,0.7033290574008343
711324264108093575,4031585874086886353,8573800373938698102,1,2,dgekt,0.6748736428279047
711324264108093575,2083452711903133430,8573800373938698102,1,2,dgekt,0.6981831045958949
711324264108093575,6319743179241711738,8573800373938698102,1,2,dgekt,0.6769344395726814
711324264108093575,8628686323660025649,300471914551172981,1,2,dgekt,0.7046810337843598
711324264108093575,4378721629787482518,300471914551172981,1,2,dgekt,0.7093846200596751
711324264108093575,4813462692425748605,300471914551172981,1,2,dgekt,0.6741364189077859
711324264108093575,4644364625800006675,300471914551172981,0,2,dgekt,0.6930764061159737
711324264108093575,1062464292871659639,8573800373938698102,1,2,dgekt,0.6759404237757181
711324264108093575,5932668873100475470,300471914551172981,1,2,dgekt,0.7150362187944037
711324264108093575,5237822943399727048,8573800373938698102,1,2,dgekt,0.681528502467563
727042050873976136,300471914551172981,300471914551172981,0,2,dgekt,0.6745638510288963
727042050873976136,8573800373938698102,8573800373938698102,0,2,dgekt,0.6158782928636971
727042050873976136,2014268979504181100,300471914551172981,0,2,dgekt,0.6579761627678377
727042050873976136,2172169907340938753,300471914551172981,0,2,dgekt,0.6601629009518237
727042050873976136,8150806168444344502,300471914551172981,1,2,dgekt,0.6826293176705902
727042050873976136,816286915455981984,8573800373938698102,0,2,dgekt,0.6694408617155408
727042050873976136,1962751598315765836,300471914551172981,0,2,dgekt,0.6864122349754352
727042050873976136,7444476343858270082,300471914551172981,1,2,dgekt,0.6918328878647094
727042050873976136,2537821716777940730,300471914551172981,0,2,dgekt,0.6915561713098549
727042050873976136,1061301253559417093,300471914551172981,1,2,dgekt,0.6729951843043801
727042050873976136,8553379303363759508,300471914551172981,0,2,dgekt,0.6653109371521244
727042050873976136,6440511557387709110,300471914551172981,1,2,dgekt,0.6912793171580589
727042050873976136,7744513373483970787,8573800373938698102,0,2,dgekt,0.6226090257307791
727042050873976136,2971078979906996375,300471914551172981,0,2,dgekt,0.6824887411512989
727042050873976136,5841359775533910823,300471914551172981,0,2,dgekt,0.6518913235950976
727042050873976136,8621262567927479011,300471914551172981,0,2,dgekt,0.6898929870284579
727042050873976136,8434961942249729798,8573800373938698102,0,2,dgekt,0.6567596999128485
727042050873976136,2322042198017538996,8573800373938698102,0,2,dgekt,0.657125247454589
727042050873976136,1742185772413642127,300471914551172981,0,2,dgekt,0.695829735714841
727042050873976136,2334639155148655290,8573800373938698102,1,2,dgekt,0.6636005123697934
727042050873976136,7660717256841499384,300471914551172981,1,2,dgekt,0.7099861493150671
727042050873976136,4113615466659810841,300471914551172981,1,2,dgekt,0.695417622992899
727042050873976136,6125574002232610732,300471914551172981,1,2,dgekt,0.6609630033818568
727042050873976136,2774368076249802464,8573800373938698102,0,2,dgekt,0.6520643880721613
727042050873976136,8903365289186067945,8573800373938698102,0,2,dgekt,0.6544891681878957
727042050873976136,6925932688889117475,300471914551172981,0,2,dgekt,0.7142423628524948
727042050873976136,8194071366621068887,8573800373938698102,0,2,dgekt,0.6311072193883981
727042050873976136,2986660907093963186,300471914551172981,1,2,dgekt,0.7195095749929978
727042050873976136,7591109345808921544,300471914551172981,0,2,dgekt,0.6961729231066154
727042050873976136,625545550176685521,8573800373938698102,0,2,dgekt,0.6656973680354613
727042050873976136,1761868641361943332,8573800373938698102,0,2,dgekt,0.6763666255911174
727042050873976136,4824259625677886603,300471914551172981,0,2,dgekt,0.6934902903902386
727042050873976136,8450591260754163598,8573800373938698102,0,2,dgekt,0.6527264801586597
727042050873976136,1553079256999111676,300471914551172981,1,2,dgekt,0.6988422729454801
727042050873976136,3220231712819306119,8573800373938698102,0,2,dgekt,0.6591688617405917
727042050873976136,338807275221326836,300471914551172981,0,2,dgekt,0.6873889851450635
727042050873976136,8525319303741530302,8573800373938698102,0,2,dgekt,0.6610612214005206
727042050873976136,6587421150596252277,300471914551172981,0,2,dgekt,0.7025839470154979
727042050873976136,5891620578387310353,300471914551172981,1,2,dgekt,0.6850140077059866
727042050873976136,5791250638486922978,300471914551172981,0,2,dgekt,0.7033290574008343
727042050873976136,4031585874086886353,8573800373938698102,0,2,dgekt,0.6748736428279047
727042050873976136,2083452711903133430,8573800373938698102,0,2,dgekt,0.6981831045958949
727042050873976136,6319743179241711738,8573800373938698102,1,2,dgekt,0.6769344395726814
727042050873976136,8628686323660025649,300471914551172981,1,2,dgekt,0.7046810337843598
727042050873976136,4378721629787482518,300471914551172981,0,2,dgekt,0.7093846200596751
727042050873976136,4813462692425748605,300471914551172981,0,2,dgekt,0.6741364189077859
727042050873976136,4644364625800006675,300471914551172981,0,2,dgekt,0.6930764061159737
727042050873976136,1062464292871659639,8573800373938698102,0,2,dgekt,0.6759404237757181
727042050873976136,5932668873100475470,300471914551172981,1,2,dgekt,0.7150362187944037
727042050873976136,5237822943399727048,8573800373938698102,0,2,dgekt,0.681528502467563
730102702977908677,300471914551172981,300471914551172981,1,2,dgekt,0.6745638510288963
730102702977908677,8573800373938698102,8573800373938698102,0,2,dgekt,0.6158782928636971
730102702977908677,2014268979504181100,300471914551172981,1,2,dgekt,0.6579761627678377
730102702977908677,2172169907340938753,300471914551172981,1,2,dgekt,0.6601629009518237
730102702977908677,8150806168444344502,300471914551172981,1,2,dgekt,0.6826293176705902
730102702977908677,816286915455981984,8573800373938698102,1,2,dgekt,0.6694408617155408
730102702977908677,1962751598315765836,300471914551172981,1,2,dgekt,0.6864122349754352
730102702977908677,7444476343858270082,300471914551172981,1,2,dgekt,0.6918328878647094
730102702977908677,2537821716777940730,300471914551172981,1,2,dgekt,0.6915561713098549
730102702977908677,1061301253559417093,300471914551172981,1,2,dgekt,0.6729951843043801
730102702977908677,8553379303363759508,300471914551172981,1,2,dgekt,0.6653109371521244
730102702977908677,6440511557387709110,300471914551172981,1,2,dgekt,0.6912793171580589
730102702977908677,7744513373483970787,8573800373938698102,0,2,dgekt,0.6226090257307791
730102702977908677,2971078979906996375,300471914551172981,1,2,dgekt,0.6824887411512989
730102702977908677,5841359775533910823,300471914551172981,0,2,dgekt,0.6518913235950976
730102702977908677,8621262567927479011,300471914551172981,1,2,dgekt,0.6898929870284579
730102702977908677,8434961942249729798,8573800373938698102,0,2,dgekt,0.6567596999128485
730102702977908677,2322042198017538996,8573800373938698102,1,2,dgekt,0.657125247454589
730102702977908677,1742185772413642127,300471914551172981,1,2,dgekt,0.695829735714841
730102702977908677,2334639155148655290,8573800373938698102,1,2,dgekt,0.6636005123697934
730102702977908677,7660717256841499384,300471914551172981,1,2,dgekt,0.7099861493150671
730102702977908677,4113615466659810841,300471914551172981,0,2,dgekt,0.695417622992899
730102702977908677,6125574002232610732,300471914551172981,1,2,dgekt,0.6609630033818568
730102702977908677,2774368076249802464,8573800373938698102,1,2,dgekt,0.6520643880721613
730102702977908677,8903365289186067945,8573800373938698102,1,2,dgekt,0.6544891681878957
730102702977908677,6925932688889117475,300471914551172981,1,2,dgekt,0.7142423628524948
730102702977908677,8194071366621068887,8573800373938698102,0,2,dgekt,0.6311072193883981
730102702977908677,2986660907093963186,300471914551172981,1,2,dgekt,0.7195095749929978
730102702977908677,7591109345808921544,300471914551172981,1,2,dgekt,0.6961729231066154
730102702977908677,625545550176685521,8573800373938698102,0,2,dgekt,0.6656973680354613
730102702977908677,1761868641361943332,8573800373938698102,1,2,dgekt,0.6763666255911174
730102702977908677,4824259625677886603,300471914551172981,1,2,dgekt,0.6934902903902386
730102702977908677,8450591260754163598,8573800373938698102,1,2,dgekt,0.6527264801586597
730102702977908677,1553079256999111676,300471914551172981,0,2,dgekt,0.6988422729454801
730102702977908677,3220231712819306119,8573800373938698102,1,2,dgekt,0.6591688617405917
730102702977908677,338807275221326836,300471914551172981,1,2,dgekt,0.6873889851450635
730102702977908677,8525319303741530302,8573800373938698102,0,2,dgekt,0.6610612214005206
730102702977908677,6587421150596252277,300471914551172981,1,2,dgekt,0.7025839470154979
730102702977908677,5891620578387310353,300471914551172981,1,2,dgekt,0.6850140077059866
730102702977908677,5791250638486922978,300471914551172981,1,2,dgekt,0.7033290574008343
730102702977908677,4031585874086886353,8573800373938698102,1,2,dgekt,0.6748736428279047
730102702977908677,2083452711903133430,8573800373938698102,1,2,dgekt,0.6981831045958949
730102702977908677,6319743179241711738,8573800373938698102,1,2,dgekt,0.6769344395726814
730102702977908677,8628686323660025649,300471914551172981,1,2,dgekt,0.7046810337843598
730102702977908677,4378721629787482518,300471914551172981,1,2,dgekt,0.7093846200596751
730102702977908677,4813462692425748605,300471914551172981,0,2,dgekt,0.6741364189077859
730102702977908677,4644364625800006675,300471914551172981,0,2,dgekt,0.6930764061159737
730102702977908677,1062464292871659639,8573800373938698102,1,2,dgekt,0.6759404237757181
730102702977908677,5932668873100475470,300471914551172981,1,2,dgekt,0.7150362187944037
730102702977908677,5237822943399727048,8573800373938698102,1,2,dgekt,0.681528502467563
794498285968813346,300471914551172981,300471914551172981,1,2,dgekt,0.6745638510288963
794498285968813346,8573800373938698102,8573800373938698102,0,2,dgekt,0.6158782928636971
794498285968813346,2014268979504181100,300471914551172981,1,2,dgekt,0.6579761627678377
794498285968813346,2172169907340938753,300471914551172981,1,2,dgekt,0.6601629009518237
794498285968813346,8150806168444344502,300471914551172981,1,2,dgekt,0.6826293176705902
794498285968813346,816286915455981984,8573800373938698102,0,2,dgekt,0.6694408617155408
794498285968813346,1962751598315765836,300471914551172981,1,2,dgekt,0.6864122349754352
794498285968813346,7444476343858270082,300471914551172981,1,2,dgekt,0.6918328878647094
794498285968813346,2537821716777940730,300471914551172981,1,2,dgekt,0.6915561713098549
794498285968813346,1061301253559417093,300471914551172981,1,2,dgekt,0.6729951843043801
794498285968813346,8553379303363759508,300471914551172981,1,2,dgekt,0.6653109371521244
794498285968813346,6440511557387709110,300471914551172981,1,2,dgekt,0.6912793171580589
794498285968813346,7744513373483970787,8573800373938698102,0,2,dgekt,0.6226090257307791
794498285968813346,2971078979906996375,300471914551172981,0,2,dgekt,0.6824887411512989
794498285968813346,5841359775533910823,300471914551172981,1,2,dgekt,0.6518913235950976
794498285968813346,8621262567927479011,300471914551172981,1,2,dgekt,0.6898929870284579
794498285968813346,8434961942249729798,8573800373938698102,0,2,dgekt,0.6567596999128485
794498285968813346,2322042198017538996,8573800373938698102,0,2,dgekt,0.657125247454589
794498285968813346,1742185772413642127,300471914551172981,1,2,dgekt,0.695829735714841
794498285968813346,2334639155148655290,8573800373938698102,0,2,dgekt,0.6636005123697934
794498285968813346,7660717256841499384,300471914551172981,1,2,dgekt,0.7099861493150671
794498285968813346,4113615466659810841,300471914551172981,1,2,dgekt,0.695417622992899
794498285968813346,6125574002232610732,300471914551172981,0,2,dgekt,0.6609630033818568
794498285968813346,2774368076249802464,8573800373938698102,0,2,dgekt,0.6520643880721613
794498285968813346,8903365289186067945,8573800373938698102,0,2,dgekt,0.6544891681878957
794498285968813346,6925932688889117475,300471914551172981,1,2,dgekt,0.7142423628524948
794498285968813346,8194071366621068887,8573800373938698102,1,2,dgekt,0.6311072193883981
794498285968813346,2986660907093963186,300471914551172981,1,2,dgekt,0.7195095749929978
794498285968813346,7591109345808921544,300471914551172981,1,2,dgekt,0.6961729231066154
794498285968813346,625545550176685521,8573800373938698102,1,2,dgekt,0.6656973680354613
794498285968813346,1761868641361943332,8573800373938698102,0,2,dgekt,0.6763666255911174
794498285968813346,4824259625677886603,300471914551172981,1,2,dgekt,0.6934902903902386
794498285968813346,8450591260754163598,8573800373938698102,0,2,dgekt,0.6527264801586597
794498285968813346,1553079256999111676,300471914551172981,1,2,dgekt,0.6988422729454801
794498285968813346,3220231712819306119,8573800373938698102,0,2,dgekt,0.6591688617405917
794498285968813346,338807275221326836,300471914551172981,1,2,dgekt,0.6873889851450635
794498285968813346,8525319303741530302,8573800373938698102,0,2,dgekt,0.6610612214005206
794498285968813346,6587421150596252277,300471914551172981,1,2,dgekt,0.7025839470154979
794498285968813346,5891620578387310353,300471914551172981,1,2,dgekt,0.6850140077059866
794498285968813346,5791250638486922978,300471914551172981,1,2,dgekt,0.7033290574008343
794498285968813346,4031585874086886353,8573800373938698102,0,2,dgekt,0.6748736428279047
794498285968813346,2083452711903133430,8573800373938698102,0,2,dgekt,0.6981831045958949
794498285968813346,6319743179241711738,8573800373938698102,1,2,dgekt,0.6769344395726814
794498285968813346,8628686323660025649,300471914551172981,1,2,dgekt,0.7046810337843598
794498285968813346,4378721629787482518,300471914551172981,1,2,dgekt,0.7093846200596751
794498285968813346,4813462692425748605,300471914551172981,1,2,dgekt,0.6741364189077859
794498285968813346,4644364625800006675,300471914551172981,1,2,dgekt,0.6930764061159737
794498285968813346,1062464292871659639,8573800373938698102,1,2,dgekt,0.6759404237757181
794498285968813346,5932668873100475470,300471914551172981,1,2,dgekt,0.7150362187944037
794498285968813346,5237822943399727048,8573800373938698102,1,2,dgekt,0.681528502467563
822947289563477095,300471914551172981,300471914551172981,0,2,dgekt,0.6745638510288963
822947289563477095,8573800373938698102,8573800373938698102,0,2,dgekt,0.6158782928636971
822947289563477095,2014268979504181100,300471914551172981,0,2,dgekt,0.6579761627678377
822947289563477095,2172169907340938753,300471914551172981,0,2,dgekt,0.6601629009518237
822947289563477095,8150806168444344502,300471914551172981,0,2,dgekt,0.6826293176705902
822947289563477095,816286915455981984,8573800373938698102,0,2,dgekt,0.6694408617155408
822947289563477095,1962751598315765836,300471914551172981,0,2,dgekt,0.6864122349754352
822947289563477095,7444476343858270082,300471914551172981,0,2,dgekt,0.6918328878647094
822947289563477095,2537821716777940730,300471914551172981,0,2,dgekt,0.6915561713098549
822947289563477095,1061301253559417093,300471914551172981,0,2,dgekt,0.6729951843043801
822947289563477095,8553379303363759508,300471914551172981,0,2,dgekt,0.6653109371521244
822947289563477095,6440511557387709110,300471914551172981,0,2,dgekt,0.6912793171580589
822947289563477095,7744513373483970787,8573800373938698102,0,2,dgekt,0.6226090257307791
822947289563477095,2971078979906996375,300471914551172981,0,2,dgekt,0.6824887411512989
822947289563477095,5841359775533910823,300471914551172981,0,2,dgekt,0.6518913235950976
822947289563477095,8621262567927479011,300471914551172981,0,2,dgekt,0.6898929870284579
822947289563477095,8434961942249729798,8573800373938698102,0,2,dgekt,0.6567596999128485
822947289563477095,2322042198017538996,8573800373938698102,0,2,dgekt,0.657125247454589
822947289563477095,1742185772413642127,300471914551172981,0,2,dgekt,0.695829735714841
822947289563477095,2334639155148655290,8573800373938698102,1,2,dgekt,0.6636005123697934
822947289563477095,7660717256841499384,300471914551172981,1,2,dgekt,0.7099861493150671
822947289563477095,4113615466659810841,300471914551172981,1,2,dgekt,0.695417622992899
822947289563477095,6125574002232610732,300471914551172981,0,2,dgekt,0.6609630033818568
822947289563477095,2774368076249802464,8573800373938698102,0,2,dgekt,0.6520643880721613
822947289563477095,8903365289186067945,8573800373938698102,0,2,dgekt,0.6544891681878957
822947289563477095,6925932688889117475,300471914551172981,1,2,dgekt,0.7142423628524948
822947289563477095,8194071366621068887,8573800373938698102,0,2,dgekt,0.6311072193883981
822947289563477095,2986660907093963186,300471914551172981,1,2,dgekt,0.7195095749929978
822947289563477095,7591109345808921544,300471914551172981,1,2,dgekt,0.6961729231066154
822947289563477095,625545550176685521,8573800373938698102,0,2,dgekt,0.6656973680354613
822947289563477095,1761868641361943332,8573800373938698102,0,2,dgekt,0.6763666255911174
822947289563477095,4824259625677886603,300471914551172981,0,2,dgekt,0.6934902903902386
822947289563477095,8450591260754163598,8573800373938698102,0,2,dgekt,0.6527264801586597
822947289563477095,1553079256999111676,300471914551172981,0,2,dgekt,0.6988422729454801
822947289563477095,3220231712819306119,8573800373938698102,0,2,dgekt,0.6591688617405917
822947289563477095,338807275221326836,300471914551172981,0,2,dgekt,0.6873889851450635
822947289563477095,8525319303741530302,8573800373938698102,0,2,dgekt,0.6610612214005206
822947289563477095,6587421150596252277,300471914551172981,0,2,dgekt,0.7025839470154979
822947289563477095,5891620578387310353,300471914551172981,0,2,dgekt,0.6850140077059866
822947289563477095,5791250638486922978,300471914551172981,0,2,dgekt,0.7033290574008343
822947289563477095,4031585874086886353,8573800373938698102,0,2,dgekt,0.6748736428279047
822947289563477095,2083452711903133430,8573800373938698102,0,2,dgekt,0.6981831045958949
822947289563477095,6319743179241711738,8573800373938698102,0,2,dgekt,0.6769344395726814
822947289563477095,8628686323660025649,300471914551172981,1,2,dgekt,0.7046810337843598
822947289563477095,4378721629787482518,300471914551172981,0,2,dgekt,0.7093846200596751
822947289563477095,4813462692425748605,300471914551172981,0,2,dgekt,0.6741364189077859
822947289563477095,4644364625800006675,300471914551172981,0,2,dgekt,0.6930764061159737
822947289563477095,1062464292871659639,8573800373938698102,0,2,dgekt,0.6759404237757181
822947289563477095,5932668873100475470,300471914551172981,0,2,dgekt,0.7150362187944037
822947289563477095,5237822943399727048,8573800373938698102,0,2,dgekt,0.681528502467563
858227644923335394,300471914551172981,300471914551172981,1,2,dgekt,0.6745638510288963
858227644923335394,8573800373938698102,8573800373938698102,0,2,dgekt,0.6158782928636971
858227644923335394,2014268979504181100,300471914551172981,1,2,dgekt,0.6579761627678377
858227644923335394,2172169907340938753,300471914551172981,1,2,dgekt,0.6601629009518237
858227644923335394,8150806168444344502,300471914551172981,1,2,dgekt,0.6826293176705902
858227644923335394,816286915455981984,8573800373938698102,1,2,dgekt,0.6694408617155408
858227644923335394,1962751598315765836,300471914551172981,1,2,dgekt,0.6864122349754352
858227644923335394,7444476343858270082,300471914551172981,1,2,dgekt,0.6918328878647094
858227644923335394,2537821716777940730,300471914551172981,1,2,dgekt,0.6915561713098549
858227644923335394,1061301253559417093,300471914551172981,1,2,dgekt,0.6729951843043801
858227644923335394,8553379303363759508,300471914551172981,1,2,dgekt,0.6653109371521244
858227644923335394,6440511557387709110,300471914551172981,1,2,dgekt,0.6912793171580589
858227644923335394,7744513373483970787,8573800373938698102,1,2,dgekt,0.6226090257307791
858227644923335394,2971078979906996375,300471914551172981,1,2,dgekt,0.6824887411512989
858227644923335394,5841359775533910823,300471914551172981,1,2,dgekt,0.6518913235950976
858227644923335394,8621262567927479011,300471914551172981,1,2,dgekt,0.6898929870284579
858227644923335394,8434961942249729798,8573800373938698102,1,2,dgekt,0.6567596999128485
858227644923335394,2322042198017538996,8573800373938698102,1,2,dgekt,0.657125247454589
858227644923335394,1742185772413642127,300471914551172981,1,2,dgekt,0.695829735714841
858227644923335394,2334639155148655290,8573800373938698102,1,2,dgekt,0.6636005123697934
858227644923335394,7660717256841499384,300471914551172981,1,2,dgekt,0.7099861493150671
858227644923335394,4113615466659810841,300471914551172981,1,2,dgekt,0.695417622992899
858227644923335394,6125574002232610732,300471914551172981,1,2,dgekt,0.6609630033818568
858227644923335394,2774368076249802464,8573800373938698102,1,2,dgekt,0.6520643880721613
858227644923335394,8903365289186067945,8573800373938698102,1,2,dgekt,0.6544891681878957
858227644923335394,6925932688889117475,300471914551172981,1,2,dgekt,0.7142423628524948
858227644923335394,8194071366621068887,8573800373938698102,0,2,dgekt,0.6311072193883981
858227644923335394,2986660907093963186,300471914551172981,1,2,dgekt,0.7195095749929978
858227644923335394,7591109345808921544,300471914551172981,1,2,dgekt,0.6961729231066154
858227644923335394,625545550176685521,8573800373938698102,1,2,dgekt,0.6656973680354613
858227644923335394,1761868641361943332,8573800373938698102,0,2,dgekt,0.6763666255911174
858227644923335394,4824259625677886603,300471914551172981,1,2,dgekt,0.6934902903902386
858227644923335394,8450591260754163598,8573800373938698102,1,2,dgekt,0.6527264801586597
858227644923335394,1553079256999111676,300471914551172981,1,2,dgekt,0.6988422729454801
858227644923335394,3220231712819306119,8573800373938698102,0,2,dgekt,0.6591688617405917
858227644923335394,338807275221326836,300471914551172981,1,2,dgekt,0.6873889851450635
858227644923335394,8525319303741530302,8573800373938698102,0,2,dgekt,0.6610612214005206
858227644923335394,6587421150596252277,300471914551172981,1,2,dgekt,0.7025839470154979
858227644923335394,5891620578387310353,300471914551172981,1,2,dgekt,0.6850140077059866
858227644923335394,5791250638486922978,300471914551172981,1,2,dgekt,0.7033290574008343
858227644923335394,4031585874086886353,8573800373938698102,1,2,dgekt,0.6748736428279047
858227644923335394,2083452711903133430,8573800373938698102,1,2,dgekt,0.6981831045958949
858227644923335394,6319743179241711738,8573800373938698102,0,2,dgekt,0.6769344395726814
858227644923335394,8628686323660025649,300471914551172981,1,2,dgekt,0.7046810337843598
858227644923335394,4378721629787482518,300471914551172981,1,2,dgekt,0.7093846200596751
858227644923335394,4813462692425748605,300471914551172981,1,2,dgekt,0.6741364189077859
858227644923335394,4644364625800006675,300471914551172981,1,2,dgekt,0.6930764061159737
858227644923335394,1062464292871659639,8573800373938698102,1,2,dgekt,0.6759404237757181
858227644923335394,5932668873100475470,300471914551172981,1,2,dgekt,0.7150362187944037
858227644923335394,5237822943399727048,8573800373938698102,1,2,dgekt,0.681528502467563
926273758802928437,300471914551172981,300471914551172981,0,2,dgekt,0.6745638510288963
926273758802928437,8573800373938698102,8573800373938698102,1,2,dgekt,0.6158782928636971
926273758802928437,2014268979504181100,300471914551172981,1,2,dgekt,0.6579761627678377
926273758802928437,2172169907340938753,300471914551172981,0,2,dgekt,0.6601629009518237
926273758802928437,8150806168444344502,300471914551172981,1,2,dgekt,0.6826293176705902
926273758802928437,816286915455981984,8573800373938698102,1,2,dgekt,0.6694408617155408
926273758802928437,1962751598315765836,300471914551172981,0,2,dgekt,0.6864122349754352
926273758802928437,7444476343858270082,300471914551172981,0,2,dgekt,0.6918328878647094
926273758802928437,2537821716777940730,300471914551172981,1,2,dgekt,0.6915561713098549
926273758802928437,1061301253559417093,300471914551172981,1,2,dgekt,0.6729951843043801
926273758802928437,8553379303363759508,300471914551172981,0,2,dgekt,0.6653109371521244
926273758802928437,6440511557387709110,300471914551172981,1,2,dgekt,0.6912793171580589
926273758802928437,7744513373483970787,8573800373938698102,1,2,dgekt,0.6226090257307791
926273758802928437,2971078979906996375,300471914551172981,1,2,dgekt,0.6824887411512989
926273758802928437,5841359775533910823,300471914551172981,0,2,dgekt,0.6518913235950976
926273758802928437,8621262567927479011,300471914551172981,1,2,dgekt,0.6898929870284579
926273758802928437,8434961942249729798,8573800373938698102,1,2,dgekt,0.6567596999128485
926273758802928437,2322042198017538996,8573800373938698102,1,2,dgekt,0.657125247454589
926273758802928437,1742185772413642127,300471914551172981,1,2,dgekt,0.695829735714841
926273758802928437,2334639155148655290,8573800373938698102,1,2,dgekt,0.6636005123697934
926273758802928437,7660717256841499384,300471914551172981,1,2,dgekt,0.7099861493150671
926273758802928437,4113615466659810841,300471914551172981,0,2,dgekt,0.695417622992899
926273758802928437,6125574002232610732,300471914551172981,0,2,dgekt,0.6609630033818568
926273758802928437,2774368076249802464,8573800373938698102,1,2,dgekt,0.6520643880721613
926273758802928437,8903365289186067945,8573800373938698102,1,2,dgekt,0.6544891681878957
926273758802928437,6925932688889117475,300471914551172981,1,2,dgekt,0.7142423628524948
926273758802928437,8194071366621068887,8573800373938698102,1,2,dgekt,0.6311072193883981
926273758802928437,2986660907093963186,300471914551172981,1,2,dgekt,0.7195095749929978
926273758802928437,7591109345808921544,300471914551172981,1,2,dgekt,0.6961729231066154
926273758802928437,625545550176685521,8573800373938698102,1,2,dgekt,0.6656973680354613
926273758802928437,1761868641361943332,8573800373938698102,1,2,dgekt,0.6763666255911174
926273758802928437,4824259625677886603,300471914551172981,0,2,dgekt,0.6934902903902386
926273758802928437,8450591260754163598,8573800373938698102,1,2,dgekt,0.6527264801586597
926273758802928437,1553079256999111676,300471914551172981,1,2,dgekt,0.6988422729454801
926273758802928437,3220231712819306119,8573800373938698102,1,2,dgekt,0.6591688617405917
926273758802928437,338807275221326836,300471914551172981,1,2,dgekt,0.6873889851450635
926273758802928437,8525319303741530302,8573800373938698102,1,2,dgekt,0.6610612214005206
926273758802928437,6587421150596252277,300471914551172981,1,2,dgekt,0.7025839470154979
926273758802928437,5891620578387310353,300471914551172981,1,2,dgekt,0.6850140077059866
926273758802928437,5791250638486922978,300471914551172981,1,2,dgekt,0.7033290574008343
926273758802928437,4031585874086886353,8573800373938698102,1,2,dgekt,0.6748736428279047
926273758802928437,2083452711903133430,8573800373938698102,1,2,dgekt,0.6981831045958949
926273758802928437,6319743179241711738,8573800373938698102,1,2,dgekt,0.6769344395726814
926273758802928437,8628686323660025649,300471914551172981,1,2,dgekt,0.7046810337843598
926273758802928437,4378721629787482518,300471914551172981,1,2,dgekt,0.7093846200596751
926273758802928437,4813462692425748605,300471914551172981,0,2,dgekt,0.6741364189077859
926273758802928437,4644364625800006675,300471914551172981,0,2,dgekt,0.6930764061159737
926273758802928437,1062464292871659639,8573800373938698102,1,2,dgekt,0.6759404237757181
926273758802928437,5932668873100475470,300471914551172981,0,2,dgekt,0.7150362187944037
926273758802928437,5237822943399727048,8573800373938698102,1,2,dgekt,0.681528502467563
942706140549317669,300471914551172981,300471914551172981,1,2,dgekt,0.6745638510288963
942706140549317669,8573800373938698102,8573800373938698102,0,2,dgekt,0.6158782928636971
942706140549317669,2014268979504181100,300471914551172981,0,2,dgekt,0.6579761627678377
942706140549317669,2172169907340938753,300471914551172981,1,2,dgekt,0.6601629009518237
942706140549317669,8150806168444344502,300471914551172981,1,2,dgekt,0.6826293176705902
942706140549317669,816286915455981984,8573800373938698102,0,2,dgekt,0.6694408617155408
942706140549317669,1962751598315765836,300471914551172981,1,2,dgekt,0.6864122349754352
942706140549317669,7444476343858270082,300471914551172981,1,2,dgekt,0.6918328878647094
942706140549317669,2537821716777940730,300471914551172981,1,2,dgekt,0.6915561713098549
942706140549317669,1061301253559417093,300471914551172981,1,2,dgekt,0.6729951843043801
942706140549317669,8553379303363759508,300471914551172981,1,2,dgekt,0.6653109371521244
942706140549317669,6440511557387709110,300471914551172981,1,2,dgekt,0.6912793171580589
942706140549317669,7744513373483970787,8573800373938698102,0,2,dgekt,0.6226090257307791
942706140549317669,2971078979906996375,300471914551172981,1,2,dgekt,0.6824887411512989
942706140549317669,5841359775533910823,300471914551172981,1,2,dgekt,0.6518913235950976
942706140549317669,8621262567927479011,300471914551172981,1,2,dgekt,0.6898929870284579
942706140549317669,8434961942249729798,8573800373938698102,0,2,dgekt,0.6567596999128485
942706140549317669,2322042198017538996,8573800373938698102,0,2,dgekt,0.657125247454589
942706140549317669,1742185772413642127,300471914551172981,1,2,dgekt,0.695829735714841
942706140549317669,2334639155148655290,8573800373938698102,0,2,dgekt,0.6636005123697934
942706140549317669,7660717256841499384,300471914551172981,1,2,dgekt,0.7099861493150671
942706140549317669,4113615466659810841,300471914551172981,1,2,dgekt,0.695417622992899
942706140549317669,6125574002232610732,300471914551172981,1,2,dgekt,0.6609630033818568
942706140549317669,2774368076249802464,8573800373938698102,0,2,dgekt,0.6520643880721613
942706140549317669,8903365289186067945,8573800373938698102,0,2,dgekt,0.6544891681878957
942706140549317669,6925932688889117475,300471914551172981,1,2,dgekt,0.7142423628524948
942706140549317669,8194071366621068887,8573800373938698102,0,2,dgekt,0.6311072193883981
942706140549317669,2986660907093963186,300471914551172981,1,2,dgekt,0.7195095749929978
942706140549317669,7591109345808921544,300471914551172981,1,2,dgekt,0.6961729231066154
942706140549317669,625545550176685521,8573800373938698102,0,2,dgekt,0.6656973680354613
942706140549317669,1761868641361943332,8573800373938698102,0,2,dgekt,0.6763666255911174
942706140549317669,4824259625677886603,300471914551172981,1,2,dgekt,0.6934902903902386
942706140549317669,8450591260754163598,8573800373938698102,0,2,dgekt,0.6527264801586597
942706140549317669,1553079256999111676,300471914551172981,1,2,dgekt,0.6988422729454801
942706140549317669,3220231712819306119,8573800373938698102,1,2,dgekt,0.6591688617405917
942706140549317669,338807275221326836,300471914551172981,1,2,dgekt,0.6873889851450635
942706140549317669,8525319303741530302,8573800373938698102,0,2,dgekt,0.6610612214005206
942706140549317669,6587421150596252277,300471914551172981,1,2,dgekt,0.7025839470154979
942706140549317669,5891620578387310353,300471914551172981,1,2,dgekt,0.6850140077059866
942706140549317669,5791250638486922978,300471914551172981,1,2,dgekt,0.7033290574008343
942706140549317669,4031585874086886353,8573800373938698102,0,2,dgekt,0.6748736428279047
942706140549317669,2083452711903133430,8573800373938698102,1,2,dgekt,0.6981831045958949
942706140549317669,6319743179241711738,8573800373938698102,0,2,dgekt,0.6769344395726814
942706140549317669,8628686323660025649,300471914551172981,1,2,dgekt,0.7046810337843598
942706140549317669,4378721629787482518,300471914551172981,1,2,dgekt,0.7093846200596751
942706140549317669,4813462692425748605,300471914551172981,1,2,dgekt,0.6741364189077859
942706140549317669,4644364625800006675,300471914551172981,1,2,dgekt,0.6930764061159737
942706140549317669,1062464292871659639,8573800373938698102,0,2,dgekt,0.6759404237757181
942706140549317669,5932668873100475470,300471914551172981,1,2,dgekt,0.7150362187944037
942706140549317669,5237822943399727048,8573800373938698102,0,2,dgekt,0.681528502467563
1003558341519932556,300471914551172981,300471914551172981,1,2,dgekt,0.6745638510288963
1003558341519932556,8573800373938698102,8573800373938698102,1,2,dgekt,0.6158782928636971
1003558341519932556,2014268979504181100,300471914551172981,1,2,dgekt,0.6579761627678377
1003558341519932556,2172169907340938753,300471914551172981,1,2,dgekt,0.6601629009518237
1003558341519932556,8150806168444344502,300471914551172981,1,2,dgekt,0.6826293176705902
1003558341519932556,816286915455981984,8573800373938698102,1,2,dgekt,0.6694408617155408
1003558341519932556,1962751598315765836,300471914551172981,0,2,dgekt,0.6864122349754352
1003558341519932556,7444476343858270082,300471914551172981,1,2,dgekt,0.6918328878647094
1003558341519932556,2537821716777940730,300471914551172981,1,2,dgekt,0.6915561713098549
1003558341519932556,1061301253559417093,300471914551172981,1,2,dgekt,0.6729951843043801
1003558341519932556,8553379303363759508,300471914551172981,0,2,dgekt,0.6653109371521244
1003558341519932556,6440511557387709110,300471914551172981,1,2,dgekt,0.6912793171580589
1003558341519932556,7744513373483970787,8573800373938698102,1,2,dgekt,0.6226090257307791
1003558341519932556,2971078979906996375,300471914551172981,1,2,dgekt,0.6824887411512989
1003558341519932556,5841359775533910823,300471914551172981,1,2,dgekt,0.6518913235950976
1003558341519932556,8621262567927479011,300471914551172981,1,2,dgekt,0.6898929870284579
1003558341519932556,8434961942249729798,8573800373938698102,1,2,dgekt,0.6567596999128485
1003558341519932556,2322042198017538996,8573800373938698102,1,2,dgekt,0.657125247454589
1003558341519932556,1742185772413642127,300471914551172981,1,2,dgekt,0.695829735714841
1003558341519932556,2334639155148655290,8573800373938698102,1,2,dgekt,0.6636005123697934
1003558341519932556,7660717256841499384,300471914551172981,1,2,dgekt,0.7099861493150671
1003558341519932556,4113615466659810841,300471914551172981,1,2,dgekt,0.695417622992899
1003558341519932556,6125574002232610732,300471914551172981,1,2,dgekt,0.6609630033818568
1003558341519932556,2774368076249802464,8573800373938698102,1,2,dgekt,0.6520643880721613
1003558341519932556,8903365289186067945,8573800373938698102,1,2,dgekt,0.6544891681878957
1003558341519932556,6925932688889117475,300471914551172981,1,2,dgekt,0.7142423628524948
1003558341519932556,8194071366621068887,8573800373938698102,1,2,dgekt,0.6311072193883981
1003558341519932556,2986660907093963186,300471914551172981,1,2,dgekt,0.7195095749929978
1003558341519932556,7591109345808921544,300471914551172981,1,2,dgekt,0.6961729231066154
1003558341519932556,625545550176685521,8573800373938698102,1,2,dgekt,0.6656973680354613
1003558341519932556,1761868641361943332,8573800373938698102,1,2,dgekt,0.6763666255911174
1003558341519932556,4824259625677886603,300471914551172981,1,2,dgekt,0.6934902903902386
1003558341519932556,8450591260754163598,8573800373938698102,1,2,dgekt,0.6527264801586597
1003558341519932556,1553079256999111676,300471914551172981,1,2,dgekt,0.6988422729454801
1003558341519932556,3220231712819306119,8573800373938698102,1,2,dgekt,0.6591688617405917
1003558341519932556,338807275221326836,300471914551172981,1,2,dgekt,0.6873889851450635
1003558341519932556,8525319303741530302,8573800373938698102,1,2,dgekt,0.6610612214005206
1003558341519932556,6587421150596252277,300471914551172981,1,2,dgekt,0.7025839470154979
1003558341519932556,5891620578387310353,300471914551172981,1,2,dgekt,0.6850140077059866
1003558341519932556,5791250638486922978,300471914551172981,1,2,dgekt,0.7033290574008343
1003558341519932556,4031585874086886353,8573800373938698102,1,2,dgekt,0.6748736428279047
1003558341519932556,2083452711903133430,8573800373938698102,1,2,dgekt,0.6981831045958949
1003558341519932556,6319743179241711738,8573800373938698102,1,2,dgekt,0.6769344395726814
1003558341519932556,8628686323660025649,300471914551172981,1,2,dgekt,0.7046810337843598
1003558341519932556,4378721629787482518,300471914551172981,1,2,dgekt,0.7093846200596751
1003558341519932556,4813462692425748605,300471914551172981,0,2,dgekt,0.6741364189077859
1003558341519932556,4644364625800006675,300471914551172981,1,2,dgekt,0.6930764061159737
1003558341519932556,1062464292871659639,8573800373938698102,1,2,dgekt,0.6759404237757181
1003558341519932556,5932668873100475470,300471914551172981,1,2,dgekt,0.7150362187944037
1003558341519932556,5237822943399727048,8573800373938698102,1,2,dgekt,0.681528502467563
1042998184812744181,300471914551172981,300471914551172981,1,2,dgekt,0.6745638510288963
1042998184812744181,8573800373938698102,8573800373938698102,0,2,dgekt,0.6158782928636971
1042998184812744181,2014268979504181100,300471914551172981,1,2,dgekt,0.6579761627678377
1042998184812744181,2172169907340938753,300471914551172981,1,2,dgekt,0.6601629009518237
1042998184812744181,8150806168444344502,300471914551172981,1,2,dgekt,0.6826293176705902
1042998184812744181,816286915455981984,8573800373938698102,0,2,dgekt,0.6694408617155408
1042998184812744181,1962751598315765836,300471914551172981,1,2,dgekt,0.6864122349754352
1042998184812744181,7444476343858270082,300471914551172981,1,2,dgekt,0.6918328878647094
1042998184812744181,2537821716777940730,300471914551172981,1,2,dgekt,0.6915561713098549
1042998184812744181,1061301253559417093,300471914551172981,1,2,dgekt,0.6729951843043801
1042998184812744181,8553379303363759508,300471914551172981,1,2,dgekt,0.6653109371521244
1042998184812744181,6440511557387709110,300471914551172981,1,2,dgekt,0.6912793171580589
1042998184812744181,7744513373483970787,8573800373938698102,0,2,dgekt,0.6226090257307791
1042998184812744181,2971078979906996375,300471914551172981,1,2,dgekt,0.6824887411512989
1042998184812744181,5841359775533910823,300471914551172981,1,2,dgekt,0.6518913235950976
1042998184812744181,8621262567927479011,300471914551172981,1,2,dgekt,0.6898929870284579
1042998184812744181,8434961942249729798,8573800373938698102,0,2,dgekt,0.6567596999128485
1042998184812744181,2322042198017538996,8573800373938698102,0,2,dgekt,0.657125247454589
1042998184812744181,1742185772413642127,300471914551172981,1,2,dgekt,0.695829735714841
1042998184812744181,2334639155148655290,8573800373938698102,0,2,dgekt,0.6636005123697934
1042998184812744181,7660717256841499384,300471914551172981,1,2,dgekt,0.7099861493150671
1042998184812744181,4113615466659810841,300471914551172981,1,2,dgekt,0.695417622992899
1042998184812744181,6125574002232610732,300471914551172981,1,2,dgekt,0.6609630033818568
1042998184812744181,2774368076249802464,8573800373938698102,0,2,dgekt,0.6520643880721613
1042998184812744181,8903365289186067945,8573800373938698102,0,2,dgekt,0.6544891681878957
1042998184812744181,6925932688889117475,300471914551172981,1,2,dgekt,0.7142423628524948
1042998184812744181,8194071366621068887,8573800373938698102,0,2,dgekt,0.6311072193883981
1042998184812744181,2986660907093963186,300471914551172981,1,2,dgekt,0.7195095749929978
1042998184812744181,7591109345808921544,300471914551172981,1,2,dgekt,0.6961729231066154
1042998184812744181,625545550176685521,8573800373938698102,1,2,dgekt,0.6656973680354613
1042998184812744181,1761868641361943332,8573800373938698102,0,2,dgekt,0.6763666255911174
1042998184812744181,4824259625677886603,300471914551172981,1,2,dgekt,0.6934902903902386
1042998184812744181,8450591260754163598,8573800373938698102,1,2,dgekt,0.6527264801586597
1042998184812744181,1553079256999111676,300471914551172981,1,2,dgekt,0.6988422729454801
1042998184812744181,3220231712819306119,8573800373938698102,0,2,dgekt,0.6591688617405917
1042998184812744181,338807275221326836,300471914551172981,1,2,dgekt,0.6873889851450635
1042998184812744181,8525319303741530302,8573800373938698102,0,2,dgekt,0.6610612214005206
1042998184812744181,6587421150596252277,300471914551172981,1,2,dgekt,0.7025839470154979
1042998184812744181,5891620578387310353,300471914551172981,1,2,dgekt,0.6850140077059866
1042998184812744181,5791250638486922978,300471914551172981,1,2,dgekt,0.7033290574008343
1042998184812744181,4031585874086886353,8573800373938698102,0,2,dgekt,0.6748736428279047
1042998184812744181,2083452711903133430,8573800373938698102,0,2,dgekt,0.6981831045958949
1042998184812744181,6319743179241711738,8573800373938698102,0,2,dgekt,0.6769344395726814
1042998184812744181,8628686323660025649,300471914551172981,1,2,dgekt,0.7046810337843598
1042998184812744181,4378721629787482518,300471914551172981,1,2,dgekt,0.7093846200596751
1042998184812744181,4813462692425748605,300471914551172981,1,2,dgekt,0.6741364189077859
1042998184812744181,4644364625800006675,300471914551172981,1,2,dgekt,0.6930764061159737
1042998184812744181,1062464292871659639,8573800373938698102,1,2,dgekt,0.6759404237757181
1042998184812744181,5932668873100475470,300471914551172981,1,2,dgekt,0.7150362187944037
1042998184812744181,5237822943399727048,8573800373938698102,0,2,dgekt,0.681528502467563
1085453181448266761,300471914551172981,300471914551172981,1,2,dgekt,0.6745638510288963
1085453181448266761,8573800373938698102,8573800373938698102,0,2,dgekt,0.6158782928636971
1085453181448266761,2014268979504181100,300471914551172981,1,2,dgekt,0.6579761627678377
1085453181448266761,2172169907340938753,300471914551172981,1,2,dgekt,0.6601629009518237
1085453181448266761,8150806168444344502,300471914551172981,1,2,dgekt,0.6826293176705902
1085453181448266761,816286915455981984,8573800373938698102,1,2,dgekt,0.6694408617155408
1085453181448266761,1962751598315765836,300471914551172981,1,2,dgekt,0.6864122349754352
1085453181448266761,7444476343858270082,300471914551172981,1,2,dgekt,0.6918328878647094
1085453181448266761,2537821716777940730,300471914551172981,1,2,dgekt,0.6915561713098549
1085453181448266761,1061301253559417093,300471914551172981,1,2,dgekt,0.6729951843043801
1085453181448266761,8553379303363759508,300471914551172981,1,2,dgekt,0.6653109371521244
1085453181448266761,6440511557387709110,300471914551172981,1,2,dgekt,0.6912793171580589
1085453181448266761,7744513373483970787,8573800373938698102,1,2,dgekt,0.6226090257307791
1085453181448266761,2971078979906996375,300471914551172981,1,2,dgekt,0.6824887411512989
1085453181448266761,5841359775533910823,300471914551172981,1,2,dgekt,0.6518913235950976
1085453181448266761,8621262567927479011,300471914551172981,1,2,dgekt,0.6898929870284579
1085453181448266761,8434961942249729798,8573800373938698102,1,2,dgekt,0.6567596999128485
1085453181448266761,2322042198017538996,8573800373938698102,0,2,dgekt,0.657125247454589
1085453181448266761,1742185772413642127,300471914551172981,1,2,dgekt,0.695829735714841
1085453181448266761,2334639155148655290,8573800373938698102,0,2,dgekt,0.6636005123697934
1085453181448266761,7660717256841499384,300471914551172981,1,2,dgekt,0.7099861493150671
1085453181448266761,4113615466659810841,300471914551172981,1,2,dgekt,0.695417622992899
1085453181448266761,6125574002232610732,300471914551172981,1,2,dgekt,0.6609630033818568
1085453181448266761,2774368076249802464,8573800373938698102,1,2,dgekt,0.6520643880721613
1085453181448266761,8903365289186067945,8573800373938698102,1,2,dgekt,0.6544891681878957
1085453181448266761,6925932688889117475,300471914551172981,1,2,dgekt,0.7142423628524948
1085453181448266761,8194071366621068887,8573800373938698102,0,2,dgekt,0.6311072193883981
1085453181448266761,2986660907093963186,300471914551172981,1,2,dgekt,0.7195095749929978
1085453181448266761,7591109345808921544,300471914551172981,1,2,dgekt,0.6961729231066154
1085453181448266761,625545550176685521,8573800373938698102,1,2,dgekt,0.6656973680354613
1085453181448266761,1761868641361943332,8573800373938698102,1,2,dgekt,0.6763666255911174
1085453181448266761,4824259625677886603,300471914551172981,0,2,dgekt,0.6934902903902386
1085453181448266761,8450591260754163598,8573800373938698102,0,2,dgekt,0.6527264801586597
1085453181448266761,1553079256999111676,300471914551172981,1,2,dgekt,0.6988422729454801
1085453181448266761,3220231712819306119,8573800373938698102,0,2,dgekt,0.6591688617405917
1085453181448266761,338807275221326836,300471914551172981,1,2,dgekt,0.6873889851450635
1085453181448266761,8525319303741530302,8573800373938698102,0,2,dgekt,0.6610612214005206
1085453181448266761,6587421150596252277,300471914551172981,1,2,dgekt,0.7025839470154979
1085453181448266761,5891620578387310353,300471914551172981,1,2,dgekt,0.6850140077059866
1085453181448266761,5791250638486922978,300471914551172981,1,2,dgekt,0.7033290574008343
1085453181448266761,4031585874086886353,8573800373938698102,1,2,dgekt,0.6748736428279047
1085453181448266761,2083452711903133430,8573800373938698102,1,2,dgekt,0.6981831045958949
1085453181448266761,6319743179241711738,8573800373938698102,0,2,dgekt,0.6769344395726814
1085453181448266761,8628686323660025649,300471914551172981,1,2,dgekt,0.7046810337843598
1085453181448266761,4378721629787482518,300471914551172981,1,2,dgekt,0.7093846200596751
1085453181448266761,4813462692425748605,300471914551172981,1,2,dgekt,0.6741364189077859
1085453181448266761,4644364625800006675,300471914551172981,1,2,dgekt,0.6930764061159737
1085453181448266761,1062464292871659639,8573800373938698102,1,2,dgekt,0.6759404237757181
1085453181448266761,5932668873100475470,300471914551172981,1,2,dgekt,0.7150362187944037
1085453181448266761,5237822943399727048,8573800373938698102,1,2,dgekt,0.681528502467563
1223648975300134562,300471914551172981,300471914551172981,1,2,dgekt,0.6745638510288963
1223648975300134562,8573800373938698102,8573800373938698102,0,2,dgekt,0.6158782928636971
1223648975300134562,2014268979504181100,300471914551172981,0,2,dgekt,0.6579761627678377
1223648975300134562,2172169907340938753,300471914551172981,1,2,dgekt,0.6601629009518237
1223648975300134562,8150806168444344502,300471914551172981,1,2,dgekt,0.6826293176705902
1223648975300134562,816286915455981984,8573800373938698102,1,2,dgekt,0.6694408617155408
1223648975300134562,1962751598315765836,300471914551172981,1,2,dgekt,0.6864122349754352
1223648975300134562,7444476343858270082,300471914551172981,1,2,dgekt,0.6918328878647094
1223648975300134562,2537821716777940730,300471914551172981,1,2,dgekt,0.6915561713098549
1223648975300134562,1061301253559417093,300471914551172981,1,2,dgekt,0.6729951843043801
1223648975300134562,8553379303363759508,300471914551172981,1,2,dgekt,0.6653109371521244
1223648975300134562,6440511557387709110,300471914551172981,1,2,dgekt,0.6912793171580589
1223648975300134562,7744513373483970787,8573800373938698102,0,2,dgekt,0.6226090257307791
1223648975300134562,2971078979906996375,300471914551172981,1,2,dgekt,0.6824887411512989
1223648975300134562,5841359775533910823,300471914551172981,0,2,dgekt,0.6518913235950976
1223648975300134562,8621262567927479011,300471914551172981,1,2,dgekt,0.6898929870284579
1223648975300134562,8434961942249729798,8573800373938698102,1,2,dgekt,0.6567596999128485
1223648975300134562,2322042198017538996,8573800373938698102,1,2,dgekt,0.657125247454589
1223648975300134562,1742185772413642127,300471914551172981,1,2,dgekt,0.695829735714841
1223648975300134562,2334639155148655290,8573800373938698102,0,2,dgekt,0.6636005123697934
1223648975300134562,7660717256841499384,300471914551172981,1,2,dgekt,0.7099861493150671
1223648975300134562,4113615466659810841,300471914551172981,1,2,dgekt,0.695417622992899
1223648975300134562,6125574002232610732,300471914551172981,1,2,dgekt,0.6609630033818568
1223648975300134562,2774368076249802464,8573800373938698102,0,2,dgekt,0.6520643880721613
1223648975300134562,8903365289186067945,8573800373938698102,1,2,dgekt,0.6544891681878957
1223648975300134562,6925932688889117475,300471914551172981,1,2,dgekt,0.7142423628524948
1223648975300134562,8194071366621068887,8573800373938698102,0,2,dgekt,0.6311072193883981
1223648975300134562,2986660907093963186,300471914551172981,1,2,dgekt,0.7195095749929978
1223648975300134562,7591109345808921544,300471914551172981,1,2,dgekt,0.6961729231066154
1223648975300134562,625545550176685521,8573800373938698102,0,2,dgekt,0.6656973680354613
1223648975300134562,1761868641361943332,8573800373938698102,0,2,dgekt,0.6763666255911174
1223648975300134562,4824259625677886603,300471914551172981,1,2,dgekt,0.6934902903902386
1223648975300134562,8450591260754163598,8573800373938698102,0,2,dgekt,0.6527264801586597
1223648975300134562,1553079256999111676,300471914551172981,1,2,dgekt,0.6988422729454801
1223648975300134562,3220231712819306119,8573800373938698102,1,2,dgekt,0.6591688617405917
1223648975300134562,338807275221326836,300471914551172981,1,2,dgekt,0.6873889851450635
1223648975300134562,8525319303741530302,8573800373938698102,0,2,dgekt,0.6610612214005206
1223648975300134562,6587421150596252277,300471914551172981,1,2,dgekt,0.7025839470154979
1223648975300134562,5891620578387310353,300471914551172981,1,2,dgekt,0.6850140077059866
1223648975300134562,5791250638486922978,300471914551172981,1,2,dgekt,0.7033290574008343
1223648975300134562,4031585874086886353,8573800373938698102,1,2,dgekt,0.6748736428279047
1223648975300134562,2083452711903133430,8573800373938698102,1,2,dgekt,0.6981831045958949
1223648975300134562,6319743179241711738,8573800373938698102,1,2,dgekt,0.6769344395726814
1223648975300134562,8628686323660025649,300471914551172981,1,2,dgekt,0.7046810337843598
1223648975300134562,4378721629787482518,300471914551172981,1,2,dgekt,0.7093846200596751
1223648975300134562,4813462692425748605,300471914551172981,1,2,dgekt,0.6741364189077859
1223648975300134562,4644364625800006675,300471914551172981,1,2,dgekt,0.6930764061159737
1223648975300134562,1062464292871659639,8573800373938698102,1,2,dgekt,0.6759404237757181
1223648975300134562,5932668873100475470,300471914551172981,1,2,dgekt,0.7150362187944037
1223648975300134562,5237822943399727048,8573800373938698102,1,2,dgekt,0.681528502467563
1253225369361069887,300471914551172981,300471914551172981,1,2,dgekt,0.6745638510288963
1253225369361069887,8573800373938698102,8573800373938698102,0,2,dgekt,0.6158782928636971
1253225369361069887,2014268979504181100,300471914551172981,1,2,dgekt,0.6579761627678377
1253225369361069887,2172169907340938753,300471914551172981,0,2,dgekt,0.6601629009518237
1253225369361069887,8150806168444344502,300471914551172981,1,2,dgekt,0.6826293176705902
1253225369361069887,816286915455981984,8573800373938698102,1,2,dgekt,0.6694408617155408
1253225369361069887,1962751598315765836,300471914551172981,1,2,dgekt,0.6864122349754352
1253225369361069887,7444476343858270082,300471914551172981,1,2,dgekt,0.6918328878647094
1253225369361069887,2537821716777940730,300471914551172981,1,2,dgekt,0.6915561713098549
1253225369361069887,1061301253559417093,300471914551172981,1,2,dgekt,0.6729951843043801
1253225369361069887,8553379303363759508,300471914551172981,0,2,dgekt,0.6653109371521244
1253225369361069887,6440511557387709110,300471914551172981,1,2,dgekt,0.6912793171580589
1253225369361069887,7744513373483970787,8573800373938698102,1,2,dgekt,0.6226090257307791
1253225369361069887,2971078979906996375,300471914551172981,0,2,dgekt,0.6824887411512989
1253225369361069887,5841359775533910823,300471914551172981,1,2,dgekt,0.6518913235950976
1253225369361069887,8621262567927479011,300471914551172981,0,2,dgekt,0.6898929870284579
1253225369361069887,8434961942249729798,8573800373938698102,1,2,dgekt,0.6567596999128485
1253225369361069887,2322042198017538996,8573800373938698102,1,2,dgekt,0.657125247454589
1253225369361069887,1742185772413642127,300471914551172981,1,2,dgekt,0.695829735714841
1253225369361069887,2334639155148655290,8573800373938698102,1,2,dgekt,0.6636005123697934
1253225369361069887,7660717256841499384,300471914551172981,1,2,dgekt,0.7099861493150671
1253225369361069887,4113615466659810841,300471914551172981,1,2,dgekt,0.695417622992899
1253225369361069887,6125574002232610732,300471914551172981,0,2,dgekt,0.6609630033818568
1253225369361069887,2774368076249802464,8573800373938698102,0,2,dgekt,0.6520643880721613
1253225369361069887,8903365289186067945,8573800373938698102,0,2,dgekt,0.6544891681878957
1253225369361069887,6925932688889117475,300471914551172981,1,2,dgekt,0.7142423628524948
1253225369361069887,8194071366621068887,8573800373938698102,1,2,dgekt,0.6311072193883981
1253225369361069887,2986660907093963186,300471914551172981,1,2,dgekt,0.7195095749929978
1253225369361069887,7591109345808921544,300471914551172981,0,2,dgekt,0.6961729231066154
1253225369361069887,625545550176685521,8573800373938698102,0,2,dgekt,0.6656973680354613
1253225369361069887,1761868641361943332,8573800373938698102,1,2,dgekt,0.6763666255911174
1253225369361069887,4824259625677886603,300471914551172981,1,2,dgekt,0.6934902903902386
1253225369361069887,8450591260754163598,8573800373938698102,0,2,dgekt,0.6527264801586597
1253225369361069887,1553079256999111676,300471914551172981,1,2,dgekt,0.6988422729454801
1253225369361069887,3220231712819306119,8573800373938698102,1,2,dgekt,0.6591688617405917
1253225369361069887,338807275221326836,300471914551172981,1,2,dgekt,0.6873889851450635
1253225369361069887,8525319303741530302,8573800373938698102,1,2,dgekt,0.6610612214005206
1253225369361069887,6587421150596252277,300471914551172981,1,2,dgekt,0.7025839470154979
1253225369361069887,5891620578387310353,300471914551172981,1,2,dgekt,0.6850140077059866
1253225369361069887,5791250638486922978,300471914551172981,1,2,dgekt,0.7033290574008343
1253225369361069887,4031585874086886353,8573800373938698102,1,2,dgekt,0.6748736428279047
1253225369361069887,2083452711903133430,8573800373938698102,1,2,dgekt,0.6981831045958949
1253225369361069887,6319743179241711738,8573800373938698102,1,2,dgekt,0.6769344395726814
1253225369361069887,8628686323660025649,300471914551172981,0,2,dgekt,0.7046810337843598
1253225369361069887,4378721629787482518,300471914551172981,0,2,dgekt,0.7093846200596751
1253225369361069887,4813462692425748605,300471914551172981,0,2,dgekt,0.6741364189077859
1253225369361069887,4644364625800006675,300471914551172981,1,2,dgekt,0.6930764061159737
1253225369361069887,1062464292871659639,8573800373938698102,1,2,dgekt,0.6759404237757181
1253225369361069887,5932668873100475470,300471914551172981,1,2,dgekt,0.7150362187944037
1253225369361069887,5237822943399727048,8573800373938698102,1,2,dgekt,0.681528502467563
1253653909672895259,300471914551172981,300471914551172981,0,2,dgekt,0.6745638510288963
1253653909672895259,8573800373938698102,8573800373938698102,0,2,dgekt,0.6158782928636971
1253653909672895259,2014268979504181100,300471914551172981,1,2,dgekt,0.6579761627678377
1253653909672895259,2172169907340938753,300471914551172981,0,2,dgekt,0.6601629009518237
1253653909672895259,8150806168444344502,300471914551172981,0,2,dgekt,0.6826293176705902
1253653909672895259,816286915455981984,8573800373938698102,0,2,dgekt,0.6694408617155408
1253653909672895259,1962751598315765836,300471914551172981,0,2,dgekt,0.6864122349754352
1253653909672895259,7444476343858270082,300471914551172981,0,2,dgekt,0.6918328878647094
1253653909672895259,2537821716777940730,300471914551172981,0,2,dgekt,0.6915561713098549
1253653909672895259,1061301253559417093,300471914551172981,0,2,dgekt,0.6729951843043801
1253653909672895259,8553379303363759508,300471914551172981,0,2,dgekt,0.6653109371521244
1253653909672895259,6440511557387709110,300471914551172981,1,2,dgekt,0.6912793171580589
1253653909672895259,7744513373483970787,8573800373938698102,0,2,dgekt,0.6226090257307791
1253653909672895259,2971078979906996375,300471914551172981,0,2,dgekt,0.6824887411512989
1253653909672895259,5841359775533910823,300471914551172981,0,2,dgekt,0.6518913235950976
1253653909672895259,8621262567927479011,300471914551172981,0,2,dgekt,0.6898929870284579
1253653909672895259,8434961942249729798,8573800373938698102,0,2,dgekt,0.6567596999128485
1253653909672895259,2322042198017538996,8573800373938698102,0,2,dgekt,0.657125247454589
1253653909672895259,1742185772413642127,300471914551172981,1,2,dgekt,0.695829735714841
1253653909672895259,2334639155148655290,8573800373938698102,0,2,dgekt,0.6636005123697934
1253653909672895259,7660717256841499384,300471914551172981,1,2,dgekt,0.7099861493150671
1253653909672895259,4113615466659810841,300471914551172981,1,2,dgekt,0.695417622992899
1253653909672895259,6125574002232610732,300471914551172981,0,2,dgekt,0.6609630033818568
1253653909672895259,2774368076249802464,8573800373938698102,0,2,dgekt,0.6520643880721613
1253653909672895259,8903365289186067945,8573800373938698102,1,2,dgekt,0.6544891681878957
1253653909672895259,6925932688889117475,300471914551172981,0,2,dgekt,0.7142423628524948
1253653909672895259,8194071366621068887,8573800373938698102,0,2,dgekt,0.6311072193883981
1253653909672895259,2986660907093963186,300471914551172981,1,2,dgekt,0.7195095749929978
1253653909672895259,7591109345808921544,300471914551172981,0,2,dgekt,0.6961729231066154
1253653909672895259,625545550176685521,8573800373938698102,0,2,dgekt,0.6656973680354613
1253653909672895259,1761868641361943332,8573800373938698102,0,2,dgekt,0.6763666255911174
1253653909672895259,4824259625677886603,300471914551172981,1,2,dgekt,0.6934902903902386
1253653909672895259,8450591260754163598,8573800373938698102,0,2,dgekt,0.6527264801586597
1253653909672895259,1553079256999111676,300471914551172981,0,2,dgekt,0.6988422729454801
1253653909672895259,3220231712819306119,8573800373938698102,0,2,dgekt,0.6591688617405917
1253653909672895259,338807275221326836,300471914551172981,0,2,dgekt,0.6873889851450635
1253653909672895259,8525319303741530302,8573800373938698102,0,2,dgekt,0.6610612214005206
1253653909672895259,6587421150596252277,300471914551172981,0,2,dgekt,0.7025839470154979
1253653909672895259,5891620578387310353,300471914551172981,0,2,dgekt,0.6850140077059866
1253653909672895259,5791250638486922978,300471914551172981,1,2,dgekt,0.7033290574008343
1253653909672895259,4031585874086886353,8573800373938698102,0,2,dgekt,0.6748736428279047
1253653909672895259,2083452711903133430,8573800373938698102,1,2,dgekt,0.6981831045958949
1253653909672895259,6319743179241711738,8573800373938698102,0,2,dgekt,0.6769344395726814
1253653909672895259,8628686323660025649,300471914551172981,1,2,dgekt,0.7046810337843598
1253653909672895259,4378721629787482518,300471914551172981,1,2,dgekt,0.7093846200596751
1253653909672895259,4813462692425748605,300471914551172981,0,2,dgekt,0.6741364189077859
1253653909672895259,4644364625800006675,300471914551172981,1,2,dgekt,0.6930764061159737
1253653909672895259,1062464292871659639,8573800373938698102,0,2,dgekt,0.6759404237757181
1253653909672895259,5932668873100475470,300471914551172981,1,2,dgekt,0.7150362187944037
1253653909672895259,5237822943399727048,8573800373938698102,1,2,dgekt,0.681528502467563
1277583981950536507,300471914551172981,300471914551172981,0,2,dgekt,0.6745638510288963
1277583981950536507,8573800373938698102,8573800373938698102,0,2,dgekt,0.6158782928636971
1277583981950536507,2014268979504181100,300471914551172981,0,2,dgekt,0.6579761627678377
1277583981950536507,2172169907340938753,300471914551172981,0,2,dgekt,0.6601629009518237
1277583981950536507,8150806168444344502,300471914551172981,0,2,dgekt,0.6826293176705902
1277583981950536507,816286915455981984,8573800373938698102,0,2,dgekt,0.6694408617155408
1277583981950536507,1962751598315765836,300471914551172981,1,2,dgekt,0.6864122349754352
1277583981950536507,7444476343858270082,300471914551172981,0,2,dgekt,0.6918328878647094
1277583981950536507,2537821716777940730,300471914551172981,0,2,dgekt,0.6915561713098549
1277583981950536507,1061301253559417093,300471914551172981,0,2,dgekt,0.6729951843043801
1277583981950536507,8553379303363759508,300471914551172981,0,2,dgekt,0.6653109371521244
1277583981950536507,6440511557387709110,300471914551172981,0,2,dgekt,0.6912793171580589
1277583981950536507,7744513373483970787,8573800373938698102,0,2,dgekt,0.6226090257307791
1277583981950536507,2971078979906996375,300471914551172981,0,2,dgekt,0.6824887411512989
1277583981950536507,5841359775533910823,300471914551172981,0,2,dgekt,0.6518913235950976
1277583981950536507,8621262567927479011,300471914551172981,1,2,dgekt,0.6898929870284579
1277583981950536507,8434961942249729798,8573800373938698102,1,2,dgekt,0.6567596999128485
1277583981950536507,2322042198017538996,8573800373938698102,0,2,dgekt,0.657125247454589
1277583981950536507,1742185772413642127,300471914551172981,0,2,dgekt,0.695829735714841
1277583981950536507,2334639155148655290,8573800373938698102,0,2,dgekt,0.6636005123697934
1277583981950536507,7660717256841499384,300471914551172981,1,2,dgekt,0.7099861493150671
1277583981950536507,4113615466659810841,300471914551172981,0,2,dgekt,0.695417622992899
1277583981950536507,6125574002232610732,300471914551172981,0,2,dgekt,0.6609630033818568
1277583981950536507,2774368076249802464,8573800373938698102,0,2,dgekt,0.6520643880721613
1277583981950536507,8903365289186067945,8573800373938698102,1,2,dgekt,0.6544891681878957
1277583981950536507,6925932688889117475,300471914551172981,1,2,dgekt,0.7142423628524948
1277583981950536507,8194071366621068887,8573800373938698102,0,2,dgekt,0.6311072193883981
1277583981950536507,2986660907093963186,300471914551172981,0,2,dgekt,0.7195095749929978
1277583981950536507,7591109345808921544,300471914551172981,1,2,dgekt,0.6961729231066154
1277583981950536507,625545550176685521,8573800373938698102,0,2,dgekt,0.6656973680354613
1277583981950536507,1761868641361943332,8573800373938698102,1,2,dgekt,0.6763666255911174
1277583981950536507,4824259625677886603,300471914551172981,1,2,dgekt,0.6934902903902386
1277583981950536507,8450591260754163598,8573800373938698102,0,2,dgekt,0.6527264801586597
1277583981950536507,1553079256999111676,300471914551172981,1,2,dgekt,0.6988422729454801
1277583981950536507,3220231712819306119,8573800373938698102,0,2,dgekt,0.6591688617405917
1277583981950536507,338807275221326836,300471914551172981,0,2,dgekt,0.6873889851450635
1277583981950536507,8525319303741530302,8573800373938698102,0,2,dgekt,0.6610612214005206
1277583981950536507,6587421150596252277,300471914551172981,1,2,dgekt,0.7025839470154979
1277583981950536507,5891620578387310353,300471914551172981,0,2,dgekt,0.6850140077059866
1277583981950536507,5791250638486922978,300471914551172981,0,2,dgekt,0.7033290574008343
1277583981950536507,4031585874086886353,8573800373938698102,0,2,dgekt,0.6748736428279047
1277583981950536507,2083452711903133430,8573800373938698102,1,2,dgekt,0.6981831045958949
1277583981950536507,6319743179241711738,8573800373938698102,1,2,dgekt,0.6769344395726814
1277583981950536507,8628686323660025649,300471914551172981,0,2,dgekt,0.7046810337843598
1277583981950536507,4378721629787482518,300471914551172981,1,2,dgekt,0.7093846200596751
1277583981950536507,4813462692425748605,300471914551172981,0,2,dgekt,0.6741364189077859
1277583981950536507,4644364625800006675,300471914551172981,0,2,dgekt,0.6930764061159737
1277583981950536507,1062464292871659639,8573800373938698102,0,2,dgekt,0.6759404237757181
1277583981950536507,5932668873100475470,300471914551172981,1,2,dgekt,0.7150362187944037
1277583981950536507,5237822943399727048,8573800373938698102,1,2,dgekt,0.681528502467563
1295333489993010330,300471914551172981,300471914551172981,1,2,dgekt,0.6745638510288963
1295333489993010330,8573800373938698102,8573800373938698102,1,2,dgekt,0.6158782928636971
1295333489993010330,2014268979504181100,300471914551172981,0,2,dgekt,0.6579761627678377
1295333489993010330,2172169907340938753,300471914551172981,0,2,dgekt,0.6601629009518237
1295333489993010330,8150806168444344502,300471914551172981,1,2,dgekt,0.6826293176705902
1295333489993010330,816286915455981984,8573800373938698102,1,2,dgekt,0.6694408617155408
1295333489993010330,1962751598315765836,300471914551172981,1,2,dgekt,0.6864122349754352
1295333489993010330,7444476343858270082,300471914551172981,0,2,dgekt,0.6918328878647094
1295333489993010330,2537821716777940730,300471914551172981,1,2,dgekt,0.6915561713098549
1295333489993010330,1061301253559417093,300471914551172981,1,2,dgekt,0.6729951843043801
1295333489993010330,8553379303363759508,300471914551172981,1,2,dgekt,0.6653109371521244
1295333489993010330,6440511557387709110,300471914551172981,1,2,dgekt,0.6912793171580589
1295333489993010330,7744513373483970787,8573800373938698102,0,2,dgekt,0.6226090257307791
1295333489993010330,2971078979906996375,300471914551172981,0,2,dgekt,0.6824887411512989
1295333489993010330,5841359775533910823,300471914551172981,0,2,dgekt,0.6518913235950976
1295333489993010330,8621262567927479011,300471914551172981,1,2,dgekt,0.6898929870284579
1295333489993010330,8434961942249729798,8573800373938698102,1,2,dgekt,0.6567596999128485
1295333489993010330,2322042198017538996,8573800373938698102,1,2,dgekt,0.657125247454589
1295333489993010330,1742185772413642127,300471914551172981,1,2,dgekt,0.695829735714841
1295333489993010330,2334639155148655290,8573800373938698102,1,2,dgekt,0.6636005123697934
1295333489993010330,7660717256841499384,300471914551172981,1,2,dgekt,0.7099861493150671
1295333489993010330,4113615466659810841,300471914551172981,1,2,dgekt,0.695417622992899
1295333489993010330,6125574002232610732,300471914551172981,0,2,dgekt,0.6609630033818568
1295333489993010330,2774368076249802464,8573800373938698102,0,2,dgekt,0.6520643880721613
1295333489993010330,8903365289186067945,8573800373938698102,1,2,dgekt,0.6544891681878957
1295333489993010330,6925932688889117475,300471914551172981,1,2,dgekt,0.7142423628524948
1295333489993010330,8194071366621068887,8573800373938698102,1,2,dgekt,0.6311072193883981
1295333489993010330,2986660907093963186,300471914551172981,1,2,dgekt,0.7195095749929978
1295333489993010330,7591109345808921544,300471914551172981,1,2,dgekt,0.6961729231066154
1295333489993010330,625545550176685521,8573800373938698102,1,2,dgekt,0.6656973680354613
1295333489993010330,1761868641361943332,8573800373938698102,1,2,dgekt,0.6763666255911174
1295333489993010330,4824259625677886603,300471914551172981,1,2,dgekt,0.6934902903902386
1295333489993010330,8450591260754163598,8573800373938698102,1,2,dgekt,0.6527264801586597
1295333489993010330,1553079256999111676,300471914551172981,0,2,dgekt,0.6988422729454801
1295333489993010330,3220231712819306119,8573800373938698102,1,2,dgekt,0.6591688617405917
1295333489993010330,338807275221326836,300471914551172981,0,2,dgekt,0.6873889851450635
1295333489993010330,8525319303741530302,8573800373938698102,1,2,dgekt,0.6610612214005206
1295333489993010330,6587421150596252277,300471914551172981,1,2,dgekt,0.7025839470154979
1295333489993010330,5891620578387310353,300471914551172981,1,2,dgekt,0.6850140077059866
1295333489993010330,5791250638486922978,300471914551172981,1,2,dgekt,0.7033290574008343
1295333489993010330,4031585874086886353,8573800373938698102,1,2,dgekt,0.6748736428279047
1295333489993010330,2083452711903133430,8573800373938698102,0,2,dgekt,0.6981831045958949
1295333489993010330,6319743179241711738,8573800373938698102,1,2,dgekt,0.6769344395726814
1295333489993010330,8628686323660025649,300471914551172981,0,2,dgekt,0.7046810337843598
1295333489993010330,4378721629787482518,300471914551172981,1,2,dgekt,0.7093846200596751
1295333489993010330,4813462692425748605,300471914551172981,1,2,dgekt,0.6741364189077859
1295333489993010330,4644364625800006675,300471914551172981,1,2,dgekt,0.6930764061159737
1295333489993010330,1062464292871659639,8573800373938698102,0,2,dgekt,0.6759404237757181
1295333489993010330,5932668873100475470,300471914551172981,1,2,dgekt,0.7150362187944037
1295333489993010330,5237822943399727048,8573800373938698102,1,2,dgekt,0.681528502467563
1309524494434868497,300471914551172981,300471914551172981,1,2,dgekt,0.6745638510288963
1309524494434868497,8573800373938698102,8573800373938698102,1,2,dgekt,0.6158782928636971
1309524494434868497,2014268979504181100,300471914551172981,1,2,dgekt,0.6579761627678377
1309524494434868497,2172169907340938753,300471914551172981,1,2,dgekt,0.6601629009518237
1309524494434868497,8150806168444344502,300471914551172981,1,2,dgekt,0.6826293176705902
1309524494434868497,816286915455981984,8573800373938698102,1,2,dgekt,0.6694408617155408
1309524494434868497,1962751598315765836,300471914551172981,1,2,dgekt,0.6864122349754352
1309524494434868497,7444476343858270082,300471914551172981,1,2,dgekt,0.6918328878647094
1309524494434868497,2537821716777940730,300471914551172981,1,2,dgekt,0.6915561713098549
1309524494434868497,1061301253559417093,300471914551172981,1,2,dgekt,0.6729951843043801
1309524494434868497,8553379303363759508,300471914551172981,1,2,dgekt,0.6653109371521244
1309524494434868497,6440511557387709110,300471914551172981,1,2,dgekt,0.6912793171580589
1309524494434868497,7744513373483970787,8573800373938698102,1,2,dgekt,0.6226090257307791
1309524494434868497,2971078979906996375,300471914551172981,1,2,dgekt,0.6824887411512989
1309524494434868497,5841359775533910823,300471914551172981,0,2,dgekt,0.6518913235950976
1309524494434868497,8621262567927479011,300471914551172981,1,2,dgekt,0.6898929870284579
1309524494434868497,8434961942249729798,8573800373938698102,1,2,dgekt,0.6567596999128485
1309524494434868497,2322042198017538996,8573800373938698102,1,2,dgekt,0.657125247454589
1309524494434868497,1742185772413642127,300471914551172981,1,2,dgekt,0.695829735714841
1309524494434868497,2334639155148655290,8573800373938698102,1,2,dgekt,0.6636005123697934
1309524494434868497,7660717256841499384,300471914551172981,1,2,dgekt,0.7099861493150671
1309524494434868497,4113615466659810841,300471914551172981,1,2,dgekt,0.695417622992899
1309524494434868497,6125574002232610732,300471914551172981,1,2,dgekt,0.6609630033818568
1309524494434868497,2774368076249802464,8573800373938698102,0,2,dgekt,0.6520643880721613
1309524494434868497,8903365289186067945,8573800373938698102,1,2,dgekt,0.6544891681878957
1309524494434868497,6925932688889117475,300471914551172981,1,2,dgekt,0.7142423628524948
1309524494434868497,8194071366621068887,8573800373938698102,1,2,dgekt,0.6311072193883981
1309524494434868497,2986660907093963186,300471914551172981,1,2,dgekt,0.7195095749929978
1309524494434868497,7591109345808921544,300471914551172981,1,2,dgekt,0.6961729231066154
1309524494434868497,625545550176685521,8573800373938698102,1,2,dgekt,0.6656973680354613
1309524494434868497,1761868641361943332,8573800373938698102,1,2,dgekt,0.6763666255911174
1309524494434868497,4824259625677886603,300471914551172981,1,2,dgekt,0.6934902903902386
1309524494434868497,8450591260754163598,8573800373938698102,1,2,dgekt,0.6527264801586597
1309524494434868497,1553079256999111676,300471914551172981,1,2,dgekt,0.6988422729454801
1309524494434868497,3220231712819306119,8573800373938698102,1,2,dgekt,0.6591688617405917
1309524494434868497,338807275221326836,300471914551172981,1,2,dgekt,0.6873889851450635
1309524494434868497,8525319303741530302,8573800373938698102,1,2,dgekt,0.6610612214005206
1309524494434868497,6587421150596252277,300471914551172981,1,2,dgekt,0.7025839470154979
1309524494434868497,5891620578387310353,300471914551172981,1,2,dgekt,0.6850140077059866
1309524494434868497,5791250638486922978,300471914551172981,1,2,dgekt,0.7033290574008343
1309524494434868497,4031585874086886353,8573800373938698102,1,2,dgekt,0.6748736428279047
1309524494434868497,2083452711903133430,8573800373938698102,1,2,dgekt,0.6981831045958949
1309524494434868497,6319743179241711738,8573800373938698102,1,2,dgekt,0.6769344395726814
1309524494434868497,8628686323660025649,300471914551172981,1,2,dgekt,0.7046810337843598
1309524494434868497,4378721629787482518,300471914551172981,1,2,dgekt,0.7093846200596751
1309524494434868497,4813462692425748605,300471914551172981,1,2,dgekt,0.6741364189077859
1309524494434868497,4644364625800006675,300471914551172981,1,2,dgekt,0.6930764061159737
1309524494434868497,1062464292871659639,8573800373938698102,1,2,dgekt,0.6759404237757181
1309524494434868497,5932668873100475470,300471914551172981,1,2,dgekt,0.7150362187944037
1309524494434868497,5237822943399727048,8573800373938698102,1,2,dgekt,0.681528502467563
1329478604444739170,300471914551172981,300471914551172981,0,2,dgekt,0.6745638510288963
1329478604444739170,8573800373938698102,8573800373938698102,0,2,dgekt,0.6158782928636971
1329478604444739170,2014268979504181100,300471914551172981,0,2,dgekt,0.6579761627678377
1329478604444739170,2172169907340938753,300471914551172981,0,2,dgekt,0.6601629009518237
1329478604444739170,8150806168444344502,300471914551172981,0,2,dgekt,0.6826293176705902
1329478604444739170,816286915455981984,8573800373938698102,1,2,dgekt,0.6694408617155408
1329478604444739170,1962751598315765836,300471914551172981,0,2,dgekt,0.6864122349754352
1329478604444739170,7444476343858270082,300471914551172981,0,2,dgekt,0.6918328878647094
1329478604444739170,2537821716777940730,300471914551172981,0,2,dgekt,0.6915561713098549
1329478604444739170,1061301253559417093,300471914551172981,0,2,dgekt,0.6729951843043801
1329478604444739170,8553379303363759508,300471914551172981,1,2,dgekt,0.6653109371521244
1329478604444739170,6440511557387709110,300471914551172981,0,2,dgekt,0.6912793171580589
1329478604444739170,7744513373483970787,8573800373938698102,1,2,dgekt,0.6226090257307791
1329478604444739170,2971078979906996375,300471914551172981,0,2,dgekt,0.6824887411512989
1329478604444739170,5841359775533910823,300471914551172981,0,2,dgekt,0.6518913235950976
1329478604444739170,8621262567927479011,300471914551172981,0,2,dgekt,0.6898929870284579
1329478604444739170,8434961942249729798,8573800373938698102,1,2,dgekt,0.6567596999128485
1329478604444739170,2322042198017538996,8573800373938698102,1,2,dgekt,0.657125247454589
1329478604444739170,1742185772413642127,300471914551172981,0,2,dgekt,0.695829735714841
1329478604444739170,2334639155148655290,8573800373938698102,0,2,dgekt,0.6636005123697934
1329478604444739170,7660717256841499384,300471914551172981,0,2,dgekt,0.7099861493150671
1329478604444739170,4113615466659810841,300471914551172981,0,2,dgekt,0.695417622992899
1329478604444739170,6125574002232610732,300471914551172981,0,2,dgekt,0.6609630033818568
1329478604444739170,2774368076249802464,8573800373938698102,0,2,dgekt,0.6520643880721613
1329478604444739170,8903365289186067945,8573800373938698102,1,2,dgekt,0.6544891681878957
1329478604444739170,6925932688889117475,300471914551172981,0,2,dgekt,0.7142423628524948
1329478604444739170,8194071366621068887,8573800373938698102,0,2,dgekt,0.6311072193883981
1329478604444739170,2986660907093963186,300471914551172981,0,2,dgekt,0.7195095749929978
1329478604444739170,7591109345808921544,300471914551172981,0,2,dgekt,0.6961729231066154
1329478604444739170,625545550176685521,8573800373938698102,1,2,dgekt,0.6656973680354613
1329478604444739170,1761868641361943332,8573800373938698102,1,2,dgekt,0.6763666255911174
1329478604444739170,4824259625677886603,300471914551172981,0,2,dgekt,0.6934902903902386
1329478604444739170,8450591260754163598,8573800373938698102,1,2,dgekt,0.6527264801586597
1329478604444739170,1553079256999111676,300471914551172981,0,2,dgekt,0.6988422729454801
1329478604444739170,3220231712819306119,8573800373938698102,1,2,dgekt,0.6591688617405917
1329478604444739170,338807275221326836,300471914551172981,0,2,dgekt,0.6873889851450635
1329478604444739170,8525319303741530302,8573800373938698102,1,2,dgekt,0.6610612214005206
1329478604444739170,6587421150596252277,300471914551172981,0,2,dgekt,0.7025839470154979
1329478604444739170,5891620578387310353,300471914551172981,0,2,dgekt,0.6850140077059866
1329478604444739170,5791250638486922978,300471914551172981,0,2,dgekt,0.7033290574008343
1329478604444739170,4031585874086886353,8573800373938698102,1,2,dgekt,0.6748736428279047
1329478604444739170,2083452711903133430,8573800373938698102,1,2,dgekt,0.6981831045958949
1329478604444739170,6319743179241711738,8573800373938698102,1,2,dgekt,0.6769344395726814
1329478604444739170,8628686323660025649,300471914551172981,0,2,dgekt,0.7046810337843598
1329478604444739170,4378721629787482518,300471914551172981,0,2,dgekt,0.7093846200596751
1329478604444739170,4813462692425748605,300471914551172981,0,2,dgekt,0.6741364189077859
1329478604444739170,4644364625800006675,300471914551172981,0,2,dgekt,0.6930764061159737
1329478604444739170,1062464292871659639,8573800373938698102,1,2,dgekt,0.6759404237757181
1329478604444739170,5932668873100475470,300471914551172981,0,2,dgekt,0.7150362187944037
1329478604444739170,5237822943399727048,8573800373938698102,1,2,dgekt,0.681528502467563
1343631752052248698,300471914551172981,300471914551172981,0,2,dgekt,0.6745638510288963
1343631752052248698,8573800373938698102,8573800373938698102,0,2,dgekt,0.6158782928636971
1343631752052248698,2014268979504181100,300471914551172981,1,2,dgekt,0.6579761627678377
1343631752052248698,2172169907340938753,300471914551172981,1,2,dgekt,0.6601629009518237
1343631752052248698,8150806168444344502,300471914551172981,1,2,dgekt,0.6826293176705902
1343631752052248698,816286915455981984,8573800373938698102,0,2,dgekt,0.6694408617155408
1343631752052248698,1962751598315765836,300471914551172981,0,2,dgekt,0.6864122349754352
1343631752052248698,7444476343858270082,300471914551172981,0,2,dgekt,0.6918328878647094
1343631752052248698,2537821716777940730,300471914551172981,0,2,dgekt,0.6915561713098549
1343631752052248698,1061301253559417093,300471914551172981,1,2,dgekt,0.6729951843043801
1343631752052248698,8553379303363759508,300471914551172981,1,2,dgekt,0.6653109371521244
1343631752052248698,6440511557387709110,300471914551172981,1,2,dgekt,0.6912793171580589
1343631752052248698,7744513373483970787,8573800373938698102,1,2,dgekt,0.6226090257307791
1343631752052248698,2971078979906996375,300471914551172981,0,2,dgekt,0.6824887411512989
1343631752052248698,5841359775533910823,300471914551172981,0,2,dgekt,0.6518913235950976
1343631752052248698,8621262567927479011,300471914551172981,1,2,dgekt,0.6898929870284579
1343631752052248698,8434961942249729798,8573800373938698102,0,2,dgekt,0.6567596999128485
1343631752052248698,2322042198017538996,8573800373938698102,1,2,dgekt,0.657125247454589
1343631752052248698,1742185772413642127,300471914551172981,1,2,dgekt,0.695829735714841
1343631752052248698,2334639155148655290,8573800373938698102,0,2,dgekt,0.6636005123697934
1343631752052248698,7660717256841499384,300471914551172981,1,2,dgekt,0.7099861493150671
1343631752052248698,4113615466659810841,300471914551172981,1,2,dgekt,0.695417622992899
1343631752052248698,6125574002232610732,300471914551172981,0,2,dgekt,0.6609630033818568
1343631752052248698,2774368076249802464,8573800373938698102,0,2,dgekt,0.6520643880721613
1343631752052248698,8903365289186067945,8573800373938698102,0,2,dgekt,0.6544891681878957
1343631752052248698,6925932688889117475,300471914551172981,1,2,dgekt,0.7142423628524948
1343631752052248698,8194071366621068887,8573800373938698102,0,2,dgekt,0.6311072193883981
1343631752052248698,2986660907093963186,300471914551172981,1,2,dgekt,0.7195095749929978
1343631752052248698,7591109345808921544,300471914551172981,0,2,dgekt,0.6961729231066154
1343631752052248698,625545550176685521,8573800373938698102,0,2,dgekt,0.6656973680354613
1343631752052248698,1761868641361943332,8573800373938698102,0,2,dgekt,0.6763666255911174
1343631752052248698,4824259625677886603,300471914551172981,1,2,dgekt,0.6934902903902386
1343631752052248698,8450591260754163598,8573800373938698102,0,2,dgekt,0.6527264801586597
1343631752052248698,1553079256999111676,300471914551172981,1,2,dgekt,0.6988422729454801
1343631752052248698,3220231712819306119,8573800373938698102,0,2,dgekt,0.6591688617405917
1343631752052248698,338807275221326836,300471914551172981,1,2,dgekt,0.6873889851450635
1343631752052248698,8525319303741530302,8573800373938698102,0,2,dgekt,0.6610612214005206
1343631752052248698,6587421150596252277,300471914551172981,1,2,dgekt,0.7025839470154979
1343631752052248698,5891620578387310353,300471914551172981,0,2,dgekt,0.6850140077059866
1343631752052248698,5791250638486922978,300471914551172981,1,2,dgekt,0.7033290574008343
1343631752052248698,4031585874086886353,8573800373938698102,0,2,dgekt,0.6748736428279047
1343631752052248698,2083452711903133430,8573800373938698102,0,2,dgekt,0.6981831045958949
1343631752052248698,6319743179241711738,8573800373938698102,1,2,dgekt,0.6769344395726814
1343631752052248698,8628686323660025649,300471914551172981,1,2,dgekt,0.7046810337843598
1343631752052248698,4378721629787482518,300471914551172981,1,2,dgekt,0.7093846200596751
1343631752052248698,4813462692425748605,300471914551172981,1,2,dgekt,0.6741364189077859
1343631752052248698,4644364625800006675,300471914551172981,1,2,dgekt,0.6930764061159737
1343631752052248698,1062464292871659639,8573800373938698102,1,2,dgekt,0.6759404237757181
1343631752052248698,5932668873100475470,300471914551172981,1,2,dgekt,0.7150362187944037
1343631752052248698,5237822943399727048,8573800373938698102,0,2,dgekt,0.681528502467563
1349015927524233791,300471914551172981,300471914551172981,0,2,dgekt,0.6745638510288963
1349015927524233791,8573800373938698102,8573800373938698102,1,2,dgekt,0.6158782928636971
1349015927524233791,2014268979504181100,300471914551172981,1,2,dgekt,0.6579761627678377
1349015927524233791,2172169907340938753,300471914551172981,1,2,dgekt,0.6601629009518237
1349015927524233791,8150806168444344502,300471914551172981,0,2,dgekt,0.6826293176705902
1349015927524233791,816286915455981984,8573800373938698102,1,2,dgekt,0.6694408617155408
1349015927524233791,1962751598315765836,300471914551172981,0,2,dgekt,0.6864122349754352
1349015927524233791,7444476343858270082,300471914551172981,1,2,dgekt,0.6918328878647094
1349015927524233791,2537821716777940730,300471914551172981,1,2,dgekt,0.6915561713098549
1349015927524233791,1061301253559417093,300471914551172981,0,2,dgekt,0.6729951843043801
1349015927524233791,8553379303363759508,300471914551172981,0,2,dgekt,0.6653109371521244
1349015927524233791,6440511557387709110,300471914551172981,1,2,dgekt,0.6912793171580589
1349015927524233791,7744513373483970787,8573800373938698102,1,2,dgekt,0.6226090257307791
1349015927524233791,2971078979906996375,300471914551172981,0,2,dgekt,0.6824887411512989
1349015927524233791,5841359775533910823,300471914551172981,0,2,dgekt,0.6518913235950976
1349015927524233791,8621262567927479011,300471914551172981,1,2,dgekt,0.6898929870284579
1349015927524233791,8434961942249729798,8573800373938698102,1,2,dgekt,0.6567596999128485
1349015927524233791,2322042198017538996,8573800373938698102,1,2,dgekt,0.657125247454589
1349015927524233791,1742185772413642127,300471914551172981,0,2,dgekt,0.695829735714841
1349015927524233791,2334639155148655290,8573800373938698102,1,2,dgekt,0.6636005123697934
1349015927524233791,7660717256841499384,300471914551172981,1,2,dgekt,0.7099861493150671
1349015927524233791,4113615466659810841,300471914551172981,1,2,dgekt,0.695417622992899
1349015927524233791,6125574002232610732,300471914551172981,0,2,dgekt,0.6609630033818568
1349015927524233791,2774368076249802464,8573800373938698102,1,2,dgekt,0.6520643880721613
1349015927524233791,8903365289186067945,8573800373938698102,1,2,dgekt,0.6544891681878957
1349015927524233791,6925932688889117475,300471914551172981,1,2,dgekt,0.7142423628524948
1349015927524233791,8194071366621068887,8573800373938698102,1,2,dgekt,0.6311072193883981
1349015927524233791,2986660907093963186,300471914551172981,1,2,dgekt,0.7195095749929978
1349015927524233791,7591109345808921544,300471914551172981,1,2,dgekt,0.6961729231066154
1349015927524233791,625545550176685521,8573800373938698102,1,2,dgekt,0.6656973680354613
1349015927524233791,1761868641361943332,8573800373938698102,1,2,dgekt,0.6763666255911174
1349015927524233791,4824259625677886603,300471914551172981,1,2,dgekt,0.6934902903902386
1349015927524233791,8450591260754163598,8573800373938698102,1,2,dgekt,0.6527264801586597
1349015927524233791,1553079256999111676,300471914551172981,0,2,dgekt,0.6988422729454801
1349015927524233791,3220231712819306119,8573800373938698102,1,2,dgekt,0.6591688617405917
1349015927524233791,338807275221326836,300471914551172981,0,2,dgekt,0.6873889851450635
1349015927524233791,8525319303741530302,8573800373938698102,1,2,dgekt,0.6610612214005206
1349015927524233791,6587421150596252277,300471914551172981,1,2,dgekt,0.7025839470154979
1349015927524233791,5891620578387310353,300471914551172981,0,2,dgekt,0.6850140077059866
1349015927524233791,5791250638486922978,300471914551172981,1,2,dgekt,0.7033290574008343
1349015927524233791,4031585874086886353,8573800373938698102,1,2,dgekt,0.6748736428279047
1349015927524233791,2083452711903133430,8573800373938698102,1,2,dgekt,0.6981831045958949
1349015927524233791,6319743179241711738,8573800373938698102,1,2,dgekt,0.6769344395726814
1349015927524233791,8628686323660025649,300471914551172981,1,2,dgekt,0.7046810337843598
1349015927524233791,4378721629787482518,300471914551172981,1,2,dgekt,0.7093846200596751
1349015927524233791,4813462692425748605,300471914551172981,1,2,dgekt,0.6741364189077859
1349015927524233791,4644364625800006675,300471914551172981,1,2,dgekt,0.6930764061159737
1349015927524233791,1062464292871659639,8573800373938698102,1,2,dgekt,0.6759404237757181
1349015927524233791,5932668873100475470,300471914551172981,1,2,dgekt,0.7150362187944037
1349015927524233791,5237822943399727048,8573800373938698102,1,2,dgekt,0.681528502467563
1357225641910081458,300471914551172981,300471914551172981,1,2,dgekt,0.6745638510288963
1357225641910081458,8573800373938698102,8573800373938698102,1,2,dgekt,0.6158782928636971
1357225641910081458,2014268979504181100,300471914551172981,1,2,dgekt,0.6579761627678377
1357225641910081458,2172169907340938753,300471914551172981,1,2,dgekt,0.6601629009518237
1357225641910081458,8150806168444344502,300471914551172981,1,2,dgekt,0.6826293176705902
1357225641910081458,816286915455981984,8573800373938698102,1,2,dgekt,0.6694408617155408
1357225641910081458,1962751598315765836,300471914551172981,1,2,dgekt,0.6864122349754352
1357225641910081458,7444476343858270082,300471914551172981,1,2,dgekt,0.6918328878647094
1357225641910081458,2537821716777940730,300471914551172981,1,2,dgekt,0.6915561713098549
1357225641910081458,1061301253559417093,300471914551172981,1,2,dgekt,0.6729951843043801
1357225641910081458,8553379303363759508,300471914551172981,1,2,dgekt,0.6653109371521244
1357225641910081458,6440511557387709110,300471914551172981,1,2,dgekt,0.6912793171580589
1357225641910081458,7744513373483970787,8573800373938698102,1,2,dgekt,0.6226090257307791
1357225641910081458,2971078979906996375,300471914551172981,1,2,dgekt,0.6824887411512989
1357225641910081458,5841359775533910823,300471914551172981,1,2,dgekt,0.6518913235950976
1357225641910081458,8621262567927479011,300471914551172981,1,2,dgekt,0.6898929870284579
1357225641910081458,8434961942249729798,8573800373938698102,1,2,dgekt,0.6567596999128485
1357225641910081458,2322042198017538996,8573800373938698102,1,2,dgekt,0.657125247454589
1357225641910081458,1742185772413642127,300471914551172981,1,2,dgekt,0.695829735714841
1357225641910081458,2334639155148655290,8573800373938698102,1,2,dgekt,0.6636005123697934
1357225641910081458,7660717256841499384,300471914551172981,1,2,dgekt,0.7099861493150671
1357225641910081458,4113615466659810841,300471914551172981,1,2,dgekt,0.695417622992899
1357225641910081458,6125574002232610732,300471914551172981,1,2,dgekt,0.6609630033818568
1357225641910081458,2774368076249802464,8573800373938698102,1,2,dgekt,0.6520643880721613
1357225641910081458,8903365289186067945,8573800373938698102,1,2,dgekt,0.6544891681878957
1357225641910081458,6925932688889117475,300471914551172981,1,2,dgekt,0.7142423628524948
1357225641910081458,8194071366621068887,8573800373938698102,1,2,dgekt,0.6311072193883981
1357225641910081458,2986660907093963186,300471914551172981,1,2,dgekt,0.7195095749929978
1357225641910081458,7591109345808921544,300471914551172981,1,2,dgekt,0.6961729231066154
1357225641910081458,625545550176685521,8573800373938698102,1,2,dgekt,0.6656973680354613
1357225641910081458,1761868641361943332,8573800373938698102,1,2,dgekt,0.6763666255911174
1357225641910081458,4824259625677886603,300471914551172981,1,2,dgekt,0.6934902903902386
1357225641910081458,8450591260754163598,8573800373938698102,1,2,dgekt,0.6527264801586597
1357225641910081458,1553079256999111676,300471914551172981,1,2,dgekt,0.6988422729454801
1357225641910081458,3220231712819306119,8573800373938698102,1,2,dgekt,0.6591688617405917
1357225641910081458,338807275221326836,300471914551172981,1,2,dgekt,0.6873889851450635
1357225641910081458,8525319303741530302,8573800373938698102,1,2,dgekt,0.6610612214005206
1357225641910081458,6587421150596252277,300471914551172981,1,2,dgekt,0.7025839470154979
1357225641910081458,5891620578387310353,300471914551172981,1,2,dgekt,0.6850140077059866
1357225641910081458,5791250638486922978,300471914551172981,1,2,dgekt,0.7033290574008343
1357225641910081458,4031585874086886353,8573800373938698102,1,2,dgekt,0.6748736428279047
1357225641910081458,2083452711903133430,8573800373938698102,1,2,dgekt,0.6981831045958949
1357225641910081458,6319743179241711738,8573800373938698102,1,2,dgekt,0.6769344395726814
1357225641910081458,8628686323660025649,300471914551172981,1,2,dgekt,0.7046810337843598
1357225641910081458,4378721629787482518,300471914551172981,1,2,dgekt,0.7093846200596751
1357225641910081458,4813462692425748605,300471914551172981,1,2,dgekt,0.6741364189077859
1357225641910081458,4644364625800006675,300471914551172981,1,2,dgekt,0.6930764061159737
1357225641910081458,1062464292871659639,8573800373938698102,1,2,dgekt,0.6759404237757181
1357225641910081458,5932668873100475470,300471914551172981,1,2,dgekt,0.7150362187944037
1357225641910081458,5237822943399727048,8573800373938698102,1,2,dgekt,0.681528502467563
1368532253860411376,300471914551172981,300471914551172981,1,2,dgekt,0.6745638510288963
1368532253860411376,8573800373938698102,8573800373938698102,0,2,dgekt,0.6158782928636971
1368532253860411376,2014268979504181100,300471914551172981,0,2,dgekt,0.6579761627678377
1368532253860411376,2172169907340938753,300471914551172981,1,2,dgekt,0.6601629009518237
1368532253860411376,8150806168444344502,300471914551172981,1,2,dgekt,0.6826293176705902
1368532253860411376,816286915455981984,8573800373938698102,1,2,dgekt,0.6694408617155408
1368532253860411376,1962751598315765836,300471914551172981,1,2,dgekt,0.6864122349754352
1368532253860411376,7444476343858270082,300471914551172981,1,2,dgekt,0.6918328878647094
1368532253860411376,2537821716777940730,300471914551172981,1,2,dgekt,0.6915561713098549
1368532253860411376,1061301253559417093,300471914551172981,1,2,dgekt,0.6729951843043801
1368532253860411376,8553379303363759508,300471914551172981,1,2,dgekt,0.6653109371521244
1368532253860411376,6440511557387709110,300471914551172981,1,2,dgekt,0.6912793171580589
1368532253860411376,7744513373483970787,8573800373938698102,0,2,dgekt,0.6226090257307791
1368532253860411376,2971078979906996375,300471914551172981,1,2,dgekt,0.6824887411512989
1368532253860411376,5841359775533910823,300471914551172981,0,2,dgekt,0.6518913235950976
1368532253860411376,8621262567927479011,300471914551172981,1,2,dgekt,0.6898929870284579
1368532253860411376,8434961942249729798,8573800373938698102,1,2,dgekt,0.6567596999128485
1368532253860411376,2322042198017538996,8573800373938698102,1,2,dgekt,0.657125247454589
1368532253860411376,1742185772413642127,300471914551172981,1,2,dgekt,0.695829735714841
1368532253860411376,2334639155148655290,8573800373938698102,1,2,dgekt,0.6636005123697934
1368532253860411376,7660717256841499384,300471914551172981,1,2,dgekt,0.7099861493150671
1368532253860411376,4113615466659810841,300471914551172981,1,2,dgekt,0.695417622992899
1368532253860411376,6125574002232610732,300471914551172981,0,2,dgekt,0.6609630033818568
1368532253860411376,2774368076249802464,8573800373938698102,1,2,dgekt,0.6520643880721613
1368532253860411376,8903365289186067945,8573800373938698102,1,2,dgekt,0.6544891681878957
1368532253860411376,6925932688889117475,300471914551172981,1,2,dgekt,0.7142423628524948
1368532253860411376,8194071366621068887,8573800373938698102,1,2,dgekt,0.6311072193883981
1368532253860411376,2986660907093963186,300471914551172981,1,2,dgekt,0.7195095749929978
1368532253860411376,7591109345808921544,300471914551172981,1,2,dgekt,0.6961729231066154
1368532253860411376,625545550176685521,8573800373938698102,1,2,dgekt,0.6656973680354613
1368532253860411376,1761868641361943332,8573800373938698102,1,2,dgekt,0.6763666255911174
1368532253860411376,4824259625677886603,300471914551172981,1,2,dgekt,0.6934902903902386
1368532253860411376,8450591260754163598,8573800373938698102,1,2,dgekt,0.6527264801586597
1368532253860411376,1553079256999111676,300471914551172981,1,2,dgekt,0.6988422729454801
1368532253860411376,3220231712819306119,8573800373938698102,1,2,dgekt,0.6591688617405917
1368532253860411376,338807275221326836,300471914551172981,1,2,dgekt,0.6873889851450635
1368532253860411376,8525319303741530302,8573800373938698102,1,2,dgekt,0.6610612214005206
1368532253860411376,6587421150596252277,300471914551172981,1,2,dgekt,0.7025839470154979
1368532253860411376,5891620578387310353,300471914551172981,1,2,dgekt,0.6850140077059866
1368532253860411376,5791250638486922978,300471914551172981,1,2,dgekt,0.7033290574008343
1368532253860411376,4031585874086886353,8573800373938698102,1,2,dgekt,0.6748736428279047
1368532253860411376,2083452711903133430,8573800373938698102,1,2,dgekt,0.6981831045958949
1368532253860411376,6319743179241711738,8573800373938698102,1,2,dgekt,0.6769344395726814
1368532253860411376,8628686323660025649,300471914551172981,1,2,dgekt,0.7046810337843598
1368532253860411376,4378721629787482518,300471914551172981,1,2,dgekt,0.7093846200596751
1368532253860411376,4813462692425748605,300471914551172981,0,2,dgekt,0.6741364189077859
1368532253860411376,4644364625800006675,300471914551172981,1,2,dgekt,0.6930764061159737
1368532253860411376,1062464292871659639,8573800373938698102,1,2,dgekt,0.6759404237757181
1368532253860411376,5932668873100475470,300471914551172981,1,2,dgekt,0.7150362187944037
1368532253860411376,5237822943399727048,8573800373938698102,1,2,dgekt,0.681528502467563
1443130975371599511,300471914551172981,300471914551172981,0,2,dgekt,0.6745638510288963
1443130975371599511,8573800373938698102,8573800373938698102,1,2,dgekt,0.6158782928636971
1443130975371599511,2014268979504181100,300471914551172981,0,2,dgekt,0.6579761627678377
1443130975371599511,2172169907340938753,300471914551172981,0,2,dgekt,0.6601629009518237
1443130975371599511,8150806168444344502,300471914551172981,1,2,dgekt,0.6826293176705902
1443130975371599511,816286915455981984,8573800373938698102,1,2,dgekt,0.6694408617155408
1443130975371599511,1962751598315765836,300471914551172981,1,2,dgekt,0.6864122349754352
1443130975371599511,7444476343858270082,300471914551172981,0,2,dgekt,0.6918328878647094
1443130975371599511,2537821716777940730,300471914551172981,0,2,dgekt,0.6915561713098549
1443130975371599511,1061301253559417093,300471914551172981,0,2,dgekt,0.6729951843043801
1443130975371599511,8553379303363759508,300471914551172981,0,2,dgekt,0.6653109371521244
1443130975371599511,6440511557387709110,300471914551172981,1,2,dgekt,0.6912793171580589
1443130975371599511,7744513373483970787,8573800373938698102,0,2,dgekt,0.6226090257307791
1443130975371599511,2971078979906996375,300471914551172981,0,2,dgekt,0.6824887411512989
1443130975371599511,5841359775533910823,300471914551172981,0,2,dgekt,0.6518913235950976
1443130975371599511,8621262567927479011,300471914551172981,1,2,dgekt,0.6898929870284579
1443130975371599511,8434961942249729798,8573800373938698102,0,2,dgekt,0.6567596999128485
1443130975371599511,2322042198017538996,8573800373938698102,1,2,dgekt,0.657125247454589
1443130975371599511,1742185772413642127,300471914551172981,1,2,dgekt,0.695829735714841
1443130975371599511,2334639155148655290,8573800373938698102,1,2,dgekt,0.6636005123697934
1443130975371599511,7660717256841499384,300471914551172981,1,2,dgekt,0.7099861493150671
1443130975371599511,4113615466659810841,300471914551172981,1,2,dgekt,0.695417622992899
1443130975371599511,6125574002232610732,300471914551172981,0,2,dgekt,0.6609630033818568
1443130975371599511,2774368076249802464,8573800373938698102,0,2,dgekt,0.6520643880721613
1443130975371599511,8903365289186067945,8573800373938698102,1,2,dgekt,0.6544891681878957
1443130975371599511,6925932688889117475,300471914551172981,1,2,dgekt,0.7142423628524948
1443130975371599511,8194071366621068887,8573800373938698102,0,2,dgekt,0.6311072193883981
1443130975371599511,2986660907093963186,300471914551172981,1,2,dgekt,0.7195095749929978
1443130975371599511,7591109345808921544,300471914551172981,0,2,dgekt,0.6961729231066154
1443130975371599511,625545550176685521,8573800373938698102,1,2,dgekt,0.6656973680354613
1443130975371599511,1761868641361943332,8573800373938698102,1,2,dgekt,0.6763666255911174
1443130975371599511,4824259625677886603,300471914551172981,1,2,dgekt,0.6934902903902386
1443130975371599511,8450591260754163598,8573800373938698102,1,2,dgekt,0.6527264801586597
1443130975371599511,1553079256999111676,300471914551172981,1,2,dgekt,0.6988422729454801
1443130975371599511,3220231712819306119,8573800373938698102,1,2,dgekt,0.6591688617405917
1443130975371599511,338807275221326836,300471914551172981,1,2,dgekt,0.6873889851450635
1443130975371599511,8525319303741530302,8573800373938698102,1,2,dgekt,0.6610612214005206
1443130975371599511,6587421150596252277,300471914551172981,1,2,dgekt,0.7025839470154979
1443130975371599511,5891620578387310353,300471914551172981,1,2,dgekt,0.6850140077059866
1443130975371599511,5791250638486922978,300471914551172981,1,2,dgekt,0.7033290574008343
1443130975371599511,4031585874086886353,8573800373938698102,1,2,dgekt,0.6748736428279047
1443130975371599511,2083452711903133430,8573800373938698102,1,2,dgekt,0.6981831045958949
1443130975371599511,6319743179241711738,8573800373938698102,1,2,dgekt,0.6769344395726814
1443130975371599511,8628686323660025649,300471914551172981,0,2,dgekt,0.7046810337843598
1443130975371599511,4378721629787482518,300471914551172981,1,2,dgekt,0.7093846200596751
1443130975371599511,4813462692425748605,300471914551172981,0,2,dgekt,0.6741364189077859
1443130975371599511,4644364625800006675,300471914551172981,0,2,dgekt,0.6930764061159737
1443130975371599511,1062464292871659639,8573800373938698102,1,2,dgekt,0.6759404237757181
1443130975371599511,5932668873100475470,300471914551172981,1,2,dgekt,0.7150362187944037
1443130975371599511,5237822943399727048,8573800373938698102,1,2,dgekt,0.681528502467563
1444603957502897980,300471914551172981,300471914551172981,0,2,dgekt,0.6745638510288963
1444603957502897980,8573800373938698102,8573800373938698102,1,2,dgekt,0.6158782928636971
1444603957502897980,2014268979504181100,300471914551172981,1,2,dgekt,0.6579761627678377
1444603957502897980,2172169907340938753,300471914551172981,0,2,dgekt,0.6601629009518237
1444603957502897980,8150806168444344502,300471914551172981,1,2,dgekt,0.6826293176705902
1444603957502897980,816286915455981984,8573800373938698102,1,2,dgekt,0.6694408617155408
1444603957502897980,1962751598315765836,300471914551172981,1,2,dgekt,0.6864122349754352
1444603957502897980,7444476343858270082,300471914551172981,1,2,dgekt,0.6918328878647094
1444603957502897980,2537821716777940730,300471914551172981,0,2,dgekt,0.6915561713098549
1444603957502897980,1061301253559417093,300471914551172981,0,2,dgekt,0.6729951843043801
1444603957502897980,8553379303363759508,300471914551172981,0,2,dgekt,0.6653109371521244
1444603957502897980,6440511557387709110,300471914551172981,1,2,dgekt,0.6912793171580589
1444603957502897980,7744513373483970787,8573800373938698102,1,2,dgekt,0.6226090257307791
1444603957502897980,2971078979906996375,300471914551172981,1,2,dgekt,0.6824887411512989
1444603957502897980,5841359775533910823,300471914551172981,0,2,dgekt,0.6518913235950976
1444603957502897980,8621262567927479011,300471914551172981,1,2,dgekt,0.6898929870284579
1444603957502897980,8434961942249729798,8573800373938698102,1,2,dgekt,0.6567596999128485
1444603957502897980,2322042198017538996,8573800373938698102,1,2,dgekt,0.657125247454589
1444603957502897980,1742185772413642127,300471914551172981,1,2,dgekt,0.695829735714841
1444603957502897980,2334639155148655290,8573800373938698102,1,2,dgekt,0.6636005123697934
1444603957502897980,7660717256841499384,300471914551172981,1,2,dgekt,0.7099861493150671
1444603957502897980,4113615466659810841,300471914551172981,1,2,dgekt,0.695417622992899
1444603957502897980,6125574002232610732,300471914551172981,1,2,dgekt,0.6609630033818568
1444603957502897980,2774368076249802464,8573800373938698102,1,2,dgekt,0.6520643880721613
1444603957502897980,8903365289186067945,8573800373938698102,1,2,dgekt,0.6544891681878957
1444603957502897980,6925932688889117475,300471914551172981,1,2,dgekt,0.7142423628524948
1444603957502897980,8194071366621068887,8573800373938698102,0,2,dgekt,0.6311072193883981
1444603957502897980,2986660907093963186,300471914551172981,1,2,dgekt,0.7195095749929978
1444603957502897980,7591109345808921544,300471914551172981,1,2,dgekt,0.6961729231066154
1444603957502897980,625545550176685521,8573800373938698102,1,2,dgekt,0.6656973680354613
1444603957502897980,1761868641361943332,8573800373938698102,1,2,dgekt,0.6763666255911174
1444603957502897980,4824259625677886603,300471914551172981,1,2,dgekt,0.6934902903902386
1444603957502897980,8450591260754163598,8573800373938698102,1,2,dgekt,0.6527264801586597
1444603957502897980,1553079256999111676,300471914551172981,1,2,dgekt,0.6988422729454801
1444603957502897980,3220231712819306119,8573800373938698102,1,2,dgekt,0.6591688617405917
1444603957502897980,338807275221326836,300471914551172981,1,2,dgekt,0.6873889851450635
1444603957502897980,8525319303741530302,8573800373938698102,1,2,dgekt,0.6610612214005206
1444603957502897980,6587421150596252277,300471914551172981,1,2,dgekt,0.7025839470154979
1444603957502897980,5891620578387310353,300471914551172981,1,2,dgekt,0.6850140077059866
1444603957502897980,5791250638486922978,300471914551172981,1,2,dgekt,0.7033290574008343
1444603957502897980,4031585874086886353,8573800373938698102,1,2,dgekt,0.6748736428279047
1444603957502897980,2083452711903133430,8573800373938698102,1,2,dgekt,0.6981831045958949
1444603957502897980,6319743179241711738,8573800373938698102,1,2,dgekt,0.6769344395726814
1444603957502897980,8628686323660025649,300471914551172981,1,2,dgekt,0.7046810337843598
1444603957502897980,4378721629787482518,300471914551172981,1,2,dgekt,0.7093846200596751
1444603957502897980,4813462692425748605,300471914551172981,0,2,dgekt,0.6741364189077859
1444603957502897980,4644364625800006675,300471914551172981,1,2,dgekt,0.6930764061159737
1444603957502897980,1062464292871659639,8573800373938698102,1,2,dgekt,0.6759404237757181
1444603957502897980,5932668873100475470,300471914551172981,1,2,dgekt,0.7150362187944037
1444603957502897980,5237822943399727048,8573800373938698102,1,2,dgekt,0.681528502467563
1456996564428091703,300471914551172981,300471914551172981,0,2,dgekt,0.6745638510288963
1456996564428091703,8573800373938698102,8573800373938698102,0,2,dgekt,0.6158782928636971
1456996564428091703,2014268979504181100,300471914551172981,1,2,dgekt,0.6579761627678377
1456996564428091703,2172169907340938753,300471914551172981,0,2,dgekt,0.6601629009518237
1456996564428091703,8150806168444344502,300471914551172981,0,2,dgekt,0.6826293176705902
1456996564428091703,816286915455981984,8573800373938698102,1,2,dgekt,0.6694408617155408
1456996564428091703,1962751598315765836,300471914551172981,0,2,dgekt,0.6864122349754352
1456996564428091703,7444476343858270082,300471914551172981,0,2,dgekt,0.6918328878647094
1456996564428091703,2537821716777940730,300471914551172981,1,2,dgekt,0.6915561713098549
1456996564428091703,1061301253559417093,300471914551172981,0,2,dgekt,0.6729951843043801
1456996564428091703,8553379303363759508,300471914551172981,0,2,dgekt,0.6653109371521244
1456996564428091703,6440511557387709110,300471914551172981,0,2,dgekt,0.6912793171580589
1456996564428091703,7744513373483970787,8573800373938698102,1,2,dgekt,0.6226090257307791
1456996564428091703,2971078979906996375,300471914551172981,1,2,dgekt,0.6824887411512989
1456996564428091703,5841359775533910823,300471914551172981,0,2,dgekt,0.6518913235950976
1456996564428091703,8621262567927479011,300471914551172981,0,2,dgekt,0.6898929870284579
1456996564428091703,8434961942249729798,8573800373938698102,1,2,dgekt,0.6567596999128485
1456996564428091703,2322042198017538996,8573800373938698102,1,2,dgekt,0.657125247454589
1456996564428091703,1742185772413642127,300471914551172981,1,2,dgekt,0.695829735714841
1456996564428091703,2334639155148655290,8573800373938698102,1,2,dgekt,0.6636005123697934
1456996564428091703,7660717256841499384,300471914551172981,1,2,dgekt,0.7099861493150671
1456996564428091703,4113615466659810841,300471914551172981,0,2,dgekt,0.695417622992899
1456996564428091703,6125574002232610732,300471914551172981,1,2,dgekt,0.6609630033818568
1456996564428091703,2774368076249802464,8573800373938698102,1,2,dgekt,0.6520643880721613
1456996564428091703,8903365289186067945,8573800373938698102,0,2,dgekt,0.6544891681878957
1456996564428091703,6925932688889117475,300471914551172981,0,2,dgekt,0.7142423628524948
1456996564428091703,8194071366621068887,8573800373938698102,1,2,dgekt,0.6311072193883981
1456996564428091703,2986660907093963186,300471914551172981,1,2,dgekt,0.7195095749929978
1456996564428091703,7591109345808921544,300471914551172981,1,2,dgekt,0.6961729231066154
1456996564428091703,625545550176685521,8573800373938698102,1,2,dgekt,0.6656973680354613
1456996564428091703,1761868641361943332,8573800373938698102,1,2,dgekt,0.6763666255911174
1456996564428091703,4824259625677886603,300471914551172981,1,2,dgekt,0.6934902903902386
1456996564428091703,8450591260754163598,8573800373938698102,1,2,dgekt,0.6527264801586597
1456996564428091703,1553079256999111676,300471914551172981,0,2,dgekt,0.6988422729454801
1456996564428091703,3220231712819306119,8573800373938698102,1,2,dgekt,0.6591688617405917
1456996564428091703,338807275221326836,300471914551172981,0,2,dgekt,0.6873889851450635
1456996564428091703,8525319303741530302,8573800373938698102,0,2,dgekt,0.6610612214005206
1456996564428091703,6587421150596252277,300471914551172981,0,2,dgekt,0.7025839470154979
1456996564428091703,5891620578387310353,300471914551172981,1,2,dgekt,0.6850140077059866
1456996564428091703,5791250638486922978,300471914551172981,0,2,dgekt,0.7033290574008343
1456996564428091703,4031585874086886353,8573800373938698102,1,2,dgekt,0.6748736428279047
1456996564428091703,2083452711903133430,8573800373938698102,1,2,dgekt,0.6981831045958949
1456996564428091703,6319743179241711738,8573800373938698102,1,2,dgekt,0.6769344395726814
1456996564428091703,8628686323660025649,300471914551172981,1,2,dgekt,0.7046810337843598
1456996564428091703,4378721629787482518,300471914551172981,0,2,dgekt,0.7093846200596751
1456996564428091703,4813462692425748605,300471914551172981,0,2,dgekt,0.6741364189077859
1456996564428091703,4644364625800006675,300471914551172981,0,2,dgekt,0.6930764061159737
1456996564428091703,1062464292871659639,8573800373938698102,1,2,dgekt,0.6759404237757181
1456996564428091703,5932668873100475470,300471914551172981,1,2,dgekt,0.7150362187944037
1456996564428091703,5237822943399727048,8573800373938698102,1,2,dgekt,0.681528502467563
1495183182492116948,300471914551172981,300471914551172981,0,2,dgekt,0.6745638510288963
1495183182492116948,8573800373938698102,8573800373938698102,0,2,dgekt,0.6158782928636971
1495183182492116948,2014268979504181100,300471914551172981,0,2,dgekt,0.6579761627678377
1495183182492116948,2172169907340938753,300471914551172981,0,2,dgekt,0.6601629009518237
1495183182492116948,8150806168444344502,300471914551172981,0,2,dgekt,0.6826293176705902
1495183182492116948,816286915455981984,8573800373938698102,1,2,dgekt,0.6694408617155408
1495183182492116948,1962751598315765836,300471914551172981,1,2,dgekt,0.6864122349754352
1495183182492116948,7444476343858270082,300471914551172981,0,2,dgekt,0.6918328878647094
1495183182492116948,2537821716777940730,300471914551172981,0,2,dgekt,0.6915561713098549
1495183182492116948,1061301253559417093,300471914551172981,1,2,dgekt,0.6729951843043801
1495183182492116948,8553379303363759508,300471914551172981,0,2,dgekt,0.6653109371521244
1495183182492116948,6440511557387709110,300471914551172981,1,2,dgekt,0.6912793171580589
1495183182492116948,7744513373483970787,8573800373938698102,0,2,dgekt,0.6226090257307791
1495183182492116948,2971078979906996375,300471914551172981,0,2,dgekt,0.6824887411512989
1495183182492116948,5841359775533910823,300471914551172981,0,2,dgekt,0.6518913235950976
1495183182492116948,8621262567927479011,300471914551172981,0,2,dgekt,0.6898929870284579
1495183182492116948,8434961942249729798,8573800373938698102,0,2,dgekt,0.6567596999128485
1495183182492116948,2322042198017538996,8573800373938698102,1,2,dgekt,0.657125247454589
1495183182492116948,1742185772413642127,300471914551172981,1,2,dgekt,0.695829735714841
1495183182492116948,2334639155148655290,8573800373938698102,1,2,dgekt,0.6636005123697934
1495183182492116948,7660717256841499384,300471914551172981,1,2,dgekt,0.7099861493150671
1495183182492116948,4113615466659810841,300471914551172981,1,2,dgekt,0.695417622992899
1495183182492116948,6125574002232610732,300471914551172981,0,2,dgekt,0.6609630033818568
1495183182492116948,2774368076249802464,8573800373938698102,1,2,dgekt,0.6520643880721613
1495183182492116948,8903365289186067945,8573800373938698102,1,2,dgekt,0.6544891681878957
1495183182492116948,6925932688889117475,300471914551172981,0,2,dgekt,0.7142423628524948
1495183182492116948,8194071366621068887,8573800373938698102,1,2,dgekt,0.6311072193883981
1495183182492116948,2986660907093963186,300471914551172981,1,2,dgekt,0.7195095749929978
1495183182492116948,7591109345808921544,300471914551172981,1,2,dgekt,0.6961729231066154
1495183182492116948,625545550176685521,8573800373938698102,0,2,dgekt,0.6656973680354613
1495183182492116948,1761868641361943332,8573800373938698102,1,2,dgekt,0.6763666255911174
1495183182492116948,4824259625677886603,300471914551172981,0,2,dgekt,0.6934902903902386
1495183182492116948,8450591260754163598,8573800373938698102,1,2,dgekt,0.6527264801586597
1495183182492116948,1553079256999111676,300471914551172981,1,2,dgekt,0.6988422729454801
1495183182492116948,3220231712819306119,8573800373938698102,0,2,dgekt,0.6591688617405917
1495183182492116948,338807275221326836,300471914551172981,1,2,dgekt,0.6873889851450635
1495183182492116948,8525319303741530302,8573800373938698102,1,2,dgekt,0.6610612214005206
1495183182492116948,6587421150596252277,300471914551172981,1,2,dgekt,0.7025839470154979
1495183182492116948,5891620578387310353,300471914551172981,0,2,dgekt,0.6850140077059866
1495183182492116948,5791250638486922978,300471914551172981,1,2,dgekt,0.7033290574008343
1495183182492116948,4031585874086886353,8573800373938698102,1,2,dgekt,0.6748736428279047
1495183182492116948,2083452711903133430,8573800373938698102,1,2,dgekt,0.6981831045958949
1495183182492116948,6319743179241711738,8573800373938698102,1,2,dgekt,0.6769344395726814
1495183182492116948,8628686323660025649,300471914551172981,1,2,dgekt,0.7046810337843598
1495183182492116948,4378721629787482518,300471914551172981,1,2,dgekt,0.7093846200596751
1495183182492116948,4813462692425748605,300471914551172981,0,2,dgekt,0.6741364189077859
1495183182492116948,4644364625800006675,300471914551172981,0,2,dgekt,0.6930764061159737
1495183182492116948,1062464292871659639,8573800373938698102,1,2,dgekt,0.6759404237757181
1495183182492116948,5932668873100475470,300471914551172981,1,2,dgekt,0.7150362187944037
1495183182492116948,5237822943399727048,8573800373938698102,1,2,dgekt,0.681528502467563
1526752627712655147,300471914551172981,300471914551172981,1,2,dgekt,0.6745638510288963
1526752627712655147,8573800373938698102,8573800373938698102,1,2,dgekt,0.6158782928636971
1526752627712655147,2014268979504181100,300471914551172981,0,2,dgekt,0.6579761627678377
1526752627712655147,2172169907340938753,300471914551172981,0,2,dgekt,0.6601629009518237
1526752627712655147,8150806168444344502,300471914551172981,1,2,dgekt,0.6826293176705902
1526752627712655147,816286915455981984,8573800373938698102,1,2,dgekt,0.6694408617155408
1526752627712655147,1962751598315765836,300471914551172981,1,2,dgekt,0.6864122349754352
1526752627712655147,7444476343858270082,300471914551172981,1,2,dgekt,0.6918328878647094
1526752627712655147,2537821716777940730,300471914551172981,1,2,dgekt,0.6915561713098549
1526752627712655147,1061301253559417093,300471914551172981,0,2,dgekt,0.6729951843043801
1526752627712655147,8553379303363759508,300471914551172981,0,2,dgekt,0.6653109371521244
1526752627712655147,6440511557387709110,300471914551172981,1,2,dgekt,0.6912793171580589
1526752627712655147,7744513373483970787,8573800373938698102,0,2,dgekt,0.6226090257307791
1526752627712655147,2971078979906996375,300471914551172981,1,2,dgekt,0.6824887411512989
1526752627712655147,5841359775533910823,300471914551172981,0,2,dgekt,0.6518913235950976
1526752627712655147,8621262567927479011,300471914551172981,0,2,dgekt,0.6898929870284579
1526752627712655147,8434961942249729798,8573800373938698102,1,2,dgekt,0.6567596999128485
1526752627712655147,2322042198017538996,8573800373938698102,1,2,dgekt,0.657125247454589
1526752627712655147,1742185772413642127,300471914551172981,1,2,dgekt,0.695829735714841
1526752627712655147,2334639155148655290,8573800373938698102,1,2,dgekt,0.6636005123697934
1526752627712655147,7660717256841499384,300471914551172981,0,2,dgekt,0.7099861493150671
1526752627712655147,4113615466659810841,300471914551172981,0,2,dgekt,0.695417622992899
1526752627712655147,6125574002232610732,300471914551172981,0,2,dgekt,0.6609630033818568
1526752627712655147,2774368076249802464,8573800373938698102,1,2,dgekt,0.6520643880721613
1526752627712655147,8903365289186067945,8573800373938698102,0,2,dgekt,0.6544891681878957
1526752627712655147,6925932688889117475,300471914551172981,1,2,dgekt,0.7142423628524948
1526752627712655147,8194071366621068887,8573800373938698102,1,2,dgekt,0.6311072193883981
1526752627712655147,2986660907093963186,300471914551172981,1,2,dgekt,0.7195095749929978
1526752627712655147,7591109345808921544,300471914551172981,1,2,dgekt,0.6961729231066154
1526752627712655147,625545550176685521,8573800373938698102,1,2,dgekt,0.6656973680354613
1526752627712655147,1761868641361943332,8573800373938698102,1,2,dgekt,0.6763666255911174
1526752627712655147,4824259625677886603,300471914551172981,1,2,dgekt,0.6934902903902386
1526752627712655147,8450591260754163598,8573800373938698102,1,2,dgekt,0.6527264801586597
1526752627712655147,1553079256999111676,300471914551172981,0,2,dgekt,0.6988422729454801
1526752627712655147,3220231712819306119,8573800373938698102,1,2,dgekt,0.6591688617405917
1526752627712655147,338807275221326836,300471914551172981,1,2,dgekt,0.6873889851450635
1526752627712655147,8525319303741530302,8573800373938698102,1,2,dgekt,0.6610612214005206
1526752627712655147,6587421150596252277,300471914551172981,1,2,dgekt,0.7025839470154979
1526752627712655147,5891620578387310353,300471914551172981,0,2,dgekt,0.6850140077059866
1526752627712655147,5791250638486922978,300471914551172981,1,2,dgekt,0.7033290574008343
1526752627712655147,4031585874086886353,8573800373938698102,1,2,dgekt,0.6748736428279047
1526752627712655147,2083452711903133430,8573800373938698102,1,2,dgekt,0.6981831045958949
1526752627712655147,6319743179241711738,8573800373938698102,0,2,dgekt,0.6769344395726814
1526752627712655147,8628686323660025649,300471914551172981,0,2,dgekt,0.7046810337843598
1526752627712655147,4378721629787482518,300471914551172981,1,2,dgekt,0.7093846200596751
1526752627712655147,4813462692425748605,300471914551172981,1,2,dgekt,0.6741364189077859
1526752627712655147,4644364625800006675,300471914551172981,0,2,dgekt,0.6930764061159737
1526752627712655147,1062464292871659639,8573800373938698102,1,2,dgekt,0.6759404237757181
1526752627712655147,5932668873100475470,300471914551172981,1,2,dgekt,0.7150362187944037
1526752627712655147,5237822943399727048,8573800373938698102,1,2,dgekt,0.681528502467563
1534583844842244434,300471914551172981,300471914551172981,1,2,dgekt,0.6745638510288963
1534583844842244434,8573800373938698102,8573800373938698102,1,2,dgekt,0.6158782928636971
1534583844842244434,2014268979504181100,300471914551172981,1,2,dgekt,0.6579761627678377
1534583844842244434,2172169907340938753,300471914551172981,1,2,dgekt,0.6601629009518237
1534583844842244434,8150806168444344502,300471914551172981,1,2,dgekt,0.6826293176705902
1534583844842244434,816286915455981984,8573800373938698102,1,2,dgekt,0.6694408617155408
1534583844842244434,1962751598315765836,300471914551172981,1,2,dgekt,0.6864122349754352
1534583844842244434,7444476343858270082,300471914551172981,1,2,dgekt,0.6918328878647094
1534583844842244434,2537821716777940730,300471914551172981,1,2,dgekt,0.6915561713098549
1534583844842244434,1061301253559417093,300471914551172981,1,2,dgekt,0.6729951843043801
1534583844842244434,8553379303363759508,300471914551172981,1,2,dgekt,0.6653109371521244
1534583844842244434,6440511557387709110,300471914551172981,1,2,dgekt,0.6912793171580589
1534583844842244434,7744513373483970787,8573800373938698102,1,2,dgekt,0.6226090257307791
1534583844842244434,2971078979906996375,300471914551172981,1,2,dgekt,0.6824887411512989
1534583844842244434,5841359775533910823,300471914551172981,1,2,dgekt,0.6518913235950976
1534583844842244434,8621262567927479011,300471914551172981,1,2,dgekt,0.6898929870284579
1534583844842244434,8434961942249729798,8573800373938698102,1,2,dgekt,0.6567596999128485
1534583844842244434,2322042198017538996,8573800373938698102,1,2,dgekt,0.657125247454589
1534583844842244434,1742185772413642127,300471914551172981,1,2,dgekt,0.695829735714841
1534583844842244434,2334639155148655290,8573800373938698102,1,2,dgekt,0.6636005123697934
1534583844842244434,7660717256841499384,300471914551172981,1,2,dgekt,0.7099861493150671
1534583844842244434,4113615466659810841,300471914551172981,1,2,dgekt,0.695417622992899
1534583844842244434,6125574002232610732,300471914551172981,1,2,dgekt,0.6609630033818568
1534583844842244434,2774368076249802464,8573800373938698102,1,2,dgekt,0.6520643880721613
1534583844842244434,8903365289186067945,8573800373938698102,1,2,dgekt,0.6544891681878957
1534583844842244434,6925932688889117475,300471914551172981,1,2,dgekt,0.7142423628524948
1534583844842244434,8194071366621068887,8573800373938698102,1,2,dgekt,0.6311072193883981
1534583844842244434,2986660907093963186,300471914551172981,1,2,dgekt,0.7195095749929978
1534583844842244434,7591109345808921544,300471914551172981,1,2,dgekt,0.6961729231066154
1534583844842244434,625545550176685521,8573800373938698102,1,2,dgekt,0.6656973680354613
1534583844842244434,1761868641361943332,8573800373938698102,1,2,dgekt,0.6763666255911174
1534583844842244434,4824259625677886603,300471914551172981,1,2,dgekt,0.6934902903902386
1534583844842244434,8450591260754163598,8573800373938698102,1,2,dgekt,0.6527264801586597
1534583844842244434,1553079256999111676,300471914551172981,1,2,dgekt,0.6988422729454801
1534583844842244434,3220231712819306119,8573800373938698102,1,2,dgekt,0.6591688617405917
1534583844842244434,338807275221326836,300471914551172981,1,2,dgekt,0.6873889851450635
1534583844842244434,8525319303741530302,8573800373938698102,1,2,dgekt,0.6610612214005206
1534583844842244434,6587421150596252277,300471914551172981,1,2,dgekt,0.7025839470154979
1534583844842244434,5891620578387310353,300471914551172981,1,2,dgekt,0.6850140077059866
1534583844842244434,5791250638486922978,300471914551172981,1,2,dgekt,0.7033290574008343
1534583844842244434,4031585874086886353,8573800373938698102,1,2,dgekt,0.6748736428279047
1534583844842244434,2083452711903133430,8573800373938698102,1,2,dgekt,0.6981831045958949
1534583844842244434,6319743179241711738,8573800373938698102,1,2,dgekt,0.6769344395726814
1534583844842244434,8628686323660025649,300471914551172981,1,2,dgekt,0.7046810337843598
1534583844842244434,4378721629787482518,300471914551172981,1,2,dgekt,0.7093846200596751
1534583844842244434,4813462692425748605,300471914551172981,1,2,dgekt,0.6741364189077859
1534583844842244434,4644364625800006675,300471914551172981,1,2,dgekt,0.6930764061159737
1534583844842244434,1062464292871659639,8573800373938698102,1,2,dgekt,0.6759404237757181
1534583844842244434,5932668873100475470,300471914551172981,1,2,dgekt,0.7150362187944037
1534583844842244434,5237822943399727048,8573800373938698102,1,2,dgekt,0.681528502467563
1544639213753312029,300471914551172981,300471914551172981,0,2,dgekt,0.6745638510288963
1544639213753312029,8573800373938698102,8573800373938698102,1,2,dgekt,0.6158782928636971
1544639213753312029,2014268979504181100,300471914551172981,0,2,dgekt,0.6579761627678377
1544639213753312029,2172169907340938753,300471914551172981,0,2,dgekt,0.6601629009518237
1544639213753312029,8150806168444344502,300471914551172981,0,2,dgekt,0.6826293176705902
1544639213753312029,816286915455981984,8573800373938698102,1,2,dgekt,0.6694408617155408
1544639213753312029,1962751598315765836,300471914551172981,0,2,dgekt,0.6864122349754352
1544639213753312029,7444476343858270082,300471914551172981,0,2,dgekt,0.6918328878647094
1544639213753312029,2537821716777940730,300471914551172981,0,2,dgekt,0.6915561713098549
1544639213753312029,1061301253559417093,300471914551172981,0,2,dgekt,0.6729951843043801
1544639213753312029,8553379303363759508,300471914551172981,0,2,dgekt,0.6653109371521244
1544639213753312029,6440511557387709110,300471914551172981,0,2,dgekt,0.6912793171580589
1544639213753312029,7744513373483970787,8573800373938698102,1,2,dgekt,0.6226090257307791
1544639213753312029,2971078979906996375,300471914551172981,0,2,dgekt,0.6824887411512989
1544639213753312029,5841359775533910823,300471914551172981,1,2,dgekt,0.6518913235950976
1544639213753312029,8621262567927479011,300471914551172981,0,2,dgekt,0.6898929870284579
1544639213753312029,8434961942249729798,8573800373938698102,1,2,dgekt,0.6567596999128485
1544639213753312029,2322042198017538996,8573800373938698102,1,2,dgekt,0.657125247454589
1544639213753312029,1742185772413642127,300471914551172981,0,2,dgekt,0.695829735714841
1544639213753312029,2334639155148655290,8573800373938698102,1,2,dgekt,0.6636005123697934
1544639213753312029,7660717256841499384,300471914551172981,0,2,dgekt,0.7099861493150671
1544639213753312029,4113615466659810841,300471914551172981,0,2,dgekt,0.695417622992899
1544639213753312029,6125574002232610732,300471914551172981,0,2,dgekt,0.6609630033818568
1544639213753312029,2774368076249802464,8573800373938698102,1,2,dgekt,0.6520643880721613
1544639213753312029,8903365289186067945,8573800373938698102,1,2,dgekt,0.6544891681878957
1544639213753312029,6925932688889117475,300471914551172981,0,2,dgekt,0.7142423628524948
1544639213753312029,8194071366621068887,8573800373938698102,1,2,dgekt,0.6311072193883981
1544639213753312029,2986660907093963186,300471914551172981,0,2,dgekt,0.7195095749929978
1544639213753312029,7591109345808921544,300471914551172981,1,2,dgekt,0.6961729231066154
1544639213753312029,625545550176685521,8573800373938698102,1,2,dgekt,0.6656973680354613
1544639213753312029,1761868641361943332,8573800373938698102,1,2,dgekt,0.6763666255911174
1544639213753312029,4824259625677886603,300471914551172981,0,2,dgekt,0.6934902903902386
1544639213753312029,8450591260754163598,8573800373938698102,1,2,dgekt,0.6527264801586597
1544639213753312029,1553079256999111676,300471914551172981,0,2,dgekt,0.6988422729454801
1544639213753312029,3220231712819306119,8573800373938698102,1,2,dgekt,0.6591688617405917
1544639213753312029,338807275221326836,300471914551172981,0,2,dgekt,0.6873889851450635
1544639213753312029,8525319303741530302,8573800373938698102,1,2,dgekt,0.6610612214005206
1544639213753312029,6587421150596252277,300471914551172981,0,2,dgekt,0.7025839470154979
1544639213753312029,5891620578387310353,300471914551172981,0,2,dgekt,0.6850140077059866
1544639213753312029,5791250638486922978,300471914551172981,1,2,dgekt,0.7033290574008343
1544639213753312029,4031585874086886353,8573800373938698102,1,2,dgekt,0.6748736428279047
1544639213753312029,2083452711903133430,8573800373938698102,1,2,dgekt,0.6981831045958949
1544639213753312029,6319743179241711738,8573800373938698102,1,2,dgekt,0.6769344395726814
1544639213753312029,8628686323660025649,300471914551172981,0,2,dgekt,0.7046810337843598
1544639213753312029,4378721629787482518,300471914551172981,0,2,dgekt,0.7093846200596751
1544639213753312029,4813462692425748605,300471914551172981,0,2,dgekt,0.6741364189077859
1544639213753312029,4644364625800006675,300471914551172981,0,2,dgekt,0.6930764061159737
1544639213753312029,1062464292871659639,8573800373938698102,1,2,dgekt,0.6759404237757181
1544639213753312029,5932668873100475470,300471914551172981,0,2,dgekt,0.7150362187944037
1544639213753312029,5237822943399727048,8573800373938698102,1,2,dgekt,0.681528502467563
1546170515203119588,300471914551172981,300471914551172981,0,2,dgekt,0.6745638510288963
1546170515203119588,8573800373938698102,8573800373938698102,0,2,dgekt,0.6158782928636971
1546170515203119588,2014268979504181100,300471914551172981,0,2,dgekt,0.6579761627678377
1546170515203119588,2172169907340938753,300471914551172981,0,2,dgekt,0.6601629009518237
1546170515203119588,8150806168444344502,300471914551172981,0,2,dgekt,0.6826293176705902
1546170515203119588,816286915455981984,8573800373938698102,0,2,dgekt,0.6694408617155408
1546170515203119588,1962751598315765836,300471914551172981,0,2,dgekt,0.6864122349754352
1546170515203119588,7444476343858270082,300471914551172981,0,2,dgekt,0.6918328878647094
1546170515203119588,2537821716777940730,300471914551172981,0,2,dgekt,0.6915561713098549
1546170515203119588,1061301253559417093,300471914551172981,1,2,dgekt,0.6729951843043801
1546170515203119588,8553379303363759508,300471914551172981,0,2,dgekt,0.6653109371521244
1546170515203119588,6440511557387709110,300471914551172981,0,2,dgekt,0.6912793171580589
1546170515203119588,7744513373483970787,8573800373938698102,0,2,dgekt,0.6226090257307791
1546170515203119588,2971078979906996375,300471914551172981,0,2,dgekt,0.6824887411512989
1546170515203119588,5841359775533910823,300471914551172981,0,2,dgekt,0.6518913235950976
1546170515203119588,8621262567927479011,300471914551172981,0,2,dgekt,0.6898929870284579
1546170515203119588,8434961942249729798,8573800373938698102,1,2,dgekt,0.6567596999128485
1546170515203119588,2322042198017538996,8573800373938698102,1,2,dgekt,0.657125247454589
1546170515203119588,1742185772413642127,300471914551172981,0,2,dgekt,0.695829735714841
1546170515203119588,2334639155148655290,8573800373938698102,1,2,dgekt,0.6636005123697934
1546170515203119588,7660717256841499384,300471914551172981,0,2,dgekt,0.7099861493150671
1546170515203119588,4113615466659810841,300471914551172981,0,2,dgekt,0.695417622992899
1546170515203119588,6125574002232610732,300471914551172981,0,2,dgekt,0.6609630033818568
1546170515203119588,2774368076249802464,8573800373938698102,0,2,dgekt,0.6520643880721613
1546170515203119588,8903365289186067945,8573800373938698102,1,2,dgekt,0.6544891681878957
1546170515203119588,6925932688889117475,300471914551172981,0,2,dgekt,0.7142423628524948
1546170515203119588,8194071366621068887,8573800373938698102,0,2,dgekt,0.6311072193883981
1546170515203119588,2986660907093963186,300471914551172981,1,2,dgekt,0.7195095749929978
1546170515203119588,7591109345808921544,300471914551172981,0,2,dgekt,0.6961729231066154
1546170515203119588,625545550176685521,8573800373938698102,1,2,dgekt,0.6656973680354613
1546170515203119588,1761868641361943332,8573800373938698102,0,2,dgekt,0.6763666255911174
1546170515203119588,4824259625677886603,300471914551172981,0,2,dgekt,0.6934902903902386
1546170515203119588,8450591260754163598,8573800373938698102,0,2,dgekt,0.6527264801586597
1546170515203119588,1553079256999111676,300471914551172981,1,2,dgekt,0.6988422729454801
1546170515203119588,3220231712819306119,8573800373938698102,1,2,dgekt,0.6591688617405917
1546170515203119588,338807275221326836,300471914551172981,0,2,dgekt,0.6873889851450635
1546170515203119588,8525319303741530302,8573800373938698102,0,2,dgekt,0.6610612214005206
1546170515203119588,6587421150596252277,300471914551172981,0,2,dgekt,0.7025839470154979
1546170515203119588,5891620578387310353,300471914551172981,0,2,dgekt,0.6850140077059866
1546170515203119588,5791250638486922978,300471914551172981,0,2,dgekt,0.7033290574008343
1546170515203119588,4031585874086886353,8573800373938698102,0,2,dgekt,0.6748736428279047
1546170515203119588,2083452711903133430,8573800373938698102,1,2,dgekt,0.6981831045958949
1546170515203119588,6319743179241711738,8573800373938698102,1,2,dgekt,0.6769344395726814
1546170515203119588,8628686323660025649,300471914551172981,0,2,dgekt,0.7046810337843598
1546170515203119588,4378721629787482518,300471914551172981,0,2,dgekt,0.7093846200596751
1546170515203119588,4813462692425748605,300471914551172981,0,2,dgekt,0.6741364189077859
1546170515203119588,4644364625800006675,300471914551172981,0,2,dgekt,0.6930764061159737
1546170515203119588,1062464292871659639,8573800373938698102,1,2,dgekt,0.6759404237757181
1546170515203119588,5932668873100475470,300471914551172981,1,2,dgekt,0.7150362187944037
1546170515203119588,5237822943399727048,8573800373938698102,0,2,dgekt,0.681528502467563
1553079256999111676,300471914551172981,300471914551172981,1,2,dgekt,0.6745638510288963
1553079256999111676,8573800373938698102,8573800373938698102,0,2,dgekt,0.6158782928636971
1553079256999111676,2014268979504181100,300471914551172981,0,2,dgekt,0.6579761627678377
1553079256999111676,2172169907340938753,300471914551172981,1,2,dgekt,0.6601629009518237
1553079256999111676,8150806168444344502,300471914551172981,1,2,dgekt,0.6826293176705902
1553079256999111676,816286915455981984,8573800373938698102,0,2,dgekt,0.6694408617155408
1553079256999111676,1962751598315765836,300471914551172981,1,2,dgekt,0.6864122349754352
1553079256999111676,7444476343858270082,300471914551172981,1,2,dgekt,0.6918328878647094
1553079256999111676,2537821716777940730,300471914551172981,1,2,dgekt,0.6915561713098549
1553079256999111676,1061301253559417093,300471914551172981,0,2,dgekt,0.6729951843043801
1553079256999111676,8553379303363759508,300471914551172981,0,2,dgekt,0.6653109371521244
1553079256999111676,6440511557387709110,300471914551172981,1,2,dgekt,0.6912793171580589
1553079256999111676,7744513373483970787,8573800373938698102,0,2,dgekt,0.6226090257307791
1553079256999111676,2971078979906996375,300471914551172981,1,2,dgekt,0.6824887411512989
1553079256999111676,5841359775533910823,300471914551172981,1,2,dgekt,0.6518913235950976
1553079256999111676,8621262567927479011,300471914551172981,1,2,dgekt,0.6898929870284579
1553079256999111676,8434961942249729798,8573800373938698102,1,2,dgekt,0.6567596999128485
1553079256999111676,2322042198017538996,8573800373938698102,1,2,dgekt,0.657125247454589
1553079256999111676,1742185772413642127,300471914551172981,1,2,dgekt,0.695829735714841
1553079256999111676,2334639155148655290,8573800373938698102,0,2,dgekt,0.6636005123697934
1553079256999111676,7660717256841499384,300471914551172981,1,2,dgekt,0.7099861493150671
1553079256999111676,4113615466659810841,300471914551172981,1,2,dgekt,0.695417622992899
1553079256999111676,6125574002232610732,300471914551172981,1,2,dgekt,0.6609630033818568
1553079256999111676,2774368076249802464,8573800373938698102,1,2,dgekt,0.6520643880721613
1553079256999111676,8903365289186067945,8573800373938698102,0,2,dgekt,0.6544891681878957
1553079256999111676,6925932688889117475,300471914551172981,1,2,dgekt,0.7142423628524948
1553079256999111676,8194071366621068887,8573800373938698102,0,2,dgekt,0.6311072193883981
1553079256999111676,2986660907093963186,300471914551172981,1,2,dgekt,0.7195095749929978
1553079256999111676,7591109345808921544,300471914551172981,1,2,dgekt,0.6961729231066154
1553079256999111676,625545550176685521,8573800373938698102,1,2,dgekt,0.6656973680354613
1553079256999111676,1761868641361943332,8573800373938698102,1,2,dgekt,0.6763666255911174
1553079256999111676,4824259625677886603,300471914551172981,1,2,dgekt,0.6934902903902386
1553079256999111676,8450591260754163598,8573800373938698102,1,2,dgekt,0.6527264801586597
1553079256999111676,1553079256999111676,300471914551172981,1,2,dgekt,0.6988422729454801
1553079256999111676,3220231712819306119,8573800373938698102,1,2,dgekt,0.6591688617405917
1553079256999111676,338807275221326836,300471914551172981,1,2,dgekt,0.6873889851450635
1553079256999111676,8525319303741530302,8573800373938698102,1,2,dgekt,0.6610612214005206
1553079256999111676,6587421150596252277,300471914551172981,1,2,dgekt,0.7025839470154979
1553079256999111676,5891620578387310353,300471914551172981,1,2,dgekt,0.6850140077059866
1553079256999111676,5791250638486922978,300471914551172981,1,2,dgekt,0.7033290574008343
1553079256999111676,4031585874086886353,8573800373938698102,1,2,dgekt,0.6748736428279047
1553079256999111676,2083452711903133430,8573800373938698102,1,2,dgekt,0.6981831045958949
1553079256999111676,6319743179241711738,8573800373938698102,1,2,dgekt,0.6769344395726814
1553079256999111676,8628686323660025649,300471914551172981,1,2,dgekt,0.7046810337843598
1553079256999111676,4378721629787482518,300471914551172981,1,2,dgekt,0.7093846200596751
1553079256999111676,4813462692425748605,300471914551172981,1,2,dgekt,0.6741364189077859
1553079256999111676,4644364625800006675,300471914551172981,1,2,dgekt,0.6930764061159737
1553079256999111676,1062464292871659639,8573800373938698102,1,2,dgekt,0.6759404237757181
1553079256999111676,5932668873100475470,300471914551172981,1,2,dgekt,0.7150362187944037
1553079256999111676,5237822943399727048,8573800373938698102,1,2,dgekt,0.681528502467563
1599557129054865395,300471914551172981,300471914551172981,1,2,dgekt,0.6745638510288963
1599557129054865395,8573800373938698102,8573800373938698102,0,2,dgekt,0.6158782928636971
1599557129054865395,2014268979504181100,300471914551172981,0,2,dgekt,0.6579761627678377
1599557129054865395,2172169907340938753,300471914551172981,0,2,dgekt,0.6601629009518237
1599557129054865395,8150806168444344502,300471914551172981,1,2,dgekt,0.6826293176705902
1599557129054865395,816286915455981984,8573800373938698102,1,2,dgekt,0.6694408617155408
1599557129054865395,1962751598315765836,300471914551172981,1,2,dgekt,0.6864122349754352
1599557129054865395,7444476343858270082,300471914551172981,1,2,dgekt,0.6918328878647094
1599557129054865395,2537821716777940730,300471914551172981,1,2,dgekt,0.6915561713098549
1599557129054865395,1061301253559417093,300471914551172981,1,2,dgekt,0.6729951843043801
1599557129054865395,8553379303363759508,300471914551172981,1,2,dgekt,0.6653109371521244
1599557129054865395,6440511557387709110,300471914551172981,1,2,dgekt,0.6912793171580589
1599557129054865395,7744513373483970787,8573800373938698102,0,2,dgekt,0.6226090257307791
1599557129054865395,2971078979906996375,300471914551172981,1,2,dgekt,0.6824887411512989
1599557129054865395,5841359775533910823,300471914551172981,0,2,dgekt,0.6518913235950976
1599557129054865395,8621262567927479011,300471914551172981,1,2,dgekt,0.6898929870284579
1599557129054865395,8434961942249729798,8573800373938698102,0,2,dgekt,0.6567596999128485
1599557129054865395,2322042198017538996,8573800373938698102,1,2,dgekt,0.657125247454589
1599557129054865395,1742185772413642127,300471914551172981,1,2,dgekt,0.695829735714841
1599557129054865395,2334639155148655290,8573800373938698102,1,2,dgekt,0.6636005123697934
1599557129054865395,7660717256841499384,300471914551172981,1,2,dgekt,0.7099861493150671
1599557129054865395,4113615466659810841,300471914551172981,1,2,dgekt,0.695417622992899
1599557129054865395,6125574002232610732,300471914551172981,1,2,dgekt,0.6609630033818568
1599557129054865395,2774368076249802464,8573800373938698102,0,2,dgekt,0.6520643880721613
1599557129054865395,8903365289186067945,8573800373938698102,0,2,dgekt,0.6544891681878957
1599557129054865395,6925932688889117475,300471914551172981,1,2,dgekt,0.7142423628524948
1599557129054865395,8194071366621068887,8573800373938698102,1,2,dgekt,0.6311072193883981
1599557129054865395,2986660907093963186,300471914551172981,1,2,dgekt,0.7195095749929978
1599557129054865395,7591109345808921544,300471914551172981,1,2,dgekt,0.6961729231066154
1599557129054865395,625545550176685521,8573800373938698102,0,2,dgekt,0.6656973680354613
1599557129054865395,1761868641361943332,8573800373938698102,1,2,dgekt,0.6763666255911174
1599557129054865395,4824259625677886603,300471914551172981,1,2,dgekt,0.6934902903902386
1599557129054865395,8450591260754163598,8573800373938698102,0,2,dgekt,0.6527264801586597
1599557129054865395,1553079256999111676,300471914551172981,1,2,dgekt,0.6988422729454801
1599557129054865395,3220231712819306119,8573800373938698102,0,2,dgekt,0.6591688617405917
1599557129054865395,338807275221326836,300471914551172981,1,2,dgekt,0.6873889851450635
1599557129054865395,8525319303741530302,8573800373938698102,1,2,dgekt,0.6610612214005206
1599557129054865395,6587421150596252277,300471914551172981,1,2,dgekt,0.7025839470154979
1599557129054865395,5891620578387310353,300471914551172981,1,2,dgekt,0.6850140077059866
1599557129054865395,5791250638486922978,300471914551172981,1,2,dgekt,0.7033290574008343
1599557129054865395,4031585874086886353,8573800373938698102,1,2,dgekt,0.6748736428279047
1599557129054865395,2083452711903133430,8573800373938698102,1,2,dgekt,0.6981831045958949
1599557129054865395,6319743179241711738,8573800373938698102,0,2,dgekt,0.6769344395726814
1599557129054865395,8628686323660025649,300471914551172981,1,2,dgekt,0.7046810337843598
1599557129054865395,4378721629787482518,300471914551172981,1,2,dgekt,0.7093846200596751
1599557129054865395,4813462692425748605,300471914551172981,1,2,dgekt,0.6741364189077859
1599557129054865395,4644364625800006675,300471914551172981,1,2,dgekt,0.6930764061159737
1599557129054865395,1062464292871659639,8573800373938698102,1,2,dgekt,0.6759404237757181
1599557129054865395,5932668873100475470,300471914551172981,1,2,dgekt,0.7150362187944037
1599557129054865395,5237822943399727048,8573800373938698102,0,2,dgekt,0.681528502467563
1640837721189861640,300471914551172981,300471914551172981,1,2,dgekt,0.6745638510288963
1640837721189861640,8573800373938698102,8573800373938698102,0,2,dgekt,0.6158782928636971
1640837721189861640,2014268979504181100,300471914551172981,1,2,dgekt,0.6579761627678377
1640837721189861640,2172169907340938753,300471914551172981,0,2,dgekt,0.6601629009518237
1640837721189861640,8150806168444344502,300471914551172981,1,2,dgekt,0.6826293176705902
1640837721189861640,816286915455981984,8573800373938698102,0,2,dgekt,0.6694408617155408
1640837721189861640,1962751598315765836,300471914551172981,1,2,dgekt,0.6864122349754352
1640837721189861640,7444476343858270082,300471914551172981,1,2,dgekt,0.6918328878647094
1640837721189861640,2537821716777940730,300471914551172981,1,2,dgekt,0.6915561713098549
1640837721189861640,1061301253559417093,300471914551172981,1,2,dgekt,0.6729951843043801
1640837721189861640,8553379303363759508,300471914551172981,1,2,dgekt,0.6653109371521244
1640837721189861640,6440511557387709110,300471914551172981,1,2,dgekt,0.6912793171580589
1640837721189861640,7744513373483970787,8573800373938698102,0,2,dgekt,0.6226090257307791
1640837721189861640,2971078979906996375,300471914551172981,1,2,dgekt,0.6824887411512989
1640837721189861640,5841359775533910823,300471914551172981,0,2,dgekt,0.6518913235950976
1640837721189861640,8621262567927479011,300471914551172981,1,2,dgekt,0.6898929870284579
1640837721189861640,8434961942249729798,8573800373938698102,0,2,dgekt,0.6567596999128485
1640837721189861640,2322042198017538996,8573800373938698102,0,2,dgekt,0.657125247454589
1640837721189861640,1742185772413642127,300471914551172981,1,2,dgekt,0.695829735714841
1640837721189861640,2334639155148655290,8573800373938698102,1,2,dgekt,0.6636005123697934
1640837721189861640,7660717256841499384,300471914551172981,1,2,dgekt,0.7099861493150671
1640837721189861640,4113615466659810841,300471914551172981,1,2,dgekt,0.695417622992899
1640837721189861640,6125574002232610732,300471914551172981,0,2,dgekt,0.6609630033818568
1640837721189861640,2774368076249802464,8573800373938698102,0,2,dgekt,0.6520643880721613
1640837721189861640,8903365289186067945,8573800373938698102,0,2,dgekt,0.6544891681878957
1640837721189861640,6925932688889117475,300471914551172981,1,2,dgekt,0.7142423628524948
1640837721189861640,8194071366621068887,8573800373938698102,0,2,dgekt,0.6311072193883981
1640837721189861640,2986660907093963186,300471914551172981,1,2,dgekt,0.7195095749929978
1640837721189861640,7591109345808921544,300471914551172981,1,2,dgekt,0.6961729231066154
1640837721189861640,625545550176685521,8573800373938698102,1,2,dgekt,0.6656973680354613
1640837721189861640,1761868641361943332,8573800373938698102,0,2,dgekt,0.6763666255911174
1640837721189861640,4824259625677886603,300471914551172981,1,2,dgekt,0.6934902903902386
1640837721189861640,8450591260754163598,8573800373938698102,0,2,dgekt,0.6527264801586597
1640837721189861640,1553079256999111676,300471914551172981,0,2,dgekt,0.6988422729454801
1640837721189861640,3220231712819306119,8573800373938698102,0,2,dgekt,0.6591688617405917
1640837721189861640,338807275221326836,300471914551172981,1,2,dgekt,0.6873889851450635
1640837721189861640,8525319303741530302,8573800373938698102,1,2,dgekt,0.6610612214005206
1640837721189861640,6587421150596252277,300471914551172981,1,2,dgekt,0.7025839470154979
1640837721189861640,5891620578387310353,300471914551172981,1,2,dgekt,0.6850140077059866
1640837721189861640,5791250638486922978,300471914551172981,1,2,dgekt,0.7033290574008343
1640837721189861640,4031585874086886353,8573800373938698102,0,2,dgekt,0.6748736428279047
1640837721189861640,2083452711903133430,8573800373938698102,1,2,dgekt,0.6981831045958949
1640837721189861640,6319743179241711738,8573800373938698102,0,2,dgekt,0.6769344395726814
1640837721189861640,8628686323660025649,300471914551172981,1,2,dgekt,0.7046810337843598
1640837721189861640,4378721629787482518,300471914551172981,1,2,dgekt,0.7093846200596751
1640837721189861640,4813462692425748605,300471914551172981,1,2,dgekt,0.6741364189077859
1640837721189861640,4644364625800006675,300471914551172981,1,2,dgekt,0.6930764061159737
1640837721189861640,1062464292871659639,8573800373938698102,0,2,dgekt,0.6759404237757181
1640837721189861640,5932668873100475470,300471914551172981,1,2,dgekt,0.7150362187944037
1640837721189861640,5237822943399727048,8573800373938698102,0,2,dgekt,0.681528502467563
1653110472703699635,300471914551172981,300471914551172981,1,2,dgekt,0.6745638510288963
1653110472703699635,8573800373938698102,8573800373938698102,0,2,dgekt,0.6158782928636971
1653110472703699635,2014268979504181100,300471914551172981,0,2,dgekt,0.6579761627678377
1653110472703699635,2172169907340938753,300471914551172981,0,2,dgekt,0.6601629009518237
1653110472703699635,8150806168444344502,300471914551172981,0,2,dgekt,0.6826293176705902
1653110472703699635,816286915455981984,8573800373938698102,1,2,dgekt,0.6694408617155408
1653110472703699635,1962751598315765836,300471914551172981,0,2,dgekt,0.6864122349754352
1653110472703699635,7444476343858270082,300471914551172981,0,2,dgekt,0.6918328878647094
1653110472703699635,2537821716777940730,300471914551172981,0,2,dgekt,0.6915561713098549
1653110472703699635,1061301253559417093,300471914551172981,0,2,dgekt,0.6729951843043801
1653110472703699635,8553379303363759508,300471914551172981,0,2,dgekt,0.6653109371521244
1653110472703699635,6440511557387709110,300471914551172981,0,2,dgekt,0.6912793171580589
1653110472703699635,7744513373483970787,8573800373938698102,1,2,dgekt,0.6226090257307791
1653110472703699635,2971078979906996375,300471914551172981,1,2,dgekt,0.6824887411512989
1653110472703699635,5841359775533910823,300471914551172981,0,2,dgekt,0.6518913235950976
1653110472703699635,8621262567927479011,300471914551172981,1,2,dgekt,0.6898929870284579
1653110472703699635,8434961942249729798,8573800373938698102,1,2,dgekt,0.6567596999128485
1653110472703699635,2322042198017538996,8573800373938698102,1,2,dgekt,0.657125247454589
1653110472703699635,1742185772413642127,300471914551172981,1,2,dgekt,0.695829735714841
1653110472703699635,2334639155148655290,8573800373938698102,1,2,dgekt,0.6636005123697934
1653110472703699635,7660717256841499384,300471914551172981,1,2,dgekt,0.7099861493150671
1653110472703699635,4113615466659810841,300471914551172981,1,2,dgekt,0.695417622992899
1653110472703699635,6125574002232610732,300471914551172981,1,2,dgekt,0.6609630033818568
1653110472703699635,2774368076249802464,8573800373938698102,1,2,dgekt,0.6520643880721613
1653110472703699635,8903365289186067945,8573800373938698102,1,2,dgekt,0.6544891681878957
1653110472703699635,6925932688889117475,300471914551172981,1,2,dgekt,0.7142423628524948
1653110472703699635,8194071366621068887,8573800373938698102,1,2,dgekt,0.6311072193883981
1653110472703699635,2986660907093963186,300471914551172981,1,2,dgekt,0.7195095749929978
1653110472703699635,7591109345808921544,300471914551172981,0,2,dgekt,0.6961729231066154
1653110472703699635,625545550176685521,8573800373938698102,1,2,dgekt,0.6656973680354613
1653110472703699635,1761868641361943332,8573800373938698102,1,2,dgekt,0.6763666255911174
1653110472703699635,4824259625677886603,300471914551172981,1,2,dgekt,0.6934902903902386
1653110472703699635,8450591260754163598,8573800373938698102,1,2,dgekt,0.6527264801586597
1653110472703699635,1553079256999111676,300471914551172981,1,2,dgekt,0.6988422729454801
1653110472703699635,3220231712819306119,8573800373938698102,1,2,dgekt,0.6591688617405917
1653110472703699635,338807275221326836,300471914551172981,1,2,dgekt,0.6873889851450635
1653110472703699635,8525319303741530302,8573800373938698102,1,2,dgekt,0.6610612214005206
1653110472703699635,6587421150596252277,300471914551172981,1,2,dgekt,0.7025839470154979
1653110472703699635,5891620578387310353,300471914551172981,0,2,dgekt,0.6850140077059866
1653110472703699635,5791250638486922978,300471914551172981,0,2,dgekt,0.7033290574008343
1653110472703699635,4031585874086886353,8573800373938698102,1,2,dgekt,0.6748736428279047
1653110472703699635,2083452711903133430,8573800373938698102,1,2,dgekt,0.6981831045958949
1653110472703699635,6319743179241711738,8573800373938698102,1,2,dgekt,0.6769344395726814
1653110472703699635,8628686323660025649,300471914551172981,1,2,dgekt,0.7046810337843598
1653110472703699635,4378721629787482518,300471914551172981,1,2,dgekt,0.7093846200596751
1653110472703699635,4813462692425748605,300471914551172981,1,2,dgekt,0.6741364189077859
1653110472703699635,4644364625800006675,300471914551172981,1,2,dgekt,0.6930764061159737
1653110472703699635,1062464292871659639,8573800373938698102,1,2,dgekt,0.6759404237757181
1653110472703699635,5932668873100475470,300471914551172981,1,2,dgekt,0.7150362187944037
1653110472703699635,5237822943399727048,8573800373938698102,1,2,dgekt,0.681528502467563
1666405140581930855,300471914551172981,300471914551172981,0,2,dgekt,0.6745638510288963
1666405140581930855,8573800373938698102,8573800373938698102,0,2,dgekt,0.6158782928636971
1666405140581930855,2014268979504181100,300471914551172981,0,2,dgekt,0.6579761627678377
1666405140581930855,2172169907340938753,300471914551172981,0,2,dgekt,0.6601629009518237
1666405140581930855,8150806168444344502,300471914551172981,1,2,dgekt,0.6826293176705902
1666405140581930855,816286915455981984,8573800373938698102,1,2,dgekt,0.6694408617155408
1666405140581930855,1962751598315765836,300471914551172981,0,2,dgekt,0.6864122349754352
1666405140581930855,7444476343858270082,300471914551172981,0,2,dgekt,0.6918328878647094
1666405140581930855,2537821716777940730,300471914551172981,0,2,dgekt,0.6915561713098549
1666405140581930855,1061301253559417093,300471914551172981,0,2,dgekt,0.6729951843043801
1666405140581930855,8553379303363759508,300471914551172981,0,2,dgekt,0.6653109371521244
1666405140581930855,6440511557387709110,300471914551172981,1,2,dgekt,0.6912793171580589
1666405140581930855,7744513373483970787,8573800373938698102,0,2,dgekt,0.6226090257307791
1666405140581930855,2971078979906996375,300471914551172981,1,2,dgekt,0.6824887411512989
1666405140581930855,5841359775533910823,300471914551172981,0,2,dgekt,0.6518913235950976
1666405140581930855,8621262567927479011,300471914551172981,0,2,dgekt,0.6898929870284579
1666405140581930855,8434961942249729798,8573800373938698102,1,2,dgekt,0.6567596999128485
1666405140581930855,2322042198017538996,8573800373938698102,1,2,dgekt,0.657125247454589
1666405140581930855,1742185772413642127,300471914551172981,1,2,dgekt,0.695829735714841
1666405140581930855,2334639155148655290,8573800373938698102,1,2,dgekt,0.6636005123697934
1666405140581930855,7660717256841499384,300471914551172981,0,2,dgekt,0.7099861493150671
1666405140581930855,4113615466659810841,300471914551172981,0,2,dgekt,0.695417622992899
1666405140581930855,6125574002232610732,300471914551172981,0,2,dgekt,0.6609630033818568
1666405140581930855,2774368076249802464,8573800373938698102,1,2,dgekt,0.6520643880721613
1666405140581930855,8903365289186067945,8573800373938698102,1,2,dgekt,0.6544891681878957
1666405140581930855,6925932688889117475,300471914551172981,1,2,dgekt,0.7142423628524948
1666405140581930855,8194071366621068887,8573800373938698102,0,2,dgekt,0.6311072193883981
1666405140581930855,2986660907093963186,300471914551172981,0,2,dgekt,0.7195095749929978
1666405140581930855,7591109345808921544,300471914551172981,1,2,dgekt,0.6961729231066154
1666405140581930855,625545550176685521,8573800373938698102,1,2,dgekt,0.6656973680354613
1666405140581930855,1761868641361943332,8573800373938698102,1,2,dgekt,0.6763666255911174
1666405140581930855,4824259625677886603,300471914551172981,0,2,dgekt,0.6934902903902386
1666405140581930855,8450591260754163598,8573800373938698102,0,2,dgekt,0.6527264801586597
1666405140581930855,1553079256999111676,300471914551172981,1,2,dgekt,0.6988422729454801
1666405140581930855,3220231712819306119,8573800373938698102,1,2,dgekt,0.6591688617405917
1666405140581930855,338807275221326836,300471914551172981,0,2,dgekt,0.6873889851450635
1666405140581930855,8525319303741530302,8573800373938698102,1,2,dgekt,0.6610612214005206
1666405140581930855,6587421150596252277,300471914551172981,0,2,dgekt,0.7025839470154979
1666405140581930855,5891620578387310353,300471914551172981,0,2,dgekt,0.6850140077059866
1666405140581930855,5791250638486922978,300471914551172981,1,2,dgekt,0.7033290574008343
1666405140581930855,4031585874086886353,8573800373938698102,1,2,dgekt,0.6748736428279047
1666405140581930855,2083452711903133430,8573800373938698102,1,2,dgekt,0.6981831045958949
1666405140581930855,6319743179241711738,8573800373938698102,1,2,dgekt,0.6769344395726814
1666405140581930855,8628686323660025649,300471914551172981,0,2,dgekt,0.7046810337843598
1666405140581930855,4378721629787482518,300471914551172981,0,2,dgekt,0.7093846200596751
1666405140581930855,4813462692425748605,300471914551172981,0,2,dgekt,0.6741364189077859
1666405140581930855,4644364625800006675,300471914551172981,0,2,dgekt,0.6930764061159737
1666405140581930855,1062464292871659639,8573800373938698102,1,2,dgekt,0.6759404237757181
1666405140581930855,5932668873100475470,300471914551172981,1,2,dgekt,0.7150362187944037
1666405140581930855,5237822943399727048,8573800373938698102,1,2,dgekt,0.681528502467563
1670870091945249082,300471914551172981,300471914551172981,1,2,dgekt,0.6745638510288963
1670870091945249082,8573800373938698102,8573800373938698102,0,2,dgekt,0.6158782928636971
1670870091945249082,2014268979504181100,300471914551172981,0,2,dgekt,0.6579761627678377
1670870091945249082,2172169907340938753,300471914551172981,1,2,dgekt,0.6601629009518237
1670870091945249082,8150806168444344502,300471914551172981,1,2,dgekt,0.6826293176705902
1670870091945249082,816286915455981984,8573800373938698102,0,2,dgekt,0.6694408617155408
1670870091945249082,1962751598315765836,300471914551172981,1,2,dgekt,0.6864122349754352
1670870091945249082,7444476343858270082,300471914551172981,1,2,dgekt,0.6918328878647094
1670870091945249082,2537821716777940730,300471914551172981,1,2,dgekt,0.6915561713098549
1670870091945249082,1061301253559417093,300471914551172981,0,2,dgekt,0.6729951843043801
1670870091945249082,8553379303363759508,300471914551172981,1,2,dgekt,0.6653109371521244
1670870091945249082,6440511557387709110,300471914551172981,1,2,dgekt,0.6912793171580589
1670870091945249082,7744513373483970787,8573800373938698102,0,2,dgekt,0.6226090257307791
1670870091945249082,2971078979906996375,300471914551172981,1,2,dgekt,0.6824887411512989
1670870091945249082,5841359775533910823,300471914551172981,0,2,dgekt,0.6518913235950976
1670870091945249082,8621262567927479011,300471914551172981,0,2,dgekt,0.6898929870284579
1670870091945249082,8434961942249729798,8573800373938698102,0,2,dgekt,0.6567596999128485
1670870091945249082,2322042198017538996,8573800373938698102,0,2,dgekt,0.657125247454589
1670870091945249082,1742185772413642127,300471914551172981,1,2,dgekt,0.695829735714841
1670870091945249082,2334639155148655290,8573800373938698102,0,2,dgekt,0.6636005123697934
1670870091945249082,7660717256841499384,300471914551172981,1,2,dgekt,0.7099861493150671
1670870091945249082,4113615466659810841,300471914551172981,1,2,dgekt,0.695417622992899
1670870091945249082,6125574002232610732,300471914551172981,1,2,dgekt,0.6609630033818568
1670870091945249082,2774368076249802464,8573800373938698102,1,2,dgekt,0.6520643880721613
1670870091945249082,8903365289186067945,8573800373938698102,0,2,dgekt,0.6544891681878957
1670870091945249082,6925932688889117475,300471914551172981,1,2,dgekt,0.7142423628524948
1670870091945249082,8194071366621068887,8573800373938698102,0,2,dgekt,0.6311072193883981
1670870091945249082,2986660907093963186,300471914551172981,1,2,dgekt,0.7195095749929978
1670870091945249082,7591109345808921544,300471914551172981,1,2,dgekt,0.6961729231066154
1670870091945249082,625545550176685521,8573800373938698102,0,2,dgekt,0.6656973680354613
1670870091945249082,1761868641361943332,8573800373938698102,0,2,dgekt,0.6763666255911174
1670870091945249082,4824259625677886603,300471914551172981,1,2,dgekt,0.6934902903902386
1670870091945249082,8450591260754163598,8573800373938698102,1,2,dgekt,0.6527264801586597
1670870091945249082,1553079256999111676,300471914551172981,1,2,dgekt,0.6988422729454801
1670870091945249082,3220231712819306119,8573800373938698102,0,2,dgekt,0.6591688617405917
1670870091945249082,338807275221326836,300471914551172981,1,2,dgekt,0.6873889851450635
1670870091945249082,8525319303741530302,8573800373938698102,0,2,dgekt,0.6610612214005206
1670870091945249082,6587421150596252277,300471914551172981,1,2,dgekt,0.7025839470154979
1670870091945249082,5891620578387310353,300471914551172981,0,2,dgekt,0.6850140077059866
1670870091945249082,5791250638486922978,300471914551172981,1,2,dgekt,0.7033290574008343
1670870091945249082,4031585874086886353,8573800373938698102,0,2,dgekt,0.6748736428279047
1670870091945249082,2083452711903133430,8573800373938698102,0,2,dgekt,0.6981831045958949
1670870091945249082,6319743179241711738,8573800373938698102,0,2,dgekt,0.6769344395726814
1670870091945249082,8628686323660025649,300471914551172981,1,2,dgekt,0.7046810337843598
1670870091945249082,4378721629787482518,300471914551172981,1,2,dgekt,0.7093846200596751
1670870091945249082,4813462692425748605,300471914551172981,1,2,dgekt,0.6741364189077859
1670870091945249082,4644364625800006675,300471914551172981,1,2,dgekt,0.6930764061159737
1670870091945249082,1062464292871659639,8573800373938698102,0,2,dgekt,0.6759404237757181
1670870091945249082,5932668873100475470,300471914551172981,1,2,dgekt,0.7150362187944037
1670870091945249082,5237822943399727048,8573800373938698102,0,2,dgekt,0.681528502467563
1725566820929970144,300471914551172981,300471914551172981,1,2,dgekt,0.6745638510288963
1725566820929970144,8573800373938698102,8573800373938698102,0,2,dgekt,0.6158782928636971
1725566820929970144,2014268979504181100,300471914551172981,0,2,dgekt,0.6579761627678377
1725566820929970144,2172169907340938753,300471914551172981,1,2,dgekt,0.6601629009518237
1725566820929970144,8150806168444344502,300471914551172981,1,2,dgekt,0.6826293176705902
1725566820929970144,816286915455981984,8573800373938698102,0,2,dgekt,0.6694408617155408
1725566820929970144,1962751598315765836,300471914551172981,1,2,dgekt,0.6864122349754352
1725566820929970144,7444476343858270082,300471914551172981,0,2,dgekt,0.6918328878647094
1725566820929970144,2537821716777940730,300471914551172981,1,2,dgekt,0.6915561713098549
1725566820929970144,1061301253559417093,300471914551172981,0,2,dgekt,0.6729951843043801
1725566820929970144,8553379303363759508,300471914551172981,0,2,dgekt,0.6653109371521244
1725566820929970144,6440511557387709110,300471914551172981,1,2,dgekt,0.6912793171580589
1725566820929970144,7744513373483970787,8573800373938698102,0,2,dgekt,0.6226090257307791
1725566820929970144,2971078979906996375,300471914551172981,1,2,dgekt,0.6824887411512989
1725566820929970144,5841359775533910823,300471914551172981,0,2,dgekt,0.6518913235950976
1725566820929970144,8621262567927479011,300471914551172981,1,2,dgekt,0.6898929870284579
1725566820929970144,8434961942249729798,8573800373938698102,1,2,dgekt,0.6567596999128485
1725566820929970144,2322042198017538996,8573800373938698102,1,2,dgekt,0.657125247454589
1725566820929970144,1742185772413642127,300471914551172981,1,2,dgekt,0.695829735714841
1725566820929970144,2334639155148655290,8573800373938698102,1,2,dgekt,0.6636005123697934
1725566820929970144,7660717256841499384,300471914551172981,1,2,dgekt,0.7099861493150671
1725566820929970144,4113615466659810841,300471914551172981,1,2,dgekt,0.695417622992899
1725566820929970144,6125574002232610732,300471914551172981,1,2,dgekt,0.6609630033818568
1725566820929970144,2774368076249802464,8573800373938698102,0,2,dgekt,0.6520643880721613
1725566820929970144,8903365289186067945,8573800373938698102,1,2,dgekt,0.6544891681878957
1725566820929970144,6925932688889117475,300471914551172981,1,2,dgekt,0.7142423628524948
1725566820929970144,8194071366621068887,8573800373938698102,1,2,dgekt,0.6311072193883981
1725566820929970144,2986660907093963186,300471914551172981,1,2,dgekt,0.7195095749929978
1725566820929970144,7591109345808921544,300471914551172981,1,2,dgekt,0.6961729231066154
1725566820929970144,625545550176685521,8573800373938698102,1,2,dgekt,0.6656973680354613
1725566820929970144,1761868641361943332,8573800373938698102,1,2,dgekt,0.6763666255911174
1725566820929970144,4824259625677886603,300471914551172981,0,2,dgekt,0.6934902903902386
1725566820929970144,8450591260754163598,8573800373938698102,0,2,dgekt,0.6527264801586597
1725566820929970144,1553079256999111676,300471914551172981,1,2,dgekt,0.6988422729454801
1725566820929970144,3220231712819306119,8573800373938698102,1,2,dgekt,0.6591688617405917
1725566820929970144,338807275221326836,300471914551172981,1,2,dgekt,0.6873889851450635
1725566820929970144,8525319303741530302,8573800373938698102,0,2,dgekt,0.6610612214005206
1725566820929970144,6587421150596252277,300471914551172981,1,2,dgekt,0.7025839470154979
1725566820929970144,5891620578387310353,300471914551172981,1,2,dgekt,0.6850140077059866
1725566820929970144,5791250638486922978,300471914551172981,1,2,dgekt,0.7033290574008343
1725566820929970144,4031585874086886353,8573800373938698102,1,2,dgekt,0.6748736428279047
1725566820929970144,2083452711903133430,8573800373938698102,1,2,dgekt,0.6981831045958949
1725566820929970144,6319743179241711738,8573800373938698102,1,2,dgekt,0.6769344395726814
1725566820929970144,8628686323660025649,300471914551172981,1,2,dgekt,0.7046810337843598
1725566820929970144,4378721629787482518,300471914551172981,1,2,dgekt,0.7093846200596751
1725566820929970144,4813462692425748605,300471914551172981,1,2,dgekt,0.6741364189077859
1725566820929970144,4644364625800006675,300471914551172981,1,2,dgekt,0.6930764061159737
1725566820929970144,1062464292871659639,8573800373938698102,1,2,dgekt,0.6759404237757181
1725566820929970144,5932668873100475470,300471914551172981,1,2,dgekt,0.7150362187944037
1725566820929970144,5237822943399727048,8573800373938698102,1,2,dgekt,0.681528502467563
1753059732506705263,300471914551172981,300471914551172981,0,2,dgekt,0.6745638510288963
1753059732506705263,8573800373938698102,8573800373938698102,1,2,dgekt,0.6158782928636971
1753059732506705263,2014268979504181100,300471914551172981,0,2,dgekt,0.6579761627678377
1753059732506705263,2172169907340938753,300471914551172981,0,2,dgekt,0.6601629009518237
1753059732506705263,8150806168444344502,300471914551172981,0,2,dgekt,0.6826293176705902
1753059732506705263,816286915455981984,8573800373938698102,1,2,dgekt,0.6694408617155408
1753059732506705263,1962751598315765836,300471914551172981,0,2,dgekt,0.6864122349754352
1753059732506705263,7444476343858270082,300471914551172981,0,2,dgekt,0.6918328878647094
1753059732506705263,2537821716777940730,300471914551172981,1,2,dgekt,0.6915561713098549
1753059732506705263,1061301253559417093,300471914551172981,0,2,dgekt,0.6729951843043801
1753059732506705263,8553379303363759508,300471914551172981,0,2,dgekt,0.6653109371521244
1753059732506705263,6440511557387709110,300471914551172981,1,2,dgekt,0.6912793171580589
1753059732506705263,7744513373483970787,8573800373938698102,1,2,dgekt,0.6226090257307791
1753059732506705263,2971078979906996375,300471914551172981,1,2,dgekt,0.6824887411512989
1753059732506705263,5841359775533910823,300471914551172981,0,2,dgekt,0.6518913235950976
1753059732506705263,8621262567927479011,300471914551172981,0,2,dgekt,0.6898929870284579
1753059732506705263,8434961942249729798,8573800373938698102,1,2,dgekt,0.6567596999128485
1753059732506705263,2322042198017538996,8573800373938698102,1,2,dgekt,0.657125247454589
1753059732506705263,1742185772413642127,300471914551172981,0,2,dgekt,0.695829735714841
1753059732506705263,2334639155148655290,8573800373938698102,1,2,dgekt,0.6636005123697934
1753059732506705263,7660717256841499384,300471914551172981,0,2,dgekt,0.7099861493150671
1753059732506705263,4113615466659810841,300471914551172981,0,2,dgekt,0.695417622992899
1753059732506705263,6125574002232610732,300471914551172981,0,2,dgekt,0.6609630033818568
1753059732506705263,2774368076249802464,8573800373938698102,1,2,dgekt,0.6520643880721613
1753059732506705263,8903365289186067945,8573800373938698102,1,2,dgekt,0.6544891681878957
1753059732506705263,6925932688889117475,300471914551172981,0,2,dgekt,0.7142423628524948
1753059732506705263,8194071366621068887,8573800373938698102,0,2,dgekt,0.6311072193883981
1753059732506705263,2986660907093963186,300471914551172981,0,2,dgekt,0.7195095749929978
1753059732506705263,7591109345808921544,300471914551172981,0,2,dgekt,0.6961729231066154
1753059732506705263,625545550176685521,8573800373938698102,0,2,dgekt,0.6656973680354613
1753059732506705263,1761868641361943332,8573800373938698102,1,2,dgekt,0.6763666255911174
1753059732506705263,4824259625677886603,300471914551172981,0,2,dgekt,0.6934902903902386
1753059732506705263,8450591260754163598,8573800373938698102,1,2,dgekt,0.6527264801586597
1753059732506705263,1553079256999111676,300471914551172981,0,2,dgekt,0.6988422729454801
1753059732506705263,3220231712819306119,8573800373938698102,1,2,dgekt,0.6591688617405917
1753059732506705263,338807275221326836,300471914551172981,0,2,dgekt,0.6873889851450635
1753059732506705263,8525319303741530302,8573800373938698102,1,2,dgekt,0.6610612214005206
1753059732506705263,6587421150596252277,300471914551172981,0,2,dgekt,0.7025839470154979
1753059732506705263,5891620578387310353,300471914551172981,0,2,dgekt,0.6850140077059866
1753059732506705263,5791250638486922978,300471914551172981,1,2,dgekt,0.7033290574008343
1753059732506705263,4031585874086886353,8573800373938698102,1,2,dgekt,0.6748736428279047
1753059732506705263,2083452711903133430,8573800373938698102,1,2,dgekt,0.6981831045958949
1753059732506705263,6319743179241711738,8573800373938698102,1,2,dgekt,0.6769344395726814
1753059732506705263,8628686323660025649,300471914551172981,0,2,dgekt,0.7046810337843598
1753059732506705263,4378721629787482518,300471914551172981,0,2,dgekt,0.7093846200596751
1753059732506705263,4813462692425748605,300471914551172981,0,2,dgekt,0.6741364189077859
1753059732506705263,4644364625800006675,300471914551172981,0,2,dgekt,0.6930764061159737
1753059732506705263,1062464292871659639,8573800373938698102,1,2,dgekt,0.6759404237757181
1753059732506705263,5932668873100475470,300471914551172981,0,2,dgekt,0.7150362187944037
1753059732506705263,5237822943399727048,8573800373938698102,1,2,dgekt,0.681528502467563
1761868641361943332,300471914551172981,300471914551172981,1,2,dgekt,0.6745638510288963
1761868641361943332,8573800373938698102,8573800373938698102,0,2,dgekt,0.6158782928636971
1761868641361943332,2014268979504181100,300471914551172981,1,2,dgekt,0.6579761627678377
1761868641361943332,2172169907340938753,300471914551172981,1,2,dgekt,0.6601629009518237
1761868641361943332,8150806168444344502,300471914551172981,1,2,dgekt,0.6826293176705902
1761868641361943332,816286915455981984,8573800373938698102,1,2,dgekt,0.6694408617155408
1761868641361943332,1962751598315765836,300471914551172981,1,2,dgekt,0.6864122349754352
1761868641361943332,7444476343858270082,300471914551172981,1,2,dgekt,0.6918328878647094
1761868641361943332,2537821716777940730,300471914551172981,1,2,dgekt,0.6915561713098549
1761868641361943332,1061301253559417093,300471914551172981,1,2,dgekt,0.6729951843043801
1761868641361943332,8553379303363759508,300471914551172981,1,2,dgekt,0.6653109371521244
1761868641361943332,6440511557387709110,300471914551172981,1,2,dgekt,0.6912793171580589
1761868641361943332,7744513373483970787,8573800373938698102,1,2,dgekt,0.6226090257307791
1761868641361943332,2971078979906996375,300471914551172981,1,2,dgekt,0.6824887411512989
1761868641361943332,5841359775533910823,300471914551172981,1,2,dgekt,0.6518913235950976
1761868641361943332,8621262567927479011,300471914551172981,1,2,dgekt,0.6898929870284579
1761868641361943332,8434961942249729798,8573800373938698102,1,2,dgekt,0.6567596999128485
1761868641361943332,2322042198017538996,8573800373938698102,1,2,dgekt,0.657125247454589
1761868641361943332,1742185772413642127,300471914551172981,1,2,dgekt,0.695829735714841
1761868641361943332,2334639155148655290,8573800373938698102,1,2,dgekt,0.6636005123697934
1761868641361943332,7660717256841499384,300471914551172981,1,2,dgekt,0.7099861493150671
1761868641361943332,4113615466659810841,300471914551172981,1,2,dgekt,0.695417622992899
1761868641361943332,6125574002232610732,300471914551172981,1,2,dgekt,0.6609630033818568
1761868641361943332,2774368076249802464,8573800373938698102,0,2,dgekt,0.6520643880721613
1761868641361943332,8903365289186067945,8573800373938698102,1,2,dgekt,0.6544891681878957
1761868641361943332,6925932688889117475,300471914551172981,1,2,dgekt,0.7142423628524948
1761868641361943332,8194071366621068887,8573800373938698102,1,2,dgekt,0.6311072193883981
1761868641361943332,2986660907093963186,300471914551172981,1,2,dgekt,0.7195095749929978
1761868641361943332,7591109345808921544,300471914551172981,1,2,dgekt,0.6961729231066154
1761868641361943332,625545550176685521,8573800373938698102,1,2,dgekt,0.6656973680354613
1761868641361943332,1761868641361943332,8573800373938698102,1,2,dgekt,0.6763666255911174
1761868641361943332,4824259625677886603,300471914551172981,1,2,dgekt,0.6934902903902386
1761868641361943332,8450591260754163598,8573800373938698102,1,2,dgekt,0.6527264801586597
1761868641361943332,1553079256999111676,300471914551172981,1,2,dgekt,0.6988422729454801
1761868641361943332,3220231712819306119,8573800373938698102,1,2,dgekt,0.6591688617405917
1761868641361943332,338807275221326836,300471914551172981,1,2,dgekt,0.6873889851450635
1761868641361943332,8525319303741530302,8573800373938698102,1,2,dgekt,0.6610612214005206
1761868641361943332,6587421150596252277,300471914551172981,1,2,dgekt,0.7025839470154979
1761868641361943332,5891620578387310353,300471914551172981,1,2,dgekt,0.6850140077059866
1761868641361943332,5791250638486922978,300471914551172981,1,2,dgekt,0.7033290574008343
1761868641361943332,4031585874086886353,8573800373938698102,1,2,dgekt,0.6748736428279047
1761868641361943332,2083452711903133430,8573800373938698102,1,2,dgekt,0.6981831045958949
1761868641361943332,6319743179241711738,8573800373938698102,1,2,dgekt,0.6769344395726814
1761868641361943332,8628686323660025649,300471914551172981,1,2,dgekt,0.7046810337843598
1761868641361943332,4378721629787482518,300471914551172981,1,2,dgekt,0.7093846200596751
1761868641361943332,4813462692425748605,300471914551172981,1,2,dgekt,0.6741364189077859
1761868641361943332,4644364625800006675,300471914551172981,1,2,dgekt,0.6930764061159737
1761868641361943332,1062464292871659639,8573800373938698102,1,2,dgekt,0.6759404237757181
1761868641361943332,5932668873100475470,300471914551172981,1,2,dgekt,0.7150362187944037
1761868641361943332,5237822943399727048,8573800373938698102,1,2,dgekt,0.681528502467563
1783096565635590354,300471914551172981,300471914551172981,1,2,dgekt,0.6745638510288963
1783096565635590354,8573800373938698102,8573800373938698102,0,2,dgekt,0.6158782928636971
1783096565635590354,2014268979504181100,300471914551172981,1,2,dgekt,0.6579761627678377
1783096565635590354,2172169907340938753,300471914551172981,1,2,dgekt,0.6601629009518237
1783096565635590354,8150806168444344502,300471914551172981,1,2,dgekt,0.6826293176705902
1783096565635590354,816286915455981984,8573800373938698102,1,2,dgekt,0.6694408617155408
1783096565635590354,1962751598315765836,300471914551172981,1,2,dgekt,0.6864122349754352
1783096565635590354,7444476343858270082,300471914551172981,1,2,dgekt,0.6918328878647094
1783096565635590354,2537821716777940730,300471914551172981,1,2,dgekt,0.6915561713098549
1783096565635590354,1061301253559417093,300471914551172981,1,2,dgekt,0.6729951843043801
1783096565635590354,8553379303363759508,300471914551172981,1,2,dgekt,0.6653109371521244
1783096565635590354,6440511557387709110,300471914551172981,1,2,dgekt,0.6912793171580589
1783096565635590354,7744513373483970787,8573800373938698102,0,2,dgekt,0.6226090257307791
1783096565635590354,2971078979906996375,300471914551172981,1,2,dgekt,0.6824887411512989
1783096565635590354,5841359775533910823,300471914551172981,1,2,dgekt,0.6518913235950976
1783096565635590354,8621262567927479011,300471914551172981,1,2,dgekt,0.6898929870284579
1783096565635590354,8434961942249729798,8573800373938698102,1,2,dgekt,0.6567596999128485
1783096565635590354,2322042198017538996,8573800373938698102,0,2,dgekt,0.657125247454589
1783096565635590354,1742185772413642127,300471914551172981,1,2,dgekt,0.695829735714841
1783096565635590354,2334639155148655290,8573800373938698102,0,2,dgekt,0.6636005123697934
1783096565635590354,7660717256841499384,300471914551172981,1,2,dgekt,0.7099861493150671
1783096565635590354,4113615466659810841,300471914551172981,1,2,dgekt,0.695417622992899
1783096565635590354,6125574002232610732,300471914551172981,1,2,dgekt,0.6609630033818568
1783096565635590354,2774368076249802464,8573800373938698102,0,2,dgekt,0.6520643880721613
1783096565635590354,8903365289186067945,8573800373938698102,1,2,dgekt,0.6544891681878957
1783096565635590354,6925932688889117475,300471914551172981,1,2,dgekt,0.7142423628524948
1783096565635590354,8194071366621068887,8573800373938698102,0,2,dgekt,0.6311072193883981
1783096565635590354,2986660907093963186,300471914551172981,1,2,dgekt,0.7195095749929978
1783096565635590354,7591109345808921544,300471914551172981,1,2,dgekt,0.6961729231066154
1783096565635590354,625545550176685521,8573800373938698102,0,2,dgekt,0.6656973680354613
1783096565635590354,1761868641361943332,8573800373938698102,0,2,dgekt,0.6763666255911174
1783096565635590354,4824259625677886603,300471914551172981,1,2,dgekt,0.6934902903902386
1783096565635590354,8450591260754163598,8573800373938698102,1,2,dgekt,0.6527264801586597
1783096565635590354,1553079256999111676,300471914551172981,1,2,dgekt,0.6988422729454801
1783096565635590354,3220231712819306119,8573800373938698102,0,2,dgekt,0.6591688617405917
1783096565635590354,338807275221326836,300471914551172981,1,2,dgekt,0.6873889851450635
1783096565635590354,8525319303741530302,8573800373938698102,0,2,dgekt,0.6610612214005206
1783096565635590354,6587421150596252277,300471914551172981,1,2,dgekt,0.7025839470154979
1783096565635590354,5891620578387310353,300471914551172981,1,2,dgekt,0.6850140077059866
1783096565635590354,5791250638486922978,300471914551172981,1,2,dgekt,0.7033290574008343
1783096565635590354,4031585874086886353,8573800373938698102,0,2,dgekt,0.6748736428279047
1783096565635590354,2083452711903133430,8573800373938698102,1,2,dgekt,0.6981831045958949
1783096565635590354,6319743179241711738,8573800373938698102,1,2,dgekt,0.6769344395726814
1783096565635590354,8628686323660025649,300471914551172981,1,2,dgekt,0.7046810337843598
1783096565635590354,4378721629787482518,300471914551172981,1,2,dgekt,0.7093846200596751
1783096565635590354,4813462692425748605,300471914551172981,1,2,dgekt,0.6741364189077859
1783096565635590354,4644364625800006675,300471914551172981,1,2,dgekt,0.6930764061159737
1783096565635590354,1062464292871659639,8573800373938698102,0,2,dgekt,0.6759404237757181
1783096565635590354,5932668873100475470,300471914551172981,1,2,dgekt,0.7150362187944037
1783096565635590354,5237822943399727048,8573800373938698102,1,2,dgekt,0.681528502467563
1794751257144944189,300471914551172981,300471914551172981,1,2,dgekt,0.6745638510288963
1794751257144944189,8573800373938698102,8573800373938698102,0,2,dgekt,0.6158782928636971
1794751257144944189,2014268979504181100,300471914551172981,1,2,dgekt,0.6579761627678377
1794751257144944189,2172169907340938753,300471914551172981,1,2,dgekt,0.6601629009518237
1794751257144944189,8150806168444344502,300471914551172981,1,2,dgekt,0.6826293176705902
1794751257144944189,816286915455981984,8573800373938698102,1,2,dgekt,0.6694408617155408
1794751257144944189,1962751598315765836,300471914551172981,1,2,dgekt,0.6864122349754352
1794751257144944189,7444476343858270082,300471914551172981,1,2,dgekt,0.6918328878647094
1794751257144944189,2537821716777940730,300471914551172981,1,2,dgekt,0.6915561713098549
1794751257144944189,1061301253559417093,300471914551172981,1,2,dgekt,0.6729951843043801
1794751257144944189,8553379303363759508,300471914551172981,1,2,dgekt,0.6653109371521244
1794751257144944189,6440511557387709110,300471914551172981,1,2,dgekt,0.6912793171580589
1794751257144944189,7744513373483970787,8573800373938698102,1,2,dgekt,0.6226090257307791
1794751257144944189,2971078979906996375,300471914551172981,1,2,dgekt,0.6824887411512989
1794751257144944189,5841359775533910823,300471914551172981,1,2,dgekt,0.6518913235950976
1794751257144944189,8621262567927479011,300471914551172981,1,2,dgekt,0.6898929870284579
1794751257144944189,8434961942249729798,8573800373938698102,1,2,dgekt,0.6567596999128485
1794751257144944189,2322042198017538996,8573800373938698102,1,2,dgekt,0.657125247454589
1794751257144944189,1742185772413642127,300471914551172981,1,2,dgekt,0.695829735714841
1794751257144944189,2334639155148655290,8573800373938698102,1,2,dgekt,0.6636005123697934
1794751257144944189,7660717256841499384,300471914551172981,1,2,dgekt,0.7099861493150671
1794751257144944189,4113615466659810841,300471914551172981,1,2,dgekt,0.695417622992899
1794751257144944189,6125574002232610732,300471914551172981,0,2,dgekt,0.6609630033818568
1794751257144944189,2774368076249802464,8573800373938698102,1,2,dgekt,0.6520643880721613
1794751257144944189,8903365289186067945,8573800373938698102,1,2,dgekt,0.6544891681878957
1794751257144944189,6925932688889117475,300471914551172981,1,2,dgekt,0.7142423628524948
1794751257144944189,8194071366621068887,8573800373938698102,1,2,dgekt,0.6311072193883981
1794751257144944189,2986660907093963186,300471914551172981,1,2,dgekt,0.7195095749929978
1794751257144944189,7591109345808921544,300471914551172981,1,2,dgekt,0.6961729231066154
1794751257144944189,625545550176685521,8573800373938698102,1,2,dgekt,0.6656973680354613
1794751257144944189,1761868641361943332,8573800373938698102,1,2,dgekt,0.6763666255911174
1794751257144944189,4824259625677886603,300471914551172981,1,2,dgekt,0.6934902903902386
1794751257144944189,8450591260754163598,8573800373938698102,1,2,dgekt,0.6527264801586597
1794751257144944189,1553079256999111676,300471914551172981,1,2,dgekt,0.6988422729454801
1794751257144944189,3220231712819306119,8573800373938698102,1,2,dgekt,0.6591688617405917
1794751257144944189,338807275221326836,300471914551172981,1,2,dgekt,0.6873889851450635
1794751257144944189,8525319303741530302,8573800373938698102,1,2,dgekt,0.6610612214005206
1794751257144944189,6587421150596252277,300471914551172981,1,2,dgekt,0.7025839470154979
1794751257144944189,5891620578387310353,300471914551172981,1,2,dgekt,0.6850140077059866
1794751257144944189,5791250638486922978,300471914551172981,1,2,dgekt,0.7033290574008343
1794751257144944189,4031585874086886353,8573800373938698102,1,2,dgekt,0.6748736428279047
1794751257144944189,2083452711903133430,8573800373938698102,1,2,dgekt,0.6981831045958949
1794751257144944189,6319743179241711738,8573800373938698102,1,2,dgekt,0.6769344395726814
1794751257144944189,8628686323660025649,300471914551172981,1,2,dgekt,0.7046810337843598
1794751257144944189,4378721629787482518,300471914551172981,1,2,dgekt,0.7093846200596751
1794751257144944189,4813462692425748605,300471914551172981,1,2,dgekt,0.6741364189077859
1794751257144944189,4644364625800006675,300471914551172981,1,2,dgekt,0.6930764061159737
1794751257144944189,1062464292871659639,8573800373938698102,1,2,dgekt,0.6759404237757181
1794751257144944189,5932668873100475470,300471914551172981,1,2,dgekt,0.7150362187944037
1794751257144944189,5237822943399727048,8573800373938698102,1,2,dgekt,0.681528502467563
1836362323903287055,300471914551172981,300471914551172981,1,2,dgekt,0.6745638510288963
1836362323903287055,8573800373938698102,8573800373938698102,0,2,dgekt,0.6158782928636971
1836362323903287055,2014268979504181100,300471914551172981,1,2,dgekt,0.6579761627678377
1836362323903287055,2172169907340938753,300471914551172981,1,2,dgekt,0.6601629009518237
1836362323903287055,8150806168444344502,300471914551172981,1,2,dgekt,0.6826293176705902
1836362323903287055,816286915455981984,8573800373938698102,0,2,dgekt,0.6694408617155408
1836362323903287055,1962751598315765836,300471914551172981,1,2,dgekt,0.6864122349754352
1836362323903287055,7444476343858270082,300471914551172981,1,2,dgekt,0.6918328878647094
1836362323903287055,2537821716777940730,300471914551172981,1,2,dgekt,0.6915561713098549
1836362323903287055,1061301253559417093,300471914551172981,0,2,dgekt,0.6729951843043801
1836362323903287055,8553379303363759508,300471914551172981,1,2,dgekt,0.6653109371521244
1836362323903287055,6440511557387709110,300471914551172981,1,2,dgekt,0.6912793171580589
1836362323903287055,7744513373483970787,8573800373938698102,0,2,dgekt,0.6226090257307791
1836362323903287055,2971078979906996375,300471914551172981,1,2,dgekt,0.6824887411512989
1836362323903287055,5841359775533910823,300471914551172981,1,2,dgekt,0.6518913235950976
1836362323903287055,8621262567927479011,300471914551172981,1,2,dgekt,0.6898929870284579
1836362323903287055,8434961942249729798,8573800373938698102,0,2,dgekt,0.6567596999128485
1836362323903287055,2322042198017538996,8573800373938698102,1,2,dgekt,0.657125247454589
1836362323903287055,1742185772413642127,300471914551172981,1,2,dgekt,0.695829735714841
1836362323903287055,2334639155148655290,8573800373938698102,0,2,dgekt,0.6636005123697934
1836362323903287055,7660717256841499384,300471914551172981,1,2,dgekt,0.7099861493150671
1836362323903287055,4113615466659810841,300471914551172981,1,2,dgekt,0.695417622992899
1836362323903287055,6125574002232610732,300471914551172981,1,2,dgekt,0.6609630033818568
1836362323903287055,2774368076249802464,8573800373938698102,0,2,dgekt,0.6520643880721613
1836362323903287055,8903365289186067945,8573800373938698102,0,2,dgekt,0.6544891681878957
1836362323903287055,6925932688889117475,300471914551172981,1,2,dgekt,0.7142423628524948
1836362323903287055,8194071366621068887,8573800373938698102,0,2,dgekt,0.6311072193883981
1836362323903287055,2986660907093963186,300471914551172981,1,2,dgekt,0.7195095749929978
1836362323903287055,7591109345808921544,300471914551172981,1,2,dgekt,0.6961729231066154
1836362323903287055,625545550176685521,8573800373938698102,0,2,dgekt,0.6656973680354613
1836362323903287055,1761868641361943332,8573800373938698102,1,2,dgekt,0.6763666255911174
1836362323903287055,4824259625677886603,300471914551172981,1,2,dgekt,0.6934902903902386
1836362323903287055,8450591260754163598,8573800373938698102,0,2,dgekt,0.6527264801586597
1836362323903287055,1553079256999111676,300471914551172981,1,2,dgekt,0.6988422729454801
1836362323903287055,3220231712819306119,8573800373938698102,0,2,dgekt,0.6591688617405917
1836362323903287055,338807275221326836,300471914551172981,1,2,dgekt,0.6873889851450635
1836362323903287055,8525319303741530302,8573800373938698102,1,2,dgekt,0.6610612214005206
1836362323903287055,6587421150596252277,300471914551172981,1,2,dgekt,0.7025839470154979
1836362323903287055,5891620578387310353,300471914551172981,1,2,dgekt,0.6850140077059866
1836362323903287055,5791250638486922978,300471914551172981,1,2,dgekt,0.7033290574008343
1836362323903287055,4031585874086886353,8573800373938698102,0,2,dgekt,0.6748736428279047
1836362323903287055,2083452711903133430,8573800373938698102,0,2,dgekt,0.6981831045958949
1836362323903287055,6319743179241711738,8573800373938698102,1,2,dgekt,0.6769344395726814
1836362323903287055,8628686323660025649,300471914551172981,1,2,dgekt,0.7046810337843598
1836362323903287055,4378721629787482518,300471914551172981,1,2,dgekt,0.7093846200596751
1836362323903287055,4813462692425748605,300471914551172981,1,2,dgekt,0.6741364189077859
1836362323903287055,4644364625800006675,300471914551172981,1,2,dgekt,0.6930764061159737
1836362323903287055,1062464292871659639,8573800373938698102,1,2,dgekt,0.6759404237757181
1836362323903287055,5932668873100475470,300471914551172981,1,2,dgekt,0.7150362187944037
1836362323903287055,5237822943399727048,8573800373938698102,1,2,dgekt,0.681528502467563
1836782974698851939,300471914551172981,300471914551172981,1,2,dgekt,0.6745638510288963
1836782974698851939,8573800373938698102,8573800373938698102,0,2,dgekt,0.6158782928636971
1836782974698851939,2014268979504181100,300471914551172981,0,2,dgekt,0.6579761627678377
1836782974698851939,2172169907340938753,300471914551172981,0,2,dgekt,0.6601629009518237
1836782974698851939,8150806168444344502,300471914551172981,0,2,dgekt,0.6826293176705902
1836782974698851939,816286915455981984,8573800373938698102,1,2,dgekt,0.6694408617155408
1836782974698851939,1962751598315765836,300471914551172981,0,2,dgekt,0.6864122349754352
1836782974698851939,7444476343858270082,300471914551172981,1,2,dgekt,0.6918328878647094
1836782974698851939,2537821716777940730,300471914551172981,1,2,dgekt,0.6915561713098549
1836782974698851939,1061301253559417093,300471914551172981,1,2,dgekt,0.6729951843043801
1836782974698851939,8553379303363759508,300471914551172981,0,2,dgekt,0.6653109371521244
1836782974698851939,6440511557387709110,300471914551172981,1,2,dgekt,0.6912793171580589
1836782974698851939,7744513373483970787,8573800373938698102,1,2,dgekt,0.6226090257307791
1836782974698851939,2971078979906996375,300471914551172981,1,2,dgekt,0.6824887411512989
1836782974698851939,5841359775533910823,300471914551172981,1,2,dgekt,0.6518913235950976
1836782974698851939,8621262567927479011,300471914551172981,1,2,dgekt,0.6898929870284579
1836782974698851939,8434961942249729798,8573800373938698102,1,2,dgekt,0.6567596999128485
1836782974698851939,2322042198017538996,8573800373938698102,1,2,dgekt,0.657125247454589
1836782974698851939,1742185772413642127,300471914551172981,1,2,dgekt,0.695829735714841
1836782974698851939,2334639155148655290,8573800373938698102,1,2,dgekt,0.6636005123697934
1836782974698851939,7660717256841499384,300471914551172981,1,2,dgekt,0.7099861493150671
1836782974698851939,4113615466659810841,300471914551172981,1,2,dgekt,0.695417622992899
1836782974698851939,6125574002232610732,300471914551172981,0,2,dgekt,0.6609630033818568
1836782974698851939,2774368076249802464,8573800373938698102,1,2,dgekt,0.6520643880721613
1836782974698851939,8903365289186067945,8573800373938698102,1,2,dgekt,0.6544891681878957
1836782974698851939,6925932688889117475,300471914551172981,1,2,dgekt,0.7142423628524948
1836782974698851939,8194071366621068887,8573800373938698102,1,2,dgekt,0.6311072193883981
1836782974698851939,2986660907093963186,300471914551172981,1,2,dgekt,0.7195095749929978
1836782974698851939,7591109345808921544,300471914551172981,0,2,dgekt,0.6961729231066154
1836782974698851939,625545550176685521,8573800373938698102,1,2,dgekt,0.6656973680354613
1836782974698851939,1761868641361943332,8573800373938698102,1,2,dgekt,0.6763666255911174
1836782974698851939,4824259625677886603,300471914551172981,0,2,dgekt,0.6934902903902386
1836782974698851939,8450591260754163598,8573800373938698102,1,2,dgekt,0.6527264801586597
1836782974698851939,1553079256999111676,300471914551172981,1,2,dgekt,0.6988422729454801
1836782974698851939,3220231712819306119,8573800373938698102,1,2,dgekt,0.6591688617405917
1836782974698851939,338807275221326836,300471914551172981,1,2,dgekt,0.6873889851450635
1836782974698851939,8525319303741530302,8573800373938698102,1,2,dgekt,0.6610612214005206
1836782974698851939,6587421150596252277,300471914551172981,1,2,dgekt,0.7025839470154979
1836782974698851939,5891620578387310353,300471914551172981,1,2,dgekt,0.6850140077059866
1836782974698851939,5791250638486922978,300471914551172981,1,2,dgekt,0.7033290574008343
1836782974698851939,4031585874086886353,8573800373938698102,1,2,dgekt,0.6748736428279047
1836782974698851939,2083452711903133430,8573800373938698102,1,2,dgekt,0.6981831045958949
1836782974698851939,6319743179241711738,8573800373938698102,1,2,dgekt,0.6769344395726814
1836782974698851939,8628686323660025649,300471914551172981,1,2,dgekt,0.7046810337843598
1836782974698851939,4378721629787482518,300471914551172981,0,2,dgekt,0.7093846200596751
1836782974698851939,4813462692425748605,300471914551172981,1,2,dgekt,0.6741364189077859
1836782974698851939,4644364625800006675,300471914551172981,1,2,dgekt,0.6930764061159737
1836782974698851939,1062464292871659639,8573800373938698102,1,2,dgekt,0.6759404237757181
1836782974698851939,5932668873100475470,300471914551172981,1,2,dgekt,0.7150362187944037
1836782974698851939,5237822943399727048,8573800373938698102,1,2,dgekt,0.681528502467563
1853660346053849916,300471914551172981,300471914551172981,1,2,dgekt,0.6745638510288963
1853660346053849916,8573800373938698102,8573800373938698102,1,2,dgekt,0.6158782928636971
1853660346053849916,2014268979504181100,300471914551172981,1,2,dgekt,0.6579761627678377
1853660346053849916,2172169907340938753,300471914551172981,1,2,dgekt,0.6601629009518237
1853660346053849916,8150806168444344502,300471914551172981,1,2,dgekt,0.6826293176705902
1853660346053849916,816286915455981984,8573800373938698102,1,2,dgekt,0.6694408617155408
1853660346053849916,1962751598315765836,300471914551172981,1,2,dgekt,0.6864122349754352
1853660346053849916,7444476343858270082,300471914551172981,1,2,dgekt,0.6918328878647094
1853660346053849916,2537821716777940730,300471914551172981,1,2,dgekt,0.6915561713098549
1853660346053849916,1061301253559417093,300471914551172981,1,2,dgekt,0.6729951843043801
1853660346053849916,8553379303363759508,300471914551172981,1,2,dgekt,0.6653109371521244
1853660346053849916,6440511557387709110,300471914551172981,1,2,dgekt,0.6912793171580589
1853660346053849916,7744513373483970787,8573800373938698102,0,2,dgekt,0.6226090257307791
1853660346053849916,2971078979906996375,300471914551172981,1,2,dgekt,0.6824887411512989
1853660346053849916,5841359775533910823,300471914551172981,1,2,dgekt,0.6518913235950976
1853660346053849916,8621262567927479011,300471914551172981,1,2,dgekt,0.6898929870284579
1853660346053849916,8434961942249729798,8573800373938698102,0,2,dgekt,0.6567596999128485
1853660346053849916,2322042198017538996,8573800373938698102,0,2,dgekt,0.657125247454589
1853660346053849916,1742185772413642127,300471914551172981,1,2,dgekt,0.695829735714841
1853660346053849916,2334639155148655290,8573800373938698102,0,2,dgekt,0.6636005123697934
1853660346053849916,7660717256841499384,300471914551172981,1,2,dgekt,0.7099861493150671
1853660346053849916,4113615466659810841,300471914551172981,1,2,dgekt,0.695417622992899
1853660346053849916,6125574002232610732,300471914551172981,1,2,dgekt,0.6609630033818568
1853660346053849916,2774368076249802464,8573800373938698102,0,2,dgekt,0.6520643880721613
1853660346053849916,8903365289186067945,8573800373938698102,0,2,dgekt,0.6544891681878957
1853660346053849916,6925932688889117475,300471914551172981,1,2,dgekt,0.7142423628524948
1853660346053849916,8194071366621068887,8573800373938698102,0,2,dgekt,0.6311072193883981
1853660346053849916,2986660907093963186,300471914551172981,1,2,dgekt,0.7195095749929978
1853660346053849916,7591109345808921544,300471914551172981,1,2,dgekt,0.6961729231066154
1853660346053849916,625545550176685521,8573800373938698102,0,2,dgekt,0.6656973680354613
1853660346053849916,1761868641361943332,8573800373938698102,0,2,dgekt,0.6763666255911174
1853660346053849916,4824259625677886603,300471914551172981,1,2,dgekt,0.6934902903902386
1853660346053849916,8450591260754163598,8573800373938698102,1,2,dgekt,0.6527264801586597
1853660346053849916,1553079256999111676,300471914551172981,1,2,dgekt,0.6988422729454801
1853660346053849916,3220231712819306119,8573800373938698102,1,2,dgekt,0.6591688617405917
1853660346053849916,338807275221326836,300471914551172981,1,2,dgekt,0.6873889851450635
1853660346053849916,8525319303741530302,8573800373938698102,0,2,dgekt,0.6610612214005206
1853660346053849916,6587421150596252277,300471914551172981,1,2,dgekt,0.7025839470154979
1853660346053849916,5891620578387310353,300471914551172981,1,2,dgekt,0.6850140077059866
1853660346053849916,5791250638486922978,300471914551172981,1,2,dgekt,0.7033290574008343
1853660346053849916,4031585874086886353,8573800373938698102,1,2,dgekt,0.6748736428279047
1853660346053849916,2083452711903133430,8573800373938698102,1,2,dgekt,0.6981831045958949
1853660346053849916,6319743179241711738,8573800373938698102,0,2,dgekt,0.6769344395726814
1853660346053849916,8628686323660025649,300471914551172981,1,2,dgekt,0.7046810337843598
1853660346053849916,4378721629787482518,300471914551172981,1,2,dgekt,0.7093846200596751
1853660346053849916,4813462692425748605,300471914551172981,1,2,dgekt,0.6741364189077859
1853660346053849916,4644364625800006675,300471914551172981,1,2,dgekt,0.6930764061159737
1853660346053849916,1062464292871659639,8573800373938698102,1,2,dgekt,0.6759404237757181
1853660346053849916,5932668873100475470,300471914551172981,1,2,dgekt,0.7150362187944037
1853660346053849916,5237822943399727048,8573800373938698102,0,2,dgekt,0.681528502467563
1856930371502693412,300471914551172981,300471914551172981,0,2,dgekt,0.6745638510288963
1856930371502693412,8573800373938698102,8573800373938698102,1,2,dgekt,0.6158782928636971
1856930371502693412,2014268979504181100,300471914551172981,0,2,dgekt,0.6579761627678377
1856930371502693412,2172169907340938753,300471914551172981,0,2,dgekt,0.6601629009518237
1856930371502693412,8150806168444344502,300471914551172981,0,2,dgekt,0.6826293176705902
1856930371502693412,816286915455981984,8573800373938698102,1,2,dgekt,0.6694408617155408
1856930371502693412,1962751598315765836,300471914551172981,1,2,dgekt,0.6864122349754352
1856930371502693412,7444476343858270082,300471914551172981,0,2,dgekt,0.6918328878647094
1856930371502693412,2537821716777940730,300471914551172981,1,2,dgekt,0.6915561713098549
1856930371502693412,1061301253559417093,300471914551172981,0,2,dgekt,0.6729951843043801
1856930371502693412,8553379303363759508,300471914551172981,0,2,dgekt,0.6653109371521244
1856930371502693412,6440511557387709110,300471914551172981,0,2,dgekt,0.6912793171580589
1856930371502693412,7744513373483970787,8573800373938698102,1,2,dgekt,0.6226090257307791
1856930371502693412,2971078979906996375,300471914551172981,0,2,dgekt,0.6824887411512989
1856930371502693412,5841359775533910823,300471914551172981,0,2,dgekt,0.6518913235950976
1856930371502693412,8621262567927479011,300471914551172981,0,2,dgekt,0.6898929870284579
1856930371502693412,8434961942249729798,8573800373938698102,1,2,dgekt,0.6567596999128485
1856930371502693412,2322042198017538996,8573800373938698102,1,2,dgekt,0.657125247454589
1856930371502693412,1742185772413642127,300471914551172981,1,2,dgekt,0.695829735714841
1856930371502693412,2334639155148655290,8573800373938698102,1,2,dgekt,0.6636005123697934
1856930371502693412,7660717256841499384,300471914551172981,1,2,dgekt,0.7099861493150671
1856930371502693412,4113615466659810841,300471914551172981,1,2,dgekt,0.695417622992899
1856930371502693412,6125574002232610732,300471914551172981,0,2,dgekt,0.6609630033818568
1856930371502693412,2774368076249802464,8573800373938698102,1,2,dgekt,0.6520643880721613
1856930371502693412,8903365289186067945,8573800373938698102,1,2,dgekt,0.6544891681878957
1856930371502693412,6925932688889117475,300471914551172981,1,2,dgekt,0.7142423628524948
1856930371502693412,8194071366621068887,8573800373938698102,1,2,dgekt,0.6311072193883981
1856930371502693412,2986660907093963186,300471914551172981,1,2,dgekt,0.7195095749929978
1856930371502693412,7591109345808921544,300471914551172981,1,2,dgekt,0.6961729231066154
1856930371502693412,625545550176685521,8573800373938698102,1,2,dgekt,0.6656973680354613
1856930371502693412,1761868641361943332,8573800373938698102,1,2,dgekt,0.6763666255911174
1856930371502693412,4824259625677886603,300471914551172981,0,2,dgekt,0.6934902903902386
1856930371502693412,8450591260754163598,8573800373938698102,1,2,dgekt,0.6527264801586597
1856930371502693412,1553079256999111676,300471914551172981,1,2,dgekt,0.6988422729454801
1856930371502693412,3220231712819306119,8573800373938698102,1,2,dgekt,0.6591688617405917
1856930371502693412,338807275221326836,300471914551172981,1,2,dgekt,0.6873889851450635
1856930371502693412,8525319303741530302,8573800373938698102,1,2,dgekt,0.6610612214005206
1856930371502693412,6587421150596252277,300471914551172981,1,2,dgekt,0.7025839470154979
1856930371502693412,5891620578387310353,300471914551172981,0,2,dgekt,0.6850140077059866
1856930371502693412,5791250638486922978,300471914551172981,0,2,dgekt,0.7033290574008343
1856930371502693412,4031585874086886353,8573800373938698102,1,2,dgekt,0.6748736428279047
1856930371502693412,2083452711903133430,8573800373938698102,1,2,dgekt,0.6981831045958949
1856930371502693412,6319743179241711738,8573800373938698102,1,2,dgekt,0.6769344395726814
1856930371502693412,8628686323660025649,300471914551172981,1,2,dgekt,0.7046810337843598
1856930371502693412,4378721629787482518,300471914551172981,1,2,dgekt,0.7093846200596751
1856930371502693412,4813462692425748605,300471914551172981,0,2,dgekt,0.6741364189077859
1856930371502693412,4644364625800006675,300471914551172981,1,2,dgekt,0.6930764061159737
1856930371502693412,1062464292871659639,8573800373938698102,1,2,dgekt,0.6759404237757181
1856930371502693412,5932668873100475470,300471914551172981,1,2,dgekt,0.7150362187944037
1856930371502693412,5237822943399727048,8573800373938698102,1,2,dgekt,0.681528502467563
1864610537305897170,300471914551172981,300471914551172981,1,2,dgekt,0.6745638510288963
1864610537305897170,8573800373938698102,8573800373938698102,1,2,dgekt,0.6158782928636971
1864610537305897170,2014268979504181100,300471914551172981,1,2,dgekt,0.6579761627678377
1864610537305897170,2172169907340938753,300471914551172981,1,2,dgekt,0.6601629009518237
1864610537305897170,8150806168444344502,300471914551172981,1,2,dgekt,0.6826293176705902
1864610537305897170,816286915455981984,8573800373938698102,1,2,dgekt,0.6694408617155408
1864610537305897170,1962751598315765836,300471914551172981,1,2,dgekt,0.6864122349754352
1864610537305897170,7444476343858270082,300471914551172981,1,2,dgekt,0.6918328878647094
1864610537305897170,2537821716777940730,300471914551172981,1,2,dgekt,0.6915561713098549
1864610537305897170,1061301253559417093,300471914551172981,1,2,dgekt,0.6729951843043801
1864610537305897170,8553379303363759508,300471914551172981,0,2,dgekt,0.6653109371521244
1864610537305897170,6440511557387709110,300471914551172981,1,2,dgekt,0.6912793171580589
1864610537305897170,7744513373483970787,8573800373938698102,0,2,dgekt,0.6226090257307791
1864610537305897170,2971078979906996375,300471914551172981,1,2,dgekt,0.6824887411512989
1864610537305897170,5841359775533910823,300471914551172981,1,2,dgekt,0.6518913235950976
1864610537305897170,8621262567927479011,300471914551172981,1,2,dgekt,0.6898929870284579
1864610537305897170,8434961942249729798,8573800373938698102,1,2,dgekt,0.6567596999128485
1864610537305897170,2322042198017538996,8573800373938698102,0,2,dgekt,0.657125247454589
1864610537305897170,1742185772413642127,300471914551172981,1,2,dgekt,0.695829735714841
1864610537305897170,2334639155148655290,8573800373938698102,1,2,dgekt,0.6636005123697934
1864610537305897170,7660717256841499384,300471914551172981,1,2,dgekt,0.7099861493150671
1864610537305897170,4113615466659810841,300471914551172981,1,2,dgekt,0.695417622992899
1864610537305897170,6125574002232610732,300471914551172981,1,2,dgekt,0.6609630033818568
1864610537305897170,2774368076249802464,8573800373938698102,1,2,dgekt,0.6520643880721613
1864610537305897170,8903365289186067945,8573800373938698102,1,2,dgekt,0.6544891681878957
1864610537305897170,6925932688889117475,300471914551172981,1,2,dgekt,0.7142423628524948
1864610537305897170,8194071366621068887,8573800373938698102,1,2,dgekt,0.6311072193883981
1864610537305897170,2986660907093963186,300471914551172981,1,2,dgekt,0.7195095749929978
1864610537305897170,7591109345808921544,300471914551172981,1,2,dgekt,0.6961729231066154
1864610537305897170,625545550176685521,8573800373938698102,1,2,dgekt,0.6656973680354613
1864610537305897170,1761868641361943332,8573800373938698102,1,2,dgekt,0.6763666255911174
1864610537305897170,4824259625677886603,300471914551172981,1,2,dgekt,0.6934902903902386
1864610537305897170,8450591260754163598,8573800373938698102,1,2,dgekt,0.6527264801586597
1864610537305897170,1553079256999111676,300471914551172981,1,2,dgekt,0.6988422729454801
1864610537305897170,3220231712819306119,8573800373938698102,1,2,dgekt,0.6591688617405917
1864610537305897170,338807275221326836,300471914551172981,1,2,dgekt,0.6873889851450635
1864610537305897170,8525319303741530302,8573800373938698102,0,2,dgekt,0.6610612214005206
1864610537305897170,6587421150596252277,300471914551172981,1,2,dgekt,0.7025839470154979
1864610537305897170,5891620578387310353,300471914551172981,1,2,dgekt,0.6850140077059866
1864610537305897170,5791250638486922978,300471914551172981,1,2,dgekt,0.7033290574008343
1864610537305897170,4031585874086886353,8573800373938698102,1,2,dgekt,0.6748736428279047
1864610537305897170,2083452711903133430,8573800373938698102,1,2,dgekt,0.6981831045958949
1864610537305897170,6319743179241711738,8573800373938698102,1,2,dgekt,0.6769344395726814
1864610537305897170,8628686323660025649,300471914551172981,1,2,dgekt,0.7046810337843598
1864610537305897170,4378721629787482518,300471914551172981,1,2,dgekt,0.7093846200596751
1864610537305897170,4813462692425748605,300471914551172981,1,2,dgekt,0.6741364189077859
1864610537305897170,4644364625800006675,300471914551172981,1,2,dgekt,0.6930764061159737
1864610537305897170,1062464292871659639,8573800373938698102,0,2,dgekt,0.6759404237757181
1864610537305897170,5932668873100475470,300471914551172981,1,2,dgekt,0.7150362187944037
1864610537305897170,5237822943399727048,8573800373938698102,1,2,dgekt,0.681528502467563
1878072205549133777,300471914551172981,300471914551172981,1,2,dgekt,0.6745638510288963
1878072205549133777,8573800373938698102,8573800373938698102,0,2,dgekt,0.6158782928636971
1878072205549133777,2014268979504181100,300471914551172981,1,2,dgekt,0.6579761627678377
1878072205549133777,2172169907340938753,300471914551172981,0,2,dgekt,0.6601629009518237
1878072205549133777,8150806168444344502,300471914551172981,0,2,dgekt,0.6826293176705902
1878072205549133777,816286915455981984,8573800373938698102,0,2,dgekt,0.6694408617155408
1878072205549133777,1962751598315765836,300471914551172981,0,2,dgekt,0.6864122349754352
1878072205549133777,7444476343858270082,300471914551172981,1,2,dgekt,0.6918328878647094
1878072205549133777,2537821716777940730,300471914551172981,1,2,dgekt,0.6915561713098549
1878072205549133777,1061301253559417093,300471914551172981,1,2,dgekt,0.6729951843043801
1878072205549133777,8553379303363759508,300471914551172981,1,2,dgekt,0.6653109371521244
1878072205549133777,6440511557387709110,300471914551172981,1,2,dgekt,0.6912793171580589
1878072205549133777,7744513373483970787,8573800373938698102,0,2,dgekt,0.6226090257307791
1878072205549133777,2971078979906996375,300471914551172981,1,2,dgekt,0.6824887411512989
1878072205549133777,5841359775533910823,300471914551172981,1,2,dgekt,0.6518913235950976
1878072205549133777,8621262567927479011,300471914551172981,1,2,dgekt,0.6898929870284579
1878072205549133777,8434961942249729798,8573800373938698102,0,2,dgekt,0.6567596999128485
1878072205549133777,2322042198017538996,8573800373938698102,1,2,dgekt,0.657125247454589
1878072205549133777,1742185772413642127,300471914551172981,1,2,dgekt,0.695829735714841
1878072205549133777,2334639155148655290,8573800373938698102,1,2,dgekt,0.6636005123697934
1878072205549133777,7660717256841499384,300471914551172981,1,2,dgekt,0.7099861493150671
1878072205549133777,4113615466659810841,300471914551172981,1,2,dgekt,0.695417622992899
1878072205549133777,6125574002232610732,300471914551172981,1,2,dgekt,0.6609630033818568
1878072205549133777,2774368076249802464,8573800373938698102,0,2,dgekt,0.6520643880721613
1878072205549133777,8903365289186067945,8573800373938698102,0,2,dgekt,0.6544891681878957
1878072205549133777,6925932688889117475,300471914551172981,1,2,dgekt,0.7142423628524948
1878072205549133777,8194071366621068887,8573800373938698102,1,2,dgekt,0.6311072193883981
1878072205549133777,2986660907093963186,300471914551172981,1,2,dgekt,0.7195095749929978
1878072205549133777,7591109345808921544,300471914551172981,1,2,dgekt,0.6961729231066154
1878072205549133777,625545550176685521,8573800373938698102,1,2,dgekt,0.6656973680354613
1878072205549133777,1761868641361943332,8573800373938698102,1,2,dgekt,0.6763666255911174
1878072205549133777,4824259625677886603,300471914551172981,1,2,dgekt,0.6934902903902386
1878072205549133777,8450591260754163598,8573800373938698102,0,2,dgekt,0.6527264801586597
1878072205549133777,1553079256999111676,300471914551172981,1,2,dgekt,0.6988422729454801
1878072205549133777,3220231712819306119,8573800373938698102,0,2,dgekt,0.6591688617405917
1878072205549133777,338807275221326836,300471914551172981,1,2,dgekt,0.6873889851450635
1878072205549133777,8525319303741530302,8573800373938698102,1,2,dgekt,0.6610612214005206
1878072205549133777,6587421150596252277,300471914551172981,1,2,dgekt,0.7025839470154979
1878072205549133777,5891620578387310353,300471914551172981,1,2,dgekt,0.6850140077059866
1878072205549133777,5791250638486922978,300471914551172981,1,2,dgekt,0.7033290574008343
1878072205549133777,4031585874086886353,8573800373938698102,1,2,dgekt,0.6748736428279047
1878072205549133777,2083452711903133430,8573800373938698102,1,2,dgekt,0.6981831045958949
1878072205549133777,6319743179241711738,8573800373938698102,0,2,dgekt,0.6769344395726814
1878072205549133777,8628686323660025649,300471914551172981,1,2,dgekt,0.7046810337843598
1878072205549133777,4378721629787482518,300471914551172981,1,2,dgekt,0.7093846200596751
1878072205549133777,4813462692425748605,300471914551172981,1,2,dgekt,0.6741364189077859
1878072205549133777,4644364625800006675,300471914551172981,1,2,dgekt,0.6930764061159737
1878072205549133777,1062464292871659639,8573800373938698102,0,2,dgekt,0.6759404237757181
1878072205549133777,5932668873100475470,300471914551172981,0,2,dgekt,0.7150362187944037
1878072205549133777,5237822943399727048,8573800373938698102,1,2,dgekt,0.681528502467563
1928014720895446951,300471914551172981,300471914551172981,1,2,dgekt,0.6745638510288963
1928014720895446951,8573800373938698102,8573800373938698102,0,2,dgekt,0.6158782928636971
1928014720895446951,2014268979504181100,300471914551172981,1,2,dgekt,0.6579761627678377
1928014720895446951,2172169907340938753,300471914551172981,0,2,dgekt,0.6601629009518237
1928014720895446951,8150806168444344502,300471914551172981,1,2,dgekt,0.6826293176705902
1928014720895446951,816286915455981984,8573800373938698102,1,2,dgekt,0.6694408617155408
1928014720895446951,1962751598315765836,300471914551172981,1,2,dgekt,0.6864122349754352
1928014720895446951,7444476343858270082,300471914551172981,1,2,dgekt,0.6918328878647094
1928014720895446951,2537821716777940730,300471914551172981,0,2,dgekt,0.6915561713098549
1928014720895446951,1061301253559417093,300471914551172981,1,2,dgekt,0.6729951843043801
1928014720895446951,8553379303363759508,300471914551172981,0,2,dgekt,0.6653109371521244
1928014720895446951,6440511557387709110,300471914551172981,1,2,dgekt,0.6912793171580589
1928014720895446951,7744513373483970787,8573800373938698102,1,2,dgekt,0.6226090257307791
1928014720895446951,2971078979906996375,300471914551172981,1,2,dgekt,0.6824887411512989
1928014720895446951,5841359775533910823,300471914551172981,1,2,dgekt,0.6518913235950976
1928014720895446951,8621262567927479011,300471914551172981,1,2,dgekt,0.6898929870284579
1928014720895446951,8434961942249729798,8573800373938698102,0,2,dgekt,0.6567596999128485
1928014720895446951,2322042198017538996,8573800373938698102,0,2,dgekt,0.657125247454589
1928014720895446951,1742185772413642127,300471914551172981,1,2,dgekt,0.695829735714841
1928014720895446951,2334639155148655290,8573800373938698102,0,2,dgekt,0.6636005123697934
1928014720895446951,7660717256841499384,300471914551172981,1,2,dgekt,0.7099861493150671
1928014720895446951,4113615466659810841,300471914551172981,1,2,dgekt,0.695417622992899
1928014720895446951,6125574002232610732,300471914551172981,1,2,dgekt,0.6609630033818568
1928014720895446951,2774368076249802464,8573800373938698102,0,2,dgekt,0.6520643880721613
1928014720895446951,8903365289186067945,8573800373938698102,0,2,dgekt,0.6544891681878957
1928014720895446951,6925932688889117475,300471914551172981,1,2,dgekt,0.7142423628524948
1928014720895446951,8194071366621068887,8573800373938698102,0,2,dgekt,0.6311072193883981
1928014720895446951,2986660907093963186,300471914551172981,1,2,dgekt,0.7195095749929978
1928014720895446951,7591109345808921544,300471914551172981,1,2,dgekt,0.6961729231066154
1928014720895446951,625545550176685521,8573800373938698102,0,2,dgekt,0.6656973680354613
1928014720895446951,1761868641361943332,8573800373938698102,1,2,dgekt,0.6763666255911174
1928014720895446951,4824259625677886603,300471914551172981,1,2,dgekt,0.6934902903902386
1928014720895446951,8450591260754163598,8573800373938698102,0,2,dgekt,0.6527264801586597
1928014720895446951,1553079256999111676,300471914551172981,1,2,dgekt,0.6988422729454801
1928014720895446951,3220231712819306119,8573800373938698102,0,2,dgekt,0.6591688617405917
1928014720895446951,338807275221326836,300471914551172981,1,2,dgekt,0.6873889851450635
1928014720895446951,8525319303741530302,8573800373938698102,0,2,dgekt,0.6610612214005206
1928014720895446951,6587421150596252277,300471914551172981,1,2,dgekt,0.7025839470154979
1928014720895446951,5891620578387310353,300471914551172981,1,2,dgekt,0.6850140077059866
1928014720895446951,5791250638486922978,300471914551172981,1,2,dgekt,0.7033290574008343
1928014720895446951,4031585874086886353,8573800373938698102,0,2,dgekt,0.6748736428279047
1928014720895446951,2083452711903133430,8573800373938698102,1,2,dgekt,0.6981831045958949
1928014720895446951,6319743179241711738,8573800373938698102,0,2,dgekt,0.6769344395726814
1928014720895446951,8628686323660025649,300471914551172981,1,2,dgekt,0.7046810337843598
1928014720895446951,4378721629787482518,300471914551172981,1,2,dgekt,0.7093846200596751
1928014720895446951,4813462692425748605,300471914551172981,1,2,dgekt,0.6741364189077859
1928014720895446951,4644364625800006675,300471914551172981,1,2,dgekt,0.6930764061159737
1928014720895446951,1062464292871659639,8573800373938698102,0,2,dgekt,0.6759404237757181
1928014720895446951,5932668873100475470,300471914551172981,1,2,dgekt,0.7150362187944037
1928014720895446951,5237822943399727048,8573800373938698102,0,2,dgekt,0.681528502467563
1933620258903804496,300471914551172981,300471914551172981,1,2,dgekt,0.6745638510288963
1933620258903804496,8573800373938698102,8573800373938698102,0,2,dgekt,0.6158782928636971
1933620258903804496,2014268979504181100,300471914551172981,1,2,dgekt,0.6579761627678377
1933620258903804496,2172169907340938753,300471914551172981,0,2,dgekt,0.6601629009518237
1933620258903804496,8150806168444344502,300471914551172981,1,2,dgekt,0.6826293176705902
1933620258903804496,816286915455981984,8573800373938698102,1,2,dgekt,0.6694408617155408
1933620258903804496,1962751598315765836,300471914551172981,1,2,dgekt,0.6864122349754352
1933620258903804496,7444476343858270082,300471914551172981,1,2,dgekt,0.6918328878647094
1933620258903804496,2537821716777940730,300471914551172981,1,2,dgekt,0.6915561713098549
1933620258903804496,1061301253559417093,300471914551172981,0,2,dgekt,0.6729951843043801
1933620258903804496,8553379303363759508,300471914551172981,1,2,dgekt,0.6653109371521244
1933620258903804496,6440511557387709110,300471914551172981,1,2,dgekt,0.6912793171580589
1933620258903804496,7744513373483970787,8573800373938698102,0,2,dgekt,0.6226090257307791
1933620258903804496,2971078979906996375,300471914551172981,1,2,dgekt,0.6824887411512989
1933620258903804496,5841359775533910823,300471914551172981,1,2,dgekt,0.6518913235950976
1933620258903804496,8621262567927479011,300471914551172981,1,2,dgekt,0.6898929870284579
1933620258903804496,8434961942249729798,8573800373938698102,1,2,dgekt,0.6567596999128485
1933620258903804496,2322042198017538996,8573800373938698102,1,2,dgekt,0.657125247454589
1933620258903804496,1742185772413642127,300471914551172981,1,2,dgekt,0.695829735714841
1933620258903804496,2334639155148655290,8573800373938698102,1,2,dgekt,0.6636005123697934
1933620258903804496,7660717256841499384,300471914551172981,1,2,dgekt,0.7099861493150671
1933620258903804496,4113615466659810841,300471914551172981,1,2,dgekt,0.695417622992899
1933620258903804496,6125574002232610732,300471914551172981,0,2,dgekt,0.6609630033818568
1933620258903804496,2774368076249802464,8573800373938698102,1,2,dgekt,0.6520643880721613
1933620258903804496,8903365289186067945,8573800373938698102,1,2,dgekt,0.6544891681878957
1933620258903804496,6925932688889117475,300471914551172981,1,2,dgekt,0.7142423628524948
1933620258903804496,8194071366621068887,8573800373938698102,0,2,dgekt,0.6311072193883981
1933620258903804496,2986660907093963186,300471914551172981,1,2,dgekt,0.7195095749929978
1933620258903804496,7591109345808921544,300471914551172981,1,2,dgekt,0.6961729231066154
1933620258903804496,625545550176685521,8573800373938698102,1,2,dgekt,0.6656973680354613
1933620258903804496,1761868641361943332,8573800373938698102,1,2,dgekt,0.6763666255911174
1933620258903804496,4824259625677886603,300471914551172981,0,2,dgekt,0.6934902903902386
1933620258903804496,8450591260754163598,8573800373938698102,0,2,dgekt,0.6527264801586597
1933620258903804496,1553079256999111676,300471914551172981,1,2,dgekt,0.6988422729454801
1933620258903804496,3220231712819306119,8573800373938698102,0,2,dgekt,0.6591688617405917
1933620258903804496,338807275221326836,300471914551172981,1,2,dgekt,0.6873889851450635
1933620258903804496,8525319303741530302,8573800373938698102,1,2,dgekt,0.6610612214005206
1933620258903804496,6587421150596252277,300471914551172981,1,2,dgekt,0.7025839470154979
1933620258903804496,5891620578387310353,300471914551172981,1,2,dgekt,0.6850140077059866
1933620258903804496,5791250638486922978,300471914551172981,1,2,dgekt,0.7033290574008343
1933620258903804496,4031585874086886353,8573800373938698102,0,2,dgekt,0.6748736428279047
1933620258903804496,2083452711903133430,8573800373938698102,1,2,dgekt,0.6981831045958949
1933620258903804496,6319743179241711738,8573800373938698102,1,2,dgekt,0.6769344395726814
1933620258903804496,8628686323660025649,300471914551172981,1,2,dgekt,0.7046810337843598
1933620258903804496,4378721629787482518,300471914551172981,1,2,dgekt,0.7093846200596751
1933620258903804496,4813462692425748605,300471914551172981,1,2,dgekt,0.6741364189077859
1933620258903804496,4644364625800006675,300471914551172981,1,2,dgekt,0.6930764061159737
1933620258903804496,1062464292871659639,8573800373938698102,1,2,dgekt,0.6759404237757181
1933620258903804496,5932668873100475470,300471914551172981,1,2,dgekt,0.7150362187944037
1933620258903804496,5237822943399727048,8573800373938698102,1,2,dgekt,0.681528502467563
1962751598315765836,300471914551172981,300471914551172981,0,2,dgekt,0.6745638510288963
1962751598315765836,8573800373938698102,8573800373938698102,1,2,dgekt,0.6158782928636971
1962751598315765836,2014268979504181100,300471914551172981,1,2,dgekt,0.6579761627678377
1962751598315765836,2172169907340938753,300471914551172981,0,2,dgekt,0.6601629009518237
1962751598315765836,8150806168444344502,300471914551172981,0,2,dgekt,0.6826293176705902
1962751598315765836,816286915455981984,8573800373938698102,1,2,dgekt,0.6694408617155408
1962751598315765836,1962751598315765836,300471914551172981,0,2,dgekt,0.6864122349754352
1962751598315765836,7444476343858270082,300471914551172981,0,2,dgekt,0.6918328878647094
1962751598315765836,2537821716777940730,300471914551172981,0,2,dgekt,0.6915561713098549
1962751598315765836,1061301253559417093,300471914551172981,1,2,dgekt,0.6729951843043801
1962751598315765836,8553379303363759508,300471914551172981,0,2,dgekt,0.6653109371521244
1962751598315765836,6440511557387709110,300471914551172981,0,2,dgekt,0.6912793171580589
1962751598315765836,7744513373483970787,8573800373938698102,0,2,dgekt,0.6226090257307791
1962751598315765836,2971078979906996375,300471914551172981,1,2,dgekt,0.6824887411512989
1962751598315765836,5841359775533910823,300471914551172981,0,2,dgekt,0.6518913235950976
1962751598315765836,8621262567927479011,300471914551172981,0,2,dgekt,0.6898929870284579
1962751598315765836,8434961942249729798,8573800373938698102,0,2,dgekt,0.6567596999128485
1962751598315765836,2322042198017538996,8573800373938698102,0,2,dgekt,0.657125247454589
1962751598315765836,1742185772413642127,300471914551172981,0,2,dgekt,0.695829735714841
1962751598315765836,2334639155148655290,8573800373938698102,1,2,dgekt,0.6636005123697934
1962751598315765836,7660717256841499384,300471914551172981,0,2,dgekt,0.7099861493150671
1962751598315765836,4113615466659810841,300471914551172981,1,2,dgekt,0.695417622992899
1962751598315765836,6125574002232610732,300471914551172981,1,2,dgekt,0.6609630033818568
1962751598315765836,2774368076249802464,8573800373938698102,0,2,dgekt,0.6520643880721613
1962751598315765836,8903365289186067945,8573800373938698102,1,2,dgekt,0.6544891681878957
1962751598315765836,6925932688889117475,300471914551172981,1,2,dgekt,0.7142423628524948
1962751598315765836,8194071366621068887,8573800373938698102,1,2,dgekt,0.6311072193883981
1962751598315765836,2986660907093963186,300471914551172981,0,2,dgekt,0.7195095749929978
1962751598315765836,7591109345808921544,300471914551172981,1,2,dgekt,0.6961729231066154
1962751598315765836,625545550176685521,8573800373938698102,1,2,dgekt,0.6656973680354613
1962751598315765836,1761868641361943332,8573800373938698102,1,2,dgekt,0.6763666255911174
1962751598315765836,4824259625677886603,300471914551172981,1,2,dgekt,0.6934902903902386
1962751598315765836,8450591260754163598,8573800373938698102,1,2,dgekt,0.6527264801586597
1962751598315765836,1553079256999111676,300471914551172981,1,2,dgekt,0.6988422729454801
1962751598315765836,3220231712819306119,8573800373938698102,0,2,dgekt,0.6591688617405917
1962751598315765836,338807275221326836,300471914551172981,1,2,dgekt,0.6873889851450635
1962751598315765836,8525319303741530302,8573800373938698102,1,2,dgekt,0.6610612214005206
1962751598315765836,6587421150596252277,300471914551172981,0,2,dgekt,0.7025839470154979
1962751598315765836,5891620578387310353,300471914551172981,0,2,dgekt,0.6850140077059866
1962751598315765836,5791250638486922978,300471914551172981,1,2,dgekt,0.7033290574008343
1962751598315765836,4031585874086886353,8573800373938698102,1,2,dgekt,0.6748736428279047
1962751598315765836,2083452711903133430,8573800373938698102,1,2,dgekt,0.6981831045958949
1962751598315765836,6319743179241711738,8573800373938698102,0,2,dgekt,0.6769344395726814
1962751598315765836,8628686323660025649,300471914551172981,0,2,dgekt,0.7046810337843598
1962751598315765836,4378721629787482518,300471914551172981,0,2,dgekt,0.7093846200596751
1962751598315765836,4813462692425748605,300471914551172981,0,2,dgekt,0.6741364189077859
1962751598315765836,4644364625800006675,300471914551172981,1,2,dgekt,0.6930764061159737
1962751598315765836,1062464292871659639,8573800373938698102,1,2,dgekt,0.6759404237757181
1962751598315765836,5932668873100475470,300471914551172981,1,2,dgekt,0.7150362187944037
1962751598315765836,5237822943399727048,8573800373938698102,1,2,dgekt,0.681528502467563
2076889496255336841,300471914551172981,300471914551172981,1,2,dgekt,0.6745638510288963
2076889496255336841,8573800373938698102,8573800373938698102,0,2,dgekt,0.6158782928636971
2076889496255336841,2014268979504181100,300471914551172981,1,2,dgekt,0.6579761627678377
2076889496255336841,2172169907340938753,300471914551172981,0,2,dgekt,0.6601629009518237
2076889496255336841,8150806168444344502,300471914551172981,0,2,dgekt,0.6826293176705902
2076889496255336841,816286915455981984,8573800373938698102,1,2,dgekt,0.6694408617155408
2076889496255336841,1962751598315765836,300471914551172981,0,2,dgekt,0.6864122349754352
2076889496255336841,7444476343858270082,300471914551172981,0,2,dgekt,0.6918328878647094
2076889496255336841,2537821716777940730,300471914551172981,1,2,dgekt,0.6915561713098549
2076889496255336841,1061301253559417093,300471914551172981,0,2,dgekt,0.6729951843043801
2076889496255336841,8553379303363759508,300471914551172981,0,2,dgekt,0.6653109371521244
2076889496255336841,6440511557387709110,300471914551172981,0,2,dgekt,0.6912793171580589
2076889496255336841,7744513373483970787,8573800373938698102,0,2,dgekt,0.6226090257307791
2076889496255336841,2971078979906996375,300471914551172981,0,2,dgekt,0.6824887411512989
2076889496255336841,5841359775533910823,300471914551172981,1,2,dgekt,0.6518913235950976
2076889496255336841,8621262567927479011,300471914551172981,0,2,dgekt,0.6898929870284579
2076889496255336841,8434961942249729798,8573800373938698102,1,2,dgekt,0.6567596999128485
2076889496255336841,2322042198017538996,8573800373938698102,1,2,dgekt,0.657125247454589
2076889496255336841,1742185772413642127,300471914551172981,0,2,dgekt,0.695829735714841
2076889496255336841,2334639155148655290,8573800373938698102,1,2,dgekt,0.6636005123697934
2076889496255336841,7660717256841499384,300471914551172981,0,2,dgekt,0.7099861493150671
2076889496255336841,4113615466659810841,300471914551172981,0,2,dgekt,0.695417622992899
2076889496255336841,6125574002232610732,300471914551172981,0,2,dgekt,0.6609630033818568
2076889496255336841,2774368076249802464,8573800373938698102,1,2,dgekt,0.6520643880721613
2076889496255336841,8903365289186067945,8573800373938698102,1,2,dgekt,0.6544891681878957
2076889496255336841,6925932688889117475,300471914551172981,0,2,dgekt,0.7142423628524948
2076889496255336841,8194071366621068887,8573800373938698102,1,2,dgekt,0.6311072193883981
2076889496255336841,2986660907093963186,300471914551172981,0,2,dgekt,0.7195095749929978
2076889496255336841,7591109345808921544,300471914551172981,0,2,dgekt,0.6961729231066154
2076889496255336841,625545550176685521,8573800373938698102,1,2,dgekt,0.6656973680354613
2076889496255336841,1761868641361943332,8573800373938698102,1,2,dgekt,0.6763666255911174
2076889496255336841,4824259625677886603,300471914551172981,0,2,dgekt,0.6934902903902386
2076889496255336841,8450591260754163598,8573800373938698102,1,2,dgekt,0.6527264801586597
2076889496255336841,1553079256999111676,300471914551172981,0,2,dgekt,0.6988422729454801
2076889496255336841,3220231712819306119,8573800373938698102,1,2,dgekt,0.6591688617405917
2076889496255336841,338807275221326836,300471914551172981,0,2,dgekt,0.6873889851450635
2076889496255336841,8525319303741530302,8573800373938698102,1,2,dgekt,0.6610612214005206
2076889496255336841,6587421150596252277,300471914551172981,0,2,dgekt,0.7025839470154979
2076889496255336841,5891620578387310353,300471914551172981,0,2,dgekt,0.6850140077059866
2076889496255336841,5791250638486922978,300471914551172981,0,2,dgekt,0.7033290574008343
2076889496255336841,4031585874086886353,8573800373938698102,1,2,dgekt,0.6748736428279047
2076889496255336841,2083452711903133430,8573800373938698102,1,2,dgekt,0.6981831045958949
2076889496255336841,6319743179241711738,8573800373938698102,1,2,dgekt,0.6769344395726814
2076889496255336841,8628686323660025649,300471914551172981,0,2,dgekt,0.7046810337843598
2076889496255336841,4378721629787482518,300471914551172981,0,2,dgekt,0.7093846200596751
2076889496255336841,4813462692425748605,300471914551172981,0,2,dgekt,0.6741364189077859
2076889496255336841,4644364625800006675,300471914551172981,0,2,dgekt,0.6930764061159737
2076889496255336841,1062464292871659639,8573800373938698102,1,2,dgekt,0.6759404237757181
2076889496255336841,5932668873100475470,300471914551172981,0,2,dgekt,0.7150362187944037
2076889496255336841,5237822943399727048,8573800373938698102,1,2,dgekt,0.681528502467563
2083951319723828357,300471914551172981,300471914551172981,1,2,dgekt,0.6745638510288963
2083951319723828357,8573800373938698102,8573800373938698102,1,2,dgekt,0.6158782928636971
2083951319723828357,2014268979504181100,300471914551172981,1,2,dgekt,0.6579761627678377
2083951319723828357,2172169907340938753,300471914551172981,1,2,dgekt,0.6601629009518237
2083951319723828357,8150806168444344502,300471914551172981,1,2,dgekt,0.6826293176705902
2083951319723828357,816286915455981984,8573800373938698102,1,2,dgekt,0.6694408617155408
2083951319723828357,1962751598315765836,300471914551172981,1,2,dgekt,0.6864122349754352
2083951319723828357,7444476343858270082,300471914551172981,1,2,dgekt,0.6918328878647094
2083951319723828357,2537821716777940730,300471914551172981,1,2,dgekt,0.6915561713098549
2083951319723828357,1061301253559417093,300471914551172981,1,2,dgekt,0.6729951843043801
2083951319723828357,8553379303363759508,300471914551172981,1,2,dgekt,0.6653109371521244
2083951319723828357,6440511557387709110,300471914551172981,1,2,dgekt,0.6912793171580589
2083951319723828357,7744513373483970787,8573800373938698102,1,2,dgekt,0.6226090257307791
2083951319723828357,2971078979906996375,300471914551172981,1,2,dgekt,0.6824887411512989
2083951319723828357,5841359775533910823,300471914551172981,1,2,dgekt,0.6518913235950976
2083951319723828357,8621262567927479011,300471914551172981,1,2,dgekt,0.6898929870284579
2083951319723828357,8434961942249729798,8573800373938698102,0,2,dgekt,0.6567596999128485
2083951319723828357,2322042198017538996,8573800373938698102,1,2,dgekt,0.657125247454589
2083951319723828357,1742185772413642127,300471914551172981,1,2,dgekt,0.695829735714841
2083951319723828357,2334639155148655290,8573800373938698102,0,2,dgekt,0.6636005123697934
2083951319723828357,7660717256841499384,300471914551172981,1,2,dgekt,0.7099861493150671
2083951319723828357,4113615466659810841,300471914551172981,1,2,dgekt,0.695417622992899
2083951319723828357,6125574002232610732,300471914551172981,1,2,dgekt,0.6609630033818568
2083951319723828357,2774368076249802464,8573800373938698102,1,2,dgekt,0.6520643880721613
2083951319723828357,8903365289186067945,8573800373938698102,1,2,dgekt,0.6544891681878957
2083951319723828357,6925932688889117475,300471914551172981,1,2,dgekt,0.7142423628524948
2083951319723828357,8194071366621068887,8573800373938698102,1,2,dgekt,0.6311072193883981
2083951319723828357,2986660907093963186,300471914551172981,1,2,dgekt,0.7195095749929978
2083951319723828357,7591109345808921544,300471914551172981,1,2,dgekt,0.6961729231066154
2083951319723828357,625545550176685521,8573800373938698102,1,2,dgekt,0.6656973680354613
2083951319723828357,1761868641361943332,8573800373938698102,0,2,dgekt,0.6763666255911174
2083951319723828357,4824259625677886603,300471914551172981,1,2,dgekt,0.6934902903902386
2083951319723828357,8450591260754163598,8573800373938698102,0,2,dgekt,0.6527264801586597
2083951319723828357,1553079256999111676,300471914551172981,1,2,dgekt,0.6988422729454801
2083951319723828357,3220231712819306119,8573800373938698102,0,2,dgekt,0.6591688617405917
2083951319723828357,338807275221326836,300471914551172981,1,2,dgekt,0.6873889851450635
2083951319723828357,8525319303741530302,8573800373938698102,0,2,dgekt,0.6610612214005206
2083951319723828357,6587421150596252277,300471914551172981,1,2,dgekt,0.7025839470154979
2083951319723828357,5891620578387310353,300471914551172981,0,2,dgekt,0.6850140077059866
2083951319723828357,5791250638486922978,300471914551172981,1,2,dgekt,0.7033290574008343
2083951319723828357,4031585874086886353,8573800373938698102,1,2,dgekt,0.6748736428279047
2083951319723828357,2083452711903133430,8573800373938698102,1,2,dgekt,0.6981831045958949
2083951319723828357,6319743179241711738,8573800373938698102,1,2,dgekt,0.6769344395726814
2083951319723828357,8628686323660025649,300471914551172981,1,2,dgekt,0.7046810337843598
2083951319723828357,4378721629787482518,300471914551172981,1,2,dgekt,0.7093846200596751
2083951319723828357,4813462692425748605,300471914551172981,1,2,dgekt,0.6741364189077859
2083951319723828357,4644364625800006675,300471914551172981,1,2,dgekt,0.6930764061159737
2083951319723828357,1062464292871659639,8573800373938698102,0,2,dgekt,0.6759404237757181
2083951319723828357,5932668873100475470,300471914551172981,1,2,dgekt,0.7150362187944037
2083951319723828357,5237822943399727048,8573800373938698102,1,2,dgekt,0.681528502467563
2098409895490789901,300471914551172981,300471914551172981,0,2,dgekt,0.6745638510288963
2098409895490789901,8573800373938698102,8573800373938698102,1,2,dgekt,0.6158782928636971
2098409895490789901,2014268979504181100,300471914551172981,0,2,dgekt,0.6579761627678377
2098409895490789901,2172169907340938753,300471914551172981,1,2,dgekt,0.6601629009518237
2098409895490789901,8150806168444344502,300471914551172981,0,2,dgekt,0.6826293176705902
2098409895490789901,816286915455981984,8573800373938698102,1,2,dgekt,0.6694408617155408
2098409895490789901,1962751598315765836,300471914551172981,1,2,dgekt,0.6864122349754352
2098409895490789901,7444476343858270082,300471914551172981,1,2,dgekt,0.6918328878647094
2098409895490789901,2537821716777940730,300471914551172981,1,2,dgekt,0.6915561713098549
2098409895490789901,1061301253559417093,300471914551172981,0,2,dgekt,0.6729951843043801
2098409895490789901,8553379303363759508,300471914551172981,1,2,dgekt,0.6653109371521244
2098409895490789901,6440511557387709110,300471914551172981,1,2,dgekt,0.6912793171580589
2098409895490789901,7744513373483970787,8573800373938698102,1,2,dgekt,0.6226090257307791
2098409895490789901,2971078979906996375,300471914551172981,1,2,dgekt,0.6824887411512989
2098409895490789901,5841359775533910823,300471914551172981,0,2,dgekt,0.6518913235950976
2098409895490789901,8621262567927479011,300471914551172981,1,2,dgekt,0.6898929870284579
2098409895490789901,8434961942249729798,8573800373938698102,1,2,dgekt,0.6567596999128485
2098409895490789901,2322042198017538996,8573800373938698102,1,2,dgekt,0.657125247454589
2098409895490789901,1742185772413642127,300471914551172981,0,2,dgekt,0.695829735714841
2098409895490789901,2334639155148655290,8573800373938698102,1,2,dgekt,0.6636005123697934
2098409895490789901,7660717256841499384,300471914551172981,1,2,dgekt,0.7099861493150671
2098409895490789901,4113615466659810841,300471914551172981,1,2,dgekt,0.695417622992899
2098409895490789901,6125574002232610732,300471914551172981,1,2,dgekt,0.6609630033818568
2098409895490789901,2774368076249802464,8573800373938698102,1,2,dgekt,0.6520643880721613
2098409895490789901,8903365289186067945,8573800373938698102,1,2,dgekt,0.6544891681878957
2098409895490789901,6925932688889117475,300471914551172981,1,2,dgekt,0.7142423628524948
2098409895490789901,8194071366621068887,8573800373938698102,1,2,dgekt,0.6311072193883981
2098409895490789901,2986660907093963186,300471914551172981,1,2,dgekt,0.7195095749929978
2098409895490789901,7591109345808921544,300471914551172981,1,2,dgekt,0.6961729231066154
2098409895490789901,625545550176685521,8573800373938698102,1,2,dgekt,0.6656973680354613
2098409895490789901,1761868641361943332,8573800373938698102,1,2,dgekt,0.6763666255911174
2098409895490789901,4824259625677886603,300471914551172981,0,2,dgekt,0.6934902903902386
2098409895490789901,8450591260754163598,8573800373938698102,1,2,dgekt,0.6527264801586597
2098409895490789901,1553079256999111676,300471914551172981,1,2,dgekt,0.6988422729454801
2098409895490789901,3220231712819306119,8573800373938698102,1,2,dgekt,0.6591688617405917
2098409895490789901,338807275221326836,300471914551172981,1,2,dgekt,0.6873889851450635
2098409895490789901,8525319303741530302,8573800373938698102,1,2,dgekt,0.6610612214005206
2098409895490789901,6587421150596252277,300471914551172981,1,2,dgekt,0.7025839470154979
2098409895490789901,5891620578387310353,300471914551172981,1,2,dgekt,0.6850140077059866
2098409895490789901,5791250638486922978,300471914551172981,1,2,dgekt,0.7033290574008343
2098409895490789901,4031585874086886353,8573800373938698102,1,2,dgekt,0.6748736428279047
2098409895490789901,2083452711903133430,8573800373938698102,1,2,dgekt,0.6981831045958949
2098409895490789901,6319743179241711738,8573800373938698102,1,2,dgekt,0.6769344395726814
2098409895490789901,8628686323660025649,300471914551172981,0,2,dgekt,0.7046810337843598
2098409895490789901,4378721629787482518,300471914551172981,1,2,dgekt,0.7093846200596751
2098409895490789901,4813462692425748605,300471914551172981,0,2,dgekt,0.6741364189077859
2098409895490789901,4644364625800006675,300471914551172981,0,2,dgekt,0.6930764061159737
2098409895490789901,1062464292871659639,8573800373938698102,1,2,dgekt,0.6759404237757181
2098409895490789901,5932668873100475470,300471914551172981,1,2,dgekt,0.7150362187944037
2098409895490789901,5237822943399727048,8573800373938698102,1,2,dgekt,0.681528502467563
2104618805033231562,300471914551172981,300471914551172981,1,2,dgekt,0.6745638510288963
2104618805033231562,8573800373938698102,8573800373938698102,1,2,dgekt,0.6158782928636971
2104618805033231562,2014268979504181100,300471914551172981,0,2,dgekt,0.6579761627678377
2104618805033231562,2172169907340938753,300471914551172981,0,2,dgekt,0.6601629009518237
2104618805033231562,8150806168444344502,300471914551172981,1,2,dgekt,0.6826293176705902
2104618805033231562,816286915455981984,8573800373938698102,1,2,dgekt,0.6694408617155408
2104618805033231562,1962751598315765836,300471914551172981,1,2,dgekt,0.6864122349754352
2104618805033231562,7444476343858270082,300471914551172981,1,2,dgekt,0.6918328878647094
2104618805033231562,2537821716777940730,300471914551172981,0,2,dgekt,0.6915561713098549
2104618805033231562,1061301253559417093,300471914551172981,1,2,dgekt,0.6729951843043801
2104618805033231562,8553379303363759508,300471914551172981,0,2,dgekt,0.6653109371521244
2104618805033231562,6440511557387709110,300471914551172981,1,2,dgekt,0.6912793171580589
2104618805033231562,7744513373483970787,8573800373938698102,0,2,dgekt,0.6226090257307791
2104618805033231562,2971078979906996375,300471914551172981,1,2,dgekt,0.6824887411512989
2104618805033231562,5841359775533910823,300471914551172981,1,2,dgekt,0.6518913235950976
2104618805033231562,8621262567927479011,300471914551172981,1,2,dgekt,0.6898929870284579
2104618805033231562,8434961942249729798,8573800373938698102,0,2,dgekt,0.6567596999128485
2104618805033231562,2322042198017538996,8573800373938698102,1,2,dgekt,0.657125247454589
2104618805033231562,1742185772413642127,300471914551172981,1,2,dgekt,0.695829735714841
2104618805033231562,2334639155148655290,8573800373938698102,0,2,dgekt,0.6636005123697934
2104618805033231562,7660717256841499384,300471914551172981,1,2,dgekt,0.7099861493150671
2104618805033231562,4113615466659810841,300471914551172981,1,2,dgekt,0.695417622992899
2104618805033231562,6125574002232610732,300471914551172981,1,2,dgekt,0.6609630033818568
2104618805033231562,2774368076249802464,8573800373938698102,0,2,dgekt,0.6520643880721613
2104618805033231562,8903365289186067945,8573800373938698102,0,2,dgekt,0.6544891681878957
2104618805033231562,6925932688889117475,300471914551172981,1,2,dgekt,0.7142423628524948
2104618805033231562,8194071366621068887,8573800373938698102,0,2,dgekt,0.6311072193883981
2104618805033231562,2986660907093963186,300471914551172981,1,2,dgekt,0.7195095749929978
2104618805033231562,7591109345808921544,300471914551172981,1,2,dgekt,0.6961729231066154
2104618805033231562,625545550176685521,8573800373938698102,0,2,dgekt,0.6656973680354613
2104618805033231562,1761868641361943332,8573800373938698102,1,2,dgekt,0.6763666255911174
2104618805033231562,4824259625677886603,300471914551172981,1,2,dgekt,0.6934902903902386
2104618805033231562,8450591260754163598,8573800373938698102,1,2,dgekt,0.6527264801586597
2104618805033231562,1553079256999111676,300471914551172981,1,2,dgekt,0.6988422729454801
2104618805033231562,3220231712819306119,8573800373938698102,0,2,dgekt,0.6591688617405917
2104618805033231562,338807275221326836,300471914551172981,0,2,dgekt,0.6873889851450635
2104618805033231562,8525319303741530302,8573800373938698102,1,2,dgekt,0.6610612214005206
2104618805033231562,6587421150596252277,300471914551172981,1,2,dgekt,0.7025839470154979
2104618805033231562,5891620578387310353,300471914551172981,0,2,dgekt,0.6850140077059866
2104618805033231562,5791250638486922978,300471914551172981,1,2,dgekt,0.7033290574008343
2104618805033231562,4031585874086886353,8573800373938698102,1,2,dgekt,0.6748736428279047
2104618805033231562,2083452711903133430,8573800373938698102,1,2,dgekt,0.6981831045958949
2104618805033231562,6319743179241711738,8573800373938698102,1,2,dgekt,0.6769344395726814
2104618805033231562,8628686323660025649,300471914551172981,1,2,dgekt,0.7046810337843598
2104618805033231562,4378721629787482518,300471914551172981,1,2,dgekt,0.7093846200596751
2104618805033231562,4813462692425748605,300471914551172981,1,2,dgekt,0.6741364189077859
2104618805033231562,4644364625800006675,300471914551172981,1,2,dgekt,0.6930764061159737
2104618805033231562,1062464292871659639,8573800373938698102,1,2,dgekt,0.6759404237757181
2104618805033231562,5932668873100475470,300471914551172981,1,2,dgekt,0.7150362187944037
2104618805033231562,5237822943399727048,8573800373938698102,1,2,dgekt,0.681528502467563
2108936159450159022,300471914551172981,300471914551172981,1,2,dgekt,0.6745638510288963
2108936159450159022,8573800373938698102,8573800373938698102,0,2,dgekt,0.6158782928636971
2108936159450159022,2014268979504181100,300471914551172981,1,2,dgekt,0.6579761627678377
2108936159450159022,2172169907340938753,300471914551172981,1,2,dgekt,0.6601629009518237
2108936159450159022,8150806168444344502,300471914551172981,1,2,dgekt,0.6826293176705902
2108936159450159022,816286915455981984,8573800373938698102,0,2,dgekt,0.6694408617155408
2108936159450159022,1962751598315765836,300471914551172981,0,2,dgekt,0.6864122349754352
2108936159450159022,7444476343858270082,300471914551172981,1,2,dgekt,0.6918328878647094
2108936159450159022,2537821716777940730,300471914551172981,1,2,dgekt,0.6915561713098549
2108936159450159022,1061301253559417093,300471914551172981,1,2,dgekt,0.6729951843043801
2108936159450159022,8553379303363759508,300471914551172981,1,2,dgekt,0.6653109371521244
2108936159450159022,6440511557387709110,300471914551172981,1,2,dgekt,0.6912793171580589
2108936159450159022,7744513373483970787,8573800373938698102,0,2,dgekt,0.6226090257307791
2108936159450159022,2971078979906996375,300471914551172981,1,2,dgekt,0.6824887411512989
2108936159450159022,5841359775533910823,300471914551172981,0,2,dgekt,0.6518913235950976
2108936159450159022,8621262567927479011,300471914551172981,1,2,dgekt,0.6898929870284579
2108936159450159022,8434961942249729798,8573800373938698102,1,2,dgekt,0.6567596999128485
2108936159450159022,2322042198017538996,8573800373938698102,1,2,dgekt,0.657125247454589
2108936159450159022,1742185772413642127,300471914551172981,1,2,dgekt,0.695829735714841
2108936159450159022,2334639155148655290,8573800373938698102,1,2,dgekt,0.6636005123697934
2108936159450159022,7660717256841499384,300471914551172981,1,2,dgekt,0.7099861493150671
2108936159450159022,4113615466659810841,300471914551172981,1,2,dgekt,0.695417622992899
2108936159450159022,6125574002232610732,300471914551172981,0,2,dgekt,0.6609630033818568
2108936159450159022,2774368076249802464,8573800373938698102,0,2,dgekt,0.6520643880721613
2108936159450159022,8903365289186067945,8573800373938698102,1,2,dgekt,0.6544891681878957
2108936159450159022,6925932688889117475,300471914551172981,1,2,dgekt,0.7142423628524948
2108936159450159022,8194071366621068887,8573800373938698102,1,2,dgekt,0.6311072193883981
2108936159450159022,2986660907093963186,300471914551172981,1,2,dgekt,0.7195095749929978
2108936159450159022,7591109345808921544,300471914551172981,1,2,dgekt,0.6961729231066154
2108936159450159022,625545550176685521,8573800373938698102,1,2,dgekt,0.6656973680354613
2108936159450159022,1761868641361943332,8573800373938698102,1,2,dgekt,0.6763666255911174
2108936159450159022,4824259625677886603,300471914551172981,1,2,dgekt,0.6934902903902386
2108936159450159022,8450591260754163598,8573800373938698102,0,2,dgekt,0.6527264801586597
2108936159450159022,1553079256999111676,300471914551172981,1,2,dgekt,0.6988422729454801
2108936159450159022,3220231712819306119,8573800373938698102,1,2,dgekt,0.6591688617405917
2108936159450159022,338807275221326836,300471914551172981,1,2,dgekt,0.6873889851450635
2108936159450159022,8525319303741530302,8573800373938698102,0,2,dgekt,0.6610612214005206
2108936159450159022,6587421150596252277,300471914551172981,1,2,dgekt,0.7025839470154979
2108936159450159022,5891620578387310353,300471914551172981,0,2,dgekt,0.6850140077059866
2108936159450159022,5791250638486922978,300471914551172981,1,2,dgekt,0.7033290574008343
2108936159450159022,4031585874086886353,8573800373938698102,1,2,dgekt,0.6748736428279047
2108936159450159022,2083452711903133430,8573800373938698102,1,2,dgekt,0.6981831045958949
2108936159450159022,6319743179241711738,8573800373938698102,0,2,dgekt,0.6769344395726814
2108936159450159022,8628686323660025649,300471914551172981,1,2,dgekt,0.7046810337843598
2108936159450159022,4378721629787482518,300471914551172981,1,2,dgekt,0.7093846200596751
2108936159450159022,4813462692425748605,300471914551172981,0,2,dgekt,0.6741364189077859
2108936159450159022,4644364625800006675,300471914551172981,1,2,dgekt,0.6930764061159737
2108936159450159022,1062464292871659639,8573800373938698102,0,2,dgekt,0.6759404237757181
2108936159450159022,5932668873100475470,300471914551172981,1,2,dgekt,0.7150362187944037
2108936159450159022,5237822943399727048,8573800373938698102,1,2,dgekt,0.681528502467563
2125598698375511869,300471914551172981,300471914551172981,1,2,dgekt,0.6745638510288963
2125598698375511869,8573800373938698102,8573800373938698102,0,2,dgekt,0.6158782928636971
2125598698375511869,2014268979504181100,300471914551172981,1,2,dgekt,0.6579761627678377
2125598698375511869,2172169907340938753,300471914551172981,1,2,dgekt,0.6601629009518237
2125598698375511869,8150806168444344502,300471914551172981,1,2,dgekt,0.6826293176705902
2125598698375511869,816286915455981984,8573800373938698102,1,2,dgekt,0.6694408617155408
2125598698375511869,1962751598315765836,300471914551172981,1,2,dgekt,0.6864122349754352
2125598698375511869,7444476343858270082,300471914551172981,1,2,dgekt,0.6918328878647094
2125598698375511869,2537821716777940730,300471914551172981,1,2,dgekt,0.6915561713098549
2125598698375511869,1061301253559417093,300471914551172981,1,2,dgekt,0.6729951843043801
2125598698375511869,8553379303363759508,300471914551172981,1,2,dgekt,0.6653109371521244
2125598698375511869,6440511557387709110,300471914551172981,1,2,dgekt,0.6912793171580589
2125598698375511869,7744513373483970787,8573800373938698102,0,2,dgekt,0.6226090257307791
2125598698375511869,2971078979906996375,300471914551172981,1,2,dgekt,0.6824887411512989
2125598698375511869,5841359775533910823,300471914551172981,1,2,dgekt,0.6518913235950976
2125598698375511869,8621262567927479011,300471914551172981,1,2,dgekt,0.6898929870284579
2125598698375511869,8434961942249729798,8573800373938698102,1,2,dgekt,0.6567596999128485
2125598698375511869,2322042198017538996,8573800373938698102,0,2,dgekt,0.657125247454589
2125598698375511869,1742185772413642127,300471914551172981,1,2,dgekt,0.695829735714841
2125598698375511869,2334639155148655290,8573800373938698102,1,2,dgekt,0.6636005123697934
2125598698375511869,7660717256841499384,300471914551172981,1,2,dgekt,0.7099861493150671
2125598698375511869,4113615466659810841,300471914551172981,1,2,dgekt,0.695417622992899
2125598698375511869,6125574002232610732,300471914551172981,1,2,dgekt,0.6609630033818568
2125598698375511869,2774368076249802464,8573800373938698102,0,2,dgekt,0.6520643880721613
2125598698375511869,8903365289186067945,8573800373938698102,1,2,dgekt,0.6544891681878957
2125598698375511869,6925932688889117475,300471914551172981,1,2,dgekt,0.7142423628524948
2125598698375511869,8194071366621068887,8573800373938698102,1,2,dgekt,0.6311072193883981
2125598698375511869,2986660907093963186,300471914551172981,1,2,dgekt,0.7195095749929978
2125598698375511869,7591109345808921544,300471914551172981,1,2,dgekt,0.6961729231066154
2125598698375511869,625545550176685521,8573800373938698102,1,2,dgekt,0.6656973680354613
2125598698375511869,1761868641361943332,8573800373938698102,0,2,dgekt,0.6763666255911174
2125598698375511869,4824259625677886603,300471914551172981,1,2,dgekt,0.6934902903902386
2125598698375511869,8450591260754163598,8573800373938698102,0,2,dgekt,0.6527264801586597
2125598698375511869,1553079256999111676,300471914551172981,1,2,dgekt,0.6988422729454801
2125598698375511869,3220231712819306119,8573800373938698102,1,2,dgekt,0.6591688617405917
2125598698375511869,338807275221326836,300471914551172981,1,2,dgekt,0.6873889851450635
2125598698375511869,8525319303741530302,8573800373938698102,1,2,dgekt,0.6610612214005206
2125598698375511869,6587421150596252277,300471914551172981,1,2,dgekt,0.7025839470154979
2125598698375511869,5891620578387310353,300471914551172981,1,2,dgekt,0.6850140077059866
2125598698375511869,5791250638486922978,300471914551172981,1,2,dgekt,0.7033290574008343
2125598698375511869,4031585874086886353,8573800373938698102,1,2,dgekt,0.6748736428279047
2125598698375511869,2083452711903133430,8573800373938698102,1,2,dgekt,0.6981831045958949
2125598698375511869,6319743179241711738,8573800373938698102,1,2,dgekt,0.6769344395726814
2125598698375511869,8628686323660025649,300471914551172981,1,2,dgekt,0.7046810337843598
2125598698375511869,4378721629787482518,300471914551172981,1,2,dgekt,0.7093846200596751
2125598698375511869,4813462692425748605,300471914551172981,1,2,dgekt,0.6741364189077859
2125598698375511869,4644364625800006675,300471914551172981,1,2,dgekt,0.6930764061159737
2125598698375511869,1062464292871659639,8573800373938698102,1,2,dgekt,0.6759404237757181
2125598698375511869,5932668873100475470,300471914551172981,1,2,dgekt,0.7150362187944037
2125598698375511869,5237822943399727048,8573800373938698102,0,2,dgekt,0.681528502467563
2157877054695219556,300471914551172981,300471914551172981,1,2,dgekt,0.6745638510288963
2157877054695219556,8573800373938698102,8573800373938698102,0,2,dgekt,0.6158782928636971
2157877054695219556,2014268979504181100,300471914551172981,0,2,dgekt,0.6579761627678377
2157877054695219556,2172169907340938753,300471914551172981,0,2,dgekt,0.6601629009518237
2157877054695219556,8150806168444344502,300471914551172981,0,2,dgekt,0.6826293176705902
2157877054695219556,816286915455981984,8573800373938698102,0,2,dgekt,0.6694408617155408
2157877054695219556,1962751598315765836,300471914551172981,0,2,dgekt,0.6864122349754352
2157877054695219556,7444476343858270082,300471914551172981,0,2,dgekt,0.6918328878647094
2157877054695219556,2537821716777940730,300471914551172981,0,2,dgekt,0.6915561713098549
2157877054695219556,1061301253559417093,300471914551172981,0,2,dgekt,0.6729951843043801
2157877054695219556,8553379303363759508,300471914551172981,1,2,dgekt,0.6653109371521244
2157877054695219556,6440511557387709110,300471914551172981,0,2,dgekt,0.6912793171580589
2157877054695219556,7744513373483970787,8573800373938698102,0,2,dgekt,0.6226090257307791
2157877054695219556,2971078979906996375,300471914551172981,0,2,dgekt,0.6824887411512989
2157877054695219556,5841359775533910823,300471914551172981,0,2,dgekt,0.6518913235950976
2157877054695219556,8621262567927479011,300471914551172981,1,2,dgekt,0.6898929870284579
2157877054695219556,8434961942249729798,8573800373938698102,0,2,dgekt,0.6567596999128485
2157877054695219556,2322042198017538996,8573800373938698102,0,2,dgekt,0.657125247454589
2157877054695219556,1742185772413642127,300471914551172981,1,2,dgekt,0.695829735714841
2157877054695219556,2334639155148655290,8573800373938698102,0,2,dgekt,0.6636005123697934
2157877054695219556,7660717256841499384,300471914551172981,0,2,dgekt,0.7099861493150671
2157877054695219556,4113615466659810841,300471914551172981,1,2,dgekt,0.695417622992899
2157877054695219556,6125574002232610732,300471914551172981,0,2,dgekt,0.6609630033818568
2157877054695219556,2774368076249802464,8573800373938698102,0,2,dgekt,0.6520643880721613
2157877054695219556,8903365289186067945,8573800373938698102,1,2,dgekt,0.6544891681878957
2157877054695219556,6925932688889117475,300471914551172981,1,2,dgekt,0.7142423628524948
2157877054695219556,8194071366621068887,8573800373938698102,0,2,dgekt,0.6311072193883981
2157877054695219556,2986660907093963186,300471914551172981,1,2,dgekt,0.7195095749929978
2157877054695219556,7591109345808921544,300471914551172981,0,2,dgekt,0.6961729231066154
2157877054695219556,625545550176685521,8573800373938698102,0,2,dgekt,0.6656973680354613
2157877054695219556,1761868641361943332,8573800373938698102,0,2,dgekt,0.6763666255911174
2157877054695219556,4824259625677886603,300471914551172981,0,2,dgekt,0.6934902903902386
2157877054695219556,8450591260754163598,8573800373938698102,0,2,dgekt,0.6527264801586597
2157877054695219556,1553079256999111676,300471914551172981,0,2,dgekt,0.6988422729454801
2157877054695219556,3220231712819306119,8573800373938698102,0,2,dgekt,0.6591688617405917
2157877054695219556,338807275221326836,300471914551172981,1,2,dgekt,0.6873889851450635
2157877054695219556,8525319303741530302,8573800373938698102,0,2,dgekt,0.6610612214005206
2157877054695219556,6587421150596252277,300471914551172981,1,2,dgekt,0.7025839470154979
2157877054695219556,5891620578387310353,300471914551172981,0,2,dgekt,0.6850140077059866
2157877054695219556,5791250638486922978,300471914551172981,0,2,dgekt,0.7033290574008343
2157877054695219556,4031585874086886353,8573800373938698102,1,2,dgekt,0.6748736428279047
2157877054695219556,2083452711903133430,8573800373938698102,1,2,dgekt,0.6981831045958949
2157877054695219556,6319743179241711738,8573800373938698102,0,2,dgekt,0.6769344395726814
2157877054695219556,8628686323660025649,300471914551172981,1,2,dgekt,0.7046810337843598
2157877054695219556,4378721629787482518,300471914551172981,1,2,dgekt,0.7093846200596751
2157877054695219556,4813462692425748605,300471914551172981,0,2,dgekt,0.6741364189077859
2157877054695219556,4644364625800006675,300471914551172981,0,2,dgekt,0.6930764061159737
2157877054695219556,1062464292871659639,8573800373938698102,1,2,dgekt,0.6759404237757181
2157877054695219556,5932668873100475470,300471914551172981,0,2,dgekt,0.7150362187944037
2157877054695219556,5237822943399727048,8573800373938698102,0,2,dgekt,0.681528502467563
2226818480359220255,300471914551172981,300471914551172981,1,2,dgekt,0.6745638510288963
2226818480359220255,8573800373938698102,8573800373938698102,1,2,dgekt,0.6158782928636971
2226818480359220255,2014268979504181100,300471914551172981,0,2,dgekt,0.6579761627678377
2226818480359220255,2172169907340938753,300471914551172981,0,2,dgekt,0.6601629009518237
2226818480359220255,8150806168444344502,300471914551172981,0,2,dgekt,0.6826293176705902
2226818480359220255,816286915455981984,8573800373938698102,1,2,dgekt,0.6694408617155408
2226818480359220255,1962751598315765836,300471914551172981,0,2,dgekt,0.6864122349754352
2226818480359220255,7444476343858270082,300471914551172981,0,2,dgekt,0.6918328878647094
2226818480359220255,2537821716777940730,300471914551172981,1,2,dgekt,0.6915561713098549
2226818480359220255,1061301253559417093,300471914551172981,0,2,dgekt,0.6729951843043801
2226818480359220255,8553379303363759508,300471914551172981,0,2,dgekt,0.6653109371521244
2226818480359220255,6440511557387709110,300471914551172981,1,2,dgekt,0.6912793171580589
2226818480359220255,7744513373483970787,8573800373938698102,1,2,dgekt,0.6226090257307791
2226818480359220255,2971078979906996375,300471914551172981,0,2,dgekt,0.6824887411512989
2226818480359220255,5841359775533910823,300471914551172981,0,2,dgekt,0.6518913235950976
2226818480359220255,8621262567927479011,300471914551172981,0,2,dgekt,0.6898929870284579
2226818480359220255,8434961942249729798,8573800373938698102,1,2,dgekt,0.6567596999128485
2226818480359220255,2322042198017538996,8573800373938698102,1,2,dgekt,0.657125247454589
2226818480359220255,1742185772413642127,300471914551172981,0,2,dgekt,0.695829735714841
2226818480359220255,2334639155148655290,8573800373938698102,1,2,dgekt,0.6636005123697934
2226818480359220255,7660717256841499384,300471914551172981,0,2,dgekt,0.7099861493150671
2226818480359220255,4113615466659810841,300471914551172981,1,2,dgekt,0.695417622992899
2226818480359220255,6125574002232610732,300471914551172981,0,2,dgekt,0.6609630033818568
2226818480359220255,2774368076249802464,8573800373938698102,1,2,dgekt,0.6520643880721613
2226818480359220255,8903365289186067945,8573800373938698102,1,2,dgekt,0.6544891681878957
2226818480359220255,6925932688889117475,300471914551172981,1,2,dgekt,0.7142423628524948
2226818480359220255,8194071366621068887,8573800373938698102,1,2,dgekt,0.6311072193883981
2226818480359220255,2986660907093963186,300471914551172981,0,2,dgekt,0.7195095749929978
2226818480359220255,7591109345808921544,300471914551172981,0,2,dgekt,0.6961729231066154
2226818480359220255,625545550176685521,8573800373938698102,1,2,dgekt,0.6656973680354613
2226818480359220255,1761868641361943332,8573800373938698102,1,2,dgekt,0.6763666255911174
2226818480359220255,4824259625677886603,300471914551172981,0,2,dgekt,0.6934902903902386
2226818480359220255,8450591260754163598,8573800373938698102,1,2,dgekt,0.6527264801586597
2226818480359220255,1553079256999111676,300471914551172981,0,2,dgekt,0.6988422729454801
2226818480359220255,3220231712819306119,8573800373938698102,1,2,dgekt,0.6591688617405917
2226818480359220255,338807275221326836,300471914551172981,1,2,dgekt,0.6873889851450635
2226818480359220255,8525319303741530302,8573800373938698102,1,2,dgekt,0.6610612214005206
2226818480359220255,6587421150596252277,300471914551172981,0,2,dgekt,0.7025839470154979
2226818480359220255,5891620578387310353,300471914551172981,0,2,dgekt,0.6850140077059866
2226818480359220255,5791250638486922978,300471914551172981,0,2,dgekt,0.7033290574008343
2226818480359220255,4031585874086886353,8573800373938698102,1,2,dgekt,0.6748736428279047
2226818480359220255,2083452711903133430,8573800373938698102,1,2,dgekt,0.6981831045958949
2226818480359220255,6319743179241711738,8573800373938698102,1,2,dgekt,0.6769344395726814
2226818480359220255,8628686323660025649,300471914551172981,0,2,dgekt,0.7046810337843598
2226818480359220255,4378721629787482518,300471914551172981,1,2,dgekt,0.7093846200596751
2226818480359220255,4813462692425748605,300471914551172981,1,2,dgekt,0.6741364189077859
2226818480359220255,4644364625800006675,300471914551172981,1,2,dgekt,0.6930764061159737
2226818480359220255,1062464292871659639,8573800373938698102,1,2,dgekt,0.6759404237757181
2226818480359220255,5932668873100475470,300471914551172981,0,2,dgekt,0.7150362187944037
2226818480359220255,5237822943399727048,8573800373938698102,1,2,dgekt,0.681528502467563
2256372558845299038,300471914551172981,300471914551172981,0,2,dgekt,0.6745638510288963
2256372558845299038,8573800373938698102,8573800373938698102,1,2,dgekt,0.6158782928636971
2256372558845299038,2014268979504181100,300471914551172981,1,2,dgekt,0.6579761627678377
2256372558845299038,2172169907340938753,300471914551172981,1,2,dgekt,0.6601629009518237
2256372558845299038,8150806168444344502,300471914551172981,0,2,dgekt,0.6826293176705902
2256372558845299038,816286915455981984,8573800373938698102,1,2,dgekt,0.6694408617155408
2256372558845299038,1962751598315765836,300471914551172981,1,2,dgekt,0.6864122349754352
2256372558845299038,7444476343858270082,300471914551172981,1,2,dgekt,0.6918328878647094
2256372558845299038,2537821716777940730,300471914551172981,0,2,dgekt,0.6915561713098549
2256372558845299038,1061301253559417093,300471914551172981,1,2,dgekt,0.6729951843043801
2256372558845299038,8553379303363759508,300471914551172981,1,2,dgekt,0.6653109371521244
2256372558845299038,6440511557387709110,300471914551172981,1,2,dgekt,0.6912793171580589
2256372558845299038,7744513373483970787,8573800373938698102,0,2,dgekt,0.6226090257307791
2256372558845299038,2971078979906996375,300471914551172981,1,2,dgekt,0.6824887411512989
2256372558845299038,5841359775533910823,300471914551172981,1,2,dgekt,0.6518913235950976
2256372558845299038,8621262567927479011,300471914551172981,1,2,dgekt,0.6898929870284579
2256372558845299038,8434961942249729798,8573800373938698102,1,2,dgekt,0.6567596999128485
2256372558845299038,2322042198017538996,8573800373938698102,1,2,dgekt,0.657125247454589
2256372558845299038,1742185772413642127,300471914551172981,1,2,dgekt,0.695829735714841
2256372558845299038,2334639155148655290,8573800373938698102,1,2,dgekt,0.6636005123697934
2256372558845299038,7660717256841499384,300471914551172981,1,2,dgekt,0.7099861493150671
2256372558845299038,4113615466659810841,300471914551172981,1,2,dgekt,0.695417622992899
2256372558845299038,6125574002232610732,300471914551172981,0,2,dgekt,0.6609630033818568
2256372558845299038,2774368076249802464,8573800373938698102,1,2,dgekt,0.6520643880721613
2256372558845299038,8903365289186067945,8573800373938698102,1,2,dgekt,0.6544891681878957
2256372558845299038,6925932688889117475,300471914551172981,1,2,dgekt,0.7142423628524948
2256372558845299038,8194071366621068887,8573800373938698102,1,2,dgekt,0.6311072193883981
2256372558845299038,2986660907093963186,300471914551172981,1,2,dgekt,0.7195095749929978
2256372558845299038,7591109345808921544,300471914551172981,1,2,dgekt,0.6961729231066154
2256372558845299038,625545550176685521,8573800373938698102,1,2,dgekt,0.6656973680354613
2256372558845299038,1761868641361943332,8573800373938698102,1,2,dgekt,0.6763666255911174
2256372558845299038,4824259625677886603,300471914551172981,0,2,dgekt,0.6934902903902386
2256372558845299038,8450591260754163598,8573800373938698102,1,2,dgekt,0.6527264801586597
2256372558845299038,1553079256999111676,300471914551172981,1,2,dgekt,0.6988422729454801
2256372558845299038,3220231712819306119,8573800373938698102,0,2,dgekt,0.6591688617405917
2256372558845299038,338807275221326836,300471914551172981,1,2,dgekt,0.6873889851450635
2256372558845299038,8525319303741530302,8573800373938698102,1,2,dgekt,0.6610612214005206
2256372558845299038,6587421150596252277,300471914551172981,1,2,dgekt,0.7025839470154979
2256372558845299038,5891620578387310353,300471914551172981,0,2,dgekt,0.6850140077059866
2256372558845299038,5791250638486922978,300471914551172981,1,2,dgekt,0.7033290574008343
2256372558845299038,4031585874086886353,8573800373938698102,1,2,dgekt,0.6748736428279047
2256372558845299038,2083452711903133430,8573800373938698102,1,2,dgekt,0.6981831045958949
2256372558845299038,6319743179241711738,8573800373938698102,1,2,dgekt,0.6769344395726814
2256372558845299038,8628686323660025649,300471914551172981,1,2,dgekt,0.7046810337843598
2256372558845299038,4378721629787482518,300471914551172981,1,2,dgekt,0.7093846200596751
2256372558845299038,4813462692425748605,300471914551172981,1,2,dgekt,0.6741364189077859
2256372558845299038,4644364625800006675,300471914551172981,1,2,dgekt,0.6930764061159737
2256372558845299038,1062464292871659639,8573800373938698102,1,2,dgekt,0.6759404237757181
2256372558845299038,5932668873100475470,300471914551172981,1,2,dgekt,0.7150362187944037
2256372558845299038,5237822943399727048,8573800373938698102,0,2,dgekt,0.681528502467563
2277551084322778170,300471914551172981,300471914551172981,0,2,dgekt,0.6745638510288963
2277551084322778170,8573800373938698102,8573800373938698102,1,2,dgekt,0.6158782928636971
2277551084322778170,2014268979504181100,300471914551172981,0,2,dgekt,0.6579761627678377
2277551084322778170,2172169907340938753,300471914551172981,0,2,dgekt,0.6601629009518237
2277551084322778170,8150806168444344502,300471914551172981,0,2,dgekt,0.6826293176705902
2277551084322778170,816286915455981984,8573800373938698102,1,2,dgekt,0.6694408617155408
2277551084322778170,1962751598315765836,300471914551172981,0,2,dgekt,0.6864122349754352
2277551084322778170,7444476343858270082,300471914551172981,0,2,dgekt,0.6918328878647094
2277551084322778170,2537821716777940730,300471914551172981,0,2,dgekt,0.6915561713098549
2277551084322778170,1061301253559417093,300471914551172981,0,2,dgekt,0.6729951843043801
2277551084322778170,8553379303363759508,300471914551172981,0,2,dgekt,0.6653109371521244
2277551084322778170,6440511557387709110,300471914551172981,0,2,dgekt,0.6912793171580589
2277551084322778170,7744513373483970787,8573800373938698102,1,2,dgekt,0.6226090257307791
2277551084322778170,2971078979906996375,300471914551172981,0,2,dgekt,0.6824887411512989
2277551084322778170,5841359775533910823,300471914551172981,0,2,dgekt,0.6518913235950976
2277551084322778170,8621262567927479011,300471914551172981,0,2,dgekt,0.6898929870284579
2277551084322778170,8434961942249729798,8573800373938698102,0,2,dgekt,0.6567596999128485
2277551084322778170,2322042198017538996,8573800373938698102,1,2,dgekt,0.657125247454589
2277551084322778170,1742185772413642127,300471914551172981,0,2,dgekt,0.695829735714841
2277551084322778170,2334639155148655290,8573800373938698102,1,2,dgekt,0.6636005123697934
2277551084322778170,7660717256841499384,300471914551172981,0,2,dgekt,0.7099861493150671
2277551084322778170,4113615466659810841,300471914551172981,0,2,dgekt,0.695417622992899
2277551084322778170,6125574002232610732,300471914551172981,1,2,dgekt,0.6609630033818568
2277551084322778170,2774368076249802464,8573800373938698102,1,2,dgekt,0.6520643880721613
2277551084322778170,8903365289186067945,8573800373938698102,1,2,dgekt,0.6544891681878957
2277551084322778170,6925932688889117475,300471914551172981,0,2,dgekt,0.7142423628524948
2277551084322778170,8194071366621068887,8573800373938698102,1,2,dgekt,0.6311072193883981
2277551084322778170,2986660907093963186,300471914551172981,1,2,dgekt,0.7195095749929978
2277551084322778170,7591109345808921544,300471914551172981,0,2,dgekt,0.6961729231066154
2277551084322778170,625545550176685521,8573800373938698102,1,2,dgekt,0.6656973680354613
2277551084322778170,1761868641361943332,8573800373938698102,1,2,dgekt,0.6763666255911174
2277551084322778170,4824259625677886603,300471914551172981,0,2,dgekt,0.6934902903902386
2277551084322778170,8450591260754163598,8573800373938698102,0,2,dgekt,0.6527264801586597
2277551084322778170,1553079256999111676,300471914551172981,1,2,dgekt,0.6988422729454801
2277551084322778170,3220231712819306119,8573800373938698102,1,2,dgekt,0.6591688617405917
2277551084322778170,338807275221326836,300471914551172981,0,2,dgekt,0.6873889851450635
2277551084322778170,8525319303741530302,8573800373938698102,1,2,dgekt,0.6610612214005206
2277551084322778170,6587421150596252277,300471914551172981,1,2,dgekt,0.7025839470154979
2277551084322778170,5891620578387310353,300471914551172981,0,2,dgekt,0.6850140077059866
2277551084322778170,5791250638486922978,300471914551172981,0,2,dgekt,0.7033290574008343
2277551084322778170,4031585874086886353,8573800373938698102,1,2,dgekt,0.6748736428279047
2277551084322778170,2083452711903133430,8573800373938698102,1,2,dgekt,0.6981831045958949
2277551084322778170,6319743179241711738,8573800373938698102,0,2,dgekt,0.6769344395726814
2277551084322778170,8628686323660025649,300471914551172981,0,2,dgekt,0.7046810337843598
2277551084322778170,4378721629787482518,300471914551172981,0,2,dgekt,0.7093846200596751
2277551084322778170,4813462692425748605,300471914551172981,0,2,dgekt,0.6741364189077859
2277551084322778170,4644364625800006675,300471914551172981,0,2,dgekt,0.6930764061159737
2277551084322778170,1062464292871659639,8573800373938698102,1,2,dgekt,0.6759404237757181
2277551084322778170,5932668873100475470,300471914551172981,0,2,dgekt,0.7150362187944037
2277551084322778170,5237822943399727048,8573800373938698102,1,2,dgekt,0.681528502467563
2290358221148407258,300471914551172981,300471914551172981,1,2,dgekt,0.6745638510288963
2290358221148407258,8573800373938698102,8573800373938698102,0,2,dgekt,0.6158782928636971
2290358221148407258,2014268979504181100,300471914551172981,1,2,dgekt,0.6579761627678377
2290358221148407258,2172169907340938753,300471914551172981,1,2,dgekt,0.6601629009518237
2290358221148407258,8150806168444344502,300471914551172981,1,2,dgekt,0.6826293176705902
2290358221148407258,816286915455981984,8573800373938698102,1,2,dgekt,0.6694408617155408
2290358221148407258,1962751598315765836,300471914551172981,1,2,dgekt,0.6864122349754352
2290358221148407258,7444476343858270082,300471914551172981,1,2,dgekt,0.6918328878647094
2290358221148407258,2537821716777940730,300471914551172981,1,2,dgekt,0.6915561713098549
2290358221148407258,1061301253559417093,300471914551172981,1,2,dgekt,0.6729951843043801
2290358221148407258,8553379303363759508,300471914551172981,1,2,dgekt,0.6653109371521244
2290358221148407258,6440511557387709110,300471914551172981,1,2,dgekt,0.6912793171580589
2290358221148407258,7744513373483970787,8573800373938698102,0,2,dgekt,0.6226090257307791
2290358221148407258,2971078979906996375,300471914551172981,1,2,dgekt,0.6824887411512989
2290358221148407258,5841359775533910823,300471914551172981,1,2,dgekt,0.6518913235950976
2290358221148407258,8621262567927479011,300471914551172981,1,2,dgekt,0.6898929870284579
2290358221148407258,8434961942249729798,8573800373938698102,1,2,dgekt,0.6567596999128485
2290358221148407258,2322042198017538996,8573800373938698102,0,2,dgekt,0.657125247454589
2290358221148407258,1742185772413642127,300471914551172981,1,2,dgekt,0.695829735714841
2290358221148407258,2334639155148655290,8573800373938698102,0,2,dgekt,0.6636005123697934
2290358221148407258,7660717256841499384,300471914551172981,1,2,dgekt,0.7099861493150671
2290358221148407258,4113615466659810841,300471914551172981,1,2,dgekt,0.695417622992899
2290358221148407258,6125574002232610732,300471914551172981,0,2,dgekt,0.6609630033818568
2290358221148407258,2774368076249802464,8573800373938698102,0,2,dgekt,0.6520643880721613
2290358221148407258,8903365289186067945,8573800373938698102,0,2,dgekt,0.6544891681878957
2290358221148407258,6925932688889117475,300471914551172981,1,2,dgekt,0.7142423628524948
2290358221148407258,8194071366621068887,8573800373938698102,0,2,dgekt,0.6311072193883981
2290358221148407258,2986660907093963186,300471914551172981,1,2,dgekt,0.7195095749929978
2290358221148407258,7591109345808921544,300471914551172981,1,2,dgekt,0.6961729231066154
2290358221148407258,625545550176685521,8573800373938698102,1,2,dgekt,0.6656973680354613
2290358221148407258,1761868641361943332,8573800373938698102,1,2,dgekt,0.6763666255911174
2290358221148407258,4824259625677886603,300471914551172981,1,2,dgekt,0.6934902903902386
2290358221148407258,8450591260754163598,8573800373938698102,0,2,dgekt,0.6527264801586597
2290358221148407258,1553079256999111676,300471914551172981,1,2,dgekt,0.6988422729454801
2290358221148407258,3220231712819306119,8573800373938698102,1,2,dgekt,0.6591688617405917
2290358221148407258,338807275221326836,300471914551172981,1,2,dgekt,0.6873889851450635
2290358221148407258,8525319303741530302,8573800373938698102,1,2,dgekt,0.6610612214005206
2290358221148407258,6587421150596252277,300471914551172981,1,2,dgekt,0.7025839470154979
2290358221148407258,5891620578387310353,300471914551172981,1,2,dgekt,0.6850140077059866
2290358221148407258,5791250638486922978,300471914551172981,1,2,dgekt,0.7033290574008343
2290358221148407258,4031585874086886353,8573800373938698102,0,2,dgekt,0.6748736428279047
2290358221148407258,2083452711903133430,8573800373938698102,1,2,dgekt,0.6981831045958949
2290358221148407258,6319743179241711738,8573800373938698102,0,2,dgekt,0.6769344395726814
2290358221148407258,8628686323660025649,300471914551172981,1,2,dgekt,0.7046810337843598
2290358221148407258,4378721629787482518,300471914551172981,1,2,dgekt,0.7093846200596751
2290358221148407258,4813462692425748605,300471914551172981,1,2,dgekt,0.6741364189077859
2290358221148407258,4644364625800006675,300471914551172981,1,2,dgekt,0.6930764061159737
2290358221148407258,1062464292871659639,8573800373938698102,0,2,dgekt,0.6759404237757181
2290358221148407258,5932668873100475470,300471914551172981,1,2,dgekt,0.7150362187944037
2290358221148407258,5237822943399727048,8573800373938698102,0,2,dgekt,0.681528502467563
2319496717936970235,300471914551172981,300471914551172981,1,2,dgekt,0.6745638510288963
2319496717936970235,8573800373938698102,8573800373938698102,0,2,dgekt,0.6158782928636971
2319496717936970235,2014268979504181100,300471914551172981,0,2,dgekt,0.6579761627678377
2319496717936970235,2172169907340938753,300471914551172981,0,2,dgekt,0.6601629009518237
2319496717936970235,8150806168444344502,300471914551172981,1,2,dgekt,0.6826293176705902
2319496717936970235,816286915455981984,8573800373938698102,0,2,dgekt,0.6694408617155408
2319496717936970235,1962751598315765836,300471914551172981,0,2,dgekt,0.6864122349754352
2319496717936970235,7444476343858270082,300471914551172981,1,2,dgekt,0.6918328878647094
2319496717936970235,2537821716777940730,300471914551172981,0,2,dgekt,0.6915561713098549
2319496717936970235,1061301253559417093,300471914551172981,1,2,dgekt,0.6729951843043801
2319496717936970235,8553379303363759508,300471914551172981,0,2,dgekt,0.6653109371521244
2319496717936970235,6440511557387709110,300471914551172981,0,2,dgekt,0.6912793171580589
2319496717936970235,7744513373483970787,8573800373938698102,0,2,dgekt,0.6226090257307791
2319496717936970235,2971078979906996375,300471914551172981,0,2,dgekt,0.6824887411512989
2319496717936970235,5841359775533910823,300471914551172981,0,2,dgekt,0.6518913235950976
2319496717936970235,8621262567927479011,300471914551172981,0,2,dgekt,0.6898929870284579
2319496717936970235,8434961942249729798,8573800373938698102,0,2,dgekt,0.6567596999128485
2319496717936970235,2322042198017538996,8573800373938698102,1,2,dgekt,0.657125247454589
2319496717936970235,1742185772413642127,300471914551172981,0,2,dgekt,0.695829735714841
2319496717936970235,2334639155148655290,8573800373938698102,1,2,dgekt,0.6636005123697934
2319496717936970235,7660717256841499384,300471914551172981,0,2,dgekt,0.7099861493150671
2319496717936970235,4113615466659810841,300471914551172981,1,2,dgekt,0.695417622992899
2319496717936970235,6125574002232610732,300471914551172981,0,2,dgekt,0.6609630033818568
2319496717936970235,2774368076249802464,8573800373938698102,1,2,dgekt,0.6520643880721613
2319496717936970235,8903365289186067945,8573800373938698102,1,2,dgekt,0.6544891681878957
2319496717936970235,6925932688889117475,300471914551172981,1,2,dgekt,0.7142423628524948
2319496717936970235,8194071366621068887,8573800373938698102,0,2,dgekt,0.6311072193883981
2319496717936970235,2986660907093963186,300471914551172981,1,2,dgekt,0.7195095749929978
2319496717936970235,7591109345808921544,300471914551172981,1,2,dgekt,0.6961729231066154
2319496717936970235,625545550176685521,8573800373938698102,0,2,dgekt,0.6656973680354613
2319496717936970235,1761868641361943332,8573800373938698102,1,2,dgekt,0.6763666255911174
2319496717936970235,4824259625677886603,300471914551172981,1,2,dgekt,0.6934902903902386
2319496717936970235,8450591260754163598,8573800373938698102,0,2,dgekt,0.6527264801586597
2319496717936970235,1553079256999111676,300471914551172981,0,2,dgekt,0.6988422729454801
2319496717936970235,3220231712819306119,8573800373938698102,0,2,dgekt,0.6591688617405917
2319496717936970235,338807275221326836,300471914551172981,0,2,dgekt,0.6873889851450635
2319496717936970235,8525319303741530302,8573800373938698102,1,2,dgekt,0.6610612214005206
2319496717936970235,6587421150596252277,300471914551172981,0,2,dgekt,0.7025839470154979
2319496717936970235,5891620578387310353,300471914551172981,1,2,dgekt,0.6850140077059866
2319496717936970235,5791250638486922978,300471914551172981,0,2,dgekt,0.7033290574008343
2319496717936970235,4031585874086886353,8573800373938698102,1,2,dgekt,0.6748736428279047
2319496717936970235,2083452711903133430,8573800373938698102,1,2,dgekt,0.6981831045958949
2319496717936970235,6319743179241711738,8573800373938698102,0,2,dgekt,0.6769344395726814
2319496717936970235,8628686323660025649,300471914551172981,1,2,dgekt,0.7046810337843598
2319496717936970235,4378721629787482518,300471914551172981,1,2,dgekt,0.7093846200596751
2319496717936970235,4813462692425748605,300471914551172981,0,2,dgekt,0.6741364189077859
2319496717936970235,4644364625800006675,300471914551172981,0,2,dgekt,0.6930764061159737
2319496717936970235,1062464292871659639,8573800373938698102,0,2,dgekt,0.6759404237757181
2319496717936970235,5932668873100475470,300471914551172981,0,2,dgekt,0.7150362187944037
2319496717936970235,5237822943399727048,8573800373938698102,0,2,dgekt,0.681528502467563
2322042198017538996,300471914551172981,300471914551172981,0,2,dgekt,0.6745638510288963
2322042198017538996,8573800373938698102,8573800373938698102,0,2,dgekt,0.6158782928636971
2322042198017538996,2014268979504181100,300471914551172981,1,2,dgekt,0.6579761627678377
2322042198017538996,2172169907340938753,300471914551172981,0,2,dgekt,0.6601629009518237
2322042198017538996,8150806168444344502,300471914551172981,0,2,dgekt,0.6826293176705902
2322042198017538996,816286915455981984,8573800373938698102,0,2,dgekt,0.6694408617155408
2322042198017538996,1962751598315765836,300471914551172981,0,2,dgekt,0.6864122349754352
2322042198017538996,7444476343858270082,300471914551172981,0,2,dgekt,0.6918328878647094
2322042198017538996,2537821716777940730,300471914551172981,0,2,dgekt,0.6915561713098549
2322042198017538996,1061301253559417093,300471914551172981,0,2,dgekt,0.6729951843043801
2322042198017538996,8553379303363759508,300471914551172981,0,2,dgekt,0.6653109371521244
2322042198017538996,6440511557387709110,300471914551172981,0,2,dgekt,0.6912793171580589
2322042198017538996,7744513373483970787,8573800373938698102,0,2,dgekt,0.6226090257307791
2322042198017538996,2971078979906996375,300471914551172981,0,2,dgekt,0.6824887411512989
2322042198017538996,5841359775533910823,300471914551172981,0,2,dgekt,0.6518913235950976
2322042198017538996,8621262567927479011,300471914551172981,0,2,dgekt,0.6898929870284579
2322042198017538996,8434961942249729798,8573800373938698102,0,2,dgekt,0.6567596999128485
2322042198017538996,2322042198017538996,8573800373938698102,0,2,dgekt,0.657125247454589
2322042198017538996,1742185772413642127,300471914551172981,0,2,dgekt,0.695829735714841
2322042198017538996,2334639155148655290,8573800373938698102,0,2,dgekt,0.6636005123697934
2322042198017538996,7660717256841499384,300471914551172981,1,2,dgekt,0.7099861493150671
2322042198017538996,4113615466659810841,300471914551172981,0,2,dgekt,0.695417622992899
2322042198017538996,6125574002232610732,300471914551172981,0,2,dgekt,0.6609630033818568
2322042198017538996,2774368076249802464,8573800373938698102,0,2,dgekt,0.6520643880721613
2322042198017538996,8903365289186067945,8573800373938698102,0,2,dgekt,0.6544891681878957
2322042198017538996,6925932688889117475,300471914551172981,0,2,dgekt,0.7142423628524948
2322042198017538996,8194071366621068887,8573800373938698102,0,2,dgekt,0.6311072193883981
2322042198017538996,2986660907093963186,300471914551172981,0,2,dgekt,0.7195095749929978
2322042198017538996,7591109345808921544,300471914551172981,1,2,dgekt,0.6961729231066154
2322042198017538996,625545550176685521,8573800373938698102,0,2,dgekt,0.6656973680354613
2322042198017538996,1761868641361943332,8573800373938698102,0,2,dgekt,0.6763666255911174
2322042198017538996,4824259625677886603,300471914551172981,0,2,dgekt,0.6934902903902386
2322042198017538996,8450591260754163598,8573800373938698102,0,2,dgekt,0.6527264801586597
2322042198017538996,1553079256999111676,300471914551172981,0,2,dgekt,0.6988422729454801
2322042198017538996,3220231712819306119,8573800373938698102,0,2,dgekt,0.6591688617405917
2322042198017538996,338807275221326836,300471914551172981,0,2,dgekt,0.6873889851450635
2322042198017538996,8525319303741530302,8573800373938698102,0,2,dgekt,0.6610612214005206
2322042198017538996,6587421150596252277,300471914551172981,0,2,dgekt,0.7025839470154979
2322042198017538996,5891620578387310353,300471914551172981,0,2,dgekt,0.6850140077059866
2322042198017538996,5791250638486922978,300471914551172981,0,2,dgekt,0.7033290574008343
2322042198017538996,4031585874086886353,8573800373938698102,0,2,dgekt,0.6748736428279047
2322042198017538996,2083452711903133430,8573800373938698102,0,2,dgekt,0.6981831045958949
2322042198017538996,6319743179241711738,8573800373938698102,0,2,dgekt,0.6769344395726814
2322042198017538996,8628686323660025649,300471914551172981,0,2,dgekt,0.7046810337843598
2322042198017538996,4378721629787482518,300471914551172981,0,2,dgekt,0.7093846200596751
2322042198017538996,4813462692425748605,300471914551172981,1,2,dgekt,0.6741364189077859
2322042198017538996,4644364625800006675,300471914551172981,0,2,dgekt,0.6930764061159737
2322042198017538996,1062464292871659639,8573800373938698102,1,2,dgekt,0.6759404237757181
2322042198017538996,5932668873100475470,300471914551172981,0,2,dgekt,0.7150362187944037
2322042198017538996,5237822943399727048,8573800373938698102,0,2,dgekt,0.681528502467563
2337601666736232616,300471914551172981,300471914551172981,1,2,dgekt,0.6745638510288963
2337601666736232616,8573800373938698102,8573800373938698102,0,2,dgekt,0.6158782928636971
2337601666736232616,2014268979504181100,300471914551172981,0,2,dgekt,0.6579761627678377
2337601666736232616,2172169907340938753,300471914551172981,0,2,dgekt,0.6601629009518237
2337601666736232616,8150806168444344502,300471914551172981,0,2,dgekt,0.6826293176705902
2337601666736232616,816286915455981984,8573800373938698102,1,2,dgekt,0.6694408617155408
2337601666736232616,1962751598315765836,300471914551172981,1,2,dgekt,0.6864122349754352
2337601666736232616,7444476343858270082,300471914551172981,1,2,dgekt,0.6918328878647094
2337601666736232616,2537821716777940730,300471914551172981,1,2,dgekt,0.6915561713098549
2337601666736232616,1061301253559417093,300471914551172981,1,2,dgekt,0.6729951843043801
2337601666736232616,8553379303363759508,300471914551172981,1,2,dgekt,0.6653109371521244
2337601666736232616,6440511557387709110,300471914551172981,0,2,dgekt,0.6912793171580589
2337601666736232616,7744513373483970787,8573800373938698102,0,2,dgekt,0.6226090257307791
2337601666736232616,2971078979906996375,300471914551172981,1,2,dgekt,0.6824887411512989
2337601666736232616,5841359775533910823,300471914551172981,1,2,dgekt,0.6518913235950976
2337601666736232616,8621262567927479011,300471914551172981,1,2,dgekt,0.6898929870284579
2337601666736232616,8434961942249729798,8573800373938698102,0,2,dgekt,0.6567596999128485
2337601666736232616,2322042198017538996,8573800373938698102,1,2,dgekt,0.657125247454589
2337601666736232616,1742185772413642127,300471914551172981,1,2,dgekt,0.695829735714841
2337601666736232616,2334639155148655290,8573800373938698102,1,2,dgekt,0.6636005123697934
2337601666736232616,7660717256841499384,300471914551172981,1,2,dgekt,0.7099861493150671
2337601666736232616,4113615466659810841,300471914551172981,1,2,dgekt,0.695417622992899
2337601666736232616,6125574002232610732,300471914551172981,0,2,dgekt,0.6609630033818568
2337601666736232616,2774368076249802464,8573800373938698102,1,2,dgekt,0.6520643880721613
2337601666736232616,8903365289186067945,8573800373938698102,1,2,dgekt,0.6544891681878957
2337601666736232616,6925932688889117475,300471914551172981,1,2,dgekt,0.7142423628524948
2337601666736232616,8194071366621068887,8573800373938698102,0,2,dgekt,0.6311072193883981
2337601666736232616,2986660907093963186,300471914551172981,1,2,dgekt,0.7195095749929978
2337601666736232616,7591109345808921544,300471914551172981,0,2,dgekt,0.6961729231066154
2337601666736232616,625545550176685521,8573800373938698102,0,2,dgekt,0.6656973680354613
2337601666736232616,1761868641361943332,8573800373938698102,1,2,dgekt,0.6763666255911174
2337601666736232616,4824259625677886603,300471914551172981,0,2,dgekt,0.6934902903902386
2337601666736232616,8450591260754163598,8573800373938698102,0,2,dgekt,0.6527264801586597
2337601666736232616,1553079256999111676,300471914551172981,0,2,dgekt,0.6988422729454801
2337601666736232616,3220231712819306119,8573800373938698102,1,2,dgekt,0.6591688617405917
2337601666736232616,338807275221326836,300471914551172981,1,2,dgekt,0.6873889851450635
2337601666736232616,8525319303741530302,8573800373938698102,1,2,dgekt,0.6610612214005206
2337601666736232616,6587421150596252277,300471914551172981,0,2,dgekt,0.7025839470154979
2337601666736232616,5891620578387310353,300471914551172981,1,2,dgekt,0.6850140077059866
2337601666736232616,5791250638486922978,300471914551172981,1,2,dgekt,0.7033290574008343
2337601666736232616,4031585874086886353,8573800373938698102,1,2,dgekt,0.6748736428279047
2337601666736232616,2083452711903133430,8573800373938698102,1,2,dgekt,0.6981831045958949
2337601666736232616,6319743179241711738,8573800373938698102,0,2,dgekt,0.6769344395726814
2337601666736232616,8628686323660025649,300471914551172981,1,2,dgekt,0.7046810337843598
2337601666736232616,4378721629787482518,300471914551172981,1,2,dgekt,0.7093846200596751
2337601666736232616,4813462692425748605,300471914551172981,0,2,dgekt,0.6741364189077859
2337601666736232616,4644364625800006675,300471914551172981,1,2,dgekt,0.6930764061159737
2337601666736232616,1062464292871659639,8573800373938698102,1,2,dgekt,0.6759404237757181
2337601666736232616,5932668873100475470,300471914551172981,1,2,dgekt,0.7150362187944037
2337601666736232616,5237822943399727048,8573800373938698102,1,2,dgekt,0.681528502467563
2340999525096127029,300471914551172981,300471914551172981,0,2,dgekt,0.6745638510288963
2340999525096127029,8573800373938698102,8573800373938698102,1,2,dgekt,0.6158782928636971
2340999525096127029,2014268979504181100,300471914551172981,1,2,dgekt,0.6579761627678377
2340999525096127029,2172169907340938753,300471914551172981,0,2,dgekt,0.6601629009518237
2340999525096127029,8150806168444344502,300471914551172981,1,2,dgekt,0.6826293176705902
2340999525096127029,816286915455981984,8573800373938698102,0,2,dgekt,0.6694408617155408
2340999525096127029,1962751598315765836,300471914551172981,1,2,dgekt,0.6864122349754352
2340999525096127029,7444476343858270082,300471914551172981,1,2,dgekt,0.6918328878647094
2340999525096127029,2537821716777940730,300471914551172981,1,2,dgekt,0.6915561713098549
2340999525096127029,1061301253559417093,300471914551172981,0,2,dgekt,0.6729951843043801
2340999525096127029,8553379303363759508,300471914551172981,0,2,dgekt,0.6653109371521244
2340999525096127029,6440511557387709110,300471914551172981,0,2,dgekt,0.6912793171580589
2340999525096127029,7744513373483970787,8573800373938698102,1,2,dgekt,0.6226090257307791
2340999525096127029,2971078979906996375,300471914551172981,0,2,dgekt,0.6824887411512989
2340999525096127029,5841359775533910823,300471914551172981,1,2,dgekt,0.6518913235950976
2340999525096127029,8621262567927479011,300471914551172981,0,2,dgekt,0.6898929870284579
2340999525096127029,8434961942249729798,8573800373938698102,0,2,dgekt,0.6567596999128485
2340999525096127029,2322042198017538996,8573800373938698102,1,2,dgekt,0.657125247454589
2340999525096127029,1742185772413642127,300471914551172981,1,2,dgekt,0.695829735714841
2340999525096127029,2334639155148655290,8573800373938698102,1,2,dgekt,0.6636005123697934
2340999525096127029,7660717256841499384,300471914551172981,1,2,dgekt,0.7099861493150671
2340999525096127029,4113615466659810841,300471914551172981,0,2,dgekt,0.695417622992899
2340999525096127029,6125574002232610732,300471914551172981,1,2,dgekt,0.6609630033818568
2340999525096127029,2774368076249802464,8573800373938698102,1,2,dgekt,0.6520643880721613
2340999525096127029,8903365289186067945,8573800373938698102,1,2,dgekt,0.6544891681878957
2340999525096127029,6925932688889117475,300471914551172981,0,2,dgekt,0.7142423628524948
2340999525096127029,8194071366621068887,8573800373938698102,1,2,dgekt,0.6311072193883981
2340999525096127029,2986660907093963186,300471914551172981,1,2,dgekt,0.7195095749929978
2340999525096127029,7591109345808921544,300471914551172981,0,2,dgekt,0.6961729231066154
2340999525096127029,625545550176685521,8573800373938698102,1,2,dgekt,0.6656973680354613
2340999525096127029,1761868641361943332,8573800373938698102,1,2,dgekt,0.6763666255911174
2340999525096127029,4824259625677886603,300471914551172981,0,2,dgekt,0.6934902903902386
2340999525096127029,8450591260754163598,8573800373938698102,1,2,dgekt,0.6527264801586597
2340999525096127029,1553079256999111676,300471914551172981,1,2,dgekt,0.6988422729454801
2340999525096127029,3220231712819306119,8573800373938698102,1,2,dgekt,0.6591688617405917
2340999525096127029,338807275221326836,300471914551172981,0,2,dgekt,0.6873889851450635
2340999525096127029,8525319303741530302,8573800373938698102,1,2,dgekt,0.6610612214005206
2340999525096127029,6587421150596252277,300471914551172981,1,2,dgekt,0.7025839470154979
2340999525096127029,5891620578387310353,300471914551172981,1,2,dgekt,0.6850140077059866
2340999525096127029,5791250638486922978,300471914551172981,0,2,dgekt,0.7033290574008343
2340999525096127029,4031585874086886353,8573800373938698102,1,2,dgekt,0.6748736428279047
2340999525096127029,2083452711903133430,8573800373938698102,1,2,dgekt,0.6981831045958949
2340999525096127029,6319743179241711738,8573800373938698102,1,2,dgekt,0.6769344395726814
2340999525096127029,8628686323660025649,300471914551172981,1,2,dgekt,0.7046810337843598
2340999525096127029,4378721629787482518,300471914551172981,1,2,dgekt,0.7093846200596751
2340999525096127029,4813462692425748605,300471914551172981,0,2,dgekt,0.6741364189077859
2340999525096127029,4644364625800006675,300471914551172981,0,2,dgekt,0.6930764061159737
2340999525096127029,1062464292871659639,8573800373938698102,1,2,dgekt,0.6759404237757181
2340999525096127029,5932668873100475470,300471914551172981,1,2,dgekt,0.7150362187944037
2340999525096127029,5237822943399727048,8573800373938698102,1,2,dgekt,0.681528502467563
2343286281268154248,300471914551172981,300471914551172981,0,2,dgekt,0.6745638510288963
2343286281268154248,8573800373938698102,8573800373938698102,1,2,dgekt,0.6158782928636971
2343286281268154248,2014268979504181100,300471914551172981,0,2,dgekt,0.6579761627678377
2343286281268154248,2172169907340938753,300471914551172981,0,2,dgekt,0.6601629009518237
2343286281268154248,8150806168444344502,300471914551172981,0,2,dgekt,0.6826293176705902
2343286281268154248,816286915455981984,8573800373938698102,1,2,dgekt,0.6694408617155408
2343286281268154248,1962751598315765836,300471914551172981,0,2,dgekt,0.6864122349754352
2343286281268154248,7444476343858270082,300471914551172981,1,2,dgekt,0.6918328878647094
2343286281268154248,2537821716777940730,300471914551172981,0,2,dgekt,0.6915561713098549
2343286281268154248,1061301253559417093,300471914551172981,0,2,dgekt,0.6729951843043801
2343286281268154248,8553379303363759508,300471914551172981,1,2,dgekt,0.6653109371521244
2343286281268154248,6440511557387709110,300471914551172981,0,2,dgekt,0.6912793171580589
2343286281268154248,7744513373483970787,8573800373938698102,1,2,dgekt,0.6226090257307791
2343286281268154248,2971078979906996375,300471914551172981,0,2,dgekt,0.6824887411512989
2343286281268154248,5841359775533910823,300471914551172981,0,2,dgekt,0.6518913235950976
2343286281268154248,8621262567927479011,300471914551172981,0,2,dgekt,0.6898929870284579
2343286281268154248,8434961942249729798,8573800373938698102,1,2,dgekt,0.6567596999128485
2343286281268154248,2322042198017538996,8573800373938698102,1,2,dgekt,0.657125247454589
2343286281268154248,1742185772413642127,300471914551172981,0,2,dgekt,0.695829735714841
2343286281268154248,2334639155148655290,8573800373938698102,1,2,dgekt,0.6636005123697934
2343286281268154248,7660717256841499384,300471914551172981,0,2,dgekt,0.7099861493150671
2343286281268154248,4113615466659810841,300471914551172981,1,2,dgekt,0.695417622992899
2343286281268154248,6125574002232610732,300471914551172981,0,2,dgekt,0.6609630033818568
2343286281268154248,2774368076249802464,8573800373938698102,1,2,dgekt,0.6520643880721613
2343286281268154248,8903365289186067945,8573800373938698102,1,2,dgekt,0.6544891681878957
2343286281268154248,6925932688889117475,300471914551172981,0,2,dgekt,0.7142423628524948
2343286281268154248,8194071366621068887,8573800373938698102,0,2,dgekt,0.6311072193883981
2343286281268154248,2986660907093963186,300471914551172981,0,2,dgekt,0.7195095749929978
2343286281268154248,7591109345808921544,300471914551172981,0,2,dgekt,0.6961729231066154
2343286281268154248,625545550176685521,8573800373938698102,1,2,dgekt,0.6656973680354613
2343286281268154248,1761868641361943332,8573800373938698102,1,2,dgekt,0.6763666255911174
2343286281268154248,4824259625677886603,300471914551172981,0,2,dgekt,0.6934902903902386
2343286281268154248,8450591260754163598,8573800373938698102,1,2,dgekt,0.6527264801586597
2343286281268154248,1553079256999111676,300471914551172981,1,2,dgekt,0.6988422729454801
2343286281268154248,3220231712819306119,8573800373938698102,0,2,dgekt,0.6591688617405917
2343286281268154248,338807275221326836,300471914551172981,0,2,dgekt,0.6873889851450635
2343286281268154248,8525319303741530302,8573800373938698102,1,2,dgekt,0.6610612214005206
2343286281268154248,6587421150596252277,300471914551172981,0,2,dgekt,0.7025839470154979
2343286281268154248,5891620578387310353,300471914551172981,0,2,dgekt,0.6850140077059866
2343286281268154248,5791250638486922978,300471914551172981,0,2,dgekt,0.7033290574008343
2343286281268154248,4031585874086886353,8573800373938698102,1,2,dgekt,0.6748736428279047
2343286281268154248,2083452711903133430,8573800373938698102,1,2,dgekt,0.6981831045958949
2343286281268154248,6319743179241711738,8573800373938698102,1,2,dgekt,0.6769344395726814
2343286281268154248,8628686323660025649,300471914551172981,0,2,dgekt,0.7046810337843598
2343286281268154248,4378721629787482518,300471914551172981,1,2,dgekt,0.7093846200596751
2343286281268154248,4813462692425748605,300471914551172981,0,2,dgekt,0.6741364189077859
2343286281268154248,4644364625800006675,300471914551172981,0,2,dgekt,0.6930764061159737
2343286281268154248,1062464292871659639,8573800373938698102,1,2,dgekt,0.6759404237757181
2343286281268154248,5932668873100475470,300471914551172981,1,2,dgekt,0.7150362187944037
2343286281268154248,5237822943399727048,8573800373938698102,1,2,dgekt,0.681528502467563
2377739014248616472,300471914551172981,300471914551172981,0,2,dgekt,0.6745638510288963
2377739014248616472,8573800373938698102,8573800373938698102,1,2,dgekt,0.6158782928636971
2377739014248616472,2014268979504181100,300471914551172981,0,2,dgekt,0.6579761627678377
2377739014248616472,2172169907340938753,300471914551172981,0,2,dgekt,0.6601629009518237
2377739014248616472,8150806168444344502,300471914551172981,0,2,dgekt,0.6826293176705902
2377739014248616472,816286915455981984,8573800373938698102,0,2,dgekt,0.6694408617155408
2377739014248616472,1962751598315765836,300471914551172981,0,2,dgekt,0.6864122349754352
2377739014248616472,7444476343858270082,300471914551172981,0,2,dgekt,0.6918328878647094
2377739014248616472,2537821716777940730,300471914551172981,0,2,dgekt,0.6915561713098549
2377739014248616472,1061301253559417093,300471914551172981,1,2,dgekt,0.6729951843043801
2377739014248616472,8553379303363759508,300471914551172981,0,2,dgekt,0.6653109371521244
2377739014248616472,6440511557387709110,300471914551172981,1,2,dgekt,0.6912793171580589
2377739014248616472,7744513373483970787,8573800373938698102,1,2,dgekt,0.6226090257307791
2377739014248616472,2971078979906996375,300471914551172981,1,2,dgekt,0.6824887411512989
2377739014248616472,5841359775533910823,300471914551172981,0,2,dgekt,0.6518913235950976
2377739014248616472,8621262567927479011,300471914551172981,0,2,dgekt,0.6898929870284579
2377739014248616472,8434961942249729798,8573800373938698102,1,2,dgekt,0.6567596999128485
2377739014248616472,2322042198017538996,8573800373938698102,0,2,dgekt,0.657125247454589
2377739014248616472,1742185772413642127,300471914551172981,1,2,dgekt,0.695829735714841
2377739014248616472,2334639155148655290,8573800373938698102,1,2,dgekt,0.6636005123697934
2377739014248616472,7660717256841499384,300471914551172981,1,2,dgekt,0.7099861493150671
2377739014248616472,4113615466659810841,300471914551172981,0,2,dgekt,0.695417622992899
2377739014248616472,6125574002232610732,300471914551172981,0,2,dgekt,0.6609630033818568
2377739014248616472,2774368076249802464,8573800373938698102,0,2,dgekt,0.6520643880721613
2377739014248616472,8903365289186067945,8573800373938698102,1,2,dgekt,0.6544891681878957
2377739014248616472,6925932688889117475,300471914551172981,0,2,dgekt,0.7142423628524948
2377739014248616472,8194071366621068887,8573800373938698102,1,2,dgekt,0.6311072193883981
2377739014248616472,2986660907093963186,300471914551172981,1,2,dgekt,0.7195095749929978
2377739014248616472,7591109345808921544,300471914551172981,1,2,dgekt,0.6961729231066154
2377739014248616472,625545550176685521,8573800373938698102,1,2,dgekt,0.6656973680354613
2377739014248616472,1761868641361943332,8573800373938698102,1,2,dgekt,0.6763666255911174
2377739014248616472,4824259625677886603,300471914551172981,1,2,dgekt,0.6934902903902386
2377739014248616472,8450591260754163598,8573800373938698102,1,2,dgekt,0.6527264801586597
2377739014248616472,1553079256999111676,300471914551172981,0,2,dgekt,0.6988422729454801
2377739014248616472,3220231712819306119,8573800373938698102,0,2,dgekt,0.6591688617405917
2377739014248616472,338807275221326836,300471914551172981,0,2,dgekt,0.6873889851450635
2377739014248616472,8525319303741530302,8573800373938698102,1,2,dgekt,0.6610612214005206
2377739014248616472,6587421150596252277,300471914551172981,0,2,dgekt,0.7025839470154979
2377739014248616472,5891620578387310353,300471914551172981,0,2,dgekt,0.6850140077059866
2377739014248616472,5791250638486922978,300471914551172981,1,2,dgekt,0.7033290574008343
2377739014248616472,4031585874086886353,8573800373938698102,0,2,dgekt,0.6748736428279047
2377739014248616472,2083452711903133430,8573800373938698102,1,2,dgekt,0.6981831045958949
2377739014248616472,6319743179241711738,8573800373938698102,0,2,dgekt,0.6769344395726814
2377739014248616472,8628686323660025649,300471914551172981,1,2,dgekt,0.7046810337843598
2377739014248616472,4378721629787482518,300471914551172981,0,2,dgekt,0.7093846200596751
2377739014248616472,4813462692425748605,300471914551172981,1,2,dgekt,0.6741364189077859
2377739014248616472,4644364625800006675,300471914551172981,0,2,dgekt,0.6930764061159737
2377739014248616472,1062464292871659639,8573800373938698102,1,2,dgekt,0.6759404237757181
2377739014248616472,5932668873100475470,300471914551172981,1,2,dgekt,0.7150362187944037
2377739014248616472,5237822943399727048,8573800373938698102,0,2,dgekt,0.681528502467563
2395692954183291712,300471914551172981,300471914551172981,0,2,dgekt,0.6745638510288963
2395692954183291712,8573800373938698102,8573800373938698102,0,2,dgekt,0.6158782928636971
2395692954183291712,2014268979504181100,300471914551172981,0,2,dgekt,0.6579761627678377
2395692954183291712,2172169907340938753,300471914551172981,0,2,dgekt,0.6601629009518237
2395692954183291712,8150806168444344502,300471914551172981,1,2,dgekt,0.6826293176705902
2395692954183291712,816286915455981984,8573800373938698102,1,2,dgekt,0.6694408617155408
2395692954183291712,1962751598315765836,300471914551172981,1,2,dgekt,0.6864122349754352
2395692954183291712,7444476343858270082,300471914551172981,0,2,dgekt,0.6918328878647094
2395692954183291712,2537821716777940730,300471914551172981,0,2,dgekt,0.6915561713098549
2395692954183291712,1061301253559417093,300471914551172981,0,2,dgekt,0.6729951843043801
2395692954183291712,8553379303363759508,300471914551172981,0,2,dgekt,0.6653109371521244
2395692954183291712,6440511557387709110,300471914551172981,0,2,dgekt,0.6912793171580589
2395692954183291712,7744513373483970787,8573800373938698102,1,2,dgekt,0.6226090257307791
2395692954183291712,2971078979906996375,300471914551172981,1,2,dgekt,0.6824887411512989
2395692954183291712,5841359775533910823,300471914551172981,0,2,dgekt,0.6518913235950976
2395692954183291712,8621262567927479011,300471914551172981,1,2,dgekt,0.6898929870284579
2395692954183291712,8434961942249729798,8573800373938698102,1,2,dgekt,0.6567596999128485
2395692954183291712,2322042198017538996,8573800373938698102,1,2,dgekt,0.657125247454589
2395692954183291712,1742185772413642127,300471914551172981,0,2,dgekt,0.695829735714841
2395692954183291712,2334639155148655290,8573800373938698102,1,2,dgekt,0.6636005123697934
2395692954183291712,7660717256841499384,300471914551172981,1,2,dgekt,0.7099861493150671
2395692954183291712,4113615466659810841,300471914551172981,0,2,dgekt,0.695417622992899
2395692954183291712,6125574002232610732,300471914551172981,0,2,dgekt,0.6609630033818568
2395692954183291712,2774368076249802464,8573800373938698102,1,2,dgekt,0.6520643880721613
2395692954183291712,8903365289186067945,8573800373938698102,1,2,dgekt,0.6544891681878957
2395692954183291712,6925932688889117475,300471914551172981,0,2,dgekt,0.7142423628524948
2395692954183291712,8194071366621068887,8573800373938698102,1,2,dgekt,0.6311072193883981
2395692954183291712,2986660907093963186,300471914551172981,1,2,dgekt,0.7195095749929978
2395692954183291712,7591109345808921544,300471914551172981,0,2,dgekt,0.6961729231066154
2395692954183291712,625545550176685521,8573800373938698102,1,2,dgekt,0.6656973680354613
2395692954183291712,1761868641361943332,8573800373938698102,1,2,dgekt,0.6763666255911174
2395692954183291712,4824259625677886603,300471914551172981,0,2,dgekt,0.6934902903902386
2395692954183291712,8450591260754163598,8573800373938698102,1,2,dgekt,0.6527264801586597
2395692954183291712,1553079256999111676,300471914551172981,0,2,dgekt,0.6988422729454801
2395692954183291712,3220231712819306119,8573800373938698102,1,2,dgekt,0.6591688617405917
2395692954183291712,338807275221326836,300471914551172981,1,2,dgekt,0.6873889851450635
2395692954183291712,8525319303741530302,8573800373938698102,1,2,dgekt,0.6610612214005206
2395692954183291712,6587421150596252277,300471914551172981,0,2,dgekt,0.7025839470154979
2395692954183291712,5891620578387310353,300471914551172981,0,2,dgekt,0.6850140077059866
2395692954183291712,5791250638486922978,300471914551172981,0,2,dgekt,0.7033290574008343
2395692954183291712,4031585874086886353,8573800373938698102,1,2,dgekt,0.6748736428279047
2395692954183291712,2083452711903133430,8573800373938698102,1,2,dgekt,0.6981831045958949
2395692954183291712,6319743179241711738,8573800373938698102,1,2,dgekt,0.6769344395726814
2395692954183291712,8628686323660025649,300471914551172981,0,2,dgekt,0.7046810337843598
2395692954183291712,4378721629787482518,300471914551172981,0,2,dgekt,0.7093846200596751
2395692954183291712,4813462692425748605,300471914551172981,1,2,dgekt,0.6741364189077859
2395692954183291712,4644364625800006675,300471914551172981,0,2,dgekt,0.6930764061159737
2395692954183291712,1062464292871659639,8573800373938698102,1,2,dgekt,0.6759404237757181
2395692954183291712,5932668873100475470,300471914551172981,1,2,dgekt,0.7150362187944037
2395692954183291712,5237822943399727048,8573800373938698102,1,2,dgekt,0.681528502467563
2401311408747841446,300471914551172981,300471914551172981,1,2,dgekt,0.6745638510288963
2401311408747841446,8573800373938698102,8573800373938698102,0,2,dgekt,0.6158782928636971
2401311408747841446,2014268979504181100,300471914551172981,1,2,dgekt,0.6579761627678377
2401311408747841446,2172169907340938753,300471914551172981,1,2,dgekt,0.6601629009518237
2401311408747841446,8150806168444344502,300471914551172981,1,2,dgekt,0.6826293176705902
2401311408747841446,816286915455981984,8573800373938698102,1,2,dgekt,0.6694408617155408
2401311408747841446,1962751598315765836,300471914551172981,1,2,dgekt,0.6864122349754352
2401311408747841446,7444476343858270082,300471914551172981,1,2,dgekt,0.6918328878647094
2401311408747841446,2537821716777940730,300471914551172981,1,2,dgekt,0.6915561713098549
2401311408747841446,1061301253559417093,300471914551172981,1,2,dgekt,0.6729951843043801
2401311408747841446,8553379303363759508,300471914551172981,1,2,dgekt,0.6653109371521244
2401311408747841446,6440511557387709110,300471914551172981,1,2,dgekt,0.6912793171580589
2401311408747841446,7744513373483970787,8573800373938698102,0,2,dgekt,0.6226090257307791
2401311408747841446,2971078979906996375,300471914551172981,1,2,dgekt,0.6824887411512989
2401311408747841446,5841359775533910823,300471914551172981,0,2,dgekt,0.6518913235950976
2401311408747841446,8621262567927479011,300471914551172981,1,2,dgekt,0.6898929870284579
2401311408747841446,8434961942249729798,8573800373938698102,0,2,dgekt,0.6567596999128485
2401311408747841446,2322042198017538996,8573800373938698102,0,2,dgekt,0.657125247454589
2401311408747841446,1742185772413642127,300471914551172981,1,2,dgekt,0.695829735714841
2401311408747841446,2334639155148655290,8573800373938698102,0,2,dgekt,0.6636005123697934
2401311408747841446,7660717256841499384,300471914551172981,1,2,dgekt,0.7099861493150671
2401311408747841446,4113615466659810841,300471914551172981,1,2,dgekt,0.695417622992899
2401311408747841446,6125574002232610732,300471914551172981,1,2,dgekt,0.6609630033818568
2401311408747841446,2774368076249802464,8573800373938698102,0,2,dgekt,0.6520643880721613
2401311408747841446,8903365289186067945,8573800373938698102,0,2,dgekt,0.6544891681878957
2401311408747841446,6925932688889117475,300471914551172981,1,2,dgekt,0.7142423628524948
2401311408747841446,8194071366621068887,8573800373938698102,0,2,dgekt,0.6311072193883981
2401311408747841446,2986660907093963186,300471914551172981,1,2,dgekt,0.7195095749929978
2401311408747841446,7591109345808921544,300471914551172981,1,2,dgekt,0.6961729231066154
2401311408747841446,625545550176685521,8573800373938698102,0,2,dgekt,0.6656973680354613
2401311408747841446,1761868641361943332,8573800373938698102,1,2,dgekt,0.6763666255911174
2401311408747841446,4824259625677886603,300471914551172981,1,2,dgekt,0.6934902903902386
2401311408747841446,8450591260754163598,8573800373938698102,0,2,dgekt,0.6527264801586597
2401311408747841446,1553079256999111676,300471914551172981,1,2,dgekt,0.6988422729454801
2401311408747841446,3220231712819306119,8573800373938698102,0,2,dgekt,0.6591688617405917
2401311408747841446,338807275221326836,300471914551172981,1,2,dgekt,0.6873889851450635
2401311408747841446,8525319303741530302,8573800373938698102,0,2,dgekt,0.6610612214005206
2401311408747841446,6587421150596252277,300471914551172981,1,2,dgekt,0.7025839470154979
2401311408747841446,5891620578387310353,300471914551172981,1,2,dgekt,0.6850140077059866
2401311408747841446,5791250638486922978,300471914551172981,1,2,dgekt,0.7033290574008343
2401311408747841446,4031585874086886353,8573800373938698102,0,2,dgekt,0.6748736428279047
2401311408747841446,2083452711903133430,8573800373938698102,1,2,dgekt,0.6981831045958949
2401311408747841446,6319743179241711738,8573800373938698102,0,2,dgekt,0.6769344395726814
2401311408747841446,8628686323660025649,300471914551172981,1,2,dgekt,0.7046810337843598
2401311408747841446,4378721629787482518,300471914551172981,1,2,dgekt,0.7093846200596751
2401311408747841446,4813462692425748605,300471914551172981,1,2,dgekt,0.6741364189077859
2401311408747841446,4644364625800006675,300471914551172981,1,2,dgekt,0.6930764061159737
2401311408747841446,1062464292871659639,8573800373938698102,0,2,dgekt,0.6759404237757181
2401311408747841446,5932668873100475470,300471914551172981,1,2,dgekt,0.7150362187944037
2401311408747841446,5237822943399727048,8573800373938698102,0,2,dgekt,0.681528502467563
