user_id,item_id,kc_id,y_true,fold,model,y_prob
11605490338460,300471914551172981,300471914551172981,0,2,bkt,0.6240427971825541
11605490338460,8573800373938698102,8573800373938698102,0,2,bkt,0.5025072721158217
11605490338460,2014268979504181100,300471914551172981,0,2,bkt,0.4161806849477127
11605490338460,2172169907340938753,300471914551172981,0,2,bkt,0.3711821219902946
11605490338460,8150806168444344502,300471914551172981,0,2,bkt,0.3653579326891565
11605490338460,816286915455981984,8573800373938698102,1,2,bkt,0.34884484707464464
11605490338460,1962751598315765836,300471914551172981,0,2,bkt,0.3646644718786235
11605490338460,7444476343858270082,300471914551172981,1,2,bkt,0.36458275155038683
11605490338460,2537821716777940730,300471914551172981,0,2,bkt,0.44148730914581436
11605490338460,1061301253559417093,300471914551172981,0,2,bkt,0.37486988401907495
11605490338460,8553379303363759508,300471914551172981,1,2,bkt,0.3658036995336238
11605490338460,6440511557387709110,300471914551172981,0,2,bkt,0.4441518278135199
11605490338460,7744513373483970787,8573800373938698102,0,2,bkt,0.48457328438244096
11605490338460,2971078979906996375,300471914551172981,0,2,bkt,0.37527770514265996
11605490338460,5841359775533910823,300471914551172981,0,2,bkt,0.365853319043163
11605490338460,8621262567927479011,300471914551172981,1,2,bkt,0.36472295972589863
11605490338460,8434961942249729798,8573800373938698102,1,2,bkt,0.3444609060351503
11605490338460,2322042198017538996,8573800373938698102,0,2,bkt,0.4758136197238611
11605490338460,1742185772413642127,300471914551172981,0,2,bkt,0.4417941971644751
11605490338460,2334639155148655290,8573800373938698102,0,2,bkt,0.3424286598311388
11605490338460,7660717256841499384,300471914551172981,1,2,bkt,0.3749166567489239
11605490338460,4113615466659810841,300471914551172981,0,2,bkt,0.4634911976799191
11605490338460,6125574002232610732,300471914551172981,1,2,bkt,0.37835911496871055
11605490338460,2774368076249802464,8573800373938698102,0,2,bkt,0.31817262812740893
11605490338460,8903365289186067945,8573800373938698102,0,2,bkt,0.31478150201233956
11605490338460,6925932688889117475,300471914551172981,1,2,bkt,0.47055430098960294
11605490338460,8194071366621068887,8573800373938698102,0,2,bkt,0.31432653288376244
11605490338460,2986660907093963186,300471914551172981,1,2,bkt,0.6212705627663535
11605490338460,7591109345808921544,300471914551172981,1,2,bkt,0.7713203580638707
11605490338460,625545550176685521,8573800373938698102,0,2,bkt,0.3142658345171436
11605490338460,1761868641361943332,8573800373938698102,0,2,bkt,0.3142577427128513
11605490338460,4824259625677886603,300471914551172981,0,2,bkt,0.862455453763717
11605490338460,8450591260754163598,8573800373938698102,1,2,bkt,0.3142566640886311
11605490338460,1553079256999111676,300471914551172981,0,2,bkt,0.6352531019021912
11605490338460,3220231712819306119,8573800373938698102,0,2,bkt,0.4088192149849824
11605490338460,338807275221326836,300471914551172981,1,2,bkt,0.4200651174393669
11605490338460,8525319303741530302,8573800373938698102,0,2,bkt,0.32887757736085266
11605490338460,6587421150596252277,300471914551172981,1,2,bkt,0.5469279536823455
11605490338460,5891620578387310353,300471914551172981,0,2,bkt,0.7076418735966439
11605490338460,5791250638486922978,300471914551172981,1,2,bkt,0.45232067902442663
11605490338460,4031585874086886353,8573800373938698102,0,2,bkt,0.31624789349430044
11605490338460,2083452711903133430,8573800373938698102,1,2,bkt,0.31452271692280087
11605490338460,6319743179241711738,8573800373938698102,1,2,bkt,0.40946550344734967
11605490338460,8628686323660025649,300471914551172981,1,2,bkt,0.5963371014117211
11605490338460,4378721629787482518,300471914551172981,0,2,bkt,0.7517330035440617
11605490338460,4813462692425748605,300471914551172981,1,2,bkt,0.4811847275516101
11605490338460,4644364625800006675,300471914551172981,1,2,bkt,0.6349350999462733
11605490338460,1062464292871659639,8573800373938698102,0,2,bkt,0.5864713713633687
11605490338460,5932668873100475470,300471914551172981,1,2,bkt,0.7814024494924289
11605490338460,5237822943399727048,8573800373938698102,1,2,bkt,0.37442733710282805
41434518912035555,300471914551172981,300471914551172981,1,2,bkt,0.6240427971825541
41434518912035555,8573800373938698102,8573800373938698102,1,2,bkt,0.5025072721158217
41434518912035555,2014268979504181100,300471914551172981,0,2,bkt,0.773401494806722
41434518912035555,2172169907340938753,300471914551172981,1,2,bkt,0.49948648602815027
41434518912035555,8150806168444344502,300471914551172981,1,2,bkt,0.6570978199421859
41434518912035555,816286915455981984,8573800373938698102,1,2,bkt,0.6950422406082023
41434518912035555,1962751598315765836,300471914551172981,1,2,bkt,0.7968631623491689
41434518912035555,7444476343858270082,300471914551172981,1,2,bkt,0.874550731578158
41434518912035555,2537821716777940730,300471914551172981,1,2,bkt,0.906995792359586
41434518912035555,1061301253559417093,300471914551172981,1,2,bkt,0.9189006478892808
41434518912035555,8553379303363759508,300471914551172981,0,2,bkt,0.9230579933702471
41434518912035555,6440511557387709110,300471914551172981,1,2,bkt,0.9073503303070072
41434518912035555,7744513373483970787,8573800373938698102,0,2,bkt,0.8274005147662947
41434518912035555,2971078979906996375,300471914551172981,1,2,bkt,0.9190260336644277
41434518912035555,5841359775533910823,300471914551172981,0,2,bkt,0.9231012066982915
41434518912035555,8621262567927479011,300471914551172981,1,2,bkt,0.9076973665703428
41434518912035555,8434961942249729798,8573800373938698102,1,2,bkt,0.5860127666306374
41434518912035555,2322042198017538996,8573800373938698102,1,2,bkt,0.7631286844403878
41434518912035555,1742185772413642127,300471914551172981,1,2,bkt,0.9191486715342759
41434518912035555,2334639155148655290,8573800373938698102,1,2,bkt,0.8582215130965966
41434518912035555,7660717256841499384,300471914551172981,0,2,bkt,0.9231434615748868
41434518912035555,4113615466659810841,300471914551172981,1,2,bkt,0.9080370830929462
41434518912035555,6125574002232610732,300471914551172981,1,2,bkt,0.9192686319125684
41434518912035555,2774368076249802464,8573800373938698102,0,2,bkt,0.8930829769259631
41434518912035555,8903365289186067945,8573800373938698102,1,2,bkt,0.8091153341750548
41434518912035555,6925932688889117475,300471914551172981,1,2,bkt,0.9231847830140458
41434518912035555,8194071366621068887,8573800373938698102,0,2,bkt,0.8761036159662713
41434518912035555,2986660907093963186,300471914551172981,1,2,bkt,0.9245278391926296
41434518912035555,7591109345808921544,300471914551172981,1,2,bkt,0.9249858243103636
41434518912035555,625545550176685521,8573800373938698102,1,2,bkt,0.7287706126839762
41434518912035555,1761868641361943332,8573800373938698102,1,2,bkt,0.8433883018930837
41434518912035555,4824259625677886603,300471914551172981,1,2,bkt,0.9251416941586583
41434518912035555,8450591260754163598,8573800373938698102,0,2,bkt,0.8881625448767694
41434518912035555,1553079256999111676,300471914551172981,1,2,bkt,0.9251947074292803
41434518912035555,3220231712819306119,8573800373938698102,1,2,bkt,0.7833218148259022
41434518912035555,338807275221326836,300471914551172981,1,2,bkt,0.9252127338300334
41434518912035555,8525319303741530302,8573800373938698102,1,2,bkt,0.8663322567948751
41434518912035555,6587421150596252277,300471914551172981,1,2,bkt,0.9252188629778847
41434518912035555,5891620578387310353,300471914551172981,1,2,bkt,0.9252209468920899
41434518912035555,5791250638486922978,300471914551172981,1,2,bkt,0.9252216554179684
41434518912035555,4031585874086886353,8573800373938698102,1,2,bkt,0.8957021959935728
41434518912035555,2083452711903133430,8573800373938698102,1,2,bkt,0.9047898116522869
41434518912035555,6319743179241711738,8573800373938698102,1,2,bkt,0.9074821748064219
41434518912035555,8628686323660025649,300471914551172981,1,2,bkt,0.9252218963143566
41434518912035555,4378721629787482518,300471914551172981,0,2,bkt,0.925221978218225
41434518912035555,4813462692425748605,300471914551172981,1,2,bkt,0.9252216618813426
41434518912035555,4644364625800006675,300471914551172981,1,2,bkt,0.9252218985118801
41434518912035555,1062464292871659639,8573800373938698102,0,2,bkt,0.9082694795380722
41434518912035555,5932668873100475470,300471914551172981,1,2,bkt,0.9252219789653745
41434518912035555,5237822943399727048,8573800373938698102,1,2,bkt,0.9061749463650761
45174813258656205,300471914551172981,300471914551172981,1,2,bkt,0.6240427971825541
45174813258656205,8573800373938698102,8573800373938698102,0,2,bkt,0.5025072721158217
45174813258656205,2014268979504181100,300471914551172981,0,2,bkt,0.773401494806722
45174813258656205,2172169907340938753,300471914551172981,1,2,bkt,0.49948648602815027
45174813258656205,8150806168444344502,300471914551172981,0,2,bkt,0.6570978199421859
45174813258656205,816286915455981984,8573800373938698102,1,2,bkt,0.34884484707464464
45174813258656205,1962751598315765836,300471914551172981,1,2,bkt,0.42836409838209794
45174813258656205,7444476343858270082,300471914551172981,1,2,bkt,0.5603513032615439
45174813258656205,2537821716777940730,300471914551172981,1,2,bkt,0.7203897020437022
45174813258656205,1061301253559417093,300471914551172981,1,2,bkt,0.8357780969763539
45174813258656205,8553379303363759508,300471914551172981,1,2,bkt,0.8915569356491188
45174813258656205,6440511557387709110,300471914551172981,1,2,bkt,0.9133438244430524
45174813258656205,7744513373483970787,8573800373938698102,1,2,bkt,0.48457328438244096
45174813258656205,2971078979906996375,300471914551172981,1,2,bkt,0.9211309585545036
45174813258656205,5841359775533910823,300471914551172981,0,2,bkt,0.9238248977917312
45174813258656205,8621262567927479011,300471914551172981,1,2,bkt,0.9135676738456675
45174813258656205,8434961942249729798,8573800373938698102,0,2,bkt,0.6773586652183093
45174813258656205,2322042198017538996,8573800373938698102,0,2,bkt,0.41712647276843134
45174813258656205,1742185772413642127,300471914551172981,1,2,bkt,0.9212090398007241
45174813258656205,2334639155148655290,8573800373938698102,1,2,bkt,0.3303887168145949
45174813258656205,7660717256841499384,300471914551172981,1,2,bkt,0.9238516791736892
45174813258656205,4113615466659810841,300471914551172981,1,2,bkt,0.9247554186951649
45174813258656205,6125574002232610732,300471914551172981,1,2,bkt,0.9250632976153085
45174813258656205,2774368076249802464,8573800373938698102,0,2,bkt,0.44612489470451266
45174813258656205,8903365289186067945,8573800373938698102,0,2,bkt,0.33601899283268744
45174813258656205,6925932688889117475,300471914551172981,1,2,bkt,0.9251680460246055
45174813258656205,8194071366621068887,8573800373938698102,0,2,bkt,0.3172524361721645
45174813258656205,2986660907093963186,300471914551172981,0,2,bkt,0.9252036682607842
45174813258656205,7591109345808921544,300471914551172981,1,2,bkt,0.9250661107260133
45174813258656205,625545550176685521,8573800373938698102,1,2,bkt,0.3146575980088352
45174813258656205,1761868641361943332,8573800373938698102,0,2,bkt,0.4097927355028314
45174813258656205,4824259625677886603,300471914551172981,1,2,bkt,0.9251690027965211
45174813258656205,8450591260754163598,8573800373938698102,1,2,bkt,0.3290524660597564
45174813258656205,1553079256999111676,300471914551172981,1,2,bkt,0.9252039935970953
45174813258656205,3220231712819306119,8573800373938698102,0,2,bkt,0.4431737355308044
45174813258656205,338807275221326836,300471914551172981,1,2,bkt,0.9252158912453137
45174813258656205,8525319303741530302,8573800373938698102,0,2,bkt,0.3354191982003173
45174813258656205,6587421150596252277,300471914551172981,1,2,bkt,0.9252199365045557
45174813258656205,5891620578387310353,300471914551172981,0,2,bkt,0.925221311889006
45174813258656205,5791250638486922978,300471914551172981,1,2,bkt,0.9252159997854348
45174813258656205,4031585874086886353,8573800373938698102,1,2,bkt,0.31716723597006
45174813258656205,2083452711903133430,8573800373938698102,1,2,bkt,0.4158305471696651
45174813258656205,6319743179241711738,8573800373938698102,0,2,bkt,0.5954469552462589
45174813258656205,8628686323660025649,300471914551172981,1,2,bkt,0.9252199734082547
45174813258656205,4378721629787482518,300471914551172981,1,2,bkt,0.9252213244361746
45174813258656205,4813462692425748605,300471914551172981,1,2,bkt,0.9252217837817187
45174813258656205,4644364625800006675,300471914551172981,1,2,bkt,0.9252219399575555
45174813258656205,1062464292871659639,8573800373938698102,1,2,bkt,0.3777903083404789
45174813258656205,5932668873100475470,300471914551172981,1,2,bkt,0.9252219930567444
45174813258656205,5237822943399727048,8573800373938698102,0,2,bkt,0.5373074863059205
58519614243521427,300471914551172981,300471914551172981,0,2,bkt,0.6240427971825541
58519614243521427,8573800373938698102,8573800373938698102,1,2,bkt,0.5025072721158217
58519614243521427,2014268979504181100,300471914551172981,0,2,bkt,0.4161806849477127
58519614243521427,2172169907340938753,300471914551172981,1,2,bkt,0.3711821219902946
58519614243521427,8150806168444344502,300471914551172981,0,2,bkt,0.45568066709881583
58519614243521427,816286915455981984,8573800373938698102,1,2,bkt,0.6950422406082023
58519614243521427,1962751598315765836,300471914551172981,1,2,bkt,0.3770882772300462
58519614243521427,7444476343858270082,300471914551172981,1,2,bkt,0.46796186114442156
58519614243521427,2537821716777940730,300471914551172981,1,2,bkt,0.6178440346636349
58519614243521427,1061301253559417093,300471914551172981,0,2,bkt,0.7687222304365514
58519614243521427,8553379303363759508,300471914551172981,1,2,bkt,0.49524393739818523
58519614243521427,6440511557387709110,300471914551172981,1,2,bkt,0.6521061054669278
58519614243521427,7744513373483970787,8573800373938698102,1,2,bkt,0.8274005147662947
58519614243521427,2971078979906996375,300471914551172981,1,2,bkt,0.7934726349349775
58519614243521427,5841359775533910823,300471914551172981,0,2,bkt,0.8729900389708412
58519614243521427,8621262567927479011,300471914551172981,1,2,bkt,0.6639065215160653
58519614243521427,8434961942249729798,8573800373938698102,1,2,bkt,0.8826615653921908
58519614243521427,2322042198017538996,8573800373938698102,1,2,bkt,0.9008294416189261
58519614243521427,1742185772413642127,300471914551172981,1,2,bkt,0.8014056437259188
58519614243521427,2334639155148655290,8573800373938698102,0,2,bkt,0.906315524981365
58519614243521427,7660717256841499384,300471914551172981,1,2,bkt,0.8766209817313099
58519614243521427,4113615466659810841,300471914551172981,0,2,bkt,0.9077817366692168
58519614243521427,6125574002232610732,300471914551172981,0,2,bkt,0.8050500844962535
58519614243521427,2774368076249802464,8573800373938698102,1,2,bkt,0.8919229903876479
58519614243521427,8903365289186067945,8573800373938698102,1,2,bkt,0.9036540046273025
58519614243521427,6925932688889117475,300471914551172981,1,2,bkt,0.5335284374276894
58519614243521427,8194071366621068887,8573800373938698102,1,2,bkt,0.9071486334434088
58519614243521427,2986660907093963186,300471914551172981,1,2,bkt,0.6942769265149216
58519614243521427,7591109345808921544,300471914551172981,1,2,bkt,0.8205824699838643
58519614243521427,625545550176685521,8573800373938698102,1,2,bkt,0.9081721985051737
58519614243521427,1761868641361943332,8573800373938698102,1,2,bkt,0.9084705057682843
58519614243521427,4824259625677886603,300471914551172981,1,2,bkt,0.8851082497936738
58519614243521427,8450591260754163598,8573800373938698102,1,2,bkt,0.9085573177800048
58519614243521427,1553079256999111676,300471914551172981,1,2,bkt,0.9109653879126266
58519614243521427,3220231712819306119,8573800373938698102,1,2,bkt,0.9085825707048005
58519614243521427,338807275221326836,300471914551172981,1,2,bkt,0.9202989626073649
58519614243521427,8525319303741530302,8573800373938698102,1,2,bkt,0.9085899156740355
58519614243521427,6587421150596252277,300471914551172981,1,2,bkt,0.9235392461552319
58519614243521427,5891620578387310353,300471914551172981,0,2,bkt,0.9246488412921517
58519614243521427,5791250638486922978,300471914551172981,1,2,bkt,0.9203884630649791
58519614243521427,4031585874086886353,8573800373938698102,1,2,bkt,0.9085920519270818
58519614243521427,2083452711903133430,8573800373938698102,1,2,bkt,0.9085926732407063
58519614243521427,6319743179241711738,8573800373938698102,1,2,bkt,0.9085928539446959
58519614243521427,8628686323660025649,300471914551172981,1,2,bkt,0.9235699994020833
58519614243521427,4378721629787482518,300471914551172981,1,2,bkt,0.9246593350640201
58519614243521427,4813462692425748605,300471914551172981,0,2,bkt,0.9250305931855461
58519614243521427,4644364625800006675,300471914551172981,0,2,bkt,0.9235995152780708
58519614243521427,1062464292871659639,8573800373938698102,1,2,bkt,0.9085929065009278
58519614243521427,5932668873100475470,300471914551172981,1,2,bkt,0.9117275322777293
58519614243521427,5237822943399727048,8573800373938698102,1,2,bkt,0.9085929217864611
63680678163419753,300471914551172981,300471914551172981,1,2,bkt,0.6240427971825541
63680678163419753,8573800373938698102,8573800373938698102,1,2,bkt,0.5025072721158217
63680678163419753,2014268979504181100,300471914551172981,1,2,bkt,0.773401494806722
63680678163419753,2172169907340938753,300471914551172981,0,2,bkt,0.8634708291526818
63680678163419753,8150806168444344502,300471914551172981,1,2,bkt,0.6378223023100763
63680678163419753,816286915455981984,8573800373938698102,1,2,bkt,0.6950422406082023
63680678163419753,1962751598315765836,300471914551172981,1,2,bkt,0.783477429921248
63680678163419753,7444476343858270082,300471914551172981,1,2,bkt,0.8683105429749027
63680678163419753,2537821716777940730,300471914551172981,1,2,bkt,0.9046041102691557
63680678163419753,1061301253559417093,300471914551172981,1,2,bkt,0.9180522385521902
63680678163419753,8553379303363759508,300471914551172981,1,2,bkt,0.9227652848899595
63680678163419753,6440511557387709110,300471914551172981,1,2,bkt,0.924384516171165
63680678163419753,7744513373483970787,8573800373938698102,1,2,bkt,0.8274005147662947
63680678163419753,2971078979906996375,300471914551172981,0,2,bkt,0.9249370142756044
63680678163419753,5841359775533910823,300471914551172981,1,2,bkt,0.9228093676336838
63680678163419753,8621262567927479011,300471914551172981,1,2,bkt,0.924399583323953
63680678163419753,8434961942249729798,8573800373938698102,1,2,bkt,0.8826615653921908
63680678163419753,2322042198017538996,8573800373938698102,0,2,bkt,0.9008294416189261
63680678163419753,1742185772413642127,300471914551172981,1,2,bkt,0.9249421462514784
63680678163419753,2334639155148655290,8573800373938698102,1,2,bkt,0.854910056222924
63680678163419753,7660717256841499384,300471914551172981,1,2,bkt,0.9251268355036133
63680678163419753,4113615466659810841,300471914551172981,0,2,bkt,0.9251896545865106
63680678163419753,6125574002232610732,300471914551172981,1,2,bkt,0.9249471098284773
63680678163419753,2774368076249802464,8573800373938698102,0,2,bkt,0.8919993137675888
63680678163419753,8903365289186067945,8573800373938698102,1,2,bkt,0.8032328274282271
63680678163419753,6925932688889117475,300471914551172981,1,2,bkt,0.92512852411266
63680678163419753,8194071366621068887,8573800373938698102,1,2,bkt,0.8739303865220721
63680678163419753,2986660907093963186,300471914551172981,1,2,bkt,0.9251902288240477
63680678163419753,7591109345808921544,300471914551172981,1,2,bkt,0.9252112110245811
63680678163419753,625545550176685521,8573800373938698102,1,2,bkt,0.8981117707623796
63680678163419753,1761868641361943332,8573800373938698102,1,2,bkt,0.9055089979550492
63680678163419753,4824259625677886603,300471914551172981,1,2,bkt,0.925218345218771
63680678163419753,8450591260754163598,8573800373938698102,1,2,bkt,0.9076929385789237
63680678163419753,1553079256999111676,300471914551172981,1,2,bkt,0.9252207708547264
63680678163419753,3220231712819306119,8573800373938698102,1,2,bkt,0.9083309142648704
63680678163419753,338807275221326836,300471914551172981,1,2,bkt,0.9252215955658065
63680678163419753,8525319303741530302,8573800373938698102,1,2,bkt,0.90851670159907
63680678163419753,6587421150596252277,300471914551172981,1,2,bkt,0.9252218759648394
63680678163419753,5891620578387310353,300471914551172981,1,2,bkt,0.9252219712994671
63680678163419753,5791250638486922978,300471914551172981,1,2,bkt,0.9252220037128726
63680678163419753,4031585874086886353,8573800373938698102,1,2,bkt,0.9085707563810779
63680678163419753,2083452711903133430,8573800373938698102,1,2,bkt,0.9085864794557961
63680678163419753,6319743179241711738,8573800373938698102,1,2,bkt,0.9085910525219288
63680678163419753,8628686323660025649,300471914551172981,1,2,bkt,0.9252220147333037
63680678163419753,4378721629787482518,300471914551172981,1,2,bkt,0.9252220184802072
63680678163419753,4813462692425748605,300471914551172981,1,2,bkt,0.9252220197541396
63680678163419753,4644364625800006675,300471914551172981,1,2,bkt,0.9252220198163026
63680678163419753,1062464292871659639,8573800373938698102,1,2,bkt,0.9085923825713672
63680678163419753,5932668873100475470,300471914551172981,1,2,bkt,0.9252220198163026
63680678163419753,5237822943399727048,8573800373938698102,1,2,bkt,0.908592769405925
76861115719997282,300471914551172981,300471914551172981,1,2,bkt,0.6240427971825541
76861115719997282,8573800373938698102,8573800373938698102,0,2,bkt,0.5025072721158217
76861115719997282,2014268979504181100,300471914551172981,0,2,bkt,0.773401494806722
76861115719997282,2172169907340938753,300471914551172981,0,2,bkt,0.49948648602815027
76861115719997282,8150806168444344502,300471914551172981,0,2,bkt,0.38472843652012184
76861115719997282,816286915455981984,8573800373938698102,1,2,bkt,0.34884484707464464
76861115719997282,1962751598315765836,300471914551172981,0,2,bkt,0.3670216119715397
76861115719997282,7444476343858270082,300471914551172981,0,2,bkt,0.3648612569042803
76861115719997282,2537821716777940730,300471914551172981,0,2,bkt,0.3646059233880854
76861115719997282,1061301253559417093,300471914551172981,0,2,bkt,0.36457586011678034
76861115719997282,8553379303363759508,300471914551172981,0,2,bkt,0.3645723220213561
76861115719997282,6440511557387709110,300471914551172981,0,2,bkt,0.3645719056509237
76861115719997282,7744513373483970787,8573800373938698102,1,2,bkt,0.48457328438244096
76861115719997282,2971078979906996375,300471914551172981,1,2,bkt,0.3645718566518896
76861115719997282,5841359775533910823,300471914551172981,0,2,bkt,0.4414634524799823
76861115719997282,8621262567927479011,300471914551172981,0,2,bkt,0.3748662501834142
76861115719997282,8434961942249729798,8573800373938698102,1,2,bkt,0.6773586652183093
76861115719997282,2322042198017538996,8573800373938698102,1,2,bkt,0.8183819959470333
76861115719997282,1742185772413642127,300471914551172981,0,2,bkt,0.36580325769661326
76861115719997282,2334639155148655290,8573800373938698102,0,2,bkt,0.8794637131700375
76861115719997282,7660717256841499384,300471914551172981,0,2,bkt,0.3647170450769407
76861115719997282,4113615466659810841,300471914551172981,0,2,bkt,0.364588940746309
76861115719997282,6125574002232610732,300471914551172981,0,2,bkt,0.3645738614173211
76861115719997282,2774368076249802464,8573800373938698102,0,2,bkt,0.7428737878236358
76861115719997282,8903365289186067945,8573800373938698102,1,2,bkt,0.46662778348279627
76861115719997282,6925932688889117475,300471914551172981,1,2,bkt,0.3645720868096745
76861115719997282,8194071366621068887,8573800373938698102,0,2,bkt,0.6583031562823066
76861115719997282,2986660907093963186,300471914551172981,1,2,bkt,0.44146395647347847
76861115719997282,7591109345808921544,300471914551172981,0,2,bkt,0.5805128613726975
76861115719997282,625545550176685521,8573800373938698102,0,2,bkt,0.40629216726058814
76861115719997282,1761868641361943332,8573800373938698102,0,2,bkt,0.3284262809770096
76861115719997282,4824259625677886603,300471914551172981,0,2,bkt,0.4030655989001356
76861115719997282,8450591260754163598,8573800373938698102,1,2,bkt,0.3161851298849932
76861115719997282,1553079256999111676,300471914551172981,0,2,bkt,0.3693939624886188
76861115719997282,3220231712819306119,8573800373938698102,1,2,bkt,0.41347916256176065
76861115719997282,338807275221326836,300471914551172981,0,2,bkt,0.36514366167412815
76861115719997282,8525319303741530302,8573800373938698102,0,2,bkt,0.5921633670855317
76861115719997282,6587421150596252277,300471914551172981,0,2,bkt,0.3646392022250358
76861115719997282,5891620578387310353,300471914551172981,1,2,bkt,0.36457977703713035
76861115719997282,5791250638486922978,300471914551172981,0,2,bkt,0.44148079596653467
76861115719997282,4031585874086886353,8573800373938698102,1,2,bkt,0.37654284304440216
76861115719997282,2083452711903133430,8573800373938698102,1,2,bkt,0.5352019715446323
76861115719997282,6319743179241711738,8573800373938698102,0,2,bkt,0.7242307771798289
76861115719997282,8628686323660025649,300471914551172981,0,2,bkt,0.37486889190398864
76861115719997282,4378721629787482518,300471914551172981,0,2,bkt,0.3658035789021321
76861115719997282,4813462692425748605,300471914551172981,0,2,bkt,0.3647170830237602
76861115719997282,4644364625800006675,300471914551172981,0,2,bkt,0.3645889452139799
76861115719997282,1062464292871659639,8573800373938698102,1,2,bkt,0.4501474726560243
76861115719997282,5932668873100475470,300471914551172981,1,2,bkt,0.3645738619431105
76861115719997282,5237822943399727048,8573800373938698102,1,2,bkt,0.6394651465654765
95623917870074237,300471914551172981,300471914551172981,0,2,bkt,0.6240427971825541
95623917870074237,8573800373938698102,8573800373938698102,0,2,bkt,0.5025072721158217
95623917870074237,2014268979504181100,300471914551172981,0,2,bkt,0.4161806849477127
95623917870074237,2172169907340938753,300471914551172981,0,2,bkt,0.3711821219902946
95623917870074237,8150806168444344502,300471914551172981,0,2,bkt,0.3653579326891565
95623917870074237,816286915455981984,8573800373938698102,1,2,bkt,0.34884484707464464
95623917870074237,1962751598315765836,300471914551172981,0,2,bkt,0.3646644718786235
95623917870074237,7444476343858270082,300471914551172981,0,2,bkt,0.36458275155038683
95623917870074237,2537821716777940730,300471914551172981,0,2,bkt,0.3645731330329157
95623917870074237,1061301253559417093,300471914551172981,0,2,bkt,0.36457200109204213
95623917870074237,8553379303363759508,300471914551172981,0,2,bkt,0.36457186788352347
95623917870074237,6440511557387709110,300471914551172981,0,2,bkt,0.3645718522073742
95623917870074237,7744513373483970787,8573800373938698102,0,2,bkt,0.48457328438244096
95623917870074237,2971078979906996375,300471914551172981,0,2,bkt,0.3645718503625853
95623917870074237,5841359775533910823,300471914551172981,0,2,bkt,0.36457185014548826
95623917870074237,8621262567927479011,300471914551172981,1,2,bkt,0.36457185011994003
95623917870074237,8434961942249729798,8573800373938698102,0,2,bkt,0.3444609060351503
95623917870074237,2322042198017538996,8573800373938698102,0,2,bkt,0.31846814096095855
95623917870074237,1742185772413642127,300471914551172981,0,2,bkt,0.4414634381764805
95623917870074237,2334639155148655290,8573800373938698102,0,2,bkt,0.31482136384394865
95623917870074237,7660717256841499384,300471914551172981,0,2,bkt,0.37486624800480495
95623917870074237,4113615466659810841,300471914551172981,1,2,bkt,0.3658032574317184
95623917870074237,6125574002232610732,300471914551172981,0,2,bkt,0.44415086621775496
95623917870074237,2774368076249802464,8573800373938698102,0,2,bkt,0.31433185477330783
95623917870074237,8903365289186067945,8573800373938698102,0,2,bkt,0.31426654405576054
95623917870074237,6925932688889117475,300471914551172981,0,2,bkt,0.37527755725919965
95623917870074237,8194071366621068887,8573800373938698102,1,2,bkt,0.3142578372943973
95623917870074237,2986660907093963186,300471914551172981,1,2,bkt,0.36585330103847213
95623917870074237,7591109345808921544,300471914551172981,0,2,bkt,0.4442596990354747
95623917870074237,625545550176685521,8573800373938698102,0,2,bkt,0.40882206730732096
95623917870074237,1761868641361943332,8573800373938698102,0,2,bkt,0.32887808892674036
95623917870074237,4824259625677886603,300471914551172981,0,2,bkt,0.37529429786714186
95623917870074237,8450591260754163598,8573800373938698102,1,2,bkt,0.3162479646877289
95623917870074237,1553079256999111676,300471914551172981,1,2,bkt,0.36585533924798774
95623917870074237,3220231712819306119,8573800373938698102,0,2,bkt,0.41363004062597086
95623917870074237,338807275221326836,300471914551172981,0,2,bkt,0.4442641310203177
95623917870074237,8525319303741530302,8573800373938698102,0,2,bkt,0.32974747688393324
95623917870074237,6587421150596252277,300471914551172981,0,2,bkt,0.3752949797317095
95623917870074237,5891620578387310353,300471914551172981,0,2,bkt,0.36585542226896367
95623917870074237,5791250638486922978,300471914551172981,1,2,bkt,0.3647232082383029
95623917870074237,4031585874086886353,8573800373938698102,1,2,bkt,0.31636911240703275
95623917870074237,2083452711903133430,8573800373938698102,1,2,bkt,0.41392076969342106
95623917870074237,6319743179241711738,8573800373938698102,1,2,bkt,0.5927828941152451
95623917870074237,8628686323660025649,300471914551172981,1,2,bkt,0.4417947408995951
95623917870074237,4378721629787482518,300471914551172981,0,2,bkt,0.5810064840215742
95623917870074237,4813462692425748605,300471914551172981,0,2,bkt,0.40319904605019913
95623917870074237,4644364625800006675,300471914551172981,0,2,bkt,0.3694117613968591
95623917870074237,1062464292871659639,8573800373938698102,0,2,bkt,0.7678080732734796
95623917870074237,5932668873100475470,300471914551172981,0,2,bkt,0.3651457884883255
95623917870074237,5237822943399727048,8573800373938698102,0,2,bkt,0.49280629550651284
144146642522402257,300471914551172981,300471914551172981,0,2,bkt,0.6240427971825541
144146642522402257,8573800373938698102,8573800373938698102,1,2,bkt,0.5025072721158217
144146642522402257,2014268979504181100,300471914551172981,0,2,bkt,0.4161806849477127
144146642522402257,2172169907340938753,300471914551172981,0,2,bkt,0.3711821219902946
144146642522402257,8150806168444344502,300471914551172981,0,2,bkt,0.3653579326891565
144146642522402257,816286915455981984,8573800373938698102,0,2,bkt,0.6950422406082023
144146642522402257,1962751598315765836,300471914551172981,1,2,bkt,0.3646644718786235
144146642522402257,7444476343858270082,300471914551172981,1,2,bkt,0.44166620750104324
144146642522402257,2537821716777940730,300471914551172981,1,2,bkt,0.5808147641655551
144146642522402257,1061301253559417093,300471914551172981,0,2,bkt,0.738689524208876
144146642522402257,8553379303363759508,300471914551172981,0,2,bkt,0.47163133065473106
144146642522402257,6440511557387709110,300471914551172981,0,2,bkt,0.3797235654150176
144146642522402257,7744513373483970787,8573800373938698102,0,2,bkt,0.4283920093640687
144146642522402257,2971078979906996375,300471914551172981,1,2,bkt,0.36639847868754316
144146642522402257,5841359775533910823,300471914551172981,0,2,bkt,0.44544340332082794
144146642522402257,8621262567927479011,300471914551172981,1,2,bkt,0.3754767990272546
144146642522402257,8434961942249729798,8573800373938698102,0,2,bkt,0.3325081550189558
144146642522402257,2322042198017538996,8573800373938698102,0,2,bkt,0.31675590028271433
144146642522402257,1742185772413642127,300471914551172981,1,2,bkt,0.46464929839072017
144146642522402257,2334639155148655290,8573800373938698102,0,2,bkt,0.314590878000218
144146642522402257,7660717256841499384,300471914551172981,1,2,bkt,0.6134100500044801
144146642522402257,4113615466659810841,300471914551172981,0,2,bkt,0.765317127397388
144146642522402257,6125574002232610732,300471914551172981,1,2,bkt,0.4922629842534526
144146642522402257,2774368076249802464,8573800373938698102,0,2,bkt,0.31430109153417546
144146642522402257,8903365289186067945,8573800373938698102,0,2,bkt,0.3142624427124144
144146642522402257,6925932688889117475,300471914551172981,1,2,bkt,0.6485472969694063
144146642522402257,8194071366621068887,8573800373938698102,0,2,bkt,0.3142572905877536
144146642522402257,2986660907093963186,300471914551172981,1,2,bkt,0.7910235123909914
144146642522402257,7591109345808921544,300471914551172981,1,2,bkt,0.8718543615617474
144146642522402257,625545550176685521,8573800373938698102,0,2,bkt,0.31425660382184917
144146642522402257,1761868641361943332,8573800373938698102,0,2,bkt,0.3142565122783749
144146642522402257,4824259625677886603,300471914551172981,1,2,bkt,0.9059665530748483
144146642522402257,8450591260754163598,8573800373938698102,0,2,bkt,0.3142565000759663
144146642522402257,1553079256999111676,300471914551172981,1,2,bkt,0.9185360914828398
144146642522402257,3220231712819306119,8573800373938698102,0,2,bkt,0.3142564984494304
144146642522402257,338807275221326836,300471914551172981,0,2,bkt,0.9229322845448259
144146642522402257,8525319303741530302,8573800373938698102,0,2,bkt,0.31425649823261903
144146642522402257,6587421150596252277,300471914551172981,1,2,bkt,0.9063430045191373
144146642522402257,5891620578387310353,300471914551172981,0,2,bkt,0.918669526566806
144146642522402257,5791250638486922978,300471914551172981,1,2,bkt,0.8740279370072612
144146642522402257,4031585874086886353,8573800373938698102,1,2,bkt,0.314256498203719
144146642522402257,2083452711903133430,8573800373938698102,0,2,bkt,0.40881881168040407
144146642522402257,6319743179241711738,8573800373938698102,0,2,bkt,0.32887750502830954
144146642522402257,8628686323660025649,300471914551172981,1,2,bkt,0.9067967311841889
144146642522402257,4378721629787482518,300471914551172981,1,2,bkt,0.9188302049996249
144146642522402257,4813462692425748605,300471914551172981,0,2,bkt,0.9230337105481073
144146642522402257,4644364625800006675,300471914551172981,1,2,bkt,0.907155491582406
144146642522402257,1062464292871659639,8573800373938698102,0,2,bkt,0.3162478834279583
144146642522402257,5932668873100475470,300471914551172981,1,2,bkt,0.9189571391950592
144146642522402257,5237822943399727048,8573800373938698102,0,2,bkt,0.3145227155731674
152767769636589090,300471914551172981,300471914551172981,1,2,bkt,0.6240427971825541
152767769636589090,8573800373938698102,8573800373938698102,0,2,bkt,0.5025072721158217
152767769636589090,2014268979504181100,300471914551172981,0,2,bkt,0.773401494806722
152767769636589090,2172169907340938753,300471914551172981,0,2,bkt,0.49948648602815027
152767769636589090,8150806168444344502,300471914551172981,1,2,bkt,0.38472843652012184
152767769636589090,816286915455981984,8573800373938698102,0,2,bkt,0.34884484707464464
152767769636589090,1962751598315765836,300471914551172981,0,2,bkt,0.48328934655256894
152767769636589090,7444476343858270082,300471914551172981,0,2,bkt,0.3817525574741096
152767769636589090,2537821716777940730,300471914551172981,1,2,bkt,0.36664988311068597
152767769636589090,1061301253559417093,300471914551172981,1,2,bkt,0.44598807340032415
152767769636589090,8553379303363759508,300471914551172981,0,2,bkt,0.587200628492392
152767769636589090,6440511557387709110,300471914551172981,1,2,bkt,0.4049007154068266
152767769636589090,7744513373483970787,8573800373938698102,0,2,bkt,0.3191118996806145
152767769636589090,2971078979906996375,300471914551172981,1,2,bkt,0.5209786359412815
152767769636589090,5841359775533910823,300471914551172981,0,2,bkt,0.681136024215822
152767769636589090,8621262567927479011,300471914551172981,1,2,bkt,0.4388104946400478
152767769636589090,8434961942249729798,8573800373938698102,1,2,bkt,0.31490832047714434
152767769636589090,2322042198017538996,8573800373938698102,1,2,bkt,0.41040026297836846
152767769636589090,1742185772413642127,300471914551172981,1,2,bkt,0.5765262270130718
152767769636589090,2334639155148655290,8573800373938698102,1,2,bkt,0.5878069515884203
152767769636589090,7660717256841499384,300471914551172981,1,2,bkt,0.7349620188400574
152767769636589090,4113615466659810841,300471914551172981,1,2,bkt,0.8437886413201219
152767769636589090,6125574002232610732,300471914551172981,0,2,bkt,0.8948629382099167
152767769636589090,2774368076249802464,8573800373938698102,0,2,bkt,0.7643792902555594
152767769636589090,8903365289186067945,8573800373938698102,0,2,bkt,0.4888778482581128
152767769636589090,6925932688889117475,300471914551172981,1,2,bkt,0.7417375753787543
152767769636589090,8194071366621068887,8573800373938698102,1,2,bkt,0.3454850924863656
152767769636589090,2986660907093963186,300471914551172981,1,2,bkt,0.8474060336555987
152767769636589090,7591109345808921544,300471914551172981,0,2,bkt,0.8963353734549784
152767769636589090,625545550176685521,8573800373938698102,1,2,bkt,0.47787997408932176
152767769636589090,1761868641361943332,8573800373938698102,0,2,bkt,0.6704186936965686
152767769636589090,4824259625677886603,300471914551172981,0,2,bkt,0.7481569091668191
152767769636589090,8450591260754163598,8573800373938698102,0,2,bkt,0.41303559399482725
152767769636589090,1553079256999111676,300471914551172981,0,2,bkt,0.4784670362883824
152767769636589090,3220231712819306119,8573800373938698102,0,2,bkt,0.3296392161692761
152767769636589090,338807275221326836,300471914551172981,1,2,bkt,0.380902269283713
152767769636589090,8525319303741530302,8573800373938698102,0,2,bkt,0.31635400933373015
152767769636589090,6587421150596252277,300471914551172981,0,2,bkt,0.4756902507811815
152767769636589090,5891620578387310353,300471914551172981,1,2,bkt,0.3804197520663066
152767769636589090,5791250638486922978,300471914551172981,1,2,bkt,0.4747210762038697
152767769636589090,4031585874086886353,8573800373938698102,0,2,bkt,0.3145369464923813
152767769636589090,2083452711903133430,8573800373938698102,0,2,bkt,0.31429389621390624
152767769636589090,6319743179241711738,8573800373938698102,0,2,bkt,0.3142614834881541
152767769636589090,8628686323660025649,300471914551172981,1,2,bkt,0.6266995350985538
152767769636589090,4378721629787482518,300471914551172981,0,2,bkt,0.7753786501082881
152767769636589090,4813462692425748605,300471914551172981,0,2,bkt,0.5013322360721124
152767769636589090,4644364625800006675,300471914551172981,1,2,bkt,0.3850798237402928
152767769636589090,1062464292871659639,8573800373938698102,0,2,bkt,0.3142571627246703
152767769636589090,5932668873100475470,300471914551172981,1,2,bkt,0.4839796606260099
152767769636589090,5237822943399727048,8573800373938698102,0,2,bkt,0.314256586778137
183639862854650428,300471914551172981,300471914551172981,1,2,bkt,0.6240427971825541
183639862854650428,8573800373938698102,8573800373938698102,1,2,bkt,0.5025072721158217
183639862854650428,2014268979504181100,300471914551172981,1,2,bkt,0.773401494806722
183639862854650428,2172169907340938753,300471914551172981,0,2,bkt,0.8634708291526818
183639862854650428,8150806168444344502,300471914551172981,1,2,bkt,0.6378223023100763
183639862854650428,816286915455981984,8573800373938698102,0,2,bkt,0.6950422406082023
183639862854650428,1962751598315765836,300471914551172981,1,2,bkt,0.783477429921248
183639862854650428,7444476343858270082,300471914551172981,0,2,bkt,0.8683105429749027
183639862854650428,2537821716777940730,300471914551172981,1,2,bkt,0.6506126809013234
183639862854650428,1061301253559417093,300471914551172981,0,2,bkt,0.7924481435333335
183639862854650428,8553379303363759508,300471914551172981,0,2,bkt,0.5187295882388866
183639862854650428,6440511557387709110,300471914551172981,1,2,bkt,0.38852429745837064
183639862854650428,7744513373483970787,8573800373938698102,0,2,bkt,0.4283920093640687
183639862854650428,2971078979906996375,300471914551172981,1,2,bkt,0.49068035399006504
183639862854650428,5841359775533910823,300471914551172981,0,2,bkt,0.6466403025017711
183639862854650428,8621262567927479011,300471914551172981,1,2,bkt,0.42426317633360955
183639862854650428,8434961942249729798,8573800373938698102,1,2,bkt,0.3325081550189558
183639862854650428,2322042198017538996,8573800373938698102,0,2,bkt,0.45075710511188094
183639862854650428,1742185772413642127,300471914551172981,1,2,bkt,0.553783820717197
183639862854650428,2334639155148655290,8573800373938698102,1,2,bkt,0.33697344349373215
183639862854650428,7660717256841499384,300471914551172981,1,2,bkt,0.7142299377415297
183639862854650428,4113615466659810841,300471914551172981,1,2,bkt,0.8322937261765232
183639862854650428,6125574002232610732,300471914551172981,1,2,bkt,0.8900990529700255
183639862854650428,2774368076249802464,8573800373938698102,0,2,bkt,0.4603256648354406
183639862854650428,8903365289186067945,8573800373938698102,1,2,bkt,0.33899689060561217
183639862854650428,6925932688889117475,300471914551172981,1,2,bkt,0.9128091357854397
183639862854650428,8194071366621068887,8573800373938698102,1,2,bkt,0.4645786659311557
183639862854650428,2986660907093963186,300471914551172981,1,2,bkt,0.9209442980162227
183639862854650428,7591109345808921544,300471914551172981,1,2,bkt,0.9237608559830593
183639862854650428,625545550176685521,8573800373938698102,1,2,bkt,0.6560336465732926
183639862854650428,1761868641361943332,8573800373938698102,1,2,bkt,0.8068596836390516
183639862854650428,4824259625677886603,300471914551172981,1,2,bkt,0.924724444447684
183639862854650428,8450591260754163598,8573800373938698102,0,2,bkt,0.8752740357311866
183639862854650428,1553079256999111676,300471914551172981,1,2,bkt,0.9250527555098048
183639862854650428,3220231712819306119,8573800373938698102,0,2,bkt,0.7254056179193913
183639862854650428,338807275221326836,300471914551172981,1,2,bkt,0.925164460479223
183639862854650428,8525319303741530302,8573800373938698102,1,2,bkt,0.45111995797386617
183639862854650428,6587421150596252277,300471914551172981,1,2,bkt,0.9252024490424773
183639862854650428,5891620578387310353,300471914551172981,0,2,bkt,0.925215366081474
183639862854650428,5791250638486922978,300471914551172981,1,2,bkt,0.9251654800799268
183639862854650428,4031585874086886353,8573800373938698102,1,2,bkt,0.6406149701802311
183639862854650428,2083452711903133430,8573800373938698102,1,2,bkt,0.7980508395326107
183639862854650428,6319743179241711738,8573800373938698102,0,2,bkt,0.8719894138810675
183639862854650428,8628686323660025649,300471914551172981,1,2,bkt,0.9252027957454634
183639862854650428,4378721629787482518,300471914551172981,1,2,bkt,0.9252154839640696
183639862854650428,4813462692425748605,300471914551172981,0,2,bkt,0.925219798028638
183639862854650428,4644364625800006675,300471914551172981,1,2,bkt,0.9252031362152231
183639862854650428,1062464292871659639,8573800373938698102,1,2,bkt,0.7125105355820528
183639862854650428,5932668873100475470,300471914551172981,1,2,bkt,0.9252155997272177
183639862854650428,5237822943399727048,8573800373938698102,1,2,bkt,0.8358697277574331
183785263154883249,300471914551172981,300471914551172981,0,2,bkt,0.6240427971825541
183785263154883249,8573800373938698102,8573800373938698102,1,2,bkt,0.5025072721158217
183785263154883249,2014268979504181100,300471914551172981,0,2,bkt,0.4161806849477127
183785263154883249,2172169907340938753,300471914551172981,0,2,bkt,0.3711821219902946
183785263154883249,8150806168444344502,300471914551172981,0,2,bkt,0.3653579326891565
183785263154883249,816286915455981984,8573800373938698102,1,2,bkt,0.6950422406082023
183785263154883249,1962751598315765836,300471914551172981,0,2,bkt,0.3646644718786235
183785263154883249,7444476343858270082,300471914551172981,0,2,bkt,0.36458275155038683
183785263154883249,2537821716777940730,300471914551172981,0,2,bkt,0.3645731330329157
183785263154883249,1061301253559417093,300471914551172981,0,2,bkt,0.36457200109204213
183785263154883249,8553379303363759508,300471914551172981,0,2,bkt,0.36457186788352347
183785263154883249,6440511557387709110,300471914551172981,0,2,bkt,0.3645718522073742
183785263154883249,7744513373483970787,8573800373938698102,1,2,bkt,0.8274005147662947
183785263154883249,2971078979906996375,300471914551172981,0,2,bkt,0.3645718503625853
183785263154883249,5841359775533910823,300471914551172981,1,2,bkt,0.36457185014548826
183785263154883249,8621262567927479011,300471914551172981,1,2,bkt,0.4414634382324254
183785263154883249,8434961942249729798,8573800373938698102,1,2,bkt,0.8826615653921908
183785263154883249,2322042198017538996,8573800373938698102,1,2,bkt,0.9008294416189261
183785263154883249,1742185772413642127,300471914551172981,0,2,bkt,0.5805120874320836
183785263154883249,2334639155148655290,8573800373938698102,1,2,bkt,0.906315524981365
183785263154883249,7660717256841499384,300471914551172981,1,2,bkt,0.40306538991773494
183785263154883249,4113615466659810841,300471914551172981,0,2,bkt,0.5177055692007914
183785263154883249,6125574002232610732,300471914551172981,0,2,bkt,0.3883146706612095
183785263154883249,2774368076249802464,8573800373938698102,1,2,bkt,0.9079289004129857
183785263154883249,8903365289186067945,8573800373938698102,1,2,bkt,0.9083996600369283
183785263154883249,6925932688889117475,300471914551172981,0,2,bkt,0.3674743885050347
183785263154883249,8194071366621068887,8573800373938698102,1,2,bkt,0.9085367057426601
183785263154883249,2986660907093963186,300471914551172981,1,2,bkt,0.364914991884121
183785263154883249,7591109345808921544,300471914551172981,0,2,bkt,0.4422141349662775
183785263154883249,625545550176685521,8573800373938698102,1,2,bkt,0.9085765752637126
183785263154883249,1761868641361943332,8573800373938698102,1,2,bkt,0.9085881718999048
183785263154883249,4824259625677886603,300471914551172981,0,2,bkt,0.3749807427682553
183785263154883249,8450591260754163598,8573800373938698102,1,2,bkt,0.908591544760923
183785263154883249,1553079256999111676,300471914551172981,1,2,bkt,0.3658171812855404
183785263154883249,3220231712819306119,8573800373938698102,1,2,bkt,0.9085925257353907
183785263154883249,338807275221326836,300471914551172981,0,2,bkt,0.4441811502433647
183785263154883249,8525319303741530302,8573800373938698102,1,2,bkt,0.9085928110440028
183785263154883249,6587421150596252277,300471914551172981,0,2,bkt,0.375282214874103
183785263154883249,5891620578387310353,300471914551172981,0,2,bkt,0.36585386810338616
183785263154883249,5791250638486922978,300471914551172981,0,2,bkt,0.36472302460145395
183785263154883249,4031585874086886353,8573800373938698102,1,2,bkt,0.908592894023625
183785263154883249,2083452711903133430,8573800373938698102,1,2,bkt,0.9085929181575437
183785263154883249,6319743179241711738,8573800373938698102,1,2,bkt,0.9085929251766884
183785263154883249,8628686323660025649,300471914551172981,1,2,bkt,0.3645896447525506
183785263154883249,4378721629787482518,300471914551172981,1,2,bkt,0.4415024025216011
183785263154883249,4813462692425748605,300471914551172981,0,2,bkt,0.580570271591214
183785263154883249,4644364625800006675,300471914551172981,0,2,bkt,0.40308110317710305
183785263154883249,1062464292871659639,8573800373938698102,1,2,bkt,0.9085929272181468
183785263154883249,5932668873100475470,300471914551172981,1,2,bkt,0.36939603000881116
183785263154883249,5237822943399727048,8573800373938698102,1,2,bkt,0.9085929274249654
202753365794141304,300471914551172981,300471914551172981,0,2,bkt,0.6240427971825541
202753365794141304,8573800373938698102,8573800373938698102,0,2,bkt,0.5025072721158217
202753365794141304,2014268979504181100,300471914551172981,0,2,bkt,0.4161806849477127
202753365794141304,2172169907340938753,300471914551172981,0,2,bkt,0.3711821219902946
202753365794141304,8150806168444344502,300471914551172981,0,2,bkt,0.3653579326891565
202753365794141304,816286915455981984,8573800373938698102,0,2,bkt,0.34884484707464464
202753365794141304,1962751598315765836,300471914551172981,0,2,bkt,0.3646644718786235
202753365794141304,7444476343858270082,300471914551172981,0,2,bkt,0.36458275155038683
202753365794141304,2537821716777940730,300471914551172981,0,2,bkt,0.3645731330329157
202753365794141304,1061301253559417093,300471914551172981,0,2,bkt,0.36457200109204213
202753365794141304,8553379303363759508,300471914551172981,0,2,bkt,0.36457186788352347
202753365794141304,6440511557387709110,300471914551172981,0,2,bkt,0.3645718522073742
202753365794141304,7744513373483970787,8573800373938698102,0,2,bkt,0.3191118996806145
202753365794141304,2971078979906996375,300471914551172981,0,2,bkt,0.3645718503625853
202753365794141304,5841359775533910823,300471914551172981,0,2,bkt,0.36457185014548826
202753365794141304,8621262567927479011,300471914551172981,0,2,bkt,0.36457185011994003
202753365794141304,8434961942249729798,8573800373938698102,1,2,bkt,0.31490832047714434
202753365794141304,2322042198017538996,8573800373938698102,1,2,bkt,0.41040026297836846
202753365794141304,1742185772413642127,300471914551172981,0,2,bkt,0.36457185011693344
202753365794141304,2334639155148655290,8573800373938698102,1,2,bkt,0.5878069515884203
202753365794141304,7660717256841499384,300471914551172981,1,2,bkt,0.36457185011657967
202753365794141304,4113615466659810841,300471914551172981,0,2,bkt,0.44146343816912204
202753365794141304,6125574002232610732,300471914551172981,0,2,bkt,0.37486624800368407
202753365794141304,2774368076249802464,8573800373938698102,1,2,bkt,0.7643792902555594
202753365794141304,8903365289186067945,8573800373938698102,1,2,bkt,0.8587362778250854
202753365794141304,6925932688889117475,300471914551172981,1,2,bkt,0.36580325743158204
202753365794141304,8194071366621068887,8573800373938698102,1,2,bkt,0.8932506813819732
202753365794141304,2986660907093963186,300471914551172981,0,2,bkt,0.44415086621745853
202753365794141304,7591109345808921544,300471914551172981,0,2,bkt,0.375277557259154
202753365794141304,625545550176685521,8573800373938698102,0,2,bkt,0.9040541256061696
202753365794141304,1761868641361943332,8573800373938698102,0,2,bkt,0.8761532394791359
202753365794141304,4824259625677886603,300471914551172981,0,2,bkt,0.36585330103846664
202753365794141304,8450591260754163598,8573800373938698102,0,2,bkt,0.7289733276068187
202753365794141304,1553079256999111676,300471914551172981,0,2,bkt,0.3647229575985116
202753365794141304,3220231712819306119,8573800373938698102,0,2,bkt,0.4541248393022518
202753365794141304,338807275221326836,300471914551172981,1,2,bkt,0.36458963686380813
202753365794141304,8525319303741530302,8573800373938698102,0,2,bkt,0.3376775227090369
202753365794141304,6587421150596252277,300471914551172981,0,2,bkt,0.44150238524871366
202753365794141304,5891620578387310353,300471914551172981,1,2,bkt,0.37487218056376875
202753365794141304,5791250638486922978,300471914551172981,1,2,bkt,0.46339909433588844
202753365794141304,4031585874086886353,8573800373938698102,1,2,bkt,0.31748883191250826
202753365794141304,2083452711903133430,8573800373938698102,0,2,bkt,0.4165973590238141
202753365794141304,6319743179241711738,8573800373938698102,0,2,bkt,0.33029118465974144
202753365794141304,8628686323660025649,300471914551172981,0,2,bkt,0.6117201295841124
202753365794141304,4378721629787482518,300471914551172981,0,2,bkt,0.4121696021654271
202753365794141304,4813462692425748605,300471914551172981,0,2,bkt,0.37062676620174123
202753365794141304,4644364625800006675,300471914551172981,0,2,bkt,0.3652912553392554
202753365794141304,1062464292871659639,8573800373938698102,0,2,bkt,0.31644503701693405
202753365794141304,5932668873100475470,300471914551172981,0,2,bkt,0.3646566065808382
202753365794141304,5237822943399727048,8573800373938698102,0,2,bkt,0.31454915634089076
205393967108015211,300471914551172981,300471914551172981,0,2,bkt,0.6240427971825541
205393967108015211,8573800373938698102,8573800373938698102,0,2,bkt,0.5025072721158217
205393967108015211,2014268979504181100,300471914551172981,0,2,bkt,0.4161806849477127
205393967108015211,2172169907340938753,300471914551172981,0,2,bkt,0.3711821219902946
205393967108015211,8150806168444344502,300471914551172981,1,2,bkt,0.3653579326891565
205393967108015211,816286915455981984,8573800373938698102,1,2,bkt,0.34884484707464464
205393967108015211,1962751598315765836,300471914551172981,0,2,bkt,0.44318107882746305
205393967108015211,7444476343858270082,300471914551172981,0,2,bkt,0.3751286740256808
205393967108015211,2537821716777940730,300471914551172981,0,2,bkt,0.36583517894919804
205393967108015211,1061301253559417093,300471914551172981,0,2,bkt,0.36472081640183895
205393967108015211,8553379303363759508,300471914551172981,0,2,bkt,0.3645893847660689
205393967108015211,6440511557387709110,300471914551172981,1,2,bkt,0.3645739136729694
205393967108015211,7744513373483970787,8573800373938698102,0,2,bkt,0.48457328438244096
205393967108015211,2971078979906996375,300471914551172981,0,2,bkt,0.44146795686835705
205393967108015211,5841359775533910823,300471914551172981,1,2,bkt,0.3748669362658738
205393967108015211,8621262567927479011,300471914551172981,0,2,bkt,0.46338823276049596
205393967108015211,8434961942249729798,8573800373938698102,0,2,bkt,0.3444609060351503
205393967108015211,2322042198017538996,8573800373938698102,1,2,bkt,0.31846814096095855
205393967108015211,1742185772413642127,300471914551172981,0,2,bkt,0.37834212109378207
205393967108015211,2334639155148655290,8573800373938698102,0,2,bkt,0.4189228804719366
205393967108015211,7660717256841499384,300471914551172981,0,2,bkt,0.36622824839767676
205393967108015211,4113615466659810841,300471914551172981,0,2,bkt,0.3647672865911726
205393967108015211,6125574002232610732,300471914551172981,1,2,bkt,0.364594856401321
205393967108015211,2774368076249802464,8573800373938698102,0,2,bkt,0.33072117597276707
205393967108015211,8903365289186067945,8573800373938698102,0,2,bkt,0.31650516935359296
205393967108015211,6925932688889117475,300471914551172981,0,2,bkt,0.44151381358424957
205393967108015211,8194071366621068887,8573800373938698102,0,2,bkt,0.3145572238767284
205393967108015211,2986660907093963186,300471914551172981,1,2,bkt,0.3748739215262089
205393967108015211,7591109345808921544,300471914551172981,0,2,bkt,0.4634027000125347
205393967108015211,625545550176685521,8573800373938698102,1,2,bkt,0.3142966014064159
205393967108015211,1761868641361943332,8573800373938698102,1,2,bkt,0.4089162994498099
205393967108015211,4824259625677886603,300471914551172981,1,2,bkt,0.37834450845178513
205393967108015211,8450591260754163598,8573800373938698102,1,2,bkt,0.5856838234660382
205393967108015211,1553079256999111676,300471914551172981,0,2,bkt,0.4705246034241799
205393967108015211,3220231712819306119,8573800373938698102,1,2,bkt,0.7628985690914324
205393967108015211,338807275221326836,300471914551172981,0,2,bkt,0.3795355913508563
205393967108015211,8525319303741530302,8573800373938698102,0,2,bkt,0.8581266109497573
205393967108015211,6587421150596252277,300471914551172981,0,2,bkt,0.3663752707817734
205393967108015211,5891620578387310353,300471914551172981,0,2,bkt,0.36478468296139827
205393967108015211,5791250638486922978,300471914551172981,0,2,bkt,0.36459690494393104
205393967108015211,4031585874086886353,8573800373938698102,0,2,bkt,0.6646645264948351
205393967108015211,2083452711903133430,8573800373938698102,1,2,bkt,0.409772106845094
205393967108015211,6319743179241711738,8573800373938698102,1,2,bkt,0.5869101164633626
205393967108015211,8628686323660025649,300471914551172981,1,2,bkt,0.36457479871622667
205393967108015211,4378721629787482518,300471914551172981,0,2,bkt,0.44146989488757715
205393967108015211,4813462692425748605,300471914551172981,0,2,bkt,0.37486723145718936
205393967108015211,4644364625800006675,300471914551172981,0,2,bkt,0.3658033770088971
205393967108015211,1062464292871659639,8573800373938698102,1,2,bkt,0.7637551225078493
205393967108015211,5932668873100475470,300471914551172981,1,2,bkt,0.36471705917234065
205393967108015211,5237822943399727048,8573800373938698102,0,2,bkt,0.8584795734304391
214016565839122712,300471914551172981,300471914551172981,0,2,bkt,0.6240427971825541
214016565839122712,8573800373938698102,8573800373938698102,0,2,bkt,0.5025072721158217
214016565839122712,2014268979504181100,300471914551172981,0,2,bkt,0.4161806849477127
214016565839122712,2172169907340938753,300471914551172981,0,2,bkt,0.3711821219902946
214016565839122712,8150806168444344502,300471914551172981,1,2,bkt,0.3653579326891565
214016565839122712,816286915455981984,8573800373938698102,0,2,bkt,0.34884484707464464
214016565839122712,1962751598315765836,300471914551172981,1,2,bkt,0.44318107882746305
214016565839122712,7444476343858270082,300471914551172981,0,2,bkt,0.5830672713248809
214016565839122712,2537821716777940730,300471914551172981,1,2,bkt,0.40375957759347775
214016565839122712,1061301253559417093,300471914551172981,0,2,bkt,0.5189470624740068
214016565839122712,8553379303363759508,300471914551172981,1,2,bkt,0.388568931473476
214016565839122712,6440511557387709110,300471914551172981,0,2,bkt,0.4907664029283729
214016565839122712,7744513373483970787,8573800373938698102,0,2,bkt,0.3191118996806145
214016565839122712,2971078979906996375,300471914551172981,0,2,bkt,0.38310278316719615
214016565839122712,5841359775533910823,300471914551172981,0,2,bkt,0.3668181007003058
214016565839122712,8621262567927479011,300471914551172981,0,2,bkt,0.3648371294627872
214016565839122712,8434961942249729798,8573800373938698102,0,2,bkt,0.31490832047714434
214016565839122712,2322042198017538996,8573800373938698102,0,2,bkt,0.3143434663637246
214016565839122712,1742185772413642127,300471914551172981,0,2,bkt,0.3646030815604029
214016565839122712,2334639155148655290,8573800373938698102,0,2,bkt,0.3142680922042531
214016565839122712,7660717256841499384,300471914551172981,1,2,bkt,0.3645755256525706
214016565839122712,4113615466659810841,300471914551172981,0,2,bkt,0.441471486685905
214016565839122712,6125574002232610732,300471914551172981,0,2,bkt,0.37486747391505937
214016565839122712,2774368076249802464,8573800373938698102,0,2,bkt,0.3142580436633764
214016565839122712,8903365289186067945,8573800373938698102,1,2,bkt,0.31425670420438606
214016565839122712,6925932688889117475,300471914551172981,0,2,bkt,0.3658034064892109
214016565839122712,8194071366621068887,8573800373938698102,1,2,bkt,0.40881931251559434
214016565839122712,2986660907093963186,300471914551172981,1,2,bkt,0.3647170626551079
214016565839122712,7591109345808921544,300471914551172981,0,2,bkt,0.4417812943939532
214016565839122712,625545550176685521,8573800373938698102,0,2,bkt,0.5855445262509902
214016565839122712,1761868641361943332,8573800373938698102,0,2,bkt,0.37408836402921086
214016565839122712,4824259625677886603,300471914551172981,1,2,bkt,0.37491468920508175
214016565839122712,8450591260754163598,8573800373938698102,0,2,bkt,0.32299424223564216
214016565839122712,1553079256999111676,300471914551172981,0,2,bkt,0.463487123660982
214016565839122712,3220231712819306119,8573800373938698102,0,2,bkt,0.31543623941802446
214016565839122712,338807275221326836,300471914551172981,0,2,bkt,0.37835844244713845
214016565839122712,8525319303741530302,8573800373938698102,0,2,bkt,0.31441402434463517
214016565839122712,6587421150596252277,300471914551172981,1,2,bkt,0.36623025520123526
214016565839122712,5891620578387310353,300471914551172981,1,2,bkt,0.4450785279369788
214016565839122712,5791250638486922978,300471914551172981,1,2,bkt,0.585867013893068
214016565839122712,4031585874086886353,8573800373938698102,0,2,bkt,0.3142775006762989
214016565839122712,2083452711903133430,8573800373938698102,0,2,bkt,0.3142592978375103
214016565839122712,6319743179241711738,8573800373938698102,0,2,bkt,0.31425687138221764
214016565839122712,8628686323660025649,300471914551172981,0,2,bkt,0.7430108193784363
214016565839122712,4378721629787482518,300471914551172981,1,2,bkt,0.47468894318221133
214016565839122712,4813462692425748605,300471914551172981,0,2,bkt,0.6266580330289523
214016565839122712,4644364625800006675,300471914551172981,0,2,bkt,0.41706601624402245
214016565839122712,1062464292871659639,8573800373938698102,0,2,bkt,0.31425654794320707
214016565839122712,5932668873100475470,300471914551172981,0,2,bkt,0.37130573044027404
214016565839122712,5237822943399727048,8573800373938698102,0,2,bkt,0.3142565048299569
241971033199468642,300471914551172981,300471914551172981,1,2,bkt,0.6240427971825541
241971033199468642,8573800373938698102,8573800373938698102,0,2,bkt,0.5025072721158217
241971033199468642,2014268979504181100,300471914551172981,0,2,bkt,0.773401494806722
241971033199468642,2172169907340938753,300471914551172981,0,2,bkt,0.49948648602815027
241971033199468642,8150806168444344502,300471914551172981,0,2,bkt,0.38472843652012184
241971033199468642,816286915455981984,8573800373938698102,1,2,bkt,0.34884484707464464
241971033199468642,1962751598315765836,300471914551172981,0,2,bkt,0.3670216119715397
241971033199468642,7444476343858270082,300471914551172981,1,2,bkt,0.3648612569042803
241971033199468642,2537821716777940730,300471914551172981,0,2,bkt,0.44209667132715225
241971033199468642,1061301253559417093,300471914551172981,1,2,bkt,0.3749628071161363
241971033199468642,8553379303363759508,300471914551172981,0,2,bkt,0.4635867448988429
241971033199468642,6440511557387709110,300471914551172981,1,2,bkt,0.3783748904230254
241971033199468642,7744513373483970787,8573800373938698102,0,2,bkt,0.48457328438244096
241971033199468642,2971078979906996375,300471914551172981,1,2,bkt,0.4705863726307016
241971033199468642,5841359775533910823,300471914551172981,1,2,bkt,0.621312716680473
241971033199468642,8621262567927479011,300471914551172981,0,2,bkt,0.771352142367783
241971033199468642,8434961942249729798,8573800373938698102,1,2,bkt,0.3444609060351503
241971033199468642,2322042198017538996,8573800373938698102,0,2,bkt,0.4758136197238611
241971033199468642,1742185772413642127,300471914551172981,1,2,bkt,0.49760702790658684
241971033199468642,2334639155148655290,8573800373938698102,0,2,bkt,0.3424286598311388
241971033199468642,7660717256841499384,300471914551172981,1,2,bkt,0.6548969812014597
241971033199468642,4113615466659810841,300471914551172981,1,2,bkt,0.7953746548586832
241971033199468642,6125574002232610732,300471914551172981,0,2,bkt,0.8738671956559951
241971033199468642,2774368076249802464,8573800373938698102,0,2,bkt,0.31817262812740893
241971033199468642,8903365289186067945,8573800373938698102,0,2,bkt,0.31478150201233956
241971033199468642,6925932688889117475,300471914551172981,1,2,bkt,0.6665081873913502
241971033199468642,8194071366621068887,8573800373938698102,1,2,bkt,0.31432653288376244
241971033199468642,2986660907093963186,300471914551172981,1,2,bkt,0.8031168600490952
241971033199468642,7591109345808921544,300471914551172981,1,2,bkt,0.8773948010922983
241971033199468642,625545550176685521,8573800373938698102,0,2,bkt,0.40898904433351235
241971033199468642,1761868641361943332,8573800373938698102,1,2,bkt,0.3289080449717414
241971033199468642,4824259625677886603,300471914551172981,1,2,bkt,0.9080745551551964
241971033199468642,8450591260754163598,8573800373938698102,0,2,bkt,0.4428533403359664
241971033199468642,1553079256999111676,300471914551172981,1,2,bkt,0.9192818585156327
241971033199468642,3220231712819306119,8573800373938698102,0,2,bkt,0.3353544633349281
241971033199468642,338807275221326836,300471914551172981,1,2,bkt,0.9231893383772224
241971033199468642,8525319303741530302,8573800373938698102,0,2,bkt,0.31715804964384714
241971033199468642,6587421150596252277,300471914551172981,1,2,bkt,0.9245293948337209
241971033199468642,5891620578387310353,300471914551172981,1,2,bkt,0.9249863540158929
241971033199468642,5791250638486922978,300471914551172981,1,2,bkt,0.925141874348341
241971033199468642,4031585874086886353,8573800373938698102,0,2,bkt,0.3146449077302158
241971033199468642,2083452711903133430,8573800373938698102,1,2,bkt,0.31430830109435615
241971033199468642,6319743179241711738,8573800373938698102,0,2,bkt,0.4089447357945063
241971033199468642,8628686323660025649,300471914551172981,1,2,bkt,0.9251947687036914
241971033199468642,4378721629787482518,300471914551172981,0,2,bkt,0.9252127546643212
241971033199468642,4813462692425748605,300471914551172981,0,2,bkt,0.9251432942070247
241971033199468642,4644364625800006675,300471914551172981,1,2,bkt,0.9245537456683295
241971033199468642,1062464292871659639,8573800373938698102,1,2,bkt,0.32890009427283223
241971033199468642,5932668873100475470,300471914551172981,1,2,bkt,0.9249946453951708
241971033199468642,5237822943399727048,8573800373938698102,1,2,bkt,0.4428356937034934
260274888812095134,300471914551172981,300471914551172981,1,2,bkt,0.6240427971825541
260274888812095134,8573800373938698102,8573800373938698102,1,2,bkt,0.5025072721158217
260274888812095134,2014268979504181100,300471914551172981,1,2,bkt,0.773401494806722
260274888812095134,2172169907340938753,300471914551172981,0,2,bkt,0.8634708291526818
260274888812095134,8150806168444344502,300471914551172981,0,2,bkt,0.6378223023100763
260274888812095134,816286915455981984,8573800373938698102,1,2,bkt,0.6950422406082023
260274888812095134,1962751598315765836,300471914551172981,0,2,bkt,0.42098922994777893
260274888812095134,7444476343858270082,300471914551172981,0,2,bkt,0.3718580318176765
260274888812095134,2537821716777940730,300471914551172981,0,2,bkt,0.36543924311705256
260274888812095134,1061301253559417093,300471914551172981,0,2,bkt,0.36467406553938286
260274888812095134,8553379303363759508,300471914551172981,0,2,bkt,0.3645838808906423
260274888812095134,6440511557387709110,300471914551172981,0,2,bkt,0.36457326593988626
260274888812095134,7744513373483970787,8573800373938698102,1,2,bkt,0.8274005147662947
260274888812095134,2971078979906996375,300471914551172981,0,2,bkt,0.3645720167327671
260274888812095134,5841359775533910823,300471914551172981,0,2,bkt,0.3645718697241445
260274888812095134,8621262567927479011,300471914551172981,0,2,bkt,0.3645718524239808
260274888812095134,8434961942249729798,8573800373938698102,1,2,bkt,0.8826615653921908
260274888812095134,2322042198017538996,8573800373938698102,1,2,bkt,0.9008294416189261
260274888812095134,1742185772413642127,300471914551172981,1,2,bkt,0.3645718503880758
260274888812095134,2334639155148655290,8573800373938698102,1,2,bkt,0.906315524981365
260274888812095134,7660717256841499384,300471914551172981,0,2,bkt,0.4414634387636378
260274888812095134,4113615466659810841,300471914551172981,0,2,bkt,0.3748662480942366
260274888812095134,6125574002232610732,300471914551172981,0,2,bkt,0.3658032574425923
260274888812095134,2774368076249802464,8573800373938698102,1,2,bkt,0.9079289004129857
260274888812095134,8903365289186067945,8573800373938698102,1,2,bkt,0.9083996600369283
260274888812095134,6925932688889117475,300471914551172981,0,2,bkt,0.3647170450469309
260274888812095134,8194071366621068887,8573800373938698102,1,2,bkt,0.9085367057426601
260274888812095134,2986660907093963186,300471914551172981,0,2,bkt,0.36458894074277576
260274888812095134,7591109345808921544,300471914551172981,0,2,bkt,0.36457386141690523
260274888812095134,625545550176685521,8573800373938698102,1,2,bkt,0.9085765752637126
260274888812095134,1761868641361943332,8573800373938698102,1,2,bkt,0.9085881718999048
260274888812095134,4824259625677886603,300471914551172981,0,2,bkt,0.3645720868096256
260274888812095134,8450591260754163598,8573800373938698102,1,2,bkt,0.908591544760923
260274888812095134,1553079256999111676,300471914551172981,0,2,bkt,0.36457187797088214
260274888812095134,3220231712819306119,8573800373938698102,1,2,bkt,0.9085925257353907
260274888812095134,338807275221326836,300471914551172981,0,2,bkt,0.3645718533944673
260274888812095134,8525319303741530302,8573800373938698102,1,2,bkt,0.9085928110440028
260274888812095134,6587421150596252277,300471914551172981,1,2,bkt,0.3645718505022839
260274888812095134,5891620578387310353,300471914551172981,1,2,bkt,0.44146343901372775
260274888812095134,5791250638486922978,300471914551172981,1,2,bkt,0.580512088598881
260274888812095134,4031585874086886353,8573800373938698102,1,2,bkt,0.908592894023625
260274888812095134,2083452711903133430,8573800373938698102,1,2,bkt,0.9085929181575437
260274888812095134,6319743179241711738,8573800373938698102,1,2,bkt,0.9085929251766884
260274888812095134,8628686323660025649,300471914551172981,1,2,bkt,0.7384282513689757
260274888812095134,4378721629787482518,300471914551172981,0,2,bkt,0.8456475168500783
260274888812095134,4813462692425748605,300471914551172981,1,2,bkt,0.5976349382763444
260274888812095134,4644364625800006675,300471914551172981,0,2,bkt,0.7527928870026447
260274888812095134,1062464292871659639,8573800373938698102,1,2,bkt,0.9085929272181468
260274888812095134,5932668873100475470,300471914551172981,0,2,bkt,0.48200530265976504
260274888812095134,5237822943399727048,8573800373938698102,1,2,bkt,0.9085929274249654
343876738781606645,300471914551172981,300471914551172981,1,2,bkt,0.6240427971825541
343876738781606645,8573800373938698102,8573800373938698102,0,2,bkt,0.5025072721158217
343876738781606645,2014268979504181100,300471914551172981,1,2,bkt,0.773401494806722
343876738781606645,2172169907340938753,300471914551172981,0,2,bkt,0.8634708291526818
343876738781606645,8150806168444344502,300471914551172981,1,2,bkt,0.6378223023100763
343876738781606645,816286915455981984,8573800373938698102,1,2,bkt,0.34884484707464464
343876738781606645,1962751598315765836,300471914551172981,1,2,bkt,0.783477429921248
343876738781606645,7444476343858270082,300471914551172981,1,2,bkt,0.8683105429749027
343876738781606645,2537821716777940730,300471914551172981,1,2,bkt,0.9046041102691557
343876738781606645,1061301253559417093,300471914551172981,1,2,bkt,0.9180522385521902
343876738781606645,8553379303363759508,300471914551172981,1,2,bkt,0.9227652848899595
343876738781606645,6440511557387709110,300471914551172981,1,2,bkt,0.924384516171165
343876738781606645,7744513373483970787,8573800373938698102,1,2,bkt,0.48457328438244096
343876738781606645,2971078979906996375,300471914551172981,1,2,bkt,0.9249370142756044
343876738781606645,5841359775533910823,300471914551172981,1,2,bkt,0.925125089586208
343876738781606645,8621262567927479011,300471914551172981,1,2,bkt,0.9251890608581784
343876738781606645,8434961942249729798,8573800373938698102,1,2,bkt,0.6773586652183093
343876738781606645,2322042198017538996,8573800373938698102,1,2,bkt,0.8183819959470333
343876738781606645,1742185772413642127,300471914551172981,1,2,bkt,0.9252108138929841
343876738781606645,2334639155148655290,8573800373938698102,1,2,bkt,0.8794637131700375
343876738781606645,7660717256841499384,300471914551172981,1,2,bkt,0.925218210192376
343876738781606645,4113615466659810841,300471914551172981,1,2,bkt,0.9252207249459115
343876738781606645,6125574002232610732,300471914551172981,1,2,bkt,0.9252215799569469
343876738781606645,2774368076249802464,8573800373938698102,0,2,bkt,0.8998403391701144
343876738781606645,8903365289186067945,8573800373938698102,0,2,bkt,0.848668294702177
343876738781606645,6925932688889117475,300471914551172981,1,2,bkt,0.9252218706578835
343876738781606645,8194071366621068887,8573800373938698102,0,2,bkt,0.6370508355448528
343876738781606645,2986660907093963186,300471914551172981,1,2,bkt,0.9252219694951225
343876738781606645,7591109345808921544,300471914551172981,1,2,bkt,0.9252220030994024
343876738781606645,625545550176685521,8573800373938698102,1,2,bkt,0.3955507622633677
343876738781606645,1761868641361943332,8573800373938698102,1,2,bkt,0.5658436804366944
343876738781606645,4824259625677886603,300471914551172981,1,2,bkt,0.9252220145247263
343876738781606645,8450591260754163598,8573800373938698102,1,2,bkt,0.7485244867744866
343876738781606645,1553079256999111676,300471914551172981,0,2,bkt,0.9252220184092916
343876738781606645,3220231712819306119,8573800373938698102,0,2,bkt,0.8520829186803063
343876738781606645,338807275221326836,300471914551172981,1,2,bkt,0.9252220034059494
343876738781606645,8525319303741530302,8573800373938698102,1,2,bkt,0.6466125579052369
343876738781606645,6587421150596252277,300471914551172981,1,2,bkt,0.9252220146289512
343876738781606645,5891620578387310353,300471914551172981,1,2,bkt,0.9252220184447277
343876738781606645,5791250638486922978,300471914551172981,1,2,bkt,0.9252220197420767
343876738781606645,4031585874086886353,8573800373938698102,1,2,bkt,0.8015272449559077
343876738781606645,2083452711903133430,8573800373938698102,1,2,bkt,0.8732943119806028
343876738781606645,6319743179241711738,8573800373938698102,1,2,bkt,0.8979116622470209
343876738781606645,8628686323660025649,300471914551172981,1,2,bkt,0.9252220198163026
343876738781606645,4378721629787482518,300471914551172981,1,2,bkt,0.9252220198163026
343876738781606645,4813462692425748605,300471914551172981,1,2,bkt,0.9252220198163026
343876738781606645,4644364625800006675,300471914551172981,1,2,bkt,0.9252220198163026
343876738781606645,1062464292871659639,8573800373938698102,1,2,bkt,0.9054494184903293
343876738781606645,5932668873100475470,300471914551172981,1,2,bkt,0.9252220198163026
343876738781606645,5237822943399727048,8573800373938698102,1,2,bkt,0.9076754910205289
358971589308565901,300471914551172981,300471914551172981,1,2,bkt,0.6240427971825541
358971589308565901,8573800373938698102,8573800373938698102,0,2,bkt,0.5025072721158217
358971589308565901,2014268979504181100,300471914551172981,1,2,bkt,0.773401494806722
358971589308565901,2172169907340938753,300471914551172981,1,2,bkt,0.8634708291526818
358971589308565901,8150806168444344502,300471914551172981,1,2,bkt,0.9027253872584683
358971589308565901,816286915455981984,8573800373938698102,0,2,bkt,0.34884484707464464
358971589308565901,1962751598315765836,300471914551172981,1,2,bkt,0.9173826402269202
358971589308565901,7444476343858270082,300471914551172981,1,2,bkt,0.9225338854708982
358971589308565901,2537821716777940730,300471914551172981,1,2,bkt,0.9243054019591953
358971589308565901,1061301253559417093,300471914551172981,1,2,bkt,0.9249100646851198
358971589308565901,8553379303363759508,300471914551172981,1,2,bkt,0.9251159209166168
358971589308565901,6440511557387709110,300471914551172981,1,2,bkt,0.9251859428623831
358971589308565901,7744513373483970787,8573800373938698102,1,2,bkt,0.3191118996806145
358971589308565901,2971078979906996375,300471914551172981,1,2,bkt,0.9252097537075635
358971589308565901,5841359775533910823,300471914551172981,1,2,bkt,0.9252178497243552
358971589308565901,8621262567927479011,300471914551172981,1,2,bkt,0.9252206023871442
358971589308565901,8434961942249729798,8573800373938698102,0,2,bkt,0.42044381024081545
358971589308565901,2322042198017538996,8573800373938698102,0,2,bkt,0.3310042638911887
358971589308565901,1742185772413642127,300471914551172981,1,2,bkt,0.9252215382873257
358971589308565901,2334639155148655290,8573800373938698102,1,2,bkt,0.3165448001134485
358971589308565901,7660717256841499384,300471914551172981,1,2,bkt,0.925221856490362
358971589308565901,4113615466659810841,300471914551172981,1,2,bkt,0.925221964678219
358971589308565901,6125574002232610732,300471914551172981,1,2,bkt,0.925222001461674
358971589308565901,2774368076249802464,8573800373938698102,0,2,bkt,0.4143419879063144
358971589308565901,8903365289186067945,8573800373938698102,0,2,bkt,0.32987742606049697
358971589308565901,6925932688889117475,300471914551172981,1,2,bkt,0.9252220139679052
358971589308565901,8194071366621068887,8573800373938698102,0,2,bkt,0.31638724760599574
358971589308565901,2986660907093963186,300471914551172981,1,2,bkt,0.9252220182199746
358971589308565901,7591109345808921544,300471914551172981,1,2,bkt,0.9252220196656616
358971589308565901,625545550176685521,8573800373938698102,0,2,bkt,0.3145414044764524
358971589308565901,1761868641361943332,8573800373938698102,0,2,bkt,0.3142944909369036
358971589308565901,4824259625677886603,300471914551172981,1,2,bkt,0.9252220198163026
358971589308565901,8450591260754163598,8573800373938698102,0,2,bkt,0.3142615627712457
358971589308565901,1553079256999111676,300471914551172981,1,2,bkt,0.9252220198163026
358971589308565901,3220231712819306119,8573800373938698102,1,2,bkt,0.31425717329296804
358971589308565901,338807275221326836,300471914551172981,1,2,bkt,0.9252220198163026
358971589308565901,8525319303741530302,8573800373938698102,0,2,bkt,0.40882045297580694
358971589308565901,6587421150596252277,300471914551172981,1,2,bkt,0.9252220198163026
358971589308565901,5891620578387310353,300471914551172981,1,2,bkt,0.9252220198163026
358971589308565901,5791250638486922978,300471914551172981,1,2,bkt,0.9252220198163026
358971589308565901,4031585874086886353,8573800373938698102,0,2,bkt,0.32887779939471506
358971589308565901,2083452711903133430,8573800373938698102,0,2,bkt,0.31624792439422056
358971589308565901,6319743179241711738,8573800373938698102,0,2,bkt,0.3145227210656729
358971589308565901,8628686323660025649,300471914551172981,1,2,bkt,0.9252220198163026
358971589308565901,4378721629787482518,300471914551172981,1,2,bkt,0.9252220198163026
358971589308565901,4813462692425748605,300471914551172981,1,2,bkt,0.9252220198163026
358971589308565901,4644364625800006675,300471914551172981,1,2,bkt,0.9252220198163026
358971589308565901,1062464292871659639,8573800373938698102,0,2,bkt,0.3142919985046089
358971589308565901,5932668873100475470,300471914551172981,1,2,bkt,0.9252220198163026
358971589308565901,5237822943399727048,8573800373938698102,0,2,bkt,0.31426123050363225
384764315619426508,300471914551172981,300471914551172981,1,2,bkt,0.6240427971825541
384764315619426508,8573800373938698102,8573800373938698102,1,2,bkt,0.5025072721158217
384764315619426508,2014268979504181100,300471914551172981,1,2,bkt,0.773401494806722
384764315619426508,2172169907340938753,300471914551172981,1,2,bkt,0.8634708291526818
384764315619426508,8150806168444344502,300471914551172981,1,2,bkt,0.9027253872584683
384764315619426508,816286915455981984,8573800373938698102,1,2,bkt,0.6950422406082023
384764315619426508,1962751598315765836,300471914551172981,1,2,bkt,0.9173826402269202
384764315619426508,7444476343858270082,300471914551172981,1,2,bkt,0.9225338854708982
384764315619426508,2537821716777940730,300471914551172981,1,2,bkt,0.9243054019591953
384764315619426508,1061301253559417093,300471914551172981,1,2,bkt,0.9249100646851198
384764315619426508,8553379303363759508,300471914551172981,1,2,bkt,0.9251159209166168
384764315619426508,6440511557387709110,300471914551172981,1,2,bkt,0.9251859428623831
384764315619426508,7744513373483970787,8573800373938698102,1,2,bkt,0.8274005147662947
384764315619426508,2971078979906996375,300471914551172981,1,2,bkt,0.9252097537075635
384764315619426508,5841359775533910823,300471914551172981,1,2,bkt,0.9252178497243552
384764315619426508,8621262567927479011,300471914551172981,1,2,bkt,0.9252206023871442
384764315619426508,8434961942249729798,8573800373938698102,1,2,bkt,0.8826615653921908
384764315619426508,2322042198017538996,8573800373938698102,1,2,bkt,0.9008294416189261
384764315619426508,1742185772413642127,300471914551172981,1,2,bkt,0.9252215382873257
384764315619426508,2334639155148655290,8573800373938698102,0,2,bkt,0.906315524981365
384764315619426508,7660717256841499384,300471914551172981,1,2,bkt,0.925221856490362
384764315619426508,4113615466659810841,300471914551172981,1,2,bkt,0.925221964678219
384764315619426508,6125574002232610732,300471914551172981,1,2,bkt,0.925222001461674
384764315619426508,2774368076249802464,8573800373938698102,0,2,bkt,0.8919229903876479
384764315619426508,8903365289186067945,8573800373938698102,0,2,bkt,0.8028229639151826
384764315619426508,6925932688889117475,300471914551172981,1,2,bkt,0.9252220139679052
384764315619426508,8194071366621068887,8573800373938698102,1,2,bkt,0.5407455000027394
384764315619426508,2986660907093963186,300471914551172981,1,2,bkt,0.9252220182199746
384764315619426508,7591109345808921544,300471914551172981,1,2,bkt,0.9252220196656616
384764315619426508,625545550176685521,8573800373938698102,0,2,bkt,0.7288298542835148
384764315619426508,1761868641361943332,8573800373938698102,1,2,bkt,0.4540024738699483
384764315619426508,4824259625677886603,300471914551172981,1,2,bkt,0.9252220198163026
384764315619426508,8450591260754163598,8573800373938698102,0,2,bkt,0.6439941902690554
384764315619426508,1553079256999111676,300471914551172981,1,2,bkt,0.9252220198163026
384764315619426508,3220231712819306119,8573800373938698102,1,2,bkt,0.39891904054556304
384764315619426508,338807275221326836,300471914551172981,1,2,bkt,0.9252220198163026
384764315619426508,8525319303741530302,8573800373938698102,1,2,bkt,0.5709689416125218
384764315619426508,6587421150596252277,300471914551172981,1,2,bkt,0.9252220198163026
384764315619426508,5891620578387310353,300471914551172981,1,2,bkt,0.9252220198163026
384764315619426508,5791250638486922978,300471914551172981,1,2,bkt,0.9252220198163026
384764315619426508,4031585874086886353,8573800373938698102,0,2,bkt,0.7523334087311012
384764315619426508,2083452711903133430,8573800373938698102,1,2,bkt,0.4759388933624451
384764315619426508,6319743179241711738,8573800373938698102,1,2,bkt,0.6683695680101407
384764315619426508,8628686323660025649,300471914551172981,1,2,bkt,0.9252220198163026
384764315619426508,4378721629787482518,300471914551172981,1,2,bkt,0.9252220198163026
384764315619426508,4813462692425748605,300471914551172981,1,2,bkt,0.9252220198163026
384764315619426508,4644364625800006675,300471914551172981,1,2,bkt,0.9252220198163026
384764315619426508,1062464292871659639,8573800373938698102,1,2,bkt,0.8136146601186659
384764315619426508,5932668873100475470,300471914551172981,1,2,bkt,0.9252220198163026
384764315619426508,5237822943399727048,8573800373938698102,1,2,bkt,0.8777446337457369
408067404290575866,300471914551172981,300471914551172981,0,2,bkt,0.6240427971825541
408067404290575866,8573800373938698102,8573800373938698102,0,2,bkt,0.5025072721158217
408067404290575866,2014268979504181100,300471914551172981,1,2,bkt,0.4161806849477127
408067404290575866,2172169907340938753,300471914551172981,0,2,bkt,0.5404610728849124
408067404290575866,8150806168444344502,300471914551172981,1,2,bkt,0.39319323545329893
408067404290575866,816286915455981984,8573800373938698102,1,2,bkt,0.34884484707464464
408067404290575866,1962751598315765836,300471914551172981,1,2,bkt,0.4995756356086337
408067404290575866,7444476343858270082,300471914551172981,1,2,bkt,0.6572018024120191
408067404290575866,2537821716777940730,300471914551172981,1,2,bkt,0.7969332428462587
408067404290575866,1061301253559417093,300471914551172981,1,2,bkt,0.8745828502292067
408067404290575866,8553379303363759508,300471914551172981,1,2,bkt,0.907008014215228
408067404290575866,6440511557387709110,300471914551172981,1,2,bkt,0.9189049718980902
408067404290575866,7744513373483970787,8573800373938698102,0,2,bkt,0.48457328438244096
408067404290575866,2971078979906996375,300471914551172981,1,2,bkt,0.9230594838058905
408067404290575866,5841359775533910823,300471914551172981,0,2,bkt,0.9244850439180264
408067404290575866,8621262567927479011,300471914551172981,1,2,bkt,0.9190206580134437
408067404290575866,8434961942249729798,8573800373938698102,0,2,bkt,0.3444609060351503
408067404290575866,2322042198017538996,8573800373938698102,0,2,bkt,0.31846814096095855
408067404290575866,1742185772413642127,300471914551172981,1,2,bkt,0.9230993542598124
408067404290575866,2334639155148655290,8573800373938698102,1,2,bkt,0.31482136384394865
408067404290575866,7660717256841499384,300471914551172981,1,2,bkt,0.9244986627186296
408067404290575866,4113615466659810841,300471914551172981,1,2,bkt,0.9249758892080797
408067404290575866,6125574002232610732,300471914551172981,1,2,bkt,0.9251383145013153
408067404290575866,2774368076249802464,8573800373938698102,1,2,bkt,0.41018966732052675
408067404290575866,8903365289186067945,8573800373938698102,0,2,bkt,0.5875065846737135
408067404290575866,6925932688889117475,300471914551172981,1,2,bkt,0.9251935581553231
408067404290575866,8194071366621068887,8573800373938698102,0,2,bkt,0.3748077443166987
408067404290575866,2986660907093963186,300471914551172981,1,2,bkt,0.925212343057849
408067404290575866,7591109345808921544,300471914551172981,1,2,bkt,0.9252187301141548
408067404290575866,625545550176685521,8573800373938698102,0,2,bkt,0.3231094743196226
408067404290575866,1761868641361943332,8573800373938698102,1,2,bkt,0.3154520011564816
408067404290575866,4824259625677886603,300471914551172981,1,2,bkt,0.9252209017186293
408067404290575866,8450591260754163598,8573800373938698102,0,2,bkt,0.4117143420697374
408067404290575866,1553079256999111676,300471914551172981,1,2,bkt,0.9252216400591329
408067404290575866,3220231712819306119,8573800373938698102,0,2,bkt,0.32939937313791445
408067404290575866,338807275221326836,300471914551172981,1,2,bkt,0.9252218910924087
408067404290575866,8525319303741530302,8573800373938698102,0,2,bkt,0.3163205670407266
408067404290575866,6587421150596252277,300471914551172981,1,2,bkt,0.9252219764427827
408067404290575866,5891620578387310353,300471914551172981,1,2,bkt,0.9252220054615798
408067404290575866,5791250638486922978,300471914551172981,1,2,bkt,0.9252220153278574
408067404290575866,4031585874086886353,8573800373938698102,0,2,bkt,0.314532461582102
408067404290575866,2083452711903133430,8573800373938698102,0,2,bkt,0.31429329790658994
408067404290575866,6319743179241711738,8573800373938698102,0,2,bkt,0.3142614037273722
408067404290575866,8628686323660025649,300471914551172981,1,2,bkt,0.9252220186823531
408067404290575866,4378721629787482518,300471914551172981,1,2,bkt,0.9252220198163026
408067404290575866,4813462692425748605,300471914551172981,1,2,bkt,0.9252220198163026
408067404290575866,4644364625800006675,300471914551172981,1,2,bkt,0.9252220198163026
408067404290575866,1062464292871659639,8573800373938698102,1,2,bkt,0.3142571520926998
408067404290575866,5932668873100475470,300471914551172981,1,2,bkt,0.9252220198163026
408067404290575866,5237822943399727048,8573800373938698102,0,2,bkt,0.4088204014332437
424015410816537326,300471914551172981,300471914551172981,1,2,bkt,0.6240427971825541
424015410816537326,8573800373938698102,8573800373938698102,1,2,bkt,0.5025072721158217
424015410816537326,2014268979504181100,300471914551172981,1,2,bkt,0.773401494806722
424015410816537326,2172169907340938753,300471914551172981,1,2,bkt,0.8634708291526818
424015410816537326,8150806168444344502,300471914551172981,1,2,bkt,0.9027253872584683
424015410816537326,816286915455981984,8573800373938698102,1,2,bkt,0.6950422406082023
424015410816537326,1962751598315765836,300471914551172981,1,2,bkt,0.9173826402269202
424015410816537326,7444476343858270082,300471914551172981,1,2,bkt,0.9225338854708982
424015410816537326,2537821716777940730,300471914551172981,1,2,bkt,0.9243054019591953
424015410816537326,1061301253559417093,300471914551172981,1,2,bkt,0.9249100646851198
424015410816537326,8553379303363759508,300471914551172981,1,2,bkt,0.9251159209166168
424015410816537326,6440511557387709110,300471914551172981,1,2,bkt,0.9251859428623831
424015410816537326,7744513373483970787,8573800373938698102,0,2,bkt,0.8274005147662947
424015410816537326,2971078979906996375,300471914551172981,1,2,bkt,0.9252097537075635
424015410816537326,5841359775533910823,300471914551172981,1,2,bkt,0.9252178497243552
424015410816537326,8621262567927479011,300471914551172981,1,2,bkt,0.9252206023871442
424015410816537326,8434961942249729798,8573800373938698102,1,2,bkt,0.5860127666306374
424015410816537326,2322042198017538996,8573800373938698102,0,2,bkt,0.7631286844403878
424015410816537326,1742185772413642127,300471914551172981,1,2,bkt,0.9252215382873257
424015410816537326,2334639155148655290,8573800373938698102,1,2,bkt,0.4874733021197488
424015410816537326,7660717256841499384,300471914551172981,1,2,bkt,0.925221856490362
424015410816537326,4113615466659810841,300471914551172981,1,2,bkt,0.925221964678219
424015410816537326,6125574002232610732,300471914551172981,1,2,bkt,0.925222001461674
424015410816537326,2774368076249802464,8573800373938698102,1,2,bkt,0.6803063794611802
424015410816537326,8903365289186067945,8573800373938698102,1,2,bkt,0.8199178755514245
424015410816537326,6925932688889117475,300471914551172981,1,2,bkt,0.9252220139679052
424015410816537326,8194071366621068887,8573800373938698102,0,2,bkt,0.8800132866656067
424015410816537326,2986660907093963186,300471914551172981,1,2,bkt,0.9252220182199746
424015410816537326,7591109345808921544,300471914551172981,1,2,bkt,0.9252220196656616
424015410816537326,625545550176685521,8573800373938698102,1,2,bkt,0.7452556482665678
424015410816537326,1761868641361943332,8573800373938698102,1,2,bkt,0.8506759734066293
424015410816537326,4824259625677886603,300471914551172981,1,2,bkt,0.9252220198163026
424015410816537326,8450591260754163598,8573800373938698102,1,2,bkt,0.8906014341137483
424015410816537326,1553079256999111676,300471914551172981,1,2,bkt,0.9252220198163026
424015410816537326,3220231712819306119,8573800373938698102,1,2,bkt,0.903254547715681
424015410816537326,338807275221326836,300471914551172981,1,2,bkt,0.9252220198163026
424015410816537326,8525319303741530302,8573800373938698102,1,2,bkt,0.9070311294481286
424015410816537326,6587421150596252277,300471914551172981,1,2,bkt,0.9252220198163026
424015410816537326,5891620578387310353,300471914551172981,1,2,bkt,0.9252220198163026
424015410816537326,5791250638486922978,300471914551172981,1,2,bkt,0.9252220198163026
424015410816537326,4031585874086886353,8573800373938698102,1,2,bkt,0.9081379101211144
424015410816537326,2083452711903133430,8573800373938698102,1,2,bkt,0.9084605236654982
424015410816537326,6319743179241711738,8573800373938698102,0,2,bkt,0.9085544137561934
424015410816537326,8628686323660025649,300471914551172981,1,2,bkt,0.9252220198163026
424015410816537326,4378721629787482518,300471914551172981,1,2,bkt,0.9252220198163026
424015410816537326,4813462692425748605,300471914551172981,1,2,bkt,0.9252220198163026
424015410816537326,4644364625800006675,300471914551172981,1,2,bkt,0.9252220198163026
424015410816537326,1062464292871659639,8573800373938698102,1,2,bkt,0.9083041122526004
424015410816537326,5932668873100475470,300471914551172981,1,2,bkt,0.9252220198163026
424015410816537326,5237822943399727048,8573800373938698102,0,2,bkt,0.9085089017346479
433778139960684972,300471914551172981,300471914551172981,1,2,bkt,0.6240427971825541
433778139960684972,8573800373938698102,8573800373938698102,1,2,bkt,0.5025072721158217
433778139960684972,2014268979504181100,300471914551172981,1,2,bkt,0.773401494806722
433778139960684972,2172169907340938753,300471914551172981,1,2,bkt,0.8634708291526818
433778139960684972,8150806168444344502,300471914551172981,1,2,bkt,0.9027253872584683
433778139960684972,816286915455981984,8573800373938698102,1,2,bkt,0.6950422406082023
433778139960684972,1962751598315765836,300471914551172981,1,2,bkt,0.9173826402269202
433778139960684972,7444476343858270082,300471914551172981,0,2,bkt,0.9225338854708982
433778139960684972,2537821716777940730,300471914551172981,0,2,bkt,0.9031721651720684
433778139960684972,1061301253559417093,300471914551172981,1,2,bkt,0.780520873842496
433778139960684972,8553379303363759508,300471914551172981,1,2,bkt,0.8669033912547676
433778139960684972,6440511557387709110,300471914551172981,0,2,bkt,0.9040600325178438
433778139960684972,7744513373483970787,8573800373938698102,1,2,bkt,0.8274005147662947
433778139960684972,2971078979906996375,300471914551172981,0,2,bkt,0.7850622604342217
433778139960684972,5841359775533910823,300471914551172981,0,2,bkt,0.5108626940785229
433778139960684972,8621262567927479011,300471914551172981,1,2,bkt,0.3869363960456703
433778139960684972,8434961942249729798,8573800373938698102,1,2,bkt,0.8826615653921908
433778139960684972,2322042198017538996,8573800373938698102,1,2,bkt,0.9008294416189261
433778139960684972,1742185772413642127,300471914551172981,1,2,bkt,0.48760615775694194
433778139960684972,2334639155148655290,8573800373938698102,1,2,bkt,0.906315524981365
433778139960684972,7660717256841499384,300471914551172981,1,2,bkt,0.6429006646086102
433778139960684972,4113615466659810841,300471914551172981,1,2,bkt,0.7870819373292218
433778139960684972,6125574002232610732,300471914551172981,0,2,bkt,0.8700117818708729
433778139960684972,2774368076249802464,8573800373938698102,1,2,bkt,0.9079289004129857
433778139960684972,8903365289186067945,8573800373938698102,1,2,bkt,0.9083996600369283
433778139960684972,6925932688889117475,300471914551172981,0,2,bkt,0.6553349472993198
433778139960684972,8194071366621068887,8573800373938698102,1,2,bkt,0.9085367057426601
433778139960684972,2986660907093963186,300471914551172981,1,2,bkt,0.4276553474893472
433778139960684972,7591109345808921544,300471914551172981,0,2,bkt,0.5592252667722324
433778139960684972,625545550176685521,8573800373938698102,1,2,bkt,0.9085765752637126
433778139960684972,1761868641361943332,8573800373938698102,1,2,bkt,0.9085881718999048
433778139960684972,4824259625677886603,300471914551172981,1,2,bkt,0.3975950434178711
433778139960684972,8450591260754163598,8573800373938698102,1,2,bkt,0.908591544760923
433778139960684972,1553079256999111676,300471914551172981,1,2,bkt,0.5077706535695605
433778139960684972,3220231712819306119,8573800373938698102,1,2,bkt,0.9085925257353907
433778139960684972,338807275221326836,300471914551172981,1,2,bkt,0.6666043790054714
433778139960684972,8525319303741530302,8573800373938698102,1,2,bkt,0.9085928110440028
433778139960684972,6587421150596252277,300471914551172981,1,2,bkt,0.8031798729362145
433778139960684972,5891620578387310353,300471914551172981,0,2,bkt,0.8774232328451644
433778139960684972,5791250638486922978,300471914551172981,1,2,bkt,0.6774369314882658
433778139960684972,4031585874086886353,8573800373938698102,1,2,bkt,0.908592894023625
433778139960684972,2083452711903133430,8573800373938698102,1,2,bkt,0.9085929181575437
433778139960684972,6319743179241711738,8573800373938698102,1,2,bkt,0.9085929251766884
433778139960684972,8628686323660025649,300471914551172981,1,2,bkt,0.810161547279291
433778139960684972,4378721629787482518,300471914551172981,1,2,bkt,0.8805460097682153
433778139960684972,4813462692425748605,300471914551172981,1,2,bkt,0.9092616785683657
433778139960684972,4644364625800006675,300471914551172981,1,2,bkt,0.9197003159549254
433778139960684972,1062464292871659639,8573800373938698102,1,2,bkt,0.9085929272181468
433778139960684972,5932668873100475470,300471914551172981,1,2,bkt,0.9233333913034784
433778139960684972,5237822943399727048,8573800373938698102,1,2,bkt,0.9085929274249654
447319539747434279,300471914551172981,300471914551172981,1,2,bkt,0.6240427971825541
447319539747434279,8573800373938698102,8573800373938698102,0,2,bkt,0.5025072721158217
447319539747434279,2014268979504181100,300471914551172981,1,2,bkt,0.773401494806722
447319539747434279,2172169907340938753,300471914551172981,0,2,bkt,0.8634708291526818
447319539747434279,8150806168444344502,300471914551172981,1,2,bkt,0.6378223023100763
447319539747434279,816286915455981984,8573800373938698102,1,2,bkt,0.34884484707464464
447319539747434279,1962751598315765836,300471914551172981,1,2,bkt,0.783477429921248
447319539747434279,7444476343858270082,300471914551172981,1,2,bkt,0.8683105429749027
447319539747434279,2537821716777940730,300471914551172981,1,2,bkt,0.9046041102691557
447319539747434279,1061301253559417093,300471914551172981,1,2,bkt,0.9180522385521902
447319539747434279,8553379303363759508,300471914551172981,1,2,bkt,0.9227652848899595
447319539747434279,6440511557387709110,300471914551172981,1,2,bkt,0.924384516171165
447319539747434279,7744513373483970787,8573800373938698102,0,2,bkt,0.48457328438244096
447319539747434279,2971078979906996375,300471914551172981,0,2,bkt,0.9249370142756044
447319539747434279,5841359775533910823,300471914551172981,0,2,bkt,0.9228093676336838
447319539747434279,8621262567927479011,300471914551172981,1,2,bkt,0.9053612232745167
447319539747434279,8434961942249729798,8573800373938698102,0,2,bkt,0.3444609060351503
447319539747434279,2322042198017538996,8573800373938698102,0,2,bkt,0.31846814096095855
447319539747434279,1742185772413642127,300471914551172981,1,2,bkt,0.9183212966559304
447319539747434279,2334639155148655290,8573800373938698102,0,2,bkt,0.31482136384394865
447319539747434279,7660717256841499384,300471914551172981,1,2,bkt,0.9228581708007986
447319539747434279,4113615466659810841,300471914551172981,1,2,bkt,0.924416262203322
447319539747434279,6125574002232610732,300471914551172981,0,2,bkt,0.9249478269974184
447319539747434279,2774368076249802464,8573800373938698102,0,2,bkt,0.31433185477330783
447319539747434279,8903365289186067945,8573800373938698102,0,2,bkt,0.31426654405576054
447319539747434279,6925932688889117475,300471914551172981,1,2,bkt,0.9229005657989107
447319539747434279,8194071366621068887,8573800373938698102,1,2,bkt,0.3142578372943973
447319539747434279,2986660907093963186,300471914551172981,1,2,bkt,0.9244307496070628
447319539747434279,7591109345808921544,300471914551172981,1,2,bkt,0.9249527611709633
447319539747434279,625545550176685521,8573800373938698102,0,2,bkt,0.40882206730732096
447319539747434279,1761868641361943332,8573800373938698102,0,2,bkt,0.32887808892674036
447319539747434279,4824259625677886603,300471914551172981,0,2,bkt,0.9251304466774826
447319539747434279,8450591260754163598,8573800373938698102,0,2,bkt,0.3162479646877289
447319539747434279,1553079256999111676,300471914551172981,1,2,bkt,0.9244448216012525
447319539747434279,3220231712819306119,8573800373938698102,1,2,bkt,0.3145227264679803
447319539747434279,338807275221326836,300471914551172981,0,2,bkt,0.9249575537147235
447319539747434279,8525319303741530302,8573800373938698102,0,2,bkt,0.4094655266146311
447319539747434279,6587421150596252277,300471914551172981,1,2,bkt,0.9229826266878312
447319539747434279,5891620578387310353,300471914551172981,1,2,bkt,0.9244587880308502
447319539747434279,5791250638486922978,300471914551172981,1,2,bkt,0.9249623101617501
447319539747434279,4031585874086886353,8573800373938698102,1,2,bkt,0.3289936200818427
447319539747434279,2083452711903133430,8573800373938698102,1,2,bkt,0.44304322090389514
447319539747434279,6319743179241711738,8573800373938698102,0,2,bkt,0.6309122649847378
447319539747434279,8628686323660025649,300471914551172981,1,2,bkt,0.9251336951537743
447319539747434279,4378721629787482518,300471914551172981,1,2,bkt,0.9251919873032538
447319539747434279,4813462692425748605,300471914551172981,0,2,bkt,0.925211808940552
447319539747434279,4644364625800006675,300471914551172981,1,2,bkt,0.9251352599833979
447319539747434279,1062464292871659639,8573800373938698102,1,2,bkt,0.39267843886613624
447319539747434279,5932668873100475470,300471914551172981,1,2,bkt,0.9251925194398699
447319539747434279,5237822943399727048,8573800373938698102,0,2,bkt,0.5614036179494305
461444768761955221,300471914551172981,300471914551172981,0,2,bkt,0.6240427971825541
461444768761955221,8573800373938698102,8573800373938698102,1,2,bkt,0.5025072721158217
461444768761955221,2014268979504181100,300471914551172981,1,2,bkt,0.4161806849477127
461444768761955221,2172169907340938753,300471914551172981,0,2,bkt,0.5404610728849124
461444768761955221,8150806168444344502,300471914551172981,1,2,bkt,0.39319323545329893
461444768761955221,816286915455981984,8573800373938698102,1,2,bkt,0.6950422406082023
461444768761955221,1962751598315765836,300471914551172981,1,2,bkt,0.4995756356086337
461444768761955221,7444476343858270082,300471914551172981,0,2,bkt,0.6572018024120191
461444768761955221,2537821716777940730,300471914551172981,1,2,bkt,0.4284061314926543
461444768761955221,1061301253559417093,300471914551172981,1,2,bkt,0.5604179668371727
461444768761955221,8553379303363759508,300471914551172981,0,2,bkt,0.7204514868920057
461444768761955221,6440511557387709110,300471914551172981,1,2,bkt,0.4597680646099762
461444768761955221,7744513373483970787,8573800373938698102,0,2,bkt,0.8274005147662947
461444768761955221,2971078979906996375,300471914551172981,1,2,bkt,0.6067599015931516
461444768761955221,5841359775533910823,300471914551172981,1,2,bkt,0.7601168154597495
461444768761955221,8621262567927479011,300471914551172981,1,2,bkt,0.8568937730557047
461444768761955221,8434961942249729798,8573800373938698102,1,2,bkt,0.5860127666306374
461444768761955221,2322042198017538996,8573800373938698102,0,2,bkt,0.7631286844403878
461444768761955221,1742185772413642127,300471914551172981,1,2,bkt,0.9001382307255481
461444768761955221,2334639155148655290,8573800373938698102,0,2,bkt,0.4874733021197488
461444768761955221,7660717256841499384,300471914551172981,1,2,bkt,0.9164559733081236
461444768761955221,4113615466659810841,300471914551172981,1,2,bkt,0.9222130906467366
461444768761955221,6125574002232610732,300471914551172981,0,2,bkt,0.9241956582689075
461444768761955221,2774368076249802464,8573800373938698102,1,2,bkt,0.34514901740550874
461444768761955221,8903365289186067945,8573800373938698102,0,2,bkt,0.4772032753213947
461444768761955221,6925932688889117475,300471914551172981,1,2,bkt,0.9166185633816394
461444768761955221,8194071366621068887,8573800373938698102,1,2,bkt,0.3427465155931283
461444768761955221,2986660907093963186,300471914551172981,1,2,bkt,0.922269423219969
461444768761955221,7591109345808921544,300471914551172981,1,2,bkt,0.9242149351298297
461444768761955221,625545550176685521,8573800373938698102,1,2,bkt,0.47232710280801277
461444768761955221,1761868641361943332,8573800373938698102,1,2,bkt,0.6645119117882629
461444768761955221,4824259625677886603,300471914551172981,1,2,bkt,0.9248792422665996
461444768761955221,8450591260754163598,8573800373938698102,1,2,bkt,0.8115292133326633
461444768761955221,1553079256999111676,300471914551172981,1,2,bkt,0.92510543399571
461444768761955221,3220231712819306119,8573800373938698102,0,2,bkt,0.8769862810814569
461444768761955221,338807275221326836,300471914551172981,1,2,bkt,0.9251823764921806
461444768761955221,8525319303741530302,8573800373938698102,0,2,bkt,0.7324007686228452
461444768761955221,6587421150596252277,300471914551172981,1,2,bkt,0.9252085410564702
461444768761955221,5891620578387310353,300471914551172981,1,2,bkt,0.9252174374162768
461444768761955221,5791250638486922978,300471914551172981,0,2,bkt,0.9252204622026918
461444768761955221,4031585874086886353,8573800373938698102,1,2,bkt,0.4570870407727059
461444768761955221,2083452711903133430,8573800373938698102,1,2,bkt,0.6475630714924511
461444768761955221,6319743179241711738,8573800373938698102,0,2,bkt,0.8020722834148567
461444768761955221,8628686323660025649,300471914551172981,1,2,bkt,0.9252087797690667
461444768761955221,4378721629787482518,300471914551172981,1,2,bkt,0.9252175185799653
461444768761955221,4813462692425748605,300471914551172981,1,2,bkt,0.925220489798298
461444768761955221,4644364625800006675,300471914551172981,1,2,bkt,0.9252215000074385
461444768761955221,1062464292871659639,8573800373938698102,1,2,bkt,0.5395398154841177
461444768761955221,5932668873100475470,300471914551172981,1,2,bkt,0.9252218434753368
461444768761955221,5237822943399727048,8573800373938698102,1,2,bkt,0.7278376244081158
494021745820447907,300471914551172981,300471914551172981,0,2,bkt,0.6240427971825541
494021745820447907,8573800373938698102,8573800373938698102,0,2,bkt,0.5025072721158217
494021745820447907,2014268979504181100,300471914551172981,0,2,bkt,0.4161806849477127
494021745820447907,2172169907340938753,300471914551172981,0,2,bkt,0.3711821219902946
494021745820447907,8150806168444344502,300471914551172981,0,2,bkt,0.3653579326891565
494021745820447907,816286915455981984,8573800373938698102,1,2,bkt,0.34884484707464464
494021745820447907,1962751598315765836,300471914551172981,1,2,bkt,0.3646644718786235
494021745820447907,7444476343858270082,300471914551172981,1,2,bkt,0.44166620750104324
494021745820447907,2537821716777940730,300471914551172981,0,2,bkt,0.5808147641655551
494021745820447907,1061301253559417093,300471914551172981,1,2,bkt,0.40314717870835476
494021745820447907,8553379303363759508,300471914551172981,0,2,bkt,0.5178520634143322
494021745820447907,6440511557387709110,300471914551172981,0,2,bkt,0.3883446048910132
494021745820447907,7744513373483970787,8573800373938698102,0,2,bkt,0.48457328438244096
494021745820447907,2971078979906996375,300471914551172981,0,2,bkt,0.36747819016605987
494021745820447907,5841359775533910823,300471914551172981,0,2,bkt,0.364915443386401
494021745820447907,8621262567927479011,300471914551172981,0,2,bkt,0.36461230647821496
494021745820447907,8434961942249729798,8573800373938698102,1,2,bkt,0.3444609060351503
494021745820447907,2322042198017538996,8573800373938698102,1,2,bkt,0.4758136197238611
494021745820447907,1742185772413642127,300471914551172981,0,2,bkt,0.36457661137492475
494021745820447907,2334639155148655290,8573800373938698102,1,2,bkt,0.6682367470381995
494021745820447907,7660717256841499384,300471914551172981,0,2,bkt,0.36457241043157473
494021745820447907,4113615466659810841,300471914551172981,0,2,bkt,0.3645719160551657
494021745820447907,6125574002232610732,300471914551172981,1,2,bkt,0.3645718578762741
494021745820447907,2774368076249802464,8573800373938698102,1,2,bkt,0.8135432574144527
494021745820447907,8903365289186067945,8573800373938698102,1,2,bkt,0.8777187331190406
494021745820447907,6925932688889117475,300471914551172981,0,2,bkt,0.44146345516110896
494021745820447907,8194071366621068887,8573800373938698102,0,2,bkt,0.8992975737115142
494021745820447907,2986660907093963186,300471914551172981,0,2,bkt,0.37486625059178463
494021745820447907,7591109345808921544,300471914551172981,0,2,bkt,0.3658032577462666
494021745820447907,625545550176685521,8573800373938698102,1,2,bkt,0.8452952591393542
494021745820447907,1761868641361943332,8573800373938698102,1,2,bkt,0.8888047887619588
494021745820447907,4824259625677886603,300471914551172981,0,2,bkt,0.36471704508280667
494021745820447907,8450591260754163598,8573800373938698102,1,2,bkt,0.9027095839716535
494021745820447907,1553079256999111676,300471914551172981,0,2,bkt,0.36458894074699955
494021745820447907,3220231712819306119,8573800373938698102,1,2,bkt,0.9068706555406494
494021745820447907,338807275221326836,300471914551172981,0,2,bkt,0.36457386141740233
494021745820447907,8525319303741530302,8573800373938698102,0,2,bkt,0.9080910685003285
494021745820447907,6587421150596252277,300471914551172981,0,2,bkt,0.36457208680968406
494021745820447907,5891620578387310353,300471914551172981,0,2,bkt,0.36457187797088897
494021745820447907,5791250638486922978,300471914551172981,0,2,bkt,0.36457185339446807
494021745820447907,4031585874086886353,8573800373938698102,1,2,bkt,0.9048484940478707
494021745820447907,2083452711903133430,8573800373938698102,0,2,bkt,0.9074993847439164
494021745820447907,6319743179241711738,8573800373938698102,1,2,bkt,0.9004860606825976
494021745820447907,8628686323660025649,300471914551172981,0,2,bkt,0.364571850502284
494021745820447907,4378721629787482518,300471914551172981,0,2,bkt,0.36457185016192817
494021745820447907,4813462692425748605,300471914551172981,0,2,bkt,0.36457185012187465
494021745820447907,4644364625800006675,300471914551172981,1,2,bkt,0.3645718501171611
494021745820447907,1062464292871659639,8573800373938698102,1,2,bkt,0.9062138880270814
494021745820447907,5932668873100475470,300471914551172981,0,2,bkt,0.44146343817039546
494021745820447907,5237822943399727048,8573800373938698102,1,2,bkt,0.9078991880948127
540704142965175174,300471914551172981,300471914551172981,1,2,bkt,0.6240427971825541
540704142965175174,8573800373938698102,8573800373938698102,0,2,bkt,0.5025072721158217
540704142965175174,2014268979504181100,300471914551172981,1,2,bkt,0.773401494806722
540704142965175174,2172169907340938753,300471914551172981,1,2,bkt,0.8634708291526818
540704142965175174,8150806168444344502,300471914551172981,1,2,bkt,0.9027253872584683
540704142965175174,816286915455981984,8573800373938698102,1,2,bkt,0.34884484707464464
540704142965175174,1962751598315765836,300471914551172981,1,2,bkt,0.9173826402269202
540704142965175174,7444476343858270082,300471914551172981,1,2,bkt,0.9225338854708982
540704142965175174,2537821716777940730,300471914551172981,1,2,bkt,0.9243054019591953
540704142965175174,1061301253559417093,300471914551172981,0,2,bkt,0.9249100646851198
540704142965175174,8553379303363759508,300471914551172981,0,2,bkt,0.9225821799507288
540704142965175174,6440511557387709110,300471914551172981,1,2,bkt,0.9035548004059246
540704142965175174,7744513373483970787,8573800373938698102,0,2,bkt,0.48457328438244096
540704142965175174,2971078979906996375,300471914551172981,1,2,bkt,0.9176785958382215
540704142965175174,5841359775533910823,300471914551172981,1,2,bkt,0.9226362032902793
540704142965175174,8621262567927479011,300471914551172981,1,2,bkt,0.9243403887633426
540704142965175174,8434961942249729798,8573800373938698102,1,2,bkt,0.3444609060351503
540704142965175174,2322042198017538996,8573800373938698102,0,2,bkt,0.4758136197238611
540704142965175174,1742185772413642127,300471914551172981,1,2,bkt,0.9249219832144604
540704142965175174,2334639155148655290,8573800373938698102,1,2,bkt,0.3424286598311388
540704142965175174,7660717256841499384,300471914551172981,1,2,bkt,0.9251199758514581
540704142965175174,4113615466659810841,300471914551172981,1,2,bkt,0.9251873218344955
540704142965175174,6125574002232610732,300471914551172981,0,2,bkt,0.9252102225885284
540704142965175174,2774368076249802464,8573800373938698102,1,2,bkt,0.47167685041085783
540704142965175174,8903365289186067945,8573800373938698102,1,2,bkt,0.6638111191013678
540704142965175174,6925932688889117475,300471914551172981,1,2,bkt,0.9251217838756487
540704142965175174,8194071366621068887,8573800373938698102,1,2,bkt,0.8111477636166871
540704142965175174,2986660907093963186,300471914551172981,1,2,bkt,0.9251879366900317
540704142965175174,7591109345808921544,300471914551172981,1,2,bkt,0.9252104316525357
540704142965175174,625545550176685521,8573800373938698102,1,2,bkt,0.8768471487090874
540704142965175174,1761868641361943332,8573800373938698102,1,2,bkt,0.8990256636866696
540704142965175174,4824259625677886603,300471914551172981,1,2,bkt,0.9252180802289242
540704142965175174,8450591260754163598,8573800373938698102,0,2,bkt,0.9057807594137797
540704142965175174,1553079256999111676,300471914551172981,1,2,bkt,0.9252206807584785
540704142965175174,3220231712819306119,8573800373938698102,0,2,bkt,0.8881254910440566
540704142965175174,338807275221326836,300471914551172981,1,2,bkt,0.9252215649333507
540704142965175174,8525319303741530302,8573800373938698102,1,2,bkt,0.783136181384289
540704142965175174,6587421150596252277,300471914551172981,1,2,bkt,0.925221865549915
540704142965175174,5891620578387310353,300471914551172981,1,2,bkt,0.9252219677584326
540704142965175174,5791250638486922978,300471914551172981,1,2,bkt,0.9252220025089345
540704142965175174,4031585874086886353,8573800373938698102,1,2,bkt,0.8662596004185859
540704142965175174,2083452711903133430,8573800373938698102,1,2,bkt,0.8956789506368232
540704142965175174,6319743179241711738,8573800373938698102,1,2,bkt,0.904782854760683
540704142965175174,8628686323660025649,300471914551172981,1,2,bkt,0.9252220143239698
540704142965175174,4378721629787482518,300471914551172981,1,2,bkt,0.9252220183410352
540704142965175174,4813462692425748605,300471914551172981,1,2,bkt,0.9252220197068217
540704142965175174,4644364625800006675,300471914551172981,0,2,bkt,0.9252220198163026
540704142965175174,1062464292871659639,8573800373938698102,1,2,bkt,0.9074801343928643
540704142965175174,5932668873100475470,300471914551172981,1,2,bkt,0.9252220153620668
540704142965175174,5237822943399727048,8573800373938698102,1,2,bkt,0.9082688846462506
554690911219287505,300471914551172981,300471914551172981,1,2,bkt,0.6240427971825541
554690911219287505,8573800373938698102,8573800373938698102,1,2,bkt,0.5025072721158217
554690911219287505,2014268979504181100,300471914551172981,1,2,bkt,0.773401494806722
554690911219287505,2172169907340938753,300471914551172981,1,2,bkt,0.8634708291526818
554690911219287505,8150806168444344502,300471914551172981,1,2,bkt,0.9027253872584683
554690911219287505,816286915455981984,8573800373938698102,1,2,bkt,0.6950422406082023
554690911219287505,1962751598315765836,300471914551172981,1,2,bkt,0.9173826402269202
554690911219287505,7444476343858270082,300471914551172981,0,2,bkt,0.9225338854708982
554690911219287505,2537821716777940730,300471914551172981,1,2,bkt,0.9031721651720684
554690911219287505,1061301253559417093,300471914551172981,0,2,bkt,0.9175421294387774
554690911219287505,8553379303363759508,300471914551172981,0,2,bkt,0.8660400541749321
554690911219287505,6440511557387709110,300471914551172981,1,2,bkt,0.6444971583641346
554690911219287505,7744513373483970787,8573800373938698102,1,2,bkt,0.8274005147662947
554690911219287505,2971078979906996375,300471914551172981,0,2,bkt,0.7882033569740129
554690911219287505,5841359775533910823,300471914551172981,0,2,bkt,0.5141413037240423
554690911219287505,8621262567927479011,300471914551172981,1,2,bkt,0.3875919208383663
554690911219287505,8434961942249729798,8573800373938698102,0,2,bkt,0.8826615653921908
554690911219287505,2322042198017538996,8573800373938698102,1,2,bkt,0.7570461352371276
554690911219287505,1742185772413642127,300471914551172981,1,2,bkt,0.488878314548589
554690911219287505,2334639155148655290,8573800373938698102,1,2,bkt,0.8556936093488237
554690911219287505,7660717256841499384,300471914551172981,1,2,bkt,0.6444538972294886
554690911219287505,4113615466659810841,300471914551172981,1,2,bkt,0.788173042442445
554690911219287505,6125574002232610732,300471914551172981,0,2,bkt,0.8705236886552773
554690911219287505,2774368076249802464,8573800373938698102,1,2,bkt,0.8922564864064213
554690911219287505,8903365289186067945,8573800373938698102,0,2,bkt,0.9037546209890241
554690911219287505,6925932688889117475,300471914551172981,1,2,bkt,0.656780176586707
554690911219287505,8194071366621068887,8573800373938698102,0,2,bkt,0.8741202326951207
554690911219287505,2986660907093963186,300471914551172981,1,2,bkt,0.796648944561535
554690911219287505,7591109345808921544,300471914551172981,0,2,bkt,0.8744525182086326
554690911219287505,625545550176685521,8573800373938698102,1,2,bkt,0.7207992314273346
554690911219287505,1761868641361943332,8573800373938698102,1,2,bkt,0.8397447627256965
554690911219287505,4824259625677886603,300471914551172981,1,2,bkt,0.6682644901257104
554690911219287505,8450591260754163598,8573800373938698102,0,2,bkt,0.8869273269286696
554690911219287505,1553079256999111676,300471914551172981,1,2,bkt,0.8042645149654746
554690911219287505,3220231712819306119,8573800373938698102,0,2,bkt,0.7771991546377871
554690911219287505,338807275221326836,300471914551172981,1,2,bkt,0.8779119308002349
554690911219287505,8525319303741530302,8573800373938698102,1,2,bkt,0.5041850087240337
554690911219287505,6587421150596252277,300471914551172981,1,2,bkt,0.9082699527875293
554690911219287505,5891620578387310353,300471914551172981,0,2,bkt,0.9193508108002362
554690911219287505,5791250638486922978,300471914551172981,1,2,bkt,0.8789632557882094
554690911219287505,4031585874086886353,8573800373938698102,0,2,bkt,0.6966322018191763
554690911219287505,2083452711903133430,8573800373938698102,1,2,bkt,0.4294692652109551
554690911219287505,6319743179241711738,8573800373938698102,1,2,bkt,0.6137836096621682
554690911219287505,8628686323660025649,300471914551172981,1,2,bkt,0.9086664874282384
554690911219287505,4378721629787482518,300471914551172981,1,2,bkt,0.9194906495367964
554690911219287505,4813462692425748605,300471914551172981,0,2,bkt,0.9232612305531851
554690911219287505,4644364625800006675,300471914551172981,0,2,bkt,0.9089858847483362
554690911219287505,1062464292871659639,8573800373938698102,1,2,bkt,0.7816666353217242
554690911219287505,5932668873100475470,300471914551172981,1,2,bkt,0.8118671015994781
554690911219287505,5237822943399727048,8573800373938698102,1,2,bkt,0.8656832065301678
602846180750366094,300471914551172981,300471914551172981,0,2,bkt,0.6240427971825541
602846180750366094,8573800373938698102,8573800373938698102,0,2,bkt,0.5025072721158217
602846180750366094,2014268979504181100,300471914551172981,1,2,bkt,0.4161806849477127
602846180750366094,2172169907340938753,300471914551172981,1,2,bkt,0.5404610728849124
602846180750366094,8150806168444344502,300471914551172981,0,2,bkt,0.7012744149526855
602846180750366094,816286915455981984,8573800373938698102,0,2,bkt,0.34884484707464464
602846180750366094,1962751598315765836,300471914551172981,0,2,bkt,0.4488563532905648
602846180750366094,7444476343858270082,300471914551172981,1,2,bkt,0.37600738946402756
602846180750366094,2537821716777940730,300471914551172981,1,2,bkt,0.4657431181097371
602846180750366094,1061301253559417093,300471914551172981,0,2,bkt,0.6148811420033087
602846180750366094,8553379303363759508,300471914551172981,1,2,bkt,0.4131740484538528
602846180750366094,6440511557387709110,300471914551172981,1,2,bkt,0.5353720806826869
602846180750366094,7744513373483970787,8573800373938698102,0,2,bkt,0.3191118996806145
602846180750366094,2971078979906996375,300471914551172981,1,2,bkt,0.6961555053026538
602846180750366094,5841359775533910823,300471914551172981,0,2,bkt,0.8217137138491174
602846180750366094,8621262567927479011,300471914551172981,1,2,bkt,0.5563092276443742
602846180750366094,8434961942249729798,8573800373938698102,1,2,bkt,0.31490832047714434
602846180750366094,2322042198017538996,8573800373938698102,0,2,bkt,0.41040026297836846
602846180750366094,1742185772413642127,300471914551172981,1,2,bkt,0.7166157741263598
602846180750366094,2334639155148655290,8573800373938698102,0,2,bkt,0.3291618983756409
602846180750366094,7660717256841499384,300471914551172981,1,2,bkt,0.8336504206651424
602846180750366094,4113615466659810841,300471914551172981,0,2,bkt,0.8906681512634079
602846180750366094,6125574002232610732,300471914551172981,0,2,bkt,0.7243976366913851
602846180750366094,2774368076249802464,8573800373938698102,0,2,bkt,0.31628747852520567
602846180750366094,8903365289186067945,8573800373938698102,0,2,bkt,0.31452802454834566
602846180750366094,6925932688889117475,300471914551172981,1,2,bkt,0.46220180147575696
602846180750366094,8194071366621068887,8573800373938698102,1,2,bkt,0.31429270599392267
602846180750366094,2986660907093963186,300471914551172981,1,2,bkt,0.6100931601450799
602846180750366094,7591109345808921544,300471914551172981,1,2,bkt,0.7627375425067241
602846180750366094,625545550176685521,8573800373938698102,1,2,bkt,0.408906831095663
602846180750366094,1761868641361943332,8573800373938698102,1,2,bkt,0.5856702274792576
602846180750366094,4824259625677886603,300471914551172981,0,2,bkt,0.8582093981374782
602846180750366094,8450591260754163598,8573800373938698102,1,2,bkt,0.7628890523255577
602846180750366094,1553079256999111676,300471914551172981,1,2,bkt,0.6249079937374108
602846180750366094,3220231712819306119,8573800373938698102,0,2,bkt,0.8581226848961069
602846180750366094,338807275221326836,300471914551172981,1,2,bkt,0.7740472235871642
602846180750366094,8525319303741530302,8573800373938698102,1,2,bkt,0.6646523005108165
602846180750366094,6587421150596252277,300471914551172981,1,2,bkt,0.8637847668701156
602846180750366094,5891620578387310353,300471914551172981,1,2,bkt,0.9028478929037571
602846180750366094,5791250638486922978,300471914551172981,1,2,bkt,0.9174263875692208
602846180750366094,4031585874086886353,8573800373938698102,1,2,bkt,0.811605531857531
602846180750366094,2083452711903133430,8573800373938698102,1,2,bkt,0.8770141022801995
602846180750366094,6319743179241711738,8573800373938698102,0,2,bkt,0.8990777903912427
602846180750366094,8628686323660025649,300471914551172981,1,2,bkt,0.9225490139666038
602846180750366094,4378721629787482518,300471914551172981,1,2,bkt,0.9243105755227345
602846180750366094,4813462692425748605,300471914551172981,1,2,bkt,0.9249118271569773
602846180750366094,4644364625800006675,300471914551172981,1,2,bkt,0.9251165205532678
602846180750366094,1062464292871659639,8573800373938698102,0,2,bkt,0.8439397278606505
602846180750366094,5932668873100475470,300471914551172981,0,2,bkt,0.9251861467831217
602846180750366094,5237822943399727048,8573800373938698102,1,2,bkt,0.6245006905090024
610792730246565816,300471914551172981,300471914551172981,1,2,bkt,0.6240427971825541
610792730246565816,8573800373938698102,8573800373938698102,0,2,bkt,0.5025072721158217
610792730246565816,2014268979504181100,300471914551172981,1,2,bkt,0.773401494806722
610792730246565816,2172169907340938753,300471914551172981,0,2,bkt,0.8634708291526818
610792730246565816,8150806168444344502,300471914551172981,1,2,bkt,0.6378223023100763
610792730246565816,816286915455981984,8573800373938698102,1,2,bkt,0.34884484707464464
610792730246565816,1962751598315765836,300471914551172981,1,2,bkt,0.783477429921248
610792730246565816,7444476343858270082,300471914551172981,1,2,bkt,0.8683105429749027
610792730246565816,2537821716777940730,300471914551172981,1,2,bkt,0.9046041102691557
610792730246565816,1061301253559417093,300471914551172981,0,2,bkt,0.9180522385521902
610792730246565816,8553379303363759508,300471914551172981,0,2,bkt,0.8696270762564978
610792730246565816,6440511557387709110,300471914551172981,1,2,bkt,0.654256305350661
610792730246565816,7744513373483970787,8573800373938698102,0,2,bkt,0.48457328438244096
610792730246565816,2971078979906996375,300471914551172981,1,2,bkt,0.7949394604910004
610792730246565816,5841359775533910823,300471914551172981,1,2,bkt,0.8736668669066957
610792730246565816,8621262567927479011,300471914551172981,1,2,bkt,0.9066591097232581
610792730246565816,8434961942249729798,8573800373938698102,1,2,bkt,0.3444609060351503
610792730246565816,2322042198017538996,8573800373938698102,1,2,bkt,0.4758136197238611
610792730246565816,1742185772413642127,300471914551172981,1,2,bkt,0.9187814860400051
610792730246565816,2334639155148655290,8573800373938698102,1,2,bkt,0.6682367470381995
610792730246565816,7660717256841499384,300471914551172981,1,2,bkt,0.9230169141436545
610792730246565816,4113615466659810841,300471914551172981,0,2,bkt,0.924470501833214
610792730246565816,6125574002232610732,300471914551172981,1,2,bkt,0.9188995097265898
610792730246565816,2774368076249802464,8573800373938698102,0,2,bkt,0.8135432574144527
610792730246565816,8903365289186067945,8573800373938698102,1,2,bkt,0.559022871824149
610792730246565816,6925932688889117475,300471914551172981,1,2,bkt,0.9230576010564472
610792730246565816,8194071366621068887,8573800373938698102,1,2,bkt,0.7433471687297346
610792730246565816,2986660907093963186,300471914551172981,1,2,bkt,0.92448440078642
610792730246565816,7591109345808921544,300471914551172981,1,2,bkt,0.9249710325412671
610792730246565816,625545550176685521,8573800373938698102,0,2,bkt,0.8498488209428323
610792730246565816,1761868641361943332,8573800373938698102,1,2,bkt,0.6403073909422455
610792730246565816,4824259625677886603,300471914551172981,1,2,bkt,0.9251366623661214
610792730246565816,8450591260754163598,8573800373938698102,1,2,bkt,0.7978708005929813
610792730246565816,1553079256999111676,300471914551172981,1,2,bkt,0.9251929963331955
610792730246565816,3220231712819306119,8573800373938698102,0,2,bkt,0.8719215250479828
610792730246565816,338807275221326836,300471914551172981,1,2,bkt,0.925212152028665
610792730246565816,8525319303741530302,8573800373938698102,1,2,bkt,0.712250987509423
610792730246565816,6587421150596252277,300471914551172981,1,2,bkt,0.925218665163611
610792730246565816,5891620578387310353,300471914551172981,1,2,bkt,0.925220879635541
610792730246565816,5791250638486922978,300471914551172981,1,2,bkt,0.9252216325509515
610792730246565816,4031585874086886353,8573800373938698102,1,2,bkt,0.8357469305514001
610792730246565816,2083452711903133430,8573800373938698102,1,2,bkt,0.8855596059999504
610792730246565816,6319743179241711738,8573800373938698102,0,2,bkt,0.9017196413934592
610792730246565816,8628686323660025649,300471914551172981,1,2,bkt,0.9252218885396545
610792730246565816,4378721629787482518,300471914551172981,1,2,bkt,0.9252219755748561
610792730246565816,4813462692425748605,300471914551172981,1,2,bkt,0.9252220051664881
610792730246565816,4644364625800006675,300471914551172981,1,2,bkt,0.9252220152275275
610792730246565816,1062464292871659639,8573800373938698102,1,2,bkt,0.8606351089014705
610792730246565816,5932668873100475470,300471914551172981,1,2,bkt,0.9252220186482414
610792730246565816,5237822943399727048,8573800373938698102,1,2,bkt,0.8938675639378804
622893215205742821,300471914551172981,300471914551172981,0,2,bkt,0.6240427971825541
622893215205742821,8573800373938698102,8573800373938698102,0,2,bkt,0.5025072721158217
622893215205742821,2014268979504181100,300471914551172981,0,2,bkt,0.4161806849477127
622893215205742821,2172169907340938753,300471914551172981,0,2,bkt,0.3711821219902946
622893215205742821,8150806168444344502,300471914551172981,0,2,bkt,0.3653579326891565
622893215205742821,816286915455981984,8573800373938698102,0,2,bkt,0.34884484707464464
622893215205742821,1962751598315765836,300471914551172981,0,2,bkt,0.3646644718786235
622893215205742821,7444476343858270082,300471914551172981,1,2,bkt,0.36458275155038683
622893215205742821,2537821716777940730,300471914551172981,0,2,bkt,0.44148730914581436
622893215205742821,1061301253559417093,300471914551172981,1,2,bkt,0.37486988401907495
622893215205742821,8553379303363759508,300471914551172981,1,2,bkt,0.46339433795139456
622893215205742821,6440511557387709110,300471914551172981,0,2,bkt,0.6117136828929085
622893215205742821,7744513373483970787,8573800373938698102,0,2,bkt,0.3191118996806145
622893215205742821,2971078979906996375,300471914551172981,1,2,bkt,0.4121675703695126
622893215205742821,5841359775533910823,300471914551172981,0,2,bkt,0.5336519426985794
622893215205742821,8621262567927479011,300471914551172981,1,2,bkt,0.39168350527227935
622893215205742821,8434961942249729798,8573800373938698102,0,2,bkt,0.31490832047714434
622893215205742821,2322042198017538996,8573800373938698102,0,2,bkt,0.3143434663637246
622893215205742821,1742185772413642127,300471914551172981,0,2,bkt,0.4967224906720852
622893215205742821,2334639155148655290,8573800373938698102,0,2,bkt,0.3142680922042531
622893215205742821,7660717256841499384,300471914551172981,0,2,bkt,0.38420705677500744
622893215205742821,4113615466659810841,300471914551172981,0,2,bkt,0.36695622476534784
622893215205742821,6125574002232610732,300471914551172981,0,2,bkt,0.3648535031803462
622893215205742821,2774368076249802464,8573800373938698102,0,2,bkt,0.3142580436633764
622893215205742821,8903365289186067945,8573800373938698102,0,2,bkt,0.31425670420438606
622893215205742821,6925932688889117475,300471914551172981,0,2,bkt,0.3646050100995642
622893215205742821,8194071366621068887,8573800373938698102,0,2,bkt,0.3142565256590018
622893215205742821,2986660907093963186,300471914551172981,1,2,bkt,0.3645757526284718
622893215205742821,7591109345808921544,300471914551172981,1,2,bkt,0.4414719837017961
622893215205742821,625545550176685521,8573800373938698102,0,2,bkt,0.3142565018595545
622893215205742821,1761868641361943332,8573800373938698102,1,2,bkt,0.3142564986871761
622893215205742821,4824259625677886603,300471914551172981,1,2,bkt,0.5805248489945202
622893215205742821,8450591260754163598,8573800373938698102,0,2,bkt,0.4088188128558006
622893215205742821,1553079256999111676,300471914551172981,0,2,bkt,0.7384392717820922
622893215205742821,3220231712819306119,8573800373938698102,0,2,bkt,0.3288775052391164
622893215205742821,338807275221326836,300471914551172981,1,2,bkt,0.47145735474486405
622893215205742821,8525319303741530302,8573800373938698102,0,2,bkt,0.31624788345729576
622893215205742821,6587421150596252277,300471914551172981,1,2,bkt,0.622455314239988
622893215205742821,5891620578387310353,300471914551172981,0,2,bkt,0.7722120279902925
622893215205742821,5791250638486922978,300471914551172981,1,2,bkt,0.4983915098290627
622893215205742821,4031585874086886353,8573800373938698102,1,2,bkt,0.3145227155771008
622893215205742821,2083452711903133430,8573800373938698102,1,2,bkt,0.4094655001811761
622893215205742821,6319743179241711738,8573800373938698102,0,2,bkt,0.5864713666860211
622893215205742821,8628686323660025649,300471914551172981,1,2,bkt,0.6558176249667309
622893215205742821,4378721629787482518,300471914551172981,1,2,bkt,0.7959985352859474
622893215205742821,4813462692425748605,300471914551172981,0,2,bkt,0.8741539983071883
622893215205742821,4644364625800006675,300471914551172981,0,2,bkt,0.6673667181620208
622893215205742821,1062464292871659639,8573800373938698102,1,2,bkt,0.3744273353883577
622893215205742821,5932668873100475470,300471914551172981,1,2,bkt,0.4326419732786851
622893215205742821,5237822943399727048,8573800373938698102,1,2,bkt,0.5315992749869753
697982920437075837,300471914551172981,300471914551172981,0,2,bkt,0.6240427971825541
697982920437075837,8573800373938698102,8573800373938698102,0,2,bkt,0.5025072721158217
697982920437075837,2014268979504181100,300471914551172981,0,2,bkt,0.4161806849477127
697982920437075837,2172169907340938753,300471914551172981,0,2,bkt,0.3711821219902946
697982920437075837,8150806168444344502,300471914551172981,1,2,bkt,0.3653579326891565
697982920437075837,816286915455981984,8573800373938698102,0,2,bkt,0.34884484707464464
697982920437075837,1962751598315765836,300471914551172981,1,2,bkt,0.44318107882746305
697982920437075837,7444476343858270082,300471914551172981,0,2,bkt,0.5830672713248809
697982920437075837,2537821716777940730,300471914551172981,0,2,bkt,0.40375957759347775
697982920437075837,1061301253559417093,300471914551172981,0,2,bkt,0.36948661096687274
697982920437075837,8553379303363759508,300471914551172981,0,2,bkt,0.36515473367292783
697982920437075837,6440511557387709110,300471914551172981,0,2,bkt,0.3646405075626774
697982920437075837,7744513373483970787,8573800373938698102,0,2,bkt,0.3191118996806145
697982920437075837,2971078979906996375,300471914551172981,0,2,bkt,0.3645799306837823
697982920437075837,5841359775533910823,300471914551172981,0,2,bkt,0.36457280105988793
697982920437075837,8621262567927479011,300471914551172981,0,2,bkt,0.36457196202490355
697982920437075837,8434961942249729798,8573800373938698102,0,2,bkt,0.31490832047714434
697982920437075837,2322042198017538996,8573800373938698102,0,2,bkt,0.3143434663637246
697982920437075837,1742185772413642127,300471914551172981,0,2,bkt,0.3645718632860519
697982920437075837,2334639155148655290,8573800373938698102,0,2,bkt,0.3142680922042531
697982920437075837,7660717256841499384,300471914551172981,0,2,bkt,0.364571851666338
697982920437075837,4113615466659810841,300471914551172981,0,2,bkt,0.3645718502989155
697982920437075837,6125574002232610732,300471914551172981,0,2,bkt,0.36457185013799553
697982920437075837,2774368076249802464,8573800373938698102,0,2,bkt,0.3142580436633764
697982920437075837,8903365289186067945,8573800373938698102,0,2,bkt,0.31425670420438606
697982920437075837,6925932688889117475,300471914551172981,1,2,bkt,0.36457185011905824
697982920437075837,8194071366621068887,8573800373938698102,0,2,bkt,0.3142565256590018
697982920437075837,2986660907093963186,300471914551172981,1,2,bkt,0.4414634381745497
697982920437075837,7591109345808921544,300471914551172981,1,2,bkt,0.580512087345652
697982920437075837,625545550176685521,8573800373938698102,0,2,bkt,0.3142565018595545
697982920437075837,1761868641361943332,8573800373938698102,0,2,bkt,0.3142564986871761
697982920437075837,4824259625677886603,300471914551172981,0,2,bkt,0.7384282502866105
697982920437075837,8450591260754163598,8573800373938698102,0,2,bkt,0.3142564982643097
697982920437075837,1553079256999111676,300471914551172981,0,2,bkt,0.47144970023602406
697982920437075837,3220231712819306119,8573800373938698102,0,2,bkt,0.31425649820794316
697982920437075837,338807275221326836,300471914551172981,0,2,bkt,0.3796926620778253
697982920437075837,8525319303741530302,8573800373938698102,0,2,bkt,0.3142564982004297
697982920437075837,6587421150596252277,300471914551172981,0,2,bkt,0.3663946622921989
697982920437075837,5891620578387310353,300471914551172981,0,2,bkt,0.36478697805746924
697982920437075837,5791250638486922978,300471914551172981,0,2,bkt,0.36459717521570517
697982920437075837,4031585874086886353,8573800373938698102,0,2,bkt,0.31425649819942825
697982920437075837,2083452711903133430,8573800373938698102,1,2,bkt,0.31425649819929474
697982920437075837,6319743179241711738,8573800373938698102,0,2,bkt,0.40881881166964773
697982920437075837,8628686323660025649,300471914551172981,0,2,bkt,0.3645748305246691
697982920437075837,4378721629787482518,300471914551172981,0,2,bkt,0.3645722008563355
697982920437075837,4813462692425748605,300471914551172981,0,2,bkt,0.364571891392054
697982920437075837,4644364625800006675,300471914551172981,1,2,bkt,0.3645718549738878
697982920437075837,1062464292871659639,8573800373938698102,0,2,bkt,0.32887750502638047
697982920437075837,5932668873100475470,300471914551172981,1,2,bkt,0.44146344880553534
697982920437075837,5237822943399727048,8573800373938698102,0,2,bkt,0.3162478834276898
711324264108093575,300471914551172981,300471914551172981,0,2,bkt,0.6240427971825541
711324264108093575,8573800373938698102,8573800373938698102,0,2,bkt,0.5025072721158217
711324264108093575,2014268979504181100,300471914551172981,0,2,bkt,0.4161806849477127
711324264108093575,2172169907340938753,300471914551172981,0,2,bkt,0.3711821219902946
711324264108093575,8150806168444344502,300471914551172981,0,2,bkt,0.3653579326891565
711324264108093575,816286915455981984,8573800373938698102,1,2,bkt,0.34884484707464464
711324264108093575,1962751598315765836,300471914551172981,0,2,bkt,0.3646644718786235
711324264108093575,7444476343858270082,300471914551172981,1,2,bkt,0.36458275155038683
711324264108093575,2537821716777940730,300471914551172981,0,2,bkt,0.44148730914581436
711324264108093575,1061301253559417093,300471914551172981,0,2,bkt,0.37486988401907495
711324264108093575,8553379303363759508,300471914551172981,0,2,bkt,0.3658036995336238
711324264108093575,6440511557387709110,300471914551172981,0,2,bkt,0.36471709727502416
711324264108093575,7744513373483970787,8573800373938698102,1,2,bkt,0.48457328438244096
711324264108093575,2971078979906996375,300471914551172981,0,2,bkt,0.3645889468918534
711324264108093575,5841359775533910823,300471914551172981,0,2,bkt,0.36457386214057536
711324264108093575,8621262567927479011,300471914551172981,1,2,bkt,0.36457208689478854
711324264108093575,8434961942249729798,8573800373938698102,1,2,bkt,0.6773586652183093
711324264108093575,2322042198017538996,8573800373938698102,1,2,bkt,0.8183819959470333
711324264108093575,1742185772413642127,300471914551172981,1,2,bkt,0.4414639566598587
711324264108093575,2334639155148655290,8573800373938698102,1,2,bkt,0.8794637131700375
711324264108093575,7660717256841499384,300471914551172981,1,2,bkt,0.5805128616510373
711324264108093575,4113615466659810841,300471914551172981,0,2,bkt,0.7384289190230426
711324264108093575,6125574002232610732,300471914551172981,0,2,bkt,0.4714501646599617
711324264108093575,2774368076249802464,8573800373938698102,1,2,bkt,0.8998403391701144
711324264108093575,8903365289186067945,8573800373938698102,1,2,bkt,0.9060225515248918
711324264108093575,6925932688889117475,300471914551172981,1,2,bkt,0.3796927410697159
711324264108093575,8194071366621068887,8573800373938698102,1,2,bkt,0.907843235125719
711324264108093575,2986660907093963186,300471914551172981,0,2,bkt,0.4732561645147545
711324264108093575,7591109345808921544,300471914551172981,0,2,bkt,0.3800009693511095
711324264108093575,625545550176685521,8573800373938698102,1,2,bkt,0.9083747062075509
711324264108093575,1761868641361943332,8573800373938698102,1,2,bkt,0.9085294448463749
711324264108093575,4824259625677886603,300471914551172981,1,2,bkt,0.36643275361181893
711324264108093575,8450591260754163598,8573800373938698102,1,2,bkt,0.908574463215751
711324264108093575,1553079256999111676,300471914551172981,1,2,bkt,0.4455177042719398
711324264108093575,3220231712819306119,8573800373938698102,1,2,bkt,0.908587557605242
711324264108093575,338807275221326836,300471914551172981,1,2,bkt,0.5865116329451849
711324264108093575,8525319303741530302,8573800373938698102,1,2,bkt,0.9085913660965719
711324264108093575,6587421150596252277,300471914551172981,1,2,bkt,0.743556820176291
711324264108093575,5891620578387310353,300471914551172981,0,2,bkt,0.848366080704425
711324264108093575,5791250638486922978,300471914551172981,1,2,bkt,0.6031540569771919
711324264108093575,4031585874086886353,8573800373938698102,1,2,bkt,0.9085924737722209
711324264108093575,2083452711903133430,8573800373938698102,1,2,bkt,0.9085927959309441
711324264108093575,6319743179241711738,8573800373938698102,1,2,bkt,0.9085928896281196
711324264108093575,8628686323660025649,300471914551172981,1,2,bkt,0.7572491551888698
711324264108093575,4378721629787482518,300471914551172981,1,2,bkt,0.8554437517652084
711324264108093575,4813462692425748605,300471914551172981,1,2,bkt,0.8995624968936826
711324264108093575,4644364625800006675,300471914551172981,0,2,bkt,0.9162490320814762
711324264108093575,1062464292871659639,8573800373938698102,1,2,bkt,0.9085929168791486
711324264108093575,5932668873100475470,300471914551172981,1,2,bkt,0.8571429341087491
711324264108093575,5237822943399727048,8573800373938698102,1,2,bkt,0.908592924804878
727042050873976136,300471914551172981,300471914551172981,0,2,bkt,0.6240427971825541
727042050873976136,8573800373938698102,8573800373938698102,0,2,bkt,0.5025072721158217
727042050873976136,2014268979504181100,300471914551172981,0,2,bkt,0.4161806849477127
727042050873976136,2172169907340938753,300471914551172981,0,2,bkt,0.3711821219902946
727042050873976136,8150806168444344502,300471914551172981,1,2,bkt,0.3653579326891565
727042050873976136,816286915455981984,8573800373938698102,0,2,bkt,0.34884484707464464
727042050873976136,1962751598315765836,300471914551172981,0,2,bkt,0.44318107882746305
727042050873976136,7444476343858270082,300471914551172981,1,2,bkt,0.3751286740256808
727042050873976136,2537821716777940730,300471914551172981,0,2,bkt,0.4639299526726256
727042050873976136,1061301253559417093,300471914551172981,1,2,bkt,0.3784316025911264
727042050873976136,8553379303363759508,300471914551172981,0,2,bkt,0.470701646895923
727042050873976136,6440511557387709110,300471914551172981,1,2,bkt,0.3795656087989018
727042050873976136,7744513373483970787,8573800373938698102,0,2,bkt,0.3191118996806145
727042050873976136,2971078979906996375,300471914551172981,0,2,bkt,0.47299941923285616
727042050873976136,5841359775533910823,300471914551172981,0,2,bkt,0.3799570220617477
727042050873976136,8621262567927479011,300471914551172981,0,2,bkt,0.3664273216155039
727042050873976136,8434961942249729798,8573800373938698102,0,2,bkt,0.31490832047714434
727042050873976136,2322042198017538996,8573800373938698102,0,2,bkt,0.3143434663637246
727042050873976136,1742185772413642127,300471914551172981,0,2,bkt,0.3647908437925744
727042050873976136,2334639155148655290,8573800373938698102,1,2,bkt,0.3142680922042531
727042050873976136,7660717256841499384,300471914551172981,1,2,bkt,0.36459763045121
727042050873976136,4113615466659810841,300471914551172981,1,2,bkt,0.44151988731736913
727042050873976136,6125574002232610732,300471914551172981,1,2,bkt,0.580596377753867
727042050873976136,2774368076249802464,8573800373938698102,0,2,bkt,0.4088469983515083
727042050873976136,8903365289186067945,8573800373938698102,0,2,bkt,0.32888256053606457
727042050873976136,6925932688889117475,300471914551172981,0,2,bkt,0.7385010380517677
727042050873976136,8194071366621068887,8573800373938698102,0,2,bkt,0.3162485869957644
727042050873976136,2986660907093963186,300471914551172981,1,2,bkt,0.47150026380910204
727042050873976136,7591109345808921544,300471914551172981,0,2,bkt,0.6225114953745525
727042050873976136,625545550176685521,8573800373938698102,0,2,bkt,0.31452280990331993
727042050873976136,1761868641361943332,8573800373938698102,0,2,bkt,0.31429201035554005
727042050873976136,4824259625677886603,300471914551172981,0,2,bkt,0.4156679902429503
727042050873976136,8450591260754163598,8573800373938698102,0,2,bkt,0.31426123208348106
727042050873976136,1553079256999111676,300471914551172981,1,2,bkt,0.37111071168783233
727042050873976136,3220231712819306119,8573800373938698102,0,2,bkt,0.3142571292128825
727042050873976136,338807275221326836,300471914551172981,0,2,bkt,0.45552978554444945
727042050873976136,8525319303741530302,8573800373938698102,0,2,bkt,0.31425658231113124
727042050873976136,6587421150596252277,300471914551172981,0,2,bkt,0.3770640865297633
727042050873976136,5891620578387310353,300471914551172981,1,2,bkt,0.3660714332668009
727042050873976136,5791250638486922978,300471914551172981,0,2,bkt,0.4447337366843306
727042050873976136,4031585874086886353,8573800373938698102,0,2,bkt,0.31425650941107497
727042050873976136,2083452711903133430,8573800373938698102,0,2,bkt,0.31425649969376585
727042050873976136,6319743179241711738,8573800373938698102,1,2,bkt,0.3142564983984844
727042050873976136,8628686323660025649,300471914551172981,1,2,bkt,0.3753672906351709
727042050873976136,4378721629787482518,300471914551172981,0,2,bkt,0.46442316031783826
727042050873976136,4813462692425748605,300471914551172981,0,2,bkt,0.378513228240089
727042050873976136,4644364625800006675,300471914551172981,0,2,bkt,0.3662492922378219
727042050873976136,1062464292871659639,8573800373938698102,0,2,bkt,0.4088188121539242
727042050873976136,5932668873100475470,300471914551172981,1,2,bkt,0.364769776100949
727042050873976136,5237822943399727048,8573800373938698102,0,2,bkt,0.3288775051132352
730102702977908677,300471914551172981,300471914551172981,1,2,bkt,0.6240427971825541
730102702977908677,8573800373938698102,8573800373938698102,0,2,bkt,0.5025072721158217
730102702977908677,2014268979504181100,300471914551172981,1,2,bkt,0.773401494806722
730102702977908677,2172169907340938753,300471914551172981,1,2,bkt,0.8634708291526818
730102702977908677,8150806168444344502,300471914551172981,1,2,bkt,0.9027253872584683
730102702977908677,816286915455981984,8573800373938698102,1,2,bkt,0.34884484707464464
730102702977908677,1962751598315765836,300471914551172981,1,2,bkt,0.9173826402269202
730102702977908677,7444476343858270082,300471914551172981,1,2,bkt,0.9225338854708982
730102702977908677,2537821716777940730,300471914551172981,1,2,bkt,0.9243054019591953
730102702977908677,1061301253559417093,300471914551172981,1,2,bkt,0.9249100646851198
730102702977908677,8553379303363759508,300471914551172981,1,2,bkt,0.9251159209166168
730102702977908677,6440511557387709110,300471914551172981,1,2,bkt,0.9251859428623831
730102702977908677,7744513373483970787,8573800373938698102,0,2,bkt,0.48457328438244096
730102702977908677,2971078979906996375,300471914551172981,1,2,bkt,0.9252097537075635
730102702977908677,5841359775533910823,300471914551172981,0,2,bkt,0.9252178497243552
730102702977908677,8621262567927479011,300471914551172981,1,2,bkt,0.9251865818558067
730102702977908677,8434961942249729798,8573800373938698102,0,2,bkt,0.3444609060351503
730102702977908677,2322042198017538996,8573800373938698102,1,2,bkt,0.31846814096095855
730102702977908677,1742185772413642127,300471914551172981,1,2,bkt,0.9252099709796098
730102702977908677,2334639155148655290,8573800373938698102,1,2,bkt,0.4189228804719366
730102702977908677,7660717256841499384,300471914551172981,1,2,bkt,0.9252179235979384
730102702977908677,4113615466659810841,300471914551172981,0,2,bkt,0.9252206275040966
730102702977908677,6125574002232610732,300471914551172981,1,2,bkt,0.925210184367334
730102702977908677,2774368076249802464,8573800373938698102,1,2,bkt,0.5997091260971363
730102702977908677,8903365289186067945,8573800373938698102,1,2,bkt,0.7724860250519762
730102702977908677,6925932688889117475,300471914551172981,1,2,bkt,0.9252179961507989
730102702977908677,8194071366621068887,8573800373938698102,0,2,bkt,0.8620326895500934
730102702977908677,2986660907093963186,300471914551172981,1,2,bkt,0.9252206521720004
730102702977908677,7591109345808921544,300471914551172981,1,2,bkt,0.9252215552140319
730102702977908677,625545550176685521,8573800373938698102,0,2,bkt,0.6771730294345952
730102702977908677,1761868641361943332,8573800373938698102,1,2,bkt,0.41701475728281345
730102702977908677,4824259625677886603,300471914551172981,1,2,bkt,0.9252218622453815
730102702977908677,8450591260754163598,8573800373938698102,1,2,bkt,0.5970866234680271
730102702977908677,1553079256999111676,300471914551172981,0,2,bkt,0.9252219666349039
730102702977908677,3220231712819306119,8573800373938698102,1,2,bkt,0.7707275631622176
730102702977908677,338807275221326836,300471914551172981,1,2,bkt,0.9252215634518465
730102702977908677,8525319303741530302,8573800373938698102,0,2,bkt,0.8613235422296684
730102702977908677,6587421150596252277,300471914551172981,1,2,bkt,0.9252218650462088
730102702977908677,5891620578387310353,300471914551172981,1,2,bkt,0.9252219675871745
730102702977908677,5791250638486922978,300471914551172981,1,2,bkt,0.9252220024507075
730102702977908677,4031585874086886353,8573800373938698102,1,2,bkt,0.6748497629553314
730102702977908677,2083452711903133430,8573800373938698102,1,2,bkt,0.8170641853959022
730102702977908677,6319743179241711738,8573800373938698102,1,2,bkt,0.8789905229419446
730102702977908677,8628686323660025649,300471914551172981,1,2,bkt,0.9252220143041726
730102702977908677,4378721629787482518,300471914551172981,1,2,bkt,0.9252220183343044
730102702977908677,4813462692425748605,300471914551172981,0,2,bkt,0.9252220197045332
730102702977908677,4644364625800006675,300471914551172981,0,2,bkt,0.9252220144123029
730102702977908677,1062464292871659639,8573800373938698102,1,2,bkt,0.8996933691757663
730102702977908677,5932668873100475470,300471914551172981,1,2,bkt,0.9252219694414192
730102702977908677,5237822943399727048,8573800373938698102,1,2,bkt,0.9059789638475624
794498285968813346,300471914551172981,300471914551172981,1,2,bkt,0.6240427971825541
794498285968813346,8573800373938698102,8573800373938698102,0,2,bkt,0.5025072721158217
794498285968813346,2014268979504181100,300471914551172981,1,2,bkt,0.773401494806722
794498285968813346,2172169907340938753,300471914551172981,1,2,bkt,0.8634708291526818
794498285968813346,8150806168444344502,300471914551172981,1,2,bkt,0.9027253872584683
794498285968813346,816286915455981984,8573800373938698102,0,2,bkt,0.34884484707464464
794498285968813346,1962751598315765836,300471914551172981,1,2,bkt,0.9173826402269202
794498285968813346,7444476343858270082,300471914551172981,1,2,bkt,0.9225338854708982
794498285968813346,2537821716777940730,300471914551172981,1,2,bkt,0.9243054019591953
794498285968813346,1061301253559417093,300471914551172981,1,2,bkt,0.9249100646851198
794498285968813346,8553379303363759508,300471914551172981,1,2,bkt,0.9251159209166168
794498285968813346,6440511557387709110,300471914551172981,1,2,bkt,0.9251859428623831
794498285968813346,7744513373483970787,8573800373938698102,0,2,bkt,0.3191118996806145
794498285968813346,2971078979906996375,300471914551172981,0,2,bkt,0.9252097537075635
794498285968813346,5841359775533910823,300471914551172981,1,2,bkt,0.9251178008273275
794498285968813346,8621262567927479011,300471914551172981,1,2,bkt,0.9251865821699529
794498285968813346,8434961942249729798,8573800373938698102,0,2,bkt,0.31490832047714434
794498285968813346,2322042198017538996,8573800373938698102,0,2,bkt,0.3143434663637246
794498285968813346,1742185772413642127,300471914551172981,1,2,bkt,0.9252099710864263
794498285968813346,2334639155148655290,8573800373938698102,0,2,bkt,0.3142680922042531
794498285968813346,7660717256841499384,300471914551172981,1,2,bkt,0.9252179236342565
794498285968813346,4113615466659810841,300471914551172981,1,2,bkt,0.9252206275164446
794498285968813346,6125574002232610732,300471914551172981,0,2,bkt,0.925221546831215
794498285968813346,2774368076249802464,8573800373938698102,0,2,bkt,0.3142580436633764
794498285968813346,8903365289186067945,8573800373938698102,0,2,bkt,0.31425670420438606
794498285968813346,6925932688889117475,300471914551172981,1,2,bkt,0.9252179961824234
794498285968813346,8194071366621068887,8573800373938698102,1,2,bkt,0.3142565256590018
794498285968813346,2986660907093963186,300471914551172981,1,2,bkt,0.9252206521827528
794498285968813346,7591109345808921544,300471914551172981,1,2,bkt,0.9252215552176878
794498285968813346,625545550176685521,8573800373938698102,1,2,bkt,0.40881887843057435
794498285968813346,1761868641361943332,8573800373938698102,0,2,bkt,0.5855439026490169
794498285968813346,4824259625677886603,300471914551172981,1,2,bkt,0.9252218622466244
794498285968813346,8450591260754163598,8573800373938698102,0,2,bkt,0.374088136470971
794498285968813346,1553079256999111676,300471914551172981,1,2,bkt,0.9252219666353264
794498285968813346,3220231712819306119,8573800373938698102,0,2,bkt,0.32299420582671723
794498285968813346,338807275221326836,300471914551172981,1,2,bkt,0.9252220021270829
794498285968813346,8525319303741530302,8573800373938698102,0,2,bkt,0.3154362344387667
794498285968813346,6587421150596252277,300471914551172981,1,2,bkt,0.9252220141941415
794498285968813346,5891620578387310353,300471914551172981,1,2,bkt,0.9252220182968942
794498285968813346,5791250638486922978,300471914551172981,1,2,bkt,0.9252220196918138
794498285968813346,4031585874086886353,8573800373938698102,0,2,bkt,0.314414023678629
794498285968813346,2083452711903133430,8573800373938698102,0,2,bkt,0.314277500587482
794498285968813346,6319743179241711738,8573800373938698102,1,2,bkt,0.3142592978256705
794498285968813346,8628686323660025649,300471914551172981,1,2,bkt,0.9252220198163026
794498285968813346,4378721629787482518,300471914551172981,1,2,bkt,0.9252220198163026
794498285968813346,4813462692425748605,300471914551172981,1,2,bkt,0.9252220198163026
794498285968813346,4644364625800006675,300471914551172981,1,2,bkt,0.9252220198163026
794498285968813346,1062464292871659639,8573800373938698102,1,2,bkt,0.40882561815166857
794498285968813346,5932668873100475470,300471914551172981,1,2,bkt,0.9252220198163026
794498285968813346,5237822943399727048,8573800373938698102,1,2,bkt,0.5855535847121031
822947289563477095,300471914551172981,300471914551172981,0,2,bkt,0.6240427971825541
822947289563477095,8573800373938698102,8573800373938698102,0,2,bkt,0.5025072721158217
822947289563477095,2014268979504181100,300471914551172981,0,2,bkt,0.4161806849477127
822947289563477095,2172169907340938753,300471914551172981,0,2,bkt,0.3711821219902946
822947289563477095,8150806168444344502,300471914551172981,0,2,bkt,0.3653579326891565
822947289563477095,816286915455981984,8573800373938698102,0,2,bkt,0.34884484707464464
822947289563477095,1962751598315765836,300471914551172981,0,2,bkt,0.3646644718786235
822947289563477095,7444476343858270082,300471914551172981,0,2,bkt,0.36458275155038683
822947289563477095,2537821716777940730,300471914551172981,0,2,bkt,0.3645731330329157
822947289563477095,1061301253559417093,300471914551172981,0,2,bkt,0.36457200109204213
822947289563477095,8553379303363759508,300471914551172981,0,2,bkt,0.36457186788352347
822947289563477095,6440511557387709110,300471914551172981,0,2,bkt,0.3645718522073742
822947289563477095,7744513373483970787,8573800373938698102,0,2,bkt,0.3191118996806145
822947289563477095,2971078979906996375,300471914551172981,0,2,bkt,0.3645718503625853
822947289563477095,5841359775533910823,300471914551172981,0,2,bkt,0.36457185014548826
822947289563477095,8621262567927479011,300471914551172981,0,2,bkt,0.36457185011994003
822947289563477095,8434961942249729798,8573800373938698102,0,2,bkt,0.31490832047714434
822947289563477095,2322042198017538996,8573800373938698102,0,2,bkt,0.3143434663637246
822947289563477095,1742185772413642127,300471914551172981,0,2,bkt,0.36457185011693344
822947289563477095,2334639155148655290,8573800373938698102,1,2,bkt,0.3142680922042531
822947289563477095,7660717256841499384,300471914551172981,1,2,bkt,0.36457185011657967
822947289563477095,4113615466659810841,300471914551172981,1,2,bkt,0.44146343816912204
822947289563477095,6125574002232610732,300471914551172981,0,2,bkt,0.5805120873375463
822947289563477095,2774368076249802464,8573800373938698102,0,2,bkt,0.4088469983515083
822947289563477095,8903365289186067945,8573800373938698102,0,2,bkt,0.32888256053606457
822947289563477095,6925932688889117475,300471914551172981,1,2,bkt,0.40306538989220775
822947289563477095,8194071366621068887,8573800373938698102,0,2,bkt,0.3162485869957644
822947289563477095,2986660907093963186,300471914551172981,1,2,bkt,0.5177055691550594
822947289563477095,7591109345808921544,300471914551172981,1,2,bkt,0.6776040466776865
822947289563477095,625545550176685521,8573800373938698102,0,2,bkt,0.31452280990331993
822947289563477095,1761868641361943332,8573800373938698102,0,2,bkt,0.31429201035554005
822947289563477095,4824259625677886603,300471914551172981,0,2,bkt,0.8102675060430157
822947289563477095,8450591260754163598,8573800373938698102,0,2,bkt,0.31426123208348106
822947289563477095,1553079256999111676,300471914551172981,0,2,bkt,0.5402308527837385
822947289563477095,3220231712819306119,8573800373938698102,0,2,bkt,0.3142571292128825
822947289563477095,338807275221326836,300471914551172981,0,2,bkt,0.39314146031266844
822947289563477095,8525319303741530302,8573800373938698102,0,2,bkt,0.31425658231113124
822947289563477095,6587421150596252277,300471914551172981,0,2,bkt,0.3680922384581553
822947289563477095,5891620578387310353,300471914551172981,0,2,bkt,0.36498844181484463
822947289563477095,5791250638486922978,300471914551172981,0,2,bkt,0.3646209073110229
822947289563477095,4031585874086886353,8573800373938698102,0,2,bkt,0.31425650941107497
822947289563477095,2083452711903133430,8573800373938698102,0,2,bkt,0.31425649969376585
822947289563477095,6319743179241711738,8573800373938698102,0,2,bkt,0.3142564983984844
822947289563477095,8628686323660025649,300471914551172981,1,2,bkt,0.36457762367428803
822947289563477095,4378721629787482518,300471914551172981,0,2,bkt,0.4414760807629685
822947289563477095,4813462692425748605,300471914551172981,0,2,bkt,0.37486817367862646
822947289563477095,4644364625800006675,300471914551172981,0,2,bkt,0.3658034915731912
822947289563477095,1062464292871659639,8573800373938698102,0,2,bkt,0.3142564982258282
822947289563477095,5932668873100475470,300471914551172981,0,2,bkt,0.3647170727068242
822947289563477095,5237822943399727048,8573800373938698102,0,2,bkt,0.31425649820281376
858227644923335394,300471914551172981,300471914551172981,1,2,bkt,0.6240427971825541
858227644923335394,8573800373938698102,8573800373938698102,0,2,bkt,0.5025072721158217
858227644923335394,2014268979504181100,300471914551172981,1,2,bkt,0.773401494806722
858227644923335394,2172169907340938753,300471914551172981,1,2,bkt,0.8634708291526818
858227644923335394,8150806168444344502,300471914551172981,1,2,bkt,0.9027253872584683
858227644923335394,816286915455981984,8573800373938698102,1,2,bkt,0.34884484707464464
858227644923335394,1962751598315765836,300471914551172981,1,2,bkt,0.9173826402269202
858227644923335394,7444476343858270082,300471914551172981,1,2,bkt,0.9225338854708982
858227644923335394,2537821716777940730,300471914551172981,1,2,bkt,0.9243054019591953
858227644923335394,1061301253559417093,300471914551172981,1,2,bkt,0.9249100646851198
858227644923335394,8553379303363759508,300471914551172981,1,2,bkt,0.9251159209166168
858227644923335394,6440511557387709110,300471914551172981,1,2,bkt,0.9251859428623831
858227644923335394,7744513373483970787,8573800373938698102,1,2,bkt,0.48457328438244096
858227644923335394,2971078979906996375,300471914551172981,1,2,bkt,0.9252097537075635
858227644923335394,5841359775533910823,300471914551172981,1,2,bkt,0.9252178497243552
858227644923335394,8621262567927479011,300471914551172981,1,2,bkt,0.9252206023871442
858227644923335394,8434961942249729798,8573800373938698102,1,2,bkt,0.6773586652183093
858227644923335394,2322042198017538996,8573800373938698102,1,2,bkt,0.8183819959470333
858227644923335394,1742185772413642127,300471914551172981,1,2,bkt,0.9252215382873257
858227644923335394,2334639155148655290,8573800373938698102,1,2,bkt,0.8794637131700375
858227644923335394,7660717256841499384,300471914551172981,1,2,bkt,0.925221856490362
858227644923335394,4113615466659810841,300471914551172981,1,2,bkt,0.925221964678219
858227644923335394,6125574002232610732,300471914551172981,1,2,bkt,0.925222001461674
858227644923335394,2774368076249802464,8573800373938698102,1,2,bkt,0.8998403391701144
858227644923335394,8903365289186067945,8573800373938698102,1,2,bkt,0.9060225515248918
858227644923335394,6925932688889117475,300471914551172981,1,2,bkt,0.9252220139679052
858227644923335394,8194071366621068887,8573800373938698102,0,2,bkt,0.907843235125719
858227644923335394,2986660907093963186,300471914551172981,1,2,bkt,0.9252220182199746
858227644923335394,7591109345808921544,300471914551172981,1,2,bkt,0.9252220196656616
858227644923335394,625545550176685521,8573800373938698102,1,2,bkt,0.9030144221739029
858227644923335394,1761868641361943332,8573800373938698102,0,2,bkt,0.9069604442398219
858227644923335394,4824259625677886603,300471914551172981,1,2,bkt,0.9252220198163026
858227644923335394,8450591260754163598,8573800373938698102,1,2,bkt,0.8965607858210867
858227644923335394,1553079256999111676,300471914551172981,1,2,bkt,0.9252220198163026
858227644923335394,3220231712819306119,8573800373938698102,0,2,bkt,0.9050465184611333
858227644923335394,338807275221326836,300471914551172981,1,2,bkt,0.9252220198163026
858227644923335394,8525319303741530302,8573800373938698102,0,2,bkt,0.8829811516931717
858227644923335394,6587421150596252277,300471914551172981,1,2,bkt,0.9252220198163026
858227644923335394,5891620578387310353,300471914551172981,1,2,bkt,0.9252220198163026
858227644923335394,5791250638486922978,300471914551172981,1,2,bkt,0.9252220198163026
858227644923335394,4031585874086886353,8573800373938698102,1,2,bkt,0.7585050621765917
858227644923335394,2083452711903133430,8573800373938698102,1,2,bkt,0.8563036345000915
858227644923335394,6319743179241711738,8573800373938698102,0,2,bkt,0.8924563789955442
858227644923335394,8628686323660025649,300471914551172981,1,2,bkt,0.9252220198163026
858227644923335394,4378721629787482518,300471914551172981,1,2,bkt,0.9252220198163026
858227644923335394,4813462692425748605,300471914551172981,1,2,bkt,0.9252220198163026
858227644923335394,4644364625800006675,300471914551172981,1,2,bkt,0.9252220198163026
858227644923335394,1062464292871659639,8573800373938698102,1,2,bkt,0.8056994829962781
858227644923335394,5932668873100475470,300471914551172981,1,2,bkt,0.9252220198163026
858227644923335394,5237822943399727048,8573800373938698102,1,2,bkt,0.8748455296111689
926273758802928437,300471914551172981,300471914551172981,0,2,bkt,0.6240427971825541
926273758802928437,8573800373938698102,8573800373938698102,1,2,bkt,0.5025072721158217
926273758802928437,2014268979504181100,300471914551172981,1,2,bkt,0.4161806849477127
926273758802928437,2172169907340938753,300471914551172981,0,2,bkt,0.5404610728849124
926273758802928437,8150806168444344502,300471914551172981,1,2,bkt,0.39319323545329893
926273758802928437,816286915455981984,8573800373938698102,1,2,bkt,0.6950422406082023
926273758802928437,1962751598315765836,300471914551172981,0,2,bkt,0.4995756356086337
926273758802928437,7444476343858270082,300471914551172981,0,2,bkt,0.38474534891954504
926273758802928437,2537821716777940730,300471914551172981,1,2,bkt,0.36702373484278916
926273758802928437,1061301253559417093,300471914551172981,1,2,bkt,0.44679664691761023
926273758802928437,8553379303363759508,300471914551172981,0,2,bkt,0.5883816346989276
926273758802928437,6440511557387709110,300471914551172981,1,2,bkt,0.4052309773914163
926273758802928437,7744513373483970787,8573800373938698102,1,2,bkt,0.8274005147662947
926273758802928437,2971078979906996375,300471914551172981,1,2,bkt,0.5215644681189094
926273758802928437,5841359775533910823,300471914551172981,0,2,bkt,0.681763520455805
926273758802928437,8621262567927479011,300471914551172981,1,2,bkt,0.4391043244720642
926273758802928437,8434961942249729798,8573800373938698102,1,2,bkt,0.8826615653921908
926273758802928437,2322042198017538996,8573800373938698102,1,2,bkt,0.9008294416189261
926273758802928437,1742185772413642127,300471914551172981,1,2,bkt,0.5769700573499965
926273758802928437,2334639155148655290,8573800373938698102,1,2,bkt,0.906315524981365
926273758802928437,7660717256841499384,300471914551172981,1,2,bkt,0.7353503573473514
926273758802928437,4113615466659810841,300471914551172981,0,2,bkt,0.8439977716728226
926273758802928437,6125574002232610732,300471914551172981,0,2,bkt,0.5943794763363026
926273758802928437,2774368076249802464,8573800373938698102,1,2,bkt,0.9079289004129857
926273758802928437,8903365289186067945,8573800373938698102,1,2,bkt,0.9083996600369283
926273758802928437,6925932688889117475,300471914551172981,1,2,bkt,0.406937926240543
926273758802928437,8194071366621068887,8573800373938698102,1,2,bkt,0.9085367057426601
926273758802928437,2986660907093963186,300471914551172981,1,2,bkt,0.5245771655668359
926273758802928437,7591109345808921544,300471914551172981,1,2,bkt,0.6849683427810547
926273758802928437,625545550176685521,8573800373938698102,1,2,bkt,0.9085765752637126
926273758802928437,1761868641361943332,8573800373938698102,1,2,bkt,0.9085881718999048
926273758802928437,4824259625677886603,300471914551172981,0,2,bkt,0.8148854703118751
926273758802928437,8450591260754163598,8573800373938698102,1,2,bkt,0.908591544760923
926273758802928437,1553079256999111676,300471914551172981,1,2,bkt,0.5464783852578851
926273758802928437,3220231712819306119,8573800373938698102,1,2,bkt,0.9085925257353907
926273758802928437,338807275221326836,300471914551172981,1,2,bkt,0.7072040909847652
926273758802928437,8525319303741530302,8573800373938698102,1,2,bkt,0.9085928110440028
926273758802928437,6587421150596252277,300471914551172981,1,2,bkt,0.8282453424015106
926273758802928437,5891620578387310353,300471914551172981,1,2,bkt,0.888389778250172
926273758802928437,5791250638486922978,300471914551172981,1,2,bkt,0.9121800124495403
926273758802928437,4031585874086886353,8573800373938698102,1,2,bkt,0.908592894023625
926273758802928437,2083452711903133430,8573800373938698102,1,2,bkt,0.9085929181575437
926273758802928437,6319743179241711738,8573800373938698102,1,2,bkt,0.9085929251766884
926273758802928437,8628686323660025649,300471914551172981,1,2,bkt,0.9207243899893307
926273758802928437,4378721629787482518,300471914551172981,1,2,bkt,0.9236853738980656
926273758802928437,4813462692425748605,300471914551172981,0,2,bkt,0.9246986974802961
926273758802928437,4644364625800006675,300471914551172981,0,2,bkt,0.9208059730096472
926273758802928437,1062464292871659639,8573800373938698102,1,2,bkt,0.9085929272181468
926273758802928437,5932668873100475470,300471914551172981,0,2,bkt,0.8897890346626508
926273758802928437,5237822943399727048,8573800373938698102,1,2,bkt,0.9085929274249654
942706140549317669,300471914551172981,300471914551172981,1,2,bkt,0.6240427971825541
942706140549317669,8573800373938698102,8573800373938698102,0,2,bkt,0.5025072721158217
942706140549317669,2014268979504181100,300471914551172981,0,2,bkt,0.773401494806722
942706140549317669,2172169907340938753,300471914551172981,1,2,bkt,0.49948648602815027
942706140549317669,8150806168444344502,300471914551172981,1,2,bkt,0.6570978199421859
942706140549317669,816286915455981984,8573800373938698102,0,2,bkt,0.34884484707464464
942706140549317669,1962751598315765836,300471914551172981,1,2,bkt,0.7968631623491689
942706140549317669,7444476343858270082,300471914551172981,1,2,bkt,0.874550731578158
942706140549317669,2537821716777940730,300471914551172981,1,2,bkt,0.906995792359586
942706140549317669,1061301253559417093,300471914551172981,1,2,bkt,0.9189006478892808
942706140549317669,8553379303363759508,300471914551172981,1,2,bkt,0.9230579933702471
942706140549317669,6440511557387709110,300471914551172981,1,2,bkt,0.9244845347977789
942706140549317669,7744513373483970787,8573800373938698102,0,2,bkt,0.3191118996806145
942706140549317669,2971078979906996375,300471914551172981,1,2,bkt,0.9249710781773324
942706140549317669,5841359775533910823,300471914551172981,1,2,bkt,0.925136677890625
942706140549317669,8621262567927479011,300471914551172981,1,2,bkt,0.9251930016124397
942706140549317669,8434961942249729798,8573800373938698102,0,2,bkt,0.31490832047714434
942706140549317669,2322042198017538996,8573800373938698102,0,2,bkt,0.3143434663637246
942706140549317669,1742185772413642127,300471914551172981,1,2,bkt,0.9252121538236998
942706140549317669,2334639155148655290,8573800373938698102,0,2,bkt,0.3142680922042531
942706140549317669,7660717256841499384,300471914551172981,1,2,bkt,0.9252186657739288
942706140549317669,4113615466659810841,300471914551172981,1,2,bkt,0.9252208798430482
942706140549317669,6125574002232610732,300471914551172981,1,2,bkt,0.9252216326215031
942706140549317669,2774368076249802464,8573800373938698102,0,2,bkt,0.3142580436633764
942706140549317669,8903365289186067945,8573800373938698102,0,2,bkt,0.31425670420438606
942706140549317669,6925932688889117475,300471914551172981,1,2,bkt,0.9252218885636418
942706140549317669,8194071366621068887,8573800373938698102,0,2,bkt,0.3142565256590018
942706140549317669,2986660907093963186,300471914551172981,1,2,bkt,0.9252219755830117
942706140549317669,7591109345808921544,300471914551172981,1,2,bkt,0.925222005169261
942706140549317669,625545550176685521,8573800373938698102,0,2,bkt,0.3142565018595545
942706140549317669,1761868641361943332,8573800373938698102,0,2,bkt,0.3142564986871761
942706140549317669,4824259625677886603,300471914551172981,1,2,bkt,0.9252220152284703
942706140549317669,8450591260754163598,8573800373938698102,0,2,bkt,0.3142564982643097
942706140549317669,1553079256999111676,300471914551172981,1,2,bkt,0.9252220186485618
942706140549317669,3220231712819306119,8573800373938698102,1,2,bkt,0.31425649820794316
942706140549317669,338807275221326836,300471914551172981,1,2,bkt,0.9252220198113796
942706140549317669,8525319303741530302,8573800373938698102,0,2,bkt,0.40881881169067424
942706140549317669,6587421150596252277,300471914551172981,1,2,bkt,0.9252220198163026
942706140549317669,5891620578387310353,300471914551172981,1,2,bkt,0.9252220198163026
942706140549317669,5791250638486922978,300471914551172981,1,2,bkt,0.9252220198163026
942706140549317669,4031585874086886353,8573800373938698102,0,2,bkt,0.32887750503015156
942706140549317669,2083452711903133430,8573800373938698102,1,2,bkt,0.31624788342821464
942706140549317669,6319743179241711738,8573800373938698102,0,2,bkt,0.4136298455454604
942706140549317669,8628686323660025649,300471914551172981,1,2,bkt,0.9252220198163026
942706140549317669,4378721629787482518,300471914551172981,1,2,bkt,0.9252220198163026
942706140549317669,4813462692425748605,300471914551172981,1,2,bkt,0.9252220198163026
942706140549317669,4644364625800006675,300471914551172981,1,2,bkt,0.9252220198163026
942706140549317669,1062464292871659639,8573800373938698102,0,2,bkt,0.32974744131983413
942706140549317669,5932668873100475470,300471914551172981,1,2,bkt,0.9252220198163026
942706140549317669,5237822943399727048,8573800373938698102,0,2,bkt,0.3163691074448086
1003558341519932556,300471914551172981,300471914551172981,1,2,bkt,0.6240427971825541
1003558341519932556,8573800373938698102,8573800373938698102,1,2,bkt,0.5025072721158217
1003558341519932556,2014268979504181100,300471914551172981,1,2,bkt,0.773401494806722
1003558341519932556,2172169907340938753,300471914551172981,1,2,bkt,0.8634708291526818
1003558341519932556,8150806168444344502,300471914551172981,1,2,bkt,0.9027253872584683
1003558341519932556,816286915455981984,8573800373938698102,1,2,bkt,0.6950422406082023
1003558341519932556,1962751598315765836,300471914551172981,0,2,bkt,0.9173826402269202
1003558341519932556,7444476343858270082,300471914551172981,1,2,bkt,0.8649276360352308
1003558341519932556,2537821716777940730,300471914551172981,1,2,bkt,0.9032931153155421
1003558341519932556,1061301253559417093,300471914551172981,1,2,bkt,0.9175852786598424
1003558341519932556,8553379303363759508,300471914551172981,0,2,bkt,0.9226039487856614
1003558341519932556,6440511557387709110,300471914551172981,1,2,bkt,0.9037274301481539
1003558341519932556,7744513373483970787,8573800373938698102,1,2,bkt,0.8274005147662947
1003558341519932556,2971078979906996375,300471914551172981,1,2,bkt,0.9177401262012299
1003558341519932556,5841359775533910823,300471914551172981,1,2,bkt,0.9226574672906631
1003558341519932556,8621262567927479011,300471914551172981,1,2,bkt,0.9243476588534845
1003558341519932556,8434961942249729798,8573800373938698102,1,2,bkt,0.8826615653921908
1003558341519932556,2322042198017538996,8573800373938698102,1,2,bkt,0.9008294416189261
1003558341519932556,1742185772413642127,300471914551172981,1,2,bkt,0.9249244597144891
1003558341519932556,2334639155148655290,8573800373938698102,1,2,bkt,0.906315524981365
1003558341519932556,7660717256841499384,300471914551172981,1,2,bkt,0.9251208183958423
1003558341519932556,4113615466659810841,300471914551172981,1,2,bkt,0.9251876083592127
1003558341519932556,6125574002232610732,300471914551172981,1,2,bkt,0.925210320013083
1003558341519932556,2774368076249802464,8573800373938698102,1,2,bkt,0.9079289004129857
1003558341519932556,8903365289186067945,8573800373938698102,1,2,bkt,0.9083996600369283
1003558341519932556,6925932688889117475,300471914551172981,1,2,bkt,0.9252180422709936
1003558341519932556,8194071366621068887,8573800373938698102,1,2,bkt,0.9085367057426601
1003558341519932556,2986660907093963186,300471914551172981,1,2,bkt,0.9252206678528209
1003558341519932556,7591109345808921544,300471914551172981,1,2,bkt,0.925221560545465
1003558341519932556,625545550176685521,8573800373938698102,1,2,bkt,0.9085765752637126
1003558341519932556,1761868641361943332,8573800373938698102,1,2,bkt,0.9085881718999048
1003558341519932556,4824259625677886603,300471914551172981,1,2,bkt,0.9252218640580497
1003558341519932556,8450591260754163598,8573800373938698102,1,2,bkt,0.908591544760923
1003558341519932556,1553079256999111676,300471914551172981,1,2,bkt,0.925221967251204
1003558341519932556,3220231712819306119,8573800373938698102,1,2,bkt,0.9085925257353907
1003558341519932556,338807275221326836,300471914551172981,1,2,bkt,0.9252220023364789
1003558341519932556,8525319303741530302,8573800373938698102,1,2,bkt,0.9085928110440028
1003558341519932556,6587421150596252277,300471914551172981,1,2,bkt,0.9252220142653355
1003558341519932556,5891620578387310353,300471914551172981,1,2,bkt,0.9252220183210997
1003558341519932556,5791250638486922978,300471914551172981,1,2,bkt,0.9252220197000437
1003558341519932556,4031585874086886353,8573800373938698102,1,2,bkt,0.908592894023625
1003558341519932556,2083452711903133430,8573800373938698102,1,2,bkt,0.9085929181575437
1003558341519932556,6319743179241711738,8573800373938698102,1,2,bkt,0.9085929251766884
1003558341519932556,8628686323660025649,300471914551172981,1,2,bkt,0.9252220198163026
1003558341519932556,4378721629787482518,300471914551172981,1,2,bkt,0.9252220198163026
1003558341519932556,4813462692425748605,300471914551172981,0,2,bkt,0.9252220198163026
1003558341519932556,4644364625800006675,300471914551172981,1,2,bkt,0.9252220153620668
1003558341519932556,1062464292871659639,8573800373938698102,1,2,bkt,0.9085929272181468
1003558341519932556,5932668873100475470,300471914551172981,1,2,bkt,0.9252220186939841
1003558341519932556,5237822943399727048,8573800373938698102,1,2,bkt,0.9085929274249654
1042998184812744181,300471914551172981,300471914551172981,1,2,bkt,0.6240427971825541
1042998184812744181,8573800373938698102,8573800373938698102,0,2,bkt,0.5025072721158217
1042998184812744181,2014268979504181100,300471914551172981,1,2,bkt,0.773401494806722
1042998184812744181,2172169907340938753,300471914551172981,1,2,bkt,0.8634708291526818
1042998184812744181,8150806168444344502,300471914551172981,1,2,bkt,0.9027253872584683
1042998184812744181,816286915455981984,8573800373938698102,0,2,bkt,0.34884484707464464
1042998184812744181,1962751598315765836,300471914551172981,1,2,bkt,0.9173826402269202
1042998184812744181,7444476343858270082,300471914551172981,1,2,bkt,0.9225338854708982
1042998184812744181,2537821716777940730,300471914551172981,1,2,bkt,0.9243054019591953
1042998184812744181,1061301253559417093,300471914551172981,1,2,bkt,0.9249100646851198
1042998184812744181,8553379303363759508,300471914551172981,1,2,bkt,0.9251159209166168
1042998184812744181,6440511557387709110,300471914551172981,1,2,bkt,0.9251859428623831
1042998184812744181,7744513373483970787,8573800373938698102,0,2,bkt,0.3191118996806145
1042998184812744181,2971078979906996375,300471914551172981,1,2,bkt,0.9252097537075635
1042998184812744181,5841359775533910823,300471914551172981,1,2,bkt,0.9252178497243552
1042998184812744181,8621262567927479011,300471914551172981,1,2,bkt,0.9252206023871442
1042998184812744181,8434961942249729798,8573800373938698102,0,2,bkt,0.31490832047714434
1042998184812744181,2322042198017538996,8573800373938698102,0,2,bkt,0.3143434663637246
1042998184812744181,1742185772413642127,300471914551172981,1,2,bkt,0.9252215382873257
1042998184812744181,2334639155148655290,8573800373938698102,0,2,bkt,0.3142680922042531
1042998184812744181,7660717256841499384,300471914551172981,1,2,bkt,0.925221856490362
1042998184812744181,4113615466659810841,300471914551172981,1,2,bkt,0.925221964678219
1042998184812744181,6125574002232610732,300471914551172981,1,2,bkt,0.925222001461674
1042998184812744181,2774368076249802464,8573800373938698102,0,2,bkt,0.3142580436633764
1042998184812744181,8903365289186067945,8573800373938698102,0,2,bkt,0.31425670420438606
1042998184812744181,6925932688889117475,300471914551172981,1,2,bkt,0.9252220139679052
1042998184812744181,8194071366621068887,8573800373938698102,0,2,bkt,0.3142565256590018
1042998184812744181,2986660907093963186,300471914551172981,1,2,bkt,0.9252220182199746
1042998184812744181,7591109345808921544,300471914551172981,1,2,bkt,0.9252220196656616
1042998184812744181,625545550176685521,8573800373938698102,1,2,bkt,0.3142565018595545
1042998184812744181,1761868641361943332,8573800373938698102,0,2,bkt,0.4088188205685901
1042998184812744181,4824259625677886603,300471914551172981,1,2,bkt,0.9252220198163026
1042998184812744181,8450591260754163598,8573800373938698102,1,2,bkt,0.3288775066224018
1042998184812744181,1553079256999111676,300471914551172981,1,2,bkt,0.9252220198163026
1042998184812744181,3220231712819306119,8573800373938698102,0,2,bkt,0.4427855555983683
1042998184812744181,338807275221326836,300471914551172981,1,2,bkt,0.9252220198163026
1042998184812744181,8525319303741530302,8573800373938698102,0,2,bkt,0.3353407771778416
1042998184812744181,6587421150596252277,300471914551172981,1,2,bkt,0.9252220198163026
1042998184812744181,5891620578387310353,300471914551172981,1,2,bkt,0.9252220198163026
1042998184812744181,5791250638486922978,300471914551172981,1,2,bkt,0.9252220198163026
1042998184812744181,4031585874086886353,8573800373938698102,0,2,bkt,0.31715610771241826
1042998184812744181,2083452711903133430,8573800373938698102,0,2,bkt,0.31464464667416403
1042998184812744181,6319743179241711738,8573800373938698102,0,2,bkt,0.31430826625711056
1042998184812744181,8628686323660025649,300471914551172981,1,2,bkt,0.9252220198163026
1042998184812744181,4378721629787482518,300471914551172981,1,2,bkt,0.9252220198163026
1042998184812744181,4813462692425748605,300471914551172981,1,2,bkt,0.9252220198163026
1042998184812744181,4644364625800006675,300471914551172981,1,2,bkt,0.9252220198163026
1042998184812744181,1062464292871659639,8573800373938698102,1,2,bkt,0.31426339921084284
1042998184812744181,5932668873100475470,300471914551172981,1,2,bkt,0.9252220198163026
1042998184812744181,5237822943399727048,8573800373938698102,0,2,bkt,0.40883558926483576
1085453181448266761,300471914551172981,300471914551172981,1,2,bkt,0.6240427971825541
1085453181448266761,8573800373938698102,8573800373938698102,0,2,bkt,0.5025072721158217
1085453181448266761,2014268979504181100,300471914551172981,1,2,bkt,0.773401494806722
1085453181448266761,2172169907340938753,300471914551172981,1,2,bkt,0.8634708291526818
1085453181448266761,8150806168444344502,300471914551172981,1,2,bkt,0.9027253872584683
1085453181448266761,816286915455981984,8573800373938698102,1,2,bkt,0.34884484707464464
1085453181448266761,1962751598315765836,300471914551172981,1,2,bkt,0.9173826402269202
1085453181448266761,7444476343858270082,300471914551172981,1,2,bkt,0.9225338854708982
1085453181448266761,2537821716777940730,300471914551172981,1,2,bkt,0.9243054019591953
1085453181448266761,1061301253559417093,300471914551172981,1,2,bkt,0.9249100646851198
1085453181448266761,8553379303363759508,300471914551172981,1,2,bkt,0.9251159209166168
1085453181448266761,6440511557387709110,300471914551172981,1,2,bkt,0.9251859428623831
1085453181448266761,7744513373483970787,8573800373938698102,1,2,bkt,0.48457328438244096
1085453181448266761,2971078979906996375,300471914551172981,1,2,bkt,0.9252097537075635
1085453181448266761,5841359775533910823,300471914551172981,1,2,bkt,0.9252178497243552
1085453181448266761,8621262567927479011,300471914551172981,1,2,bkt,0.9252206023871442
1085453181448266761,8434961942249729798,8573800373938698102,1,2,bkt,0.6773586652183093
1085453181448266761,2322042198017538996,8573800373938698102,0,2,bkt,0.8183819959470333
1085453181448266761,1742185772413642127,300471914551172981,1,2,bkt,0.9252215382873257
1085453181448266761,2334639155148655290,8573800373938698102,0,2,bkt,0.5679793374190084
1085453181448266761,7660717256841499384,300471914551172981,1,2,bkt,0.925221856490362
1085453181448266761,4113615466659810841,300471914551172981,1,2,bkt,0.925221964678219
1085453181448266761,6125574002232610732,300471914551172981,1,2,bkt,0.925222001461674
1085453181448266761,2774368076249802464,8573800373938698102,1,2,bkt,0.36793925883390055
1085453181448266761,8903365289186067945,8573800373938698102,1,2,bkt,0.5202917562264937
1085453181448266761,6925932688889117475,300471914551172981,1,2,bkt,0.9252220139679052
1085453181448266761,8194071366621068887,8573800373938698102,0,2,bkt,0.7113745276363967
1085453181448266761,2986660907093963186,300471914551172981,1,2,bkt,0.9252220182199746
1085453181448266761,7591109345808921544,300471914551172981,1,2,bkt,0.9252220196656616
1085453181448266761,625545550176685521,8573800373938698102,1,2,bkt,0.4400229317368184
1085453181448266761,1761868641361943332,8573800373938698102,1,2,bkt,0.6271924430860035
1085453181448266761,4824259625677886603,300471914551172981,0,2,bkt,0.9252220198163026
1085453181448266761,8450591260754163598,8573800373938698102,0,2,bkt,0.7900297859618723
1085453181448266761,1553079256999111676,300471914551172981,1,2,bkt,0.9252220153620668
1085453181448266761,3220231712819306119,8573800373938698102,0,2,bkt,0.5213765573136624
1085453181448266761,338807275221326836,300471914551172981,1,2,bkt,0.9252220186939841
1085453181448266761,8525319303741530302,8573800373938698102,0,2,bkt,0.3538120996515982
1085453181448266761,6587421150596252277,300471914551172981,1,2,bkt,0.9252220198163026
1085453181448266761,5891620578387310353,300471914551172981,1,2,bkt,0.9252220198163026
1085453181448266761,5791250638486922978,300471914551172981,1,2,bkt,0.9252220198163026
1085453181448266761,4031585874086886353,8573800373938698102,1,2,bkt,0.31985187023551215
1085453181448266761,2083452711903133430,8573800373938698102,1,2,bkt,0.422184484762368
1085453181448266761,6319743179241711738,8573800373938698102,0,2,bkt,0.6041369459945567
1085453181448266761,8628686323660025649,300471914551172981,1,2,bkt,0.9252220198163026
1085453181448266761,4378721629787482518,300471914551172981,1,2,bkt,0.9252220198163026
1085453181448266761,4813462692425748605,300471914551172981,1,2,bkt,0.9252220198163026
1085453181448266761,4644364625800006675,300471914551172981,1,2,bkt,0.9252220198163026
1085453181448266761,1062464292871659639,8573800373938698102,1,2,bkt,0.38119157253584957
1085453181448266761,5932668873100475470,300471914551172981,1,2,bkt,0.9252220198163026
1085453181448266761,5237822943399727048,8573800373938698102,1,2,bkt,0.5429782466289357
1223648975300134562,300471914551172981,300471914551172981,1,2,bkt,0.6240427971825541
1223648975300134562,8573800373938698102,8573800373938698102,0,2,bkt,0.5025072721158217
1223648975300134562,2014268979504181100,300471914551172981,0,2,bkt,0.773401494806722
1223648975300134562,2172169907340938753,300471914551172981,1,2,bkt,0.49948648602815027
1223648975300134562,8150806168444344502,300471914551172981,1,2,bkt,0.6570978199421859
1223648975300134562,816286915455981984,8573800373938698102,1,2,bkt,0.34884484707464464
1223648975300134562,1962751598315765836,300471914551172981,1,2,bkt,0.7968631623491689
1223648975300134562,7444476343858270082,300471914551172981,1,2,bkt,0.874550731578158
1223648975300134562,2537821716777940730,300471914551172981,1,2,bkt,0.906995792359586
1223648975300134562,1061301253559417093,300471914551172981,1,2,bkt,0.9189006478892808
1223648975300134562,8553379303363759508,300471914551172981,1,2,bkt,0.9230579933702471
1223648975300134562,6440511557387709110,300471914551172981,1,2,bkt,0.9244845347977789
1223648975300134562,7744513373483970787,8573800373938698102,0,2,bkt,0.48457328438244096
1223648975300134562,2971078979906996375,300471914551172981,1,2,bkt,0.9249710781773324
1223648975300134562,5841359775533910823,300471914551172981,0,2,bkt,0.925136677890625
1223648975300134562,8621262567927479011,300471914551172981,1,2,bkt,0.924497646472442
1223648975300134562,8434961942249729798,8573800373938698102,1,2,bkt,0.3444609060351503
1223648975300134562,2322042198017538996,8573800373938698102,1,2,bkt,0.4758136197238611
1223648975300134562,1742185772413642127,300471914551172981,1,2,bkt,0.924975543147087
1223648975300134562,2334639155148655290,8573800373938698102,0,2,bkt,0.6682367470381995
1223648975300134562,7660717256841499384,300471914551172981,1,2,bkt,0.9251381967792687
1223648975300134562,4113615466659810841,300471914551172981,1,2,bkt,0.9251935181230417
1223648975300134562,6125574002232610732,300471914551172981,1,2,bkt,0.9252123294461927
1223648975300134562,2774368076249802464,8573800373938698102,0,2,bkt,0.4117847741120825
1223648975300134562,8903365289186067945,8573800373938698102,1,2,bkt,0.3294121312748012
1223648975300134562,6925932688889117475,300471914551172981,1,2,bkt,0.9252187254861481
1223648975300134562,8194071366621068887,8573800373938698102,0,2,bkt,0.44397042435705225
1223648975300134562,2986660907093963186,300471914551172981,1,2,bkt,0.925220900145114
1223648975300134562,7591109345808921544,300471914551172981,1,2,bkt,0.9252216395241426
1223648975300134562,625545550176685521,8573800373938698102,0,2,bkt,0.335580490123285
1223648975300134562,1761868641361943332,8573800373938698102,0,2,bkt,0.3171901321985316
1223648975300134562,4824259625677886603,300471914551172981,1,2,bkt,0.925221890910514
1223648975300134562,8450591260754163598,8573800373938698102,0,2,bkt,0.314649220839462
1223648975300134562,1553079256999111676,300471914551172981,1,2,bkt,0.9252219763809392
1223648975300134562,3220231712819306119,8573800373938698102,1,2,bkt,0.3143088766713172
1223648975300134562,338807275221326836,300471914551172981,1,2,bkt,0.9252220054405533
1223648975300134562,8525319303741530302,8573800373938698102,0,2,bkt,0.4089461346921287
1223648975300134562,6587421150596252277,300471914551172981,1,2,bkt,0.9252220153207085
1223648975300134562,5891620578387310353,300471914551172981,1,2,bkt,0.9252220186799225
1223648975300134562,5791250638486922978,300471914551172981,1,2,bkt,0.9252220198163026
1223648975300134562,4031585874086886353,8573800373938698102,1,2,bkt,0.32890034527199835
1223648975300134562,2083452711903133430,8573800373938698102,1,2,bkt,0.4428362508109601
1223648975300134562,6319743179241711738,8573800373938698102,1,2,bkt,0.6306589777156231
1223648975300134562,8628686323660025649,300471914551172981,1,2,bkt,0.9252220198163026
1223648975300134562,4378721629787482518,300471914551172981,1,2,bkt,0.9252220198163026
1223648975300134562,4813462692425748605,300471914551172981,1,2,bkt,0.9252220198163026
1223648975300134562,4644364625800006675,300471914551172981,1,2,bkt,0.9252220198163026
1223648975300134562,1062464292871659639,8573800373938698102,1,2,bkt,0.7921340254746125
1223648975300134562,5932668873100475470,300471914551172981,1,2,bkt,0.9252220198163026
1223648975300134562,5237822943399727048,8573800373938698102,1,2,bkt,0.8697421518099361
1253225369361069887,300471914551172981,300471914551172981,1,2,bkt,0.6240427971825541
1253225369361069887,8573800373938698102,8573800373938698102,0,2,bkt,0.5025072721158217
1253225369361069887,2014268979504181100,300471914551172981,1,2,bkt,0.773401494806722
1253225369361069887,2172169907340938753,300471914551172981,0,2,bkt,0.8634708291526818
1253225369361069887,8150806168444344502,300471914551172981,1,2,bkt,0.6378223023100763
1253225369361069887,816286915455981984,8573800373938698102,1,2,bkt,0.34884484707464464
1253225369361069887,1962751598315765836,300471914551172981,1,2,bkt,0.783477429921248
1253225369361069887,7444476343858270082,300471914551172981,1,2,bkt,0.8683105429749027
1253225369361069887,2537821716777940730,300471914551172981,1,2,bkt,0.9046041102691557
1253225369361069887,1061301253559417093,300471914551172981,1,2,bkt,0.9180522385521902
1253225369361069887,8553379303363759508,300471914551172981,0,2,bkt,0.9227652848899595
1253225369361069887,6440511557387709110,300471914551172981,1,2,bkt,0.9050098799981462
1253225369361069887,7744513373483970787,8573800373938698102,1,2,bkt,0.48457328438244096
1253225369361069887,2971078979906996375,300471914551172981,0,2,bkt,0.9181964944522603
1253225369361069887,5841359775533910823,300471914551172981,1,2,bkt,0.8706495796372877
1253225369361069887,8621262567927479011,300471914551172981,0,2,bkt,0.9055046116378297
1253225369361069887,8434961942249729798,8573800373938698102,1,2,bkt,0.6773586652183093
1253225369361069887,2322042198017538996,8573800373938698102,1,2,bkt,0.8183819959470333
1253225369361069887,1742185772413642127,300471914551172981,1,2,bkt,0.792633575683036
1253225369361069887,2334639155148655290,8573800373938698102,1,2,bkt,0.8794637131700375
1253225369361069887,7660717256841499384,300471914551172981,1,2,bkt,0.8726017509169955
1253225369361069887,4113615466659810841,300471914551172981,1,2,bkt,0.9062524784506482
1253225369361069887,6125574002232610732,300471914551172981,0,2,bkt,0.9186374492759339
1253225369361069887,2774368076249802464,8573800373938698102,0,2,bkt,0.8998403391701144
1253225369361069887,8903365289186067945,8573800373938698102,0,2,bkt,0.848668294702177
1253225369361069887,6925932688889117475,300471914551172981,1,2,bkt,0.8737976019707967
1253225369361069887,8194071366621068887,8573800373938698102,1,2,bkt,0.6370508355448528
1253225369361069887,2986660907093963186,300471914551172981,1,2,bkt,0.9067089523804246
1253225369361069887,7591109345808921544,300471914551172981,0,2,bkt,0.9187991323973992
1253225369361069887,625545550176685521,8573800373938698102,0,2,bkt,0.795953938391143
1253225369361069887,1761868641361943332,8573800373938698102,1,2,bkt,0.5300438171211879
1253225369361069887,4824259625677886603,300471914551172981,1,2,bkt,0.8749604411009069
1253225369361069887,8450591260754163598,8573800373938698102,0,2,bkt,0.7198650168513085
1253225369361069887,1553079256999111676,300471914551172981,1,2,bkt,0.9071516285955721
1253225369361069887,3220231712819306119,8573800373938698102,1,2,bkt,0.44660514894273606
1253225369361069887,338807275221326836,300471914551172981,1,2,bkt,0.9189557729537056
1253225369361069887,8525319303741530302,8573800373938698102,1,2,bkt,0.6352345196085079
1253225369361069887,6587421150596252277,300471914551172981,1,2,bkt,0.923076993289664
1253225369361069887,5891620578387310353,300471914551172981,1,2,bkt,0.9244910248869199
1253225369361069887,5791250638486922978,300471914551172981,1,2,bkt,0.9249732882885513
1253225369361069887,4031585874086886353,8573800373938698102,1,2,bkt,0.7948762871303693
1253225369361069887,2083452711903133430,8573800373938698102,1,2,bkt,0.8707878484419134
1253225369361069887,6319743179241711738,8573800373938698102,1,2,bkt,0.897120285240409
1253225369361069887,8628686323660025649,300471914551172981,0,2,bkt,0.9251374297257324
1253225369361069887,4378721629787482518,300471914551172981,0,2,bkt,0.9245040207203444
1253225369361069887,4813462692425748605,300471914551172981,0,2,bkt,0.9191788215669645
1253225369361069887,4644364625800006675,300471914551172981,1,2,bkt,0.8777094904657674
1253225369361069887,1062464292871659639,8573800373938698102,1,2,bkt,0.9052135368352224
1253225369361069887,5932668873100475470,300471914551172981,1,2,bkt,0.9081934880648389
1253225369361069887,5237822943399727048,8573800373938698102,1,2,bkt,0.9076063916708297
1253653909672895259,300471914551172981,300471914551172981,0,2,bkt,0.6240427971825541
1253653909672895259,8573800373938698102,8573800373938698102,0,2,bkt,0.5025072721158217
1253653909672895259,2014268979504181100,300471914551172981,1,2,bkt,0.4161806849477127
1253653909672895259,2172169907340938753,300471914551172981,0,2,bkt,0.5404610728849124
1253653909672895259,8150806168444344502,300471914551172981,0,2,bkt,0.39319323545329893
1253653909672895259,816286915455981984,8573800373938698102,0,2,bkt,0.34884484707464464
1253653909672895259,1962751598315765836,300471914551172981,0,2,bkt,0.36809891918297194
1253653909672895259,7444476343858270082,300471914551172981,0,2,bkt,0.36498923680357576
1253653909672895259,2537821716777940730,300471914551172981,0,2,bkt,0.36462100098920047
1253653909672895259,1061301253559417093,300471914551172981,0,2,bkt,0.3645776347001572
1253653909672895259,8553379303363759508,300471914551172981,0,2,bkt,0.36457253085976693
1253653909672895259,6440511557387709110,300471914551172981,1,2,bkt,0.36457193022733364
1253653909672895259,7744513373483970787,8573800373938698102,0,2,bkt,0.3191118996806145
1253653909672895259,2971078979906996375,300471914551172981,0,2,bkt,0.441463613593634
1253653909672895259,5841359775533910823,300471914551172981,0,2,bkt,0.3748662747231256
1253653909672895259,8621262567927479011,300471914551172981,0,2,bkt,0.36580326068037233
1253653909672895259,8434961942249729798,8573800373938698102,0,2,bkt,0.31490832047714434
1253653909672895259,2322042198017538996,8573800373938698102,0,2,bkt,0.3143434663637246
1253653909672895259,1742185772413642127,300471914551172981,1,2,bkt,0.36471704542943806
1253653909672895259,2334639155148655290,8573800373938698102,0,2,bkt,0.3142680922042531
1253653909672895259,7660717256841499384,300471914551172981,1,2,bkt,0.4417812567036359
1253653909672895259,4113615466659810841,300471914551172981,1,2,bkt,0.5809863762916054
1253653909672895259,6125574002232610732,300471914551172981,0,2,bkt,0.7388375407300096
1253653909672895259,2774368076249802464,8573800373938698102,0,2,bkt,0.3142580436633764
1253653909672895259,8903365289186067945,8573800373938698102,1,2,bkt,0.31425670420438606
1253653909672895259,6925932688889117475,300471914551172981,0,2,bkt,0.4717343889133151
1253653909672895259,8194071366621068887,8573800373938698102,0,2,bkt,0.40881931251559434
1253653909672895259,2986660907093963186,300471914551172981,1,2,bkt,0.3797411096154268
1253653909672895259,7591109345808921544,300471914551172981,0,2,bkt,0.4733538002806317
1253653909672895259,625545550176685521,8573800373938698102,0,2,bkt,0.32887759485295054
1253653909672895259,1761868641361943332,8573800373938698102,0,2,bkt,0.316247895928633
1253653909672895259,4824259625677886603,300471914551172981,1,2,bkt,0.3800176929867988
1253653909672895259,8450591260754163598,8573800373938698102,0,2,bkt,0.31452271724918124
1253653909672895259,1553079256999111676,300471914551172981,0,2,bkt,0.47391162846204404
1253653909672895259,3220231712819306119,8573800373938698102,0,2,bkt,0.3142919979954895
1253653909672895259,338807275221326836,300471914551172981,0,2,bkt,0.38011336016654607
1253653909672895259,8525319303741530302,8573800373938698102,0,2,bkt,0.31426123043576143
1253653909672895259,6587421150596252277,300471914551172981,0,2,bkt,0.36644664890494283
1253653909672895259,5891620578387310353,300471914551172981,0,2,bkt,0.3647931316633699
1253653909672895259,5791250638486922978,300471914551172981,1,2,bkt,0.3645978998773549
1253653909672895259,4031585874086886353,8573800373938698102,0,2,bkt,0.31425712899324454
1253653909672895259,2083452711903133430,8573800373938698102,1,2,bkt,0.3142565822818542
1253653909672895259,6319743179241711738,8573800373938698102,0,2,bkt,0.4088190160938452
1253653909672895259,8628686323660025649,300471914551172981,1,2,bkt,0.441520477216219
1253653909672895259,4378721629787482518,300471914551172981,1,2,bkt,0.5805972584827639
1253653909672895259,4813462692425748605,300471914551172981,0,2,bkt,0.738501798480924
1253653909672895259,4644364625800006675,300471914551172981,1,2,bkt,0.47150079220600316
1253653909672895259,1062464292871659639,8573800373938698102,0,2,bkt,0.3288775416897805
1253653909672895259,5932668873100475470,300471914551172981,1,2,bkt,0.6225121871445337
1253653909672895259,5237822943399727048,8573800373938698102,1,2,bkt,0.31624788853004476
1277583981950536507,300471914551172981,300471914551172981,0,2,bkt,0.6240427971825541
1277583981950536507,8573800373938698102,8573800373938698102,0,2,bkt,0.5025072721158217
1277583981950536507,2014268979504181100,300471914551172981,0,2,bkt,0.4161806849477127
1277583981950536507,2172169907340938753,300471914551172981,0,2,bkt,0.3711821219902946
1277583981950536507,8150806168444344502,300471914551172981,0,2,bkt,0.3653579326891565
1277583981950536507,816286915455981984,8573800373938698102,0,2,bkt,0.34884484707464464
1277583981950536507,1962751598315765836,300471914551172981,1,2,bkt,0.3646644718786235
1277583981950536507,7444476343858270082,300471914551172981,0,2,bkt,0.44166620750104324
1277583981950536507,2537821716777940730,300471914551172981,0,2,bkt,0.37489714362450743
1277583981950536507,1061301253559417093,300471914551172981,0,2,bkt,0.36580701418484735
1277583981950536507,8553379303363759508,300471914551172981,0,2,bkt,0.3647174888661814
1277583981950536507,6440511557387709110,300471914551172981,0,2,bkt,0.36458899299589376
1277583981950536507,7744513373483970787,8573800373938698102,0,2,bkt,0.3191118996806145
1277583981950536507,2971078979906996375,300471914551172981,0,2,bkt,0.36457386756644883
1277583981950536507,5841359775533910823,300471914551172981,0,2,bkt,0.36457208753331616
1277583981950536507,8621262567927479011,300471914551172981,1,2,bkt,0.36457187805604696
1277583981950536507,8434961942249729798,8573800373938698102,1,2,bkt,0.31490832047714434
1277583981950536507,2322042198017538996,8573800373938698102,0,2,bkt,0.41040026297836846
1277583981950536507,1742185772413642127,300471914551172981,0,2,bkt,0.44146349935027296
1277583981950536507,2334639155148655290,8573800373938698102,0,2,bkt,0.3291618983756409
1277583981950536507,7660717256841499384,300471914551172981,1,2,bkt,0.37486625732236956
1277583981950536507,4113615466659810841,300471914551172981,0,2,bkt,0.46338682656414154
1277583981950536507,6125574002232610732,300471914551172981,0,2,bkt,0.3783418890528384
1277583981950536507,2774368076249802464,8573800373938698102,0,2,bkt,0.31628747852520567
1277583981950536507,8903365289186067945,8573800373938698102,1,2,bkt,0.31452802454834566
1277583981950536507,6925932688889117475,300471914551172981,1,2,bkt,0.36622821986767795
1277583981950536507,8194071366621068887,8573800373938698102,0,2,bkt,0.40947838546641624
1277583981950536507,2986660907093963186,300471914551172981,0,2,bkt,0.44507411126257324
1277583981950536507,7591109345808921544,300471914551172981,1,2,bkt,0.3754197787554213
1277583981950536507,625545550176685521,8573800373938698102,0,2,bkt,0.3289959314154547
1277583981950536507,1761868641361943332,8573800373938698102,1,2,bkt,0.31626436744402586
1277583981950536507,4824259625677886603,300471914551172981,1,2,bkt,0.4645315663032955
1277583981950536507,8450591260754163598,8573800373938698102,0,2,bkt,0.4136694168309446
1277583981950536507,1553079256999111676,300471914551172981,1,2,bkt,0.613251297661112
1277583981950536507,3220231712819306119,8573800373938698102,0,2,bkt,0.32975465583668395
1277583981950536507,338807275221326836,300471914551172981,0,2,bkt,0.7651942996184126
1277583981950536507,8525319303741530302,8573800373938698102,0,2,bkt,0.31637011409009397
1277583981950536507,6587421150596252277,300471914551172981,1,2,bkt,0.49215707186925695
1277583981950536507,5891620578387310353,300471914551172981,0,2,bkt,0.6484200604877376
1277583981950536507,5791250638486922978,300471914551172981,0,2,bkt,0.4249438830349328
1277583981950536507,4031585874086886353,8573800373938698102,0,2,bkt,0.3145391064406302
1277583981950536507,2083452711903133430,8573800373938698102,1,2,bkt,0.31429418436356527
1277583981950536507,6319743179241711738,8573800373938698102,1,2,bkt,0.4089104245109966
1277583981950536507,8628686323660025649,300471914551172981,0,2,bkt,0.37242238593759436
1277583981950536507,4378721629787482518,300471914551172981,1,2,bkt,0.36550726781506176
1277583981950536507,4813462692425748605,300471914551172981,0,2,bkt,0.443506550526719
1277583981950536507,4644364625800006675,300471914551172981,0,2,bkt,0.3751785830830591
1277583981950536507,1062464292871659639,8573800373938698102,0,2,bkt,0.585675387481571
1277583981950536507,5932668873100475470,300471914551172981,1,2,bkt,0.36584125292477315
1277583981950536507,5237822943399727048,8573800373938698102,1,2,bkt,0.37413613168025295
1295333489993010330,300471914551172981,300471914551172981,1,2,bkt,0.6240427971825541
1295333489993010330,8573800373938698102,8573800373938698102,1,2,bkt,0.5025072721158217
1295333489993010330,2014268979504181100,300471914551172981,0,2,bkt,0.773401494806722
1295333489993010330,2172169907340938753,300471914551172981,0,2,bkt,0.49948648602815027
1295333489993010330,8150806168444344502,300471914551172981,1,2,bkt,0.38472843652012184
1295333489993010330,816286915455981984,8573800373938698102,1,2,bkt,0.6950422406082023
1295333489993010330,1962751598315765836,300471914551172981,1,2,bkt,0.48328934655256894
1295333489993010330,7444476343858270082,300471914551172981,0,2,bkt,0.6375691270990367
1295333489993010330,2537821716777940730,300471914551172981,1,2,bkt,0.42089758374627584
1295333489993010330,1061301253559417093,300471914551172981,1,2,bkt,0.5482983286933991
1295333489993010330,8553379303363759508,300471914551172981,1,2,bkt,0.7089718936979514
1295333489993010330,6440511557387709110,300471914551172981,1,2,bkt,0.8292715277991194
1295333489993010330,7744513373483970787,8573800373938698102,0,2,bkt,0.8274005147662947
1295333489993010330,2971078979906996375,300471914551172981,0,2,bkt,0.8888246246618308
1295333489993010330,5841359775533910823,300471914551172981,0,2,bkt,0.7171909724311321
1295333489993010330,8621262567927479011,300471914551172981,1,2,bkt,0.45780842660779764
1295333489993010330,8434961942249729798,8573800373938698102,1,2,bkt,0.5860127666306374
1295333489993010330,2322042198017538996,8573800373938698102,1,2,bkt,0.7631286844403878
1295333489993010330,1742185772413642127,300471914551172981,1,2,bkt,0.6040502148550015
1295333489993010330,2334639155148655290,8573800373938698102,1,2,bkt,0.8582215130965966
1295333489993010330,7660717256841499384,300471914551172981,1,2,bkt,0.7579650497244744
1295333489993010330,4113615466659810841,300471914551172981,1,2,bkt,0.85580676870099
1295333489993010330,6125574002232610732,300471914551172981,0,2,bkt,0.8997068165639986
1295333489993010330,2774368076249802464,8573800373938698102,0,2,bkt,0.8930829769259631
1295333489993010330,8903365289186067945,8573800373938698102,1,2,bkt,0.8091153341750548
1295333489993010330,6925932688889117475,300471914551172981,1,2,bkt,0.7635651837385216
1295333489993010330,8194071366621068887,8573800373938698102,1,2,bkt,0.8761036159662713
1295333489993010330,2986660907093963186,300471914551172981,1,2,bkt,0.858623004008318
1295333489993010330,7591109345808921544,300471914551172981,1,2,bkt,0.900822283031196
1295333489993010330,625545550176685521,8573800373938698102,1,2,bkt,0.8987932745839196
1295333489993010330,1761868641361943332,8573800373938698102,1,2,bkt,0.9057117069969284
1295333489993010330,4824259625677886603,300471914551172981,1,2,bkt,0.9167015045724609
1295333489993010330,8450591260754163598,8573800373938698102,1,2,bkt,0.9077522837515096
1295333489993010330,1553079256999111676,300471914551172981,0,2,bkt,0.9222981521526076
1295333489993010330,3220231712819306119,8573800373938698102,1,2,bkt,0.9083482074152456
1295333489993010330,338807275221326836,300471914551172981,0,2,bkt,0.9013112866373894
1295333489993010330,8525319303741530302,8573800373938698102,1,2,bkt,0.908521733970488
1295333489993010330,6587421150596252277,300471914551172981,1,2,bkt,0.7712677048047959
1295333489993010330,5891620578387310353,300471914551172981,1,2,bkt,0.8624296934508024
1295333489993010330,5791250638486922978,300471914551172981,1,2,bkt,0.9023184740520074
1295333489993010330,4031585874086886353,8573800373938698102,1,2,bkt,0.9085722202408567
1295333489993010330,2083452711903133430,8573800373938698102,0,2,bkt,0.908586905227012
1295333489993010330,6319743179241711738,8573800373938698102,1,2,bkt,0.908547747269912
1295333489993010330,8628686323660025649,300471914551172981,0,2,bkt,0.917237244348089
1295333489993010330,4378721629787482518,300471914551172981,1,2,bkt,0.8639172530601489
1295333489993010330,4813462692425748605,300471914551172981,1,2,bkt,0.9028995653164381
1295333489993010330,4644364625800006675,300471914551172981,1,2,bkt,0.9174448364712408
1295333489993010330,1062464292871659639,8573800373938698102,0,2,bkt,0.9085797869561029
1295333489993010330,5932668873100475470,300471914551172981,1,2,bkt,0.9225553934447396
1295333489993010330,5237822943399727048,8573800373938698102,1,2,bkt,0.908494356600076
1309524494434868497,300471914551172981,300471914551172981,1,2,bkt,0.6240427971825541
1309524494434868497,8573800373938698102,8573800373938698102,1,2,bkt,0.5025072721158217
1309524494434868497,2014268979504181100,300471914551172981,1,2,bkt,0.773401494806722
1309524494434868497,2172169907340938753,300471914551172981,1,2,bkt,0.8634708291526818
1309524494434868497,8150806168444344502,300471914551172981,1,2,bkt,0.9027253872584683
1309524494434868497,816286915455981984,8573800373938698102,1,2,bkt,0.6950422406082023
1309524494434868497,1962751598315765836,300471914551172981,1,2,bkt,0.9173826402269202
1309524494434868497,7444476343858270082,300471914551172981,1,2,bkt,0.9225338854708982
1309524494434868497,2537821716777940730,300471914551172981,1,2,bkt,0.9243054019591953
1309524494434868497,1061301253559417093,300471914551172981,1,2,bkt,0.9249100646851198
1309524494434868497,8553379303363759508,300471914551172981,1,2,bkt,0.9251159209166168
1309524494434868497,6440511557387709110,300471914551172981,1,2,bkt,0.9251859428623831
1309524494434868497,7744513373483970787,8573800373938698102,1,2,bkt,0.8274005147662947
1309524494434868497,2971078979906996375,300471914551172981,1,2,bkt,0.9252097537075635
1309524494434868497,5841359775533910823,300471914551172981,0,2,bkt,0.9252178497243552
1309524494434868497,8621262567927479011,300471914551172981,1,2,bkt,0.9251865818558067
1309524494434868497,8434961942249729798,8573800373938698102,1,2,bkt,0.8826615653921908
1309524494434868497,2322042198017538996,8573800373938698102,1,2,bkt,0.9008294416189261
1309524494434868497,1742185772413642127,300471914551172981,1,2,bkt,0.9252099709796098
1309524494434868497,2334639155148655290,8573800373938698102,1,2,bkt,0.906315524981365
1309524494434868497,7660717256841499384,300471914551172981,1,2,bkt,0.9252179235979384
1309524494434868497,4113615466659810841,300471914551172981,1,2,bkt,0.9252206275040966
1309524494434868497,6125574002232610732,300471914551172981,1,2,bkt,0.9252215468270166
1309524494434868497,2774368076249802464,8573800373938698102,0,2,bkt,0.9079289004129857
1309524494434868497,8903365289186067945,8573800373938698102,1,2,bkt,0.9036472649446046
1309524494434868497,6925932688889117475,300471914551172981,1,2,bkt,0.9252218593938265
1309524494434868497,8194071366621068887,8573800373938698102,1,2,bkt,0.9071466517641567
1309524494434868497,2986660907093963186,300471914551172981,1,2,bkt,0.925221965665386
1309524494434868497,7591109345808921544,300471914551172981,1,2,bkt,0.925222001797307
1309524494434868497,625545550176685521,8573800373938698102,1,2,bkt,0.9081716203126955
1309524494434868497,1761868641361943332,8573800373938698102,1,2,bkt,0.9084703374499844
1309524494434868497,4824259625677886603,300471914551172981,1,2,bkt,0.9252220140820191
1309524494434868497,8450591260754163598,8573800373938698102,1,2,bkt,0.9085572688128601
1309524494434868497,1553079256999111676,300471914551172981,1,2,bkt,0.9252220182587729
1309524494434868497,3220231712819306119,8573800373938698102,1,2,bkt,0.9085825564620073
1309524494434868497,338807275221326836,300471914551172981,1,2,bkt,0.9252220196788529
1309524494434868497,8525319303741530302,8573800373938698102,1,2,bkt,0.9085899115315461
1309524494434868497,6587421150596252277,300471914551172981,1,2,bkt,0.9252220198163026
1309524494434868497,5891620578387310353,300471914551172981,1,2,bkt,0.9252220198163026
1309524494434868497,5791250638486922978,300471914551172981,1,2,bkt,0.9252220198163026
1309524494434868497,4031585874086886353,8573800373938698102,1,2,bkt,0.9085920507222661
1309524494434868497,2083452711903133430,8573800373938698102,1,2,bkt,0.9085926728902951
1309524494434868497,6319743179241711738,8573800373938698102,1,2,bkt,0.9085928538427818
1309524494434868497,8628686323660025649,300471914551172981,1,2,bkt,0.9252220198163026
1309524494434868497,4378721629787482518,300471914551172981,1,2,bkt,0.9252220198163026
1309524494434868497,4813462692425748605,300471914551172981,1,2,bkt,0.9252220198163026
1309524494434868497,4644364625800006675,300471914551172981,1,2,bkt,0.9252220198163026
1309524494434868497,1062464292871659639,8573800373938698102,1,2,bkt,0.9085929064712872
1309524494434868497,5932668873100475470,300471914551172981,1,2,bkt,0.9252220198163026
1309524494434868497,5237822943399727048,8573800373938698102,1,2,bkt,0.9085929217778402
1329478604444739170,300471914551172981,300471914551172981,0,2,bkt,0.6240427971825541
1329478604444739170,8573800373938698102,8573800373938698102,0,2,bkt,0.5025072721158217
1329478604444739170,2014268979504181100,300471914551172981,0,2,bkt,0.4161806849477127
1329478604444739170,2172169907340938753,300471914551172981,0,2,bkt,0.3711821219902946
1329478604444739170,8150806168444344502,300471914551172981,0,2,bkt,0.3653579326891565
1329478604444739170,816286915455981984,8573800373938698102,1,2,bkt,0.34884484707464464
1329478604444739170,1962751598315765836,300471914551172981,0,2,bkt,0.3646644718786235
1329478604444739170,7444476343858270082,300471914551172981,0,2,bkt,0.36458275155038683
1329478604444739170,2537821716777940730,300471914551172981,0,2,bkt,0.3645731330329157
1329478604444739170,1061301253559417093,300471914551172981,0,2,bkt,0.36457200109204213
1329478604444739170,8553379303363759508,300471914551172981,1,2,bkt,0.36457186788352347
1329478604444739170,6440511557387709110,300471914551172981,0,2,bkt,0.4414634770747351
1329478604444739170,7744513373483970787,8573800373938698102,1,2,bkt,0.48457328438244096
1329478604444739170,2971078979906996375,300471914551172981,0,2,bkt,0.37486625392951506
1329478604444739170,5841359775533910823,300471914551172981,0,2,bkt,0.3658032581520979
1329478604444739170,8621262567927479011,300471914551172981,0,2,bkt,0.36471704513075104
1329478604444739170,8434961942249729798,8573800373938698102,1,2,bkt,0.6773586652183093
1329478604444739170,2322042198017538996,8573800373938698102,1,2,bkt,0.8183819959470333
1329478604444739170,1742185772413642127,300471914551172981,0,2,bkt,0.3645889407526443
1329478604444739170,2334639155148655290,8573800373938698102,0,2,bkt,0.8794637131700375
1329478604444739170,7660717256841499384,300471914551172981,0,2,bkt,0.3645738614180667
1329478604444739170,4113615466659810841,300471914551172981,0,2,bkt,0.36457208680976233
1329478604444739170,6125574002232610732,300471914551172981,0,2,bkt,0.3645718779708982
1329478604444739170,2774368076249802464,8573800373938698102,0,2,bkt,0.7428737878236358
1329478604444739170,8903365289186067945,8573800373938698102,1,2,bkt,0.46662778348279627
1329478604444739170,6925932688889117475,300471914551172981,0,2,bkt,0.3645718533944692
1329478604444739170,8194071366621068887,8573800373938698102,0,2,bkt,0.6583031562823066
1329478604444739170,2986660907093963186,300471914551172981,0,2,bkt,0.3645718505022841
1329478604444739170,7591109345808921544,300471914551172981,0,2,bkt,0.3645718501619282
1329478604444739170,625545550176685521,8573800373938698102,1,2,bkt,0.40629216726058814
1329478604444739170,1761868641361943332,8573800373938698102,1,2,bkt,0.5818914782454295
1329478604444739170,4824259625677886603,300471914551172981,0,2,bkt,0.36457185012187465
1329478604444739170,8450591260754163598,8573800373938698102,1,2,bkt,0.7602268077201623
1329478604444739170,1553079256999111676,300471914551172981,0,2,bkt,0.3645718501171611
1329478604444739170,3220231712819306119,8573800373938698102,1,2,bkt,0.8570205406927629
1329478604444739170,338807275221326836,300471914551172981,0,2,bkt,0.3645718501166064
1329478604444739170,8525319303741530302,8573800373938698102,1,2,bkt,0.8926909305639344
1329478604444739170,6587421150596252277,300471914551172981,0,2,bkt,0.36457185011654114
1329478604444739170,5891620578387310353,300471914551172981,0,2,bkt,0.3645718501165334
1329478604444739170,5791250638486922978,300471914551172981,0,2,bkt,0.36457185011653254
1329478604444739170,4031585874086886353,8573800373938698102,1,2,bkt,0.9038855808340972
1329478604444739170,2083452711903133430,8573800373938698102,1,2,bkt,0.9072167061984635
1329478604444739170,6319743179241711738,8573800373938698102,1,2,bkt,0.9081920584878769
1329478604444739170,8628686323660025649,300471914551172981,0,2,bkt,0.3645718501165324
1329478604444739170,4378721629787482518,300471914551172981,0,2,bkt,0.3645718501165324
1329478604444739170,4813462692425748605,300471914551172981,0,2,bkt,0.3645718501165324
1329478604444739170,4644364625800006675,300471914551172981,0,2,bkt,0.3645718501165324
1329478604444739170,1062464292871659639,8573800373938698102,1,2,bkt,0.9084762871013613
1329478604444739170,5932668873100475470,300471914551172981,0,2,bkt,0.3645718501165324
1329478604444739170,5237822943399727048,8573800373938698102,1,2,bkt,0.9085589996738862
1343631752052248698,300471914551172981,300471914551172981,0,2,bkt,0.6240427971825541
1343631752052248698,8573800373938698102,8573800373938698102,0,2,bkt,0.5025072721158217
1343631752052248698,2014268979504181100,300471914551172981,1,2,bkt,0.4161806849477127
1343631752052248698,2172169907340938753,300471914551172981,1,2,bkt,0.5404610728849124
1343631752052248698,8150806168444344502,300471914551172981,1,2,bkt,0.7012744149526855
1343631752052248698,816286915455981984,8573800373938698102,0,2,bkt,0.34884484707464464
1343631752052248698,1962751598315765836,300471914551172981,0,2,bkt,0.8247654643520201
1343631752052248698,7444476343858270082,300471914551172981,0,2,bkt,0.5609506550439844
1343631752052248698,2537821716777940730,300471914551172981,0,2,bkt,0.39801868345178526
1343631752052248698,1061301253559417093,300471914551172981,1,2,bkt,0.3687266079997533
1343631752052248698,8553379303363759508,300471914551172981,1,2,bkt,0.45045890957057383
1343631752052248698,6440511557387709110,300471914551172981,1,2,bkt,0.5936776620440869
1343631752052248698,7744513373483970787,8573800373938698102,1,2,bkt,0.3191118996806145
1343631752052248698,2971078979906996375,300471914551172981,0,2,bkt,0.7495466853339628
1343631752052248698,5841359775533910823,300471914551172981,0,2,bkt,0.47951399176391474
1343631752052248698,8621262567927479011,300471914551172981,1,2,bkt,0.3810855334549607
1343631752052248698,8434961942249729798,8573800373938698102,0,2,bkt,0.42044381024081545
1343631752052248698,2322042198017538996,8573800373938698102,1,2,bkt,0.3310042638911887
1343631752052248698,1742185772413642127,300471914551172981,1,2,bkt,0.4760577084890365
1343631752052248698,2334639155148655290,8573800373938698102,0,2,bkt,0.4474763369959983
1343631752052248698,7660717256841499384,300471914551172981,1,2,bkt,0.6284209265768839
1343631752052248698,4113615466659810841,300471914551172981,1,2,bkt,0.7766507917080119
1343631752052248698,6125574002232610732,300471914551172981,0,2,bkt,0.8650452629976949
1343631752052248698,2774368076249802464,8573800373938698102,0,2,bkt,0.33629579932736514
1343631752052248698,8903365289186067945,8573800373938698102,0,2,bkt,0.31729180817890457
1343631752052248698,6925932688889117475,300471914551172981,1,2,bkt,0.6418825357942618
1343631752052248698,8194071366621068887,8573800373938698102,0,2,bkt,0.31466289261640024
1343631752052248698,2986660907093963186,300471914551172981,1,2,bkt,0.7863638634791246
1343631752052248698,7591109345808921544,300471914551172981,0,2,bkt,0.8696741126817987
1343631752052248698,625545550176685521,8573800373938698102,0,2,bkt,0.31431070119415644
1343631752052248698,1761868641361943332,8573800373938698102,0,2,bkt,0.31426372382910606
1343631752052248698,4824259625677886603,300471914551172981,1,2,bkt,0.6543878449123192
1343631752052248698,8450591260754163598,8573800373938698102,0,2,bkt,0.31425746135914895
1343631752052248698,1553079256999111676,300471914551172981,1,2,bkt,0.7950288813971996
1343631752052248698,3220231712819306119,8573800373938698102,0,2,bkt,0.3142566265851027
1343631752052248698,338807275221326836,300471914551172981,1,2,bkt,0.8737080470565165
1343631752052248698,8525319303741530302,8573800373938698102,0,2,bkt,0.31425651531263343
1343631752052248698,6587421150596252277,300471914551172981,1,2,bkt,0.9066748112375186
1343631752052248698,5891620578387310353,300471914551172981,0,2,bkt,0.9187870452333016
1343631752052248698,5791250638486922978,300471914551172981,1,2,bkt,0.8748733490306418
1343631752052248698,4031585874086886353,8573800373938698102,0,2,bkt,0.31425650048042175
1343631752052248698,2083452711903133430,8573800373938698102,0,2,bkt,0.31425649850334275
1343631752052248698,6319743179241711738,8573800373938698102,1,2,bkt,0.3142564982398054
1343631752052248698,8628686323660025649,300471914551172981,1,2,bkt,0.9071185146579496
1343631752052248698,4378721629787482518,300471914551172981,1,2,bkt,0.9189440609088313
1343631752052248698,4813462692425748605,300471914551172981,1,2,bkt,0.9230729566976271
1343631752052248698,4644364625800006675,300471914551172981,1,2,bkt,0.9244896460696262
1343631752052248698,1062464292871659639,8573800373938698102,1,2,bkt,0.40881881176813867
1343631752052248698,5932668873100475470,300471914551172981,1,2,bkt,0.9249728187537489
1343631752052248698,5237822943399727048,8573800373938698102,0,2,bkt,0.5855438068823459
1349015927524233791,300471914551172981,300471914551172981,0,2,bkt,0.6240427971825541
1349015927524233791,8573800373938698102,8573800373938698102,1,2,bkt,0.5025072721158217
1349015927524233791,2014268979504181100,300471914551172981,1,2,bkt,0.4161806849477127
1349015927524233791,2172169907340938753,300471914551172981,1,2,bkt,0.5404610728849124
1349015927524233791,8150806168444344502,300471914551172981,0,2,bkt,0.7012744149526855
1349015927524233791,816286915455981984,8573800373938698102,1,2,bkt,0.6950422406082023
1349015927524233791,1962751598315765836,300471914551172981,0,2,bkt,0.4488563532905648
1349015927524233791,7444476343858270082,300471914551172981,1,2,bkt,0.37600738946402756
1349015927524233791,2537821716777940730,300471914551172981,1,2,bkt,0.4657431181097371
1349015927524233791,1061301253559417093,300471914551172981,0,2,bkt,0.6148811420033087
1349015927524233791,8553379303363759508,300471914551172981,0,2,bkt,0.4131740484538528
1349015927524233791,6440511557387709110,300471914551172981,1,2,bkt,0.37076512460567573
1349015927524233791,7744513373483970787,8573800373938698102,1,2,bkt,0.8274005147662947
1349015927524233791,2971078979906996375,300471914551172981,0,2,bkt,0.45479877952801917
1349015927524233791,5841359775533910823,300471914551172981,0,2,bkt,0.37694707458892796
1349015927524233791,8621262567927479011,300471914551172981,1,2,bkt,0.3660571080220354
1349015927524233791,8434961942249729798,8573800373938698102,1,2,bkt,0.8826615653921908
1349015927524233791,2322042198017538996,8573800373938698102,1,2,bkt,0.9008294416189261
1349015927524233791,1742185772413642127,300471914551172981,0,2,bkt,0.4447026228751161
1349015927524233791,2334639155148655290,8573800373938698102,1,2,bkt,0.906315524981365
1349015927524233791,7660717256841499384,300471914551172981,1,2,bkt,0.3753624958798258
1349015927524233791,4113615466659810841,300471914551172981,1,2,bkt,0.4644132559909596
1349015927524233791,6125574002232610732,300471914551172981,0,2,bkt,0.613091684543848
1349015927524233791,2774368076249802464,8573800373938698102,1,2,bkt,0.9079289004129857
1349015927524233791,8903365289186067945,8573800373938698102,1,2,bkt,0.9083996600369283
1349015927524233791,6925932688889117475,300471914551172981,1,2,bkt,0.412603413058021
1349015927524233791,8194071366621068887,8573800373938698102,1,2,bkt,0.9085367057426601
1349015927524233791,2986660907093963186,300471914551172981,1,2,bkt,0.5343978570234567
1349015927524233791,7591109345808921544,300471914551172981,1,2,bkt,0.6951644359139839
1349015927524233791,625545550176685521,8573800373938698102,1,2,bkt,0.9085765752637126
1349015927524233791,1761868641361943332,8573800373938698102,1,2,bkt,0.9085881718999048
1349015927524233791,4824259625677886603,300471914551172981,1,2,bkt,0.8211176729357916
1349015927524233791,8450591260754163598,8573800373938698102,1,2,bkt,0.908591544760923
1349015927524233791,1553079256999111676,300471914551172981,0,2,bkt,0.8853394332129076
1349015927524233791,3220231712819306119,8573800373938698102,1,2,bkt,0.9085925257353907
1349015927524233791,338807275221326836,300471914551172981,0,2,bkt,0.7041999261927424
1349015927524233791,8525319303741530302,8573800373938698102,1,2,bkt,0.9085928110440028
1349015927524233791,6587421150596252277,300471914551172981,1,2,bkt,0.45042950733074805
1349015927524233791,5891620578387310353,300471914551172981,0,2,bkt,0.5936354861577207
1349015927524233791,5791250638486922978,300471914551172981,1,2,bkt,0.40672345370674295
1349015927524233791,4031585874086886353,8573800373938698102,1,2,bkt,0.908592894023625
1349015927524233791,2083452711903133430,8573800373938698102,1,2,bkt,0.9085929181575437
1349015927524233791,6319743179241711738,8573800373938698102,1,2,bkt,0.9085929251766884
1349015927524233791,8628686323660025649,300471914551172981,1,2,bkt,0.5242000190375887
1349015927524233791,4378721629787482518,300471914551172981,1,2,bkt,0.6845691620971027
1349015927524233791,4813462692425748605,300471914551172981,1,2,bkt,0.8146377010064404
1349015927524233791,4644364625800006675,300471914551172981,1,2,bkt,0.8825199530916326
1349015927524233791,1062464292871659639,8573800373938698102,1,2,bkt,0.9085929272181468
1349015927524233791,5932668873100475470,300471914551172981,1,2,bkt,0.9100009840211268
1349015927524233791,5237822943399727048,8573800373938698102,1,2,bkt,0.9085929274249654
1357225641910081458,300471914551172981,300471914551172981,1,2,bkt,0.6240427971825541
1357225641910081458,8573800373938698102,8573800373938698102,1,2,bkt,0.5025072721158217
1357225641910081458,2014268979504181100,300471914551172981,1,2,bkt,0.773401494806722
1357225641910081458,2172169907340938753,300471914551172981,1,2,bkt,0.8634708291526818
1357225641910081458,8150806168444344502,300471914551172981,1,2,bkt,0.9027253872584683
1357225641910081458,816286915455981984,8573800373938698102,1,2,bkt,0.6950422406082023
1357225641910081458,1962751598315765836,300471914551172981,1,2,bkt,0.9173826402269202
1357225641910081458,7444476343858270082,300471914551172981,1,2,bkt,0.9225338854708982
1357225641910081458,2537821716777940730,300471914551172981,1,2,bkt,0.9243054019591953
1357225641910081458,1061301253559417093,300471914551172981,1,2,bkt,0.9249100646851198
1357225641910081458,8553379303363759508,300471914551172981,1,2,bkt,0.9251159209166168
1357225641910081458,6440511557387709110,300471914551172981,1,2,bkt,0.9251859428623831
1357225641910081458,7744513373483970787,8573800373938698102,1,2,bkt,0.8274005147662947
1357225641910081458,2971078979906996375,300471914551172981,1,2,bkt,0.9252097537075635
1357225641910081458,5841359775533910823,300471914551172981,1,2,bkt,0.9252178497243552
1357225641910081458,8621262567927479011,300471914551172981,1,2,bkt,0.9252206023871442
1357225641910081458,8434961942249729798,8573800373938698102,1,2,bkt,0.8826615653921908
1357225641910081458,2322042198017538996,8573800373938698102,1,2,bkt,0.9008294416189261
1357225641910081458,1742185772413642127,300471914551172981,1,2,bkt,0.9252215382873257
1357225641910081458,2334639155148655290,8573800373938698102,1,2,bkt,0.906315524981365
1357225641910081458,7660717256841499384,300471914551172981,1,2,bkt,0.925221856490362
1357225641910081458,4113615466659810841,300471914551172981,1,2,bkt,0.925221964678219
1357225641910081458,6125574002232610732,300471914551172981,1,2,bkt,0.925222001461674
1357225641910081458,2774368076249802464,8573800373938698102,1,2,bkt,0.9079289004129857
1357225641910081458,8903365289186067945,8573800373938698102,1,2,bkt,0.9083996600369283
1357225641910081458,6925932688889117475,300471914551172981,1,2,bkt,0.9252220139679052
1357225641910081458,8194071366621068887,8573800373938698102,1,2,bkt,0.9085367057426601
1357225641910081458,2986660907093963186,300471914551172981,1,2,bkt,0.9252220182199746
1357225641910081458,7591109345808921544,300471914551172981,1,2,bkt,0.9252220196656616
1357225641910081458,625545550176685521,8573800373938698102,1,2,bkt,0.9085765752637126
1357225641910081458,1761868641361943332,8573800373938698102,1,2,bkt,0.9085881718999048
1357225641910081458,4824259625677886603,300471914551172981,1,2,bkt,0.9252220198163026
1357225641910081458,8450591260754163598,8573800373938698102,1,2,bkt,0.908591544760923
1357225641910081458,1553079256999111676,300471914551172981,1,2,bkt,0.9252220198163026
1357225641910081458,3220231712819306119,8573800373938698102,1,2,bkt,0.9085925257353907
1357225641910081458,338807275221326836,300471914551172981,1,2,bkt,0.9252220198163026
1357225641910081458,8525319303741530302,8573800373938698102,1,2,bkt,0.9085928110440028
1357225641910081458,6587421150596252277,300471914551172981,1,2,bkt,0.9252220198163026
1357225641910081458,5891620578387310353,300471914551172981,1,2,bkt,0.9252220198163026
1357225641910081458,5791250638486922978,300471914551172981,1,2,bkt,0.9252220198163026
1357225641910081458,4031585874086886353,8573800373938698102,1,2,bkt,0.908592894023625
1357225641910081458,2083452711903133430,8573800373938698102,1,2,bkt,0.9085929181575437
1357225641910081458,6319743179241711738,8573800373938698102,1,2,bkt,0.9085929251766884
1357225641910081458,8628686323660025649,300471914551172981,1,2,bkt,0.9252220198163026
1357225641910081458,4378721629787482518,300471914551172981,1,2,bkt,0.9252220198163026
1357225641910081458,4813462692425748605,300471914551172981,1,2,bkt,0.9252220198163026
1357225641910081458,4644364625800006675,300471914551172981,1,2,bkt,0.9252220198163026
1357225641910081458,1062464292871659639,8573800373938698102,1,2,bkt,0.9085929272181468
1357225641910081458,5932668873100475470,300471914551172981,1,2,bkt,0.9252220198163026
1357225641910081458,5237822943399727048,8573800373938698102,1,2,bkt,0.9085929274249654
1368532253860411376,300471914551172981,300471914551172981,1,2,bkt,0.6240427971825541
1368532253860411376,8573800373938698102,8573800373938698102,0,2,bkt,0.5025072721158217
1368532253860411376,2014268979504181100,300471914551172981,0,2,bkt,0.773401494806722
1368532253860411376,2172169907340938753,300471914551172981,1,2,bkt,0.49948648602815027
1368532253860411376,8150806168444344502,300471914551172981,1,2,bkt,0.6570978199421859
1368532253860411376,816286915455981984,8573800373938698102,1,2,bkt,0.34884484707464464
1368532253860411376,1962751598315765836,300471914551172981,1,2,bkt,0.7968631623491689
1368532253860411376,7444476343858270082,300471914551172981,1,2,bkt,0.874550731578158
1368532253860411376,2537821716777940730,300471914551172981,1,2,bkt,0.906995792359586
1368532253860411376,1061301253559417093,300471914551172981,1,2,bkt,0.9189006478892808
1368532253860411376,8553379303363759508,300471914551172981,1,2,bkt,0.9230579933702471
1368532253860411376,6440511557387709110,300471914551172981,1,2,bkt,0.9244845347977789
1368532253860411376,7744513373483970787,8573800373938698102,0,2,bkt,0.48457328438244096
1368532253860411376,2971078979906996375,300471914551172981,1,2,bkt,0.9249710781773324
1368532253860411376,5841359775533910823,300471914551172981,0,2,bkt,0.925136677890625
1368532253860411376,8621262567927479011,300471914551172981,1,2,bkt,0.924497646472442
1368532253860411376,8434961942249729798,8573800373938698102,1,2,bkt,0.3444609060351503
1368532253860411376,2322042198017538996,8573800373938698102,1,2,bkt,0.4758136197238611
1368532253860411376,1742185772413642127,300471914551172981,1,2,bkt,0.924975543147087
1368532253860411376,2334639155148655290,8573800373938698102,1,2,bkt,0.6682367470381995
1368532253860411376,7660717256841499384,300471914551172981,1,2,bkt,0.9251381967792687
1368532253860411376,4113615466659810841,300471914551172981,1,2,bkt,0.9251935181230417
1368532253860411376,6125574002232610732,300471914551172981,0,2,bkt,0.9252123294461927
1368532253860411376,2774368076249802464,8573800373938698102,1,2,bkt,0.8135432574144527
1368532253860411376,8903365289186067945,8573800373938698102,1,2,bkt,0.8777187331190406
1368532253860411376,6925932688889117475,300471914551172981,1,2,bkt,0.9251396818189014
1368532253860411376,8194071366621068887,8573800373938698102,1,2,bkt,0.8992975737115142
1368532253860411376,2986660907093963186,300471914551172981,1,2,bkt,0.9251940231213691
1368532253860411376,7591109345808921544,300471914551172981,1,2,bkt,0.9252125011541241
1368532253860411376,625545550176685521,8573800373938698102,1,2,bkt,0.9058615098238317
1368532253860411376,1761868641361943332,8573800373938698102,1,2,bkt,0.9077961230149293
1368532253860411376,4824259625677886603,300471914551172981,1,2,bkt,0.9252187838673822
1368532253860411376,8450591260754163598,8573800373938698102,1,2,bkt,0.9083609807002526
1368532253860411376,1553079256999111676,300471914551172981,1,2,bkt,0.9252209199946442
1368532253860411376,3220231712819306119,8573800373938698102,1,2,bkt,0.9085254509211502
1368532253860411376,338807275221326836,300471914551172981,1,2,bkt,0.9252216462729211
1368532253860411376,8525319303741530302,8573800373938698102,1,2,bkt,0.9085733014492423
1368532253860411376,6587421150596252277,300471914551172981,1,2,bkt,0.925221893205074
1368532253860411376,5891620578387310353,300471914551172981,1,2,bkt,0.9252219771610808
1368532253860411376,5791250638486922978,300471914551172981,1,2,bkt,0.9252220057057984
1368532253860411376,4031585874086886353,8573800373938698102,1,2,bkt,0.9085872197012026
1368532253860411376,2083452711903133430,8573800373938698102,1,2,bkt,0.9085912678188678
1368532253860411376,6319743179241711738,8573800373938698102,1,2,bkt,0.908592445188888
1368532253860411376,8628686323660025649,300471914551172981,1,2,bkt,0.9252220154108908
1368532253860411376,4378721629787482518,300471914551172981,1,2,bkt,0.9252220187105841
1368532253860411376,4813462692425748605,300471914551172981,0,2,bkt,0.9252220198163026
1368532253860411376,4644364625800006675,300471914551172981,1,2,bkt,0.9252220153620668
1368532253860411376,1062464292871659639,8573800373938698102,1,2,bkt,0.9085927876177171
1368532253860411376,5932668873100475470,300471914551172981,1,2,bkt,0.9252220186939841
1368532253860411376,5237822943399727048,8573800373938698102,1,2,bkt,0.9085928872102877
1443130975371599511,300471914551172981,300471914551172981,0,2,bkt,0.6240427971825541
1443130975371599511,8573800373938698102,8573800373938698102,1,2,bkt,0.5025072721158217
1443130975371599511,2014268979504181100,300471914551172981,0,2,bkt,0.4161806849477127
1443130975371599511,2172169907340938753,300471914551172981,0,2,bkt,0.3711821219902946
1443130975371599511,8150806168444344502,300471914551172981,1,2,bkt,0.3653579326891565
1443130975371599511,816286915455981984,8573800373938698102,1,2,bkt,0.6950422406082023
1443130975371599511,1962751598315765836,300471914551172981,1,2,bkt,0.44318107882746305
1443130975371599511,7444476343858270082,300471914551172981,0,2,bkt,0.5830672713248809
1443130975371599511,2537821716777940730,300471914551172981,0,2,bkt,0.40375957759347775
1443130975371599511,1061301253559417093,300471914551172981,0,2,bkt,0.36948661096687274
1443130975371599511,8553379303363759508,300471914551172981,0,2,bkt,0.36515473367292783
1443130975371599511,6440511557387709110,300471914551172981,1,2,bkt,0.3646405075626774
1443130975371599511,7744513373483970787,8573800373938698102,0,2,bkt,0.8274005147662947
1443130975371599511,2971078979906996375,300471914551172981,0,2,bkt,0.44161375424068033
1443130975371599511,5841359775533910823,300471914551172981,0,2,bkt,0.3748891492582862
1443130975371599511,8621262567927479011,300471914551172981,1,2,bkt,0.3658060420742092
1443130975371599511,8434961942249729798,8573800373938698102,0,2,bkt,0.5860127666306374
1443130975371599511,2322042198017538996,8573800373938698102,1,2,bkt,0.37425942287338015
1443130975371599511,1742185772413642127,300471914551172981,1,2,bkt,0.4441569229283132
1443130975371599511,2334639155148655290,8573800373938698102,1,2,bkt,0.5313115763505525
1443130975371599511,7660717256841499384,300471914551172981,1,2,bkt,0.5845101460041218
1443130975371599511,4113615466659810841,300471914551172981,1,2,bkt,0.7418575990716817
1443130975371599511,6125574002232610732,300471914551172981,0,2,bkt,0.8474695173178272
1443130975371599511,2774368076249802464,8573800373938698102,0,2,bkt,0.7209458801174997
1443130975371599511,8903365289186067945,8573800373938698102,1,2,bkt,0.4474718243437493
1443130975371599511,6925932688889117475,300471914551172981,1,2,bkt,0.601312147969573
1443130975371599511,8194071366621068887,8573800373938698102,0,2,bkt,0.636275786543005
1443130975371599511,2986660907093963186,300471914551172981,1,2,bkt,0.7557710485835711
1443130975371599511,7591109345808921544,300471914551172981,0,2,bkt,0.8546920552688241
1443130975371599511,625545550176685521,8573800373938698102,1,2,bkt,0.39518275817362314
1443130975371599511,1761868641361943332,8573800373938698102,1,2,bkt,0.5652784214714708
1443130975371599511,4824259625677886603,300471914551172981,1,2,bkt,0.6167961780095075
1443130975371599511,8450591260754163598,8573800373938698102,1,2,bkt,0.7481001764397937
1443130975371599511,1553079256999111676,300471914551172981,1,2,bkt,0.7679219408591541
1443130975371599511,3220231712819306119,8573800373938698102,1,2,bkt,0.8519009850991182
1443130975371599511,338807275221326836,300471914551172981,1,2,bkt,0.8607855530885341
1443130975371599511,8525319303741530302,8573800373938698102,1,2,bkt,0.8910072994626584
1443130975371599511,6587421150596252277,300471914551172981,1,2,bkt,0.9016738803798365
1443130975371599511,5891620578387310353,300471914551172981,1,2,bkt,0.9170066532611385
1443130975371599511,5791250638486922978,300471914551172981,1,2,bkt,0.922403803951074
1443130975371599511,4031585874086886353,8573800373938698102,1,2,bkt,0.9033773516697099
1443130975371599511,2083452711903133430,8573800373938698102,1,2,bkt,0.907067264445138
1443130975371599511,6319743179241711738,8573800373938698102,1,2,bkt,0.9081484554800077
1443130975371599511,8628686323660025649,300471914551172981,0,2,bkt,0.9242609103609358
1443130975371599511,4378721629787482518,300471914551172981,1,2,bkt,0.9171585965763701
1443130975371599511,4813462692425748605,300471914551172981,0,2,bkt,0.9224563851503531
1443130975371599511,4644364625800006675,300471914551172981,0,2,bkt,0.9025591293400071
1443130975371599511,1062464292871659639,8573800373938698102,1,2,bkt,0.9084635937316844
1443130975371599511,5932668873100475470,300471914551172981,1,2,bkt,0.7774335324142546
1443130975371599511,5237822943399727048,8573800373938698102,1,2,bkt,0.9085553069160147
1444603957502897980,300471914551172981,300471914551172981,0,2,bkt,0.6240427971825541
1444603957502897980,8573800373938698102,8573800373938698102,1,2,bkt,0.5025072721158217
1444603957502897980,2014268979504181100,300471914551172981,1,2,bkt,0.4161806849477127
1444603957502897980,2172169907340938753,300471914551172981,0,2,bkt,0.5404610728849124
1444603957502897980,8150806168444344502,300471914551172981,1,2,bkt,0.39319323545329893
1444603957502897980,816286915455981984,8573800373938698102,1,2,bkt,0.6950422406082023
1444603957502897980,1962751598315765836,300471914551172981,1,2,bkt,0.4995756356086337
1444603957502897980,7444476343858270082,300471914551172981,1,2,bkt,0.6572018024120191
1444603957502897980,2537821716777940730,300471914551172981,0,2,bkt,0.7969332428462587
1444603957502897980,1061301253559417093,300471914551172981,0,2,bkt,0.523786050678165
1444603957502897980,8553379303363759508,300471914551172981,0,2,bkt,0.38957262184303787
1444603957502897980,6440511557387709110,300471914551172981,1,2,bkt,0.3676344702819868
1444603957502897980,7744513373483970787,8573800373938698102,1,2,bkt,0.8274005147662947
1444603957502897980,2971078979906996375,300471914551172981,1,2,bkt,0.4481140193263294
1444603957502897980,5841359775533910823,300471914551172981,0,2,bkt,0.5902966662961804
1444603957502897980,8621262567927479011,300471914551172981,1,2,bkt,0.4057705524667335
1444603957502897980,8434961942249729798,8573800373938698102,1,2,bkt,0.8826615653921908
1444603957502897980,2322042198017538996,8573800373938698102,1,2,bkt,0.9008294416189261
1444603957502897980,1742185772413642127,300471914551172981,1,2,bkt,0.5225195366460449
1444603957502897980,2334639155148655290,8573800373938698102,1,2,bkt,0.906315524981365
1444603957502897980,7660717256841499384,300471914551172981,1,2,bkt,0.6827834961450592
1444603957502897980,4113615466659810841,300471914551172981,1,2,bkt,0.8135258011135749
1444603957502897980,6125574002232610732,300471914551172981,1,2,bkt,0.8820316430343779
1444603957502897980,2774368076249802464,8573800373938698102,1,2,bkt,0.9079289004129857
1444603957502897980,8903365289186067945,8573800373938698102,1,2,bkt,0.9083996600369283
1444603957502897980,6925932688889117475,300471914551172981,1,2,bkt,0.9098184041958295
1444603957502897980,8194071366621068887,8573800373938698102,0,2,bkt,0.9085367057426601
1444603957502897980,2986660907093963186,300471914551172981,1,2,bkt,0.919896183926154
1444603957502897980,7591109345808921544,300471914551172981,1,2,bkt,0.9234007733332362
1444603957502897980,625545550176685521,8573800373938698102,1,2,bkt,0.9081714028312451
1444603957502897980,1761868641361943332,8573800373938698102,1,2,bkt,0.9084702741386452
1444603957502897980,4824259625677886603,300471914551172981,1,2,bkt,0.9246015822657394
1444603957502897980,8450591260754163598,8573800373938698102,1,2,bkt,0.9085572503943263
1444603957502897980,1553079256999111676,300471914551172981,1,2,bkt,0.9250109323279281
1444603957502897980,3220231712819306119,8573800373938698102,1,2,bkt,0.9085825511047133
1444603957502897980,338807275221326836,300471914551172981,1,2,bkt,0.9251502349143348
1444603957502897980,8525319303741530302,8573800373938698102,1,2,bkt,0.9085899099733872
1444603957502897980,6587421150596252277,300471914551172981,1,2,bkt,0.9251976117301026
1444603957502897980,5891620578387310353,300471914551172981,1,2,bkt,0.9252137213360997
1444603957502897980,5791250638486922978,300471914551172981,1,2,bkt,0.9252191987324472
1444603957502897980,4031585874086886353,8573800373938698102,1,2,bkt,0.908592050269086
1444603957502897980,2083452711903133430,8573800373938698102,1,2,bkt,0.9085926727584914
1444603957502897980,6319743179241711738,8573800373938698102,1,2,bkt,0.9085928538044477
1444603957502897980,8628686323660025649,300471914551172981,1,2,bkt,0.925221061048059
1444603957502897980,4378721629787482518,300471914551172981,1,2,bkt,0.9252216942306345
1444603957502897980,4813462692425748605,300471914551172981,0,2,bkt,0.9252219095105203
1444603957502897980,4644364625800006675,300471914551172981,1,2,bkt,0.9252210780367335
1444603957502897980,1062464292871659639,8573800373938698102,1,2,bkt,0.9085929064601379
1444603957502897980,5932668873100475470,300471914551172981,1,2,bkt,0.9252217000067288
1444603957502897980,5237822943399727048,8573800373938698102,1,2,bkt,0.9085929217745976
1456996564428091703,300471914551172981,300471914551172981,0,2,bkt,0.6240427971825541
1456996564428091703,8573800373938698102,8573800373938698102,0,2,bkt,0.5025072721158217
1456996564428091703,2014268979504181100,300471914551172981,1,2,bkt,0.4161806849477127
1456996564428091703,2172169907340938753,300471914551172981,0,2,bkt,0.5404610728849124
1456996564428091703,8150806168444344502,300471914551172981,0,2,bkt,0.39319323545329893
1456996564428091703,816286915455981984,8573800373938698102,1,2,bkt,0.34884484707464464
1456996564428091703,1962751598315765836,300471914551172981,0,2,bkt,0.36809891918297194
1456996564428091703,7444476343858270082,300471914551172981,0,2,bkt,0.36498923680357576
1456996564428091703,2537821716777940730,300471914551172981,1,2,bkt,0.36462100098920047
1456996564428091703,1061301253559417093,300471914551172981,0,2,bkt,0.4415710530275194
1456996564428091703,8553379303363759508,300471914551172981,0,2,bkt,0.37488264230398916
1456996564428091703,6440511557387709110,300471914551172981,0,2,bkt,0.36580525085041704
1456996564428091703,7744513373483970787,8573800373938698102,1,2,bkt,0.48457328438244096
1456996564428091703,2971078979906996375,300471914551172981,1,2,bkt,0.36471728054626695
1456996564428091703,5841359775533910823,300471914551172981,0,2,bkt,0.4417817711464803
1456996564428091703,8621262567927479011,300471914551172981,0,2,bkt,0.3749147619034698
1456996564428091703,8434961942249729798,8573800373938698102,1,2,bkt,0.6773586652183093
1456996564428091703,2322042198017538996,8573800373938698102,1,2,bkt,0.8183819959470333
1456996564428091703,1742185772413642127,300471914551172981,1,2,bkt,0.3658091566458881
1456996564428091703,2334639155148655290,8573800373938698102,1,2,bkt,0.8794637131700375
1456996564428091703,7660717256841499384,300471914551172981,1,2,bkt,0.4441636971390148
1456996564428091703,4113615466659810841,300471914551172981,0,2,bkt,0.5845201401347717
1456996564428091703,6125574002232610732,300471914551172981,1,2,bkt,0.40415809804462033
1456996564428091703,2774368076249802464,8573800373938698102,1,2,bkt,0.8998403391701144
1456996564428091703,8903365289186067945,8573800373938698102,0,2,bkt,0.9060225515248918
1456996564428091703,6925932688889117475,300471914551172981,0,2,bkt,0.5196578541086165
1456996564428091703,8194071366621068887,8573800373938698102,1,2,bkt,0.8898371623735917
1456996564428091703,2986660907093963186,300471914551172981,1,2,bkt,0.3887150949688707
1456996564428091703,7591109345808921544,300471914551172981,1,2,bkt,0.491048050011874
1456996564428091703,625545550176685521,8573800373938698102,1,2,bkt,0.9030229955220094
1456996564428091703,1761868641361943332,8573800373938698102,1,2,bkt,0.9069629686038876
1456996564428091703,4824259625677886603,300471914551172981,1,2,bkt,0.6470844549778463
1456996564428091703,8450591260754163598,8573800373938698102,1,2,bkt,0.9081180162984949
1456996564428091703,1553079256999111676,300471914551172981,0,2,bkt,0.7900089923860703
1456996564428091703,3220231712819306119,8573800373938698102,1,2,bkt,0.9084547317906138
1456996564428091703,338807275221326836,300471914551172981,0,2,bkt,0.516070384757501
1456996564428091703,8525319303741530302,8573800373938698102,0,2,bkt,0.908552728737016
1456996564428091703,6587421150596252277,300471914551172981,0,2,bkt,0.38798177167208825
1456996564428091703,5891620578387310353,300471914551172981,1,2,bkt,0.367432135244082
1456996564428091703,5791250638486922978,300471914551172981,0,2,bkt,0.44767806243160996
1456996564428091703,4031585874086886353,8573800373938698102,1,2,bkt,0.9082914819764281
1456996564428091703,2083452711903133430,8573800373938698102,1,2,bkt,0.9085052259390531
1456996564428091703,6319743179241711738,8573800373938698102,1,2,bkt,0.908567418181056
1456996564428091703,8628686323660025649,300471914551172981,1,2,bkt,0.3758234666567439
1456996564428091703,4378721629787482518,300471914551172981,0,2,bkt,0.4653643083759251
1456996564428091703,4813462692425748605,300471914551172981,0,2,bkt,0.3786694057129636
1456996564428091703,4644364625800006675,300471914551172981,0,2,bkt,0.36626851004982103
1456996564428091703,1062464292871659639,8573800373938698102,1,2,bkt,0.9085855085178589
1456996564428091703,5932668873100475470,300471914551172981,1,2,bkt,0.3647720497339949
1456996564428091703,5237822943399727048,8573800373938698102,1,2,bkt,0.9085907701286065
1495183182492116948,300471914551172981,300471914551172981,0,2,bkt,0.6240427971825541
1495183182492116948,8573800373938698102,8573800373938698102,0,2,bkt,0.5025072721158217
1495183182492116948,2014268979504181100,300471914551172981,0,2,bkt,0.4161806849477127
1495183182492116948,2172169907340938753,300471914551172981,0,2,bkt,0.3711821219902946
1495183182492116948,8150806168444344502,300471914551172981,0,2,bkt,0.3653579326891565
1495183182492116948,816286915455981984,8573800373938698102,1,2,bkt,0.34884484707464464
1495183182492116948,1962751598315765836,300471914551172981,1,2,bkt,0.3646644718786235
1495183182492116948,7444476343858270082,300471914551172981,0,2,bkt,0.44166620750104324
1495183182492116948,2537821716777940730,300471914551172981,0,2,bkt,0.37489714362450743
1495183182492116948,1061301253559417093,300471914551172981,1,2,bkt,0.36580701418484735
1495183182492116948,8553379303363759508,300471914551172981,0,2,bkt,0.4441590372867342
1495183182492116948,6440511557387709110,300471914551172981,1,2,bkt,0.3752788139012029
1495183182492116948,7744513373483970787,8573800373938698102,0,2,bkt,0.48457328438244096
1495183182492116948,2971078979906996375,300471914551172981,0,2,bkt,0.4642403568514221
1495183182492116948,5841359775533910823,300471914551172981,0,2,bkt,0.3784829568183131
1495183182492116948,8621262567927479011,300471914551172981,0,2,bkt,0.3662455684230962
1495183182492116948,8434961942249729798,8573800373938698102,0,2,bkt,0.3444609060351503
1495183182492116948,2322042198017538996,8573800373938698102,1,2,bkt,0.31846814096095855
1495183182492116948,1742185772413642127,300471914551172981,1,2,bkt,0.3647693355574714
1495183182492116948,2334639155148655290,8573800373938698102,1,2,bkt,0.4189228804719366
1495183182492116948,7660717256841499384,300471914551172981,1,2,bkt,0.4418956527826957
1495183182492116948,4113615466659810841,300471914551172981,1,2,bkt,0.581156925591471
1495183182492116948,6125574002232610732,300471914551172981,0,2,bkt,0.738984553950618
1495183182492116948,2774368076249802464,8573800373938698102,1,2,bkt,0.5997091260971363
1495183182492116948,8903365289186067945,8573800373938698102,1,2,bkt,0.7724860250519762
1495183182492116948,6925932688889117475,300471914551172981,0,2,bkt,0.471836864310737
1495183182492116948,8194071366621068887,8573800373938698102,1,2,bkt,0.8620326895500934
1495183182492116948,2986660907093963186,300471914551172981,1,2,bkt,0.37975856138070485
1495183182492116948,7591109345808921544,300471914551172981,1,2,bkt,0.47338902195452115
1495183182492116948,625545550176685521,8573800373938698102,0,2,bkt,0.8943198665672554
1495183182492116948,1761868641361943332,8573800373938698102,1,2,bkt,0.8159770422841867
1495183182492116948,4824259625677886603,300471914551172981,0,2,bkt,0.6249743685296565
1495183182492116948,8450591260754163598,8573800373938698102,1,2,bkt,0.8785990086394608
1495183182492116948,1553079256999111676,300471914551172981,1,2,bkt,0.41649463238246354
1495183182492116948,3220231712819306119,8573800373938698102,0,2,bkt,0.8995716475460979
1495183182492116948,338807275221326836,300471914551172981,1,2,bkt,0.5409882195052687
1495183182492116948,8525319303741530302,8573800373938698102,1,2,bkt,0.8469939439437044
1495183182492116948,6587421150596252277,300471914551172981,1,2,bkt,0.7017991559743322
1495183182492116948,5891620578387310353,300471914551172981,0,2,bkt,0.8250757845170057
1495183182492116948,5791250638486922978,300471914551172981,1,2,bkt,0.5614316943207702
1495183182492116948,4031585874086886353,8573800373938698102,1,2,bkt,0.8893744531768181
1495183182492116948,2083452711903133430,8573800373938698102,1,2,bkt,0.902882614639034
1495183182492116948,6319743179241711738,8573800373938698102,1,2,bkt,0.9069216283730636
1495183182492116948,8628686323660025649,300471914551172981,1,2,bkt,0.7213892174352105
1495183182492116948,4378721629787482518,300471914551172981,1,2,bkt,0.8363378779854347
1495183182492116948,4813462692425748605,300471914551172981,0,2,bkt,0.8917900189853354
1495183182492116948,4644364625800006675,300471914551172981,0,2,bkt,0.7289033942242498
1495183182492116948,1062464292871659639,8573800373938698102,1,2,bkt,0.9081059490401435
1495183182492116948,5932668873100475470,300471914551172981,1,2,bkt,0.46506730520043627
1495183182492116948,5237822943399727048,8573800373938698102,1,2,bkt,0.9084512184130302
1526752627712655147,300471914551172981,300471914551172981,1,2,bkt,0.6240427971825541
1526752627712655147,8573800373938698102,8573800373938698102,1,2,bkt,0.5025072721158217
1526752627712655147,2014268979504181100,300471914551172981,0,2,bkt,0.773401494806722
1526752627712655147,2172169907340938753,300471914551172981,0,2,bkt,0.49948648602815027
1526752627712655147,8150806168444344502,300471914551172981,1,2,bkt,0.38472843652012184
1526752627712655147,816286915455981984,8573800373938698102,1,2,bkt,0.6950422406082023
1526752627712655147,1962751598315765836,300471914551172981,1,2,bkt,0.48328934655256894
1526752627712655147,7444476343858270082,300471914551172981,1,2,bkt,0.6375691270990367
1526752627712655147,2537821716777940730,300471914551172981,1,2,bkt,0.7832962291600429
1526752627712655147,1061301253559417093,300471914551172981,0,2,bkt,0.8682246073362241
1526752627712655147,8553379303363759508,300471914551172981,0,2,bkt,0.6503773775241904
1526752627712655147,6440511557387709110,300471914551172981,1,2,bkt,0.42570050290147765
1526752627712655147,7744513373483970787,8573800373938698102,0,2,bkt,0.8274005147662947
1526752627712655147,2971078979906996375,300471914551172981,1,2,bkt,0.5561000511742803
1526752627712655147,5841359775533910823,300471914551172981,0,2,bkt,0.7164189812161551
1526752627712655147,8621262567927479011,300471914551172981,0,2,bkt,0.4573510414067749
1526752627712655147,8434961942249729798,8573800373938698102,1,2,bkt,0.5860127666306374
1526752627712655147,2322042198017538996,8573800373938698102,1,2,bkt,0.7631286844403878
1526752627712655147,1742185772413642127,300471914551172981,1,2,bkt,0.37735698563144704
1526752627712655147,2334639155148655290,8573800373938698102,1,2,bkt,0.8582215130965966
1526752627712655147,7660717256841499384,300471914551172981,0,2,bkt,0.46851146736158
1526752627712655147,4113615466659810841,300471914551172981,0,2,bkt,0.3791956737733056
1526752627712655147,6125574002232610732,300471914551172981,0,2,bkt,0.3663333391086836
1526752627712655147,2774368076249802464,8573800373938698102,1,2,bkt,0.8930829769259631
1526752627712655147,8903365289186067945,8573800373938698102,0,2,bkt,0.9040036508229321
1526752627712655147,6925932688889117475,300471914551172981,1,2,bkt,0.36477972058855174
1526752627712655147,8194071366621068887,8573800373938698102,1,2,bkt,0.8758097329953646
1526752627712655147,2986660907093963186,300471914551172981,1,2,bkt,0.44191836840344595
1526752627712655147,7591109345808921544,300471914551172981,1,2,bkt,0.581190781045607
1526752627712655147,625545550176685521,8573800373938698102,1,2,bkt,0.8987013134729454
1526752627712655147,1761868641361943332,8573800373938698102,1,2,bkt,0.905684371684208
1526752627712655147,4824259625677886603,300471914551172981,1,2,bkt,0.7390137270335385
1526752627712655147,8450591260754163598,8573800373938698102,1,2,bkt,0.9077442826050637
1526752627712655147,1553079256999111676,300471914551172981,0,2,bkt,0.8459597750530218
1526752627712655147,3220231712819306119,8573800373938698102,1,2,bkt,0.9083458760174856
1526752627712655147,338807275221326836,300471914551172981,1,2,bkt,0.5982589694256153
1526752627712655147,8525319303741530302,8573800373938698102,1,2,bkt,0.9085210555361977
1526752627712655147,6587421150596252277,300471914551172981,1,2,bkt,0.7533008673238365
1526752627712655147,5891620578387310353,300471914551172981,0,2,bkt,0.8534292513502253
1526752627712655147,5791250638486922978,300471914551172981,1,2,bkt,0.6139788369023366
1526752627712655147,4031585874086886353,8573800373938698102,1,2,bkt,0.908572022892961
1526752627712655147,2083452711903133430,8573800373938698102,1,2,bkt,0.9085868478274319
1526752627712655147,6319743179241711738,8573800373938698102,0,2,bkt,0.9085911596611523
1526752627712655147,8628686323660025649,300471914551172981,0,2,bkt,0.7657566802591629
1526752627712655147,4378721629787482518,300471914551172981,1,2,bkt,0.4926429134589385
1526752627712655147,4813462692425748605,300471914551172981,1,2,bkt,0.6490032699161412
1526752627712655147,4644364625800006675,300471914551172981,0,2,bkt,0.7913388068619007
1526752627712655147,1062464292871659639,8573800373938698102,1,2,bkt,0.9085796616704902
1526752627712655147,5932668873100475470,300471914551172981,1,2,bkt,0.5175124630838006
1526752627712655147,5237822943399727048,8573800373938698102,1,2,bkt,0.9085890695842366
1534583844842244434,300471914551172981,300471914551172981,1,2,bkt,0.6240427971825541
1534583844842244434,8573800373938698102,8573800373938698102,1,2,bkt,0.5025072721158217
1534583844842244434,2014268979504181100,300471914551172981,1,2,bkt,0.773401494806722
1534583844842244434,2172169907340938753,300471914551172981,1,2,bkt,0.8634708291526818
1534583844842244434,8150806168444344502,300471914551172981,1,2,bkt,0.9027253872584683
1534583844842244434,816286915455981984,8573800373938698102,1,2,bkt,0.6950422406082023
1534583844842244434,1962751598315765836,300471914551172981,1,2,bkt,0.9173826402269202
1534583844842244434,7444476343858270082,300471914551172981,1,2,bkt,0.9225338854708982
1534583844842244434,2537821716777940730,300471914551172981,1,2,bkt,0.9243054019591953
1534583844842244434,1061301253559417093,300471914551172981,1,2,bkt,0.9249100646851198
1534583844842244434,8553379303363759508,300471914551172981,1,2,bkt,0.9251159209166168
1534583844842244434,6440511557387709110,300471914551172981,1,2,bkt,0.9251859428623831
1534583844842244434,7744513373483970787,8573800373938698102,1,2,bkt,0.8274005147662947
1534583844842244434,2971078979906996375,300471914551172981,1,2,bkt,0.9252097537075635
1534583844842244434,5841359775533910823,300471914551172981,1,2,bkt,0.9252178497243552
1534583844842244434,8621262567927479011,300471914551172981,1,2,bkt,0.9252206023871442
1534583844842244434,8434961942249729798,8573800373938698102,1,2,bkt,0.8826615653921908
1534583844842244434,2322042198017538996,8573800373938698102,1,2,bkt,0.9008294416189261
1534583844842244434,1742185772413642127,300471914551172981,1,2,bkt,0.9252215382873257
1534583844842244434,2334639155148655290,8573800373938698102,1,2,bkt,0.906315524981365
1534583844842244434,7660717256841499384,300471914551172981,1,2,bkt,0.925221856490362
1534583844842244434,4113615466659810841,300471914551172981,1,2,bkt,0.925221964678219
1534583844842244434,6125574002232610732,300471914551172981,1,2,bkt,0.925222001461674
1534583844842244434,2774368076249802464,8573800373938698102,1,2,bkt,0.9079289004129857
1534583844842244434,8903365289186067945,8573800373938698102,1,2,bkt,0.9083996600369283
1534583844842244434,6925932688889117475,300471914551172981,1,2,bkt,0.9252220139679052
1534583844842244434,8194071366621068887,8573800373938698102,1,2,bkt,0.9085367057426601
1534583844842244434,2986660907093963186,300471914551172981,1,2,bkt,0.9252220182199746
1534583844842244434,7591109345808921544,300471914551172981,1,2,bkt,0.9252220196656616
1534583844842244434,625545550176685521,8573800373938698102,1,2,bkt,0.9085765752637126
1534583844842244434,1761868641361943332,8573800373938698102,1,2,bkt,0.9085881718999048
1534583844842244434,4824259625677886603,300471914551172981,1,2,bkt,0.9252220198163026
1534583844842244434,8450591260754163598,8573800373938698102,1,2,bkt,0.908591544760923
1534583844842244434,1553079256999111676,300471914551172981,1,2,bkt,0.9252220198163026
1534583844842244434,3220231712819306119,8573800373938698102,1,2,bkt,0.9085925257353907
1534583844842244434,338807275221326836,300471914551172981,1,2,bkt,0.9252220198163026
1534583844842244434,8525319303741530302,8573800373938698102,1,2,bkt,0.9085928110440028
1534583844842244434,6587421150596252277,300471914551172981,1,2,bkt,0.9252220198163026
1534583844842244434,5891620578387310353,300471914551172981,1,2,bkt,0.9252220198163026
1534583844842244434,5791250638486922978,300471914551172981,1,2,bkt,0.9252220198163026
1534583844842244434,4031585874086886353,8573800373938698102,1,2,bkt,0.908592894023625
1534583844842244434,2083452711903133430,8573800373938698102,1,2,bkt,0.9085929181575437
1534583844842244434,6319743179241711738,8573800373938698102,1,2,bkt,0.9085929251766884
1534583844842244434,8628686323660025649,300471914551172981,1,2,bkt,0.9252220198163026
1534583844842244434,4378721629787482518,300471914551172981,1,2,bkt,0.9252220198163026
1534583844842244434,4813462692425748605,300471914551172981,1,2,bkt,0.9252220198163026
1534583844842244434,4644364625800006675,300471914551172981,1,2,bkt,0.9252220198163026
1534583844842244434,1062464292871659639,8573800373938698102,1,2,bkt,0.9085929272181468
1534583844842244434,5932668873100475470,300471914551172981,1,2,bkt,0.9252220198163026
1534583844842244434,5237822943399727048,8573800373938698102,1,2,bkt,0.9085929274249654
1544639213753312029,300471914551172981,300471914551172981,0,2,bkt,0.6240427971825541
1544639213753312029,8573800373938698102,8573800373938698102,1,2,bkt,0.5025072721158217
1544639213753312029,2014268979504181100,300471914551172981,0,2,bkt,0.4161806849477127
1544639213753312029,2172169907340938753,300471914551172981,0,2,bkt,0.3711821219902946
1544639213753312029,8150806168444344502,300471914551172981,0,2,bkt,0.3653579326891565
1544639213753312029,816286915455981984,8573800373938698102,1,2,bkt,0.6950422406082023
1544639213753312029,1962751598315765836,300471914551172981,0,2,bkt,0.3646644718786235
1544639213753312029,7444476343858270082,300471914551172981,0,2,bkt,0.36458275155038683
1544639213753312029,2537821716777940730,300471914551172981,0,2,bkt,0.3645731330329157
1544639213753312029,1061301253559417093,300471914551172981,0,2,bkt,0.36457200109204213
1544639213753312029,8553379303363759508,300471914551172981,0,2,bkt,0.36457186788352347
1544639213753312029,6440511557387709110,300471914551172981,0,2,bkt,0.3645718522073742
1544639213753312029,7744513373483970787,8573800373938698102,1,2,bkt,0.8274005147662947
1544639213753312029,2971078979906996375,300471914551172981,0,2,bkt,0.3645718503625853
1544639213753312029,5841359775533910823,300471914551172981,1,2,bkt,0.36457185014548826
1544639213753312029,8621262567927479011,300471914551172981,0,2,bkt,0.4414634382324254
1544639213753312029,8434961942249729798,8573800373938698102,1,2,bkt,0.8826615653921908
1544639213753312029,2322042198017538996,8573800373938698102,1,2,bkt,0.9008294416189261
1544639213753312029,1742185772413642127,300471914551172981,0,2,bkt,0.374866248013326
1544639213753312029,2334639155148655290,8573800373938698102,1,2,bkt,0.906315524981365
1544639213753312029,7660717256841499384,300471914551172981,0,2,bkt,0.36580325743275444
1544639213753312029,4113615466659810841,300471914551172981,0,2,bkt,0.36471704504576874
1544639213753312029,6125574002232610732,300471914551172981,0,2,bkt,0.3645889407426389
1544639213753312029,2774368076249802464,8573800373938698102,1,2,bkt,0.9079289004129857
1544639213753312029,8903365289186067945,8573800373938698102,1,2,bkt,0.9083996600369283
1544639213753312029,6925932688889117475,300471914551172981,0,2,bkt,0.36457386141688913
1544639213753312029,8194071366621068887,8573800373938698102,1,2,bkt,0.9085367057426601
1544639213753312029,2986660907093963186,300471914551172981,0,2,bkt,0.3645720868096237
1544639213753312029,7591109345808921544,300471914551172981,1,2,bkt,0.3645718779708819
1544639213753312029,625545550176685521,8573800373938698102,1,2,bkt,0.9085765752637126
1544639213753312029,1761868641361943332,8573800373938698102,1,2,bkt,0.9085881718999048
1544639213753312029,4824259625677886603,300471914551172981,0,2,bkt,0.44146349916378047
1544639213753312029,8450591260754163598,8573800373938698102,1,2,bkt,0.908591544760923
1544639213753312029,1553079256999111676,300471914551172981,0,2,bkt,0.37486625729396433
1544639213753312029,3220231712819306119,8573800373938698102,1,2,bkt,0.9085925257353907
1544639213753312029,338807275221326836,300471914551172981,0,2,bkt,0.36580325856117796
1544639213753312029,8525319303741530302,8573800373938698102,1,2,bkt,0.9085928110440028
1544639213753312029,6587421150596252277,300471914551172981,0,2,bkt,0.3647170451790792
1544639213753312029,5891620578387310353,300471914551172981,0,2,bkt,0.36458894075833426
1544639213753312029,5791250638486922978,300471914551172981,1,2,bkt,0.3645738614187363
1544639213753312029,4031585874086886353,8573800373938698102,1,2,bkt,0.908592894023625
1544639213753312029,2083452711903133430,8573800373938698102,1,2,bkt,0.9085929181575437
1544639213753312029,6319743179241711738,8573800373938698102,1,2,bkt,0.9085929251766884
1544639213753312029,8628686323660025649,300471914551172981,0,2,bkt,0.44146784244460724
1544639213753312029,4378721629787482518,300471914551172981,0,2,bkt,0.3748669188373711
1544639213753312029,4813462692425748605,300471914551172981,0,2,bkt,0.3658033389976658
1544639213753312029,4644364625800006675,300471914551172981,0,2,bkt,0.364717054681742
1544639213753312029,1062464292871659639,8573800373938698102,1,2,bkt,0.9085929272181468
1544639213753312029,5932668873100475470,300471914551172981,0,2,bkt,0.36458894187713076
1544639213753312029,5237822943399727048,8573800373938698102,1,2,bkt,0.9085929274249654
1546170515203119588,300471914551172981,300471914551172981,0,2,bkt,0.6240427971825541
1546170515203119588,8573800373938698102,8573800373938698102,0,2,bkt,0.5025072721158217
1546170515203119588,2014268979504181100,300471914551172981,0,2,bkt,0.4161806849477127
1546170515203119588,2172169907340938753,300471914551172981,0,2,bkt,0.3711821219902946
1546170515203119588,8150806168444344502,300471914551172981,0,2,bkt,0.3653579326891565
1546170515203119588,816286915455981984,8573800373938698102,0,2,bkt,0.34884484707464464
1546170515203119588,1962751598315765836,300471914551172981,0,2,bkt,0.3646644718786235
1546170515203119588,7444476343858270082,300471914551172981,0,2,bkt,0.36458275155038683
1546170515203119588,2537821716777940730,300471914551172981,0,2,bkt,0.3645731330329157
1546170515203119588,1061301253559417093,300471914551172981,1,2,bkt,0.36457200109204213
1546170515203119588,8553379303363759508,300471914551172981,0,2,bkt,0.4414637687713239
1546170515203119588,6440511557387709110,300471914551172981,0,2,bkt,0.374866298358726
1546170515203119588,7744513373483970787,8573800373938698102,0,2,bkt,0.3191118996806145
1546170515203119588,2971078979906996375,300471914551172981,0,2,bkt,0.3658032635542017
1546170515203119588,5841359775533910823,300471914551172981,0,2,bkt,0.3647170457689485
1546170515203119588,8621262567927479011,300471914551172981,0,2,bkt,0.3645889408277825
1546170515203119588,8434961942249729798,8573800373938698102,1,2,bkt,0.31490832047714434
1546170515203119588,2322042198017538996,8573800373938698102,1,2,bkt,0.41040026297836846
1546170515203119588,1742185772413642127,300471914551172981,0,2,bkt,0.3645738614269095
1546170515203119588,2334639155148655290,8573800373938698102,1,2,bkt,0.5878069515884203
1546170515203119588,7660717256841499384,300471914551172981,0,2,bkt,0.36457208681080294
1546170515203119588,4113615466659810841,300471914551172981,0,2,bkt,0.36457187797102064
1546170515203119588,6125574002232610732,300471914551172981,0,2,bkt,0.36457185339448356
1546170515203119588,2774368076249802464,8573800373938698102,0,2,bkt,0.7643792902555594
1546170515203119588,8903365289186067945,8573800373938698102,1,2,bkt,0.4888778482581128
1546170515203119588,6925932688889117475,300471914551172981,0,2,bkt,0.36457185050228585
1546170515203119588,8194071366621068887,8573800373938698102,0,2,bkt,0.6817214557155384
1546170515203119588,2986660907093963186,300471914551172981,1,2,bkt,0.36457185016192833
1546170515203119588,7591109345808921544,300471914551172981,0,2,bkt,0.44146343826842566
1546170515203119588,625545550176685521,8573800373938698102,1,2,bkt,0.4197895176628507
1546170515203119588,1761868641361943332,8573800373938698102,0,2,bkt,0.6008923493050277
1546170515203119588,4824259625677886603,300471914551172981,0,2,bkt,0.3748662480188093
1546170515203119588,8450591260754163598,8573800373938698102,0,2,bkt,0.37990430980675327
1546170515203119588,1553079256999111676,300471914551172981,1,2,bkt,0.3658032574334211
1546170515203119588,3220231712819306119,8573800373938698102,1,2,bkt,0.32393351149498145
1546170515203119588,338807275221326836,300471914551172981,0,2,bkt,0.4441508662214586
1546170515203119588,8525319303741530302,8573800373938698102,0,2,bkt,0.4316430461291488
1546170515203119588,6587421150596252277,300471914551172981,0,2,bkt,0.3752775572597692
1546170515203119588,5891620578387310353,300471914551172981,0,2,bkt,0.36585330103854147
1546170515203119588,5791250638486922978,300471914551172981,0,2,bkt,0.36472295759852047
1546170515203119588,4031585874086886353,8573800373938698102,0,2,bkt,0.3331354096982496
1546170515203119588,2083452711903133430,8573800373938698102,1,2,bkt,0.31684422897208653
1546170515203119588,6319743179241711738,8573800373938698102,1,2,bkt,0.41505880391798644
1546170515203119588,8628686323660025649,300471914551172981,0,2,bkt,0.36458963686380924
1546170515203119588,4378721629787482518,300471914551172981,0,2,bkt,0.36457394334179594
1546170515203119588,4813462692425748605,300471914551172981,0,2,bkt,0.3645720964507115
1546170515203119588,4644364625800006675,300471914551172981,0,2,bkt,0.364571879105458
1546170515203119588,1062464292871659639,8573800373938698102,1,2,bkt,0.5943733568638201
1546170515203119588,5932668873100475470,300471914551172981,1,2,bkt,0.3645718535279856
1546170515203119588,5237822943399727048,8573800373938698102,0,2,bkt,0.7688919091757952
1553079256999111676,300471914551172981,300471914551172981,1,2,bkt,0.6240427971825541
1553079256999111676,8573800373938698102,8573800373938698102,0,2,bkt,0.5025072721158217
1553079256999111676,2014268979504181100,300471914551172981,0,2,bkt,0.773401494806722
1553079256999111676,2172169907340938753,300471914551172981,1,2,bkt,0.49948648602815027
1553079256999111676,8150806168444344502,300471914551172981,1,2,bkt,0.6570978199421859
1553079256999111676,816286915455981984,8573800373938698102,0,2,bkt,0.34884484707464464
1553079256999111676,1962751598315765836,300471914551172981,1,2,bkt,0.7968631623491689
1553079256999111676,7444476343858270082,300471914551172981,1,2,bkt,0.874550731578158
1553079256999111676,2537821716777940730,300471914551172981,1,2,bkt,0.906995792359586
1553079256999111676,1061301253559417093,300471914551172981,0,2,bkt,0.9189006478892808
1553079256999111676,8553379303363759508,300471914551172981,0,2,bkt,0.8756929188667393
1553079256999111676,6440511557387709110,300471914551172981,1,2,bkt,0.6720410666597623
1553079256999111676,7744513373483970787,8573800373938698102,0,2,bkt,0.3191118996806145
1553079256999111676,2971078979906996375,300471914551172981,1,2,bkt,0.8067119992424091
1553079256999111676,5841359775533910823,300471914551172981,1,2,bkt,0.8790098447502188
1553079256999111676,8621262567927479011,300471914551172981,1,2,bkt,0.9086840377220875
1553079256999111676,8434961942249729798,8573800373938698102,1,2,bkt,0.31490832047714434
1553079256999111676,2322042198017538996,8573800373938698102,1,2,bkt,0.41040026297836846
1553079256999111676,1742185772413642127,300471914551172981,1,2,bkt,0.9194968358627532
1553079256999111676,2334639155148655290,8573800373938698102,0,2,bkt,0.5878069515884203
1553079256999111676,7660717256841499384,300471914551172981,1,2,bkt,0.9232633601680031
1553079256999111676,4113615466659810841,300471914551172981,1,2,bkt,0.9245546708731124
1553079256999111676,6125574002232610732,300471914551172981,1,2,bkt,0.924994960415751
1553079256999111676,2774368076249802464,8573800373938698102,1,2,bkt,0.3749184770215229
1553079256999111676,8903365289186067945,8573800373938698102,0,2,bkt,0.5324393099968876
1553079256999111676,6925932688889117475,300471914551172981,1,2,bkt,0.9251448019544481
1553079256999111676,8194071366621068887,8573800373938698102,0,2,bkt,0.35691075122240196
1553079256999111676,2986660907093963186,300471914551172981,1,2,bkt,0.9251957642475779
1553079256999111676,7591109345808921544,300471914551172981,1,2,bkt,0.9252130931649052
1553079256999111676,625545550176685521,8573800373938698102,1,2,bkt,0.32031926535366156
1553079256999111676,1761868641361943332,8573800373938698102,1,2,bkt,0.4232798204694853
1553079256999111676,4824259625677886603,300471914551172981,1,2,bkt,0.9252189851527337
1553079256999111676,8450591260754163598,8573800373938698102,1,2,bkt,0.6056086227827892
1553079256999111676,1553079256999111676,300471914551172981,1,2,bkt,0.9252209884313365
1553079256999111676,3220231712819306119,8573800373938698102,1,2,bkt,0.7763861388706976
1553079256999111676,338807275221326836,300471914551172981,1,2,bkt,0.9252216695411811
1553079256999111676,8525319303741530302,8573800373938698102,1,2,bkt,0.8635940526260424
1553079256999111676,6587421150596252277,300471914551172981,1,2,bkt,0.9252219011161972
1553079256999111676,5891620578387310353,300471914551172981,1,2,bkt,0.9252219798508323
1553079256999111676,5791250638486922978,300471914551172981,1,2,bkt,0.9252220066203033
1553079256999111676,4031585874086886353,8573800373938698102,1,2,bkt,0.8948234431826035
1553079256999111676,2083452711903133430,8573800373938698102,1,2,bkt,0.9045265662694867
1553079256999111676,6319743179241711738,8573800373938698102,1,2,bkt,0.9074049446770979
1553079256999111676,8628686323660025649,300471914551172981,1,2,bkt,0.9252220157218188
1553079256999111676,4378721629787482518,300471914551172981,1,2,bkt,0.9252220188162985
1553079256999111676,4813462692425748605,300471914551172981,1,2,bkt,0.9252220198163026
1553079256999111676,4644364625800006675,300471914551172981,1,2,bkt,0.9252220198163026
1553079256999111676,1062464292871659639,8573800373938698102,1,2,bkt,0.9082469608779951
1553079256999111676,5932668873100475470,300471914551172981,1,2,bkt,0.9252220198163026
1553079256999111676,5237822943399727048,8573800373938698102,1,2,bkt,0.9084922681261792
1599557129054865395,300471914551172981,300471914551172981,1,2,bkt,0.6240427971825541
1599557129054865395,8573800373938698102,8573800373938698102,0,2,bkt,0.5025072721158217
1599557129054865395,2014268979504181100,300471914551172981,0,2,bkt,0.773401494806722
1599557129054865395,2172169907340938753,300471914551172981,0,2,bkt,0.49948648602815027
1599557129054865395,8150806168444344502,300471914551172981,1,2,bkt,0.38472843652012184
1599557129054865395,816286915455981984,8573800373938698102,1,2,bkt,0.34884484707464464
1599557129054865395,1962751598315765836,300471914551172981,1,2,bkt,0.48328934655256894
1599557129054865395,7444476343858270082,300471914551172981,1,2,bkt,0.6375691270990367
1599557129054865395,2537821716777940730,300471914551172981,1,2,bkt,0.7832962291600429
1599557129054865395,1061301253559417093,300471914551172981,1,2,bkt,0.8682246073362241
1599557129054865395,8553379303363759508,300471914551172981,1,2,bkt,0.9045709336626843
1599557129054865395,6440511557387709110,300471914551172981,1,2,bkt,0.9180404381558783
1599557129054865395,7744513373483970787,8573800373938698102,0,2,bkt,0.48457328438244096
1599557129054865395,2971078979906996375,300471914551172981,1,2,bkt,0.9227612098374919
1599557129054865395,5841359775533910823,300471914551172981,0,2,bkt,0.9243831232759566
1599557129054865395,8621262567927479011,300471914551172981,1,2,bkt,0.9181725510700407
1599557129054865395,8434961942249729798,8573800373938698102,0,2,bkt,0.3444609060351503
1599557129054865395,2322042198017538996,8573800373938698102,1,2,bkt,0.31846814096095855
1599557129054865395,1742185772413642127,300471914551172981,1,2,bkt,0.9228068266538948
1599557129054865395,2334639155148655290,8573800373938698102,1,2,bkt,0.4189228804719366
1599557129054865395,7660717256841499384,300471914551172981,1,2,bkt,0.9243987148751226
1599557129054865395,4113615466659810841,300471914551172981,1,2,bkt,0.9249418504563768
1599557129054865395,6125574002232610732,300471914551172981,1,2,bkt,0.9251267348735386
1599557129054865395,2774368076249802464,8573800373938698102,0,2,bkt,0.5997091260971363
1599557129054865395,8903365289186067945,8573800373938698102,0,2,bkt,0.37944006993708135
1599557129054865395,6925932688889117475,300471914551172981,1,2,bkt,0.9251896203656363
1599557129054865395,8194071366621068887,8573800373938698102,1,2,bkt,0.32385789065598675
1599557129054865395,2986660907093963186,300471914551172981,1,2,bkt,0.9252110041367594
1599557129054865395,7591109345808921544,300471914551172981,1,2,bkt,0.9252182748760654
1599557129054865395,625545550176685521,8573800373938698102,0,2,bkt,0.43146997439012214
1599557129054865395,1761868641361943332,8573800373938698102,1,2,bkt,0.3331018364724127
1599557129054865395,4824259625677886603,300471914551172981,1,2,bkt,0.9252207469382913
1599557129054865395,8450591260754163598,8573800373938698102,0,2,bkt,0.4520440773582247
1599557129054865395,1553079256999111676,300471914551172981,1,2,bkt,0.9252215874342904
1599557129054865395,3220231712819306119,8573800373938698102,0,2,bkt,0.3372414841093345
1599557129054865395,338807275221326836,300471914551172981,1,2,bkt,0.9252218732001534
1599557129054865395,8525319303741530302,8573800373938698102,1,2,bkt,0.3174265672521074
1599557129054865395,6587421150596252277,300471914551172981,1,2,bkt,0.9252219703594845
1599557129054865395,5891620578387310353,300471914551172981,1,2,bkt,0.9252220033932821
1599557129054865395,5791250638486922978,300471914551172981,1,2,bkt,0.9252220146246443
1599557129054865395,4031585874086886353,8573800373938698102,1,2,bkt,0.4164490167519268
1599557129054865395,2083452711903133430,8573800373938698102,1,2,bkt,0.5963044572469278
1599557129054865395,6319743179241711738,8573800373938698102,0,2,bkt,0.7702001041867664
1599557129054865395,8628686323660025649,300471914551172981,1,2,bkt,0.9252220184432635
1599557129054865395,4378721629787482518,300471914551172981,1,2,bkt,0.9252220197415788
1599557129054865395,4813462692425748605,300471914551172981,1,2,bkt,0.9252220198163026
1599557129054865395,4644364625800006675,300471914551172981,1,2,bkt,0.9252220198163026
1599557129054865395,1062464292871659639,8573800373938698102,1,2,bkt,0.49561632800987554
1599557129054865395,5932668873100475470,300471914551172981,1,2,bkt,0.9252220198163026
1599557129054865395,5237822943399727048,8573800373938698102,0,2,bkt,0.6883989110332258
1640837721189861640,300471914551172981,300471914551172981,1,2,bkt,0.6240427971825541
1640837721189861640,8573800373938698102,8573800373938698102,0,2,bkt,0.5025072721158217
1640837721189861640,2014268979504181100,300471914551172981,1,2,bkt,0.773401494806722
1640837721189861640,2172169907340938753,300471914551172981,0,2,bkt,0.8634708291526818
1640837721189861640,8150806168444344502,300471914551172981,1,2,bkt,0.6378223023100763
1640837721189861640,816286915455981984,8573800373938698102,0,2,bkt,0.34884484707464464
1640837721189861640,1962751598315765836,300471914551172981,1,2,bkt,0.783477429921248
1640837721189861640,7444476343858270082,300471914551172981,1,2,bkt,0.8683105429749027
1640837721189861640,2537821716777940730,300471914551172981,1,2,bkt,0.9046041102691557
1640837721189861640,1061301253559417093,300471914551172981,1,2,bkt,0.9180522385521902
1640837721189861640,8553379303363759508,300471914551172981,1,2,bkt,0.9227652848899595
1640837721189861640,6440511557387709110,300471914551172981,1,2,bkt,0.924384516171165
1640837721189861640,7744513373483970787,8573800373938698102,0,2,bkt,0.3191118996806145
1640837721189861640,2971078979906996375,300471914551172981,1,2,bkt,0.9249370142756044
1640837721189861640,5841359775533910823,300471914551172981,0,2,bkt,0.925125089586208
1640837721189861640,8621262567927479011,300471914551172981,1,2,bkt,0.9243994140935367
1640837721189861640,8434961942249729798,8573800373938698102,0,2,bkt,0.31490832047714434
1640837721189861640,2322042198017538996,8573800373938698102,0,2,bkt,0.3143434663637246
1640837721189861640,1742185772413642127,300471914551172981,1,2,bkt,0.9249420886113635
1640837721189861640,2334639155148655290,8573800373938698102,1,2,bkt,0.3142680922042531
1640837721189861640,7660717256841499384,300471914551172981,1,2,bkt,0.9251268158943381
1640837721189861640,4113615466659810841,300471914551172981,1,2,bkt,0.9251896479180619
1640837721189861640,6125574002232610732,300471914551172981,0,2,bkt,0.9252110135051316
1640837721189861640,2774368076249802464,8573800373938698102,0,2,bkt,0.4088469983515083
1640837721189861640,8903365289186067945,8573800373938698102,0,2,bkt,0.32888256053606457
1640837721189861640,6925932688889117475,300471914551172981,1,2,bkt,0.92512850266432
1640837721189861640,8194071366621068887,8573800373938698102,0,2,bkt,0.3162485869957644
1640837721189861640,2986660907093963186,300471914551172981,1,2,bkt,0.9251902215302222
1640837721189861640,7591109345808921544,300471914551172981,1,2,bkt,0.9252112085445388
1640837721189861640,625545550176685521,8573800373938698102,1,2,bkt,0.31452280990331993
1640837721189861640,1761868641361943332,8573800373938698102,0,2,bkt,0.40946572912202617
1640837721189861640,4824259625677886603,300471914551172981,1,2,bkt,0.9252183443755465
1640837721189861640,8450591260754163598,8573800373938698102,0,2,bkt,0.3289936564810582
1640837721189861640,1553079256999111676,300471914551172981,0,2,bkt,0.9252207705680312
1640837721189861640,3220231712819306119,8573800373938698102,0,2,bkt,0.31626405073634506
1640837721189861640,338807275221326836,300471914551172981,1,2,bkt,0.9252114000144953
1640837721189861640,8525319303741530302,8573800373938698102,1,2,bkt,0.31452488323795214
1640837721189861640,6587421150596252277,300471914551172981,1,2,bkt,0.9252184094760871
1640837721189861640,5891620578387310353,300471914551172981,1,2,bkt,0.9252207927021334
1640837721189861640,5791250638486922978,300471914551172981,1,2,bkt,0.9252216029938589
1640837721189861640,4031585874086886353,8573800373938698102,0,2,bkt,0.4094707613148391
1640837721189861640,2083452711903133430,8573800373938698102,1,2,bkt,0.32899456098873964
1640837721189861640,6319743179241711738,8573800373938698102,0,2,bkt,0.44304530811071696
1640837721189861640,8628686323660025649,300471914551172981,1,2,bkt,0.9252218784903503
1640837721189861640,4378721629787482518,300471914551172981,1,2,bkt,0.9252219721581312
1640837721189861640,4813462692425748605,300471914551172981,1,2,bkt,0.9252220040048149
1640837721189861640,4644364625800006675,300471914551172981,1,2,bkt,0.9252220148325631
1640837721189861640,1062464292871659639,8573800373938698102,0,2,bkt,0.3353932408906809
1640837721189861640,5932668873100475470,300471914551172981,1,2,bkt,0.925222018513955
1640837721189861640,5237822943399727048,8573800373938698102,0,2,bkt,0.31716355223293663
1653110472703699635,300471914551172981,300471914551172981,1,2,bkt,0.6240427971825541
1653110472703699635,8573800373938698102,8573800373938698102,0,2,bkt,0.5025072721158217
1653110472703699635,2014268979504181100,300471914551172981,0,2,bkt,0.773401494806722
1653110472703699635,2172169907340938753,300471914551172981,0,2,bkt,0.49948648602815027
1653110472703699635,8150806168444344502,300471914551172981,0,2,bkt,0.38472843652012184
1653110472703699635,816286915455981984,8573800373938698102,1,2,bkt,0.34884484707464464
1653110472703699635,1962751598315765836,300471914551172981,0,2,bkt,0.3670216119715397
1653110472703699635,7444476343858270082,300471914551172981,0,2,bkt,0.3648612569042803
1653110472703699635,2537821716777940730,300471914551172981,0,2,bkt,0.3646059233880854
1653110472703699635,1061301253559417093,300471914551172981,0,2,bkt,0.36457586011678034
1653110472703699635,8553379303363759508,300471914551172981,0,2,bkt,0.3645723220213561
1653110472703699635,6440511557387709110,300471914551172981,0,2,bkt,0.3645719056509237
1653110472703699635,7744513373483970787,8573800373938698102,1,2,bkt,0.48457328438244096
1653110472703699635,2971078979906996375,300471914551172981,1,2,bkt,0.3645718566518896
1653110472703699635,5841359775533910823,300471914551172981,0,2,bkt,0.4414634524799823
1653110472703699635,8621262567927479011,300471914551172981,1,2,bkt,0.3748662501834142
1653110472703699635,8434961942249729798,8573800373938698102,1,2,bkt,0.6773586652183093
1653110472703699635,2322042198017538996,8573800373938698102,1,2,bkt,0.8183819959470333
1653110472703699635,1742185772413642127,300471914551172981,1,2,bkt,0.4633868117782406
1653110472703699635,2334639155148655290,8573800373938698102,1,2,bkt,0.8794637131700375
1653110472703699635,7660717256841499384,300471914551172981,1,2,bkt,0.6117034818251902
1653110472703699635,4113615466659810841,300471914551172981,1,2,bkt,0.7639934028548662
1653110472703699635,6125574002232610732,300471914551172981,1,2,bkt,0.858836650685144
1653110472703699635,2774368076249802464,8573800373938698102,1,2,bkt,0.8998403391701144
1653110472703699635,8903365289186067945,8573800373938698102,1,2,bkt,0.9060225515248918
1653110472703699635,6925932688889117475,300471914551172981,1,2,bkt,0.9009066065788103
1653110472703699635,8194071366621068887,8573800373938698102,1,2,bkt,0.907843235125719
1653110472703699635,2986660907093963186,300471914551172981,1,2,bkt,0.9167317455478353
1653110472703699635,7591109345808921544,300471914551172981,0,2,bkt,0.9223086256419871
1653110472703699635,625545550176685521,8573800373938698102,1,2,bkt,0.9083747062075509
1653110472703699635,1761868641361943332,8573800373938698102,1,2,bkt,0.9085294448463749
1653110472703699635,4824259625677886603,300471914551172981,1,2,bkt,0.9013937246328032
1653110472703699635,8450591260754163598,8573800373938698102,1,2,bkt,0.908574463215751
1653110472703699635,1553079256999111676,300471914551172981,1,2,bkt,0.9169063300710444
1653110472703699635,3220231712819306119,8573800373938698102,1,2,bkt,0.908587557605242
1653110472703699635,338807275221326836,300471914551172981,1,2,bkt,0.9223690767570971
1653110472703699635,8525319303741530302,8573800373938698102,1,2,bkt,0.9085913660965719
1653110472703699635,6587421150596252277,300471914551172981,1,2,bkt,0.9242490305455888
1653110472703699635,5891620578387310353,300471914551172981,0,2,bkt,0.9248908594226088
1653110472703699635,5791250638486922978,300471914551172981,0,2,bkt,0.922420377199387
1653110472703699635,4031585874086886353,8573800373938698102,1,2,bkt,0.9085924737722209
1653110472703699635,2083452711903133430,8573800373938698102,1,2,bkt,0.9085927959309441
1653110472703699635,6319743179241711738,8573800373938698102,1,2,bkt,0.9085928896281196
1653110472703699635,8628686323660025649,300471914551172981,1,2,bkt,0.9022747193287622
1653110472703699635,4378721629787482518,300471914551172981,1,2,bkt,0.917221602353908
1653110472703699635,4813462692425748605,300471914551172981,1,2,bkt,0.922478183693864
1653110472703699635,4644364625800006675,300471914551172981,1,2,bkt,0.924286351895309
1653110472703699635,1062464292871659639,8573800373938698102,1,2,bkt,0.9085929168791486
1653110472703699635,5932668873100475470,300471914551172981,1,2,bkt,0.9249035747519884
1653110472703699635,5237822943399727048,8573800373938698102,1,2,bkt,0.908592924804878
1666405140581930855,300471914551172981,300471914551172981,0,2,bkt,0.6240427971825541
1666405140581930855,8573800373938698102,8573800373938698102,0,2,bkt,0.5025072721158217
1666405140581930855,2014268979504181100,300471914551172981,0,2,bkt,0.4161806849477127
1666405140581930855,2172169907340938753,300471914551172981,0,2,bkt,0.3711821219902946
1666405140581930855,8150806168444344502,300471914551172981,1,2,bkt,0.3653579326891565
1666405140581930855,816286915455981984,8573800373938698102,1,2,bkt,0.34884484707464464
1666405140581930855,1962751598315765836,300471914551172981,0,2,bkt,0.44318107882746305
1666405140581930855,7444476343858270082,300471914551172981,0,2,bkt,0.3751286740256808
1666405140581930855,2537821716777940730,300471914551172981,0,2,bkt,0.36583517894919804
1666405140581930855,1061301253559417093,300471914551172981,0,2,bkt,0.36472081640183895
1666405140581930855,8553379303363759508,300471914551172981,0,2,bkt,0.3645893847660689
1666405140581930855,6440511557387709110,300471914551172981,1,2,bkt,0.3645739136729694
1666405140581930855,7744513373483970787,8573800373938698102,0,2,bkt,0.48457328438244096
1666405140581930855,2971078979906996375,300471914551172981,1,2,bkt,0.44146795686835705
1666405140581930855,5841359775533910823,300471914551172981,0,2,bkt,0.5805188354968248
1666405140581930855,8621262567927479011,300471914551172981,0,2,bkt,0.40306721208190077
1666405140581930855,8434961942249729798,8573800373938698102,1,2,bkt,0.3444609060351503
1666405140581930855,2322042198017538996,8573800373938698102,1,2,bkt,0.4758136197238611
1666405140581930855,1742185772413642127,300471914551172981,1,2,bkt,0.36939417760398763
1666405140581930855,2334639155148655290,8573800373938698102,1,2,bkt,0.6682367470381995
1666405140581930855,7660717256841499384,300471914551172981,0,2,bkt,0.4518853966660441
1666405140581930855,4113615466659810841,300471914551172981,0,2,bkt,0.3764838308630064
1666405140581930855,6125574002232610732,300471914551172981,0,2,bkt,0.3660004479576509
1666405140581930855,2774368076249802464,8573800373938698102,1,2,bkt,0.8135432574144527
1666405140581930855,8903365289186067945,8573800373938698102,1,2,bkt,0.8777187331190406
1666405140581930855,6925932688889117475,300471914551172981,1,2,bkt,0.3647403481223445
1666405140581930855,8194071366621068887,8573800373938698102,0,2,bkt,0.8992975737115142
1666405140581930855,2986660907093963186,300471914551172981,0,2,bkt,0.44183224048695235
1666405140581930855,7591109345808921544,300471914551172981,1,2,bkt,0.37492245850574557
1666405140581930855,625545550176685521,8573800373938698102,1,2,bkt,0.8452952591393542
1666405140581930855,1761868641361943332,8573800373938698102,1,2,bkt,0.8888047887619588
1666405140581930855,4824259625677886603,300471914551172981,0,2,bkt,0.46350321061546274
1666405140581930855,8450591260754163598,8573800373938698102,0,2,bkt,0.9027095839716535
1666405140581930855,1553079256999111676,300471914551172981,1,2,bkt,0.37836109807204676
1666405140581930855,3220231712819306119,8573800373938698102,1,2,bkt,0.8671246607894064
1666405140581930855,338807275221326836,300471914551172981,0,2,bkt,0.47055833280356174
1666405140581930855,8525319303741530302,8573800373938698102,1,2,bkt,0.895955461276251
1666405140581930855,6587421150596252277,300471914551172981,0,2,bkt,0.37954130856719115
1666405140581930855,5891620578387310353,300471914551172981,0,2,bkt,0.36637597644105174
1666405140581930855,5791250638486922978,300471914551172981,1,2,bkt,0.3647847664777433
1666405140581930855,4031585874086886353,8573800373938698102,1,2,bkt,0.9048655857247728
1666405140581930855,2083452711903133430,8573800373938698102,1,2,bkt,0.9075043968443288
1666405140581930855,6319743179241711738,8573800373938698102,1,2,bkt,0.908275958300738
1666405140581930855,8628686323660025649,300471914551172981,0,2,bkt,0.4419294050248796
1666405140581930855,4378721629787482518,300471914551172981,0,2,bkt,0.3749372800713142
1666405140581930855,4813462692425748605,300471914551172981,0,2,bkt,0.3658118951310304
1666405140581930855,4644364625800006675,300471914551172981,0,2,bkt,0.3647180655060555
1666405140581930855,1062464292871659639,8573800373938698102,1,2,bkt,0.9085007079359081
1666405140581930855,5932668873100475470,300471914551172981,1,2,bkt,0.3645890608867744
1666405140581930855,5237822943399727048,8573800373938698102,1,2,bkt,0.9085661038981575
1670870091945249082,300471914551172981,300471914551172981,1,2,bkt,0.6240427971825541
1670870091945249082,8573800373938698102,8573800373938698102,0,2,bkt,0.5025072721158217
1670870091945249082,2014268979504181100,300471914551172981,0,2,bkt,0.773401494806722
1670870091945249082,2172169907340938753,300471914551172981,1,2,bkt,0.49948648602815027
1670870091945249082,8150806168444344502,300471914551172981,1,2,bkt,0.6570978199421859
1670870091945249082,816286915455981984,8573800373938698102,0,2,bkt,0.34884484707464464
1670870091945249082,1962751598315765836,300471914551172981,1,2,bkt,0.7968631623491689
1670870091945249082,7444476343858270082,300471914551172981,1,2,bkt,0.874550731578158
1670870091945249082,2537821716777940730,300471914551172981,1,2,bkt,0.906995792359586
1670870091945249082,1061301253559417093,300471914551172981,0,2,bkt,0.9189006478892808
1670870091945249082,8553379303363759508,300471914551172981,1,2,bkt,0.8756929188667393
1670870091945249082,6440511557387709110,300471914551172981,1,2,bkt,0.9074298688792855
1670870091945249082,7744513373483970787,8573800373938698102,0,2,bkt,0.3191118996806145
1670870091945249082,2971078979906996375,300471914551172981,1,2,bkt,0.9190541497940062
1670870091945249082,5841359775533910823,300471914551172981,0,2,bkt,0.9231108951067218
1670870091945249082,8621262567927479011,300471914551172981,0,2,bkt,0.9077752254743903
1670870091945249082,8434961942249729798,8573800373938698102,0,2,bkt,0.31490832047714434
1670870091945249082,2322042198017538996,8573800373938698102,0,2,bkt,0.3143434663637246
1670870091945249082,1742185772413642127,300471914551172981,1,2,bkt,0.8050137067050147
1670870091945249082,2334639155148655290,8573800373938698102,0,2,bkt,0.3142680922042531
1670870091945249082,7660717256841499384,300471914551172981,1,2,bkt,0.8782487188048042
1670870091945249082,4113615466659810841,300471914551172981,1,2,bkt,0.9083970845172225
1670870091945249082,6125574002232610732,300471914551172981,1,2,bkt,0.9193956573559391
1670870091945249082,2774368076249802464,8573800373938698102,1,2,bkt,0.3142580436633764
1670870091945249082,8903365289186067945,8573800373938698102,0,2,bkt,0.4088225690336865
1670870091945249082,6925932688889117475,300471914551172981,1,2,bkt,0.9232285263245508
1670870091945249082,8194071366621068887,8573800373938698102,0,2,bkt,0.3288781789122046
1670870091945249082,2986660907093963186,300471914551172981,1,2,bkt,0.9245427767508906
1670870091945249082,7591109345808921544,300471914551172981,1,2,bkt,0.924990910568836
1670870091945249082,625545550176685521,8573800373938698102,0,2,bkt,0.31624797721080683
1670870091945249082,1761868641361943332,8573800373938698102,0,2,bkt,0.31452272814699817
1670870091945249082,4824259625677886603,300471914551172981,1,2,bkt,0.9251434243403063
1670870091945249082,8450591260754163598,8573800373938698102,1,2,bkt,0.3142919994492568
1670870091945249082,1553079256999111676,300471914551172981,1,2,bkt,0.9251952957852955
1670870091945249082,3220231712819306119,8573800373938698102,0,2,bkt,0.4089051137132077
1670870091945249082,338807275221326836,300471914551172981,1,2,bkt,0.9252129338804497
1670870091945249082,8525319303741530302,8573800373938698102,0,2,bkt,0.328892985518743
1670870091945249082,6587421150596252277,300471914551172981,1,2,bkt,0.9252189309955906
1670870091945249082,5891620578387310353,300471914551172981,0,2,bkt,0.9252209700179986
1670870091945249082,5791250638486922978,300471914551172981,1,2,bkt,0.925213094794511
1670870091945249082,4031585874086886353,8573800373938698102,0,2,bkt,0.3162500378592063
1670870091945249082,2083452711903133430,8573800373938698102,0,2,bkt,0.314523004427003
1670870091945249082,6319743179241711738,8573800373938698102,0,2,bkt,0.31429203630498603
1670870091945249082,8628686323660025649,300471914551172981,1,2,bkt,0.9252189857068039
1670870091945249082,4378721629787482518,300471914551172981,1,2,bkt,0.9252209886197194
1670870091945249082,4813462692425748605,300471914551172981,1,2,bkt,0.9252216696052307
1670870091945249082,4644364625800006675,300471914551172981,1,2,bkt,0.9252219011379738
1670870091945249082,1062464292871659639,8573800373938698102,0,2,bkt,0.3142612355428046
1670870091945249082,5932668873100475470,300471914551172981,1,2,bkt,0.9252219798582363
1670870091945249082,5237822943399727048,8573800373938698102,0,2,bkt,0.3142571296740039
1725566820929970144,300471914551172981,300471914551172981,1,2,bkt,0.6240427971825541
1725566820929970144,8573800373938698102,8573800373938698102,0,2,bkt,0.5025072721158217
1725566820929970144,2014268979504181100,300471914551172981,0,2,bkt,0.773401494806722
1725566820929970144,2172169907340938753,300471914551172981,1,2,bkt,0.49948648602815027
1725566820929970144,8150806168444344502,300471914551172981,1,2,bkt,0.6570978199421859
1725566820929970144,816286915455981984,8573800373938698102,0,2,bkt,0.34884484707464464
1725566820929970144,1962751598315765836,300471914551172981,1,2,bkt,0.7968631623491689
1725566820929970144,7444476343858270082,300471914551172981,0,2,bkt,0.874550731578158
1725566820929970144,2537821716777940730,300471914551172981,1,2,bkt,0.6685607921710289
1725566820929970144,1061301253559417093,300471914551172981,0,2,bkt,0.8044575389063939
1725566820929970144,8553379303363759508,300471914551172981,0,2,bkt,0.5327898569582321
1725566820929970144,6440511557387709110,300471914551172981,1,2,bkt,0.39149550078968975
1725566820929970144,7744513373483970787,8573800373938698102,0,2,bkt,0.3191118996806145
1725566820929970144,2971078979906996375,300471914551172981,1,2,bkt,0.49636565195998017
1725566820929970144,5841359775533910823,300471914551172981,0,2,bkt,0.6534341947923142
1725566820929970144,8621262567927479011,300471914551172981,1,2,bkt,0.4268992413068611
1725566820929970144,8434961942249729798,8573800373938698102,1,2,bkt,0.31490832047714434
1725566820929970144,2322042198017538996,8573800373938698102,1,2,bkt,0.41040026297836846
1725566820929970144,1742185772413642127,300471914551172981,1,2,bkt,0.5580198719644798
1725566820929970144,2334639155148655290,8573800373938698102,1,2,bkt,0.5878069515884203
1725566820929970144,7660717256841499384,300471914551172981,1,2,bkt,0.7182196088354366
1725566820929970144,4113615466659810841,300471914551172981,1,2,bkt,0.8345573674454018
1725566820929970144,6125574002232610732,300471914551172981,1,2,bkt,0.8910475601085555
1725566820929970144,2774368076249802464,8573800373938698102,0,2,bkt,0.7643792902555594
1725566820929970144,8903365289186067945,8573800373938698102,1,2,bkt,0.4888778482581128
1725566820929970144,6925932688889117475,300471914551172981,1,2,bkt,0.9131572062689667
1725566820929970144,8194071366621068887,8573800373938698102,1,2,bkt,0.6817214557155384
1725566820929970144,2986660907093963186,300471914551172981,1,2,bkt,0.9210658347287561
1725566820929970144,7591109345808921544,300471914551172981,1,2,bkt,0.9238025572515155
1725566820929970144,625545550176685521,8573800373938698102,1,2,bkt,0.8206504695641651
1725566820929970144,1761868641361943332,8573800373938698102,1,2,bkt,0.8802747012513936
1725566820929970144,4824259625677886603,300471914551172981,0,2,bkt,0.9247386669615925
1725566820929970144,8450591260754163598,8573800373938698102,0,2,bkt,0.9000918596504972
1725566820929970144,1553079256999111676,300471914551172981,1,2,bkt,0.921141088339255
1725566820929970144,3220231712819306119,8573800373938698102,1,2,bkt,0.8502438045842929
1725566820929970144,338807275221326836,300471914551172981,1,2,bkt,0.9238283725012219
1725566820929970144,8525319303741530302,8573800373938698102,0,2,bkt,0.8904579708133248
1725566820929970144,6587421150596252277,300471914551172981,1,2,bkt,0.9247474707924698
1725566820929970144,5891620578387310353,300471914551172981,1,2,bkt,0.9250605926087553
1725566820929970144,5791250638486922978,300471914551172981,1,2,bkt,0.9251671260146905
1725566820929970144,4031585874086886353,8573800373938698102,1,2,bkt,0.7950663741242979
1725566820929970144,2083452711903133430,8573800373938698102,1,2,bkt,0.8708600662833119
1725566820929970144,6319743179241711738,8573800373938698102,1,2,bkt,0.897143150639967
1725566820929970144,8628686323660025649,300471914551172981,1,2,bkt,0.9252033554242197
1725566820929970144,4378721629787482518,300471914551172981,1,2,bkt,0.9252156742604396
1725566820929970144,4813462692425748605,300471914551172981,1,2,bkt,0.9252198627295566
1725566820929970144,4644364625800006675,300471914551172981,1,2,bkt,0.9252212868056814
1725566820929970144,1062464292871659639,8573800373938698102,1,2,bkt,0.905220358044907
1725566820929970144,5932668873100475470,300471914551172981,1,2,bkt,0.9252217709874792
1725566820929970144,5237822943399727048,8573800373938698102,1,2,bkt,0.9076083903867668
1753059732506705263,300471914551172981,300471914551172981,0,2,bkt,0.6240427971825541
1753059732506705263,8573800373938698102,8573800373938698102,1,2,bkt,0.5025072721158217
1753059732506705263,2014268979504181100,300471914551172981,0,2,bkt,0.4161806849477127
1753059732506705263,2172169907340938753,300471914551172981,0,2,bkt,0.3711821219902946
1753059732506705263,8150806168444344502,300471914551172981,0,2,bkt,0.3653579326891565
1753059732506705263,816286915455981984,8573800373938698102,1,2,bkt,0.6950422406082023
1753059732506705263,1962751598315765836,300471914551172981,0,2,bkt,0.3646644718786235
1753059732506705263,7444476343858270082,300471914551172981,0,2,bkt,0.36458275155038683
1753059732506705263,2537821716777940730,300471914551172981,1,2,bkt,0.3645731330329157
1753059732506705263,1061301253559417093,300471914551172981,0,2,bkt,0.44146624745774066
1753059732506705263,8553379303363759508,300471914551172981,0,2,bkt,0.3748666758970043
1753059732506705263,6440511557387709110,300471914551172981,1,2,bkt,0.36580330945873796
1753059732506705263,7744513373483970787,8573800373938698102,1,2,bkt,0.8274005147662947
1753059732506705263,2971078979906996375,300471914551172981,1,2,bkt,0.4441509793794819
1753059732506705263,5841359775533910823,300471914551172981,0,2,bkt,0.5845013771147216
1753059732506705263,8621262567927479011,300471914551172981,0,2,bkt,0.40415293360321003
1753059732506705263,8434961942249729798,8573800373938698102,1,2,bkt,0.8826615653921908
1753059732506705263,2322042198017538996,8573800373938698102,1,2,bkt,0.9008294416189261
1753059732506705263,1742185772413642127,300471914551172981,0,2,bkt,0.36953922114178506
1753059732506705263,2334639155148655290,8573800373938698102,1,2,bkt,0.906315524981365
1753059732506705263,7660717256841499384,300471914551172981,0,2,bkt,0.36516102232453723
1753059732506705263,4113615466659810841,300471914551172981,0,2,bkt,0.3646412489860005
1753059732506705263,6125574002232610732,300471914551172981,0,2,bkt,0.36458001795436634
1753059732506705263,2774368076249802464,8573800373938698102,1,2,bkt,0.9079289004129857
1753059732506705263,8903365289186067945,8573800373938698102,1,2,bkt,0.9083996600369283
1753059732506705263,6925932688889117475,300471914551172981,0,2,bkt,0.36457281133026204
1753059732506705263,8194071366621068887,8573800373938698102,0,2,bkt,0.9085367057426601
1753059732506705263,2986660907093963186,300471914551172981,0,2,bkt,0.36457196323353774
1753059732506705263,7591109345808921544,300471914551172981,0,2,bkt,0.36457186342828546
1753059732506705263,625545550176685521,8573800373938698102,0,2,bkt,0.9081714028312451
1753059732506705263,1761868641361943332,8573800373938698102,1,2,bkt,0.9054451266926681
1753059732506705263,4824259625677886603,300471914551172981,0,2,bkt,0.36457185168307626
1753059732506705263,8450591260754163598,8573800373938698102,1,2,bkt,0.9076742340996603
1753059732506705263,1553079256999111676,300471914551172981,0,2,bkt,0.3645718503008853
1753059732506705263,3220231712819306119,8573800373938698102,1,2,bkt,0.908325463321309
1753059732506705263,338807275221326836,300471914551172981,0,2,bkt,0.3645718501382273
1753059732506705263,8525319303741530302,8573800373938698102,1,2,bkt,0.9085151153143937
1753059732506705263,6587421150596252277,300471914551172981,0,2,bkt,0.3645718501190855
1753059732506705263,5891620578387310353,300471914551172981,0,2,bkt,0.3645718501168329
1753059732506705263,5791250638486922978,300471914551172981,1,2,bkt,0.3645718501165678
1753059732506705263,4031585874086886353,8573800373938698102,1,2,bkt,0.9085702949454922
1753059732506705263,2083452711903133430,8573800373938698102,1,2,bkt,0.9085863452445763
1753059732506705263,6319743179241711738,8573800373938698102,1,2,bkt,0.9085910134871812
1753059732506705263,8628686323660025649,300471914551172981,0,2,bkt,0.44146343816909617
1753059732506705263,4378721629787482518,300471914551172981,0,2,bkt,0.3748662480036802
1753059732506705263,4813462692425748605,300471914551172981,0,2,bkt,0.36580325743158154
1753059732506705263,4644364625800006675,300471914551172981,0,2,bkt,0.3647170450456302
1753059732506705263,1062464292871659639,8573800373938698102,1,2,bkt,0.9085923712183966
1753059732506705263,5932668873100475470,300471914551172981,0,2,bkt,0.36458894074262255
1753059732506705263,5237822943399727048,8573800373938698102,1,2,bkt,0.9085927661040064
1761868641361943332,300471914551172981,300471914551172981,1,2,bkt,0.6240427971825541
1761868641361943332,8573800373938698102,8573800373938698102,0,2,bkt,0.5025072721158217
1761868641361943332,2014268979504181100,300471914551172981,1,2,bkt,0.773401494806722
1761868641361943332,2172169907340938753,300471914551172981,1,2,bkt,0.8634708291526818
1761868641361943332,8150806168444344502,300471914551172981,1,2,bkt,0.9027253872584683
1761868641361943332,816286915455981984,8573800373938698102,1,2,bkt,0.34884484707464464
1761868641361943332,1962751598315765836,300471914551172981,1,2,bkt,0.9173826402269202
1761868641361943332,7444476343858270082,300471914551172981,1,2,bkt,0.9225338854708982
1761868641361943332,2537821716777940730,300471914551172981,1,2,bkt,0.9243054019591953
1761868641361943332,1061301253559417093,300471914551172981,1,2,bkt,0.9249100646851198
1761868641361943332,8553379303363759508,300471914551172981,1,2,bkt,0.9251159209166168
1761868641361943332,6440511557387709110,300471914551172981,1,2,bkt,0.9251859428623831
1761868641361943332,7744513373483970787,8573800373938698102,1,2,bkt,0.48457328438244096
1761868641361943332,2971078979906996375,300471914551172981,1,2,bkt,0.9252097537075635
1761868641361943332,5841359775533910823,300471914551172981,1,2,bkt,0.9252178497243552
1761868641361943332,8621262567927479011,300471914551172981,1,2,bkt,0.9252206023871442
1761868641361943332,8434961942249729798,8573800373938698102,1,2,bkt,0.6773586652183093
1761868641361943332,2322042198017538996,8573800373938698102,1,2,bkt,0.8183819959470333
1761868641361943332,1742185772413642127,300471914551172981,1,2,bkt,0.9252215382873257
1761868641361943332,2334639155148655290,8573800373938698102,1,2,bkt,0.8794637131700375
1761868641361943332,7660717256841499384,300471914551172981,1,2,bkt,0.925221856490362
1761868641361943332,4113615466659810841,300471914551172981,1,2,bkt,0.925221964678219
1761868641361943332,6125574002232610732,300471914551172981,1,2,bkt,0.925222001461674
1761868641361943332,2774368076249802464,8573800373938698102,0,2,bkt,0.8998403391701144
1761868641361943332,8903365289186067945,8573800373938698102,1,2,bkt,0.848668294702177
1761868641361943332,6925932688889117475,300471914551172981,1,2,bkt,0.9252220139679052
1761868641361943332,8194071366621068887,8573800373938698102,1,2,bkt,0.8899337253201794
1761868641361943332,2986660907093963186,300471914551172981,1,2,bkt,0.9252220182199746
1761868641361943332,7591109345808921544,300471914551172981,1,2,bkt,0.9252220196656616
1761868641361943332,625545550176685521,8573800373938698102,1,2,bkt,0.903052273247392
1761868641361943332,1761868641361943332,8573800373938698102,1,2,bkt,0.9069715888697578
1761868641361943332,4824259625677886603,300471914551172981,1,2,bkt,0.9252220198163026
1761868641361943332,8450591260754163598,8573800373938698102,1,2,bkt,0.908120532424872
1761868641361943332,1553079256999111676,300471914551172981,1,2,bkt,0.9252220198163026
1761868641361943332,3220231712819306119,8573800373938698102,1,2,bkt,0.9084554643480672
1761868641361943332,338807275221326836,300471914551172981,1,2,bkt,0.9252220198163026
1761868641361943332,8525319303741530302,8573800373938698102,1,2,bkt,0.9085529418597537
1761868641361943332,6587421150596252277,300471914551172981,1,2,bkt,0.9252220198163026
1761868641361943332,5891620578387310353,300471914551172981,1,2,bkt,0.9252220198163026
1761868641361943332,5791250638486922978,300471914551172981,1,2,bkt,0.9252220198163026
1761868641361943332,4031585874086886353,8573800373938698102,1,2,bkt,0.9085812978998471
1761868641361943332,2083452711903133430,8573800373938698102,1,2,bkt,0.9085895454806199
1761868641361943332,6319743179241711738,8573800373938698102,1,2,bkt,0.9085919442587287
1761868641361943332,8628686323660025649,300471914551172981,1,2,bkt,0.9252220198163026
1761868641361943332,4378721629787482518,300471914551172981,1,2,bkt,0.9252220198163026
1761868641361943332,4813462692425748605,300471914551172981,1,2,bkt,0.9252220198163026
1761868641361943332,4644364625800006675,300471914551172981,1,2,bkt,0.9252220198163026
1761868641361943332,1062464292871659639,8573800373938698102,1,2,bkt,0.9085926419262206
1761868641361943332,5932668873100475470,300471914551172981,1,2,bkt,0.9252220198163026
1761868641361943332,5237822943399727048,8573800373938698102,1,2,bkt,0.9085928448371394
1783096565635590354,300471914551172981,300471914551172981,1,2,bkt,0.6240427971825541
1783096565635590354,8573800373938698102,8573800373938698102,0,2,bkt,0.5025072721158217
1783096565635590354,2014268979504181100,300471914551172981,1,2,bkt,0.773401494806722
1783096565635590354,2172169907340938753,300471914551172981,1,2,bkt,0.8634708291526818
1783096565635590354,8150806168444344502,300471914551172981,1,2,bkt,0.9027253872584683
1783096565635590354,816286915455981984,8573800373938698102,1,2,bkt,0.34884484707464464
1783096565635590354,1962751598315765836,300471914551172981,1,2,bkt,0.9173826402269202
1783096565635590354,7444476343858270082,300471914551172981,1,2,bkt,0.9225338854708982
1783096565635590354,2537821716777940730,300471914551172981,1,2,bkt,0.9243054019591953
1783096565635590354,1061301253559417093,300471914551172981,1,2,bkt,0.9249100646851198
1783096565635590354,8553379303363759508,300471914551172981,1,2,bkt,0.9251159209166168
1783096565635590354,6440511557387709110,300471914551172981,1,2,bkt,0.9251859428623831
1783096565635590354,7744513373483970787,8573800373938698102,0,2,bkt,0.48457328438244096
1783096565635590354,2971078979906996375,300471914551172981,1,2,bkt,0.9252097537075635
1783096565635590354,5841359775533910823,300471914551172981,1,2,bkt,0.9252178497243552
1783096565635590354,8621262567927479011,300471914551172981,1,2,bkt,0.9252206023871442
1783096565635590354,8434961942249729798,8573800373938698102,1,2,bkt,0.3444609060351503
1783096565635590354,2322042198017538996,8573800373938698102,0,2,bkt,0.4758136197238611
1783096565635590354,1742185772413642127,300471914551172981,1,2,bkt,0.9252215382873257
1783096565635590354,2334639155148655290,8573800373938698102,0,2,bkt,0.3424286598311388
1783096565635590354,7660717256841499384,300471914551172981,1,2,bkt,0.925221856490362
1783096565635590354,4113615466659810841,300471914551172981,1,2,bkt,0.925221964678219
1783096565635590354,6125574002232610732,300471914551172981,1,2,bkt,0.925222001461674
1783096565635590354,2774368076249802464,8573800373938698102,0,2,bkt,0.31817262812740893
1783096565635590354,8903365289186067945,8573800373938698102,1,2,bkt,0.31478150201233956
1783096565635590354,6925932688889117475,300471914551172981,1,2,bkt,0.9252220139679052
1783096565635590354,8194071366621068887,8573800373938698102,0,2,bkt,0.41009308917126663
1783096565635590354,2986660907093963186,300471914551172981,1,2,bkt,0.9252220182199746
1783096565635590354,7591109345808921544,300471914551172981,1,2,bkt,0.9252220196656616
1783096565635590354,625545550176685521,8573800373938698102,0,2,bkt,0.3291065397992209
1783096565635590354,1761868641361943332,8573800373938698102,0,2,bkt,0.31627976851182205
1783096565635590354,4824259625677886603,300471914551172981,1,2,bkt,0.9252220198163026
1783096565635590354,8450591260754163598,8573800373938698102,1,2,bkt,0.3145269907289744
1783096565635590354,1553079256999111676,300471914551172981,1,2,bkt,0.9252220198163026
1783096565635590354,3220231712819306119,8573800373938698102,0,2,bkt,0.4094758763406728
1783096565635590354,338807275221326836,300471914551172981,1,2,bkt,0.9252220198163026
1783096565635590354,8525319303741530302,8573800373938698102,0,2,bkt,0.3289954804009779
1783096565635590354,6587421150596252277,300471914551172981,1,2,bkt,0.9252220198163026
1783096565635590354,5891620578387310353,300471914551172981,1,2,bkt,0.9252220198163026
1783096565635590354,5791250638486922978,300471914551172981,1,2,bkt,0.9252220198163026
1783096565635590354,4031585874086886353,8573800373938698102,0,2,bkt,0.3162643046553417
1783096565635590354,2083452711903133430,8573800373938698102,1,2,bkt,0.3145249172834762
1783096565635590354,6319743179241711738,8573800373938698102,1,2,bkt,0.40947084394621514
1783096565635590354,8628686323660025649,300471914551172981,1,2,bkt,0.9252220198163026
1783096565635590354,4378721629787482518,300471914551172981,1,2,bkt,0.9252220198163026
1783096565635590354,4813462692425748605,300471914551172981,1,2,bkt,0.9252220198163026
1783096565635590354,4644364625800006675,300471914551172981,1,2,bkt,0.9252220198163026
1783096565635590354,1062464292871659639,8573800373938698102,0,2,bkt,0.5864790191638976
1783096565635590354,5932668873100475470,300471914551172981,1,2,bkt,0.9252220198163026
1783096565635590354,5237822943399727048,8573800373938698102,1,2,bkt,0.37443014043731526
1794751257144944189,300471914551172981,300471914551172981,1,2,bkt,0.6240427971825541
1794751257144944189,8573800373938698102,8573800373938698102,0,2,bkt,0.5025072721158217
1794751257144944189,2014268979504181100,300471914551172981,1,2,bkt,0.773401494806722
1794751257144944189,2172169907340938753,300471914551172981,1,2,bkt,0.8634708291526818
1794751257144944189,8150806168444344502,300471914551172981,1,2,bkt,0.9027253872584683
1794751257144944189,816286915455981984,8573800373938698102,1,2,bkt,0.34884484707464464
1794751257144944189,1962751598315765836,300471914551172981,1,2,bkt,0.9173826402269202
1794751257144944189,7444476343858270082,300471914551172981,1,2,bkt,0.9225338854708982
1794751257144944189,2537821716777940730,300471914551172981,1,2,bkt,0.9243054019591953
1794751257144944189,1061301253559417093,300471914551172981,1,2,bkt,0.9249100646851198
1794751257144944189,8553379303363759508,300471914551172981,1,2,bkt,0.9251159209166168
1794751257144944189,6440511557387709110,300471914551172981,1,2,bkt,0.9251859428623831
1794751257144944189,7744513373483970787,8573800373938698102,1,2,bkt,0.48457328438244096
1794751257144944189,2971078979906996375,300471914551172981,1,2,bkt,0.9252097537075635
1794751257144944189,5841359775533910823,300471914551172981,1,2,bkt,0.9252178497243552
1794751257144944189,8621262567927479011,300471914551172981,1,2,bkt,0.9252206023871442
1794751257144944189,8434961942249729798,8573800373938698102,1,2,bkt,0.6773586652183093
1794751257144944189,2322042198017538996,8573800373938698102,1,2,bkt,0.8183819959470333
1794751257144944189,1742185772413642127,300471914551172981,1,2,bkt,0.9252215382873257
1794751257144944189,2334639155148655290,8573800373938698102,1,2,bkt,0.8794637131700375
1794751257144944189,7660717256841499384,300471914551172981,1,2,bkt,0.925221856490362
1794751257144944189,4113615466659810841,300471914551172981,1,2,bkt,0.925221964678219
1794751257144944189,6125574002232610732,300471914551172981,0,2,bkt,0.925222001461674
1794751257144944189,2774368076249802464,8573800373938698102,1,2,bkt,0.8998403391701144
1794751257144944189,8903365289186067945,8573800373938698102,1,2,bkt,0.9060225515248918
1794751257144944189,6925932688889117475,300471914551172981,1,2,bkt,0.9252218593930944
1794751257144944189,8194071366621068887,8573800373938698102,1,2,bkt,0.907843235125719
1794751257144944189,2986660907093963186,300471914551172981,1,2,bkt,0.925221965665137
1794751257144944189,7591109345808921544,300471914551172981,1,2,bkt,0.9252220017972222
1794751257144944189,625545550176685521,8573800373938698102,1,2,bkt,0.9083747062075509
1794751257144944189,1761868641361943332,8573800373938698102,1,2,bkt,0.9085294448463749
1794751257144944189,4824259625677886603,300471914551172981,1,2,bkt,0.9252220140819902
1794751257144944189,8450591260754163598,8573800373938698102,1,2,bkt,0.908574463215751
1794751257144944189,1553079256999111676,300471914551172981,1,2,bkt,0.9252220182587632
1794751257144944189,3220231712819306119,8573800373938698102,1,2,bkt,0.908587557605242
1794751257144944189,338807275221326836,300471914551172981,1,2,bkt,0.9252220196788494
1794751257144944189,8525319303741530302,8573800373938698102,1,2,bkt,0.9085913660965719
1794751257144944189,6587421150596252277,300471914551172981,1,2,bkt,0.9252220198163026
1794751257144944189,5891620578387310353,300471914551172981,1,2,bkt,0.9252220198163026
1794751257144944189,5791250638486922978,300471914551172981,1,2,bkt,0.9252220198163026
1794751257144944189,4031585874086886353,8573800373938698102,1,2,bkt,0.9085924737722209
1794751257144944189,2083452711903133430,8573800373938698102,1,2,bkt,0.9085927959309441
1794751257144944189,6319743179241711738,8573800373938698102,1,2,bkt,0.9085928896281196
1794751257144944189,8628686323660025649,300471914551172981,1,2,bkt,0.9252220198163026
1794751257144944189,4378721629787482518,300471914551172981,1,2,bkt,0.9252220198163026
1794751257144944189,4813462692425748605,300471914551172981,1,2,bkt,0.9252220198163026
1794751257144944189,4644364625800006675,300471914551172981,1,2,bkt,0.9252220198163026
1794751257144944189,1062464292871659639,8573800373938698102,1,2,bkt,0.9085929168791486
1794751257144944189,5932668873100475470,300471914551172981,1,2,bkt,0.9252220198163026
1794751257144944189,5237822943399727048,8573800373938698102,1,2,bkt,0.908592924804878
1836362323903287055,300471914551172981,300471914551172981,1,2,bkt,0.6240427971825541
1836362323903287055,8573800373938698102,8573800373938698102,0,2,bkt,0.5025072721158217
1836362323903287055,2014268979504181100,300471914551172981,1,2,bkt,0.773401494806722
1836362323903287055,2172169907340938753,300471914551172981,1,2,bkt,0.8634708291526818
1836362323903287055,8150806168444344502,300471914551172981,1,2,bkt,0.9027253872584683
1836362323903287055,816286915455981984,8573800373938698102,0,2,bkt,0.34884484707464464
1836362323903287055,1962751598315765836,300471914551172981,1,2,bkt,0.9173826402269202
1836362323903287055,7444476343858270082,300471914551172981,1,2,bkt,0.9225338854708982
1836362323903287055,2537821716777940730,300471914551172981,1,2,bkt,0.9243054019591953
1836362323903287055,1061301253559417093,300471914551172981,0,2,bkt,0.9249100646851198
1836362323903287055,8553379303363759508,300471914551172981,1,2,bkt,0.9225821799507288
1836362323903287055,6440511557387709110,300471914551172981,1,2,bkt,0.9243219168581529
1836362323903287055,7744513373483970787,8573800373938698102,0,2,bkt,0.3191118996806145
1836362323903287055,2971078979906996375,300471914551172981,1,2,bkt,0.9249156907274564
1836362323903287055,5841359775533910823,300471914551172981,1,2,bkt,0.9251178350277998
1836362323903287055,8621262567927479011,300471914551172981,1,2,bkt,0.9251865938005985
1836362323903287055,8434961942249729798,8573800373938698102,0,2,bkt,0.31490832047714434
1836362323903287055,2322042198017538996,8573800373938698102,1,2,bkt,0.3143434663637246
1836362323903287055,1742185772413642127,300471914551172981,1,2,bkt,0.9252099750411031
1836362323903287055,2334639155148655290,8573800373938698102,0,2,bkt,0.40903019300003574
1836362323903287055,7660717256841499384,300471914551172981,1,2,bkt,0.9252179249788662
1836362323903287055,4113615466659810841,300471914551172981,1,2,bkt,0.9252206279736107
1836362323903287055,6125574002232610732,300471914551172981,1,2,bkt,0.92522154698665
1836362323903287055,2774368076249802464,8573800373938698102,0,2,bkt,0.32891542973265775
1836362323903287055,8903365289186067945,8573800373938698102,0,2,bkt,0.3162531616134982
1836362323903287055,6925932688889117475,300471914551172981,1,2,bkt,0.9252218594481012
1836362323903287055,8194071366621068887,8573800373938698102,0,2,bkt,0.3145234232453685
1836362323903287055,2986660907093963186,300471914551172981,1,2,bkt,0.9252219656838392
1836362323903287055,7591109345808921544,300471914551172981,1,2,bkt,0.9252220018035809
1836362323903287055,625545550176685521,8573800373938698102,0,2,bkt,0.3142920921753772
1836362323903287055,1761868641361943332,8573800373938698102,1,2,bkt,0.31426124299089364
1836362323903287055,4824259625677886603,300471914551172981,1,2,bkt,0.9252220140841522
1836362323903287055,8450591260754163598,8573800373938698102,0,2,bkt,0.4088303471870629
1836362323903287055,1553079256999111676,300471914551172981,1,2,bkt,0.9252220182594981
1836362323903287055,3220231712819306119,8573800373938698102,0,2,bkt,0.32887957395658235
1836362323903287055,338807275221326836,300471914551172981,1,2,bkt,0.9252220196790994
1836362323903287055,8525319303741530302,8573800373938698102,1,2,bkt,0.31624817135647476
1836362323903287055,6587421150596252277,300471914551172981,1,2,bkt,0.9252220198163026
1836362323903287055,5891620578387310353,300471914551172981,1,2,bkt,0.9252220198163026
1836362323903287055,5791250638486922978,300471914551172981,1,2,bkt,0.9252220198163026
1836362323903287055,4031585874086886353,8573800373938698102,0,2,bkt,0.4136305367771979
1836362323903287055,2083452711903133430,8573800373938698102,0,2,bkt,0.32974756733475363
1836362323903287055,6319743179241711738,8573800373938698102,1,2,bkt,0.3163691250275499
1836362323903287055,8628686323660025649,300471914551172981,1,2,bkt,0.9252220198163026
1836362323903287055,4378721629787482518,300471914551172981,1,2,bkt,0.9252220198163026
1836362323903287055,4813462692425748605,300471914551172981,1,2,bkt,0.9252220198163026
1836362323903287055,4644364625800006675,300471914551172981,1,2,bkt,0.9252220198163026
1836362323903287055,1062464292871659639,8573800373938698102,1,2,bkt,0.4139207999684112
1836362323903287055,5932668873100475470,300471914551172981,1,2,bkt,0.9252220198163026
1836362323903287055,5237822943399727048,8573800373938698102,1,2,bkt,0.5927829365424644
1836782974698851939,300471914551172981,300471914551172981,1,2,bkt,0.6240427971825541
1836782974698851939,8573800373938698102,8573800373938698102,0,2,bkt,0.5025072721158217
1836782974698851939,2014268979504181100,300471914551172981,0,2,bkt,0.773401494806722
1836782974698851939,2172169907340938753,300471914551172981,0,2,bkt,0.49948648602815027
1836782974698851939,8150806168444344502,300471914551172981,0,2,bkt,0.38472843652012184
1836782974698851939,816286915455981984,8573800373938698102,1,2,bkt,0.34884484707464464
1836782974698851939,1962751598315765836,300471914551172981,0,2,bkt,0.3670216119715397
1836782974698851939,7444476343858270082,300471914551172981,1,2,bkt,0.3648612569042803
1836782974698851939,2537821716777940730,300471914551172981,1,2,bkt,0.44209667132715225
1836782974698851939,1061301253559417093,300471914551172981,1,2,bkt,0.5814564036210133
1836782974698851939,8553379303363759508,300471914551172981,0,2,bkt,0.7392424948493177
1836782974698851939,6440511557387709110,300471914551172981,1,2,bkt,0.47201694094320595
1836782974698851939,7744513373483970787,8573800373938698102,1,2,bkt,0.48457328438244096
1836782974698851939,2971078979906996375,300471914551172981,1,2,bkt,0.6231871823274175
1836782974698851939,5841359775533910823,300471914551172981,1,2,bkt,0.7727611539006426
1836782974698851939,8621262567927479011,300471914551172981,1,2,bkt,0.863158992777269
1836782974698851939,8434961942249729798,8573800373938698102,1,2,bkt,0.6773586652183093
1836782974698851939,2322042198017538996,8573800373938698102,1,2,bkt,0.8183819959470333
1836782974698851939,1742185772413642127,300471914551172981,1,2,bkt,0.9026036133848622
1836782974698851939,2334639155148655290,8573800373938698102,1,2,bkt,0.8794637131700375
1836782974698851939,7660717256841499384,300471914551172981,1,2,bkt,0.9173391424347271
1836782974698851939,4113615466659810841,300471914551172981,1,2,bkt,0.9225188418427973
1836782974698851939,6125574002232610732,300471914551172981,0,2,bkt,0.9243002572499753
1836782974698851939,2774368076249802464,8573800373938698102,1,2,bkt,0.8998403391701144
1836782974698851939,8903365289186067945,8573800373938698102,1,2,bkt,0.9060225515248918
1836782974698851939,6925932688889117475,300471914551172981,1,2,bkt,0.9174846855347523
1836782974698851939,8194071366621068887,8573800373938698102,1,2,bkt,0.907843235125719
1836782974698851939,2986660907093963186,300471914551172981,1,2,bkt,0.922569172046629
1836782974698851939,7591109345808921544,300471914551172981,0,2,bkt,0.9243174688134492
1836782974698851939,625545550176685521,8573800373938698102,1,2,bkt,0.9083747062075509
1836782974698851939,1761868641361943332,8573800373938698102,1,2,bkt,0.9085294448463749
1836782974698851939,4824259625677886603,300471914551172981,0,2,bkt,0.917627433671411
1836782974698851939,8450591260754163598,8573800373938698102,1,2,bkt,0.908574463215751
1836782974698851939,1553079256999111676,300471914551172981,1,2,bkt,0.8666368091468238
1836782974698851939,3220231712819306119,8573800373938698102,1,2,bkt,0.908587557605242
1836782974698851939,338807275221326836,300471914551172981,1,2,bkt,0.9039567589973796
1836782974698851939,8525319303741530302,8573800373938698102,1,2,bkt,0.9085913660965719
1836782974698851939,6587421150596252277,300471914551172981,1,2,bkt,0.9178218294617454
1836782974698851939,5891620578387310353,300471914551172981,1,2,bkt,0.9226856983452545
1836782974698851939,5791250638486922978,300471914551172981,1,2,bkt,0.9243573104382422
1836782974698851939,4031585874086886353,8573800373938698102,1,2,bkt,0.9085924737722209
1836782974698851939,2083452711903133430,8573800373938698102,1,2,bkt,0.9085927959309441
1836782974698851939,6319743179241711738,8573800373938698102,1,2,bkt,0.9085928896281196
1836782974698851939,8628686323660025649,300471914551172981,1,2,bkt,0.92492774739207
1836782974698851939,4378721629787482518,300471914551172981,0,2,bkt,0.9251219369086576
1836782974698851939,4813462692425748605,300471914551172981,1,2,bkt,0.9243726945635709
1836782974698851939,4644364625800006675,300471914551172981,1,2,bkt,0.9249329876376209
1836782974698851939,1062464292871659639,8573800373938698102,1,2,bkt,0.9085929168791486
1836782974698851939,5932668873100475470,300471914551172981,1,2,bkt,0.9251237196953267
1836782974698851939,5237822943399727048,8573800373938698102,1,2,bkt,0.908592924804878
1853660346053849916,300471914551172981,300471914551172981,1,2,bkt,0.6240427971825541
1853660346053849916,8573800373938698102,8573800373938698102,1,2,bkt,0.5025072721158217
1853660346053849916,2014268979504181100,300471914551172981,1,2,bkt,0.773401494806722
1853660346053849916,2172169907340938753,300471914551172981,1,2,bkt,0.8634708291526818
1853660346053849916,8150806168444344502,300471914551172981,1,2,bkt,0.9027253872584683
1853660346053849916,816286915455981984,8573800373938698102,1,2,bkt,0.6950422406082023
1853660346053849916,1962751598315765836,300471914551172981,1,2,bkt,0.9173826402269202
1853660346053849916,7444476343858270082,300471914551172981,1,2,bkt,0.9225338854708982
1853660346053849916,2537821716777940730,300471914551172981,1,2,bkt,0.9243054019591953
1853660346053849916,1061301253559417093,300471914551172981,1,2,bkt,0.9249100646851198
1853660346053849916,8553379303363759508,300471914551172981,1,2,bkt,0.9251159209166168
1853660346053849916,6440511557387709110,300471914551172981,1,2,bkt,0.9251859428623831
1853660346053849916,7744513373483970787,8573800373938698102,0,2,bkt,0.8274005147662947
1853660346053849916,2971078979906996375,300471914551172981,1,2,bkt,0.9252097537075635
1853660346053849916,5841359775533910823,300471914551172981,1,2,bkt,0.9252178497243552
1853660346053849916,8621262567927479011,300471914551172981,1,2,bkt,0.9252206023871442
1853660346053849916,8434961942249729798,8573800373938698102,0,2,bkt,0.5860127666306374
1853660346053849916,2322042198017538996,8573800373938698102,0,2,bkt,0.37425942287338015
1853660346053849916,1742185772413642127,300471914551172981,1,2,bkt,0.9252215382873257
1853660346053849916,2334639155148655290,8573800373938698102,0,2,bkt,0.3230216188468089
1853660346053849916,7660717256841499384,300471914551172981,1,2,bkt,0.925221856490362
1853660346053849916,4113615466659810841,300471914551172981,1,2,bkt,0.925221964678219
1853660346053849916,6125574002232610732,300471914551172981,1,2,bkt,0.925222001461674
1853660346053849916,2774368076249802464,8573800373938698102,0,2,bkt,0.31543998357478586
1853660346053849916,8903365289186067945,8573800373938698102,0,2,bkt,0.314414525151286
1853660346053849916,6925932688889117475,300471914551172981,1,2,bkt,0.9252220139679052
1853660346053849916,8194071366621068887,8573800373938698102,0,2,bkt,0.3142775674627018
1853660346053849916,2986660907093963186,300471914551172981,1,2,bkt,0.9252220182199746
1853660346053849916,7591109345808921544,300471914551172981,1,2,bkt,0.9252220196656616
1853660346053849916,625545550176685521,8573800373938698102,0,2,bkt,0.3142593067404369
1853660346053849916,1761868641361943332,8573800373938698102,0,2,bkt,0.3142568725689545
1853660346053849916,4824259625677886603,300471914551172981,1,2,bkt,0.9252220198163026
1853660346053849916,8450591260754163598,8573800373938698102,1,2,bkt,0.31425654810139486
1853660346053849916,1553079256999111676,300471914551172981,1,2,bkt,0.9252220198163026
1853660346053849916,3220231712819306119,8573800373938698102,1,2,bkt,0.4088189329932367
1853660346053849916,338807275221326836,300471914551172981,1,2,bkt,0.9252220198163026
1853660346053849916,8525319303741530302,8573800373938698102,0,2,bkt,0.5855439810332365
1853660346053849916,6587421150596252277,300471914551172981,1,2,bkt,0.9252220198163026
1853660346053849916,5891620578387310353,300471914551172981,1,2,bkt,0.9252220198163026
1853660346053849916,5791250638486922978,300471914551172981,1,2,bkt,0.9252220198163026
1853660346053849916,4031585874086886353,8573800373938698102,1,2,bkt,0.3740881650740741
1853660346053849916,2083452711903133430,8573800373938698102,1,2,bkt,0.5310178799158514
1853660346053849916,6319743179241711738,8573800373938698102,0,2,bkt,0.7206959403972961
1853660346053849916,8628686323660025649,300471914551172981,1,2,bkt,0.9252220198163026
1853660346053849916,4378721629787482518,300471914551172981,1,2,bkt,0.9252220198163026
1853660346053849916,4813462692425748605,300471914551172981,1,2,bkt,0.9252220198163026
1853660346053849916,4644364625800006675,300471914551172981,1,2,bkt,0.9252220198163026
1853660346053849916,1062464292871659639,8573800373938698102,1,2,bkt,0.447270817385921
1853660346053849916,5932668873100475470,300471914551172981,1,2,bkt,0.9252220198163026
1853660346053849916,5237822943399727048,8573800373938698102,0,2,bkt,0.6360346462074928
1856930371502693412,300471914551172981,300471914551172981,0,2,bkt,0.6240427971825541
1856930371502693412,8573800373938698102,8573800373938698102,1,2,bkt,0.5025072721158217
1856930371502693412,2014268979504181100,300471914551172981,0,2,bkt,0.4161806849477127
1856930371502693412,2172169907340938753,300471914551172981,0,2,bkt,0.3711821219902946
1856930371502693412,8150806168444344502,300471914551172981,0,2,bkt,0.3653579326891565
1856930371502693412,816286915455981984,8573800373938698102,1,2,bkt,0.6950422406082023
1856930371502693412,1962751598315765836,300471914551172981,1,2,bkt,0.3646644718786235
1856930371502693412,7444476343858270082,300471914551172981,0,2,bkt,0.44166620750104324
1856930371502693412,2537821716777940730,300471914551172981,1,2,bkt,0.37489714362450743
1856930371502693412,1061301253559417093,300471914551172981,0,2,bkt,0.4634507916888421
1856930371502693412,8553379303363759508,300471914551172981,0,2,bkt,0.37835244537266755
1856930371502693412,6440511557387709110,300471914551172981,0,2,bkt,0.36622951781445107
1856930371502693412,7744513373483970787,8573800373938698102,1,2,bkt,0.8274005147662947
1856930371502693412,2971078979906996375,300471914551172981,0,2,bkt,0.3647674367599082
1856930371502693412,5841359775533910823,300471914551172981,0,2,bkt,0.3645948740842455
1856930371502693412,8621262567927479011,300471914551172981,0,2,bkt,0.36457455970403413
1856930371502693412,8434961942249729798,8573800373938698102,1,2,bkt,0.8826615653921908
1856930371502693412,2322042198017538996,8573800373938698102,1,2,bkt,0.9008294416189261
1856930371502693412,1742185772413642127,300471914551172981,1,2,bkt,0.364572168985539
1856930371502693412,2334639155148655290,8573800373938698102,1,2,bkt,0.906315524981365
1856930371502693412,7660717256841499384,300471914551172981,1,2,bkt,0.44146413641988247
1856930371502693412,4113615466659810841,300471914551172981,1,2,bkt,0.5805131301040327
1856930371502693412,6125574002232610732,300471914551172981,0,2,bkt,0.7384291508746857
1856930371502693412,2774368076249802464,8573800373938698102,1,2,bkt,0.9079289004129857
1856930371502693412,8903365289186067945,8573800373938698102,1,2,bkt,0.9083996600369283
1856930371502693412,6925932688889117475,300471914551172981,1,2,bkt,0.4714503256767968
1856930371502693412,8194071366621068887,8573800373938698102,1,2,bkt,0.9085367057426601
1856930371502693412,2986660907093963186,300471914551172981,1,2,bkt,0.6224461100577097
1856930371502693412,7591109345808921544,300471914551172981,1,2,bkt,0.7722051138037642
1856930371502693412,625545550176685521,8573800373938698102,1,2,bkt,0.9085765752637126
1856930371502693412,1761868641361943332,8573800373938698102,1,2,bkt,0.9085881718999048
1856930371502693412,4824259625677886603,300471914551172981,0,2,bkt,0.8628877901004568
1856930371502693412,8450591260754163598,8573800373938698102,1,2,bkt,0.908591544760923
1856930371502693412,1553079256999111676,300471914551172981,1,2,bkt,0.636342389126831
1856930371502693412,3220231712819306119,8573800373938698102,1,2,bkt,0.9085925257353907
1856930371502693412,338807275221326836,300471914551172981,1,2,bkt,0.7824161950770464
1856930371502693412,8525319303741530302,8573800373938698102,1,2,bkt,0.9085928110440028
1856930371502693412,6587421150596252277,300471914551172981,1,2,bkt,0.8678066793614976
1856930371502693412,5891620578387310353,300471914551172981,0,2,bkt,0.904409493279224
1856930371502693412,5791250638486922978,300471914551172981,0,2,bkt,0.786872867727372
1856930371502693412,4031585874086886353,8573800373938698102,1,2,bkt,0.908592894023625
1856930371502693412,2083452711903133430,8573800373938698102,1,2,bkt,0.9085929181575437
1856930371502693412,6319743179241711738,8573800373938698102,1,2,bkt,0.9085929251766884
1856930371502693412,8628686323660025649,300471914551172981,1,2,bkt,0.5127407694786024
1856930371502693412,4378721629787482518,300471914551172981,1,2,bkt,0.6721604384809121
1856930371502693412,4813462692425748605,300471914551172981,0,2,bkt,0.8067889120875016
1856930371502693412,4644364625800006675,300471914551172981,1,2,bkt,0.5357219574499974
1856930371502693412,1062464292871659639,8573800373938698102,1,2,bkt,0.9085929272181468
1856930371502693412,5932668873100475470,300471914551172981,1,2,bkt,0.6965105522279581
1856930371502693412,5237822943399727048,8573800373938698102,1,2,bkt,0.9085929274249654
1864610537305897170,300471914551172981,300471914551172981,1,2,bkt,0.6240427971825541
1864610537305897170,8573800373938698102,8573800373938698102,1,2,bkt,0.5025072721158217
1864610537305897170,2014268979504181100,300471914551172981,1,2,bkt,0.773401494806722
1864610537305897170,2172169907340938753,300471914551172981,1,2,bkt,0.8634708291526818
1864610537305897170,8150806168444344502,300471914551172981,1,2,bkt,0.9027253872584683
1864610537305897170,816286915455981984,8573800373938698102,1,2,bkt,0.6950422406082023
1864610537305897170,1962751598315765836,300471914551172981,1,2,bkt,0.9173826402269202
1864610537305897170,7444476343858270082,300471914551172981,1,2,bkt,0.9225338854708982
1864610537305897170,2537821716777940730,300471914551172981,1,2,bkt,0.9243054019591953
1864610537305897170,1061301253559417093,300471914551172981,1,2,bkt,0.9249100646851198
1864610537305897170,8553379303363759508,300471914551172981,0,2,bkt,0.9251159209166168
1864610537305897170,6440511557387709110,300471914551172981,1,2,bkt,0.9243217141522279
1864610537305897170,7744513373483970787,8573800373938698102,0,2,bkt,0.8274005147662947
1864610537305897170,2971078979906996375,300471914551172981,1,2,bkt,0.9249156216739312
1864610537305897170,5841359775533910823,300471914551172981,1,2,bkt,0.9251178115343166
1864610537305897170,8621262567927479011,300471914551172981,1,2,bkt,0.9251865858111072
1864610537305897170,8434961942249729798,8573800373938698102,1,2,bkt,0.5860127666306374
1864610537305897170,2322042198017538996,8573800373938698102,0,2,bkt,0.7631286844403878
1864610537305897170,1742185772413642127,300471914551172981,1,2,bkt,0.9252099723244995
1864610537305897170,2334639155148655290,8573800373938698102,1,2,bkt,0.4874733021197488
1864610537305897170,7660717256841499384,300471914551172981,1,2,bkt,0.9252179240552074
1864610537305897170,4113615466659810841,300471914551172981,1,2,bkt,0.9252206276595676
1864610537305897170,6125574002232610732,300471914551172981,1,2,bkt,0.9252215468798763
1864610537305897170,2774368076249802464,8573800373938698102,1,2,bkt,0.6803063794611802
1864610537305897170,8903365289186067945,8573800373938698102,1,2,bkt,0.8199178755514245
1864610537305897170,6925932688889117475,300471914551172981,1,2,bkt,0.9252218594117985
1864610537305897170,8194071366621068887,8573800373938698102,1,2,bkt,0.8800132866656067
1864610537305897170,2986660907093963186,300471914551172981,1,2,bkt,0.9252219656714965
1864610537305897170,7591109345808921544,300471914551172981,1,2,bkt,0.9252220017993844
1864610537305897170,625545550176685521,8573800373938698102,1,2,bkt,0.9000108349576039
1864610537305897170,1761868641361943332,8573800373938698102,1,2,bkt,0.9060730985365091
1864610537305897170,4824259625677886603,300471914551172981,1,2,bkt,0.9252220140827253
1864610537305897170,8450591260754163598,8573800373938698102,1,2,bkt,0.9078580190002686
1864610537305897170,1553079256999111676,300471914551172981,1,2,bkt,0.9252220182590131
1864610537305897170,3220231712819306119,8573800373938698102,1,2,bkt,0.9083790130055314
1864610537305897170,338807275221326836,300471914551172981,1,2,bkt,0.9252220196789345
1864610537305897170,8525319303741530302,8573800373938698102,0,2,bkt,0.9085306980377695
1864610537305897170,6587421150596252277,300471914551172981,1,2,bkt,0.9252220198163026
1864610537305897170,5891620578387310353,300471914551172981,1,2,bkt,0.9252220198163026
1864610537305897170,5791250638486922978,300471914551172981,1,2,bkt,0.9252220198163026
1864610537305897170,4031585874086886353,8573800373938698102,1,2,bkt,0.9081263908752997
1864610537305897170,2083452711903133430,8573800373938698102,1,2,bkt,0.908457169990514
1864610537305897170,6319743179241711738,8573800373938698102,1,2,bkt,0.908553438080508
1864610537305897170,8628686323660025649,300471914551172981,1,2,bkt,0.9252220198163026
1864610537305897170,4378721629787482518,300471914551172981,1,2,bkt,0.9252220198163026
1864610537305897170,4813462692425748605,300471914551172981,1,2,bkt,0.9252220198163026
1864610537305897170,4644364625800006675,300471914551172981,1,2,bkt,0.9252220198163026
1864610537305897170,1062464292871659639,8573800373938698102,0,2,bkt,0.908581442234043
1864610537305897170,5932668873100475470,300471914551172981,1,2,bkt,0.9252220198163026
1864610537305897170,5237822943399727048,8573800373938698102,1,2,bkt,0.9085067712886885
1878072205549133777,300471914551172981,300471914551172981,1,2,bkt,0.6240427971825541
1878072205549133777,8573800373938698102,8573800373938698102,0,2,bkt,0.5025072721158217
1878072205549133777,2014268979504181100,300471914551172981,1,2,bkt,0.773401494806722
1878072205549133777,2172169907340938753,300471914551172981,0,2,bkt,0.8634708291526818
1878072205549133777,8150806168444344502,300471914551172981,0,2,bkt,0.6378223023100763
1878072205549133777,816286915455981984,8573800373938698102,0,2,bkt,0.34884484707464464
1878072205549133777,1962751598315765836,300471914551172981,0,2,bkt,0.42098922994777893
1878072205549133777,7444476343858270082,300471914551172981,1,2,bkt,0.3718580318176765
1878072205549133777,2537821716777940730,300471914551172981,1,2,bkt,0.4571059148402358
1878072205549133777,1061301253559417093,300471914551172981,1,2,bkt,0.603073160337082
1878072205549133777,8553379303363759508,300471914551172981,1,2,bkt,0.7571844263155905
1878072205549133777,6440511557387709110,300471914551172981,1,2,bkt,0.8554108951066883
1878072205549133777,7744513373483970787,8573800373938698102,0,2,bkt,0.3191118996806145
1878072205549133777,2971078979906996375,300471914551172981,1,2,bkt,0.8995494284769425
1878072205549133777,5841359775533910823,300471914551172981,1,2,bkt,0.9162443317074345
1878072205549133777,8621262567927479011,300471914551172981,1,2,bkt,0.92213973324383
1878072205549133777,8434961942249729798,8573800373938698102,0,2,bkt,0.31490832047714434
1878072205549133777,2322042198017538996,8573800373938698102,1,2,bkt,0.3143434663637246
1878072205549133777,1742185772413642127,300471914551172981,1,2,bkt,0.9241705520248336
1878072205549133777,2334639155148655290,8573800373938698102,1,2,bkt,0.40903019300003574
1878072205549133777,7660717256841499384,300471914551172981,1,2,bkt,0.9248641185548775
1878072205549133777,4113615466659810841,300471914551172981,1,2,bkt,0.9251002880968684
1878072205549133777,6125574002232610732,300471914551172981,1,2,bkt,0.9251806264560564
1878072205549133777,2774368076249802464,8573800373938698102,0,2,bkt,0.5858473184261085
1878072205549133777,8903365289186067945,8573800373938698102,0,2,bkt,0.3741989366971393
1878072205549133777,6925932688889117475,300471914551172981,1,2,bkt,0.9252079459989485
1878072205549133777,8194071366621068887,8573800373938698102,1,2,bkt,0.3230119368036631
1878072205549133777,2986660907093963186,300471914551172981,1,2,bkt,0.9252172350930332
1878072205549133777,7591109345808921544,300471914551172981,1,2,bkt,0.925220393412888
1878072205549133777,625545550176685521,8573800373938698102,1,2,bkt,0.4295283346800096
1878072205549133777,1761868641361943332,8573800373938698102,1,2,bkt,0.6138604933466338
1878072205549133777,4824259625677886603,300471914551172981,1,2,bkt,0.9252214672366661
1878072205549133777,8450591260754163598,8573800373938698102,0,2,bkt,0.7817156294736406
1878072205549133777,1553079256999111676,300471914551172981,1,2,bkt,0.92522183233339
1878072205549133777,3220231712819306119,8573800373938698102,0,2,bkt,0.5100060625887199
1878072205549133777,338807275221326836,300471914551172981,1,2,bkt,0.9252219564649404
1878072205549133777,8525319303741530302,8573800373938698102,1,2,bkt,0.3507730612608553
1878072205549133777,6587421150596252277,300471914551172981,1,2,bkt,0.9252219986691912
1878072205549133777,5891620578387310353,300471914551172981,1,2,bkt,0.925222013018472
1878072205549133777,5791250638486922978,300471914551172981,1,2,bkt,0.9252220178971711
1878072205549133777,4031585874086886353,8573800373938698102,1,2,bkt,0.48835676711631437
1878072205549133777,2083452711903133430,8573800373938698102,1,2,bkt,0.6811974176743153
1878072205549133777,6319743179241711738,8573800373938698102,0,2,bkt,0.8203795265943356
1878072205549133777,8628686323660025649,300471914551172981,1,2,bkt,0.9252220195559095
1878072205549133777,4378721629787482518,300471914551172981,1,2,bkt,0.9252220198163026
1878072205549133777,4813462692425748605,300471914551172981,1,2,bkt,0.9252220198163026
1878072205549133777,4644364625800006675,300471914551172981,1,2,bkt,0.9252220198163026
1878072205549133777,1062464292871659639,8573800373938698102,0,2,bkt,0.5718174721359484
1878072205549133777,5932668873100475470,300471914551172981,0,2,bkt,0.9252220198163026
1878072205549133777,5237822943399727048,8573800373938698102,1,2,bkt,0.36923981242321974
1928014720895446951,300471914551172981,300471914551172981,1,2,bkt,0.6240427971825541
1928014720895446951,8573800373938698102,8573800373938698102,0,2,bkt,0.5025072721158217
1928014720895446951,2014268979504181100,300471914551172981,1,2,bkt,0.773401494806722
1928014720895446951,2172169907340938753,300471914551172981,0,2,bkt,0.8634708291526818
1928014720895446951,8150806168444344502,300471914551172981,1,2,bkt,0.6378223023100763
1928014720895446951,816286915455981984,8573800373938698102,1,2,bkt,0.34884484707464464
1928014720895446951,1962751598315765836,300471914551172981,1,2,bkt,0.783477429921248
1928014720895446951,7444476343858270082,300471914551172981,1,2,bkt,0.8683105429749027
1928014720895446951,2537821716777940730,300471914551172981,0,2,bkt,0.9046041102691557
1928014720895446951,1061301253559417093,300471914551172981,1,2,bkt,0.7878869577313158
1928014720895446951,8553379303363759508,300471914551172981,0,2,bkt,0.870389605266445
1928014720895446951,6440511557387709110,300471914551172981,1,2,bkt,0.6564005251885867
1928014720895446951,7744513373483970787,8573800373938698102,1,2,bkt,0.48457328438244096
1928014720895446951,2971078979906996375,300471914551172981,1,2,bkt,0.7963926367368814
1928014720895446951,5841359775533910823,300471914551172981,1,2,bkt,0.8743349382073252
1928014720895446951,8621262567927479011,300471914551172981,1,2,bkt,0.906913654936093
1928014720895446951,8434961942249729798,8573800373938698102,0,2,bkt,0.6773586652183093
1928014720895446951,2322042198017538996,8573800373938698102,0,2,bkt,0.41712647276843134
1928014720895446951,1742185772413642127,300471914551172981,1,2,bkt,0.9188715852079767
1928014720895446951,2334639155148655290,8573800373938698102,0,2,bkt,0.3303887168145949
1928014720895446951,7660717256841499384,300471914551172981,1,2,bkt,0.9230479754373785
1928014720895446951,4113615466659810841,300471914551172981,1,2,bkt,0.9244811127137246
1928014720895446951,6125574002232610732,300471914551172981,1,2,bkt,0.9249699128208498
1928014720895446951,2774368076249802464,8573800373938698102,0,2,bkt,0.31645866967491293
1928014720895446951,8903365289186067945,8573800373938698102,0,2,bkt,0.3145509852150225
1928014720895446951,6925932688889117475,300471914551172981,1,2,bkt,0.9251362814584879
1928014720895446951,8194071366621068887,8573800373938698102,0,2,bkt,0.31429576909361445
1928014720895446951,2986660907093963186,300471914551172981,1,2,bkt,0.9251928668021449
1928014720895446951,7591109345808921544,300471914551172981,1,2,bkt,0.9252121079858476
1928014720895446951,625545550176685521,8573800373938698102,0,2,bkt,0.31426173316400463
1928014720895446951,1761868641361943332,8573800373938698102,1,2,bkt,0.3142571960060335
1928014720895446951,4824259625677886603,300471914551172981,1,2,bkt,0.925218650188906
1928014720895446951,8450591260754163598,8573800373938698102,0,2,bkt,0.4088205081963091
1928014720895446951,1553079256999111676,300471914551172981,1,2,bkt,0.9252208745441632
1928014720895446951,3220231712819306119,8573800373938698102,0,2,bkt,0.32887780929854304
1928014720895446951,338807275221326836,300471914551172981,1,2,bkt,0.9252216308198987
1928014720895446951,8525319303741530302,8573800373938698102,0,2,bkt,0.3162479257725131
1928014720895446951,6587421150596252277,300471914551172981,1,2,bkt,0.9252218879511028
1928014720895446951,5891620578387310353,300471914551172981,1,2,bkt,0.9252219753747508
1928014720895446951,5791250638486922978,300471914551172981,1,2,bkt,0.9252220050984532
1928014720895446951,4031585874086886353,8573800373938698102,0,2,bkt,0.31452272125046593
1928014720895446951,2083452711903133430,8573800373938698102,1,2,bkt,0.3142919985292604
1928014720895446951,6319743179241711738,8573800373938698102,0,2,bkt,0.40890511147698777
1928014720895446951,8628686323660025649,300471914551172981,1,2,bkt,0.9252220152043958
1928014720895446951,4378721629787482518,300471914551172981,1,2,bkt,0.9252220186403766
1928014720895446951,4813462692425748605,300471914551172981,1,2,bkt,0.9252220198085966
1928014720895446951,4644364625800006675,300471914551172981,1,2,bkt,0.9252220198163026
1928014720895446951,1062464292871659639,8573800373938698102,0,2,bkt,0.32889298511756093
1928014720895446951,5932668873100475470,300471914551172981,1,2,bkt,0.9252220198163026
1928014720895446951,5237822943399727048,8573800373938698102,0,2,bkt,0.3162500378033722
1933620258903804496,300471914551172981,300471914551172981,1,2,bkt,0.6240427971825541
1933620258903804496,8573800373938698102,8573800373938698102,0,2,bkt,0.5025072721158217
1933620258903804496,2014268979504181100,300471914551172981,1,2,bkt,0.773401494806722
1933620258903804496,2172169907340938753,300471914551172981,0,2,bkt,0.8634708291526818
1933620258903804496,8150806168444344502,300471914551172981,1,2,bkt,0.6378223023100763
1933620258903804496,816286915455981984,8573800373938698102,1,2,bkt,0.34884484707464464
1933620258903804496,1962751598315765836,300471914551172981,1,2,bkt,0.783477429921248
1933620258903804496,7444476343858270082,300471914551172981,1,2,bkt,0.8683105429749027
1933620258903804496,2537821716777940730,300471914551172981,1,2,bkt,0.9046041102691557
1933620258903804496,1061301253559417093,300471914551172981,0,2,bkt,0.9180522385521902
1933620258903804496,8553379303363759508,300471914551172981,1,2,bkt,0.8696270762564978
1933620258903804496,6440511557387709110,300471914551172981,1,2,bkt,0.9051115559169255
1933620258903804496,7744513373483970787,8573800373938698102,0,2,bkt,0.48457328438244096
1933620258903804496,2971078979906996375,300471914551172981,1,2,bkt,0.9182326211688795
1933620258903804496,5841359775533910823,300471914551172981,1,2,bkt,0.9228275637118222
1933620258903804496,8621262567927479011,300471914551172981,1,2,bkt,0.9244058021879316
1933620258903804496,8434961942249729798,8573800373938698102,1,2,bkt,0.3444609060351503
1933620258903804496,2322042198017538996,8573800373938698102,1,2,bkt,0.4758136197238611
1933620258903804496,1742185772413642127,300471914551172981,1,2,bkt,0.9249442643905489
1933620258903804496,2334639155148655290,8573800373938698102,1,2,bkt,0.6682367470381995
1933620258903804496,7660717256841499384,300471914551172981,1,2,bkt,0.9251275560968066
1933620258903804496,4113615466659810841,300471914551172981,1,2,bkt,0.9251898996355907
1933620258903804496,6125574002232610732,300471914551172981,0,2,bkt,0.925211099094068
1933620258903804496,2774368076249802464,8573800373938698102,1,2,bkt,0.8135432574144527
1933620258903804496,8903365289186067945,8573800373938698102,1,2,bkt,0.8777187331190406
1933620258903804496,6925932688889117475,300471914551172981,1,2,bkt,0.9251292297456747
1933620258903804496,8194071366621068887,8573800373938698102,0,2,bkt,0.8992975737115142
1933620258903804496,2986660907093963186,300471914551172981,1,2,bkt,0.9251904687848108
1933620258903804496,7591109345808921544,300471914551172981,1,2,bkt,0.9252112926158833
1933620258903804496,625545550176685521,8573800373938698102,1,2,bkt,0.8452952591393542
1933620258903804496,1761868641361943332,8573800373938698102,1,2,bkt,0.8888047887619588
1933620258903804496,4824259625677886603,300471914551172981,0,2,bkt,0.9252183729601388
1933620258903804496,8450591260754163598,8573800373938698102,0,2,bkt,0.9027095839716535
1933620258903804496,1553079256999111676,300471914551172981,1,2,bkt,0.925191027602928
1933620258903804496,3220231712819306119,8573800373938698102,0,2,bkt,0.8671246607894064
1933620258903804496,338807275221326836,300471914551172981,1,2,bkt,0.9252114826246908
1933620258903804496,8525319303741530302,8573800373938698102,1,2,bkt,0.6945833535359452
1933620258903804496,6587421150596252277,300471914551172981,1,2,bkt,0.9252184375638712
1933620258903804496,5891620578387310353,300471914551172981,1,2,bkt,0.9252208022519438
1933620258903804496,5791250638486922978,300471914551172981,1,2,bkt,0.9252216062407654
1933620258903804496,4031585874086886353,8573800373938698102,0,2,bkt,0.8271722886811168
1933620258903804496,2083452711903133430,8573800373938698102,1,2,bkt,0.5855331945364308
1933620258903804496,6319743179241711738,8573800373938698102,1,2,bkt,0.7627931088726398
1933620258903804496,8628686323660025649,300471914551172981,1,2,bkt,0.9252218795942867
1933620258903804496,4378721629787482518,300471914551172981,1,2,bkt,0.9252219725334654
1933620258903804496,4813462692425748605,300471914551172981,1,2,bkt,0.9252220041324272
1933620258903804496,4644364625800006675,300471914551172981,1,2,bkt,0.9252220148759508
1933620258903804496,1062464292871659639,8573800373938698102,1,2,bkt,0.8580830988406742
1933620258903804496,5932668873100475470,300471914551172981,1,2,bkt,0.9252220185287066
1933620258903804496,5237822943399727048,8573800373938698102,1,2,bkt,0.8930378488201092
1962751598315765836,300471914551172981,300471914551172981,0,2,bkt,0.6240427971825541
1962751598315765836,8573800373938698102,8573800373938698102,1,2,bkt,0.5025072721158217
1962751598315765836,2014268979504181100,300471914551172981,1,2,bkt,0.4161806849477127
1962751598315765836,2172169907340938753,300471914551172981,0,2,bkt,0.5404610728849124
1962751598315765836,8150806168444344502,300471914551172981,0,2,bkt,0.39319323545329893
1962751598315765836,816286915455981984,8573800373938698102,1,2,bkt,0.6950422406082023
1962751598315765836,1962751598315765836,300471914551172981,0,2,bkt,0.36809891918297194
1962751598315765836,7444476343858270082,300471914551172981,0,2,bkt,0.36498923680357576
1962751598315765836,2537821716777940730,300471914551172981,0,2,bkt,0.36462100098920047
1962751598315765836,1061301253559417093,300471914551172981,1,2,bkt,0.3645776347001572
1962751598315765836,8553379303363759508,300471914551172981,0,2,bkt,0.4414761049063789
1962751598315765836,6440511557387709110,300471914551172981,0,2,bkt,0.3748681773561483
1962751598315765836,7744513373483970787,8573800373938698102,0,2,bkt,0.8274005147662947
1962751598315765836,2971078979906996375,300471914551172981,1,2,bkt,0.3658034920203401
1962751598315765836,5841359775533910823,300471914551172981,0,2,bkt,0.44415137646109576
1962751598315765836,8621262567927479011,300471914551172981,0,2,bkt,0.37527763572927236
1962751598315765836,8434961942249729798,8573800373938698102,0,2,bkt,0.5860127666306374
1962751598315765836,2322042198017538996,8573800373938698102,0,2,bkt,0.37425942287338015
1962751598315765836,1742185772413642127,300471914551172981,0,2,bkt,0.36585331059213855
1962751598315765836,2334639155148655290,8573800373938698102,1,2,bkt,0.3230216188468089
1962751598315765836,7660717256841499384,300471914551172981,0,2,bkt,0.36472295872734806
1962751598315765836,4113615466659810841,300471914551172981,1,2,bkt,0.36458963699671426
1962751598315765836,6125574002232610732,300471914551172981,1,2,bkt,0.44150238553971977
1962751598315765836,2774368076249802464,8573800373938698102,0,2,bkt,0.4295506145103982
1962751598315765836,8903365289186067945,8573800373938698102,1,2,bkt,0.332730876211612
1962751598315765836,6925932688889117475,300471914551172981,1,2,bkt,0.5805702462349366
1962751598315765836,8194071366621068887,8573800373938698102,1,2,bkt,0.45124045449262956
1962751598315765836,2986660907093963186,300471914551172981,0,2,bkt,0.7384784748163515
1962751598315765836,7591109345808921544,300471914551172981,1,2,bkt,0.47148458676635996
1962751598315765836,625545550176685521,8573800373938698102,1,2,bkt,0.6407570948467685
1962751598315765836,1761868641361943332,8573800373938698102,1,2,bkt,0.7981339726334142
1962751598315765836,4824259625677886603,300471914551172981,1,2,bkt,0.6224909704996133
1962751598315765836,8450591260754163598,8573800373938698102,1,2,bkt,0.8720207512587433
1962751598315765836,1553079256999111676,300471914551172981,1,2,bkt,0.7722388110608328
1962751598315765836,3220231712819306119,8573800373938698102,0,2,bkt,0.8975101237094453
1962751598315765836,338807275221326836,300471914551172981,1,2,bkt,0.8629042366981944
1962751598315765836,8525319303741530302,8573800373938698102,1,2,bkt,0.8344396425111966
1962751598315765836,6587421150596252277,300471914551172981,0,2,bkt,0.9025040643686928
1962751598315765836,5891620578387310353,300471914551172981,0,2,bkt,0.7771581172000748
1962751598315765836,5791250638486922978,300471914551172981,1,2,bkt,0.5030214407916578
1962751598315765836,4031585874086886353,8573800373938698102,1,2,bkt,0.885109518867272
1962751598315765836,2083452711903133430,8573800373938698102,1,2,bkt,0.9015817691586105
1962751598315765836,6319743179241711738,8573800373938698102,0,2,bkt,0.9065379349734998
1962751598315765836,8628686323660025649,300471914551172981,0,2,bkt,0.6611926835258332
1962751598315765836,4378721629787482518,300471914551172981,0,2,bkt,0.4300388738436399
1962751598315765836,4813462692425748605,300471914551172981,0,2,bkt,0.37316101793762824
1962751598315765836,4644364625800006675,300471914551172981,1,2,bkt,0.3655964842480991
1962751598315765836,1062464292871659639,8573800373938698102,1,2,bkt,0.8935151726927807
1962751598315765836,5932668873100475470,300471914551172981,1,2,bkt,0.44370086835367867
1962751598315765836,5237822943399727048,8573800373938698102,1,2,bkt,0.9041336922700385
2076889496255336841,300471914551172981,300471914551172981,1,2,bkt,0.6240427971825541
2076889496255336841,8573800373938698102,8573800373938698102,0,2,bkt,0.5025072721158217
2076889496255336841,2014268979504181100,300471914551172981,1,2,bkt,0.773401494806722
2076889496255336841,2172169907340938753,300471914551172981,0,2,bkt,0.8634708291526818
2076889496255336841,8150806168444344502,300471914551172981,0,2,bkt,0.6378223023100763
2076889496255336841,816286915455981984,8573800373938698102,1,2,bkt,0.34884484707464464
2076889496255336841,1962751598315765836,300471914551172981,0,2,bkt,0.42098922994777893
2076889496255336841,7444476343858270082,300471914551172981,0,2,bkt,0.3718580318176765
2076889496255336841,2537821716777940730,300471914551172981,1,2,bkt,0.36543924311705256
2076889496255336841,1061301253559417093,300471914551172981,0,2,bkt,0.44335832560153154
2076889496255336841,8553379303363759508,300471914551172981,0,2,bkt,0.3751558464767055
2076889496255336841,6440511557387709110,300471914551172981,0,2,bkt,0.365838485739727
2076889496255336841,7744513373483970787,8573800373938698102,0,2,bkt,0.48457328438244096
2076889496255336841,2971078979906996375,300471914551172981,0,2,bkt,0.3647212071031184
2076889496255336841,5841359775533910823,300471914551172981,1,2,bkt,0.36458943076587785
2076889496255336841,8621262567927479011,300471914551172981,0,2,bkt,0.441501933984335
2076889496255336841,8434961942249729798,8573800373938698102,1,2,bkt,0.3444609060351503
2076889496255336841,2322042198017538996,8573800373938698102,1,2,bkt,0.4758136197238611
2076889496255336841,1742185772413642127,300471914551172981,0,2,bkt,0.3748721118208078
2076889496255336841,2334639155148655290,8573800373938698102,1,2,bkt,0.6682367470381995
2076889496255336841,7660717256841499384,300471914551172981,0,2,bkt,0.365803970413922
2076889496255336841,4113615466659810841,300471914551172981,0,2,bkt,0.36471712927652694
2076889496255336841,6125574002232610732,300471914551172981,0,2,bkt,0.3645889506595527
2076889496255336841,2774368076249802464,8573800373938698102,1,2,bkt,0.8135432574144527
2076889496255336841,8903365289186067945,8573800373938698102,1,2,bkt,0.8777187331190406
2076889496255336841,6925932688889117475,300471914551172981,0,2,bkt,0.3645738625839868
2076889496255336841,8194071366621068887,8573800373938698102,1,2,bkt,0.8992975737115142
2076889496255336841,2986660907093963186,300471914551172981,0,2,bkt,0.3645720869469701
2076889496255336841,7591109345808921544,300471914551172981,0,2,bkt,0.364571877987045
2076889496255336841,625545550176685521,8573800373938698102,1,2,bkt,0.9058615098238317
2076889496255336841,1761868641361943332,8573800373938698102,1,2,bkt,0.9077961230149293
2076889496255336841,4824259625677886603,300471914551172981,0,2,bkt,0.3645718533963694
2076889496255336841,8450591260754163598,8573800373938698102,1,2,bkt,0.9083609807002526
2076889496255336841,1553079256999111676,300471914551172981,0,2,bkt,0.36457185050250773
2076889496255336841,3220231712819306119,8573800373938698102,1,2,bkt,0.9085254509211502
2076889496255336841,338807275221326836,300471914551172981,0,2,bkt,0.36457185016195454
2076889496255336841,8525319303741530302,8573800373938698102,1,2,bkt,0.9085733014492423
2076889496255336841,6587421150596252277,300471914551172981,0,2,bkt,0.36457185012187776
2076889496255336841,5891620578387310353,300471914551172981,0,2,bkt,0.3645718501171614
2076889496255336841,5791250638486922978,300471914551172981,0,2,bkt,0.3645718501166064
2076889496255336841,4031585874086886353,8573800373938698102,1,2,bkt,0.9085872197012026
2076889496255336841,2083452711903133430,8573800373938698102,1,2,bkt,0.9085912678188678
2076889496255336841,6319743179241711738,8573800373938698102,1,2,bkt,0.908592445188888
2076889496255336841,8628686323660025649,300471914551172981,0,2,bkt,0.36457185011654114
2076889496255336841,4378721629787482518,300471914551172981,0,2,bkt,0.3645718501165334
2076889496255336841,4813462692425748605,300471914551172981,0,2,bkt,0.36457185011653254
2076889496255336841,4644364625800006675,300471914551172981,0,2,bkt,0.3645718501165324
2076889496255336841,1062464292871659639,8573800373938698102,1,2,bkt,0.9085927876177171
2076889496255336841,5932668873100475470,300471914551172981,0,2,bkt,0.3645718501165324
2076889496255336841,5237822943399727048,8573800373938698102,1,2,bkt,0.9085928872102877
2083951319723828357,300471914551172981,300471914551172981,1,2,bkt,0.6240427971825541
2083951319723828357,8573800373938698102,8573800373938698102,1,2,bkt,0.5025072721158217
2083951319723828357,2014268979504181100,300471914551172981,1,2,bkt,0.773401494806722
2083951319723828357,2172169907340938753,300471914551172981,1,2,bkt,0.8634708291526818
2083951319723828357,8150806168444344502,300471914551172981,1,2,bkt,0.9027253872584683
2083951319723828357,816286915455981984,8573800373938698102,1,2,bkt,0.6950422406082023
2083951319723828357,1962751598315765836,300471914551172981,1,2,bkt,0.9173826402269202
2083951319723828357,7444476343858270082,300471914551172981,1,2,bkt,0.9225338854708982
2083951319723828357,2537821716777940730,300471914551172981,1,2,bkt,0.9243054019591953
2083951319723828357,1061301253559417093,300471914551172981,1,2,bkt,0.9249100646851198
2083951319723828357,8553379303363759508,300471914551172981,1,2,bkt,0.9251159209166168
2083951319723828357,6440511557387709110,300471914551172981,1,2,bkt,0.9251859428623831
2083951319723828357,7744513373483970787,8573800373938698102,1,2,bkt,0.8274005147662947
2083951319723828357,2971078979906996375,300471914551172981,1,2,bkt,0.9252097537075635
2083951319723828357,5841359775533910823,300471914551172981,1,2,bkt,0.9252178497243552
2083951319723828357,8621262567927479011,300471914551172981,1,2,bkt,0.9252206023871442
2083951319723828357,8434961942249729798,8573800373938698102,0,2,bkt,0.8826615653921908
2083951319723828357,2322042198017538996,8573800373938698102,1,2,bkt,0.7570461352371276
2083951319723828357,1742185772413642127,300471914551172981,1,2,bkt,0.9252215382873257
2083951319723828357,2334639155148655290,8573800373938698102,0,2,bkt,0.8556936093488237
2083951319723828357,7660717256841499384,300471914551172981,1,2,bkt,0.925221856490362
2083951319723828357,4113615466659810841,300471914551172981,1,2,bkt,0.925221964678219
2083951319723828357,6125574002232610732,300471914551172981,1,2,bkt,0.925222001461674
2083951319723828357,2774368076249802464,8573800373938698102,1,2,bkt,0.6572155365966722
2083951319723828357,8903365289186067945,8573800373938698102,1,2,bkt,0.8075178537542876
2083951319723828357,6925932688889117475,300471914551172981,1,2,bkt,0.9252220139679052
2083951319723828357,8194071366621068887,8573800373938698102,1,2,bkt,0.8755165755439741
2083951319723828357,2986660907093963186,300471914551172981,1,2,bkt,0.9252220182199746
2083951319723828357,7591109345808921544,300471914551172981,1,2,bkt,0.9252220196656616
2083951319723828357,625545550176685521,8573800373938698102,1,2,bkt,0.8986095178813008
2083951319723828357,1761868641361943332,8573800373938698102,0,2,bkt,0.9056570799921404
2083951319723828357,4824259625677886603,300471914551172981,1,2,bkt,0.9252220198163026
2083951319723828357,8450591260754163598,8573800373938698102,0,2,bkt,0.8872533433628439
2083951319723828357,1553079256999111676,300471914551172981,1,2,bkt,0.9252220198163026
2083951319723828357,3220231712819306119,8573800373938698102,0,2,bkt,0.7788021034712463
2083951319723828357,338807275221326836,300471914551172981,1,2,bkt,0.9252220198163026
2083951319723828357,8525319303741530302,8573800373938698102,0,2,bkt,0.5062237557049355
2083951319723828357,6587421150596252277,300471914551172981,1,2,bkt,0.9252220198163026
2083951319723828357,5891620578387310353,300471914551172981,0,2,bkt,0.9252220198163026
2083951319723828357,5791250638486922978,300471914551172981,1,2,bkt,0.9252220153620668
2083951319723828357,4031585874086886353,8573800373938698102,1,2,bkt,0.34979317117729447
2083951319723828357,2083452711903133430,8573800373938698102,1,2,bkt,0.4864392695085069
2083951319723828357,6319743179241711738,8573800373938698102,1,2,bkt,0.6792593719419486
2083951319723828357,8628686323660025649,300471914551172981,1,2,bkt,0.9252220186939841
2083951319723828357,4378721629787482518,300471914551172981,1,2,bkt,0.9252220198163026
2083951319723828357,4813462692425748605,300471914551172981,1,2,bkt,0.9252220198163026
2083951319723828357,4644364625800006675,300471914551172981,1,2,bkt,0.9252220198163026
2083951319723828357,1062464292871659639,8573800373938698102,0,2,bkt,0.8193738683538441
2083951319723828357,5932668873100475470,300471914551172981,1,2,bkt,0.9252220198163026
2083951319723828357,5237822943399727048,8573800373938698102,1,2,bkt,0.5698745495487771
2098409895490789901,300471914551172981,300471914551172981,0,2,bkt,0.6240427971825541
2098409895490789901,8573800373938698102,8573800373938698102,1,2,bkt,0.5025072721158217
2098409895490789901,2014268979504181100,300471914551172981,0,2,bkt,0.4161806849477127
2098409895490789901,2172169907340938753,300471914551172981,1,2,bkt,0.3711821219902946
2098409895490789901,8150806168444344502,300471914551172981,0,2,bkt,0.45568066709881583
2098409895490789901,816286915455981984,8573800373938698102,1,2,bkt,0.6950422406082023
2098409895490789901,1962751598315765836,300471914551172981,1,2,bkt,0.3770882772300462
2098409895490789901,7444476343858270082,300471914551172981,1,2,bkt,0.46796186114442156
2098409895490789901,2537821716777940730,300471914551172981,1,2,bkt,0.6178440346636349
2098409895490789901,1061301253559417093,300471914551172981,0,2,bkt,0.7687222304365514
2098409895490789901,8553379303363759508,300471914551172981,1,2,bkt,0.49524393739818523
2098409895490789901,6440511557387709110,300471914551172981,1,2,bkt,0.6521061054669278
2098409895490789901,7744513373483970787,8573800373938698102,1,2,bkt,0.8274005147662947
2098409895490789901,2971078979906996375,300471914551172981,1,2,bkt,0.7934726349349775
2098409895490789901,5841359775533910823,300471914551172981,0,2,bkt,0.8729900389708412
2098409895490789901,8621262567927479011,300471914551172981,1,2,bkt,0.6639065215160653
2098409895490789901,8434961942249729798,8573800373938698102,1,2,bkt,0.8826615653921908
2098409895490789901,2322042198017538996,8573800373938698102,1,2,bkt,0.9008294416189261
2098409895490789901,1742185772413642127,300471914551172981,0,2,bkt,0.8014056437259188
2098409895490789901,2334639155148655290,8573800373938698102,1,2,bkt,0.906315524981365
2098409895490789901,7660717256841499384,300471914551172981,1,2,bkt,0.5290556205288695
2098409895490789901,4113615466659810841,300471914551172981,1,2,bkt,0.6896649399655104
2098409895490789901,6125574002232610732,300471914551172981,1,2,bkt,0.817779083544123
2098409895490789901,2774368076249802464,8573800373938698102,1,2,bkt,0.9079289004129857
2098409895490789901,8903365289186067945,8573800373938698102,1,2,bkt,0.9083996600369283
2098409895490789901,6925932688889117475,300471914551172981,1,2,bkt,0.8838923702492549
2098409895490789901,8194071366621068887,8573800373938698102,1,2,bkt,0.9085367057426601
2098409895490789901,2986660907093963186,300471914551172981,1,2,bkt,0.9105130524936431
2098409895490789901,7591109345808921544,300471914551172981,1,2,bkt,0.9201402401567189
2098409895490789901,625545550176685521,8573800373938698102,1,2,bkt,0.9085765752637126
2098409895490789901,1761868641361943332,8573800373938698102,1,2,bkt,0.9085881718999048
2098409895490789901,4824259625677886603,300471914551172981,0,2,bkt,0.9234846928308388
2098409895490789901,8450591260754163598,8573800373938698102,1,2,bkt,0.908591544760923
2098409895490789901,1553079256999111676,300471914551172981,1,2,bkt,0.910794229547855
2098409895490789901,3220231712819306119,8573800373938698102,1,2,bkt,0.9085925257353907
2098409895490789901,338807275221326836,300471914551172981,1,2,bkt,0.9202389224531584
2098409895490789901,8525319303741530302,8573800373938698102,1,2,bkt,0.9085928110440028
2098409895490789901,6587421150596252277,300471914551172981,1,2,bkt,0.9235186124089814
2098409895490789901,5891620578387310353,300471914551172981,1,2,bkt,0.9246418001535348
2098409895490789901,5791250638486922978,300471914551172981,1,2,bkt,0.9250246240136016
2098409895490789901,4031585874086886353,8573800373938698102,1,2,bkt,0.908592894023625
2098409895490789901,2083452711903133430,8573800373938698102,1,2,bkt,0.9085929181575437
2098409895490789901,6319743179241711738,8573800373938698102,1,2,bkt,0.9085929251766884
2098409895490789901,8628686323660025649,300471914551172981,0,2,bkt,0.925154892089556
2098409895490789901,4378721629787482518,300471914551172981,1,2,bkt,0.9246521070799562
2098409895490789901,4813462692425748605,300471914551172981,0,2,bkt,0.9250281326883115
2098409895490789901,4644364625800006675,300471914551172981,0,2,bkt,0.9235787144484774
2098409895490789901,1062464292871659639,8573800373938698102,1,2,bkt,0.9085929272181468
2098409895490789901,5932668873100475470,300471914551172981,1,2,bkt,0.9115582504340239
2098409895490789901,5237822943399727048,8573800373938698102,1,2,bkt,0.9085929274249654
2104618805033231562,300471914551172981,300471914551172981,1,2,bkt,0.6240427971825541
2104618805033231562,8573800373938698102,8573800373938698102,1,2,bkt,0.5025072721158217
2104618805033231562,2014268979504181100,300471914551172981,0,2,bkt,0.773401494806722
2104618805033231562,2172169907340938753,300471914551172981,0,2,bkt,0.49948648602815027
2104618805033231562,8150806168444344502,300471914551172981,1,2,bkt,0.38472843652012184
2104618805033231562,816286915455981984,8573800373938698102,1,2,bkt,0.6950422406082023
2104618805033231562,1962751598315765836,300471914551172981,1,2,bkt,0.48328934655256894
2104618805033231562,7444476343858270082,300471914551172981,1,2,bkt,0.6375691270990367
2104618805033231562,2537821716777940730,300471914551172981,0,2,bkt,0.7832962291600429
2104618805033231562,1061301253559417093,300471914551172981,1,2,bkt,0.5090610897288398
2104618805033231562,8553379303363759508,300471914551172981,0,2,bkt,0.668057376417574
2104618805033231562,6440511557387709110,300471914551172981,1,2,bkt,0.4329391909736917
2104618805033231562,7744513373483970787,8573800373938698102,0,2,bkt,0.8274005147662947
2104618805033231562,2971078979906996375,300471914551172981,1,2,bkt,0.567531324661127
2104618805033231562,5841359775533910823,300471914551172981,1,2,bkt,0.7269608513048801
2104618805033231562,8621262567927479011,300471914551172981,1,2,bkt,0.8394300789876351
2104618805033231562,8434961942249729798,8573800373938698102,0,2,bkt,0.5860127666306374
2104618805033231562,2322042198017538996,8573800373938698102,1,2,bkt,0.37425942287338015
2104618805033231562,1742185772413642127,300471914551172981,1,2,bkt,0.8930719576309034
2104618805033231562,2334639155148655290,8573800373938698102,0,2,bkt,0.5313115763505525
2104618805033231562,7660717256841499384,300471914551172981,1,2,bkt,0.9138976196793104
2104618805033231562,4113615466659810841,300471914551172981,1,2,bkt,0.9213240589618386
2104618805033231562,6125574002232610732,300471914551172981,1,2,bkt,0.9238911217622731
2104618805033231562,2774368076249802464,8573800373938698102,0,2,bkt,0.35658817985257557
2104618805033231562,8903365289186067945,8573800373938698102,0,2,bkt,0.32027039932644485
2104618805033231562,6925932688889117475,300471914551172981,1,2,bkt,0.9247688682583775
2104618805033231562,8194071366621068887,8573800373938698102,0,2,bkt,0.31506522139222376
2104618805033231562,2986660907093963186,300471914551172981,1,2,bkt,0.9250678749630985
2104618805033231562,7591109345808921544,300471914551172981,1,2,bkt,0.9251696028312587
2104618805033231562,625545550176685521,8573800373938698102,0,2,bkt,0.31436442529159014
2104618805033231562,1761868641361943332,8573800373938698102,1,2,bkt,0.3142708867459833
2104618805033231562,4824259625677886603,300471914551172981,1,2,bkt,0.9252041976297976
2104618805033231562,8450591260754163598,8573800373938698102,1,2,bkt,0.4088537919705063
2104618805033231562,1553079256999111676,300471914551172981,1,2,bkt,0.9252159606183186
2104618805033231562,3220231712819306119,8573800373938698102,0,2,bkt,0.5855940548434035
2104618805033231562,338807275221326836,300471914551172981,0,2,bkt,0.9252199600914153
2104618805033231562,8525319303741530302,8573800373938698102,1,2,bkt,0.3741064396668643
2104618805033231562,6587421150596252277,300471914551172981,1,2,bkt,0.9252045132697219
2104618805033231562,5891620578387310353,300471914551172981,0,2,bkt,0.9252160679387501
2104618805033231562,5791250638486922978,300471914551172981,1,2,bkt,0.9251714431280689
2104618805033231562,4031585874086886353,8573800373938698102,1,2,bkt,0.5310492325174256
2104618805033231562,2083452711903133430,8573800373938698102,1,2,bkt,0.7207226350749728
2104618805033231562,6319743179241711738,8573800373938698102,1,2,bkt,0.8397093613092024
2104618805033231562,8628686323660025649,300471914551172981,1,2,bkt,0.9252048233931366
2104618805033231562,4378721629787482518,300471914551172981,1,2,bkt,0.9252161733834472
2104618805033231562,4813462692425748605,300471914551172981,1,2,bkt,0.9252200324316536
2104618805033231562,4644364625800006675,300471914551172981,1,2,bkt,0.9252213445039857
2104618805033231562,1062464292871659639,8573800373938698102,1,2,bkt,0.8869152727015887
2104618805033231562,5932668873100475470,300471914551172981,1,2,bkt,0.9252217906047057
2104618805033231562,5237822943399727048,8573800373938698102,1,2,bkt,0.9021340683770412
2108936159450159022,300471914551172981,300471914551172981,1,2,bkt,0.6240427971825541
2108936159450159022,8573800373938698102,8573800373938698102,0,2,bkt,0.5025072721158217
2108936159450159022,2014268979504181100,300471914551172981,1,2,bkt,0.773401494806722
2108936159450159022,2172169907340938753,300471914551172981,1,2,bkt,0.8634708291526818
2108936159450159022,8150806168444344502,300471914551172981,1,2,bkt,0.9027253872584683
2108936159450159022,816286915455981984,8573800373938698102,0,2,bkt,0.34884484707464464
2108936159450159022,1962751598315765836,300471914551172981,0,2,bkt,0.9173826402269202
2108936159450159022,7444476343858270082,300471914551172981,1,2,bkt,0.8649276360352308
2108936159450159022,2537821716777940730,300471914551172981,1,2,bkt,0.9032931153155421
2108936159450159022,1061301253559417093,300471914551172981,1,2,bkt,0.9175852786598424
2108936159450159022,8553379303363759508,300471914551172981,1,2,bkt,0.9226039487856614
2108936159450159022,6440511557387709110,300471914551172981,1,2,bkt,0.9243293604171083
2108936159450159022,7744513373483970787,8573800373938698102,0,2,bkt,0.3191118996806145
2108936159450159022,2971078979906996375,300471914551172981,1,2,bkt,0.9249182264191648
2108936159450159022,5841359775533910823,300471914551172981,0,2,bkt,0.9251186977218102
2108936159450159022,8621262567927479011,300471914551172981,1,2,bkt,0.9243452441945469
2108936159450159022,8434961942249729798,8573800373938698102,1,2,bkt,0.31490832047714434
2108936159450159022,2322042198017538996,8573800373938698102,1,2,bkt,0.41040026297836846
2108936159450159022,1742185772413642127,300471914551172981,1,2,bkt,0.9249236371839015
2108936159450159022,2334639155148655290,8573800373938698102,1,2,bkt,0.5878069515884203
2108936159450159022,7660717256841499384,300471914551172981,1,2,bkt,0.9251205385584589
2108936159450159022,4113615466659810841,300471914551172981,1,2,bkt,0.9251875131947561
2108936159450159022,6125574002232610732,300471914551172981,0,2,bkt,0.9252102876551317
2108936159450159022,2774368076249802464,8573800373938698102,0,2,bkt,0.7643792902555594
2108936159450159022,8903365289186067945,8573800373938698102,1,2,bkt,0.4888778482581128
2108936159450159022,6925932688889117475,300471914551172981,1,2,bkt,0.9251223366071407
2108936159450159022,8194071366621068887,8573800373938698102,1,2,bkt,0.6817214557155384
2108936159450159022,2986660907093963186,300471914551172981,1,2,bkt,0.9251881246571797
2108936159450159022,7591109345808921544,300471914551172981,1,2,bkt,0.925210495565323
2108936159450159022,625545550176685521,8573800373938698102,1,2,bkt,0.8206504695641651
2108936159450159022,1761868641361943332,8573800373938698102,1,2,bkt,0.8802747012513936
2108936159450159022,4824259625677886603,300471914551172981,1,2,bkt,0.9252181019595633
2108936159450159022,8450591260754163598,8573800373938698102,0,2,bkt,0.9000918596504972
2108936159450159022,1553079256999111676,300471914551172981,1,2,bkt,0.9252206881468733
2108936159450159022,3220231712819306119,8573800373938698102,1,2,bkt,0.8502438045842929
2108936159450159022,338807275221326836,300471914551172981,1,2,bkt,0.9252215674453831
2108936159450159022,8525319303741530302,8573800373938698102,0,2,bkt,0.8904579708133248
2108936159450159022,6587421150596252277,300471914551172981,1,2,bkt,0.925221866403997
2108936159450159022,5891620578387310353,300471914551172981,0,2,bkt,0.9252219680488172
2108936159450159022,5791250638486922978,300471914551172981,1,2,bkt,0.9252215754666001
2108936159450159022,4031585874086886353,8573800373938698102,1,2,bkt,0.7950663741242979
2108936159450159022,2083452711903133430,8573800373938698102,1,2,bkt,0.8708600662833119
2108936159450159022,6319743179241711738,8573800373938698102,0,2,bkt,0.897143150639967
2108936159450159022,8628686323660025649,300471914551172981,1,2,bkt,0.9252218691311819
2108936159450159022,4378721629787482518,300471914551172981,1,2,bkt,0.9252219689760496
2108936159450159022,4813462692425748605,300471914551172981,0,2,bkt,0.9252220029229197
2108936159450159022,4644364625800006675,300471914551172981,1,2,bkt,0.9252218718100674
2108936159450159022,1062464292871659639,8573800373938698102,0,2,bkt,0.8322576085453599
2108936159450159022,5932668873100475470,300471914551172981,1,2,bkt,0.9252219698868605
2108936159450159022,5237822943399727048,8573800373938698102,1,2,bkt,0.5965284054386228
2125598698375511869,300471914551172981,300471914551172981,1,2,bkt,0.6240427971825541
2125598698375511869,8573800373938698102,8573800373938698102,0,2,bkt,0.5025072721158217
2125598698375511869,2014268979504181100,300471914551172981,1,2,bkt,0.773401494806722
2125598698375511869,2172169907340938753,300471914551172981,1,2,bkt,0.8634708291526818
2125598698375511869,8150806168444344502,300471914551172981,1,2,bkt,0.9027253872584683
2125598698375511869,816286915455981984,8573800373938698102,1,2,bkt,0.34884484707464464
2125598698375511869,1962751598315765836,300471914551172981,1,2,bkt,0.9173826402269202
2125598698375511869,7444476343858270082,300471914551172981,1,2,bkt,0.9225338854708982
2125598698375511869,2537821716777940730,300471914551172981,1,2,bkt,0.9243054019591953
2125598698375511869,1061301253559417093,300471914551172981,1,2,bkt,0.9249100646851198
2125598698375511869,8553379303363759508,300471914551172981,1,2,bkt,0.9251159209166168
2125598698375511869,6440511557387709110,300471914551172981,1,2,bkt,0.9251859428623831
2125598698375511869,7744513373483970787,8573800373938698102,0,2,bkt,0.48457328438244096
2125598698375511869,2971078979906996375,300471914551172981,1,2,bkt,0.9252097537075635
2125598698375511869,5841359775533910823,300471914551172981,1,2,bkt,0.9252178497243552
2125598698375511869,8621262567927479011,300471914551172981,1,2,bkt,0.9252206023871442
2125598698375511869,8434961942249729798,8573800373938698102,1,2,bkt,0.3444609060351503
2125598698375511869,2322042198017538996,8573800373938698102,0,2,bkt,0.4758136197238611
2125598698375511869,1742185772413642127,300471914551172981,1,2,bkt,0.9252215382873257
2125598698375511869,2334639155148655290,8573800373938698102,1,2,bkt,0.3424286598311388
2125598698375511869,7660717256841499384,300471914551172981,1,2,bkt,0.925221856490362
2125598698375511869,4113615466659810841,300471914551172981,1,2,bkt,0.925221964678219
2125598698375511869,6125574002232610732,300471914551172981,1,2,bkt,0.925222001461674
2125598698375511869,2774368076249802464,8573800373938698102,0,2,bkt,0.47167685041085783
2125598698375511869,8903365289186067945,8573800373938698102,1,2,bkt,0.3414923546468661
2125598698375511869,6925932688889117475,300471914551172981,1,2,bkt,0.9252220139679052
2125598698375511869,8194071366621068887,8573800373938698102,1,2,bkt,0.4697543724727754
2125598698375511869,2986660907093963186,300471914551172981,1,2,bkt,0.9252220182199746
2125598698375511869,7591109345808921544,300471914551172981,1,2,bkt,0.9252220196656616
2125598698375511869,625545550176685521,8573800373938698102,1,2,bkt,0.6617278709774822
2125598698375511869,1761868641361943332,8573800373938698102,0,2,bkt,0.8100090563880133
2125598698375511869,4824259625677886603,300471914551172981,1,2,bkt,0.9252220198163026
2125598698375511869,8450591260754163598,8573800373938698102,0,2,bkt,0.5527693919802901
2125598698375511869,1553079256999111676,300471914551172981,1,2,bkt,0.9252220198163026
2125598698375511869,3220231712819306119,8573800373938698102,1,2,bkt,0.36300487286462524
2125598698375511869,338807275221326836,300471914551172981,1,2,bkt,0.9252220198163026
2125598698375511869,8525319303741530302,8573800373938698102,1,2,bkt,0.5114214306418263
2125598698375511869,6587421150596252277,300471914551172981,1,2,bkt,0.9252220198163026
2125598698375511869,5891620578387310353,300471914551172981,1,2,bkt,0.9252220198163026
2125598698375511869,5791250638486922978,300471914551172981,1,2,bkt,0.9252220198163026
2125598698375511869,4031585874086886353,8573800373938698102,1,2,bkt,0.7033704973892516
2125598698375511869,2083452711903133430,8573800373938698102,1,2,bkt,0.8314908018202555
2125598698375511869,6319743179241711738,8573800373938698102,1,2,bkt,0.884089063625369
2125598698375511869,8628686323660025649,300471914551172981,1,2,bkt,0.9252220198163026
2125598698375511869,4378721629787482518,300471914551172981,1,2,bkt,0.9252220198163026
2125598698375511869,4813462692425748605,300471914551172981,1,2,bkt,0.9252220198163026
2125598698375511869,4644364625800006675,300471914551172981,1,2,bkt,0.9252220198163026
2125598698375511869,1062464292871659639,8573800373938698102,1,2,bkt,0.9012686598645001
2125598698375511869,5932668873100475470,300471914551172981,1,2,bkt,0.9252220198163026
2125598698375511869,5237822943399727048,8573800373938698102,0,2,bkt,0.9064454158315814
2157877054695219556,300471914551172981,300471914551172981,1,2,bkt,0.6240427971825541
2157877054695219556,8573800373938698102,8573800373938698102,0,2,bkt,0.5025072721158217
2157877054695219556,2014268979504181100,300471914551172981,0,2,bkt,0.773401494806722
2157877054695219556,2172169907340938753,300471914551172981,0,2,bkt,0.49948648602815027
2157877054695219556,8150806168444344502,300471914551172981,0,2,bkt,0.38472843652012184
2157877054695219556,816286915455981984,8573800373938698102,0,2,bkt,0.34884484707464464
2157877054695219556,1962751598315765836,300471914551172981,0,2,bkt,0.3670216119715397
2157877054695219556,7444476343858270082,300471914551172981,0,2,bkt,0.3648612569042803
2157877054695219556,2537821716777940730,300471914551172981,0,2,bkt,0.3646059233880854
2157877054695219556,1061301253559417093,300471914551172981,0,2,bkt,0.36457586011678034
2157877054695219556,8553379303363759508,300471914551172981,1,2,bkt,0.3645723220213561
2157877054695219556,6440511557387709110,300471914551172981,0,2,bkt,0.4414644715332079
2157877054695219556,7744513373483970787,8573800373938698102,0,2,bkt,0.3191118996806145
2157877054695219556,2971078979906996375,300471914551172981,0,2,bkt,0.3748664053987559
2157877054695219556,5841359775533910823,300471914551172981,0,2,bkt,0.36580327656909606
2157877054695219556,8621262567927479011,300471914551172981,1,2,bkt,0.3647170473065112
2157877054695219556,8434961942249729798,8573800373938698102,0,2,bkt,0.31490832047714434
2157877054695219556,2322042198017538996,8573800373938698102,0,2,bkt,0.3143434663637246
2157877054695219556,1742185772413642127,300471914551172981,1,2,bkt,0.4417812608107322
2157877054695219556,2334639155148655290,8573800373938698102,0,2,bkt,0.3142680922042531
2157877054695219556,7660717256841499384,300471914551172981,0,2,bkt,0.5809863824163238
2157877054695219556,4113615466659810841,300471914551172981,1,2,bkt,0.40319360559199907
2157877054695219556,6125574002232610732,300471914551172981,0,2,bkt,0.51793519347347
2157877054695219556,2774368076249802464,8573800373938698102,0,2,bkt,0.3142580436633764
2157877054695219556,8903365289186067945,8573800373938698102,1,2,bkt,0.31425670420438606
2157877054695219556,6925932688889117475,300471914551172981,1,2,bkt,0.3883615995528612
2157877054695219556,8194071366621068887,8573800373938698102,0,2,bkt,0.40881931251559434
2157877054695219556,2986660907093963186,300471914551172981,1,2,bkt,0.4903665248157345
2157877054695219556,7591109345808921544,300471914551172981,0,2,bkt,0.6462606907520203
2157877054695219556,625545550176685521,8573800373938698102,0,2,bkt,0.32887759485295054
2157877054695219556,1761868641361943332,8573800373938698102,0,2,bkt,0.316247895928633
2157877054695219556,4824259625677886603,300471914551172981,0,2,bkt,0.42411887196276205
2157877054695219556,8450591260754163598,8573800373938698102,0,2,bkt,0.31452271724918124
2157877054695219556,1553079256999111676,300471914551172981,0,2,bkt,0.37230401178575645
2157877054695219556,3220231712819306119,8573800373938698102,0,2,bkt,0.3142919979954895
2157877054695219556,338807275221326836,300471914551172981,1,2,bkt,0.36549298939150165
2157877054695219556,8525319303741530302,8573800373938698102,0,2,bkt,0.31426123043576143
2157877054695219556,6587421150596252277,300471914551172981,1,2,bkt,0.4434754426041033
2157877054695219556,5891620578387310353,300471914551172981,0,2,bkt,0.5835031838994895
2157877054695219556,5791250638486922978,300471914551172981,0,2,bkt,0.40387885601978024
2157877054695219556,4031585874086886353,8573800373938698102,1,2,bkt,0.31425712899324454
2157877054695219556,2083452711903133430,8573800373938698102,1,2,bkt,0.40882034527332667
2157877054695219556,6319743179241711738,8573800373938698102,0,2,bkt,0.5855460098945604
2157877054695219556,8628686323660025649,300471914551172981,1,2,bkt,0.36950255676038035
2157877054695219556,4378721629787482518,300471914551172981,1,2,bkt,0.452116498871291
2157877054695219556,4813462692425748605,300471914551172981,0,2,bkt,0.5960465101548611
2157877054695219556,4644364625800006675,300471914551172981,0,2,bkt,0.40742135591110373
2157877054695219556,1062464292871659639,8573800373938698102,1,2,bkt,0.3740889054274914
2157877054695219556,5932668873100475470,300471914551172981,0,2,bkt,0.36997906399724456
2157877054695219556,5237822943399727048,8573800373938698102,0,2,bkt,0.5310191501544812
2226818480359220255,300471914551172981,300471914551172981,1,2,bkt,0.6240427971825541
2226818480359220255,8573800373938698102,8573800373938698102,1,2,bkt,0.5025072721158217
2226818480359220255,2014268979504181100,300471914551172981,0,2,bkt,0.773401494806722
2226818480359220255,2172169907340938753,300471914551172981,0,2,bkt,0.49948648602815027
2226818480359220255,8150806168444344502,300471914551172981,0,2,bkt,0.38472843652012184
2226818480359220255,816286915455981984,8573800373938698102,1,2,bkt,0.6950422406082023
2226818480359220255,1962751598315765836,300471914551172981,0,2,bkt,0.3670216119715397
2226818480359220255,7444476343858270082,300471914551172981,0,2,bkt,0.3648612569042803
2226818480359220255,2537821716777940730,300471914551172981,1,2,bkt,0.3646059233880854
2226818480359220255,1061301253559417093,300471914551172981,0,2,bkt,0.44153804400470553
2226818480359220255,8553379303363759508,300471914551172981,0,2,bkt,0.3748776129601302
2226818480359220255,6440511557387709110,300471914551172981,1,2,bkt,0.36580463931037827
2226818480359220255,7744513373483970787,8573800373938698102,1,2,bkt,0.8274005147662947
2226818480359220255,2971078979906996375,300471914551172981,0,2,bkt,0.4441538718715122
2226818480359220255,5841359775533910823,300471914551172981,0,2,bkt,0.3752780194992895
2226818480359220255,8621262567927479011,300471914551172981,0,2,bkt,0.3658533573158549
2226818480359220255,8434961942249729798,8573800373938698102,1,2,bkt,0.8826615653921908
2226818480359220255,2322042198017538996,8573800373938698102,1,2,bkt,0.9008294416189261
2226818480359220255,1742185772413642127,300471914551172981,0,2,bkt,0.3647229642480987
2226818480359220255,2334639155148655290,8573800373938698102,1,2,bkt,0.906315524981365
2226818480359220255,7660717256841499384,300471914551172981,0,2,bkt,0.3645896376467122
2226818480359220255,4113615466659810841,300471914551172981,1,2,bkt,0.3645739434339341
2226818480359220255,6125574002232610732,300471914551172981,0,2,bkt,0.4414680220374395
2226818480359220255,2774368076249802464,8573800373938698102,1,2,bkt,0.9079289004129857
2226818480359220255,8903365289186067945,8573800373938698102,1,2,bkt,0.9083996600369283
2226818480359220255,6925932688889117475,300471914551172981,1,2,bkt,0.3748669461921338
2226818480359220255,8194071366621068887,8573800373938698102,1,2,bkt,0.9085367057426601
2226818480359220255,2986660907093963186,300471914551172981,0,2,bkt,0.46338825331926836
2226818480359220255,7591109345808921544,300471914551172981,0,2,bkt,0.37834212448625965
2226818480359220255,625545550176685521,8573800373938698102,1,2,bkt,0.9085765752637126
2226818480359220255,1761868641361943332,8573800373938698102,1,2,bkt,0.9085881718999048
2226818480359220255,4824259625677886603,300471914551172981,0,2,bkt,0.3662282488147903
2226818480359220255,8450591260754163598,8573800373938698102,1,2,bkt,0.908591544760923
2226818480359220255,1553079256999111676,300471914551172981,0,2,bkt,0.36476728664051594
2226818480359220255,3220231712819306119,8573800373938698102,1,2,bkt,0.9085925257353907
2226818480359220255,338807275221326836,300471914551172981,1,2,bkt,0.36459485640713135
2226818480359220255,8525319303741530302,8573800373938698102,1,2,bkt,0.9085928110440028
2226818480359220255,6587421150596252277,300471914551172981,0,2,bkt,0.4415138135969713
2226818480359220255,5891620578387310353,300471914551172981,0,2,bkt,0.37487392152814697
2226818480359220255,5791250638486922978,300471914551172981,0,2,bkt,0.3658041904591903
2226818480359220255,4031585874086886353,8573800373938698102,1,2,bkt,0.908592894023625
2226818480359220255,2083452711903133430,8573800373938698102,1,2,bkt,0.9085929181575437
2226818480359220255,6319743179241711738,8573800373938698102,1,2,bkt,0.9085929251766884
2226818480359220255,8628686323660025649,300471914551172981,0,2,bkt,0.3647171552724549
2226818480359220255,4378721629787482518,300471914551172981,1,2,bkt,0.3645889537201855
2226818480359220255,4813462692425748605,300471914551172981,1,2,bkt,0.44150088946083643
2226818480359220255,4644364625800006675,300471914551172981,1,2,bkt,0.5805680123763708
2226818480359220255,1062464292871659639,8573800373938698102,1,2,bkt,0.9085929272181468
2226818480359220255,5932668873100475470,300471914551172981,0,2,bkt,0.7384765458990379
2226818480359220255,5237822943399727048,8573800373938698102,1,2,bkt,0.9085929274249654
2256372558845299038,300471914551172981,300471914551172981,0,2,bkt,0.6240427971825541
2256372558845299038,8573800373938698102,8573800373938698102,1,2,bkt,0.5025072721158217
2256372558845299038,2014268979504181100,300471914551172981,1,2,bkt,0.4161806849477127
2256372558845299038,2172169907340938753,300471914551172981,1,2,bkt,0.5404610728849124
2256372558845299038,8150806168444344502,300471914551172981,0,2,bkt,0.7012744149526855
2256372558845299038,816286915455981984,8573800373938698102,1,2,bkt,0.6950422406082023
2256372558845299038,1962751598315765836,300471914551172981,1,2,bkt,0.4488563532905648
2256372558845299038,7444476343858270082,300471914551172981,1,2,bkt,0.5913708269510132
2256372558845299038,2537821716777940730,300471914551172981,0,2,bkt,0.7476343160395311
2256372558845299038,1061301253559417093,300471914551172981,1,2,bkt,0.47807633618136613
2256372558845299038,8553379303363759508,300471914551172981,1,2,bkt,0.6310023853557398
2256372558845299038,6440511557387709110,300471914551172981,1,2,bkt,0.7785455306098458
2256372558845299038,7744513373483970787,8573800373938698102,0,2,bkt,0.8274005147662947
2256372558845299038,2971078979906996375,300471914551172981,1,2,bkt,0.8659572851430632
2256372558845299038,5841359775533910823,300471914551172981,1,2,bkt,0.9036932247762889
2256372558845299038,8621262567927479011,300471914551172981,1,2,bkt,0.917727936259131
2256372558845299038,8434961942249729798,8573800373938698102,1,2,bkt,0.5860127666306374
2256372558845299038,2322042198017538996,8573800373938698102,1,2,bkt,0.7631286844403878
2256372558845299038,1742185772413642127,300471914551172981,1,2,bkt,0.9226532548500911
2256372558845299038,2334639155148655290,8573800373938698102,1,2,bkt,0.8582215130965966
2256372558845299038,7660717256841499384,300471914551172981,1,2,bkt,0.9243462186608516
2256372558845299038,4113615466659810841,300471914551172981,1,2,bkt,0.9249239691270918
2256372558845299038,6125574002232610732,300471914551172981,0,2,bkt,0.9251206514906275
2256372558845299038,2774368076249802464,8573800373938698102,1,2,bkt,0.8930829769259631
2256372558845299038,8903365289186067945,8573800373938698102,1,2,bkt,0.9040036508229321
2256372558845299038,6925932688889117475,300471914551172981,1,2,bkt,0.9243618010518327
2256372558845299038,8194071366621068887,8573800373938698102,1,2,bkt,0.9072513999215062
2256372558845299038,2986660907093963186,300471914551172981,1,2,bkt,0.9249292770334833
2256372558845299038,7591109345808921544,300471914551172981,1,2,bkt,0.9251224573108474
2256372558845299038,625545550176685521,8573800373938698102,1,2,bkt,0.908202179110914
2256372558845299038,1761868641361943332,8573800373938698102,1,2,bkt,0.908479233164412
2256372558845299038,4824259625677886603,300471914551172981,0,2,bkt,0.9251881657048048
2256372558845299038,8450591260754163598,8573800373938698102,1,2,bkt,0.9085598567284363
2256372558845299038,1553079256999111676,300471914551172981,1,2,bkt,0.9249344692075475
2256372558845299038,3220231712819306119,8573800373938698102,0,2,bkt,0.9085833091921036
2256372558845299038,338807275221326836,300471914551172981,1,2,bkt,0.9251242237373403
2256372558845299038,8525319303741530302,8573800373938698102,1,2,bkt,0.9085207741310118
2256372558845299038,6587421150596252277,300471914551172981,1,2,bkt,0.9251887664109991
2256372558845299038,5891620578387310353,300471914551172981,0,2,bkt,0.9252107137749357
2256372558845299038,5791250638486922978,300471914551172981,1,2,bkt,0.9251259564577259
2256372558845299038,4031585874086886353,8573800373938698102,1,2,bkt,0.9085719410356893
2256372558845299038,2083452711903133430,8573800373938698102,1,2,bkt,0.9085868240188454
2256372558845299038,6319743179241711738,8573800373938698102,1,2,bkt,0.9085911527365352
2256372558845299038,8628686323660025649,300471914551172981,1,2,bkt,0.925189355652576
2256372558845299038,4378721629787482518,300471914551172981,1,2,bkt,0.9252109141290299
2256372558845299038,4813462692425748605,300471914551172981,1,2,bkt,0.9252182442730594
2256372558845299038,4644364625800006675,300471914551172981,1,2,bkt,0.925220736533305
2256372558845299038,1062464292871659639,8573800373938698102,1,2,bkt,0.9085924117180473
2256372558845299038,5932668873100475470,300471914551172981,1,2,bkt,0.9252215838966261
2256372558845299038,5237822943399727048,8573800373938698102,0,2,bkt,0.9085927778829981
2277551084322778170,300471914551172981,300471914551172981,0,2,bkt,0.6240427971825541
2277551084322778170,8573800373938698102,8573800373938698102,1,2,bkt,0.5025072721158217
2277551084322778170,2014268979504181100,300471914551172981,0,2,bkt,0.4161806849477127
2277551084322778170,2172169907340938753,300471914551172981,0,2,bkt,0.3711821219902946
2277551084322778170,8150806168444344502,300471914551172981,0,2,bkt,0.3653579326891565
2277551084322778170,816286915455981984,8573800373938698102,1,2,bkt,0.6950422406082023
2277551084322778170,1962751598315765836,300471914551172981,0,2,bkt,0.3646644718786235
2277551084322778170,7444476343858270082,300471914551172981,0,2,bkt,0.36458275155038683
2277551084322778170,2537821716777940730,300471914551172981,0,2,bkt,0.3645731330329157
2277551084322778170,1061301253559417093,300471914551172981,0,2,bkt,0.36457200109204213
2277551084322778170,8553379303363759508,300471914551172981,0,2,bkt,0.36457186788352347
2277551084322778170,6440511557387709110,300471914551172981,0,2,bkt,0.3645718522073742
2277551084322778170,7744513373483970787,8573800373938698102,1,2,bkt,0.8274005147662947
2277551084322778170,2971078979906996375,300471914551172981,0,2,bkt,0.3645718503625853
2277551084322778170,5841359775533910823,300471914551172981,0,2,bkt,0.36457185014548826
2277551084322778170,8621262567927479011,300471914551172981,0,2,bkt,0.36457185011994003
2277551084322778170,8434961942249729798,8573800373938698102,0,2,bkt,0.8826615653921908
2277551084322778170,2322042198017538996,8573800373938698102,1,2,bkt,0.7570461352371276
2277551084322778170,1742185772413642127,300471914551172981,0,2,bkt,0.36457185011693344
2277551084322778170,2334639155148655290,8573800373938698102,1,2,bkt,0.8556936093488237
2277551084322778170,7660717256841499384,300471914551172981,0,2,bkt,0.36457185011657967
2277551084322778170,4113615466659810841,300471914551172981,0,2,bkt,0.3645718501165379
2277551084322778170,6125574002232610732,300471914551172981,1,2,bkt,0.3645718501165331
2277551084322778170,2774368076249802464,8573800373938698102,1,2,bkt,0.8922564864064213
2277551084322778170,8903365289186067945,8573800373938698102,1,2,bkt,0.9037546209890241
2277551084322778170,6925932688889117475,300471914551172981,0,2,bkt,0.4414634381690201
2277551084322778170,8194071366621068887,8573800373938698102,1,2,bkt,0.9071782143124393
2277551084322778170,2986660907093963186,300471914551172981,1,2,bkt,0.37486624800366863
2277551084322778170,7591109345808921544,300471914551172981,0,2,bkt,0.4633868072636441
2277551084322778170,625545550176685521,8573800373938698102,1,2,bkt,0.9081808289840432
2277551084322778170,1761868641361943332,8573800373938698102,1,2,bkt,0.9084730181717772
2277551084322778170,4824259625677886603,300471914551172981,0,2,bkt,0.3783418858680102
2277551084322778170,8450591260754163598,8573800373938698102,0,2,bkt,0.9085580486860451
2277551084322778170,1553079256999111676,300471914551172981,1,2,bkt,0.36622821947609574
2277551084322778170,3220231712819306119,8573800373938698102,1,2,bkt,0.9083313599180779
2277551084322778170,338807275221326836,300471914551172981,0,2,bkt,0.44507411041283484
2277551084322778170,8525319303741530302,8573800373938698102,1,2,bkt,0.908516831288225
2277551084322778170,6587421150596252277,300471914551172981,1,2,bkt,0.37541977862430537
2277551084322778170,5891620578387310353,300471914551172981,0,2,bkt,0.46453156603253404
2277551084322778170,5791250638486922978,300471914551172981,0,2,bkt,0.3785311894956367
2277551084322778170,4031585874086886353,8573800373938698102,1,2,bkt,0.9085707941063861
2277551084322778170,2083452711903133430,8573800373938698102,1,2,bkt,0.908586490428415
2277551084322778170,6319743179241711738,8573800373938698102,0,2,bkt,0.9085910557132665
2277551084322778170,8628686323660025649,300471914551172981,0,2,bkt,0.36625150189878014
2277551084322778170,4378721629787482518,300471914551172981,0,2,bkt,0.3647700375158981
2277551084322778170,4813462692425748605,300471914551172981,0,2,bkt,0.3645951803342173
2277551084322778170,4644364625800006675,300471914551172981,0,2,bkt,0.3645745957465432
2277551084322778170,1062464292871659639,8573800373938698102,1,2,bkt,0.9085788818758125
2277551084322778170,5932668873100475470,300471914551172981,0,2,bkt,0.36457217322710295
2277551084322778170,5237822943399727048,8573800373938698102,1,2,bkt,0.9085888427807925
2290358221148407258,300471914551172981,300471914551172981,1,2,bkt,0.6240427971825541
2290358221148407258,8573800373938698102,8573800373938698102,0,2,bkt,0.5025072721158217
2290358221148407258,2014268979504181100,300471914551172981,1,2,bkt,0.773401494806722
2290358221148407258,2172169907340938753,300471914551172981,1,2,bkt,0.8634708291526818
2290358221148407258,8150806168444344502,300471914551172981,1,2,bkt,0.9027253872584683
2290358221148407258,816286915455981984,8573800373938698102,1,2,bkt,0.34884484707464464
2290358221148407258,1962751598315765836,300471914551172981,1,2,bkt,0.9173826402269202
2290358221148407258,7444476343858270082,300471914551172981,1,2,bkt,0.9225338854708982
2290358221148407258,2537821716777940730,300471914551172981,1,2,bkt,0.9243054019591953
2290358221148407258,1061301253559417093,300471914551172981,1,2,bkt,0.9249100646851198
2290358221148407258,8553379303363759508,300471914551172981,1,2,bkt,0.9251159209166168
2290358221148407258,6440511557387709110,300471914551172981,1,2,bkt,0.9251859428623831
2290358221148407258,7744513373483970787,8573800373938698102,0,2,bkt,0.48457328438244096
2290358221148407258,2971078979906996375,300471914551172981,1,2,bkt,0.9252097537075635
2290358221148407258,5841359775533910823,300471914551172981,1,2,bkt,0.9252178497243552
2290358221148407258,8621262567927479011,300471914551172981,1,2,bkt,0.9252206023871442
2290358221148407258,8434961942249729798,8573800373938698102,1,2,bkt,0.3444609060351503
2290358221148407258,2322042198017538996,8573800373938698102,0,2,bkt,0.4758136197238611
2290358221148407258,1742185772413642127,300471914551172981,1,2,bkt,0.9252215382873257
2290358221148407258,2334639155148655290,8573800373938698102,0,2,bkt,0.3424286598311388
2290358221148407258,7660717256841499384,300471914551172981,1,2,bkt,0.925221856490362
2290358221148407258,4113615466659810841,300471914551172981,1,2,bkt,0.925221964678219
2290358221148407258,6125574002232610732,300471914551172981,0,2,bkt,0.925222001461674
2290358221148407258,2774368076249802464,8573800373938698102,0,2,bkt,0.31817262812740893
2290358221148407258,8903365289186067945,8573800373938698102,0,2,bkt,0.31478150201233956
2290358221148407258,6925932688889117475,300471914551172981,1,2,bkt,0.9252218593930944
2290358221148407258,8194071366621068887,8573800373938698102,0,2,bkt,0.31432653288376244
2290358221148407258,2986660907093963186,300471914551172981,1,2,bkt,0.925221965665137
2290358221148407258,7591109345808921544,300471914551172981,1,2,bkt,0.9252220017972222
2290358221148407258,625545550176685521,8573800373938698102,1,2,bkt,0.3142658345171436
2290358221148407258,1761868641361943332,8573800373938698102,1,2,bkt,0.40884150975477374
2290358221148407258,4824259625677886603,300471914551172981,1,2,bkt,0.9252220140819902
2290358221148407258,8450591260754163598,8573800373938698102,0,2,bkt,0.5855764128061113
2290358221148407258,1553079256999111676,300471914551172981,1,2,bkt,0.9252220182587632
2290358221148407258,3220231712819306119,8573800373938698102,1,2,bkt,0.3741000006466111
2290358221148407258,338807275221326836,300471914551172981,1,2,bkt,0.9252220196788494
2290358221148407258,8525319303741530302,8573800373938698102,1,2,bkt,0.5310381858335476
2290358221148407258,6587421150596252277,300471914551172981,1,2,bkt,0.9252220198163026
2290358221148407258,5891620578387310353,300471914551172981,1,2,bkt,0.9252220198163026
2290358221148407258,5791250638486922978,300471914551172981,1,2,bkt,0.9252220198163026
2290358221148407258,4031585874086886353,8573800373938698102,0,2,bkt,0.7207132299100182
2290358221148407258,2083452711903133430,8573800373938698102,1,2,bkt,0.4472847104052567
2290358221148407258,6319743179241711738,8573800373938698102,0,2,bkt,0.6360513201020958
2290358221148407258,8628686323660025649,300471914551172981,1,2,bkt,0.9252220198163026
2290358221148407258,4378721629787482518,300471914551172981,1,2,bkt,0.9252220198163026
2290358221148407258,4813462692425748605,300471914551172981,1,2,bkt,0.9252220198163026
2290358221148407258,4644364625800006675,300471914551172981,1,2,bkt,0.9252220198163026
2290358221148407258,1062464292871659639,8573800373938698102,0,2,bkt,0.3950764710738135
2290358221148407258,5932668873100475470,300471914551172981,1,2,bkt,0.9252220198163026
2290358221148407258,5237822943399727048,8573800373938698102,0,2,bkt,0.32646881384224136
2319496717936970235,300471914551172981,300471914551172981,1,2,bkt,0.6240427971825541
2319496717936970235,8573800373938698102,8573800373938698102,0,2,bkt,0.5025072721158217
2319496717936970235,2014268979504181100,300471914551172981,0,2,bkt,0.773401494806722
2319496717936970235,2172169907340938753,300471914551172981,0,2,bkt,0.49948648602815027
2319496717936970235,8150806168444344502,300471914551172981,1,2,bkt,0.38472843652012184
2319496717936970235,816286915455981984,8573800373938698102,0,2,bkt,0.34884484707464464
2319496717936970235,1962751598315765836,300471914551172981,0,2,bkt,0.48328934655256894
2319496717936970235,7444476343858270082,300471914551172981,1,2,bkt,0.3817525574741096
2319496717936970235,2537821716777940730,300471914551172981,0,2,bkt,0.4773921602285154
2319496717936970235,1061301253559417093,300471914551172981,1,2,bkt,0.38071488166871037
2319496717936970235,8553379303363759508,300471914551172981,0,2,bkt,0.475314159480806
2319496717936970235,6440511557387709110,300471914551172981,0,2,bkt,0.38035479204069955
2319496717936970235,7744513373483970787,8573800373938698102,0,2,bkt,0.3191118996806145
2319496717936970235,2971078979906996375,300471914551172981,0,2,bkt,0.36647651506658685
2319496717936970235,5841359775533910823,300471914551172981,0,2,bkt,0.36479666734927507
2319496717936970235,8621262567927479011,300471914551172981,0,2,bkt,0.3645983162535586
2319496717936970235,8434961942249729798,8573800373938698102,0,2,bkt,0.31490832047714434
2319496717936970235,2322042198017538996,8573800373938698102,1,2,bkt,0.3143434663637246
2319496717936970235,1742185772413642127,300471914551172981,0,2,bkt,0.36457496481437635
2319496717936970235,2334639155148655290,8573800373938698102,1,2,bkt,0.40903019300003574
2319496717936970235,7660717256841499384,300471914551172981,0,2,bkt,0.36457221665986783
2319496717936970235,4113615466659810841,300471914551172981,1,2,bkt,0.3645718932518356
2319496717936970235,6125574002232610732,300471914551172981,0,2,bkt,0.4414635326256289
2319496717936970235,2774368076249802464,8573800373938698102,1,2,bkt,0.5858473184261085
2319496717936970235,8903365289186067945,8573800373938698102,1,2,bkt,0.7630129758607639
2319496717936970235,6925932688889117475,300471914551172981,1,2,bkt,0.37486626239064014
2319496717936970235,8194071366621068887,8573800373938698102,0,2,bkt,0.8581738007377072
2319496717936970235,2986660907093963186,300471914551172981,1,2,bkt,0.4633868370613279
2319496717936970235,7591109345808921544,300471914551172981,1,2,bkt,0.6117035160947525
2319496717936970235,625545550176685521,8573800373938698102,0,2,bkt,0.6648115314981553
2319496717936970235,1761868641361943332,8573800373938698102,1,2,bkt,0.4098540863040045
2319496717936970235,4824259625677886603,300471914551172981,1,2,bkt,0.7639934295107107
2319496717936970235,8450591260754163598,8573800373938698102,0,2,bkt,0.5870273166796741
2319496717936970235,1553079256999111676,300471914551172981,0,2,bkt,0.8588366639767981
2319496717936970235,3220231712819306119,8573800373938698102,0,2,bkt,0.3746313918333102
2319496717936970235,338807275221326836,300471914551172981,0,2,bkt,0.6263970889067758
2319496717936970235,8525319303741530302,8573800373938698102,1,2,bkt,0.3230812012207973
2319496717936970235,6587421150596252277,300471914551172981,0,2,bkt,0.41697712261563913
2319496717936970235,5891620578387310353,300471914551172981,1,2,bkt,0.3712933023087803
2319496717936970235,5791250638486922978,300471914551172981,0,2,bkt,0.4559154624887244
2319496717936970235,4031585874086886353,8573800373938698102,1,2,bkt,0.42968769307646504
2319496717936970235,2083452711903133430,8573800373938698102,1,2,bkt,0.6140678057305349
2319496717936970235,6319743179241711738,8573800373938698102,0,2,bkt,0.7818476782133372
2319496717936970235,8628686323660025649,300471914551172981,1,2,bkt,0.37712594844259795
2319496717936970235,4378721629787482518,300471914551172981,1,2,bkt,0.46803895965169684
2319496717936970235,4813462692425748605,300471914551172981,0,2,bkt,0.6179464863996632
2319496717936970235,4644364625800006675,300471914551172981,0,2,bkt,0.41416396929888166
2319496717936970235,1062464292871659639,8573800373938698102,0,2,bkt,0.5101798800003929
2319496717936970235,5932668873100475470,300471914551172981,0,2,bkt,0.3709019463920803
2319496717936970235,5237822943399727048,8573800373938698102,0,2,bkt,0.3508184562012032
2322042198017538996,300471914551172981,300471914551172981,0,2,bkt,0.6240427971825541
2322042198017538996,8573800373938698102,8573800373938698102,0,2,bkt,0.5025072721158217
2322042198017538996,2014268979504181100,300471914551172981,1,2,bkt,0.4161806849477127
2322042198017538996,2172169907340938753,300471914551172981,0,2,bkt,0.5404610728849124
2322042198017538996,8150806168444344502,300471914551172981,0,2,bkt,0.39319323545329893
2322042198017538996,816286915455981984,8573800373938698102,0,2,bkt,0.34884484707464464
2322042198017538996,1962751598315765836,300471914551172981,0,2,bkt,0.36809891918297194
2322042198017538996,7444476343858270082,300471914551172981,0,2,bkt,0.36498923680357576
2322042198017538996,2537821716777940730,300471914551172981,0,2,bkt,0.36462100098920047
2322042198017538996,1061301253559417093,300471914551172981,0,2,bkt,0.3645776347001572
2322042198017538996,8553379303363759508,300471914551172981,0,2,bkt,0.36457253085976693
2322042198017538996,6440511557387709110,300471914551172981,0,2,bkt,0.36457193022733364
2322042198017538996,7744513373483970787,8573800373938698102,0,2,bkt,0.3191118996806145
2322042198017538996,2971078979906996375,300471914551172981,0,2,bkt,0.3645718595440729
2322042198017538996,5841359775533910823,300471914551172981,0,2,bkt,0.3645718512259772
2322042198017538996,8621262567927479011,300471914551172981,0,2,bkt,0.36457185024709327
2322042198017538996,8434961942249729798,8573800373938698102,0,2,bkt,0.31490832047714434
2322042198017538996,2322042198017538996,8573800373938698102,0,2,bkt,0.3143434663637246
2322042198017538996,1742185772413642127,300471914551172981,0,2,bkt,0.364571850131897
2322042198017538996,2334639155148655290,8573800373938698102,0,2,bkt,0.3142680922042531
2322042198017538996,7660717256841499384,300471914551172981,1,2,bkt,0.3645718501183406
2322042198017538996,4113615466659810841,300471914551172981,0,2,bkt,0.4414634381729781
2322042198017538996,6125574002232610732,300471914551172981,0,2,bkt,0.37486624800427143
2322042198017538996,2774368076249802464,8573800373938698102,0,2,bkt,0.3142580436633764
2322042198017538996,8903365289186067945,8573800373938698102,0,2,bkt,0.31425670420438606
2322042198017538996,6925932688889117475,300471914551172981,0,2,bkt,0.3658032574316535
2322042198017538996,8194071366621068887,8573800373938698102,0,2,bkt,0.3142565256590018
2322042198017538996,2986660907093963186,300471914551172981,0,2,bkt,0.3647170450456387
2322042198017538996,7591109345808921544,300471914551172981,1,2,bkt,0.36458894074262355
2322042198017538996,625545550176685521,8573800373938698102,0,2,bkt,0.3142565018595545
2322042198017538996,1761868641361943332,8573800373938698102,0,2,bkt,0.3142564986871761
2322042198017538996,4824259625677886603,300471914551172981,0,2,bkt,0.4415008610455571
2322042198017538996,8450591260754163598,8573800373938698102,0,2,bkt,0.3142564982643097
2322042198017538996,1553079256999111676,300471914551172981,0,2,bkt,0.37487194837607196
2322042198017538996,3220231712819306119,8573800373938698102,0,2,bkt,0.31425649820794316
2322042198017538996,338807275221326836,300471914551172981,0,2,bkt,0.3658039505404726
2322042198017538996,8525319303741530302,8573800373938698102,0,2,bkt,0.3142564982004297
2322042198017538996,6587421150596252277,300471914551172981,0,2,bkt,0.36471712692869845
2322042198017538996,5891620578387310353,300471914551172981,0,2,bkt,0.36458895038313094
2322042198017538996,5791250638486922978,300471914551172981,0,2,bkt,0.3645738625514554
2322042198017538996,4031585874086886353,8573800373938698102,0,2,bkt,0.31425649819942825
2322042198017538996,2083452711903133430,8573800373938698102,0,2,bkt,0.31425649819929474
2322042198017538996,6319743179241711738,8573800373938698102,0,2,bkt,0.3142564981992769
2322042198017538996,8628686323660025649,300471914551172981,0,2,bkt,0.36457208694314175
2322042198017538996,4378721629787482518,300471914551172981,0,2,bkt,0.3645718779865945
2322042198017538996,4813462692425748605,300471914551172981,1,2,bkt,0.36457185339631637
2322042198017538996,4644364625800006675,300471914551172981,0,2,bkt,0.44146344535100845
2322042198017538996,1062464292871659639,8573800373938698102,1,2,bkt,0.3142564981992746
2322042198017538996,5932668873100475470,300471914551172981,0,2,bkt,0.37486624909757876
2322042198017538996,5237822943399727048,8573800373938698102,0,2,bkt,0.40881881166959877
2337601666736232616,300471914551172981,300471914551172981,1,2,bkt,0.6240427971825541
2337601666736232616,8573800373938698102,8573800373938698102,0,2,bkt,0.5025072721158217
2337601666736232616,2014268979504181100,300471914551172981,0,2,bkt,0.773401494806722
2337601666736232616,2172169907340938753,300471914551172981,0,2,bkt,0.49948648602815027
2337601666736232616,8150806168444344502,300471914551172981,0,2,bkt,0.38472843652012184
2337601666736232616,816286915455981984,8573800373938698102,1,2,bkt,0.34884484707464464
2337601666736232616,1962751598315765836,300471914551172981,1,2,bkt,0.3670216119715397
2337601666736232616,7444476343858270082,300471914551172981,1,2,bkt,0.4467920601822465
2337601666736232616,2537821716777940730,300471914551172981,1,2,bkt,0.5883749473474621
2337601666736232616,1061301253559417093,300471914551172981,1,2,bkt,0.7451283446727544
2337601666736232616,8553379303363759508,300471914551172981,1,2,bkt,0.8491916275577965
2337601666736232616,6440511557387709110,300471914551172981,0,2,bkt,0.8970575630976076
2337601666736232616,7744513373483970787,8573800373938698102,0,2,bkt,0.48457328438244096
2337601666736232616,2971078979906996375,300471914551172981,1,2,bkt,0.7513725416020964
2337601666736232616,5841359775533910823,300471914551172981,1,2,bkt,0.852437683530166
2337601666736232616,8621262567927479011,300471914551172981,1,2,bkt,0.8983626922104732
2337601666736232616,8434961942249729798,8573800373938698102,0,2,bkt,0.3444609060351503
2337601666736232616,2322042198017538996,8573800373938698102,1,2,bkt,0.31846814096095855
2337601666736232616,1742185772413642127,300471914551172981,1,2,bkt,0.915816923072764
2337601666736232616,2334639155148655290,8573800373938698102,1,2,bkt,0.4189228804719366
2337601666736232616,7660717256841499384,300471914551172981,1,2,bkt,0.9219914851412965
2337601666736232616,4113615466659810841,300471914551172981,1,2,bkt,0.9241198025777536
2337601666736232616,6125574002232610732,300471914551172981,0,2,bkt,0.924846823707676
2337601666736232616,2774368076249802464,8573800373938698102,1,2,bkt,0.5997091260971363
2337601666736232616,8903365289186067945,8573800373938698102,1,2,bkt,0.7724860250519762
2337601666736232616,6925932688889117475,300471914551172981,1,2,bkt,0.9220496921281603
2337601666736232616,8194071366621068887,8573800373938698102,0,2,bkt,0.8620326895500934
2337601666736232616,2986660907093963186,300471914551172981,1,2,bkt,0.9241397303934487
2337601666736232616,7591109345808921544,300471914551172981,0,2,bkt,0.9248536151121534
2337601666736232616,625545550176685521,8573800373938698102,0,2,bkt,0.6771730294345952
2337601666736232616,1761868641361943332,8573800373938698102,1,2,bkt,0.41701475728281345
2337601666736232616,4824259625677886603,300471914551172981,0,2,bkt,0.9221068326682421
2337601666736232616,8450591260754163598,8573800373938698102,0,2,bkt,0.5970866234680271
2337601666736232616,1553079256999111676,300471914551172981,0,2,bkt,0.899809291010065
2337601666736232616,3220231712819306119,8573800373938698102,1,2,bkt,0.37842084496548645
2337601666736232616,338807275221326836,300471914551172981,1,2,bkt,0.7640497541480236
2337601666736232616,8525319303741530302,8573800373938698102,1,2,bkt,0.5383664461259128
2337601666736232616,6587421150596252277,300471914551172981,0,2,bkt,0.8588647475883354
2337601666736232616,5891620578387310353,300471914551172981,1,2,bkt,0.6264640674529978
2337601666736232616,5791250638486922978,300471914551172981,1,2,bkt,0.7752040913998263
2337601666736232616,4031585874086886353,8573800373938698102,1,2,bkt,0.7268677214431674
2337601666736232616,2083452711903133430,8573800373938698102,1,2,bkt,0.8425257946318037
2337601666736232616,6319743179241711738,8573800373938698102,0,2,bkt,0.8878711063191087
2337601666736232616,8628686323660025649,300471914551172981,1,2,bkt,0.8643459001692227
2337601666736232616,4378721629787482518,300471914551172981,1,2,bkt,0.9030666382093199
2337601666736232616,4813462692425748605,300471914551172981,0,2,bkt,0.9175044730288973
2337601666736232616,4644364625800006675,300471914551172981,1,2,bkt,0.8657770173379058
2337601666736232616,1062464292871659639,8573800373938698102,1,2,bkt,0.7818650692969685
2337601666736232616,5932668873100475470,300471914551172981,1,2,bkt,0.9036232435634499
2337601666736232616,5237822943399727048,8573800373938698102,1,2,bkt,0.8657611639891134
2340999525096127029,300471914551172981,300471914551172981,0,2,bkt,0.6240427971825541
2340999525096127029,8573800373938698102,8573800373938698102,1,2,bkt,0.5025072721158217
2340999525096127029,2014268979504181100,300471914551172981,1,2,bkt,0.4161806849477127
2340999525096127029,2172169907340938753,300471914551172981,0,2,bkt,0.5404610728849124
2340999525096127029,8150806168444344502,300471914551172981,1,2,bkt,0.39319323545329893
2340999525096127029,816286915455981984,8573800373938698102,0,2,bkt,0.6950422406082023
2340999525096127029,1962751598315765836,300471914551172981,1,2,bkt,0.4995756356086337
2340999525096127029,7444476343858270082,300471914551172981,1,2,bkt,0.6572018024120191
2340999525096127029,2537821716777940730,300471914551172981,1,2,bkt,0.7969332428462587
2340999525096127029,1061301253559417093,300471914551172981,0,2,bkt,0.8745828502292067
2340999525096127029,8553379303363759508,300471914551172981,0,2,bkt,0.6686577923229804
2340999525096127029,6440511557387709110,300471914551172981,0,2,bkt,0.43319858058717703
2340999525096127029,7744513373483970787,8573800373938698102,1,2,bkt,0.4283920093640687
2340999525096127029,2971078979906996375,300471914551172981,0,2,bkt,0.37362575872486187
2340999525096127029,5841359775533910823,300471914551172981,1,2,bkt,0.3656527262900825
2340999525096127029,8621262567927479011,300471914551172981,0,2,bkt,0.4438233175871501
2340999525096127029,8434961942249729798,8573800373938698102,0,2,bkt,0.6123777549623743
2340999525096127029,2322042198017538996,8573800373938698102,1,2,bkt,0.3845579102415992
2340999525096127029,1742185772413642127,300471914551172981,1,2,bkt,0.3752272134288781
2340999525096127029,2334639155148655290,8573800373938698102,1,2,bkt,0.5484920042328475
2340999525096127029,7660717256841499384,300471914551172981,1,2,bkt,0.46413370433213075
2340999525096127029,4113615466659810841,300471914551172981,0,2,bkt,0.6127142165124423
2340999525096127029,6125574002232610732,300471914551172981,1,2,bkt,0.4124837167556171
2340999525096127029,2774368076249802464,8573800373938698102,1,2,bkt,0.7351008654668707
2340999525096127029,8903365289186067945,8573800373938698102,1,2,bkt,0.8462254257454964
2340999525096127029,6925932688889117475,300471914551172981,0,2,bkt,0.5341931621685642
2340999525096127029,8194071366621068887,8573800373938698102,1,2,bkt,0.8891170091566802
2340999525096127029,2986660907093963186,300471914551172981,1,2,bkt,0.3918018905119004
2340999525096127029,7591109345808921544,300471914551172981,0,2,bkt,0.49694701404854147
2340999525096127029,625545550176685521,8573800373938698102,1,2,bkt,0.9028044456909986
2340999525096127029,1761868641361943332,8573800373938698102,1,2,bkt,0.9068986031251121
2340999525096127029,4824259625677886603,300471914551172981,0,2,bkt,0.3842491954123884
2340999525096127029,8450591260754163598,8573800373938698102,1,2,bkt,0.9080992274681998
2340999525096127029,1553079256999111676,300471914551172981,1,2,bkt,0.3669615053373592
2340999525096127029,3220231712819306119,8573800373938698102,1,2,bkt,0.9084492613894782
2340999525096127029,338807275221326836,300471914551172981,0,2,bkt,0.446662170073814
2340999525096127029,8525319303741530302,8573800373938698102,1,2,bkt,0.9085511372238564
2340999525096127029,6587421150596252277,300471914551172981,1,2,bkt,0.37566552189944397
2340999525096127029,5891620578387310353,300471914551172981,1,2,bkt,0.4650387073236343
2340999525096127029,5791250638486922978,300471914551172981,0,2,bkt,0.6139345643111455
2340999525096127029,4031585874086886353,8573800373938698102,1,2,bkt,0.9085807729896561
2340999525096127029,2083452711903133430,8573800373938698102,1,2,bkt,0.9085893928109743
2340999525096127029,6319743179241711738,8573800373938698102,1,2,bkt,0.9085918998557272
2340999525096127029,8628686323660025649,300471914551172981,1,2,bkt,0.41287153775674157
2340999525096127029,4378721629787482518,300471914551172981,1,2,bkt,0.5348559513126075
2340999525096127029,4813462692425748605,300471914551172981,0,2,bkt,0.6956309010118995
2340999525096127029,4644364625800006675,300471914551172981,0,2,bkt,0.445907067893601
2340999525096127029,1062464292871659639,8573800373938698102,1,2,bkt,0.908592629011958
2340999525096127029,5932668873100475470,300471914551172981,1,2,bkt,0.37554849844108046
2340999525096127029,5237822943399727048,8573800373938698102,1,2,bkt,0.908592841081134
2343286281268154248,300471914551172981,300471914551172981,0,2,bkt,0.6240427971825541
2343286281268154248,8573800373938698102,8573800373938698102,1,2,bkt,0.5025072721158217
2343286281268154248,2014268979504181100,300471914551172981,0,2,bkt,0.4161806849477127
2343286281268154248,2172169907340938753,300471914551172981,0,2,bkt,0.3711821219902946
2343286281268154248,8150806168444344502,300471914551172981,0,2,bkt,0.3653579326891565
2343286281268154248,816286915455981984,8573800373938698102,1,2,bkt,0.6950422406082023
2343286281268154248,1962751598315765836,300471914551172981,0,2,bkt,0.3646644718786235
2343286281268154248,7444476343858270082,300471914551172981,1,2,bkt,0.36458275155038683
2343286281268154248,2537821716777940730,300471914551172981,0,2,bkt,0.44148730914581436
2343286281268154248,1061301253559417093,300471914551172981,0,2,bkt,0.37486988401907495
2343286281268154248,8553379303363759508,300471914551172981,1,2,bkt,0.3658036995336238
2343286281268154248,6440511557387709110,300471914551172981,0,2,bkt,0.4441518278135199
2343286281268154248,7744513373483970787,8573800373938698102,1,2,bkt,0.8274005147662947
2343286281268154248,2971078979906996375,300471914551172981,0,2,bkt,0.37527770514265996
2343286281268154248,5841359775533910823,300471914551172981,0,2,bkt,0.365853319043163
2343286281268154248,8621262567927479011,300471914551172981,0,2,bkt,0.36472295972589863
2343286281268154248,8434961942249729798,8573800373938698102,1,2,bkt,0.8826615653921908
2343286281268154248,2322042198017538996,8573800373938698102,1,2,bkt,0.9008294416189261
2343286281268154248,1742185772413642127,300471914551172981,0,2,bkt,0.36458963711428083
2343286281268154248,2334639155148655290,8573800373938698102,1,2,bkt,0.906315524981365
2343286281268154248,7660717256841499384,300471914551172981,0,2,bkt,0.3645739433712734
2343286281268154248,4113615466659810841,300471914551172981,1,2,bkt,0.3645720964541804
2343286281268154248,6125574002232610732,300471914551172981,0,2,bkt,0.44146397759275136
2343286281268154248,2774368076249802464,8573800373938698102,1,2,bkt,0.9079289004129857
2343286281268154248,8903365289186067945,8573800373938698102,1,2,bkt,0.9083996600369283
2343286281268154248,6925932688889117475,300471914551172981,0,2,bkt,0.37486633016499293
2343286281268154248,8194071366621068887,8573800373938698102,0,2,bkt,0.9085367057426601
2343286281268154248,2986660907093963186,300471914551172981,0,2,bkt,0.36580326742149466
2343286281268154248,7591109345808921544,300471914551172981,0,2,bkt,0.36471704622582546
2343286281268154248,625545550176685521,8573800373938698102,1,2,bkt,0.9081714028312451
2343286281268154248,1761868641361943332,8573800373938698102,1,2,bkt,0.9084702741386452
2343286281268154248,4824259625677886603,300471914551172981,0,2,bkt,0.3645889408815729
2343286281268154248,8450591260754163598,8573800373938698102,1,2,bkt,0.9085572503943263
2343286281268154248,1553079256999111676,300471914551172981,1,2,bkt,0.36457386143323994
2343286281268154248,3220231712819306119,8573800373938698102,0,2,bkt,0.9085825511047133
2343286281268154248,338807275221326836,300471914551172981,0,2,bkt,0.4414678424763666
2343286281268154248,8525319303741530302,8573800373938698102,1,2,bkt,0.9085150881398903
2343286281268154248,6587421150596252277,300471914551172981,0,2,bkt,0.3748669188422086
2343286281268154248,5891620578387310353,300471914551172981,0,2,bkt,0.365803338998254
2343286281268154248,5791250638486922978,300471914551172981,0,2,bkt,0.3647170546818115
2343286281268154248,4031585874086886353,8573800373938698102,1,2,bkt,0.9085702870406658
2343286281268154248,2083452711903133430,8573800373938698102,1,2,bkt,0.9085863429454104
2343286281268154248,6319743179241711738,8573800373938698102,1,2,bkt,0.9085910128184788
2343286281268154248,8628686323660025649,300471914551172981,0,2,bkt,0.36458894187713886
2343286281268154248,4378721629787482518,300471914551172981,1,2,bkt,0.3645738615504057
2343286281268154248,4813462692425748605,300471914551172981,0,2,bkt,0.4414678427329305
2343286281268154248,4644364625800006675,300471914551172981,0,2,bkt,0.3748669188812872
2343286281268154248,1062464292871659639,8573800373938698102,1,2,bkt,0.9085923710239094
2343286281268154248,5932668873100475470,300471914551172981,1,2,bkt,0.3658033390030056
2343286281268154248,5237822943399727048,8573800373938698102,1,2,bkt,0.9085927660474414
2377739014248616472,300471914551172981,300471914551172981,0,2,bkt,0.6240427971825541
2377739014248616472,8573800373938698102,8573800373938698102,1,2,bkt,0.5025072721158217
2377739014248616472,2014268979504181100,300471914551172981,0,2,bkt,0.4161806849477127
2377739014248616472,2172169907340938753,300471914551172981,0,2,bkt,0.3711821219902946
2377739014248616472,8150806168444344502,300471914551172981,0,2,bkt,0.3653579326891565
2377739014248616472,816286915455981984,8573800373938698102,0,2,bkt,0.6950422406082023
2377739014248616472,1962751598315765836,300471914551172981,0,2,bkt,0.3646644718786235
2377739014248616472,7444476343858270082,300471914551172981,0,2,bkt,0.36458275155038683
2377739014248616472,2537821716777940730,300471914551172981,0,2,bkt,0.3645731330329157
2377739014248616472,1061301253559417093,300471914551172981,1,2,bkt,0.36457200109204213
2377739014248616472,8553379303363759508,300471914551172981,0,2,bkt,0.4414637687713239
2377739014248616472,6440511557387709110,300471914551172981,1,2,bkt,0.374866298358726
2377739014248616472,7744513373483970787,8573800373938698102,1,2,bkt,0.4283920093640687
2377739014248616472,2971078979906996375,300471914551172981,1,2,bkt,0.4633869115568878
2377739014248616472,5841359775533910823,300471914551172981,0,2,bkt,0.611703617068564
2377739014248616472,8621262567927479011,300471914551172981,0,2,bkt,0.41216439807066785
2377739014248616472,8434961942249729798,8573800373938698102,1,2,bkt,0.6123777549623743
2377739014248616472,2322042198017538996,8573800373938698102,0,2,bkt,0.780768584795468
2377739014248616472,1742185772413642127,300471914551172981,1,2,bkt,0.3706260505900169
2377739014248616472,2334639155148655290,8573800373938698102,1,2,bkt,0.5087655918104402
2377739014248616472,7660717256841499384,300471914551172981,1,2,bkt,0.4545042173422151
2377739014248616472,4113615466659810841,300471914551172981,0,2,bkt,0.599428409385538
2377739014248616472,6125574002232610732,300471914551172981,0,2,bkt,0.408414447562254
2377739014248616472,2774368076249802464,8573800373938698102,0,2,bkt,0.7009197413045851
2377739014248616472,8903365289186067945,8573800373938698102,1,2,bkt,0.43243131533709234
2377739014248616472,6925932688889117475,300471914551172981,0,2,bkt,0.370113670472763
2377739014248616472,8194071366621068887,8573800373938698102,1,2,bkt,0.6176130755537999
2377739014248616472,2986660907093963186,300471914551172981,1,2,bkt,0.36522975632922716
2377739014248616472,7591109345808921544,300471914551172981,1,2,bkt,0.4429015097996284
2377739014248616472,625545550176685521,8573800373938698102,1,2,bkt,0.7840921363588059
2377739014248616472,1761868641361943332,8573800373938698102,1,2,bkt,0.8666333907622888
2377739014248616472,4824259625677886603,300471914551172981,1,2,bkt,0.5826527312683905
2377739014248616472,8450591260754163598,8573800373938698102,1,2,bkt,0.8957984978968873
2377739014248616472,1553079256999111676,300471914551172981,0,2,bkt,0.7402702484622669
2377739014248616472,3220231712819306119,8573800373938698102,0,2,bkt,0.9048186291275879
2377739014248616472,338807275221326836,300471914551172981,0,2,bkt,0.47273799972786285
2377739014248616472,8525319303741530302,8573800373938698102,1,2,bkt,0.8814006220413778
2377739014248616472,6587421150596252277,300471914551172981,0,2,bkt,0.37991231865730984
2377739014248616472,5891620578387310353,300471914551172981,0,2,bkt,0.36642179695139504
2377739014248616472,5791250638486922978,300471914551172981,1,2,bkt,0.36479018983528155
2377739014248616472,4031585874086886353,8573800373938698102,0,2,bkt,0.9004402862424298
2377739014248616472,2083452711903133430,8573800373938698102,1,2,bkt,0.8524394806945259
2377739014248616472,6319743179241711738,8573800373938698102,0,2,bkt,0.8911853423000856
2377739014248616472,8628686323660025649,300471914551172981,1,2,bkt,0.4419412669235382
2377739014248616472,4378721629787482518,300471914551172981,0,2,bkt,0.581224905571208
2377739014248616472,4813462692425748605,300471914551172981,1,2,bkt,0.4032581950647986
2377739014248616472,4644364625800006675,300471914551172981,0,2,bkt,0.5180508128755237
2377739014248616472,1062464292871659639,8573800373938698102,1,2,bkt,0.7988913578252028
2377739014248616472,5932668873100475470,300471914551172981,1,2,bkt,0.3883852459085274
2377739014248616472,5237822943399727048,8573800373938698102,0,2,bkt,0.8723059504682174
2395692954183291712,300471914551172981,300471914551172981,0,2,bkt,0.6240427971825541
2395692954183291712,8573800373938698102,8573800373938698102,0,2,bkt,0.5025072721158217
2395692954183291712,2014268979504181100,300471914551172981,0,2,bkt,0.4161806849477127
2395692954183291712,2172169907340938753,300471914551172981,0,2,bkt,0.3711821219902946
2395692954183291712,8150806168444344502,300471914551172981,1,2,bkt,0.3653579326891565
2395692954183291712,816286915455981984,8573800373938698102,1,2,bkt,0.34884484707464464
2395692954183291712,1962751598315765836,300471914551172981,1,2,bkt,0.44318107882746305
2395692954183291712,7444476343858270082,300471914551172981,0,2,bkt,0.5830672713248809
2395692954183291712,2537821716777940730,300471914551172981,0,2,bkt,0.40375957759347775
2395692954183291712,1061301253559417093,300471914551172981,0,2,bkt,0.36948661096687274
2395692954183291712,8553379303363759508,300471914551172981,0,2,bkt,0.36515473367292783
2395692954183291712,6440511557387709110,300471914551172981,0,2,bkt,0.3646405075626774
2395692954183291712,7744513373483970787,8573800373938698102,1,2,bkt,0.48457328438244096
2395692954183291712,2971078979906996375,300471914551172981,1,2,bkt,0.3645799306837823
2395692954183291712,5841359775533910823,300471914551172981,0,2,bkt,0.4414811324034057
2395692954183291712,8621262567927479011,300471914551172981,1,2,bkt,0.37486894315091274
2395692954183291712,8434961942249729798,8573800373938698102,1,2,bkt,0.6773586652183093
2395692954183291712,2322042198017538996,8573800373938698102,1,2,bkt,0.8183819959470333
2395692954183291712,1742185772413642127,300471914551172981,0,2,bkt,0.4633923892980994
2395692954183291712,2334639155148655290,8573800373938698102,1,2,bkt,0.8794637131700375
2395692954183291712,7660717256841499384,300471914551172981,1,2,bkt,0.378342806984414
2395692954183291712,4113615466659810841,300471914551172981,0,2,bkt,0.47052114389876154
2395692954183291712,6125574002232610732,300471914551172981,0,2,bkt,0.3795350049936096
2395692954183291712,2774368076249802464,8573800373938698102,1,2,bkt,0.8998403391701144
2395692954183291712,8903365289186067945,8573800373938698102,1,2,bkt,0.9060225515248918
2395692954183291712,6925932688889117475,300471914551172981,0,2,bkt,0.36637519841014987
2395692954183291712,8194071366621068887,8573800373938698102,1,2,bkt,0.907843235125719
2395692954183291712,2986660907093963186,300471914551172981,1,2,bkt,0.36478467439606616
2395692954183291712,7591109345808921544,300471914551172981,0,2,bkt,0.4419292036219609
2395692954183291712,625545550176685521,8573800373938698102,1,2,bkt,0.9083747062075509
2395692954183291712,1761868641361943332,8573800373938698102,1,2,bkt,0.9085294448463749
2395692954183291712,4824259625677886603,300471914551172981,0,2,bkt,0.3749372493437949
2395692954183291712,8450591260754163598,8573800373938698102,1,2,bkt,0.908574463215751
2395692954183291712,1553079256999111676,300471914551172981,0,2,bkt,0.3658118913940531
2395692954183291712,3220231712819306119,8573800373938698102,1,2,bkt,0.908587557605242
2395692954183291712,338807275221326836,300471914551172981,1,2,bkt,0.36471806506456184
2395692954183291712,8525319303741530302,8573800373938698102,1,2,bkt,0.9085913660965719
2395692954183291712,6587421150596252277,300471914551172981,0,2,bkt,0.44178348769181075
2395692954183291712,5891620578387310353,300471914551172981,0,2,bkt,0.3749150236547175
2395692954183291712,5791250638486922978,300471914551172981,0,2,bkt,0.3658091884769138
2395692954183291712,4031585874086886353,8573800373938698102,1,2,bkt,0.9085924737722209
2395692954183291712,2083452711903133430,8573800373938698102,1,2,bkt,0.9085927959309441
2395692954183291712,6319743179241711738,8573800373938698102,1,2,bkt,0.9085928896281196
2395692954183291712,8628686323660025649,300471914551172981,0,2,bkt,0.3647177457381291
2395692954183291712,4378721629787482518,300471914551172981,0,2,bkt,0.36458902323877973
2395692954183291712,4813462692425748605,300471914551172981,1,2,bkt,0.3645738711256617
2395692954183291712,4644364625800006675,300471914551172981,0,2,bkt,0.4414678637003576
2395692954183291712,1062464292871659639,8573800373938698102,1,2,bkt,0.9085929168791486
2395692954183291712,5932668873100475470,300471914551172981,1,2,bkt,0.37486692207494937
2395692954183291712,5237822943399727048,8573800373938698102,1,2,bkt,0.908592924804878
2401311408747841446,300471914551172981,300471914551172981,1,2,bkt,0.6240427971825541
2401311408747841446,8573800373938698102,8573800373938698102,0,2,bkt,0.5025072721158217
2401311408747841446,2014268979504181100,300471914551172981,1,2,bkt,0.773401494806722
2401311408747841446,2172169907340938753,300471914551172981,1,2,bkt,0.8634708291526818
2401311408747841446,8150806168444344502,300471914551172981,1,2,bkt,0.9027253872584683
2401311408747841446,816286915455981984,8573800373938698102,1,2,bkt,0.34884484707464464
2401311408747841446,1962751598315765836,300471914551172981,1,2,bkt,0.9173826402269202
2401311408747841446,7444476343858270082,300471914551172981,1,2,bkt,0.9225338854708982
2401311408747841446,2537821716777940730,300471914551172981,1,2,bkt,0.9243054019591953
2401311408747841446,1061301253559417093,300471914551172981,1,2,bkt,0.9249100646851198
2401311408747841446,8553379303363759508,300471914551172981,1,2,bkt,0.9251159209166168
2401311408747841446,6440511557387709110,300471914551172981,1,2,bkt,0.9251859428623831
2401311408747841446,7744513373483970787,8573800373938698102,0,2,bkt,0.48457328438244096
2401311408747841446,2971078979906996375,300471914551172981,1,2,bkt,0.9252097537075635
2401311408747841446,5841359775533910823,300471914551172981,0,2,bkt,0.9252178497243552
2401311408747841446,8621262567927479011,300471914551172981,1,2,bkt,0.9251865818558067
2401311408747841446,8434961942249729798,8573800373938698102,0,2,bkt,0.3444609060351503
2401311408747841446,2322042198017538996,8573800373938698102,0,2,bkt,0.31846814096095855
2401311408747841446,1742185772413642127,300471914551172981,1,2,bkt,0.9252099709796098
2401311408747841446,2334639155148655290,8573800373938698102,0,2,bkt,0.31482136384394865
2401311408747841446,7660717256841499384,300471914551172981,1,2,bkt,0.9252179235979384
2401311408747841446,4113615466659810841,300471914551172981,1,2,bkt,0.9252206275040966
2401311408747841446,6125574002232610732,300471914551172981,1,2,bkt,0.9252215468270166
2401311408747841446,2774368076249802464,8573800373938698102,0,2,bkt,0.31433185477330783
2401311408747841446,8903365289186067945,8573800373938698102,0,2,bkt,0.31426654405576054
2401311408747841446,6925932688889117475,300471914551172981,1,2,bkt,0.9252218593938265
2401311408747841446,8194071366621068887,8573800373938698102,0,2,bkt,0.3142578372943973
2401311408747841446,2986660907093963186,300471914551172981,1,2,bkt,0.925221965665386
2401311408747841446,7591109345808921544,300471914551172981,1,2,bkt,0.925222001797307
2401311408747841446,625545550176685521,8573800373938698102,0,2,bkt,0.31425667669604884
2401311408747841446,1761868641361943332,8573800373938698102,1,2,bkt,0.3142565219922401
2401311408747841446,4824259625677886603,300471914551172981,1,2,bkt,0.9252220140820191
2401311408747841446,8450591260754163598,8573800373938698102,0,2,bkt,0.4088188695158257
2401311408747841446,1553079256999111676,300471914551172981,1,2,bkt,0.9252220182587729
2401311408747841446,3220231712819306119,8573800373938698102,0,2,bkt,0.3288775154010673
2401311408747841446,338807275221326836,300471914551172981,1,2,bkt,0.9252220196788529
2401311408747841446,8525319303741530302,8573800373938698102,0,2,bkt,0.3162478848715093
2401311408747841446,6587421150596252277,300471914551172981,1,2,bkt,0.9252220198163026
2401311408747841446,5891620578387310353,300471914551172981,1,2,bkt,0.9252220198163026
2401311408747841446,5791250638486922978,300471914551172981,1,2,bkt,0.9252220198163026
2401311408747841446,4031585874086886353,8573800373938698102,0,2,bkt,0.3145227157667099
2401311408747841446,2083452711903133430,8573800373938698102,1,2,bkt,0.31429199779772804
2401311408747841446,6319743179241711738,8573800373938698102,0,2,bkt,0.4089051096988645
2401311408747841446,8628686323660025649,300471914551172981,1,2,bkt,0.9252220198163026
2401311408747841446,4378721629787482518,300471914551172981,1,2,bkt,0.9252220198163026
2401311408747841446,4813462692425748605,300471914551172981,1,2,bkt,0.9252220198163026
2401311408747841446,4644364625800006675,300471914551172981,1,2,bkt,0.9252220198163026
2401311408747841446,1062464292871659639,8573800373938698102,0,2,bkt,0.32889298479856216
2401311408747841446,5932668873100475470,300471914551172981,1,2,bkt,0.9252220198163026
2401311408747841446,5237822943399727048,8573800373938698102,0,2,bkt,0.31625003775897587
