user_id,item_id,kc_id,y_true,fold,model,y_prob
58379446801296488,300471914551172981,300471914551172981,1,1,skt,0.6821806352515032
58379446801296488,8573800373938698102,8573800373938698102,0,1,skt,0.6271244374648073
58379446801296488,2014268979504181100,300471914551172981,1,1,skt,0.6674760976882969
58379446801296488,2172169907340938753,300471914551172981,1,1,skt,0.6686031047348957
58379446801296488,8150806168444344502,300471914551172981,1,1,skt,0.6907936707627378
58379446801296488,816286915455981984,8573800373938698102,0,1,skt,0.6787333721882892
58379446801296488,1962751598315765836,300471914551172981,1,1,skt,0.6953879913461025
58379446801296488,7444476343858270082,300471914551172981,1,1,skt,0.6992761859573755
58379446801296488,2537821716777940730,300471914551172981,1,1,skt,0.7000771001943514
58379446801296488,1061301253559417093,300471914551172981,1,1,skt,0.6814915876378714
58379446801296488,8553379303363759508,300471914551172981,1,1,skt,0.6738600719440675
58379446801296488,6440511557387709110,300471914551172981,1,1,skt,0.6982064068095648
58379446801296488,7744513373483970787,8573800373938698102,0,1,skt,0.6325302543889512
58379446801296488,2971078979906996375,300471914551172981,1,1,skt,0.68875464155301
58379446801296488,5841359775533910823,300471914551172981,1,1,skt,0.6602467036777954
58379446801296488,8621262567927479011,300471914551172981,1,1,skt,0.6972685801182213
58379446801296488,8434961942249729798,8573800373938698102,0,1,skt,0.6650808743284707
58379446801296488,2322042198017538996,8573800373938698102,0,1,skt,0.6671295251005437
58379446801296488,1742185772413642127,300471914551172981,1,1,skt,0.7031359375173725
58379446801296488,2334639155148655290,8573800373938698102,0,1,skt,0.6733073325738195
58379446801296488,7660717256841499384,300471914551172981,1,1,skt,0.7167388910093319
58379446801296488,4113615466659810841,300471914551172981,1,1,skt,0.7022733114788525
58379446801296488,6125574002232610732,300471914551172981,1,1,skt,0.6685327232289726
58379446801296488,2774368076249802464,8573800373938698102,0,1,skt,0.661036086140924
58379446801296488,8903365289186067945,8573800373938698102,0,1,skt,0.6638770363390836
58379446801296488,6925932688889117475,300471914551172981,1,1,skt,0.7204001343565859
58379446801296488,8194071366621068887,8573800373938698102,0,1,skt,0.642074315411306
58379446801296488,2986660907093963186,300471914551172981,1,1,skt,0.7257425359616075
58379446801296488,7591109345808921544,300471914551172981,1,1,skt,0.7026052615993992
58379446801296488,625545550176685521,8573800373938698102,0,1,skt,0.6750515944152915
58379446801296488,1761868641361943332,8573800373938698102,0,1,skt,0.6825995462811933
58379446801296488,4824259625677886603,300471914551172981,1,1,skt,0.6988752720524406
58379446801296488,8450591260754163598,8573800373938698102,0,1,skt,0.6613918451996871
58379446801296488,1553079256999111676,300471914551172981,1,1,skt,0.7067694665410957
58379446801296488,3220231712819306119,8573800373938698102,0,1,skt,0.6682571229690227
58379446801296488,338807275221326836,300471914551172981,1,1,skt,0.6949841548662892
58379446801296488,8525319303741530302,8573800373938698102,0,1,skt,0.6691015574691048
58379446801296488,6587421150596252277,300471914551172981,1,1,skt,0.7084124405589232
58379446801296488,5891620578387310353,300471914551172981,0,1,skt,0.6918781302992284
58379446801296488,5791250638486922978,300471914551172981,1,1,skt,0.7127887718496443
58379446801296488,4031585874086886353,8573800373938698102,0,1,skt,0.6837682700806654
58379446801296488,2083452711903133430,8573800373938698102,0,1,skt,0.705324804603913
58379446801296488,6319743179241711738,8573800373938698102,0,1,skt,0.6856197118875641
58379446801296488,8628686323660025649,300471914551172981,1,1,skt,0.7119427039255981
58379446801296488,4378721629787482518,300471914551172981,1,1,skt,0.717833871292165
58379446801296488,4813462692425748605,300471914551172981,1,1,skt,0.6831439625142214
58379446801296488,4644364625800006675,300471914551172981,1,1,skt,0.7012761819409904
58379446801296488,1062464292871659639,8573800373938698102,0,1,skt,0.686303939723247
58379446801296488,5932668873100475470,300471914551172981,1,1,skt,0.7223154310776903
58379446801296488,5237822943399727048,8573800373938698102,0,1,skt,0.6898488333762471
73928280903912066,300471914551172981,300471914551172981,1,1,skt,0.6821806352515032
73928280903912066,8573800373938698102,8573800373938698102,0,1,skt,0.6271244374648073
73928280903912066,2014268979504181100,300471914551172981,1,1,skt,0.6674760976882969
73928280903912066,2172169907340938753,300471914551172981,1,1,skt,0.6686031047348957
73928280903912066,8150806168444344502,300471914551172981,1,1,skt,0.6907936707627378
73928280903912066,816286915455981984,8573800373938698102,0,1,skt,0.6787333721882892
73928280903912066,1962751598315765836,300471914551172981,1,1,skt,0.6953879913461025
73928280903912066,7444476343858270082,300471914551172981,1,1,skt,0.6992761859573755
73928280903912066,2537821716777940730,300471914551172981,1,1,skt,0.7000771001943514
73928280903912066,1061301253559417093,300471914551172981,1,1,skt,0.6814915876378714
73928280903912066,8553379303363759508,300471914551172981,1,1,skt,0.6738600719440675
73928280903912066,6440511557387709110,300471914551172981,1,1,skt,0.6982064068095648
73928280903912066,7744513373483970787,8573800373938698102,0,1,skt,0.6325302543889512
73928280903912066,2971078979906996375,300471914551172981,1,1,skt,0.68875464155301
73928280903912066,5841359775533910823,300471914551172981,1,1,skt,0.6602467036777954
73928280903912066,8621262567927479011,300471914551172981,1,1,skt,0.6972685801182213
73928280903912066,8434961942249729798,8573800373938698102,0,1,skt,0.6650808743284707
73928280903912066,2322042198017538996,8573800373938698102,1,1,skt,0.6671295251005437
73928280903912066,1742185772413642127,300471914551172981,1,1,skt,0.7031359375173725
73928280903912066,2334639155148655290,8573800373938698102,0,1,skt,0.6733073325738195
73928280903912066,7660717256841499384,300471914551172981,1,1,skt,0.7167388910093319
73928280903912066,4113615466659810841,300471914551172981,1,1,skt,0.7022733114788525
73928280903912066,6125574002232610732,300471914551172981,1,1,skt,0.6685327232289726
73928280903912066,2774368076249802464,8573800373938698102,0,1,skt,0.661036086140924
73928280903912066,8903365289186067945,8573800373938698102,0,1,skt,0.6638770363390836
73928280903912066,6925932688889117475,300471914551172981,1,1,skt,0.7204001343565859
73928280903912066,8194071366621068887,8573800373938698102,0,1,skt,0.642074315411306
73928280903912066,2986660907093963186,300471914551172981,1,1,skt,0.7257425359616075
73928280903912066,7591109345808921544,300471914551172981,1,1,skt,0.7026052615993992
73928280903912066,625545550176685521,8573800373938698102,0,1,skt,0.6750515944152915
73928280903912066,1761868641361943332,8573800373938698102,1,1,skt,0.6825995462811933
73928280903912066,4824259625677886603,300471914551172981,1,1,skt,0.6988752720524406
73928280903912066,8450591260754163598,8573800373938698102,0,1,skt,0.6613918451996871
73928280903912066,1553079256999111676,300471914551172981,1,1,skt,0.7067694665410957
73928280903912066,3220231712819306119,8573800373938698102,0,1,skt,0.6682571229690227
73928280903912066,338807275221326836,300471914551172981,1,1,skt,0.6949841548662892
73928280903912066,8525319303741530302,8573800373938698102,0,1,skt,0.6691015574691048
73928280903912066,6587421150596252277,300471914551172981,1,1,skt,0.7084124405589232
73928280903912066,5891620578387310353,300471914551172981,1,1,skt,0.6918781302992284
73928280903912066,5791250638486922978,300471914551172981,1,1,skt,0.7127887718496443
73928280903912066,4031585874086886353,8573800373938698102,1,1,skt,0.6837682700806654
73928280903912066,2083452711903133430,8573800373938698102,1,1,skt,0.705324804603913
73928280903912066,6319743179241711738,8573800373938698102,0,1,skt,0.6856197118875641
73928280903912066,8628686323660025649,300471914551172981,1,1,skt,0.7119427039255981
73928280903912066,4378721629787482518,300471914551172981,1,1,skt,0.717833871292165
73928280903912066,4813462692425748605,300471914551172981,1,1,skt,0.6831439625142214
73928280903912066,4644364625800006675,300471914551172981,1,1,skt,0.7012761819409904
73928280903912066,1062464292871659639,8573800373938698102,1,1,skt,0.686303939723247
73928280903912066,5932668873100475470,300471914551172981,1,1,skt,0.7223154310776903
73928280903912066,5237822943399727048,8573800373938698102,1,1,skt,0.6898488333762471
148483031885960388,300471914551172981,300471914551172981,1,1,skt,0.6821806352515032
148483031885960388,8573800373938698102,8573800373938698102,0,1,skt,0.6271244374648073
148483031885960388,2014268979504181100,300471914551172981,0,1,skt,0.6674760976882969
148483031885960388,2172169907340938753,300471914551172981,0,1,skt,0.6686031047348957
148483031885960388,8150806168444344502,300471914551172981,1,1,skt,0.6907936707627378
148483031885960388,816286915455981984,8573800373938698102,0,1,skt,0.6787333721882892
148483031885960388,1962751598315765836,300471914551172981,1,1,skt,0.6953879913461025
148483031885960388,7444476343858270082,300471914551172981,1,1,skt,0.6992761859573755
148483031885960388,2537821716777940730,300471914551172981,1,1,skt,0.7000771001943514
148483031885960388,1061301253559417093,300471914551172981,1,1,skt,0.6814915876378714
148483031885960388,8553379303363759508,300471914551172981,1,1,skt,0.6738600719440675
148483031885960388,6440511557387709110,300471914551172981,1,1,skt,0.6982064068095648
148483031885960388,7744513373483970787,8573800373938698102,0,1,skt,0.6325302543889512
148483031885960388,2971078979906996375,300471914551172981,1,1,skt,0.68875464155301
148483031885960388,5841359775533910823,300471914551172981,0,1,skt,0.6602467036777954
148483031885960388,8621262567927479011,300471914551172981,1,1,skt,0.6972685801182213
148483031885960388,8434961942249729798,8573800373938698102,0,1,skt,0.6650808743284707
148483031885960388,2322042198017538996,8573800373938698102,1,1,skt,0.6671295251005437
148483031885960388,1742185772413642127,300471914551172981,1,1,skt,0.7031359375173725
148483031885960388,2334639155148655290,8573800373938698102,0,1,skt,0.6733073325738195
148483031885960388,7660717256841499384,300471914551172981,1,1,skt,0.7167388910093319
148483031885960388,4113615466659810841,300471914551172981,1,1,skt,0.7022733114788525
148483031885960388,6125574002232610732,300471914551172981,1,1,skt,0.6685327232289726
148483031885960388,2774368076249802464,8573800373938698102,0,1,skt,0.661036086140924
148483031885960388,8903365289186067945,8573800373938698102,0,1,skt,0.6638770363390836
148483031885960388,6925932688889117475,300471914551172981,1,1,skt,0.7204001343565859
148483031885960388,8194071366621068887,8573800373938698102,0,1,skt,0.642074315411306
148483031885960388,2986660907093963186,300471914551172981,1,1,skt,0.7257425359616075
148483031885960388,7591109345808921544,300471914551172981,1,1,skt,0.7026052615993992
148483031885960388,625545550176685521,8573800373938698102,0,1,skt,0.6750515944152915
148483031885960388,1761868641361943332,8573800373938698102,0,1,skt,0.6825995462811933
148483031885960388,4824259625677886603,300471914551172981,1,1,skt,0.6988752720524406
148483031885960388,8450591260754163598,8573800373938698102,0,1,skt,0.6613918451996871
148483031885960388,1553079256999111676,300471914551172981,1,1,skt,0.7067694665410957
148483031885960388,3220231712819306119,8573800373938698102,0,1,skt,0.6682571229690227
148483031885960388,338807275221326836,300471914551172981,1,1,skt,0.6949841548662892
148483031885960388,8525319303741530302,8573800373938698102,1,1,skt,0.6691015574691048
148483031885960388,6587421150596252277,300471914551172981,1,1,skt,0.7084124405589232
148483031885960388,5891620578387310353,300471914551172981,1,1,skt,0.6918781302992284
148483031885960388,5791250638486922978,300471914551172981,1,1,skt,0.7127887718496443
148483031885960388,4031585874086886353,8573800373938698102,0,1,skt,0.6837682700806654
148483031885960388,2083452711903133430,8573800373938698102,0,1,skt,0.705324804603913
148483031885960388,6319743179241711738,8573800373938698102,0,1,skt,0.6856197118875641
148483031885960388,8628686323660025649,300471914551172981,1,1,skt,0.7119427039255981
148483031885960388,4378721629787482518,300471914551172981,1,1,skt,0.717833871292165
148483031885960388,4813462692425748605,300471914551172981,1,1,skt,0.6831439625142214
148483031885960388,4644364625800006675,300471914551172981,1,1,skt,0.7012761819409904
148483031885960388,1062464292871659639,8573800373938698102,1,1,skt,0.686303939723247
148483031885960388,5932668873100475470,300471914551172981,1,1,skt,0.7223154310776903
148483031885960388,5237822943399727048,8573800373938698102,0,1,skt,0.6898488333762471
179115195542980967,300471914551172981,300471914551172981,1,1,skt,0.6821806352515032
179115195542980967,8573800373938698102,8573800373938698102,1,1,skt,0.6271244374648073
179115195542980967,2014268979504181100,300471914551172981,1,1,skt,0.6674760976882969
179115195542980967,2172169907340938753,300471914551172981,0,1,skt,0.6686031047348957
179115195542980967,8150806168444344502,300471914551172981,1,1,skt,0.6907936707627378
179115195542980967,816286915455981984,8573800373938698102,1,1,skt,0.6787333721882892
179115195542980967,1962751598315765836,300471914551172981,1,1,skt,0.6953879913461025
179115195542980967,7444476343858270082,300471914551172981,1,1,skt,0.6992761859573755
179115195542980967,2537821716777940730,300471914551172981,1,1,skt,0.7000771001943514
179115195542980967,1061301253559417093,300471914551172981,0,1,skt,0.6814915876378714
179115195542980967,8553379303363759508,300471914551172981,1,1,skt,0.6738600719440675
179115195542980967,6440511557387709110,300471914551172981,1,1,skt,0.6982064068095648
179115195542980967,7744513373483970787,8573800373938698102,1,1,skt,0.6325302543889512
179115195542980967,2971078979906996375,300471914551172981,1,1,skt,0.68875464155301
179115195542980967,5841359775533910823,300471914551172981,0,1,skt,0.6602467036777954
179115195542980967,8621262567927479011,300471914551172981,1,1,skt,0.6972685801182213
179115195542980967,8434961942249729798,8573800373938698102,1,1,skt,0.6650808743284707
179115195542980967,2322042198017538996,8573800373938698102,1,1,skt,0.6671295251005437
179115195542980967,1742185772413642127,300471914551172981,1,1,skt,0.7031359375173725
179115195542980967,2334639155148655290,8573800373938698102,1,1,skt,0.6733073325738195
179115195542980967,7660717256841499384,300471914551172981,1,1,skt,0.7167388910093319
179115195542980967,4113615466659810841,300471914551172981,1,1,skt,0.7022733114788525
179115195542980967,6125574002232610732,300471914551172981,1,1,skt,0.6685327232289726
179115195542980967,2774368076249802464,8573800373938698102,1,1,skt,0.661036086140924
179115195542980967,8903365289186067945,8573800373938698102,1,1,skt,0.6638770363390836
179115195542980967,6925932688889117475,300471914551172981,1,1,skt,0.7204001343565859
179115195542980967,8194071366621068887,8573800373938698102,1,1,skt,0.642074315411306
179115195542980967,2986660907093963186,300471914551172981,1,1,skt,0.7257425359616075
179115195542980967,7591109345808921544,300471914551172981,1,1,skt,0.7026052615993992
179115195542980967,625545550176685521,8573800373938698102,1,1,skt,0.6750515944152915
179115195542980967,1761868641361943332,8573800373938698102,1,1,skt,0.6825995462811933
179115195542980967,4824259625677886603,300471914551172981,1,1,skt,0.6988752720524406
179115195542980967,8450591260754163598,8573800373938698102,0,1,skt,0.6613918451996871
179115195542980967,1553079256999111676,300471914551172981,1,1,skt,0.7067694665410957
179115195542980967,3220231712819306119,8573800373938698102,1,1,skt,0.6682571229690227
179115195542980967,338807275221326836,300471914551172981,0,1,skt,0.6949841548662892
179115195542980967,8525319303741530302,8573800373938698102,1,1,skt,0.6691015574691048
179115195542980967,6587421150596252277,300471914551172981,1,1,skt,0.7084124405589232
179115195542980967,5891620578387310353,300471914551172981,1,1,skt,0.6918781302992284
179115195542980967,5791250638486922978,300471914551172981,1,1,skt,0.7127887718496443
179115195542980967,4031585874086886353,8573800373938698102,1,1,skt,0.6837682700806654
179115195542980967,2083452711903133430,8573800373938698102,1,1,skt,0.705324804603913
179115195542980967,6319743179241711738,8573800373938698102,1,1,skt,0.6856197118875641
179115195542980967,8628686323660025649,300471914551172981,1,1,skt,0.7119427039255981
179115195542980967,4378721629787482518,300471914551172981,1,1,skt,0.717833871292165
179115195542980967,4813462692425748605,300471914551172981,1,1,skt,0.6831439625142214
179115195542980967,4644364625800006675,300471914551172981,1,1,skt,0.7012761819409904
179115195542980967,1062464292871659639,8573800373938698102,1,1,skt,0.686303939723247
179115195542980967,5932668873100475470,300471914551172981,1,1,skt,0.7223154310776903
179115195542980967,5237822943399727048,8573800373938698102,1,1,skt,0.6898488333762471
190304769087812475,300471914551172981,300471914551172981,1,1,skt,0.6821806352515032
190304769087812475,8573800373938698102,8573800373938698102,1,1,skt,0.6271244374648073
190304769087812475,2014268979504181100,300471914551172981,1,1,skt,0.6674760976882969
190304769087812475,2172169907340938753,300471914551172981,0,1,skt,0.6686031047348957
190304769087812475,8150806168444344502,300471914551172981,1,1,skt,0.6907936707627378
190304769087812475,816286915455981984,8573800373938698102,0,1,skt,0.6787333721882892
190304769087812475,1962751598315765836,300471914551172981,1,1,skt,0.6953879913461025
190304769087812475,7444476343858270082,300471914551172981,1,1,skt,0.6992761859573755
190304769087812475,2537821716777940730,300471914551172981,1,1,skt,0.7000771001943514
190304769087812475,1061301253559417093,300471914551172981,0,1,skt,0.6814915876378714
190304769087812475,8553379303363759508,300471914551172981,0,1,skt,0.6738600719440675
190304769087812475,6440511557387709110,300471914551172981,1,1,skt,0.6982064068095648
190304769087812475,7744513373483970787,8573800373938698102,0,1,skt,0.6325302543889512
190304769087812475,2971078979906996375,300471914551172981,1,1,skt,0.68875464155301
190304769087812475,5841359775533910823,300471914551172981,1,1,skt,0.6602467036777954
190304769087812475,8621262567927479011,300471914551172981,1,1,skt,0.6972685801182213
190304769087812475,8434961942249729798,8573800373938698102,1,1,skt,0.6650808743284707
190304769087812475,2322042198017538996,8573800373938698102,1,1,skt,0.6671295251005437
190304769087812475,1742185772413642127,300471914551172981,0,1,skt,0.7031359375173725
190304769087812475,2334639155148655290,8573800373938698102,1,1,skt,0.6733073325738195
190304769087812475,7660717256841499384,300471914551172981,1,1,skt,0.7167388910093319
190304769087812475,4113615466659810841,300471914551172981,0,1,skt,0.7022733114788525
190304769087812475,6125574002232610732,300471914551172981,0,1,skt,0.6685327232289726
190304769087812475,2774368076249802464,8573800373938698102,1,1,skt,0.661036086140924
190304769087812475,8903365289186067945,8573800373938698102,1,1,skt,0.6638770363390836
190304769087812475,6925932688889117475,300471914551172981,1,1,skt,0.7204001343565859
190304769087812475,8194071366621068887,8573800373938698102,1,1,skt,0.642074315411306
190304769087812475,2986660907093963186,300471914551172981,1,1,skt,0.7257425359616075
190304769087812475,7591109345808921544,300471914551172981,1,1,skt,0.7026052615993992
190304769087812475,625545550176685521,8573800373938698102,1,1,skt,0.6750515944152915
190304769087812475,1761868641361943332,8573800373938698102,1,1,skt,0.6825995462811933
190304769087812475,4824259625677886603,300471914551172981,0,1,skt,0.6988752720524406
190304769087812475,8450591260754163598,8573800373938698102,1,1,skt,0.6613918451996871
190304769087812475,1553079256999111676,300471914551172981,1,1,skt,0.7067694665410957
190304769087812475,3220231712819306119,8573800373938698102,1,1,skt,0.6682571229690227
190304769087812475,338807275221326836,300471914551172981,1,1,skt,0.6949841548662892
190304769087812475,8525319303741530302,8573800373938698102,0,1,skt,0.6691015574691048
190304769087812475,6587421150596252277,300471914551172981,0,1,skt,0.7084124405589232
190304769087812475,5891620578387310353,300471914551172981,0,1,skt,0.6918781302992284
190304769087812475,5791250638486922978,300471914551172981,1,1,skt,0.7127887718496443
190304769087812475,4031585874086886353,8573800373938698102,1,1,skt,0.6837682700806654
190304769087812475,2083452711903133430,8573800373938698102,1,1,skt,0.705324804603913
190304769087812475,6319743179241711738,8573800373938698102,0,1,skt,0.6856197118875641
190304769087812475,8628686323660025649,300471914551172981,1,1,skt,0.7119427039255981
190304769087812475,4378721629787482518,300471914551172981,1,1,skt,0.717833871292165
190304769087812475,4813462692425748605,300471914551172981,0,1,skt,0.6831439625142214
190304769087812475,4644364625800006675,300471914551172981,0,1,skt,0.7012761819409904
190304769087812475,1062464292871659639,8573800373938698102,1,1,skt,0.686303939723247
190304769087812475,5932668873100475470,300471914551172981,1,1,skt,0.7223154310776903
190304769087812475,5237822943399727048,8573800373938698102,1,1,skt,0.6898488333762471
228417828119088853,300471914551172981,300471914551172981,1,1,skt,0.6821806352515032
228417828119088853,8573800373938698102,8573800373938698102,0,1,skt,0.6271244374648073
228417828119088853,2014268979504181100,300471914551172981,1,1,skt,0.6674760976882969
228417828119088853,2172169907340938753,300471914551172981,0,1,skt,0.6686031047348957
228417828119088853,8150806168444344502,300471914551172981,1,1,skt,0.6907936707627378
228417828119088853,816286915455981984,8573800373938698102,1,1,skt,0.6787333721882892
228417828119088853,1962751598315765836,300471914551172981,1,1,skt,0.6953879913461025
228417828119088853,7444476343858270082,300471914551172981,1,1,skt,0.6992761859573755
228417828119088853,2537821716777940730,300471914551172981,1,1,skt,0.7000771001943514
228417828119088853,1061301253559417093,300471914551172981,1,1,skt,0.6814915876378714
228417828119088853,8553379303363759508,300471914551172981,1,1,skt,0.6738600719440675
228417828119088853,6440511557387709110,300471914551172981,1,1,skt,0.6982064068095648
228417828119088853,7744513373483970787,8573800373938698102,1,1,skt,0.6325302543889512
228417828119088853,2971078979906996375,300471914551172981,1,1,skt,0.68875464155301
228417828119088853,5841359775533910823,300471914551172981,1,1,skt,0.6602467036777954
228417828119088853,8621262567927479011,300471914551172981,1,1,skt,0.6972685801182213
228417828119088853,8434961942249729798,8573800373938698102,1,1,skt,0.6650808743284707
228417828119088853,2322042198017538996,8573800373938698102,1,1,skt,0.6671295251005437
228417828119088853,1742185772413642127,300471914551172981,1,1,skt,0.7031359375173725
228417828119088853,2334639155148655290,8573800373938698102,1,1,skt,0.6733073325738195
228417828119088853,7660717256841499384,300471914551172981,1,1,skt,0.7167388910093319
228417828119088853,4113615466659810841,300471914551172981,1,1,skt,0.7022733114788525
228417828119088853,6125574002232610732,300471914551172981,1,1,skt,0.6685327232289726
228417828119088853,2774368076249802464,8573800373938698102,1,1,skt,0.661036086140924
228417828119088853,8903365289186067945,8573800373938698102,1,1,skt,0.6638770363390836
228417828119088853,6925932688889117475,300471914551172981,1,1,skt,0.7204001343565859
228417828119088853,8194071366621068887,8573800373938698102,1,1,skt,0.642074315411306
228417828119088853,2986660907093963186,300471914551172981,1,1,skt,0.7257425359616075
228417828119088853,7591109345808921544,300471914551172981,1,1,skt,0.7026052615993992
228417828119088853,625545550176685521,8573800373938698102,1,1,skt,0.6750515944152915
228417828119088853,1761868641361943332,8573800373938698102,1,1,skt,0.6825995462811933
228417828119088853,4824259625677886603,300471914551172981,1,1,skt,0.6988752720524406
228417828119088853,8450591260754163598,8573800373938698102,1,1,skt,0.6613918451996871
228417828119088853,1553079256999111676,300471914551172981,1,1,skt,0.7067694665410957
228417828119088853,3220231712819306119,8573800373938698102,1,1,skt,0.6682571229690227
228417828119088853,338807275221326836,300471914551172981,1,1,skt,0.6949841548662892
228417828119088853,8525319303741530302,8573800373938698102,1,1,skt,0.6691015574691048
228417828119088853,6587421150596252277,300471914551172981,1,1,skt,0.7084124405589232
228417828119088853,5891620578387310353,300471914551172981,1,1,skt,0.6918781302992284
228417828119088853,5791250638486922978,300471914551172981,1,1,skt,0.7127887718496443
228417828119088853,4031585874086886353,8573800373938698102,1,1,skt,0.6837682700806654
228417828119088853,2083452711903133430,8573800373938698102,1,1,skt,0.705324804603913
228417828119088853,6319743179241711738,8573800373938698102,1,1,skt,0.6856197118875641
228417828119088853,8628686323660025649,300471914551172981,1,1,skt,0.7119427039255981
228417828119088853,4378721629787482518,300471914551172981,1,1,skt,0.717833871292165
228417828119088853,4813462692425748605,300471914551172981,1,1,skt,0.6831439625142214
228417828119088853,4644364625800006675,300471914551172981,1,1,skt,0.7012761819409904
228417828119088853,1062464292871659639,8573800373938698102,1,1,skt,0.686303939723247
228417828119088853,5932668873100475470,300471914551172981,1,1,skt,0.7223154310776903
228417828119088853,5237822943399727048,8573800373938698102,1,1,skt,0.6898488333762471
241971033199468642,300471914551172981,300471914551172981,1,1,skt,0.6821806352515032
241971033199468642,8573800373938698102,8573800373938698102,0,1,skt,0.6271244374648073
241971033199468642,2014268979504181100,300471914551172981,0,1,skt,0.6674760976882969
241971033199468642,2172169907340938753,300471914551172981,0,1,skt,0.6686031047348957
241971033199468642,8150806168444344502,300471914551172981,0,1,skt,0.6907936707627378
241971033199468642,816286915455981984,8573800373938698102,1,1,skt,0.6787333721882892
241971033199468642,1962751598315765836,300471914551172981,0,1,skt,0.6953879913461025
241971033199468642,7444476343858270082,300471914551172981,1,1,skt,0.6992761859573755
241971033199468642,2537821716777940730,300471914551172981,0,1,skt,0.7000771001943514
241971033199468642,1061301253559417093,300471914551172981,1,1,skt,0.6814915876378714
241971033199468642,8553379303363759508,300471914551172981,0,1,skt,0.6738600719440675
241971033199468642,6440511557387709110,300471914551172981,1,1,skt,0.6982064068095648
241971033199468642,7744513373483970787,8573800373938698102,0,1,skt,0.6325302543889512
241971033199468642,2971078979906996375,300471914551172981,1,1,skt,0.68875464155301
241971033199468642,5841359775533910823,300471914551172981,1,1,skt,0.6602467036777954
241971033199468642,8621262567927479011,300471914551172981,0,1,skt,0.6972685801182213
241971033199468642,8434961942249729798,8573800373938698102,1,1,skt,0.6650808743284707
241971033199468642,2322042198017538996,8573800373938698102,0,1,skt,0.6671295251005437
241971033199468642,1742185772413642127,300471914551172981,1,1,skt,0.7031359375173725
241971033199468642,2334639155148655290,8573800373938698102,0,1,skt,0.6733073325738195
241971033199468642,7660717256841499384,300471914551172981,1,1,skt,0.7167388910093319
241971033199468642,4113615466659810841,300471914551172981,1,1,skt,0.7022733114788525
241971033199468642,6125574002232610732,300471914551172981,0,1,skt,0.6685327232289726
241971033199468642,2774368076249802464,8573800373938698102,0,1,skt,0.661036086140924
241971033199468642,8903365289186067945,8573800373938698102,0,1,skt,0.6638770363390836
241971033199468642,6925932688889117475,300471914551172981,1,1,skt,0.7204001343565859
241971033199468642,8194071366621068887,8573800373938698102,1,1,skt,0.642074315411306
241971033199468642,2986660907093963186,300471914551172981,1,1,skt,0.7257425359616075
241971033199468642,7591109345808921544,300471914551172981,1,1,skt,0.7026052615993992
241971033199468642,625545550176685521,8573800373938698102,0,1,skt,0.6750515944152915
241971033199468642,1761868641361943332,8573800373938698102,1,1,skt,0.6825995462811933
241971033199468642,4824259625677886603,300471914551172981,1,1,skt,0.6988752720524406
241971033199468642,8450591260754163598,8573800373938698102,0,1,skt,0.6613918451996871
241971033199468642,1553079256999111676,300471914551172981,1,1,skt,0.7067694665410957
241971033199468642,3220231712819306119,8573800373938698102,0,1,skt,0.6682571229690227
241971033199468642,338807275221326836,300471914551172981,1,1,skt,0.6949841548662892
241971033199468642,8525319303741530302,8573800373938698102,0,1,skt,0.6691015574691048
241971033199468642,6587421150596252277,300471914551172981,1,1,skt,0.7084124405589232
241971033199468642,5891620578387310353,300471914551172981,1,1,skt,0.6918781302992284
241971033199468642,5791250638486922978,300471914551172981,1,1,skt,0.7127887718496443
241971033199468642,4031585874086886353,8573800373938698102,0,1,skt,0.6837682700806654
241971033199468642,2083452711903133430,8573800373938698102,1,1,skt,0.705324804603913
241971033199468642,6319743179241711738,8573800373938698102,0,1,skt,0.6856197118875641
241971033199468642,8628686323660025649,300471914551172981,1,1,skt,0.7119427039255981
241971033199468642,4378721629787482518,300471914551172981,0,1,skt,0.717833871292165
241971033199468642,4813462692425748605,300471914551172981,0,1,skt,0.6831439625142214
241971033199468642,4644364625800006675,300471914551172981,1,1,skt,0.7012761819409904
241971033199468642,1062464292871659639,8573800373938698102,1,1,skt,0.686303939723247
241971033199468642,5932668873100475470,300471914551172981,1,1,skt,0.7223154310776903
241971033199468642,5237822943399727048,8573800373938698102,1,1,skt,0.6898488333762471
262972098788613969,300471914551172981,300471914551172981,1,1,skt,0.6821806352515032
262972098788613969,8573800373938698102,8573800373938698102,0,1,skt,0.6271244374648073
262972098788613969,2014268979504181100,300471914551172981,1,1,skt,0.6674760976882969
262972098788613969,2172169907340938753,300471914551172981,1,1,skt,0.6686031047348957
262972098788613969,8150806168444344502,300471914551172981,1,1,skt,0.6907936707627378
262972098788613969,816286915455981984,8573800373938698102,1,1,skt,0.6787333721882892
262972098788613969,1962751598315765836,300471914551172981,1,1,skt,0.6953879913461025
262972098788613969,7444476343858270082,300471914551172981,1,1,skt,0.6992761859573755
262972098788613969,2537821716777940730,300471914551172981,1,1,skt,0.7000771001943514
262972098788613969,1061301253559417093,300471914551172981,1,1,skt,0.6814915876378714
262972098788613969,8553379303363759508,300471914551172981,1,1,skt,0.6738600719440675
262972098788613969,6440511557387709110,300471914551172981,1,1,skt,0.6982064068095648
262972098788613969,7744513373483970787,8573800373938698102,0,1,skt,0.6325302543889512
262972098788613969,2971078979906996375,300471914551172981,1,1,skt,0.68875464155301
262972098788613969,5841359775533910823,300471914551172981,1,1,skt,0.6602467036777954
262972098788613969,8621262567927479011,300471914551172981,1,1,skt,0.6972685801182213
262972098788613969,8434961942249729798,8573800373938698102,1,1,skt,0.6650808743284707
262972098788613969,2322042198017538996,8573800373938698102,1,1,skt,0.6671295251005437
262972098788613969,1742185772413642127,300471914551172981,1,1,skt,0.7031359375173725
262972098788613969,2334639155148655290,8573800373938698102,1,1,skt,0.6733073325738195
262972098788613969,7660717256841499384,300471914551172981,1,1,skt,0.7167388910093319
262972098788613969,4113615466659810841,300471914551172981,1,1,skt,0.7022733114788525
262972098788613969,6125574002232610732,300471914551172981,1,1,skt,0.6685327232289726
262972098788613969,2774368076249802464,8573800373938698102,1,1,skt,0.661036086140924
262972098788613969,8903365289186067945,8573800373938698102,1,1,skt,0.6638770363390836
262972098788613969,6925932688889117475,300471914551172981,1,1,skt,0.7204001343565859
262972098788613969,8194071366621068887,8573800373938698102,1,1,skt,0.642074315411306
262972098788613969,2986660907093963186,300471914551172981,1,1,skt,0.7257425359616075
262972098788613969,7591109345808921544,300471914551172981,1,1,skt,0.7026052615993992
262972098788613969,625545550176685521,8573800373938698102,1,1,skt,0.6750515944152915
262972098788613969,1761868641361943332,8573800373938698102,1,1,skt,0.6825995462811933
262972098788613969,4824259625677886603,300471914551172981,1,1,skt,0.6988752720524406
262972098788613969,8450591260754163598,8573800373938698102,1,1,skt,0.6613918451996871
262972098788613969,1553079256999111676,300471914551172981,1,1,skt,0.7067694665410957
262972098788613969,3220231712819306119,8573800373938698102,1,1,skt,0.6682571229690227
262972098788613969,338807275221326836,300471914551172981,1,1,skt,0.6949841548662892
262972098788613969,8525319303741530302,8573800373938698102,1,1,skt,0.6691015574691048
262972098788613969,6587421150596252277,300471914551172981,1,1,skt,0.7084124405589232
262972098788613969,5891620578387310353,300471914551172981,1,1,skt,0.6918781302992284
262972098788613969,5791250638486922978,300471914551172981,1,1,skt,0.7127887718496443
262972098788613969,4031585874086886353,8573800373938698102,1,1,skt,0.6837682700806654
262972098788613969,2083452711903133430,8573800373938698102,1,1,skt,0.705324804603913
262972098788613969,6319743179241711738,8573800373938698102,1,1,skt,0.6856197118875641
262972098788613969,8628686323660025649,300471914551172981,1,1,skt,0.7119427039255981
262972098788613969,4378721629787482518,300471914551172981,1,1,skt,0.717833871292165
262972098788613969,4813462692425748605,300471914551172981,1,1,skt,0.6831439625142214
262972098788613969,4644364625800006675,300471914551172981,1,1,skt,0.7012761819409904
262972098788613969,1062464292871659639,8573800373938698102,1,1,skt,0.686303939723247
262972098788613969,5932668873100475470,300471914551172981,1,1,skt,0.7223154310776903
262972098788613969,5237822943399727048,8573800373938698102,1,1,skt,0.6898488333762471
281238121284840641,300471914551172981,300471914551172981,0,1,skt,0.6821806352515032
281238121284840641,8573800373938698102,8573800373938698102,1,1,skt,0.6271244374648073
281238121284840641,2014268979504181100,300471914551172981,1,1,skt,0.6674760976882969
281238121284840641,2172169907340938753,300471914551172981,0,1,skt,0.6686031047348957
281238121284840641,8150806168444344502,300471914551172981,0,1,skt,0.6907936707627378
281238121284840641,816286915455981984,8573800373938698102,1,1,skt,0.6787333721882892
281238121284840641,1962751598315765836,300471914551172981,0,1,skt,0.6953879913461025
281238121284840641,7444476343858270082,300471914551172981,0,1,skt,0.6992761859573755
281238121284840641,2537821716777940730,300471914551172981,0,1,skt,0.7000771001943514
281238121284840641,1061301253559417093,300471914551172981,1,1,skt,0.6814915876378714
281238121284840641,8553379303363759508,300471914551172981,0,1,skt,0.6738600719440675
281238121284840641,6440511557387709110,300471914551172981,1,1,skt,0.6982064068095648
281238121284840641,7744513373483970787,8573800373938698102,1,1,skt,0.6325302543889512
281238121284840641,2971078979906996375,300471914551172981,0,1,skt,0.68875464155301
281238121284840641,5841359775533910823,300471914551172981,0,1,skt,0.6602467036777954
281238121284840641,8621262567927479011,300471914551172981,0,1,skt,0.6972685801182213
281238121284840641,8434961942249729798,8573800373938698102,1,1,skt,0.6650808743284707
281238121284840641,2322042198017538996,8573800373938698102,1,1,skt,0.6671295251005437
281238121284840641,1742185772413642127,300471914551172981,1,1,skt,0.7031359375173725
281238121284840641,2334639155148655290,8573800373938698102,1,1,skt,0.6733073325738195
281238121284840641,7660717256841499384,300471914551172981,1,1,skt,0.7167388910093319
281238121284840641,4113615466659810841,300471914551172981,0,1,skt,0.7022733114788525
281238121284840641,6125574002232610732,300471914551172981,0,1,skt,0.6685327232289726
281238121284840641,2774368076249802464,8573800373938698102,1,1,skt,0.661036086140924
281238121284840641,8903365289186067945,8573800373938698102,1,1,skt,0.6638770363390836
281238121284840641,6925932688889117475,300471914551172981,1,1,skt,0.7204001343565859
281238121284840641,8194071366621068887,8573800373938698102,1,1,skt,0.642074315411306
281238121284840641,2986660907093963186,300471914551172981,1,1,skt,0.7257425359616075
281238121284840641,7591109345808921544,300471914551172981,1,1,skt,0.7026052615993992
281238121284840641,625545550176685521,8573800373938698102,1,1,skt,0.6750515944152915
281238121284840641,1761868641361943332,8573800373938698102,1,1,skt,0.6825995462811933
281238121284840641,4824259625677886603,300471914551172981,1,1,skt,0.6988752720524406
281238121284840641,8450591260754163598,8573800373938698102,1,1,skt,0.6613918451996871
281238121284840641,1553079256999111676,300471914551172981,0,1,skt,0.7067694665410957
281238121284840641,3220231712819306119,8573800373938698102,1,1,skt,0.6682571229690227
281238121284840641,338807275221326836,300471914551172981,0,1,skt,0.6949841548662892
281238121284840641,8525319303741530302,8573800373938698102,1,1,skt,0.6691015574691048
281238121284840641,6587421150596252277,300471914551172981,0,1,skt,0.7084124405589232
281238121284840641,5891620578387310353,300471914551172981,0,1,skt,0.6918781302992284
281238121284840641,5791250638486922978,300471914551172981,1,1,skt,0.7127887718496443
281238121284840641,4031585874086886353,8573800373938698102,1,1,skt,0.6837682700806654
281238121284840641,2083452711903133430,8573800373938698102,1,1,skt,0.705324804603913
281238121284840641,6319743179241711738,8573800373938698102,1,1,skt,0.6856197118875641
281238121284840641,8628686323660025649,300471914551172981,0,1,skt,0.7119427039255981
281238121284840641,4378721629787482518,300471914551172981,0,1,skt,0.717833871292165
281238121284840641,4813462692425748605,300471914551172981,0,1,skt,0.6831439625142214
281238121284840641,4644364625800006675,300471914551172981,1,1,skt,0.7012761819409904
281238121284840641,1062464292871659639,8573800373938698102,1,1,skt,0.686303939723247
281238121284840641,5932668873100475470,300471914551172981,0,1,skt,0.7223154310776903
281238121284840641,5237822943399727048,8573800373938698102,1,1,skt,0.6898488333762471
282468254407962637,300471914551172981,300471914551172981,1,1,skt,0.6821806352515032
282468254407962637,8573800373938698102,8573800373938698102,1,1,skt,0.6271244374648073
282468254407962637,2014268979504181100,300471914551172981,1,1,skt,0.6674760976882969
282468254407962637,2172169907340938753,300471914551172981,1,1,skt,0.6686031047348957
282468254407962637,8150806168444344502,300471914551172981,1,1,skt,0.6907936707627378
282468254407962637,816286915455981984,8573800373938698102,1,1,skt,0.6787333721882892
282468254407962637,1962751598315765836,300471914551172981,1,1,skt,0.6953879913461025
282468254407962637,7444476343858270082,300471914551172981,1,1,skt,0.6992761859573755
282468254407962637,2537821716777940730,300471914551172981,1,1,skt,0.7000771001943514
282468254407962637,1061301253559417093,300471914551172981,1,1,skt,0.6814915876378714
282468254407962637,8553379303363759508,300471914551172981,1,1,skt,0.6738600719440675
282468254407962637,6440511557387709110,300471914551172981,1,1,skt,0.6982064068095648
282468254407962637,7744513373483970787,8573800373938698102,1,1,skt,0.6325302543889512
282468254407962637,2971078979906996375,300471914551172981,1,1,skt,0.68875464155301
282468254407962637,5841359775533910823,300471914551172981,0,1,skt,0.6602467036777954
282468254407962637,8621262567927479011,300471914551172981,1,1,skt,0.6972685801182213
282468254407962637,8434961942249729798,8573800373938698102,1,1,skt,0.6650808743284707
282468254407962637,2322042198017538996,8573800373938698102,1,1,skt,0.6671295251005437
282468254407962637,1742185772413642127,300471914551172981,1,1,skt,0.7031359375173725
282468254407962637,2334639155148655290,8573800373938698102,1,1,skt,0.6733073325738195
282468254407962637,7660717256841499384,300471914551172981,1,1,skt,0.7167388910093319
282468254407962637,4113615466659810841,300471914551172981,1,1,skt,0.7022733114788525
282468254407962637,6125574002232610732,300471914551172981,0,1,skt,0.6685327232289726
282468254407962637,2774368076249802464,8573800373938698102,1,1,skt,0.661036086140924
282468254407962637,8903365289186067945,8573800373938698102,1,1,skt,0.6638770363390836
282468254407962637,6925932688889117475,300471914551172981,1,1,skt,0.7204001343565859
282468254407962637,8194071366621068887,8573800373938698102,1,1,skt,0.642074315411306
282468254407962637,2986660907093963186,300471914551172981,1,1,skt,0.7257425359616075
282468254407962637,7591109345808921544,300471914551172981,1,1,skt,0.7026052615993992
282468254407962637,625545550176685521,8573800373938698102,1,1,skt,0.6750515944152915
282468254407962637,1761868641361943332,8573800373938698102,1,1,skt,0.6825995462811933
282468254407962637,4824259625677886603,300471914551172981,1,1,skt,0.6988752720524406
282468254407962637,8450591260754163598,8573800373938698102,1,1,skt,0.6613918451996871
282468254407962637,1553079256999111676,300471914551172981,1,1,skt,0.7067694665410957
282468254407962637,3220231712819306119,8573800373938698102,0,1,skt,0.6682571229690227
282468254407962637,338807275221326836,300471914551172981,1,1,skt,0.6949841548662892
282468254407962637,8525319303741530302,8573800373938698102,1,1,skt,0.6691015574691048
282468254407962637,6587421150596252277,300471914551172981,1,1,skt,0.7084124405589232
282468254407962637,5891620578387310353,300471914551172981,1,1,skt,0.6918781302992284
282468254407962637,5791250638486922978,300471914551172981,1,1,skt,0.7127887718496443
282468254407962637,4031585874086886353,8573800373938698102,1,1,skt,0.6837682700806654
282468254407962637,2083452711903133430,8573800373938698102,1,1,skt,0.705324804603913
282468254407962637,6319743179241711738,8573800373938698102,1,1,skt,0.6856197118875641
282468254407962637,8628686323660025649,300471914551172981,1,1,skt,0.7119427039255981
282468254407962637,4378721629787482518,300471914551172981,1,1,skt,0.717833871292165
282468254407962637,4813462692425748605,300471914551172981,1,1,skt,0.6831439625142214
282468254407962637,4644364625800006675,300471914551172981,1,1,skt,0.7012761819409904
282468254407962637,1062464292871659639,8573800373938698102,1,1,skt,0.686303939723247
282468254407962637,5932668873100475470,300471914551172981,1,1,skt,0.7223154310776903
282468254407962637,5237822943399727048,8573800373938698102,1,1,skt,0.6898488333762471
306023099386028284,300471914551172981,300471914551172981,1,1,skt,0.6821806352515032
306023099386028284,8573800373938698102,8573800373938698102,0,1,skt,0.6271244374648073
306023099386028284,2014268979504181100,300471914551172981,0,1,skt,0.6674760976882969
306023099386028284,2172169907340938753,300471914551172981,0,1,skt,0.6686031047348957
306023099386028284,8150806168444344502,300471914551172981,1,1,skt,0.6907936707627378
306023099386028284,816286915455981984,8573800373938698102,0,1,skt,0.6787333721882892
306023099386028284,1962751598315765836,300471914551172981,0,1,skt,0.6953879913461025
306023099386028284,7444476343858270082,300471914551172981,1,1,skt,0.6992761859573755
306023099386028284,2537821716777940730,300471914551172981,0,1,skt,0.7000771001943514
306023099386028284,1061301253559417093,300471914551172981,0,1,skt,0.6814915876378714
306023099386028284,8553379303363759508,300471914551172981,0,1,skt,0.6738600719440675
306023099386028284,6440511557387709110,300471914551172981,0,1,skt,0.6982064068095648
306023099386028284,7744513373483970787,8573800373938698102,0,1,skt,0.6325302543889512
306023099386028284,2971078979906996375,300471914551172981,0,1,skt,0.68875464155301
306023099386028284,5841359775533910823,300471914551172981,0,1,skt,0.6602467036777954
306023099386028284,8621262567927479011,300471914551172981,1,1,skt,0.6972685801182213
306023099386028284,8434961942249729798,8573800373938698102,1,1,skt,0.6650808743284707
306023099386028284,2322042198017538996,8573800373938698102,0,1,skt,0.6671295251005437
306023099386028284,1742185772413642127,300471914551172981,0,1,skt,0.7031359375173725
306023099386028284,2334639155148655290,8573800373938698102,0,1,skt,0.6733073325738195
306023099386028284,7660717256841499384,300471914551172981,1,1,skt,0.7167388910093319
306023099386028284,4113615466659810841,300471914551172981,1,1,skt,0.7022733114788525
306023099386028284,6125574002232610732,300471914551172981,0,1,skt,0.6685327232289726
306023099386028284,2774368076249802464,8573800373938698102,0,1,skt,0.661036086140924
306023099386028284,8903365289186067945,8573800373938698102,0,1,skt,0.6638770363390836
306023099386028284,6925932688889117475,300471914551172981,1,1,skt,0.7204001343565859
306023099386028284,8194071366621068887,8573800373938698102,0,1,skt,0.642074315411306
306023099386028284,2986660907093963186,300471914551172981,1,1,skt,0.7257425359616075
306023099386028284,7591109345808921544,300471914551172981,1,1,skt,0.7026052615993992
306023099386028284,625545550176685521,8573800373938698102,1,1,skt,0.6750515944152915
306023099386028284,1761868641361943332,8573800373938698102,0,1,skt,0.6825995462811933
306023099386028284,4824259625677886603,300471914551172981,0,1,skt,0.6988752720524406
306023099386028284,8450591260754163598,8573800373938698102,1,1,skt,0.6613918451996871
306023099386028284,1553079256999111676,300471914551172981,1,1,skt,0.7067694665410957
306023099386028284,3220231712819306119,8573800373938698102,0,1,skt,0.6682571229690227
306023099386028284,338807275221326836,300471914551172981,0,1,skt,0.6949841548662892
306023099386028284,8525319303741530302,8573800373938698102,1,1,skt,0.6691015574691048
306023099386028284,6587421150596252277,300471914551172981,1,1,skt,0.7084124405589232
306023099386028284,5891620578387310353,300471914551172981,0,1,skt,0.6918781302992284
306023099386028284,5791250638486922978,300471914551172981,1,1,skt,0.7127887718496443
306023099386028284,4031585874086886353,8573800373938698102,0,1,skt,0.6837682700806654
306023099386028284,2083452711903133430,8573800373938698102,1,1,skt,0.705324804603913
306023099386028284,6319743179241711738,8573800373938698102,1,1,skt,0.6856197118875641
306023099386028284,8628686323660025649,300471914551172981,1,1,skt,0.7119427039255981
306023099386028284,4378721629787482518,300471914551172981,1,1,skt,0.717833871292165
306023099386028284,4813462692425748605,300471914551172981,0,1,skt,0.6831439625142214
306023099386028284,4644364625800006675,300471914551172981,0,1,skt,0.7012761819409904
306023099386028284,1062464292871659639,8573800373938698102,0,1,skt,0.686303939723247
306023099386028284,5932668873100475470,300471914551172981,0,1,skt,0.7223154310776903
306023099386028284,5237822943399727048,8573800373938698102,1,1,skt,0.6898488333762471
306816872576014192,300471914551172981,300471914551172981,1,1,skt,0.6821806352515032
306816872576014192,8573800373938698102,8573800373938698102,0,1,skt,0.6271244374648073
306816872576014192,2014268979504181100,300471914551172981,1,1,skt,0.6674760976882969
306816872576014192,2172169907340938753,300471914551172981,1,1,skt,0.6686031047348957
306816872576014192,8150806168444344502,300471914551172981,1,1,skt,0.6907936707627378
306816872576014192,816286915455981984,8573800373938698102,1,1,skt,0.6787333721882892
306816872576014192,1962751598315765836,300471914551172981,1,1,skt,0.6953879913461025
306816872576014192,7444476343858270082,300471914551172981,1,1,skt,0.6992761859573755
306816872576014192,2537821716777940730,300471914551172981,1,1,skt,0.7000771001943514
306816872576014192,1061301253559417093,300471914551172981,1,1,skt,0.6814915876378714
306816872576014192,8553379303363759508,300471914551172981,1,1,skt,0.6738600719440675
306816872576014192,6440511557387709110,300471914551172981,1,1,skt,0.6982064068095648
306816872576014192,7744513373483970787,8573800373938698102,0,1,skt,0.6325302543889512
306816872576014192,2971078979906996375,300471914551172981,1,1,skt,0.68875464155301
306816872576014192,5841359775533910823,300471914551172981,1,1,skt,0.6602467036777954
306816872576014192,8621262567927479011,300471914551172981,1,1,skt,0.6972685801182213
306816872576014192,8434961942249729798,8573800373938698102,1,1,skt,0.6650808743284707
306816872576014192,2322042198017538996,8573800373938698102,0,1,skt,0.6671295251005437
306816872576014192,1742185772413642127,300471914551172981,1,1,skt,0.7031359375173725
306816872576014192,2334639155148655290,8573800373938698102,0,1,skt,0.6733073325738195
306816872576014192,7660717256841499384,300471914551172981,1,1,skt,0.7167388910093319
306816872576014192,4113615466659810841,300471914551172981,1,1,skt,0.7022733114788525
306816872576014192,6125574002232610732,300471914551172981,1,1,skt,0.6685327232289726
306816872576014192,2774368076249802464,8573800373938698102,0,1,skt,0.661036086140924
306816872576014192,8903365289186067945,8573800373938698102,1,1,skt,0.6638770363390836
306816872576014192,6925932688889117475,300471914551172981,1,1,skt,0.7204001343565859
306816872576014192,8194071366621068887,8573800373938698102,0,1,skt,0.642074315411306
306816872576014192,2986660907093963186,300471914551172981,1,1,skt,0.7257425359616075
306816872576014192,7591109345808921544,300471914551172981,1,1,skt,0.7026052615993992
306816872576014192,625545550176685521,8573800373938698102,1,1,skt,0.6750515944152915
306816872576014192,1761868641361943332,8573800373938698102,1,1,skt,0.6825995462811933
306816872576014192,4824259625677886603,300471914551172981,1,1,skt,0.6988752720524406
306816872576014192,8450591260754163598,8573800373938698102,0,1,skt,0.6613918451996871
306816872576014192,1553079256999111676,300471914551172981,1,1,skt,0.7067694665410957
306816872576014192,3220231712819306119,8573800373938698102,1,1,skt,0.6682571229690227
306816872576014192,338807275221326836,300471914551172981,0,1,skt,0.6949841548662892
306816872576014192,8525319303741530302,8573800373938698102,1,1,skt,0.6691015574691048
306816872576014192,6587421150596252277,300471914551172981,1,1,skt,0.7084124405589232
306816872576014192,5891620578387310353,300471914551172981,1,1,skt,0.6918781302992284
306816872576014192,5791250638486922978,300471914551172981,1,1,skt,0.7127887718496443
306816872576014192,4031585874086886353,8573800373938698102,0,1,skt,0.6837682700806654
306816872576014192,2083452711903133430,8573800373938698102,1,1,skt,0.705324804603913
306816872576014192,6319743179241711738,8573800373938698102,1,1,skt,0.6856197118875641
306816872576014192,8628686323660025649,300471914551172981,1,1,skt,0.7119427039255981
306816872576014192,4378721629787482518,300471914551172981,1,1,skt,0.717833871292165
306816872576014192,4813462692425748605,300471914551172981,1,1,skt,0.6831439625142214
306816872576014192,4644364625800006675,300471914551172981,1,1,skt,0.7012761819409904
306816872576014192,1062464292871659639,8573800373938698102,1,1,skt,0.686303939723247
306816872576014192,5932668873100475470,300471914551172981,1,1,skt,0.7223154310776903
306816872576014192,5237822943399727048,8573800373938698102,1,1,skt,0.6898488333762471
318029278300626017,300471914551172981,300471914551172981,1,1,skt,0.6821806352515032
318029278300626017,8573800373938698102,8573800373938698102,0,1,skt,0.6271244374648073
318029278300626017,2014268979504181100,300471914551172981,1,1,skt,0.6674760976882969
318029278300626017,2172169907340938753,300471914551172981,1,1,skt,0.6686031047348957
318029278300626017,8150806168444344502,300471914551172981,0,1,skt,0.6907936707627378
318029278300626017,816286915455981984,8573800373938698102,1,1,skt,0.6787333721882892
318029278300626017,1962751598315765836,300471914551172981,1,1,skt,0.6953879913461025
318029278300626017,7444476343858270082,300471914551172981,1,1,skt,0.6992761859573755
318029278300626017,2537821716777940730,300471914551172981,1,1,skt,0.7000771001943514
318029278300626017,1061301253559417093,300471914551172981,1,1,skt,0.6814915876378714
318029278300626017,8553379303363759508,300471914551172981,1,1,skt,0.6738600719440675
318029278300626017,6440511557387709110,300471914551172981,1,1,skt,0.6982064068095648
318029278300626017,7744513373483970787,8573800373938698102,0,1,skt,0.6325302543889512
318029278300626017,2971078979906996375,300471914551172981,1,1,skt,0.68875464155301
318029278300626017,5841359775533910823,300471914551172981,0,1,skt,0.6602467036777954
318029278300626017,8621262567927479011,300471914551172981,1,1,skt,0.6972685801182213
318029278300626017,8434961942249729798,8573800373938698102,0,1,skt,0.6650808743284707
318029278300626017,2322042198017538996,8573800373938698102,0,1,skt,0.6671295251005437
318029278300626017,1742185772413642127,300471914551172981,1,1,skt,0.7031359375173725
318029278300626017,2334639155148655290,8573800373938698102,1,1,skt,0.6733073325738195
318029278300626017,7660717256841499384,300471914551172981,1,1,skt,0.7167388910093319
318029278300626017,4113615466659810841,300471914551172981,1,1,skt,0.7022733114788525
318029278300626017,6125574002232610732,300471914551172981,1,1,skt,0.6685327232289726
318029278300626017,2774368076249802464,8573800373938698102,1,1,skt,0.661036086140924
318029278300626017,8903365289186067945,8573800373938698102,0,1,skt,0.6638770363390836
318029278300626017,6925932688889117475,300471914551172981,1,1,skt,0.7204001343565859
318029278300626017,8194071366621068887,8573800373938698102,0,1,skt,0.642074315411306
318029278300626017,2986660907093963186,300471914551172981,1,1,skt,0.7257425359616075
318029278300626017,7591109345808921544,300471914551172981,1,1,skt,0.7026052615993992
318029278300626017,625545550176685521,8573800373938698102,0,1,skt,0.6750515944152915
318029278300626017,1761868641361943332,8573800373938698102,1,1,skt,0.6825995462811933
318029278300626017,4824259625677886603,300471914551172981,1,1,skt,0.6988752720524406
318029278300626017,8450591260754163598,8573800373938698102,0,1,skt,0.6613918451996871
318029278300626017,1553079256999111676,300471914551172981,1,1,skt,0.7067694665410957
318029278300626017,3220231712819306119,8573800373938698102,0,1,skt,0.6682571229690227
318029278300626017,338807275221326836,300471914551172981,1,1,skt,0.6949841548662892
318029278300626017,8525319303741530302,8573800373938698102,0,1,skt,0.6691015574691048
318029278300626017,6587421150596252277,300471914551172981,1,1,skt,0.7084124405589232
318029278300626017,5891620578387310353,300471914551172981,1,1,skt,0.6918781302992284
318029278300626017,5791250638486922978,300471914551172981,1,1,skt,0.7127887718496443
318029278300626017,4031585874086886353,8573800373938698102,0,1,skt,0.6837682700806654
318029278300626017,2083452711903133430,8573800373938698102,1,1,skt,0.705324804603913
318029278300626017,6319743179241711738,8573800373938698102,0,1,skt,0.6856197118875641
318029278300626017,8628686323660025649,300471914551172981,1,1,skt,0.7119427039255981
318029278300626017,4378721629787482518,300471914551172981,1,1,skt,0.717833871292165
318029278300626017,4813462692425748605,300471914551172981,0,1,skt,0.6831439625142214
318029278300626017,4644364625800006675,300471914551172981,1,1,skt,0.7012761819409904
318029278300626017,1062464292871659639,8573800373938698102,1,1,skt,0.686303939723247
318029278300626017,5932668873100475470,300471914551172981,1,1,skt,0.7223154310776903
318029278300626017,5237822943399727048,8573800373938698102,1,1,skt,0.6898488333762471
324624200648221669,300471914551172981,300471914551172981,0,1,skt,0.6821806352515032
324624200648221669,8573800373938698102,8573800373938698102,0,1,skt,0.6271244374648073
324624200648221669,2014268979504181100,300471914551172981,0,1,skt,0.6674760976882969
324624200648221669,2172169907340938753,300471914551172981,1,1,skt,0.6686031047348957
324624200648221669,8150806168444344502,300471914551172981,0,1,skt,0.6907936707627378
324624200648221669,816286915455981984,8573800373938698102,1,1,skt,0.6787333721882892
324624200648221669,1962751598315765836,300471914551172981,0,1,skt,0.6953879913461025
324624200648221669,7444476343858270082,300471914551172981,1,1,skt,0.6992761859573755
324624200648221669,2537821716777940730,300471914551172981,0,1,skt,0.7000771001943514
324624200648221669,1061301253559417093,300471914551172981,0,1,skt,0.6814915876378714
324624200648221669,8553379303363759508,300471914551172981,1,1,skt,0.6738600719440675
324624200648221669,6440511557387709110,300471914551172981,1,1,skt,0.6982064068095648
324624200648221669,7744513373483970787,8573800373938698102,0,1,skt,0.6325302543889512
324624200648221669,2971078979906996375,300471914551172981,0,1,skt,0.68875464155301
324624200648221669,5841359775533910823,300471914551172981,0,1,skt,0.6602467036777954
324624200648221669,8621262567927479011,300471914551172981,0,1,skt,0.6972685801182213
324624200648221669,8434961942249729798,8573800373938698102,1,1,skt,0.6650808743284707
324624200648221669,2322042198017538996,8573800373938698102,0,1,skt,0.6671295251005437
324624200648221669,1742185772413642127,300471914551172981,0,1,skt,0.7031359375173725
324624200648221669,2334639155148655290,8573800373938698102,1,1,skt,0.6733073325738195
324624200648221669,7660717256841499384,300471914551172981,0,1,skt,0.7167388910093319
324624200648221669,4113615466659810841,300471914551172981,0,1,skt,0.7022733114788525
324624200648221669,6125574002232610732,300471914551172981,0,1,skt,0.6685327232289726
324624200648221669,2774368076249802464,8573800373938698102,0,1,skt,0.661036086140924
324624200648221669,8903365289186067945,8573800373938698102,1,1,skt,0.6638770363390836
324624200648221669,6925932688889117475,300471914551172981,1,1,skt,0.7204001343565859
324624200648221669,8194071366621068887,8573800373938698102,0,1,skt,0.642074315411306
324624200648221669,2986660907093963186,300471914551172981,1,1,skt,0.7257425359616075
324624200648221669,7591109345808921544,300471914551172981,1,1,skt,0.7026052615993992
324624200648221669,625545550176685521,8573800373938698102,1,1,skt,0.6750515944152915
324624200648221669,1761868641361943332,8573800373938698102,0,1,skt,0.6825995462811933
324624200648221669,4824259625677886603,300471914551172981,1,1,skt,0.6988752720524406
324624200648221669,8450591260754163598,8573800373938698102,1,1,skt,0.6613918451996871
324624200648221669,1553079256999111676,300471914551172981,0,1,skt,0.7067694665410957
324624200648221669,3220231712819306119,8573800373938698102,1,1,skt,0.6682571229690227
324624200648221669,338807275221326836,300471914551172981,0,1,skt,0.6949841548662892
324624200648221669,8525319303741530302,8573800373938698102,1,1,skt,0.6691015574691048
324624200648221669,6587421150596252277,300471914551172981,1,1,skt,0.7084124405589232
324624200648221669,5891620578387310353,300471914551172981,0,1,skt,0.6918781302992284
324624200648221669,5791250638486922978,300471914551172981,1,1,skt,0.7127887718496443
324624200648221669,4031585874086886353,8573800373938698102,0,1,skt,0.6837682700806654
324624200648221669,2083452711903133430,8573800373938698102,1,1,skt,0.705324804603913
324624200648221669,6319743179241711738,8573800373938698102,1,1,skt,0.6856197118875641
324624200648221669,8628686323660025649,300471914551172981,1,1,skt,0.7119427039255981
324624200648221669,4378721629787482518,300471914551172981,1,1,skt,0.717833871292165
324624200648221669,4813462692425748605,300471914551172981,0,1,skt,0.6831439625142214
324624200648221669,4644364625800006675,300471914551172981,0,1,skt,0.7012761819409904
324624200648221669,1062464292871659639,8573800373938698102,1,1,skt,0.686303939723247
324624200648221669,5932668873100475470,300471914551172981,0,1,skt,0.7223154310776903
324624200648221669,5237822943399727048,8573800373938698102,1,1,skt,0.6898488333762471
332087775371550264,300471914551172981,300471914551172981,0,1,skt,0.6821806352515032
332087775371550264,8573800373938698102,8573800373938698102,1,1,skt,0.6271244374648073
332087775371550264,2014268979504181100,300471914551172981,0,1,skt,0.6674760976882969
332087775371550264,2172169907340938753,300471914551172981,0,1,skt,0.6686031047348957
332087775371550264,8150806168444344502,300471914551172981,0,1,skt,0.6907936707627378
332087775371550264,816286915455981984,8573800373938698102,1,1,skt,0.6787333721882892
332087775371550264,1962751598315765836,300471914551172981,0,1,skt,0.6953879913461025
332087775371550264,7444476343858270082,300471914551172981,1,1,skt,0.6992761859573755
332087775371550264,2537821716777940730,300471914551172981,1,1,skt,0.7000771001943514
332087775371550264,1061301253559417093,300471914551172981,0,1,skt,0.6814915876378714
332087775371550264,8553379303363759508,300471914551172981,0,1,skt,0.6738600719440675
332087775371550264,6440511557387709110,300471914551172981,0,1,skt,0.6982064068095648
332087775371550264,7744513373483970787,8573800373938698102,1,1,skt,0.6325302543889512
332087775371550264,2971078979906996375,300471914551172981,0,1,skt,0.68875464155301
332087775371550264,5841359775533910823,300471914551172981,0,1,skt,0.6602467036777954
332087775371550264,8621262567927479011,300471914551172981,0,1,skt,0.6972685801182213
332087775371550264,8434961942249729798,8573800373938698102,1,1,skt,0.6650808743284707
332087775371550264,2322042198017538996,8573800373938698102,1,1,skt,0.6671295251005437
332087775371550264,1742185772413642127,300471914551172981,0,1,skt,0.7031359375173725
332087775371550264,2334639155148655290,8573800373938698102,1,1,skt,0.6733073325738195
332087775371550264,7660717256841499384,300471914551172981,1,1,skt,0.7167388910093319
332087775371550264,4113615466659810841,300471914551172981,1,1,skt,0.7022733114788525
332087775371550264,6125574002232610732,300471914551172981,0,1,skt,0.6685327232289726
332087775371550264,2774368076249802464,8573800373938698102,1,1,skt,0.661036086140924
332087775371550264,8903365289186067945,8573800373938698102,1,1,skt,0.6638770363390836
332087775371550264,6925932688889117475,300471914551172981,0,1,skt,0.7204001343565859
332087775371550264,8194071366621068887,8573800373938698102,1,1,skt,0.642074315411306
332087775371550264,2986660907093963186,300471914551172981,1,1,skt,0.7257425359616075
332087775371550264,7591109345808921544,300471914551172981,0,1,skt,0.7026052615993992
332087775371550264,625545550176685521,8573800373938698102,1,1,skt,0.6750515944152915
332087775371550264,1761868641361943332,8573800373938698102,1,1,skt,0.6825995462811933
332087775371550264,4824259625677886603,300471914551172981,0,1,skt,0.6988752720524406
332087775371550264,8450591260754163598,8573800373938698102,1,1,skt,0.6613918451996871
332087775371550264,1553079256999111676,300471914551172981,1,1,skt,0.7067694665410957
332087775371550264,3220231712819306119,8573800373938698102,1,1,skt,0.6682571229690227
332087775371550264,338807275221326836,300471914551172981,0,1,skt,0.6949841548662892
332087775371550264,8525319303741530302,8573800373938698102,1,1,skt,0.6691015574691048
332087775371550264,6587421150596252277,300471914551172981,1,1,skt,0.7084124405589232
332087775371550264,5891620578387310353,300471914551172981,1,1,skt,0.6918781302992284
332087775371550264,5791250638486922978,300471914551172981,1,1,skt,0.7127887718496443
332087775371550264,4031585874086886353,8573800373938698102,1,1,skt,0.6837682700806654
332087775371550264,2083452711903133430,8573800373938698102,1,1,skt,0.705324804603913
332087775371550264,6319743179241711738,8573800373938698102,1,1,skt,0.6856197118875641
332087775371550264,8628686323660025649,300471914551172981,1,1,skt,0.7119427039255981
332087775371550264,4378721629787482518,300471914551172981,1,1,skt,0.717833871292165
332087775371550264,4813462692425748605,300471914551172981,0,1,skt,0.6831439625142214
332087775371550264,4644364625800006675,300471914551172981,0,1,skt,0.7012761819409904
332087775371550264,1062464292871659639,8573800373938698102,1,1,skt,0.686303939723247
332087775371550264,5932668873100475470,300471914551172981,1,1,skt,0.7223154310776903
332087775371550264,5237822943399727048,8573800373938698102,0,1,skt,0.6898488333762471
343876738781606645,300471914551172981,300471914551172981,1,1,skt,0.6821806352515032
343876738781606645,8573800373938698102,8573800373938698102,0,1,skt,0.6271244374648073
343876738781606645,2014268979504181100,300471914551172981,1,1,skt,0.6674760976882969
343876738781606645,2172169907340938753,300471914551172981,0,1,skt,0.6686031047348957
343876738781606645,8150806168444344502,300471914551172981,1,1,skt,0.6907936707627378
343876738781606645,816286915455981984,8573800373938698102,1,1,skt,0.6787333721882892
343876738781606645,1962751598315765836,300471914551172981,1,1,skt,0.6953879913461025
343876738781606645,7444476343858270082,300471914551172981,1,1,skt,0.6992761859573755
343876738781606645,2537821716777940730,300471914551172981,1,1,skt,0.7000771001943514
343876738781606645,1061301253559417093,300471914551172981,1,1,skt,0.6814915876378714
343876738781606645,8553379303363759508,300471914551172981,1,1,skt,0.6738600719440675
343876738781606645,6440511557387709110,300471914551172981,1,1,skt,0.6982064068095648
343876738781606645,7744513373483970787,8573800373938698102,1,1,skt,0.6325302543889512
343876738781606645,2971078979906996375,300471914551172981,1,1,skt,0.68875464155301
343876738781606645,5841359775533910823,300471914551172981,1,1,skt,0.6602467036777954
343876738781606645,8621262567927479011,300471914551172981,1,1,skt,0.6972685801182213
343876738781606645,8434961942249729798,8573800373938698102,1,1,skt,0.6650808743284707
343876738781606645,2322042198017538996,8573800373938698102,1,1,skt,0.6671295251005437
343876738781606645,1742185772413642127,300471914551172981,1,1,skt,0.7031359375173725
343876738781606645,2334639155148655290,8573800373938698102,1,1,skt,0.6733073325738195
343876738781606645,7660717256841499384,300471914551172981,1,1,skt,0.7167388910093319
343876738781606645,4113615466659810841,300471914551172981,1,1,skt,0.7022733114788525
343876738781606645,6125574002232610732,300471914551172981,1,1,skt,0.6685327232289726
343876738781606645,2774368076249802464,8573800373938698102,0,1,skt,0.661036086140924
343876738781606645,8903365289186067945,8573800373938698102,0,1,skt,0.6638770363390836
343876738781606645,6925932688889117475,300471914551172981,1,1,skt,0.7204001343565859
343876738781606645,8194071366621068887,8573800373938698102,0,1,skt,0.642074315411306
343876738781606645,2986660907093963186,300471914551172981,1,1,skt,0.7257425359616075
343876738781606645,7591109345808921544,300471914551172981,1,1,skt,0.7026052615993992
343876738781606645,625545550176685521,8573800373938698102,1,1,skt,0.6750515944152915
343876738781606645,1761868641361943332,8573800373938698102,1,1,skt,0.6825995462811933
343876738781606645,4824259625677886603,300471914551172981,1,1,skt,0.6988752720524406
343876738781606645,8450591260754163598,8573800373938698102,1,1,skt,0.6613918451996871
343876738781606645,1553079256999111676,300471914551172981,0,1,skt,0.7067694665410957
343876738781606645,3220231712819306119,8573800373938698102,0,1,skt,0.6682571229690227
343876738781606645,338807275221326836,300471914551172981,1,1,skt,0.6949841548662892
343876738781606645,8525319303741530302,8573800373938698102,1,1,skt,0.6691015574691048
343876738781606645,6587421150596252277,300471914551172981,1,1,skt,0.7084124405589232
343876738781606645,5891620578387310353,300471914551172981,1,1,skt,0.6918781302992284
343876738781606645,5791250638486922978,300471914551172981,1,1,skt,0.7127887718496443
343876738781606645,4031585874086886353,8573800373938698102,1,1,skt,0.6837682700806654
343876738781606645,2083452711903133430,8573800373938698102,1,1,skt,0.705324804603913
343876738781606645,6319743179241711738,8573800373938698102,1,1,skt,0.6856197118875641
343876738781606645,8628686323660025649,300471914551172981,1,1,skt,0.7119427039255981
343876738781606645,4378721629787482518,300471914551172981,1,1,skt,0.717833871292165
343876738781606645,4813462692425748605,300471914551172981,1,1,skt,0.6831439625142214
343876738781606645,4644364625800006675,300471914551172981,1,1,skt,0.7012761819409904
343876738781606645,1062464292871659639,8573800373938698102,1,1,skt,0.686303939723247
343876738781606645,5932668873100475470,300471914551172981,1,1,skt,0.7223154310776903
343876738781606645,5237822943399727048,8573800373938698102,1,1,skt,0.6898488333762471
353461793782294163,300471914551172981,300471914551172981,1,1,skt,0.6821806352515032
353461793782294163,8573800373938698102,8573800373938698102,0,1,skt,0.6271244374648073
353461793782294163,2014268979504181100,300471914551172981,1,1,skt,0.6674760976882969
353461793782294163,2172169907340938753,300471914551172981,1,1,skt,0.6686031047348957
353461793782294163,8150806168444344502,300471914551172981,1,1,skt,0.6907936707627378
353461793782294163,816286915455981984,8573800373938698102,0,1,skt,0.6787333721882892
353461793782294163,1962751598315765836,300471914551172981,1,1,skt,0.6953879913461025
353461793782294163,7444476343858270082,300471914551172981,1,1,skt,0.6992761859573755
353461793782294163,2537821716777940730,300471914551172981,1,1,skt,0.7000771001943514
353461793782294163,1061301253559417093,300471914551172981,1,1,skt,0.6814915876378714
353461793782294163,8553379303363759508,300471914551172981,1,1,skt,0.6738600719440675
353461793782294163,6440511557387709110,300471914551172981,1,1,skt,0.6982064068095648
353461793782294163,7744513373483970787,8573800373938698102,0,1,skt,0.6325302543889512
353461793782294163,2971078979906996375,300471914551172981,1,1,skt,0.68875464155301
353461793782294163,5841359775533910823,300471914551172981,1,1,skt,0.6602467036777954
353461793782294163,8621262567927479011,300471914551172981,1,1,skt,0.6972685801182213
353461793782294163,8434961942249729798,8573800373938698102,0,1,skt,0.6650808743284707
353461793782294163,2322042198017538996,8573800373938698102,0,1,skt,0.6671295251005437
353461793782294163,1742185772413642127,300471914551172981,1,1,skt,0.7031359375173725
353461793782294163,2334639155148655290,8573800373938698102,0,1,skt,0.6733073325738195
353461793782294163,7660717256841499384,300471914551172981,1,1,skt,0.7167388910093319
353461793782294163,4113615466659810841,300471914551172981,1,1,skt,0.7022733114788525
353461793782294163,6125574002232610732,300471914551172981,1,1,skt,0.6685327232289726
353461793782294163,2774368076249802464,8573800373938698102,0,1,skt,0.661036086140924
353461793782294163,8903365289186067945,8573800373938698102,0,1,skt,0.6638770363390836
353461793782294163,6925932688889117475,300471914551172981,1,1,skt,0.7204001343565859
353461793782294163,8194071366621068887,8573800373938698102,0,1,skt,0.642074315411306
353461793782294163,2986660907093963186,300471914551172981,1,1,skt,0.7257425359616075
353461793782294163,7591109345808921544,300471914551172981,1,1,skt,0.7026052615993992
353461793782294163,625545550176685521,8573800373938698102,0,1,skt,0.6750515944152915
353461793782294163,1761868641361943332,8573800373938698102,0,1,skt,0.6825995462811933
353461793782294163,4824259625677886603,300471914551172981,1,1,skt,0.6988752720524406
353461793782294163,8450591260754163598,8573800373938698102,0,1,skt,0.6613918451996871
353461793782294163,1553079256999111676,300471914551172981,1,1,skt,0.7067694665410957
353461793782294163,3220231712819306119,8573800373938698102,1,1,skt,0.6682571229690227
353461793782294163,338807275221326836,300471914551172981,1,1,skt,0.6949841548662892
353461793782294163,8525319303741530302,8573800373938698102,0,1,skt,0.6691015574691048
353461793782294163,6587421150596252277,300471914551172981,1,1,skt,0.7084124405589232
353461793782294163,5891620578387310353,300471914551172981,1,1,skt,0.6918781302992284
353461793782294163,5791250638486922978,300471914551172981,1,1,skt,0.7127887718496443
353461793782294163,4031585874086886353,8573800373938698102,0,1,skt,0.6837682700806654
353461793782294163,2083452711903133430,8573800373938698102,0,1,skt,0.705324804603913
353461793782294163,6319743179241711738,8573800373938698102,0,1,skt,0.6856197118875641
353461793782294163,8628686323660025649,300471914551172981,1,1,skt,0.7119427039255981
353461793782294163,4378721629787482518,300471914551172981,1,1,skt,0.717833871292165
353461793782294163,4813462692425748605,300471914551172981,1,1,skt,0.6831439625142214
353461793782294163,4644364625800006675,300471914551172981,1,1,skt,0.7012761819409904
353461793782294163,1062464292871659639,8573800373938698102,0,1,skt,0.686303939723247
353461793782294163,5932668873100475470,300471914551172981,1,1,skt,0.7223154310776903
353461793782294163,5237822943399727048,8573800373938698102,0,1,skt,0.6898488333762471
354411700963014883,300471914551172981,300471914551172981,0,1,skt,0.6821806352515032
354411700963014883,8573800373938698102,8573800373938698102,0,1,skt,0.6271244374648073
354411700963014883,2014268979504181100,300471914551172981,1,1,skt,0.6674760976882969
354411700963014883,2172169907340938753,300471914551172981,0,1,skt,0.6686031047348957
354411700963014883,8150806168444344502,300471914551172981,0,1,skt,0.6907936707627378
354411700963014883,816286915455981984,8573800373938698102,0,1,skt,0.6787333721882892
354411700963014883,1962751598315765836,300471914551172981,1,1,skt,0.6953879913461025
354411700963014883,7444476343858270082,300471914551172981,0,1,skt,0.6992761859573755
354411700963014883,2537821716777940730,300471914551172981,1,1,skt,0.7000771001943514
354411700963014883,1061301253559417093,300471914551172981,0,1,skt,0.6814915876378714
354411700963014883,8553379303363759508,300471914551172981,0,1,skt,0.6738600719440675
354411700963014883,6440511557387709110,300471914551172981,0,1,skt,0.6982064068095648
354411700963014883,7744513373483970787,8573800373938698102,0,1,skt,0.6325302543889512
354411700963014883,2971078979906996375,300471914551172981,0,1,skt,0.68875464155301
354411700963014883,5841359775533910823,300471914551172981,0,1,skt,0.6602467036777954
354411700963014883,8621262567927479011,300471914551172981,0,1,skt,0.6972685801182213
354411700963014883,8434961942249729798,8573800373938698102,0,1,skt,0.6650808743284707
354411700963014883,2322042198017538996,8573800373938698102,0,1,skt,0.6671295251005437
354411700963014883,1742185772413642127,300471914551172981,0,1,skt,0.7031359375173725
354411700963014883,2334639155148655290,8573800373938698102,0,1,skt,0.6733073325738195
354411700963014883,7660717256841499384,300471914551172981,0,1,skt,0.7167388910093319
354411700963014883,4113615466659810841,300471914551172981,0,1,skt,0.7022733114788525
354411700963014883,6125574002232610732,300471914551172981,0,1,skt,0.6685327232289726
354411700963014883,2774368076249802464,8573800373938698102,0,1,skt,0.661036086140924
354411700963014883,8903365289186067945,8573800373938698102,0,1,skt,0.6638770363390836
354411700963014883,6925932688889117475,300471914551172981,0,1,skt,0.7204001343565859
354411700963014883,8194071366621068887,8573800373938698102,0,1,skt,0.642074315411306
354411700963014883,2986660907093963186,300471914551172981,1,1,skt,0.7257425359616075
354411700963014883,7591109345808921544,300471914551172981,0,1,skt,0.7026052615993992
354411700963014883,625545550176685521,8573800373938698102,0,1,skt,0.6750515944152915
354411700963014883,1761868641361943332,8573800373938698102,0,1,skt,0.6825995462811933
354411700963014883,4824259625677886603,300471914551172981,0,1,skt,0.6988752720524406
354411700963014883,8450591260754163598,8573800373938698102,0,1,skt,0.6613918451996871
354411700963014883,1553079256999111676,300471914551172981,1,1,skt,0.7067694665410957
354411700963014883,3220231712819306119,8573800373938698102,1,1,skt,0.6682571229690227
354411700963014883,338807275221326836,300471914551172981,1,1,skt,0.6949841548662892
354411700963014883,8525319303741530302,8573800373938698102,0,1,skt,0.6691015574691048
354411700963014883,6587421150596252277,300471914551172981,0,1,skt,0.7084124405589232
354411700963014883,5891620578387310353,300471914551172981,0,1,skt,0.6918781302992284
354411700963014883,5791250638486922978,300471914551172981,0,1,skt,0.7127887718496443
354411700963014883,4031585874086886353,8573800373938698102,0,1,skt,0.6837682700806654
354411700963014883,2083452711903133430,8573800373938698102,1,1,skt,0.705324804603913
354411700963014883,6319743179241711738,8573800373938698102,0,1,skt,0.6856197118875641
354411700963014883,8628686323660025649,300471914551172981,0,1,skt,0.7119427039255981
354411700963014883,4378721629787482518,300471914551172981,0,1,skt,0.717833871292165
354411700963014883,4813462692425748605,300471914551172981,1,1,skt,0.6831439625142214
354411700963014883,4644364625800006675,300471914551172981,1,1,skt,0.7012761819409904
354411700963014883,1062464292871659639,8573800373938698102,1,1,skt,0.686303939723247
354411700963014883,5932668873100475470,300471914551172981,1,1,skt,0.7223154310776903
354411700963014883,5237822943399727048,8573800373938698102,1,1,skt,0.6898488333762471
391500893232447138,300471914551172981,300471914551172981,0,1,skt,0.6821806352515032
391500893232447138,8573800373938698102,8573800373938698102,0,1,skt,0.6271244374648073
391500893232447138,2014268979504181100,300471914551172981,1,1,skt,0.6674760976882969
391500893232447138,2172169907340938753,300471914551172981,1,1,skt,0.6686031047348957
391500893232447138,8150806168444344502,300471914551172981,0,1,skt,0.6907936707627378
391500893232447138,816286915455981984,8573800373938698102,0,1,skt,0.6787333721882892
391500893232447138,1962751598315765836,300471914551172981,1,1,skt,0.6953879913461025
391500893232447138,7444476343858270082,300471914551172981,0,1,skt,0.6992761859573755
391500893232447138,2537821716777940730,300471914551172981,1,1,skt,0.7000771001943514
391500893232447138,1061301253559417093,300471914551172981,0,1,skt,0.6814915876378714
391500893232447138,8553379303363759508,300471914551172981,0,1,skt,0.6738600719440675
391500893232447138,6440511557387709110,300471914551172981,1,1,skt,0.6982064068095648
391500893232447138,7744513373483970787,8573800373938698102,0,1,skt,0.6325302543889512
391500893232447138,2971078979906996375,300471914551172981,0,1,skt,0.68875464155301
391500893232447138,5841359775533910823,300471914551172981,0,1,skt,0.6602467036777954
391500893232447138,8621262567927479011,300471914551172981,1,1,skt,0.6972685801182213
391500893232447138,8434961942249729798,8573800373938698102,0,1,skt,0.6650808743284707
391500893232447138,2322042198017538996,8573800373938698102,0,1,skt,0.6671295251005437
391500893232447138,1742185772413642127,300471914551172981,0,1,skt,0.7031359375173725
391500893232447138,2334639155148655290,8573800373938698102,0,1,skt,0.6733073325738195
391500893232447138,7660717256841499384,300471914551172981,1,1,skt,0.7167388910093319
391500893232447138,4113615466659810841,300471914551172981,0,1,skt,0.7022733114788525
391500893232447138,6125574002232610732,300471914551172981,0,1,skt,0.6685327232289726
391500893232447138,2774368076249802464,8573800373938698102,0,1,skt,0.661036086140924
391500893232447138,8903365289186067945,8573800373938698102,0,1,skt,0.6638770363390836
391500893232447138,6925932688889117475,300471914551172981,1,1,skt,0.7204001343565859
391500893232447138,8194071366621068887,8573800373938698102,0,1,skt,0.642074315411306
391500893232447138,2986660907093963186,300471914551172981,1,1,skt,0.7257425359616075
391500893232447138,7591109345808921544,300471914551172981,1,1,skt,0.7026052615993992
391500893232447138,625545550176685521,8573800373938698102,1,1,skt,0.6750515944152915
391500893232447138,1761868641361943332,8573800373938698102,1,1,skt,0.6825995462811933
391500893232447138,4824259625677886603,300471914551172981,0,1,skt,0.6988752720524406
391500893232447138,8450591260754163598,8573800373938698102,0,1,skt,0.6613918451996871
391500893232447138,1553079256999111676,300471914551172981,0,1,skt,0.7067694665410957
391500893232447138,3220231712819306119,8573800373938698102,0,1,skt,0.6682571229690227
391500893232447138,338807275221326836,300471914551172981,1,1,skt,0.6949841548662892
391500893232447138,8525319303741530302,8573800373938698102,0,1,skt,0.6691015574691048
391500893232447138,6587421150596252277,300471914551172981,0,1,skt,0.7084124405589232
391500893232447138,5891620578387310353,300471914551172981,1,1,skt,0.6918781302992284
391500893232447138,5791250638486922978,300471914551172981,1,1,skt,0.7127887718496443
391500893232447138,4031585874086886353,8573800373938698102,0,1,skt,0.6837682700806654
391500893232447138,2083452711903133430,8573800373938698102,0,1,skt,0.705324804603913
391500893232447138,6319743179241711738,8573800373938698102,0,1,skt,0.6856197118875641
391500893232447138,8628686323660025649,300471914551172981,1,1,skt,0.7119427039255981
391500893232447138,4378721629787482518,300471914551172981,1,1,skt,0.717833871292165
391500893232447138,4813462692425748605,300471914551172981,0,1,skt,0.6831439625142214
391500893232447138,4644364625800006675,300471914551172981,1,1,skt,0.7012761819409904
391500893232447138,1062464292871659639,8573800373938698102,1,1,skt,0.686303939723247
391500893232447138,5932668873100475470,300471914551172981,1,1,skt,0.7223154310776903
391500893232447138,5237822943399727048,8573800373938698102,0,1,skt,0.6898488333762471
408067404290575866,300471914551172981,300471914551172981,0,1,skt,0.6821806352515032
408067404290575866,8573800373938698102,8573800373938698102,0,1,skt,0.6271244374648073
408067404290575866,2014268979504181100,300471914551172981,1,1,skt,0.6674760976882969
408067404290575866,2172169907340938753,300471914551172981,0,1,skt,0.6686031047348957
408067404290575866,8150806168444344502,300471914551172981,1,1,skt,0.6907936707627378
408067404290575866,816286915455981984,8573800373938698102,1,1,skt,0.6787333721882892
408067404290575866,1962751598315765836,300471914551172981,1,1,skt,0.6953879913461025
408067404290575866,7444476343858270082,300471914551172981,1,1,skt,0.6992761859573755
408067404290575866,2537821716777940730,300471914551172981,1,1,skt,0.7000771001943514
408067404290575866,1061301253559417093,300471914551172981,1,1,skt,0.6814915876378714
408067404290575866,8553379303363759508,300471914551172981,1,1,skt,0.6738600719440675
408067404290575866,6440511557387709110,300471914551172981,1,1,skt,0.6982064068095648
408067404290575866,7744513373483970787,8573800373938698102,0,1,skt,0.6325302543889512
408067404290575866,2971078979906996375,300471914551172981,1,1,skt,0.68875464155301
408067404290575866,5841359775533910823,300471914551172981,0,1,skt,0.6602467036777954
408067404290575866,8621262567927479011,300471914551172981,1,1,skt,0.6972685801182213
408067404290575866,8434961942249729798,8573800373938698102,0,1,skt,0.6650808743284707
408067404290575866,2322042198017538996,8573800373938698102,0,1,skt,0.6671295251005437
408067404290575866,1742185772413642127,300471914551172981,1,1,skt,0.7031359375173725
408067404290575866,2334639155148655290,8573800373938698102,1,1,skt,0.6733073325738195
408067404290575866,7660717256841499384,300471914551172981,1,1,skt,0.7167388910093319
408067404290575866,4113615466659810841,300471914551172981,1,1,skt,0.7022733114788525
408067404290575866,6125574002232610732,300471914551172981,1,1,skt,0.6685327232289726
408067404290575866,2774368076249802464,8573800373938698102,1,1,skt,0.661036086140924
408067404290575866,8903365289186067945,8573800373938698102,0,1,skt,0.6638770363390836
408067404290575866,6925932688889117475,300471914551172981,1,1,skt,0.7204001343565859
408067404290575866,8194071366621068887,8573800373938698102,0,1,skt,0.642074315411306
408067404290575866,2986660907093963186,300471914551172981,1,1,skt,0.7257425359616075
408067404290575866,7591109345808921544,300471914551172981,1,1,skt,0.7026052615993992
408067404290575866,625545550176685521,8573800373938698102,0,1,skt,0.6750515944152915
408067404290575866,1761868641361943332,8573800373938698102,1,1,skt,0.6825995462811933
408067404290575866,4824259625677886603,300471914551172981,1,1,skt,0.6988752720524406
408067404290575866,8450591260754163598,8573800373938698102,0,1,skt,0.6613918451996871
408067404290575866,1553079256999111676,300471914551172981,1,1,skt,0.7067694665410957
408067404290575866,3220231712819306119,8573800373938698102,0,1,skt,0.6682571229690227
408067404290575866,338807275221326836,300471914551172981,1,1,skt,0.6949841548662892
408067404290575866,8525319303741530302,8573800373938698102,0,1,skt,0.6691015574691048
408067404290575866,6587421150596252277,300471914551172981,1,1,skt,0.7084124405589232
408067404290575866,5891620578387310353,300471914551172981,1,1,skt,0.6918781302992284
408067404290575866,5791250638486922978,300471914551172981,1,1,skt,0.7127887718496443
408067404290575866,4031585874086886353,8573800373938698102,0,1,skt,0.6837682700806654
408067404290575866,2083452711903133430,8573800373938698102,0,1,skt,0.705324804603913
408067404290575866,6319743179241711738,8573800373938698102,0,1,skt,0.6856197118875641
408067404290575866,8628686323660025649,300471914551172981,1,1,skt,0.7119427039255981
408067404290575866,4378721629787482518,300471914551172981,1,1,skt,0.717833871292165
408067404290575866,4813462692425748605,300471914551172981,1,1,skt,0.6831439625142214
408067404290575866,4644364625800006675,300471914551172981,1,1,skt,0.7012761819409904
408067404290575866,1062464292871659639,8573800373938698102,1,1,skt,0.686303939723247
408067404290575866,5932668873100475470,300471914551172981,1,1,skt,0.7223154310776903
408067404290575866,5237822943399727048,8573800373938698102,0,1,skt,0.6898488333762471
467689940266541525,300471914551172981,300471914551172981,1,1,skt,0.6821806352515032
467689940266541525,8573800373938698102,8573800373938698102,1,1,skt,0.6271244374648073
467689940266541525,2014268979504181100,300471914551172981,1,1,skt,0.6674760976882969
467689940266541525,2172169907340938753,300471914551172981,1,1,skt,0.6686031047348957
467689940266541525,8150806168444344502,300471914551172981,1,1,skt,0.6907936707627378
467689940266541525,816286915455981984,8573800373938698102,1,1,skt,0.6787333721882892
467689940266541525,1962751598315765836,300471914551172981,1,1,skt,0.6953879913461025
467689940266541525,7444476343858270082,300471914551172981,1,1,skt,0.6992761859573755
467689940266541525,2537821716777940730,300471914551172981,1,1,skt,0.7000771001943514
467689940266541525,1061301253559417093,300471914551172981,1,1,skt,0.6814915876378714
467689940266541525,8553379303363759508,300471914551172981,1,1,skt,0.6738600719440675
467689940266541525,6440511557387709110,300471914551172981,1,1,skt,0.6982064068095648
467689940266541525,7744513373483970787,8573800373938698102,1,1,skt,0.6325302543889512
467689940266541525,2971078979906996375,300471914551172981,1,1,skt,0.68875464155301
467689940266541525,5841359775533910823,300471914551172981,1,1,skt,0.6602467036777954
467689940266541525,8621262567927479011,300471914551172981,1,1,skt,0.6972685801182213
467689940266541525,8434961942249729798,8573800373938698102,1,1,skt,0.6650808743284707
467689940266541525,2322042198017538996,8573800373938698102,1,1,skt,0.6671295251005437
467689940266541525,1742185772413642127,300471914551172981,1,1,skt,0.7031359375173725
467689940266541525,2334639155148655290,8573800373938698102,1,1,skt,0.6733073325738195
467689940266541525,7660717256841499384,300471914551172981,1,1,skt,0.7167388910093319
467689940266541525,4113615466659810841,300471914551172981,1,1,skt,0.7022733114788525
467689940266541525,6125574002232610732,300471914551172981,1,1,skt,0.6685327232289726
467689940266541525,2774368076249802464,8573800373938698102,1,1,skt,0.661036086140924
467689940266541525,8903365289186067945,8573800373938698102,1,1,skt,0.6638770363390836
467689940266541525,6925932688889117475,300471914551172981,1,1,skt,0.7204001343565859
467689940266541525,8194071366621068887,8573800373938698102,1,1,skt,0.642074315411306
467689940266541525,2986660907093963186,300471914551172981,1,1,skt,0.7257425359616075
467689940266541525,7591109345808921544,300471914551172981,1,1,skt,0.7026052615993992
467689940266541525,625545550176685521,8573800373938698102,1,1,skt,0.6750515944152915
467689940266541525,1761868641361943332,8573800373938698102,1,1,skt,0.6825995462811933
467689940266541525,4824259625677886603,300471914551172981,1,1,skt,0.6988752720524406
467689940266541525,8450591260754163598,8573800373938698102,1,1,skt,0.6613918451996871
467689940266541525,1553079256999111676,300471914551172981,1,1,skt,0.7067694665410957
467689940266541525,3220231712819306119,8573800373938698102,1,1,skt,0.6682571229690227
467689940266541525,338807275221326836,300471914551172981,1,1,skt,0.6949841548662892
467689940266541525,8525319303741530302,8573800373938698102,1,1,skt,0.6691015574691048
467689940266541525,6587421150596252277,300471914551172981,1,1,skt,0.7084124405589232
467689940266541525,5891620578387310353,300471914551172981,1,1,skt,0.6918781302992284
467689940266541525,5791250638486922978,300471914551172981,1,1,skt,0.7127887718496443
467689940266541525,4031585874086886353,8573800373938698102,1,1,skt,0.6837682700806654
467689940266541525,2083452711903133430,8573800373938698102,1,1,skt,0.705324804603913
467689940266541525,6319743179241711738,8573800373938698102,1,1,skt,0.6856197118875641
467689940266541525,8628686323660025649,300471914551172981,1,1,skt,0.7119427039255981
467689940266541525,4378721629787482518,300471914551172981,1,1,skt,0.717833871292165
467689940266541525,4813462692425748605,300471914551172981,1,1,skt,0.6831439625142214
467689940266541525,4644364625800006675,300471914551172981,1,1,skt,0.7012761819409904
467689940266541525,1062464292871659639,8573800373938698102,1,1,skt,0.686303939723247
467689940266541525,5932668873100475470,300471914551172981,1,1,skt,0.7223154310776903
467689940266541525,5237822943399727048,8573800373938698102,1,1,skt,0.6898488333762471
473886315334742569,300471914551172981,300471914551172981,0,1,skt,0.6821806352515032
473886315334742569,8573800373938698102,8573800373938698102,0,1,skt,0.6271244374648073
473886315334742569,2014268979504181100,300471914551172981,0,1,skt,0.6674760976882969
473886315334742569,2172169907340938753,300471914551172981,0,1,skt,0.6686031047348957
473886315334742569,8150806168444344502,300471914551172981,1,1,skt,0.6907936707627378
473886315334742569,816286915455981984,8573800373938698102,1,1,skt,0.6787333721882892
473886315334742569,1962751598315765836,300471914551172981,0,1,skt,0.6953879913461025
473886315334742569,7444476343858270082,300471914551172981,1,1,skt,0.6992761859573755
473886315334742569,2537821716777940730,300471914551172981,1,1,skt,0.7000771001943514
473886315334742569,1061301253559417093,300471914551172981,1,1,skt,0.6814915876378714
473886315334742569,8553379303363759508,300471914551172981,0,1,skt,0.6738600719440675
473886315334742569,6440511557387709110,300471914551172981,0,1,skt,0.6982064068095648
473886315334742569,7744513373483970787,8573800373938698102,0,1,skt,0.6325302543889512
473886315334742569,2971078979906996375,300471914551172981,1,1,skt,0.68875464155301
473886315334742569,5841359775533910823,300471914551172981,0,1,skt,0.6602467036777954
473886315334742569,8621262567927479011,300471914551172981,0,1,skt,0.6972685801182213
473886315334742569,8434961942249729798,8573800373938698102,1,1,skt,0.6650808743284707
473886315334742569,2322042198017538996,8573800373938698102,1,1,skt,0.6671295251005437
473886315334742569,1742185772413642127,300471914551172981,1,1,skt,0.7031359375173725
473886315334742569,2334639155148655290,8573800373938698102,1,1,skt,0.6733073325738195
473886315334742569,7660717256841499384,300471914551172981,1,1,skt,0.7167388910093319
473886315334742569,4113615466659810841,300471914551172981,1,1,skt,0.7022733114788525
473886315334742569,6125574002232610732,300471914551172981,1,1,skt,0.6685327232289726
473886315334742569,2774368076249802464,8573800373938698102,1,1,skt,0.661036086140924
473886315334742569,8903365289186067945,8573800373938698102,1,1,skt,0.6638770363390836
473886315334742569,6925932688889117475,300471914551172981,1,1,skt,0.7204001343565859
473886315334742569,8194071366621068887,8573800373938698102,1,1,skt,0.642074315411306
473886315334742569,2986660907093963186,300471914551172981,1,1,skt,0.7257425359616075
473886315334742569,7591109345808921544,300471914551172981,0,1,skt,0.7026052615993992
473886315334742569,625545550176685521,8573800373938698102,1,1,skt,0.6750515944152915
473886315334742569,1761868641361943332,8573800373938698102,1,1,skt,0.6825995462811933
473886315334742569,4824259625677886603,300471914551172981,1,1,skt,0.6988752720524406
473886315334742569,8450591260754163598,8573800373938698102,1,1,skt,0.6613918451996871
473886315334742569,1553079256999111676,300471914551172981,1,1,skt,0.7067694665410957
473886315334742569,3220231712819306119,8573800373938698102,1,1,skt,0.6682571229690227
473886315334742569,338807275221326836,300471914551172981,1,1,skt,0.6949841548662892
473886315334742569,8525319303741530302,8573800373938698102,1,1,skt,0.6691015574691048
473886315334742569,6587421150596252277,300471914551172981,0,1,skt,0.7084124405589232
473886315334742569,5891620578387310353,300471914551172981,1,1,skt,0.6918781302992284
473886315334742569,5791250638486922978,300471914551172981,1,1,skt,0.7127887718496443
473886315334742569,4031585874086886353,8573800373938698102,1,1,skt,0.6837682700806654
473886315334742569,2083452711903133430,8573800373938698102,1,1,skt,0.705324804603913
473886315334742569,6319743179241711738,8573800373938698102,1,1,skt,0.6856197118875641
473886315334742569,8628686323660025649,300471914551172981,1,1,skt,0.7119427039255981
473886315334742569,4378721629787482518,300471914551172981,1,1,skt,0.717833871292165
473886315334742569,4813462692425748605,300471914551172981,0,1,skt,0.6831439625142214
473886315334742569,4644364625800006675,300471914551172981,0,1,skt,0.7012761819409904
473886315334742569,1062464292871659639,8573800373938698102,1,1,skt,0.686303939723247
473886315334742569,5932668873100475470,300471914551172981,1,1,skt,0.7223154310776903
473886315334742569,5237822943399727048,8573800373938698102,1,1,skt,0.6898488333762471
474633159280968256,300471914551172981,300471914551172981,0,1,skt,0.6821806352515032
474633159280968256,8573800373938698102,8573800373938698102,0,1,skt,0.6271244374648073
474633159280968256,2014268979504181100,300471914551172981,0,1,skt,0.6674760976882969
474633159280968256,2172169907340938753,300471914551172981,0,1,skt,0.6686031047348957
474633159280968256,8150806168444344502,300471914551172981,0,1,skt,0.6907936707627378
474633159280968256,816286915455981984,8573800373938698102,0,1,skt,0.6787333721882892
474633159280968256,1962751598315765836,300471914551172981,0,1,skt,0.6953879913461025
474633159280968256,7444476343858270082,300471914551172981,1,1,skt,0.6992761859573755
474633159280968256,2537821716777940730,300471914551172981,1,1,skt,0.7000771001943514
474633159280968256,1061301253559417093,300471914551172981,0,1,skt,0.6814915876378714
474633159280968256,8553379303363759508,300471914551172981,0,1,skt,0.6738600719440675
474633159280968256,6440511557387709110,300471914551172981,0,1,skt,0.6982064068095648
474633159280968256,7744513373483970787,8573800373938698102,0,1,skt,0.6325302543889512
474633159280968256,2971078979906996375,300471914551172981,0,1,skt,0.68875464155301
474633159280968256,5841359775533910823,300471914551172981,0,1,skt,0.6602467036777954
474633159280968256,8621262567927479011,300471914551172981,1,1,skt,0.6972685801182213
474633159280968256,8434961942249729798,8573800373938698102,0,1,skt,0.6650808743284707
474633159280968256,2322042198017538996,8573800373938698102,0,1,skt,0.6671295251005437
474633159280968256,1742185772413642127,300471914551172981,1,1,skt,0.7031359375173725
474633159280968256,2334639155148655290,8573800373938698102,0,1,skt,0.6733073325738195
474633159280968256,7660717256841499384,300471914551172981,0,1,skt,0.7167388910093319
474633159280968256,4113615466659810841,300471914551172981,1,1,skt,0.7022733114788525
474633159280968256,6125574002232610732,300471914551172981,0,1,skt,0.6685327232289726
474633159280968256,2774368076249802464,8573800373938698102,0,1,skt,0.661036086140924
474633159280968256,8903365289186067945,8573800373938698102,1,1,skt,0.6638770363390836
474633159280968256,6925932688889117475,300471914551172981,1,1,skt,0.7204001343565859
474633159280968256,8194071366621068887,8573800373938698102,0,1,skt,0.642074315411306
474633159280968256,2986660907093963186,300471914551172981,0,1,skt,0.7257425359616075
474633159280968256,7591109345808921544,300471914551172981,0,1,skt,0.7026052615993992
474633159280968256,625545550176685521,8573800373938698102,1,1,skt,0.6750515944152915
474633159280968256,1761868641361943332,8573800373938698102,0,1,skt,0.6825995462811933
474633159280968256,4824259625677886603,300471914551172981,1,1,skt,0.6988752720524406
474633159280968256,8450591260754163598,8573800373938698102,0,1,skt,0.6613918451996871
474633159280968256,1553079256999111676,300471914551172981,0,1,skt,0.7067694665410957
474633159280968256,3220231712819306119,8573800373938698102,0,1,skt,0.6682571229690227
474633159280968256,338807275221326836,300471914551172981,0,1,skt,0.6949841548662892
474633159280968256,8525319303741530302,8573800373938698102,1,1,skt,0.6691015574691048
474633159280968256,6587421150596252277,300471914551172981,1,1,skt,0.7084124405589232
474633159280968256,5891620578387310353,300471914551172981,1,1,skt,0.6918781302992284
474633159280968256,5791250638486922978,300471914551172981,1,1,skt,0.7127887718496443
474633159280968256,4031585874086886353,8573800373938698102,0,1,skt,0.6837682700806654
474633159280968256,2083452711903133430,8573800373938698102,1,1,skt,0.705324804603913
474633159280968256,6319743179241711738,8573800373938698102,1,1,skt,0.6856197118875641
474633159280968256,8628686323660025649,300471914551172981,0,1,skt,0.7119427039255981
474633159280968256,4378721629787482518,300471914551172981,1,1,skt,0.717833871292165
474633159280968256,4813462692425748605,300471914551172981,0,1,skt,0.6831439625142214
474633159280968256,4644364625800006675,300471914551172981,1,1,skt,0.7012761819409904
474633159280968256,1062464292871659639,8573800373938698102,1,1,skt,0.686303939723247
474633159280968256,5932668873100475470,300471914551172981,0,1,skt,0.7223154310776903
474633159280968256,5237822943399727048,8573800373938698102,1,1,skt,0.6898488333762471
494021745820447907,300471914551172981,300471914551172981,0,1,skt,0.6821806352515032
494021745820447907,8573800373938698102,8573800373938698102,0,1,skt,0.6271244374648073
494021745820447907,2014268979504181100,300471914551172981,0,1,skt,0.6674760976882969
494021745820447907,2172169907340938753,300471914551172981,0,1,skt,0.6686031047348957
494021745820447907,8150806168444344502,300471914551172981,0,1,skt,0.6907936707627378
494021745820447907,816286915455981984,8573800373938698102,1,1,skt,0.6787333721882892
494021745820447907,1962751598315765836,300471914551172981,1,1,skt,0.6953879913461025
494021745820447907,7444476343858270082,300471914551172981,1,1,skt,0.6992761859573755
494021745820447907,2537821716777940730,300471914551172981,0,1,skt,0.7000771001943514
494021745820447907,1061301253559417093,300471914551172981,1,1,skt,0.6814915876378714
494021745820447907,8553379303363759508,300471914551172981,0,1,skt,0.6738600719440675
494021745820447907,6440511557387709110,300471914551172981,0,1,skt,0.6982064068095648
494021745820447907,7744513373483970787,8573800373938698102,0,1,skt,0.6325302543889512
494021745820447907,2971078979906996375,300471914551172981,0,1,skt,0.68875464155301
494021745820447907,5841359775533910823,300471914551172981,0,1,skt,0.6602467036777954
494021745820447907,8621262567927479011,300471914551172981,0,1,skt,0.6972685801182213
494021745820447907,8434961942249729798,8573800373938698102,1,1,skt,0.6650808743284707
494021745820447907,2322042198017538996,8573800373938698102,1,1,skt,0.6671295251005437
494021745820447907,1742185772413642127,300471914551172981,0,1,skt,0.7031359375173725
494021745820447907,2334639155148655290,8573800373938698102,1,1,skt,0.6733073325738195
494021745820447907,7660717256841499384,300471914551172981,0,1,skt,0.7167388910093319
494021745820447907,4113615466659810841,300471914551172981,0,1,skt,0.7022733114788525
494021745820447907,6125574002232610732,300471914551172981,1,1,skt,0.6685327232289726
494021745820447907,2774368076249802464,8573800373938698102,1,1,skt,0.661036086140924
494021745820447907,8903365289186067945,8573800373938698102,1,1,skt,0.6638770363390836
494021745820447907,6925932688889117475,300471914551172981,0,1,skt,0.7204001343565859
494021745820447907,8194071366621068887,8573800373938698102,0,1,skt,0.642074315411306
494021745820447907,2986660907093963186,300471914551172981,0,1,skt,0.7257425359616075
494021745820447907,7591109345808921544,300471914551172981,0,1,skt,0.7026052615993992
494021745820447907,625545550176685521,8573800373938698102,1,1,skt,0.6750515944152915
494021745820447907,1761868641361943332,8573800373938698102,1,1,skt,0.6825995462811933
494021745820447907,4824259625677886603,300471914551172981,0,1,skt,0.6988752720524406
494021745820447907,8450591260754163598,8573800373938698102,1,1,skt,0.6613918451996871
494021745820447907,1553079256999111676,300471914551172981,0,1,skt,0.7067694665410957
494021745820447907,3220231712819306119,8573800373938698102,1,1,skt,0.6682571229690227
494021745820447907,338807275221326836,300471914551172981,0,1,skt,0.6949841548662892
494021745820447907,8525319303741530302,8573800373938698102,0,1,skt,0.6691015574691048
494021745820447907,6587421150596252277,300471914551172981,0,1,skt,0.7084124405589232
494021745820447907,5891620578387310353,300471914551172981,0,1,skt,0.6918781302992284
494021745820447907,5791250638486922978,300471914551172981,0,1,skt,0.7127887718496443
494021745820447907,4031585874086886353,8573800373938698102,1,1,skt,0.6837682700806654
494021745820447907,2083452711903133430,8573800373938698102,0,1,skt,0.705324804603913
494021745820447907,6319743179241711738,8573800373938698102,1,1,skt,0.6856197118875641
494021745820447907,8628686323660025649,300471914551172981,0,1,skt,0.7119427039255981
494021745820447907,4378721629787482518,300471914551172981,0,1,skt,0.717833871292165
494021745820447907,4813462692425748605,300471914551172981,0,1,skt,0.6831439625142214
494021745820447907,4644364625800006675,300471914551172981,1,1,skt,0.7012761819409904
494021745820447907,1062464292871659639,8573800373938698102,1,1,skt,0.686303939723247
494021745820447907,5932668873100475470,300471914551172981,0,1,skt,0.7223154310776903
494021745820447907,5237822943399727048,8573800373938698102,1,1,skt,0.6898488333762471
513429567782826768,300471914551172981,300471914551172981,1,1,skt,0.6821806352515032
513429567782826768,8573800373938698102,8573800373938698102,1,1,skt,0.6271244374648073
513429567782826768,2014268979504181100,300471914551172981,0,1,skt,0.6674760976882969
513429567782826768,2172169907340938753,300471914551172981,0,1,skt,0.6686031047348957
513429567782826768,8150806168444344502,300471914551172981,1,1,skt,0.6907936707627378
513429567782826768,816286915455981984,8573800373938698102,1,1,skt,0.6787333721882892
513429567782826768,1962751598315765836,300471914551172981,0,1,skt,0.6953879913461025
513429567782826768,7444476343858270082,300471914551172981,0,1,skt,0.6992761859573755
513429567782826768,2537821716777940730,300471914551172981,0,1,skt,0.7000771001943514
513429567782826768,1061301253559417093,300471914551172981,1,1,skt,0.6814915876378714
513429567782826768,8553379303363759508,300471914551172981,1,1,skt,0.6738600719440675
513429567782826768,6440511557387709110,300471914551172981,0,1,skt,0.6982064068095648
513429567782826768,7744513373483970787,8573800373938698102,1,1,skt,0.6325302543889512
513429567782826768,2971078979906996375,300471914551172981,0,1,skt,0.68875464155301
513429567782826768,5841359775533910823,300471914551172981,0,1,skt,0.6602467036777954
513429567782826768,8621262567927479011,300471914551172981,0,1,skt,0.6972685801182213
513429567782826768,8434961942249729798,8573800373938698102,1,1,skt,0.6650808743284707
513429567782826768,2322042198017538996,8573800373938698102,1,1,skt,0.6671295251005437
513429567782826768,1742185772413642127,300471914551172981,1,1,skt,0.7031359375173725
513429567782826768,2334639155148655290,8573800373938698102,1,1,skt,0.6733073325738195
513429567782826768,7660717256841499384,300471914551172981,0,1,skt,0.7167388910093319
513429567782826768,4113615466659810841,300471914551172981,0,1,skt,0.7022733114788525
513429567782826768,6125574002232610732,300471914551172981,0,1,skt,0.6685327232289726
513429567782826768,2774368076249802464,8573800373938698102,1,1,skt,0.661036086140924
513429567782826768,8903365289186067945,8573800373938698102,1,1,skt,0.6638770363390836
513429567782826768,6925932688889117475,300471914551172981,0,1,skt,0.7204001343565859
513429567782826768,8194071366621068887,8573800373938698102,1,1,skt,0.642074315411306
513429567782826768,2986660907093963186,300471914551172981,0,1,skt,0.7257425359616075
513429567782826768,7591109345808921544,300471914551172981,0,1,skt,0.7026052615993992
513429567782826768,625545550176685521,8573800373938698102,1,1,skt,0.6750515944152915
513429567782826768,1761868641361943332,8573800373938698102,1,1,skt,0.6825995462811933
513429567782826768,4824259625677886603,300471914551172981,0,1,skt,0.6988752720524406
513429567782826768,8450591260754163598,8573800373938698102,1,1,skt,0.6613918451996871
513429567782826768,1553079256999111676,300471914551172981,0,1,skt,0.7067694665410957
513429567782826768,3220231712819306119,8573800373938698102,1,1,skt,0.6682571229690227
513429567782826768,338807275221326836,300471914551172981,0,1,skt,0.6949841548662892
513429567782826768,8525319303741530302,8573800373938698102,1,1,skt,0.6691015574691048
513429567782826768,6587421150596252277,300471914551172981,0,1,skt,0.7084124405589232
513429567782826768,5891620578387310353,300471914551172981,0,1,skt,0.6918781302992284
513429567782826768,5791250638486922978,300471914551172981,0,1,skt,0.7127887718496443
513429567782826768,4031585874086886353,8573800373938698102,1,1,skt,0.6837682700806654
513429567782826768,2083452711903133430,8573800373938698102,1,1,skt,0.705324804603913
513429567782826768,6319743179241711738,8573800373938698102,1,1,skt,0.6856197118875641
513429567782826768,8628686323660025649,300471914551172981,0,1,skt,0.7119427039255981
513429567782826768,4378721629787482518,300471914551172981,0,1,skt,0.717833871292165
513429567782826768,4813462692425748605,300471914551172981,0,1,skt,0.6831439625142214
513429567782826768,4644364625800006675,300471914551172981,0,1,skt,0.7012761819409904
513429567782826768,1062464292871659639,8573800373938698102,1,1,skt,0.686303939723247
513429567782826768,5932668873100475470,300471914551172981,0,1,skt,0.7223154310776903
513429567782826768,5237822943399727048,8573800373938698102,1,1,skt,0.6898488333762471
540704142965175174,300471914551172981,300471914551172981,1,1,skt,0.6821806352515032
540704142965175174,8573800373938698102,8573800373938698102,0,1,skt,0.6271244374648073
540704142965175174,2014268979504181100,300471914551172981,1,1,skt,0.6674760976882969
540704142965175174,2172169907340938753,300471914551172981,1,1,skt,0.6686031047348957
540704142965175174,8150806168444344502,300471914551172981,1,1,skt,0.6907936707627378
540704142965175174,816286915455981984,8573800373938698102,1,1,skt,0.6787333721882892
540704142965175174,1962751598315765836,300471914551172981,1,1,skt,0.6953879913461025
540704142965175174,7444476343858270082,300471914551172981,1,1,skt,0.6992761859573755
540704142965175174,2537821716777940730,300471914551172981,1,1,skt,0.7000771001943514
540704142965175174,1061301253559417093,300471914551172981,0,1,skt,0.6814915876378714
540704142965175174,8553379303363759508,300471914551172981,0,1,skt,0.6738600719440675
540704142965175174,6440511557387709110,300471914551172981,1,1,skt,0.6982064068095648
540704142965175174,7744513373483970787,8573800373938698102,0,1,skt,0.6325302543889512
540704142965175174,2971078979906996375,300471914551172981,1,1,skt,0.68875464155301
540704142965175174,5841359775533910823,300471914551172981,1,1,skt,0.6602467036777954
540704142965175174,8621262567927479011,300471914551172981,1,1,skt,0.6972685801182213
540704142965175174,8434961942249729798,8573800373938698102,1,1,skt,0.6650808743284707
540704142965175174,2322042198017538996,8573800373938698102,0,1,skt,0.6671295251005437
540704142965175174,1742185772413642127,300471914551172981,1,1,skt,0.7031359375173725
540704142965175174,2334639155148655290,8573800373938698102,1,1,skt,0.6733073325738195
540704142965175174,7660717256841499384,300471914551172981,1,1,skt,0.7167388910093319
540704142965175174,4113615466659810841,300471914551172981,1,1,skt,0.7022733114788525
540704142965175174,6125574002232610732,300471914551172981,0,1,skt,0.6685327232289726
540704142965175174,2774368076249802464,8573800373938698102,1,1,skt,0.661036086140924
540704142965175174,8903365289186067945,8573800373938698102,1,1,skt,0.6638770363390836
540704142965175174,6925932688889117475,300471914551172981,1,1,skt,0.7204001343565859
540704142965175174,8194071366621068887,8573800373938698102,1,1,skt,0.642074315411306
540704142965175174,2986660907093963186,300471914551172981,1,1,skt,0.7257425359616075
540704142965175174,7591109345808921544,300471914551172981,1,1,skt,0.7026052615993992
540704142965175174,625545550176685521,8573800373938698102,1,1,skt,0.6750515944152915
540704142965175174,1761868641361943332,8573800373938698102,1,1,skt,0.6825995462811933
540704142965175174,4824259625677886603,300471914551172981,1,1,skt,0.6988752720524406
540704142965175174,8450591260754163598,8573800373938698102,0,1,skt,0.6613918451996871
540704142965175174,1553079256999111676,300471914551172981,1,1,skt,0.7067694665410957
540704142965175174,3220231712819306119,8573800373938698102,0,1,skt,0.6682571229690227
540704142965175174,338807275221326836,300471914551172981,1,1,skt,0.6949841548662892
540704142965175174,8525319303741530302,8573800373938698102,1,1,skt,0.6691015574691048
540704142965175174,6587421150596252277,300471914551172981,1,1,skt,0.7084124405589232
540704142965175174,5891620578387310353,300471914551172981,1,1,skt,0.6918781302992284
540704142965175174,5791250638486922978,300471914551172981,1,1,skt,0.7127887718496443
540704142965175174,4031585874086886353,8573800373938698102,1,1,skt,0.6837682700806654
540704142965175174,2083452711903133430,8573800373938698102,1,1,skt,0.705324804603913
540704142965175174,6319743179241711738,8573800373938698102,1,1,skt,0.6856197118875641
540704142965175174,8628686323660025649,300471914551172981,1,1,skt,0.7119427039255981
540704142965175174,4378721629787482518,300471914551172981,1,1,skt,0.717833871292165
540704142965175174,4813462692425748605,300471914551172981,1,1,skt,0.6831439625142214
540704142965175174,4644364625800006675,300471914551172981,0,1,skt,0.7012761819409904
540704142965175174,1062464292871659639,8573800373938698102,1,1,skt,0.686303939723247
540704142965175174,5932668873100475470,300471914551172981,1,1,skt,0.7223154310776903
540704142965175174,5237822943399727048,8573800373938698102,1,1,skt,0.6898488333762471
545945498259535928,300471914551172981,300471914551172981,1,1,skt,0.6821806352515032
545945498259535928,8573800373938698102,8573800373938698102,1,1,skt,0.6271244374648073
545945498259535928,2014268979504181100,300471914551172981,1,1,skt,0.6674760976882969
545945498259535928,2172169907340938753,300471914551172981,1,1,skt,0.6686031047348957
545945498259535928,8150806168444344502,300471914551172981,1,1,skt,0.6907936707627378
545945498259535928,816286915455981984,8573800373938698102,1,1,skt,0.6787333721882892
545945498259535928,1962751598315765836,300471914551172981,1,1,skt,0.6953879913461025
545945498259535928,7444476343858270082,300471914551172981,1,1,skt,0.6992761859573755
545945498259535928,2537821716777940730,300471914551172981,1,1,skt,0.7000771001943514
545945498259535928,1061301253559417093,300471914551172981,1,1,skt,0.6814915876378714
545945498259535928,8553379303363759508,300471914551172981,0,1,skt,0.6738600719440675
545945498259535928,6440511557387709110,300471914551172981,1,1,skt,0.6982064068095648
545945498259535928,7744513373483970787,8573800373938698102,1,1,skt,0.6325302543889512
545945498259535928,2971078979906996375,300471914551172981,1,1,skt,0.68875464155301
545945498259535928,5841359775533910823,300471914551172981,1,1,skt,0.6602467036777954
545945498259535928,8621262567927479011,300471914551172981,0,1,skt,0.6972685801182213
545945498259535928,8434961942249729798,8573800373938698102,1,1,skt,0.6650808743284707
545945498259535928,2322042198017538996,8573800373938698102,1,1,skt,0.6671295251005437
545945498259535928,1742185772413642127,300471914551172981,1,1,skt,0.7031359375173725
545945498259535928,2334639155148655290,8573800373938698102,1,1,skt,0.6733073325738195
545945498259535928,7660717256841499384,300471914551172981,1,1,skt,0.7167388910093319
545945498259535928,4113615466659810841,300471914551172981,1,1,skt,0.7022733114788525
545945498259535928,6125574002232610732,300471914551172981,1,1,skt,0.6685327232289726
545945498259535928,2774368076249802464,8573800373938698102,1,1,skt,0.661036086140924
545945498259535928,8903365289186067945,8573800373938698102,1,1,skt,0.6638770363390836
545945498259535928,6925932688889117475,300471914551172981,1,1,skt,0.7204001343565859
545945498259535928,8194071366621068887,8573800373938698102,1,1,skt,0.642074315411306
545945498259535928,2986660907093963186,300471914551172981,1,1,skt,0.7257425359616075
545945498259535928,7591109345808921544,300471914551172981,1,1,skt,0.7026052615993992
545945498259535928,625545550176685521,8573800373938698102,1,1,skt,0.6750515944152915
545945498259535928,1761868641361943332,8573800373938698102,1,1,skt,0.6825995462811933
545945498259535928,4824259625677886603,300471914551172981,0,1,skt,0.6988752720524406
545945498259535928,8450591260754163598,8573800373938698102,1,1,skt,0.6613918451996871
545945498259535928,1553079256999111676,300471914551172981,1,1,skt,0.7067694665410957
545945498259535928,3220231712819306119,8573800373938698102,1,1,skt,0.6682571229690227
545945498259535928,338807275221326836,300471914551172981,1,1,skt,0.6949841548662892
545945498259535928,8525319303741530302,8573800373938698102,1,1,skt,0.6691015574691048
545945498259535928,6587421150596252277,300471914551172981,1,1,skt,0.7084124405589232
545945498259535928,5891620578387310353,300471914551172981,1,1,skt,0.6918781302992284
545945498259535928,5791250638486922978,300471914551172981,1,1,skt,0.7127887718496443
545945498259535928,4031585874086886353,8573800373938698102,1,1,skt,0.6837682700806654
545945498259535928,2083452711903133430,8573800373938698102,1,1,skt,0.705324804603913
545945498259535928,6319743179241711738,8573800373938698102,1,1,skt,0.6856197118875641
545945498259535928,8628686323660025649,300471914551172981,1,1,skt,0.7119427039255981
545945498259535928,4378721629787482518,300471914551172981,1,1,skt,0.717833871292165
545945498259535928,4813462692425748605,300471914551172981,1,1,skt,0.6831439625142214
545945498259535928,4644364625800006675,300471914551172981,1,1,skt,0.7012761819409904
545945498259535928,1062464292871659639,8573800373938698102,1,1,skt,0.686303939723247
545945498259535928,5932668873100475470,300471914551172981,1,1,skt,0.7223154310776903
545945498259535928,5237822943399727048,8573800373938698102,1,1,skt,0.6898488333762471
555625984027262014,300471914551172981,300471914551172981,0,1,skt,0.6821806352515032
555625984027262014,8573800373938698102,8573800373938698102,1,1,skt,0.6271244374648073
555625984027262014,2014268979504181100,300471914551172981,0,1,skt,0.6674760976882969
555625984027262014,2172169907340938753,300471914551172981,0,1,skt,0.6686031047348957
555625984027262014,8150806168444344502,300471914551172981,0,1,skt,0.6907936707627378
555625984027262014,816286915455981984,8573800373938698102,1,1,skt,0.6787333721882892
555625984027262014,1962751598315765836,300471914551172981,0,1,skt,0.6953879913461025
555625984027262014,7444476343858270082,300471914551172981,1,1,skt,0.6992761859573755
555625984027262014,2537821716777940730,300471914551172981,1,1,skt,0.7000771001943514
555625984027262014,1061301253559417093,300471914551172981,1,1,skt,0.6814915876378714
555625984027262014,8553379303363759508,300471914551172981,0,1,skt,0.6738600719440675
555625984027262014,6440511557387709110,300471914551172981,0,1,skt,0.6982064068095648
555625984027262014,7744513373483970787,8573800373938698102,0,1,skt,0.6325302543889512
555625984027262014,2971078979906996375,300471914551172981,1,1,skt,0.68875464155301
555625984027262014,5841359775533910823,300471914551172981,0,1,skt,0.6602467036777954
555625984027262014,8621262567927479011,300471914551172981,0,1,skt,0.6972685801182213
555625984027262014,8434961942249729798,8573800373938698102,0,1,skt,0.6650808743284707
555625984027262014,2322042198017538996,8573800373938698102,1,1,skt,0.6671295251005437
555625984027262014,1742185772413642127,300471914551172981,0,1,skt,0.7031359375173725
555625984027262014,2334639155148655290,8573800373938698102,1,1,skt,0.6733073325738195
555625984027262014,7660717256841499384,300471914551172981,1,1,skt,0.7167388910093319
555625984027262014,4113615466659810841,300471914551172981,0,1,skt,0.7022733114788525
555625984027262014,6125574002232610732,300471914551172981,1,1,skt,0.6685327232289726
555625984027262014,2774368076249802464,8573800373938698102,0,1,skt,0.661036086140924
555625984027262014,8903365289186067945,8573800373938698102,1,1,skt,0.6638770363390836
555625984027262014,6925932688889117475,300471914551172981,1,1,skt,0.7204001343565859
555625984027262014,8194071366621068887,8573800373938698102,1,1,skt,0.642074315411306
555625984027262014,2986660907093963186,300471914551172981,1,1,skt,0.7257425359616075
555625984027262014,7591109345808921544,300471914551172981,0,1,skt,0.7026052615993992
555625984027262014,625545550176685521,8573800373938698102,1,1,skt,0.6750515944152915
555625984027262014,1761868641361943332,8573800373938698102,1,1,skt,0.6825995462811933
555625984027262014,4824259625677886603,300471914551172981,0,1,skt,0.6988752720524406
555625984027262014,8450591260754163598,8573800373938698102,1,1,skt,0.6613918451996871
555625984027262014,1553079256999111676,300471914551172981,0,1,skt,0.7067694665410957
555625984027262014,3220231712819306119,8573800373938698102,1,1,skt,0.6682571229690227
555625984027262014,338807275221326836,300471914551172981,1,1,skt,0.6949841548662892
555625984027262014,8525319303741530302,8573800373938698102,1,1,skt,0.6691015574691048
555625984027262014,6587421150596252277,300471914551172981,1,1,skt,0.7084124405589232
555625984027262014,5891620578387310353,300471914551172981,0,1,skt,0.6918781302992284
555625984027262014,5791250638486922978,300471914551172981,0,1,skt,0.7127887718496443
555625984027262014,4031585874086886353,8573800373938698102,1,1,skt,0.6837682700806654
555625984027262014,2083452711903133430,8573800373938698102,1,1,skt,0.705324804603913
555625984027262014,6319743179241711738,8573800373938698102,1,1,skt,0.6856197118875641
555625984027262014,8628686323660025649,300471914551172981,1,1,skt,0.7119427039255981
555625984027262014,4378721629787482518,300471914551172981,1,1,skt,0.717833871292165
555625984027262014,4813462692425748605,300471914551172981,1,1,skt,0.6831439625142214
555625984027262014,4644364625800006675,300471914551172981,0,1,skt,0.7012761819409904
555625984027262014,1062464292871659639,8573800373938698102,1,1,skt,0.686303939723247
555625984027262014,5932668873100475470,300471914551172981,1,1,skt,0.7223154310776903
555625984027262014,5237822943399727048,8573800373938698102,1,1,skt,0.6898488333762471
556718787073374141,300471914551172981,300471914551172981,1,1,skt,0.6821806352515032
556718787073374141,8573800373938698102,8573800373938698102,0,1,skt,0.6271244374648073
556718787073374141,2014268979504181100,300471914551172981,1,1,skt,0.6674760976882969
556718787073374141,2172169907340938753,300471914551172981,1,1,skt,0.6686031047348957
556718787073374141,8150806168444344502,300471914551172981,1,1,skt,0.6907936707627378
556718787073374141,816286915455981984,8573800373938698102,0,1,skt,0.6787333721882892
556718787073374141,1962751598315765836,300471914551172981,1,1,skt,0.6953879913461025
556718787073374141,7444476343858270082,300471914551172981,1,1,skt,0.6992761859573755
556718787073374141,2537821716777940730,300471914551172981,1,1,skt,0.7000771001943514
556718787073374141,1061301253559417093,300471914551172981,1,1,skt,0.6814915876378714
556718787073374141,8553379303363759508,300471914551172981,1,1,skt,0.6738600719440675
556718787073374141,6440511557387709110,300471914551172981,1,1,skt,0.6982064068095648
556718787073374141,7744513373483970787,8573800373938698102,0,1,skt,0.6325302543889512
556718787073374141,2971078979906996375,300471914551172981,1,1,skt,0.68875464155301
556718787073374141,5841359775533910823,300471914551172981,1,1,skt,0.6602467036777954
556718787073374141,8621262567927479011,300471914551172981,1,1,skt,0.6972685801182213
556718787073374141,8434961942249729798,8573800373938698102,0,1,skt,0.6650808743284707
556718787073374141,2322042198017538996,8573800373938698102,0,1,skt,0.6671295251005437
556718787073374141,1742185772413642127,300471914551172981,1,1,skt,0.7031359375173725
556718787073374141,2334639155148655290,8573800373938698102,0,1,skt,0.6733073325738195
556718787073374141,7660717256841499384,300471914551172981,1,1,skt,0.7167388910093319
556718787073374141,4113615466659810841,300471914551172981,1,1,skt,0.7022733114788525
556718787073374141,6125574002232610732,300471914551172981,1,1,skt,0.6685327232289726
556718787073374141,2774368076249802464,8573800373938698102,0,1,skt,0.661036086140924
556718787073374141,8903365289186067945,8573800373938698102,0,1,skt,0.6638770363390836
556718787073374141,6925932688889117475,300471914551172981,1,1,skt,0.7204001343565859
556718787073374141,8194071366621068887,8573800373938698102,0,1,skt,0.642074315411306
556718787073374141,2986660907093963186,300471914551172981,1,1,skt,0.7257425359616075
556718787073374141,7591109345808921544,300471914551172981,1,1,skt,0.7026052615993992
556718787073374141,625545550176685521,8573800373938698102,1,1,skt,0.6750515944152915
556718787073374141,1761868641361943332,8573800373938698102,0,1,skt,0.6825995462811933
556718787073374141,4824259625677886603,300471914551172981,1,1,skt,0.6988752720524406
556718787073374141,8450591260754163598,8573800373938698102,0,1,skt,0.6613918451996871
556718787073374141,1553079256999111676,300471914551172981,1,1,skt,0.7067694665410957
556718787073374141,3220231712819306119,8573800373938698102,0,1,skt,0.6682571229690227
556718787073374141,338807275221326836,300471914551172981,1,1,skt,0.6949841548662892
556718787073374141,8525319303741530302,8573800373938698102,0,1,skt,0.6691015574691048
556718787073374141,6587421150596252277,300471914551172981,1,1,skt,0.7084124405589232
556718787073374141,5891620578387310353,300471914551172981,1,1,skt,0.6918781302992284
556718787073374141,5791250638486922978,300471914551172981,1,1,skt,0.7127887718496443
556718787073374141,4031585874086886353,8573800373938698102,0,1,skt,0.6837682700806654
556718787073374141,2083452711903133430,8573800373938698102,1,1,skt,0.705324804603913
556718787073374141,6319743179241711738,8573800373938698102,0,1,skt,0.6856197118875641
556718787073374141,8628686323660025649,300471914551172981,1,1,skt,0.7119427039255981
556718787073374141,4378721629787482518,300471914551172981,1,1,skt,0.717833871292165
556718787073374141,4813462692425748605,300471914551172981,1,1,skt,0.6831439625142214
556718787073374141,4644364625800006675,300471914551172981,1,1,skt,0.7012761819409904
556718787073374141,1062464292871659639,8573800373938698102,0,1,skt,0.686303939723247
556718787073374141,5932668873100475470,300471914551172981,1,1,skt,0.7223154310776903
556718787073374141,5237822943399727048,8573800373938698102,1,1,skt,0.6898488333762471
566486936713534793,300471914551172981,300471914551172981,1,1,skt,0.6821806352515032
566486936713534793,8573800373938698102,8573800373938698102,1,1,skt,0.6271244374648073
566486936713534793,2014268979504181100,300471914551172981,1,1,skt,0.6674760976882969
566486936713534793,2172169907340938753,300471914551172981,0,1,skt,0.6686031047348957
566486936713534793,8150806168444344502,300471914551172981,1,1,skt,0.6907936707627378
566486936713534793,816286915455981984,8573800373938698102,1,1,skt,0.6787333721882892
566486936713534793,1962751598315765836,300471914551172981,0,1,skt,0.6953879913461025
566486936713534793,7444476343858270082,300471914551172981,1,1,skt,0.6992761859573755
566486936713534793,2537821716777940730,300471914551172981,1,1,skt,0.7000771001943514
566486936713534793,1061301253559417093,300471914551172981,1,1,skt,0.6814915876378714
566486936713534793,8553379303363759508,300471914551172981,1,1,skt,0.6738600719440675
566486936713534793,6440511557387709110,300471914551172981,1,1,skt,0.6982064068095648
566486936713534793,7744513373483970787,8573800373938698102,0,1,skt,0.6325302543889512
566486936713534793,2971078979906996375,300471914551172981,1,1,skt,0.68875464155301
566486936713534793,5841359775533910823,300471914551172981,0,1,skt,0.6602467036777954
566486936713534793,8621262567927479011,300471914551172981,1,1,skt,0.6972685801182213
566486936713534793,8434961942249729798,8573800373938698102,0,1,skt,0.6650808743284707
566486936713534793,2322042198017538996,8573800373938698102,1,1,skt,0.6671295251005437
566486936713534793,1742185772413642127,300471914551172981,1,1,skt,0.7031359375173725
566486936713534793,2334639155148655290,8573800373938698102,1,1,skt,0.6733073325738195
566486936713534793,7660717256841499384,300471914551172981,1,1,skt,0.7167388910093319
566486936713534793,4113615466659810841,300471914551172981,1,1,skt,0.7022733114788525
566486936713534793,6125574002232610732,300471914551172981,0,1,skt,0.6685327232289726
566486936713534793,2774368076249802464,8573800373938698102,0,1,skt,0.661036086140924
566486936713534793,8903365289186067945,8573800373938698102,0,1,skt,0.6638770363390836
566486936713534793,6925932688889117475,300471914551172981,1,1,skt,0.7204001343565859
566486936713534793,8194071366621068887,8573800373938698102,1,1,skt,0.642074315411306
566486936713534793,2986660907093963186,300471914551172981,1,1,skt,0.7257425359616075
566486936713534793,7591109345808921544,300471914551172981,1,1,skt,0.7026052615993992
566486936713534793,625545550176685521,8573800373938698102,1,1,skt,0.6750515944152915
566486936713534793,1761868641361943332,8573800373938698102,1,1,skt,0.6825995462811933
566486936713534793,4824259625677886603,300471914551172981,0,1,skt,0.6988752720524406
566486936713534793,8450591260754163598,8573800373938698102,0,1,skt,0.6613918451996871
566486936713534793,1553079256999111676,300471914551172981,0,1,skt,0.7067694665410957
566486936713534793,3220231712819306119,8573800373938698102,1,1,skt,0.6682571229690227
566486936713534793,338807275221326836,300471914551172981,1,1,skt,0.6949841548662892
566486936713534793,8525319303741530302,8573800373938698102,1,1,skt,0.6691015574691048
566486936713534793,6587421150596252277,300471914551172981,0,1,skt,0.7084124405589232
566486936713534793,5891620578387310353,300471914551172981,1,1,skt,0.6918781302992284
566486936713534793,5791250638486922978,300471914551172981,1,1,skt,0.7127887718496443
566486936713534793,4031585874086886353,8573800373938698102,1,1,skt,0.6837682700806654
566486936713534793,2083452711903133430,8573800373938698102,1,1,skt,0.705324804603913
566486936713534793,6319743179241711738,8573800373938698102,1,1,skt,0.6856197118875641
566486936713534793,8628686323660025649,300471914551172981,1,1,skt,0.7119427039255981
566486936713534793,4378721629787482518,300471914551172981,1,1,skt,0.717833871292165
566486936713534793,4813462692425748605,300471914551172981,1,1,skt,0.6831439625142214
566486936713534793,4644364625800006675,300471914551172981,1,1,skt,0.7012761819409904
566486936713534793,1062464292871659639,8573800373938698102,0,1,skt,0.686303939723247
566486936713534793,5932668873100475470,300471914551172981,1,1,skt,0.7223154310776903
566486936713534793,5237822943399727048,8573800373938698102,1,1,skt,0.6898488333762471
574497919089983469,300471914551172981,300471914551172981,1,1,skt,0.6821806352515032
574497919089983469,8573800373938698102,8573800373938698102,1,1,skt,0.6271244374648073
574497919089983469,2014268979504181100,300471914551172981,0,1,skt,0.6674760976882969
574497919089983469,2172169907340938753,300471914551172981,1,1,skt,0.6686031047348957
574497919089983469,8150806168444344502,300471914551172981,1,1,skt,0.6907936707627378
574497919089983469,816286915455981984,8573800373938698102,1,1,skt,0.6787333721882892
574497919089983469,1962751598315765836,300471914551172981,1,1,skt,0.6953879913461025
574497919089983469,7444476343858270082,300471914551172981,1,1,skt,0.6992761859573755
574497919089983469,2537821716777940730,300471914551172981,1,1,skt,0.7000771001943514
574497919089983469,1061301253559417093,300471914551172981,1,1,skt,0.6814915876378714
574497919089983469,8553379303363759508,300471914551172981,0,1,skt,0.6738600719440675
574497919089983469,6440511557387709110,300471914551172981,1,1,skt,0.6982064068095648
574497919089983469,7744513373483970787,8573800373938698102,1,1,skt,0.6325302543889512
574497919089983469,2971078979906996375,300471914551172981,1,1,skt,0.68875464155301
574497919089983469,5841359775533910823,300471914551172981,0,1,skt,0.6602467036777954
574497919089983469,8621262567927479011,300471914551172981,1,1,skt,0.6972685801182213
574497919089983469,8434961942249729798,8573800373938698102,1,1,skt,0.6650808743284707
574497919089983469,2322042198017538996,8573800373938698102,1,1,skt,0.6671295251005437
574497919089983469,1742185772413642127,300471914551172981,1,1,skt,0.7031359375173725
574497919089983469,2334639155148655290,8573800373938698102,1,1,skt,0.6733073325738195
574497919089983469,7660717256841499384,300471914551172981,1,1,skt,0.7167388910093319
574497919089983469,4113615466659810841,300471914551172981,1,1,skt,0.7022733114788525
574497919089983469,6125574002232610732,300471914551172981,1,1,skt,0.6685327232289726
574497919089983469,2774368076249802464,8573800373938698102,1,1,skt,0.661036086140924
574497919089983469,8903365289186067945,8573800373938698102,1,1,skt,0.6638770363390836
574497919089983469,6925932688889117475,300471914551172981,1,1,skt,0.7204001343565859
574497919089983469,8194071366621068887,8573800373938698102,1,1,skt,0.642074315411306
574497919089983469,2986660907093963186,300471914551172981,1,1,skt,0.7257425359616075
574497919089983469,7591109345808921544,300471914551172981,1,1,skt,0.7026052615993992
574497919089983469,625545550176685521,8573800373938698102,1,1,skt,0.6750515944152915
574497919089983469,1761868641361943332,8573800373938698102,1,1,skt,0.6825995462811933
574497919089983469,4824259625677886603,300471914551172981,1,1,skt,0.6988752720524406
574497919089983469,8450591260754163598,8573800373938698102,1,1,skt,0.6613918451996871
574497919089983469,1553079256999111676,300471914551172981,1,1,skt,0.7067694665410957
574497919089983469,3220231712819306119,8573800373938698102,1,1,skt,0.6682571229690227
574497919089983469,338807275221326836,300471914551172981,1,1,skt,0.6949841548662892
574497919089983469,8525319303741530302,8573800373938698102,1,1,skt,0.6691015574691048
574497919089983469,6587421150596252277,300471914551172981,1,1,skt,0.7084124405589232
574497919089983469,5891620578387310353,300471914551172981,1,1,skt,0.6918781302992284
574497919089983469,5791250638486922978,300471914551172981,1,1,skt,0.7127887718496443
574497919089983469,4031585874086886353,8573800373938698102,1,1,skt,0.6837682700806654
574497919089983469,2083452711903133430,8573800373938698102,1,1,skt,0.705324804603913
574497919089983469,6319743179241711738,8573800373938698102,1,1,skt,0.6856197118875641
574497919089983469,8628686323660025649,300471914551172981,1,1,skt,0.7119427039255981
574497919089983469,4378721629787482518,300471914551172981,1,1,skt,0.717833871292165
574497919089983469,4813462692425748605,300471914551172981,1,1,skt,0.6831439625142214
574497919089983469,4644364625800006675,300471914551172981,1,1,skt,0.7012761819409904
574497919089983469,1062464292871659639,8573800373938698102,1,1,skt,0.686303939723247
574497919089983469,5932668873100475470,300471914551172981,0,1,skt,0.7223154310776903
574497919089983469,5237822943399727048,8573800373938698102,1,1,skt,0.6898488333762471
584959704596436633,300471914551172981,300471914551172981,0,1,skt,0.6821806352515032
584959704596436633,8573800373938698102,8573800373938698102,1,1,skt,0.6271244374648073
584959704596436633,2014268979504181100,300471914551172981,0,1,skt,0.6674760976882969
584959704596436633,2172169907340938753,300471914551172981,0,1,skt,0.6686031047348957
584959704596436633,8150806168444344502,300471914551172981,0,1,skt,0.6907936707627378
584959704596436633,816286915455981984,8573800373938698102,1,1,skt,0.6787333721882892
584959704596436633,1962751598315765836,300471914551172981,0,1,skt,0.6953879913461025
584959704596436633,7444476343858270082,300471914551172981,0,1,skt,0.6992761859573755
584959704596436633,2537821716777940730,300471914551172981,0,1,skt,0.7000771001943514
584959704596436633,1061301253559417093,300471914551172981,0,1,skt,0.6814915876378714
584959704596436633,8553379303363759508,300471914551172981,0,1,skt,0.6738600719440675
584959704596436633,6440511557387709110,300471914551172981,0,1,skt,0.6982064068095648
584959704596436633,7744513373483970787,8573800373938698102,1,1,skt,0.6325302543889512
584959704596436633,2971078979906996375,300471914551172981,0,1,skt,0.68875464155301
584959704596436633,5841359775533910823,300471914551172981,0,1,skt,0.6602467036777954
584959704596436633,8621262567927479011,300471914551172981,0,1,skt,0.6972685801182213
584959704596436633,8434961942249729798,8573800373938698102,0,1,skt,0.6650808743284707
584959704596436633,2322042198017538996,8573800373938698102,0,1,skt,0.6671295251005437
584959704596436633,1742185772413642127,300471914551172981,0,1,skt,0.7031359375173725
584959704596436633,2334639155148655290,8573800373938698102,0,1,skt,0.6733073325738195
584959704596436633,7660717256841499384,300471914551172981,0,1,skt,0.7167388910093319
584959704596436633,4113615466659810841,300471914551172981,0,1,skt,0.7022733114788525
584959704596436633,6125574002232610732,300471914551172981,0,1,skt,0.6685327232289726
584959704596436633,2774368076249802464,8573800373938698102,1,1,skt,0.661036086140924
584959704596436633,8903365289186067945,8573800373938698102,1,1,skt,0.6638770363390836
584959704596436633,6925932688889117475,300471914551172981,1,1,skt,0.7204001343565859
584959704596436633,8194071366621068887,8573800373938698102,0,1,skt,0.642074315411306
584959704596436633,2986660907093963186,300471914551172981,0,1,skt,0.7257425359616075
584959704596436633,7591109345808921544,300471914551172981,0,1,skt,0.7026052615993992
584959704596436633,625545550176685521,8573800373938698102,1,1,skt,0.6750515944152915
584959704596436633,1761868641361943332,8573800373938698102,1,1,skt,0.6825995462811933
584959704596436633,4824259625677886603,300471914551172981,0,1,skt,0.6988752720524406
584959704596436633,8450591260754163598,8573800373938698102,1,1,skt,0.6613918451996871
584959704596436633,1553079256999111676,300471914551172981,0,1,skt,0.7067694665410957
584959704596436633,3220231712819306119,8573800373938698102,0,1,skt,0.6682571229690227
584959704596436633,338807275221326836,300471914551172981,0,1,skt,0.6949841548662892
584959704596436633,8525319303741530302,8573800373938698102,1,1,skt,0.6691015574691048
584959704596436633,6587421150596252277,300471914551172981,0,1,skt,0.7084124405589232
584959704596436633,5891620578387310353,300471914551172981,0,1,skt,0.6918781302992284
584959704596436633,5791250638486922978,300471914551172981,0,1,skt,0.7127887718496443
584959704596436633,4031585874086886353,8573800373938698102,0,1,skt,0.6837682700806654
584959704596436633,2083452711903133430,8573800373938698102,1,1,skt,0.705324804603913
584959704596436633,6319743179241711738,8573800373938698102,1,1,skt,0.6856197118875641
584959704596436633,8628686323660025649,300471914551172981,0,1,skt,0.7119427039255981
584959704596436633,4378721629787482518,300471914551172981,0,1,skt,0.717833871292165
584959704596436633,4813462692425748605,300471914551172981,0,1,skt,0.6831439625142214
584959704596436633,4644364625800006675,300471914551172981,0,1,skt,0.7012761819409904
584959704596436633,1062464292871659639,8573800373938698102,1,1,skt,0.686303939723247
584959704596436633,5932668873100475470,300471914551172981,0,1,skt,0.7223154310776903
584959704596436633,5237822943399727048,8573800373938698102,1,1,skt,0.6898488333762471
669415714538453650,300471914551172981,300471914551172981,1,1,skt,0.6821806352515032
669415714538453650,8573800373938698102,8573800373938698102,1,1,skt,0.6271244374648073
669415714538453650,2014268979504181100,300471914551172981,1,1,skt,0.6674760976882969
669415714538453650,2172169907340938753,300471914551172981,1,1,skt,0.6686031047348957
669415714538453650,8150806168444344502,300471914551172981,1,1,skt,0.6907936707627378
669415714538453650,816286915455981984,8573800373938698102,1,1,skt,0.6787333721882892
669415714538453650,1962751598315765836,300471914551172981,1,1,skt,0.6953879913461025
669415714538453650,7444476343858270082,300471914551172981,1,1,skt,0.6992761859573755
669415714538453650,2537821716777940730,300471914551172981,1,1,skt,0.7000771001943514
669415714538453650,1061301253559417093,300471914551172981,1,1,skt,0.6814915876378714
669415714538453650,8553379303363759508,300471914551172981,1,1,skt,0.6738600719440675
669415714538453650,6440511557387709110,300471914551172981,1,1,skt,0.6982064068095648
669415714538453650,7744513373483970787,8573800373938698102,1,1,skt,0.6325302543889512
669415714538453650,2971078979906996375,300471914551172981,1,1,skt,0.68875464155301
669415714538453650,5841359775533910823,300471914551172981,1,1,skt,0.6602467036777954
669415714538453650,8621262567927479011,300471914551172981,1,1,skt,0.6972685801182213
669415714538453650,8434961942249729798,8573800373938698102,1,1,skt,0.6650808743284707
669415714538453650,2322042198017538996,8573800373938698102,1,1,skt,0.6671295251005437
669415714538453650,1742185772413642127,300471914551172981,1,1,skt,0.7031359375173725
669415714538453650,2334639155148655290,8573800373938698102,1,1,skt,0.6733073325738195
669415714538453650,7660717256841499384,300471914551172981,1,1,skt,0.7167388910093319
669415714538453650,4113615466659810841,300471914551172981,1,1,skt,0.7022733114788525
669415714538453650,6125574002232610732,300471914551172981,1,1,skt,0.6685327232289726
669415714538453650,2774368076249802464,8573800373938698102,1,1,skt,0.661036086140924
669415714538453650,8903365289186067945,8573800373938698102,1,1,skt,0.6638770363390836
669415714538453650,6925932688889117475,300471914551172981,1,1,skt,0.7204001343565859
669415714538453650,8194071366621068887,8573800373938698102,1,1,skt,0.642074315411306
669415714538453650,2986660907093963186,300471914551172981,1,1,skt,0.7257425359616075
669415714538453650,7591109345808921544,300471914551172981,1,1,skt,0.7026052615993992
669415714538453650,625545550176685521,8573800373938698102,1,1,skt,0.6750515944152915
669415714538453650,1761868641361943332,8573800373938698102,1,1,skt,0.6825995462811933
669415714538453650,4824259625677886603,300471914551172981,1,1,skt,0.6988752720524406
669415714538453650,8450591260754163598,8573800373938698102,1,1,skt,0.6613918451996871
669415714538453650,1553079256999111676,300471914551172981,1,1,skt,0.7067694665410957
669415714538453650,3220231712819306119,8573800373938698102,1,1,skt,0.6682571229690227
669415714538453650,338807275221326836,300471914551172981,1,1,skt,0.6949841548662892
669415714538453650,8525319303741530302,8573800373938698102,1,1,skt,0.6691015574691048
669415714538453650,6587421150596252277,300471914551172981,1,1,skt,0.7084124405589232
669415714538453650,5891620578387310353,300471914551172981,1,1,skt,0.6918781302992284
669415714538453650,5791250638486922978,300471914551172981,1,1,skt,0.7127887718496443
669415714538453650,4031585874086886353,8573800373938698102,1,1,skt,0.6837682700806654
669415714538453650,2083452711903133430,8573800373938698102,1,1,skt,0.705324804603913
669415714538453650,6319743179241711738,8573800373938698102,1,1,skt,0.6856197118875641
669415714538453650,8628686323660025649,300471914551172981,1,1,skt,0.7119427039255981
669415714538453650,4378721629787482518,300471914551172981,1,1,skt,0.717833871292165
669415714538453650,4813462692425748605,300471914551172981,1,1,skt,0.6831439625142214
669415714538453650,4644364625800006675,300471914551172981,1,1,skt,0.7012761819409904
669415714538453650,1062464292871659639,8573800373938698102,1,1,skt,0.686303939723247
669415714538453650,5932668873100475470,300471914551172981,1,1,skt,0.7223154310776903
669415714538453650,5237822943399727048,8573800373938698102,1,1,skt,0.6898488333762471
678576571551846666,300471914551172981,300471914551172981,1,1,skt,0.6821806352515032
678576571551846666,8573800373938698102,8573800373938698102,0,1,skt,0.6271244374648073
678576571551846666,2014268979504181100,300471914551172981,1,1,skt,0.6674760976882969
678576571551846666,2172169907340938753,300471914551172981,1,1,skt,0.6686031047348957
678576571551846666,8150806168444344502,300471914551172981,1,1,skt,0.6907936707627378
678576571551846666,816286915455981984,8573800373938698102,1,1,skt,0.6787333721882892
678576571551846666,1962751598315765836,300471914551172981,1,1,skt,0.6953879913461025
678576571551846666,7444476343858270082,300471914551172981,1,1,skt,0.6992761859573755
678576571551846666,2537821716777940730,300471914551172981,1,1,skt,0.7000771001943514
678576571551846666,1061301253559417093,300471914551172981,1,1,skt,0.6814915876378714
678576571551846666,8553379303363759508,300471914551172981,1,1,skt,0.6738600719440675
678576571551846666,6440511557387709110,300471914551172981,1,1,skt,0.6982064068095648
678576571551846666,7744513373483970787,8573800373938698102,0,1,skt,0.6325302543889512
678576571551846666,2971078979906996375,300471914551172981,1,1,skt,0.68875464155301
678576571551846666,5841359775533910823,300471914551172981,1,1,skt,0.6602467036777954
678576571551846666,8621262567927479011,300471914551172981,1,1,skt,0.6972685801182213
678576571551846666,8434961942249729798,8573800373938698102,0,1,skt,0.6650808743284707
678576571551846666,2322042198017538996,8573800373938698102,1,1,skt,0.6671295251005437
678576571551846666,1742185772413642127,300471914551172981,1,1,skt,0.7031359375173725
678576571551846666,2334639155148655290,8573800373938698102,0,1,skt,0.6733073325738195
678576571551846666,7660717256841499384,300471914551172981,1,1,skt,0.7167388910093319
678576571551846666,4113615466659810841,300471914551172981,1,1,skt,0.7022733114788525
678576571551846666,6125574002232610732,300471914551172981,0,1,skt,0.6685327232289726
678576571551846666,2774368076249802464,8573800373938698102,0,1,skt,0.661036086140924
678576571551846666,8903365289186067945,8573800373938698102,0,1,skt,0.6638770363390836
678576571551846666,6925932688889117475,300471914551172981,1,1,skt,0.7204001343565859
678576571551846666,8194071366621068887,8573800373938698102,0,1,skt,0.642074315411306
678576571551846666,2986660907093963186,300471914551172981,1,1,skt,0.7257425359616075
678576571551846666,7591109345808921544,300471914551172981,1,1,skt,0.7026052615993992
678576571551846666,625545550176685521,8573800373938698102,0,1,skt,0.6750515944152915
678576571551846666,1761868641361943332,8573800373938698102,0,1,skt,0.6825995462811933
678576571551846666,4824259625677886603,300471914551172981,1,1,skt,0.6988752720524406
678576571551846666,8450591260754163598,8573800373938698102,0,1,skt,0.6613918451996871
678576571551846666,1553079256999111676,300471914551172981,1,1,skt,0.7067694665410957
678576571551846666,3220231712819306119,8573800373938698102,0,1,skt,0.6682571229690227
678576571551846666,338807275221326836,300471914551172981,0,1,skt,0.6949841548662892
678576571551846666,8525319303741530302,8573800373938698102,0,1,skt,0.6691015574691048
678576571551846666,6587421150596252277,300471914551172981,1,1,skt,0.7084124405589232
678576571551846666,5891620578387310353,300471914551172981,1,1,skt,0.6918781302992284
678576571551846666,5791250638486922978,300471914551172981,1,1,skt,0.7127887718496443
678576571551846666,4031585874086886353,8573800373938698102,0,1,skt,0.6837682700806654
678576571551846666,2083452711903133430,8573800373938698102,1,1,skt,0.705324804603913
678576571551846666,6319743179241711738,8573800373938698102,0,1,skt,0.6856197118875641
678576571551846666,8628686323660025649,300471914551172981,1,1,skt,0.7119427039255981
678576571551846666,4378721629787482518,300471914551172981,1,1,skt,0.717833871292165
678576571551846666,4813462692425748605,300471914551172981,1,1,skt,0.6831439625142214
678576571551846666,4644364625800006675,300471914551172981,1,1,skt,0.7012761819409904
678576571551846666,1062464292871659639,8573800373938698102,1,1,skt,0.686303939723247
678576571551846666,5932668873100475470,300471914551172981,1,1,skt,0.7223154310776903
678576571551846666,5237822943399727048,8573800373938698102,0,1,skt,0.6898488333762471
695874287010115223,300471914551172981,300471914551172981,1,1,skt,0.6821806352515032
695874287010115223,8573800373938698102,8573800373938698102,1,1,skt,0.6271244374648073
695874287010115223,2014268979504181100,300471914551172981,1,1,skt,0.6674760976882969
695874287010115223,2172169907340938753,300471914551172981,1,1,skt,0.6686031047348957
695874287010115223,8150806168444344502,300471914551172981,1,1,skt,0.6907936707627378
695874287010115223,816286915455981984,8573800373938698102,1,1,skt,0.6787333721882892
695874287010115223,1962751598315765836,300471914551172981,1,1,skt,0.6953879913461025
695874287010115223,7444476343858270082,300471914551172981,1,1,skt,0.6992761859573755
695874287010115223,2537821716777940730,300471914551172981,1,1,skt,0.7000771001943514
695874287010115223,1061301253559417093,300471914551172981,1,1,skt,0.6814915876378714
695874287010115223,8553379303363759508,300471914551172981,1,1,skt,0.6738600719440675
695874287010115223,6440511557387709110,300471914551172981,1,1,skt,0.6982064068095648
695874287010115223,7744513373483970787,8573800373938698102,1,1,skt,0.6325302543889512
695874287010115223,2971078979906996375,300471914551172981,1,1,skt,0.68875464155301
695874287010115223,5841359775533910823,300471914551172981,1,1,skt,0.6602467036777954
695874287010115223,8621262567927479011,300471914551172981,1,1,skt,0.6972685801182213
695874287010115223,8434961942249729798,8573800373938698102,1,1,skt,0.6650808743284707
695874287010115223,2322042198017538996,8573800373938698102,1,1,skt,0.6671295251005437
695874287010115223,1742185772413642127,300471914551172981,1,1,skt,0.7031359375173725
695874287010115223,2334639155148655290,8573800373938698102,1,1,skt,0.6733073325738195
695874287010115223,7660717256841499384,300471914551172981,1,1,skt,0.7167388910093319
695874287010115223,4113615466659810841,300471914551172981,1,1,skt,0.7022733114788525
695874287010115223,6125574002232610732,300471914551172981,1,1,skt,0.6685327232289726
695874287010115223,2774368076249802464,8573800373938698102,1,1,skt,0.661036086140924
695874287010115223,8903365289186067945,8573800373938698102,1,1,skt,0.6638770363390836
695874287010115223,6925932688889117475,300471914551172981,1,1,skt,0.7204001343565859
695874287010115223,8194071366621068887,8573800373938698102,1,1,skt,0.642074315411306
695874287010115223,2986660907093963186,300471914551172981,1,1,skt,0.7257425359616075
695874287010115223,7591109345808921544,300471914551172981,1,1,skt,0.7026052615993992
695874287010115223,625545550176685521,8573800373938698102,1,1,skt,0.6750515944152915
695874287010115223,1761868641361943332,8573800373938698102,1,1,skt,0.6825995462811933
695874287010115223,4824259625677886603,300471914551172981,1,1,skt,0.6988752720524406
695874287010115223,8450591260754163598,8573800373938698102,1,1,skt,0.6613918451996871
695874287010115223,1553079256999111676,300471914551172981,1,1,skt,0.7067694665410957
695874287010115223,3220231712819306119,8573800373938698102,1,1,skt,0.6682571229690227
695874287010115223,338807275221326836,300471914551172981,1,1,skt,0.6949841548662892
695874287010115223,8525319303741530302,8573800373938698102,1,1,skt,0.6691015574691048
695874287010115223,6587421150596252277,300471914551172981,1,1,skt,0.7084124405589232
695874287010115223,5891620578387310353,300471914551172981,1,1,skt,0.6918781302992284
695874287010115223,5791250638486922978,300471914551172981,1,1,skt,0.7127887718496443
695874287010115223,4031585874086886353,8573800373938698102,1,1,skt,0.6837682700806654
695874287010115223,2083452711903133430,8573800373938698102,1,1,skt,0.705324804603913
695874287010115223,6319743179241711738,8573800373938698102,1,1,skt,0.6856197118875641
695874287010115223,8628686323660025649,300471914551172981,1,1,skt,0.7119427039255981
695874287010115223,4378721629787482518,300471914551172981,1,1,skt,0.717833871292165
695874287010115223,4813462692425748605,300471914551172981,1,1,skt,0.6831439625142214
695874287010115223,4644364625800006675,300471914551172981,1,1,skt,0.7012761819409904
695874287010115223,1062464292871659639,8573800373938698102,1,1,skt,0.686303939723247
695874287010115223,5932668873100475470,300471914551172981,1,1,skt,0.7223154310776903
695874287010115223,5237822943399727048,8573800373938698102,1,1,skt,0.6898488333762471
724934922726023477,300471914551172981,300471914551172981,0,1,skt,0.6821806352515032
724934922726023477,8573800373938698102,8573800373938698102,0,1,skt,0.6271244374648073
724934922726023477,2014268979504181100,300471914551172981,1,1,skt,0.6674760976882969
724934922726023477,2172169907340938753,300471914551172981,0,1,skt,0.6686031047348957
724934922726023477,8150806168444344502,300471914551172981,0,1,skt,0.6907936707627378
724934922726023477,816286915455981984,8573800373938698102,0,1,skt,0.6787333721882892
724934922726023477,1962751598315765836,300471914551172981,0,1,skt,0.6953879913461025
724934922726023477,7444476343858270082,300471914551172981,0,1,skt,0.6992761859573755
724934922726023477,2537821716777940730,300471914551172981,1,1,skt,0.7000771001943514
724934922726023477,1061301253559417093,300471914551172981,0,1,skt,0.6814915876378714
724934922726023477,8553379303363759508,300471914551172981,0,1,skt,0.6738600719440675
724934922726023477,6440511557387709110,300471914551172981,0,1,skt,0.6982064068095648
724934922726023477,7744513373483970787,8573800373938698102,0,1,skt,0.6325302543889512
724934922726023477,2971078979906996375,300471914551172981,0,1,skt,0.68875464155301
724934922726023477,5841359775533910823,300471914551172981,0,1,skt,0.6602467036777954
724934922726023477,8621262567927479011,300471914551172981,0,1,skt,0.6972685801182213
724934922726023477,8434961942249729798,8573800373938698102,1,1,skt,0.6650808743284707
724934922726023477,2322042198017538996,8573800373938698102,1,1,skt,0.6671295251005437
724934922726023477,1742185772413642127,300471914551172981,0,1,skt,0.7031359375173725
724934922726023477,2334639155148655290,8573800373938698102,1,1,skt,0.6733073325738195
724934922726023477,7660717256841499384,300471914551172981,1,1,skt,0.7167388910093319
724934922726023477,4113615466659810841,300471914551172981,0,1,skt,0.7022733114788525
724934922726023477,6125574002232610732,300471914551172981,0,1,skt,0.6685327232289726
724934922726023477,2774368076249802464,8573800373938698102,1,1,skt,0.661036086140924
724934922726023477,8903365289186067945,8573800373938698102,1,1,skt,0.6638770363390836
724934922726023477,6925932688889117475,300471914551172981,1,1,skt,0.7204001343565859
724934922726023477,8194071366621068887,8573800373938698102,0,1,skt,0.642074315411306
724934922726023477,2986660907093963186,300471914551172981,1,1,skt,0.7257425359616075
724934922726023477,7591109345808921544,300471914551172981,1,1,skt,0.7026052615993992
724934922726023477,625545550176685521,8573800373938698102,1,1,skt,0.6750515944152915
724934922726023477,1761868641361943332,8573800373938698102,1,1,skt,0.6825995462811933
724934922726023477,4824259625677886603,300471914551172981,0,1,skt,0.6988752720524406
724934922726023477,8450591260754163598,8573800373938698102,1,1,skt,0.6613918451996871
724934922726023477,1553079256999111676,300471914551172981,1,1,skt,0.7067694665410957
724934922726023477,3220231712819306119,8573800373938698102,1,1,skt,0.6682571229690227
724934922726023477,338807275221326836,300471914551172981,0,1,skt,0.6949841548662892
724934922726023477,8525319303741530302,8573800373938698102,1,1,skt,0.6691015574691048
724934922726023477,6587421150596252277,300471914551172981,1,1,skt,0.7084124405589232
724934922726023477,5891620578387310353,300471914551172981,0,1,skt,0.6918781302992284
724934922726023477,5791250638486922978,300471914551172981,0,1,skt,0.7127887718496443
724934922726023477,4031585874086886353,8573800373938698102,1,1,skt,0.6837682700806654
724934922726023477,2083452711903133430,8573800373938698102,0,1,skt,0.705324804603913
724934922726023477,6319743179241711738,8573800373938698102,1,1,skt,0.6856197118875641
724934922726023477,8628686323660025649,300471914551172981,0,1,skt,0.7119427039255981
724934922726023477,4378721629787482518,300471914551172981,0,1,skt,0.717833871292165
724934922726023477,4813462692425748605,300471914551172981,0,1,skt,0.6831439625142214
724934922726023477,4644364625800006675,300471914551172981,0,1,skt,0.7012761819409904
724934922726023477,1062464292871659639,8573800373938698102,1,1,skt,0.686303939723247
724934922726023477,5932668873100475470,300471914551172981,0,1,skt,0.7223154310776903
724934922726023477,5237822943399727048,8573800373938698102,1,1,skt,0.6898488333762471
739960140181601896,300471914551172981,300471914551172981,0,1,skt,0.6821806352515032
739960140181601896,8573800373938698102,8573800373938698102,0,1,skt,0.6271244374648073
739960140181601896,2014268979504181100,300471914551172981,1,1,skt,0.6674760976882969
739960140181601896,2172169907340938753,300471914551172981,0,1,skt,0.6686031047348957
739960140181601896,8150806168444344502,300471914551172981,0,1,skt,0.6907936707627378
739960140181601896,816286915455981984,8573800373938698102,0,1,skt,0.6787333721882892
739960140181601896,1962751598315765836,300471914551172981,0,1,skt,0.6953879913461025
739960140181601896,7444476343858270082,300471914551172981,1,1,skt,0.6992761859573755
739960140181601896,2537821716777940730,300471914551172981,1,1,skt,0.7000771001943514
739960140181601896,1061301253559417093,300471914551172981,1,1,skt,0.6814915876378714
739960140181601896,8553379303363759508,300471914551172981,1,1,skt,0.6738600719440675
739960140181601896,6440511557387709110,300471914551172981,1,1,skt,0.6982064068095648
739960140181601896,7744513373483970787,8573800373938698102,0,1,skt,0.6325302543889512
739960140181601896,2971078979906996375,300471914551172981,0,1,skt,0.68875464155301
739960140181601896,5841359775533910823,300471914551172981,0,1,skt,0.6602467036777954
739960140181601896,8621262567927479011,300471914551172981,1,1,skt,0.6972685801182213
739960140181601896,8434961942249729798,8573800373938698102,0,1,skt,0.6650808743284707
739960140181601896,2322042198017538996,8573800373938698102,0,1,skt,0.6671295251005437
739960140181601896,1742185772413642127,300471914551172981,1,1,skt,0.7031359375173725
739960140181601896,2334639155148655290,8573800373938698102,1,1,skt,0.6733073325738195
739960140181601896,7660717256841499384,300471914551172981,1,1,skt,0.7167388910093319
739960140181601896,4113615466659810841,300471914551172981,1,1,skt,0.7022733114788525
739960140181601896,6125574002232610732,300471914551172981,1,1,skt,0.6685327232289726
739960140181601896,2774368076249802464,8573800373938698102,0,1,skt,0.661036086140924
739960140181601896,8903365289186067945,8573800373938698102,0,1,skt,0.6638770363390836
739960140181601896,6925932688889117475,300471914551172981,1,1,skt,0.7204001343565859
739960140181601896,8194071366621068887,8573800373938698102,0,1,skt,0.642074315411306
739960140181601896,2986660907093963186,300471914551172981,1,1,skt,0.7257425359616075
739960140181601896,7591109345808921544,300471914551172981,1,1,skt,0.7026052615993992
739960140181601896,625545550176685521,8573800373938698102,0,1,skt,0.6750515944152915
739960140181601896,1761868641361943332,8573800373938698102,0,1,skt,0.6825995462811933
739960140181601896,4824259625677886603,300471914551172981,1,1,skt,0.6988752720524406
739960140181601896,8450591260754163598,8573800373938698102,0,1,skt,0.6613918451996871
739960140181601896,1553079256999111676,300471914551172981,0,1,skt,0.7067694665410957
739960140181601896,3220231712819306119,8573800373938698102,1,1,skt,0.6682571229690227
739960140181601896,338807275221326836,300471914551172981,1,1,skt,0.6949841548662892
739960140181601896,8525319303741530302,8573800373938698102,0,1,skt,0.6691015574691048
739960140181601896,6587421150596252277,300471914551172981,1,1,skt,0.7084124405589232
739960140181601896,5891620578387310353,300471914551172981,1,1,skt,0.6918781302992284
739960140181601896,5791250638486922978,300471914551172981,1,1,skt,0.7127887718496443
739960140181601896,4031585874086886353,8573800373938698102,0,1,skt,0.6837682700806654
739960140181601896,2083452711903133430,8573800373938698102,0,1,skt,0.705324804603913
739960140181601896,6319743179241711738,8573800373938698102,0,1,skt,0.6856197118875641
739960140181601896,8628686323660025649,300471914551172981,1,1,skt,0.7119427039255981
739960140181601896,4378721629787482518,300471914551172981,1,1,skt,0.717833871292165
739960140181601896,4813462692425748605,300471914551172981,0,1,skt,0.6831439625142214
739960140181601896,4644364625800006675,300471914551172981,0,1,skt,0.7012761819409904
739960140181601896,1062464292871659639,8573800373938698102,1,1,skt,0.686303939723247
739960140181601896,5932668873100475470,300471914551172981,1,1,skt,0.7223154310776903
739960140181601896,5237822943399727048,8573800373938698102,0,1,skt,0.6898488333762471
765686451306091390,300471914551172981,300471914551172981,1,1,skt,0.6821806352515032
765686451306091390,8573800373938698102,8573800373938698102,0,1,skt,0.6271244374648073
765686451306091390,2014268979504181100,300471914551172981,1,1,skt,0.6674760976882969
765686451306091390,2172169907340938753,300471914551172981,1,1,skt,0.6686031047348957
765686451306091390,8150806168444344502,300471914551172981,1,1,skt,0.6907936707627378
765686451306091390,816286915455981984,8573800373938698102,1,1,skt,0.6787333721882892
765686451306091390,1962751598315765836,300471914551172981,1,1,skt,0.6953879913461025
765686451306091390,7444476343858270082,300471914551172981,1,1,skt,0.6992761859573755
765686451306091390,2537821716777940730,300471914551172981,0,1,skt,0.7000771001943514
765686451306091390,1061301253559417093,300471914551172981,0,1,skt,0.6814915876378714
765686451306091390,8553379303363759508,300471914551172981,1,1,skt,0.6738600719440675
765686451306091390,6440511557387709110,300471914551172981,1,1,skt,0.6982064068095648
765686451306091390,7744513373483970787,8573800373938698102,1,1,skt,0.6325302543889512
765686451306091390,2971078979906996375,300471914551172981,1,1,skt,0.68875464155301
765686451306091390,5841359775533910823,300471914551172981,1,1,skt,0.6602467036777954
765686451306091390,8621262567927479011,300471914551172981,1,1,skt,0.6972685801182213
765686451306091390,8434961942249729798,8573800373938698102,1,1,skt,0.6650808743284707
765686451306091390,2322042198017538996,8573800373938698102,1,1,skt,0.6671295251005437
765686451306091390,1742185772413642127,300471914551172981,1,1,skt,0.7031359375173725
765686451306091390,2334639155148655290,8573800373938698102,1,1,skt,0.6733073325738195
765686451306091390,7660717256841499384,300471914551172981,1,1,skt,0.7167388910093319
765686451306091390,4113615466659810841,300471914551172981,1,1,skt,0.7022733114788525
765686451306091390,6125574002232610732,300471914551172981,1,1,skt,0.6685327232289726
765686451306091390,2774368076249802464,8573800373938698102,1,1,skt,0.661036086140924
765686451306091390,8903365289186067945,8573800373938698102,1,1,skt,0.6638770363390836
765686451306091390,6925932688889117475,300471914551172981,1,1,skt,0.7204001343565859
765686451306091390,8194071366621068887,8573800373938698102,1,1,skt,0.642074315411306
765686451306091390,2986660907093963186,300471914551172981,1,1,skt,0.7257425359616075
765686451306091390,7591109345808921544,300471914551172981,1,1,skt,0.7026052615993992
765686451306091390,625545550176685521,8573800373938698102,1,1,skt,0.6750515944152915
765686451306091390,1761868641361943332,8573800373938698102,1,1,skt,0.6825995462811933
765686451306091390,4824259625677886603,300471914551172981,1,1,skt,0.6988752720524406
765686451306091390,8450591260754163598,8573800373938698102,1,1,skt,0.6613918451996871
765686451306091390,1553079256999111676,300471914551172981,1,1,skt,0.7067694665410957
765686451306091390,3220231712819306119,8573800373938698102,1,1,skt,0.6682571229690227
765686451306091390,338807275221326836,300471914551172981,1,1,skt,0.6949841548662892
765686451306091390,8525319303741530302,8573800373938698102,1,1,skt,0.6691015574691048
765686451306091390,6587421150596252277,300471914551172981,1,1,skt,0.7084124405589232
765686451306091390,5891620578387310353,300471914551172981,1,1,skt,0.6918781302992284
765686451306091390,5791250638486922978,300471914551172981,1,1,skt,0.7127887718496443
765686451306091390,4031585874086886353,8573800373938698102,1,1,skt,0.6837682700806654
765686451306091390,2083452711903133430,8573800373938698102,1,1,skt,0.705324804603913
765686451306091390,6319743179241711738,8573800373938698102,1,1,skt,0.6856197118875641
765686451306091390,8628686323660025649,300471914551172981,1,1,skt,0.7119427039255981
765686451306091390,4378721629787482518,300471914551172981,1,1,skt,0.717833871292165
765686451306091390,4813462692425748605,300471914551172981,1,1,skt,0.6831439625142214
765686451306091390,4644364625800006675,300471914551172981,1,1,skt,0.7012761819409904
765686451306091390,1062464292871659639,8573800373938698102,1,1,skt,0.686303939723247
765686451306091390,5932668873100475470,300471914551172981,1,1,skt,0.7223154310776903
765686451306091390,5237822943399727048,8573800373938698102,1,1,skt,0.6898488333762471
776567062519242352,300471914551172981,300471914551172981,0,1,skt,0.6821806352515032
776567062519242352,8573800373938698102,8573800373938698102,1,1,skt,0.6271244374648073
776567062519242352,2014268979504181100,300471914551172981,0,1,skt,0.6674760976882969
776567062519242352,2172169907340938753,300471914551172981,1,1,skt,0.6686031047348957
776567062519242352,8150806168444344502,300471914551172981,0,1,skt,0.6907936707627378
776567062519242352,816286915455981984,8573800373938698102,1,1,skt,0.6787333721882892
776567062519242352,1962751598315765836,300471914551172981,0,1,skt,0.6953879913461025
776567062519242352,7444476343858270082,300471914551172981,0,1,skt,0.6992761859573755
776567062519242352,2537821716777940730,300471914551172981,0,1,skt,0.7000771001943514
776567062519242352,1061301253559417093,300471914551172981,0,1,skt,0.6814915876378714
776567062519242352,8553379303363759508,300471914551172981,0,1,skt,0.6738600719440675
776567062519242352,6440511557387709110,300471914551172981,1,1,skt,0.6982064068095648
776567062519242352,7744513373483970787,8573800373938698102,1,1,skt,0.6325302543889512
776567062519242352,2971078979906996375,300471914551172981,0,1,skt,0.68875464155301
776567062519242352,5841359775533910823,300471914551172981,0,1,skt,0.6602467036777954
776567062519242352,8621262567927479011,300471914551172981,1,1,skt,0.6972685801182213
776567062519242352,8434961942249729798,8573800373938698102,0,1,skt,0.6650808743284707
776567062519242352,2322042198017538996,8573800373938698102,1,1,skt,0.6671295251005437
776567062519242352,1742185772413642127,300471914551172981,1,1,skt,0.7031359375173725
776567062519242352,2334639155148655290,8573800373938698102,1,1,skt,0.6733073325738195
776567062519242352,7660717256841499384,300471914551172981,0,1,skt,0.7167388910093319
776567062519242352,4113615466659810841,300471914551172981,0,1,skt,0.7022733114788525
776567062519242352,6125574002232610732,300471914551172981,0,1,skt,0.6685327232289726
776567062519242352,2774368076249802464,8573800373938698102,1,1,skt,0.661036086140924
776567062519242352,8903365289186067945,8573800373938698102,1,1,skt,0.6638770363390836
776567062519242352,6925932688889117475,300471914551172981,1,1,skt,0.7204001343565859
776567062519242352,8194071366621068887,8573800373938698102,1,1,skt,0.642074315411306
776567062519242352,2986660907093963186,300471914551172981,1,1,skt,0.7257425359616075
776567062519242352,7591109345808921544,300471914551172981,1,1,skt,0.7026052615993992
776567062519242352,625545550176685521,8573800373938698102,1,1,skt,0.6750515944152915
776567062519242352,1761868641361943332,8573800373938698102,1,1,skt,0.6825995462811933
776567062519242352,4824259625677886603,300471914551172981,0,1,skt,0.6988752720524406
776567062519242352,8450591260754163598,8573800373938698102,1,1,skt,0.6613918451996871
776567062519242352,1553079256999111676,300471914551172981,0,1,skt,0.7067694665410957
776567062519242352,3220231712819306119,8573800373938698102,1,1,skt,0.6682571229690227
776567062519242352,338807275221326836,300471914551172981,0,1,skt,0.6949841548662892
776567062519242352,8525319303741530302,8573800373938698102,1,1,skt,0.6691015574691048
776567062519242352,6587421150596252277,300471914551172981,0,1,skt,0.7084124405589232
776567062519242352,5891620578387310353,300471914551172981,0,1,skt,0.6918781302992284
776567062519242352,5791250638486922978,300471914551172981,1,1,skt,0.7127887718496443
776567062519242352,4031585874086886353,8573800373938698102,1,1,skt,0.6837682700806654
776567062519242352,2083452711903133430,8573800373938698102,1,1,skt,0.705324804603913
776567062519242352,6319743179241711738,8573800373938698102,1,1,skt,0.6856197118875641
776567062519242352,8628686323660025649,300471914551172981,0,1,skt,0.7119427039255981
776567062519242352,4378721629787482518,300471914551172981,0,1,skt,0.717833871292165
776567062519242352,4813462692425748605,300471914551172981,0,1,skt,0.6831439625142214
776567062519242352,4644364625800006675,300471914551172981,0,1,skt,0.7012761819409904
776567062519242352,1062464292871659639,8573800373938698102,1,1,skt,0.686303939723247
776567062519242352,5932668873100475470,300471914551172981,0,1,skt,0.7223154310776903
776567062519242352,5237822943399727048,8573800373938698102,1,1,skt,0.6898488333762471
778563495851264148,300471914551172981,300471914551172981,1,1,skt,0.6821806352515032
778563495851264148,8573800373938698102,8573800373938698102,1,1,skt,0.6271244374648073
778563495851264148,2014268979504181100,300471914551172981,1,1,skt,0.6674760976882969
778563495851264148,2172169907340938753,300471914551172981,1,1,skt,0.6686031047348957
778563495851264148,8150806168444344502,300471914551172981,0,1,skt,0.6907936707627378
778563495851264148,816286915455981984,8573800373938698102,1,1,skt,0.6787333721882892
778563495851264148,1962751598315765836,300471914551172981,1,1,skt,0.6953879913461025
778563495851264148,7444476343858270082,300471914551172981,1,1,skt,0.6992761859573755
778563495851264148,2537821716777940730,300471914551172981,1,1,skt,0.7000771001943514
778563495851264148,1061301253559417093,300471914551172981,1,1,skt,0.6814915876378714
778563495851264148,8553379303363759508,300471914551172981,0,1,skt,0.6738600719440675
778563495851264148,6440511557387709110,300471914551172981,1,1,skt,0.6982064068095648
778563495851264148,7744513373483970787,8573800373938698102,1,1,skt,0.6325302543889512
778563495851264148,2971078979906996375,300471914551172981,1,1,skt,0.68875464155301
778563495851264148,5841359775533910823,300471914551172981,0,1,skt,0.6602467036777954
778563495851264148,8621262567927479011,300471914551172981,1,1,skt,0.6972685801182213
778563495851264148,8434961942249729798,8573800373938698102,1,1,skt,0.6650808743284707
778563495851264148,2322042198017538996,8573800373938698102,1,1,skt,0.6671295251005437
778563495851264148,1742185772413642127,300471914551172981,1,1,skt,0.7031359375173725
778563495851264148,2334639155148655290,8573800373938698102,1,1,skt,0.6733073325738195
778563495851264148,7660717256841499384,300471914551172981,1,1,skt,0.7167388910093319
778563495851264148,4113615466659810841,300471914551172981,1,1,skt,0.7022733114788525
778563495851264148,6125574002232610732,300471914551172981,1,1,skt,0.6685327232289726
778563495851264148,2774368076249802464,8573800373938698102,1,1,skt,0.661036086140924
778563495851264148,8903365289186067945,8573800373938698102,1,1,skt,0.6638770363390836
778563495851264148,6925932688889117475,300471914551172981,1,1,skt,0.7204001343565859
778563495851264148,8194071366621068887,8573800373938698102,1,1,skt,0.642074315411306
778563495851264148,2986660907093963186,300471914551172981,1,1,skt,0.7257425359616075
778563495851264148,7591109345808921544,300471914551172981,1,1,skt,0.7026052615993992
778563495851264148,625545550176685521,8573800373938698102,1,1,skt,0.6750515944152915
778563495851264148,1761868641361943332,8573800373938698102,1,1,skt,0.6825995462811933
778563495851264148,4824259625677886603,300471914551172981,1,1,skt,0.6988752720524406
778563495851264148,8450591260754163598,8573800373938698102,1,1,skt,0.6613918451996871
778563495851264148,1553079256999111676,300471914551172981,1,1,skt,0.7067694665410957
778563495851264148,3220231712819306119,8573800373938698102,1,1,skt,0.6682571229690227
778563495851264148,338807275221326836,300471914551172981,1,1,skt,0.6949841548662892
778563495851264148,8525319303741530302,8573800373938698102,1,1,skt,0.6691015574691048
778563495851264148,6587421150596252277,300471914551172981,1,1,skt,0.7084124405589232
778563495851264148,5891620578387310353,300471914551172981,1,1,skt,0.6918781302992284
778563495851264148,5791250638486922978,300471914551172981,1,1,skt,0.7127887718496443
778563495851264148,4031585874086886353,8573800373938698102,1,1,skt,0.6837682700806654
778563495851264148,2083452711903133430,8573800373938698102,1,1,skt,0.705324804603913
778563495851264148,6319743179241711738,8573800373938698102,1,1,skt,0.6856197118875641
778563495851264148,8628686323660025649,300471914551172981,0,1,skt,0.7119427039255981
778563495851264148,4378721629787482518,300471914551172981,1,1,skt,0.717833871292165
778563495851264148,4813462692425748605,300471914551172981,1,1,skt,0.6831439625142214
778563495851264148,4644364625800006675,300471914551172981,1,1,skt,0.7012761819409904
778563495851264148,1062464292871659639,8573800373938698102,1,1,skt,0.686303939723247
778563495851264148,5932668873100475470,300471914551172981,1,1,skt,0.7223154310776903
778563495851264148,5237822943399727048,8573800373938698102,1,1,skt,0.6898488333762471
792014443860280347,300471914551172981,300471914551172981,1,1,skt,0.6821806352515032
792014443860280347,8573800373938698102,8573800373938698102,0,1,skt,0.6271244374648073
792014443860280347,2014268979504181100,300471914551172981,0,1,skt,0.6674760976882969
792014443860280347,2172169907340938753,300471914551172981,0,1,skt,0.6686031047348957
792014443860280347,8150806168444344502,300471914551172981,1,1,skt,0.6907936707627378
792014443860280347,816286915455981984,8573800373938698102,1,1,skt,0.6787333721882892
792014443860280347,1962751598315765836,300471914551172981,0,1,skt,0.6953879913461025
792014443860280347,7444476343858270082,300471914551172981,0,1,skt,0.6992761859573755
792014443860280347,2537821716777940730,300471914551172981,0,1,skt,0.7000771001943514
792014443860280347,1061301253559417093,300471914551172981,1,1,skt,0.6814915876378714
792014443860280347,8553379303363759508,300471914551172981,1,1,skt,0.6738600719440675
792014443860280347,6440511557387709110,300471914551172981,1,1,skt,0.6982064068095648
792014443860280347,7744513373483970787,8573800373938698102,0,1,skt,0.6325302543889512
792014443860280347,2971078979906996375,300471914551172981,1,1,skt,0.68875464155301
792014443860280347,5841359775533910823,300471914551172981,1,1,skt,0.6602467036777954
792014443860280347,8621262567927479011,300471914551172981,1,1,skt,0.6972685801182213
792014443860280347,8434961942249729798,8573800373938698102,1,1,skt,0.6650808743284707
792014443860280347,2322042198017538996,8573800373938698102,0,1,skt,0.6671295251005437
792014443860280347,1742185772413642127,300471914551172981,1,1,skt,0.7031359375173725
792014443860280347,2334639155148655290,8573800373938698102,1,1,skt,0.6733073325738195
792014443860280347,7660717256841499384,300471914551172981,1,1,skt,0.7167388910093319
792014443860280347,4113615466659810841,300471914551172981,1,1,skt,0.7022733114788525
792014443860280347,6125574002232610732,300471914551172981,1,1,skt,0.6685327232289726
792014443860280347,2774368076249802464,8573800373938698102,1,1,skt,0.661036086140924
792014443860280347,8903365289186067945,8573800373938698102,0,1,skt,0.6638770363390836
792014443860280347,6925932688889117475,300471914551172981,1,1,skt,0.7204001343565859
792014443860280347,8194071366621068887,8573800373938698102,0,1,skt,0.642074315411306
792014443860280347,2986660907093963186,300471914551172981,1,1,skt,0.7257425359616075
792014443860280347,7591109345808921544,300471914551172981,1,1,skt,0.7026052615993992
792014443860280347,625545550176685521,8573800373938698102,0,1,skt,0.6750515944152915
792014443860280347,1761868641361943332,8573800373938698102,1,1,skt,0.6825995462811933
792014443860280347,4824259625677886603,300471914551172981,1,1,skt,0.6988752720524406
792014443860280347,8450591260754163598,8573800373938698102,1,1,skt,0.6613918451996871
792014443860280347,1553079256999111676,300471914551172981,1,1,skt,0.7067694665410957
792014443860280347,3220231712819306119,8573800373938698102,1,1,skt,0.6682571229690227
792014443860280347,338807275221326836,300471914551172981,1,1,skt,0.6949841548662892
792014443860280347,8525319303741530302,8573800373938698102,1,1,skt,0.6691015574691048
792014443860280347,6587421150596252277,300471914551172981,1,1,skt,0.7084124405589232
792014443860280347,5891620578387310353,300471914551172981,0,1,skt,0.6918781302992284
792014443860280347,5791250638486922978,300471914551172981,1,1,skt,0.7127887718496443
792014443860280347,4031585874086886353,8573800373938698102,1,1,skt,0.6837682700806654
792014443860280347,2083452711903133430,8573800373938698102,1,1,skt,0.705324804603913
792014443860280347,6319743179241711738,8573800373938698102,1,1,skt,0.6856197118875641
792014443860280347,8628686323660025649,300471914551172981,1,1,skt,0.7119427039255981
792014443860280347,4378721629787482518,300471914551172981,1,1,skt,0.717833871292165
792014443860280347,4813462692425748605,300471914551172981,0,1,skt,0.6831439625142214
792014443860280347,4644364625800006675,300471914551172981,1,1,skt,0.7012761819409904
792014443860280347,1062464292871659639,8573800373938698102,1,1,skt,0.686303939723247
792014443860280347,5932668873100475470,300471914551172981,1,1,skt,0.7223154310776903
792014443860280347,5237822943399727048,8573800373938698102,1,1,skt,0.6898488333762471
792446419317429246,300471914551172981,300471914551172981,1,1,skt,0.6821806352515032
792446419317429246,8573800373938698102,8573800373938698102,1,1,skt,0.6271244374648073
792446419317429246,2014268979504181100,300471914551172981,0,1,skt,0.6674760976882969
792446419317429246,2172169907340938753,300471914551172981,1,1,skt,0.6686031047348957
792446419317429246,8150806168444344502,300471914551172981,1,1,skt,0.6907936707627378
792446419317429246,816286915455981984,8573800373938698102,1,1,skt,0.6787333721882892
792446419317429246,1962751598315765836,300471914551172981,1,1,skt,0.6953879913461025
792446419317429246,7444476343858270082,300471914551172981,1,1,skt,0.6992761859573755
792446419317429246,2537821716777940730,300471914551172981,1,1,skt,0.7000771001943514
792446419317429246,1061301253559417093,300471914551172981,1,1,skt,0.6814915876378714
792446419317429246,8553379303363759508,300471914551172981,1,1,skt,0.6738600719440675
792446419317429246,6440511557387709110,300471914551172981,1,1,skt,0.6982064068095648
792446419317429246,7744513373483970787,8573800373938698102,1,1,skt,0.6325302543889512
792446419317429246,2971078979906996375,300471914551172981,1,1,skt,0.68875464155301
792446419317429246,5841359775533910823,300471914551172981,0,1,skt,0.6602467036777954
792446419317429246,8621262567927479011,300471914551172981,1,1,skt,0.6972685801182213
792446419317429246,8434961942249729798,8573800373938698102,1,1,skt,0.6650808743284707
792446419317429246,2322042198017538996,8573800373938698102,1,1,skt,0.6671295251005437
792446419317429246,1742185772413642127,300471914551172981,1,1,skt,0.7031359375173725
792446419317429246,2334639155148655290,8573800373938698102,0,1,skt,0.6733073325738195
792446419317429246,7660717256841499384,300471914551172981,1,1,skt,0.7167388910093319
792446419317429246,4113615466659810841,300471914551172981,1,1,skt,0.7022733114788525
792446419317429246,6125574002232610732,300471914551172981,1,1,skt,0.6685327232289726
792446419317429246,2774368076249802464,8573800373938698102,1,1,skt,0.661036086140924
792446419317429246,8903365289186067945,8573800373938698102,0,1,skt,0.6638770363390836
792446419317429246,6925932688889117475,300471914551172981,0,1,skt,0.7204001343565859
792446419317429246,8194071366621068887,8573800373938698102,0,1,skt,0.642074315411306
792446419317429246,2986660907093963186,300471914551172981,1,1,skt,0.7257425359616075
792446419317429246,7591109345808921544,300471914551172981,1,1,skt,0.7026052615993992
792446419317429246,625545550176685521,8573800373938698102,1,1,skt,0.6750515944152915
792446419317429246,1761868641361943332,8573800373938698102,1,1,skt,0.6825995462811933
792446419317429246,4824259625677886603,300471914551172981,1,1,skt,0.6988752720524406
792446419317429246,8450591260754163598,8573800373938698102,1,1,skt,0.6613918451996871
792446419317429246,1553079256999111676,300471914551172981,1,1,skt,0.7067694665410957
792446419317429246,3220231712819306119,8573800373938698102,0,1,skt,0.6682571229690227
792446419317429246,338807275221326836,300471914551172981,1,1,skt,0.6949841548662892
792446419317429246,8525319303741530302,8573800373938698102,0,1,skt,0.6691015574691048
792446419317429246,6587421150596252277,300471914551172981,1,1,skt,0.7084124405589232
792446419317429246,5891620578387310353,300471914551172981,1,1,skt,0.6918781302992284
792446419317429246,5791250638486922978,300471914551172981,1,1,skt,0.7127887718496443
792446419317429246,4031585874086886353,8573800373938698102,1,1,skt,0.6837682700806654
792446419317429246,2083452711903133430,8573800373938698102,1,1,skt,0.705324804603913
792446419317429246,6319743179241711738,8573800373938698102,0,1,skt,0.6856197118875641
792446419317429246,8628686323660025649,300471914551172981,1,1,skt,0.7119427039255981
792446419317429246,4378721629787482518,300471914551172981,1,1,skt,0.717833871292165
792446419317429246,4813462692425748605,300471914551172981,0,1,skt,0.6831439625142214
792446419317429246,4644364625800006675,300471914551172981,1,1,skt,0.7012761819409904
792446419317429246,1062464292871659639,8573800373938698102,1,1,skt,0.686303939723247
792446419317429246,5932668873100475470,300471914551172981,1,1,skt,0.7223154310776903
792446419317429246,5237822943399727048,8573800373938698102,1,1,skt,0.6898488333762471
815543896097949188,300471914551172981,300471914551172981,1,1,skt,0.6821806352515032
815543896097949188,8573800373938698102,8573800373938698102,1,1,skt,0.6271244374648073
815543896097949188,2014268979504181100,300471914551172981,1,1,skt,0.6674760976882969
815543896097949188,2172169907340938753,300471914551172981,1,1,skt,0.6686031047348957
815543896097949188,8150806168444344502,300471914551172981,1,1,skt,0.6907936707627378
815543896097949188,816286915455981984,8573800373938698102,1,1,skt,0.6787333721882892
815543896097949188,1962751598315765836,300471914551172981,1,1,skt,0.6953879913461025
815543896097949188,7444476343858270082,300471914551172981,1,1,skt,0.6992761859573755
815543896097949188,2537821716777940730,300471914551172981,1,1,skt,0.7000771001943514
815543896097949188,1061301253559417093,300471914551172981,1,1,skt,0.6814915876378714
815543896097949188,8553379303363759508,300471914551172981,1,1,skt,0.6738600719440675
815543896097949188,6440511557387709110,300471914551172981,1,1,skt,0.6982064068095648
815543896097949188,7744513373483970787,8573800373938698102,1,1,skt,0.6325302543889512
815543896097949188,2971078979906996375,300471914551172981,1,1,skt,0.68875464155301
815543896097949188,5841359775533910823,300471914551172981,1,1,skt,0.6602467036777954
815543896097949188,8621262567927479011,300471914551172981,1,1,skt,0.6972685801182213
815543896097949188,8434961942249729798,8573800373938698102,1,1,skt,0.6650808743284707
815543896097949188,2322042198017538996,8573800373938698102,1,1,skt,0.6671295251005437
815543896097949188,1742185772413642127,300471914551172981,1,1,skt,0.7031359375173725
815543896097949188,2334639155148655290,8573800373938698102,0,1,skt,0.6733073325738195
815543896097949188,7660717256841499384,300471914551172981,1,1,skt,0.7167388910093319
815543896097949188,4113615466659810841,300471914551172981,1,1,skt,0.7022733114788525
815543896097949188,6125574002232610732,300471914551172981,1,1,skt,0.6685327232289726
815543896097949188,2774368076249802464,8573800373938698102,0,1,skt,0.661036086140924
815543896097949188,8903365289186067945,8573800373938698102,0,1,skt,0.6638770363390836
815543896097949188,6925932688889117475,300471914551172981,1,1,skt,0.7204001343565859
815543896097949188,8194071366621068887,8573800373938698102,0,1,skt,0.642074315411306
815543896097949188,2986660907093963186,300471914551172981,1,1,skt,0.7257425359616075
815543896097949188,7591109345808921544,300471914551172981,1,1,skt,0.7026052615993992
815543896097949188,625545550176685521,8573800373938698102,0,1,skt,0.6750515944152915
815543896097949188,1761868641361943332,8573800373938698102,1,1,skt,0.6825995462811933
815543896097949188,4824259625677886603,300471914551172981,1,1,skt,0.6988752720524406
815543896097949188,8450591260754163598,8573800373938698102,1,1,skt,0.6613918451996871
815543896097949188,1553079256999111676,300471914551172981,1,1,skt,0.7067694665410957
815543896097949188,3220231712819306119,8573800373938698102,1,1,skt,0.6682571229690227
815543896097949188,338807275221326836,300471914551172981,1,1,skt,0.6949841548662892
815543896097949188,8525319303741530302,8573800373938698102,1,1,skt,0.6691015574691048
815543896097949188,6587421150596252277,300471914551172981,1,1,skt,0.7084124405589232
815543896097949188,5891620578387310353,300471914551172981,1,1,skt,0.6918781302992284
815543896097949188,5791250638486922978,300471914551172981,1,1,skt,0.7127887718496443
815543896097949188,4031585874086886353,8573800373938698102,1,1,skt,0.6837682700806654
815543896097949188,2083452711903133430,8573800373938698102,1,1,skt,0.705324804603913
815543896097949188,6319743179241711738,8573800373938698102,1,1,skt,0.6856197118875641
815543896097949188,8628686323660025649,300471914551172981,1,1,skt,0.7119427039255981
815543896097949188,4378721629787482518,300471914551172981,1,1,skt,0.717833871292165
815543896097949188,4813462692425748605,300471914551172981,1,1,skt,0.6831439625142214
815543896097949188,4644364625800006675,300471914551172981,0,1,skt,0.7012761819409904
815543896097949188,1062464292871659639,8573800373938698102,0,1,skt,0.686303939723247
815543896097949188,5932668873100475470,300471914551172981,1,1,skt,0.7223154310776903
815543896097949188,5237822943399727048,8573800373938698102,1,1,skt,0.6898488333762471
816596308256074087,300471914551172981,300471914551172981,1,1,skt,0.6821806352515032
816596308256074087,8573800373938698102,8573800373938698102,0,1,skt,0.6271244374648073
816596308256074087,2014268979504181100,300471914551172981,1,1,skt,0.6674760976882969
816596308256074087,2172169907340938753,300471914551172981,1,1,skt,0.6686031047348957
816596308256074087,8150806168444344502,300471914551172981,1,1,skt,0.6907936707627378
816596308256074087,816286915455981984,8573800373938698102,1,1,skt,0.6787333721882892
816596308256074087,1962751598315765836,300471914551172981,1,1,skt,0.6953879913461025
816596308256074087,7444476343858270082,300471914551172981,1,1,skt,0.6992761859573755
816596308256074087,2537821716777940730,300471914551172981,1,1,skt,0.7000771001943514
816596308256074087,1061301253559417093,300471914551172981,1,1,skt,0.6814915876378714
816596308256074087,8553379303363759508,300471914551172981,1,1,skt,0.6738600719440675
816596308256074087,6440511557387709110,300471914551172981,1,1,skt,0.6982064068095648
816596308256074087,7744513373483970787,8573800373938698102,1,1,skt,0.6325302543889512
816596308256074087,2971078979906996375,300471914551172981,1,1,skt,0.68875464155301
816596308256074087,5841359775533910823,300471914551172981,1,1,skt,0.6602467036777954
816596308256074087,8621262567927479011,300471914551172981,1,1,skt,0.6972685801182213
816596308256074087,8434961942249729798,8573800373938698102,1,1,skt,0.6650808743284707
816596308256074087,2322042198017538996,8573800373938698102,1,1,skt,0.6671295251005437
816596308256074087,1742185772413642127,300471914551172981,1,1,skt,0.7031359375173725
816596308256074087,2334639155148655290,8573800373938698102,1,1,skt,0.6733073325738195
816596308256074087,7660717256841499384,300471914551172981,1,1,skt,0.7167388910093319
816596308256074087,4113615466659810841,300471914551172981,1,1,skt,0.7022733114788525
816596308256074087,6125574002232610732,300471914551172981,1,1,skt,0.6685327232289726
816596308256074087,2774368076249802464,8573800373938698102,1,1,skt,0.661036086140924
816596308256074087,8903365289186067945,8573800373938698102,1,1,skt,0.6638770363390836
816596308256074087,6925932688889117475,300471914551172981,1,1,skt,0.7204001343565859
816596308256074087,8194071366621068887,8573800373938698102,1,1,skt,0.642074315411306
816596308256074087,2986660907093963186,300471914551172981,1,1,skt,0.7257425359616075
816596308256074087,7591109345808921544,300471914551172981,1,1,skt,0.7026052615993992
816596308256074087,625545550176685521,8573800373938698102,1,1,skt,0.6750515944152915
816596308256074087,1761868641361943332,8573800373938698102,1,1,skt,0.6825995462811933
816596308256074087,4824259625677886603,300471914551172981,1,1,skt,0.6988752720524406
816596308256074087,8450591260754163598,8573800373938698102,1,1,skt,0.6613918451996871
816596308256074087,1553079256999111676,300471914551172981,1,1,skt,0.7067694665410957
816596308256074087,3220231712819306119,8573800373938698102,1,1,skt,0.6682571229690227
816596308256074087,338807275221326836,300471914551172981,1,1,skt,0.6949841548662892
816596308256074087,8525319303741530302,8573800373938698102,1,1,skt,0.6691015574691048
816596308256074087,6587421150596252277,300471914551172981,1,1,skt,0.7084124405589232
816596308256074087,5891620578387310353,300471914551172981,1,1,skt,0.6918781302992284
816596308256074087,5791250638486922978,300471914551172981,1,1,skt,0.7127887718496443
816596308256074087,4031585874086886353,8573800373938698102,1,1,skt,0.6837682700806654
816596308256074087,2083452711903133430,8573800373938698102,1,1,skt,0.705324804603913
816596308256074087,6319743179241711738,8573800373938698102,1,1,skt,0.6856197118875641
816596308256074087,8628686323660025649,300471914551172981,1,1,skt,0.7119427039255981
816596308256074087,4378721629787482518,300471914551172981,1,1,skt,0.717833871292165
816596308256074087,4813462692425748605,300471914551172981,1,1,skt,0.6831439625142214
816596308256074087,4644364625800006675,300471914551172981,1,1,skt,0.7012761819409904
816596308256074087,1062464292871659639,8573800373938698102,0,1,skt,0.686303939723247
816596308256074087,5932668873100475470,300471914551172981,1,1,skt,0.7223154310776903
816596308256074087,5237822943399727048,8573800373938698102,1,1,skt,0.6898488333762471
837249346332151142,300471914551172981,300471914551172981,1,1,skt,0.6821806352515032
837249346332151142,8573800373938698102,8573800373938698102,1,1,skt,0.6271244374648073
837249346332151142,2014268979504181100,300471914551172981,0,1,skt,0.6674760976882969
837249346332151142,2172169907340938753,300471914551172981,1,1,skt,0.6686031047348957
837249346332151142,8150806168444344502,300471914551172981,1,1,skt,0.6907936707627378
837249346332151142,816286915455981984,8573800373938698102,1,1,skt,0.6787333721882892
837249346332151142,1962751598315765836,300471914551172981,1,1,skt,0.6953879913461025
837249346332151142,7444476343858270082,300471914551172981,1,1,skt,0.6992761859573755
837249346332151142,2537821716777940730,300471914551172981,1,1,skt,0.7000771001943514
837249346332151142,1061301253559417093,300471914551172981,0,1,skt,0.6814915876378714
837249346332151142,8553379303363759508,300471914551172981,0,1,skt,0.6738600719440675
837249346332151142,6440511557387709110,300471914551172981,1,1,skt,0.6982064068095648
837249346332151142,7744513373483970787,8573800373938698102,1,1,skt,0.6325302543889512
837249346332151142,2971078979906996375,300471914551172981,1,1,skt,0.68875464155301
837249346332151142,5841359775533910823,300471914551172981,0,1,skt,0.6602467036777954
837249346332151142,8621262567927479011,300471914551172981,1,1,skt,0.6972685801182213
837249346332151142,8434961942249729798,8573800373938698102,1,1,skt,0.6650808743284707
837249346332151142,2322042198017538996,8573800373938698102,1,1,skt,0.6671295251005437
837249346332151142,1742185772413642127,300471914551172981,1,1,skt,0.7031359375173725
837249346332151142,2334639155148655290,8573800373938698102,1,1,skt,0.6733073325738195
837249346332151142,7660717256841499384,300471914551172981,1,1,skt,0.7167388910093319
837249346332151142,4113615466659810841,300471914551172981,1,1,skt,0.7022733114788525
837249346332151142,6125574002232610732,300471914551172981,1,1,skt,0.6685327232289726
837249346332151142,2774368076249802464,8573800373938698102,1,1,skt,0.661036086140924
837249346332151142,8903365289186067945,8573800373938698102,1,1,skt,0.6638770363390836
837249346332151142,6925932688889117475,300471914551172981,1,1,skt,0.7204001343565859
837249346332151142,8194071366621068887,8573800373938698102,1,1,skt,0.642074315411306
837249346332151142,2986660907093963186,300471914551172981,1,1,skt,0.7257425359616075
837249346332151142,7591109345808921544,300471914551172981,0,1,skt,0.7026052615993992
837249346332151142,625545550176685521,8573800373938698102,1,1,skt,0.6750515944152915
837249346332151142,1761868641361943332,8573800373938698102,1,1,skt,0.6825995462811933
837249346332151142,4824259625677886603,300471914551172981,0,1,skt,0.6988752720524406
837249346332151142,8450591260754163598,8573800373938698102,1,1,skt,0.6613918451996871
837249346332151142,1553079256999111676,300471914551172981,0,1,skt,0.7067694665410957
837249346332151142,3220231712819306119,8573800373938698102,1,1,skt,0.6682571229690227
837249346332151142,338807275221326836,300471914551172981,0,1,skt,0.6949841548662892
837249346332151142,8525319303741530302,8573800373938698102,1,1,skt,0.6691015574691048
837249346332151142,6587421150596252277,300471914551172981,1,1,skt,0.7084124405589232
837249346332151142,5891620578387310353,300471914551172981,0,1,skt,0.6918781302992284
837249346332151142,5791250638486922978,300471914551172981,0,1,skt,0.7127887718496443
837249346332151142,4031585874086886353,8573800373938698102,1,1,skt,0.6837682700806654
837249346332151142,2083452711903133430,8573800373938698102,1,1,skt,0.705324804603913
837249346332151142,6319743179241711738,8573800373938698102,1,1,skt,0.6856197118875641
837249346332151142,8628686323660025649,300471914551172981,1,1,skt,0.7119427039255981
837249346332151142,4378721629787482518,300471914551172981,1,1,skt,0.717833871292165
837249346332151142,4813462692425748605,300471914551172981,0,1,skt,0.6831439625142214
837249346332151142,4644364625800006675,300471914551172981,1,1,skt,0.7012761819409904
837249346332151142,1062464292871659639,8573800373938698102,1,1,skt,0.686303939723247
837249346332151142,5932668873100475470,300471914551172981,1,1,skt,0.7223154310776903
837249346332151142,5237822943399727048,8573800373938698102,1,1,skt,0.6898488333762471
862177479803381102,300471914551172981,300471914551172981,0,1,skt,0.6821806352515032
862177479803381102,8573800373938698102,8573800373938698102,0,1,skt,0.6271244374648073
862177479803381102,2014268979504181100,300471914551172981,0,1,skt,0.6674760976882969
862177479803381102,2172169907340938753,300471914551172981,1,1,skt,0.6686031047348957
862177479803381102,8150806168444344502,300471914551172981,0,1,skt,0.6907936707627378
862177479803381102,816286915455981984,8573800373938698102,1,1,skt,0.6787333721882892
862177479803381102,1962751598315765836,300471914551172981,1,1,skt,0.6953879913461025
862177479803381102,7444476343858270082,300471914551172981,1,1,skt,0.6992761859573755
862177479803381102,2537821716777940730,300471914551172981,1,1,skt,0.7000771001943514
862177479803381102,1061301253559417093,300471914551172981,0,1,skt,0.6814915876378714
862177479803381102,8553379303363759508,300471914551172981,0,1,skt,0.6738600719440675
862177479803381102,6440511557387709110,300471914551172981,1,1,skt,0.6982064068095648
862177479803381102,7744513373483970787,8573800373938698102,1,1,skt,0.6325302543889512
862177479803381102,2971078979906996375,300471914551172981,0,1,skt,0.68875464155301
862177479803381102,5841359775533910823,300471914551172981,0,1,skt,0.6602467036777954
862177479803381102,8621262567927479011,300471914551172981,0,1,skt,0.6972685801182213
862177479803381102,8434961942249729798,8573800373938698102,1,1,skt,0.6650808743284707
862177479803381102,2322042198017538996,8573800373938698102,1,1,skt,0.6671295251005437
862177479803381102,1742185772413642127,300471914551172981,1,1,skt,0.7031359375173725
862177479803381102,2334639155148655290,8573800373938698102,1,1,skt,0.6733073325738195
862177479803381102,7660717256841499384,300471914551172981,1,1,skt,0.7167388910093319
862177479803381102,4113615466659810841,300471914551172981,1,1,skt,0.7022733114788525
862177479803381102,6125574002232610732,300471914551172981,0,1,skt,0.6685327232289726
862177479803381102,2774368076249802464,8573800373938698102,1,1,skt,0.661036086140924
862177479803381102,8903365289186067945,8573800373938698102,1,1,skt,0.6638770363390836
862177479803381102,6925932688889117475,300471914551172981,1,1,skt,0.7204001343565859
862177479803381102,8194071366621068887,8573800373938698102,0,1,skt,0.642074315411306
862177479803381102,2986660907093963186,300471914551172981,1,1,skt,0.7257425359616075
862177479803381102,7591109345808921544,300471914551172981,0,1,skt,0.7026052615993992
862177479803381102,625545550176685521,8573800373938698102,0,1,skt,0.6750515944152915
862177479803381102,1761868641361943332,8573800373938698102,1,1,skt,0.6825995462811933
862177479803381102,4824259625677886603,300471914551172981,0,1,skt,0.6988752720524406
862177479803381102,8450591260754163598,8573800373938698102,1,1,skt,0.6613918451996871
862177479803381102,1553079256999111676,300471914551172981,1,1,skt,0.7067694665410957
862177479803381102,3220231712819306119,8573800373938698102,1,1,skt,0.6682571229690227
862177479803381102,338807275221326836,300471914551172981,0,1,skt,0.6949841548662892
862177479803381102,8525319303741530302,8573800373938698102,1,1,skt,0.6691015574691048
862177479803381102,6587421150596252277,300471914551172981,1,1,skt,0.7084124405589232
862177479803381102,5891620578387310353,300471914551172981,0,1,skt,0.6918781302992284
862177479803381102,5791250638486922978,300471914551172981,1,1,skt,0.7127887718496443
862177479803381102,4031585874086886353,8573800373938698102,1,1,skt,0.6837682700806654
862177479803381102,2083452711903133430,8573800373938698102,1,1,skt,0.705324804603913
862177479803381102,6319743179241711738,8573800373938698102,1,1,skt,0.6856197118875641
862177479803381102,8628686323660025649,300471914551172981,1,1,skt,0.7119427039255981
862177479803381102,4378721629787482518,300471914551172981,0,1,skt,0.717833871292165
862177479803381102,4813462692425748605,300471914551172981,0,1,skt,0.6831439625142214
862177479803381102,4644364625800006675,300471914551172981,0,1,skt,0.7012761819409904
862177479803381102,1062464292871659639,8573800373938698102,1,1,skt,0.686303939723247
862177479803381102,5932668873100475470,300471914551172981,1,1,skt,0.7223154310776903
862177479803381102,5237822943399727048,8573800373938698102,1,1,skt,0.6898488333762471
942706140549317669,300471914551172981,300471914551172981,1,1,skt,0.6821806352515032
942706140549317669,8573800373938698102,8573800373938698102,0,1,skt,0.6271244374648073
942706140549317669,2014268979504181100,300471914551172981,0,1,skt,0.6674760976882969
942706140549317669,2172169907340938753,300471914551172981,1,1,skt,0.6686031047348957
942706140549317669,8150806168444344502,300471914551172981,1,1,skt,0.6907936707627378
942706140549317669,816286915455981984,8573800373938698102,0,1,skt,0.6787333721882892
942706140549317669,1962751598315765836,300471914551172981,1,1,skt,0.6953879913461025
942706140549317669,7444476343858270082,300471914551172981,1,1,skt,0.6992761859573755
942706140549317669,2537821716777940730,300471914551172981,1,1,skt,0.7000771001943514
942706140549317669,1061301253559417093,300471914551172981,1,1,skt,0.6814915876378714
942706140549317669,8553379303363759508,300471914551172981,1,1,skt,0.6738600719440675
942706140549317669,6440511557387709110,300471914551172981,1,1,skt,0.6982064068095648
942706140549317669,7744513373483970787,8573800373938698102,0,1,skt,0.6325302543889512
942706140549317669,2971078979906996375,300471914551172981,1,1,skt,0.68875464155301
942706140549317669,5841359775533910823,300471914551172981,1,1,skt,0.6602467036777954
942706140549317669,8621262567927479011,300471914551172981,1,1,skt,0.6972685801182213
942706140549317669,8434961942249729798,8573800373938698102,0,1,skt,0.6650808743284707
942706140549317669,2322042198017538996,8573800373938698102,0,1,skt,0.6671295251005437
942706140549317669,1742185772413642127,300471914551172981,1,1,skt,0.7031359375173725
942706140549317669,2334639155148655290,8573800373938698102,0,1,skt,0.6733073325738195
942706140549317669,7660717256841499384,300471914551172981,1,1,skt,0.7167388910093319
942706140549317669,4113615466659810841,300471914551172981,1,1,skt,0.7022733114788525
942706140549317669,6125574002232610732,300471914551172981,1,1,skt,0.6685327232289726
942706140549317669,2774368076249802464,8573800373938698102,0,1,skt,0.661036086140924
942706140549317669,8903365289186067945,8573800373938698102,0,1,skt,0.6638770363390836
942706140549317669,6925932688889117475,300471914551172981,1,1,skt,0.7204001343565859
942706140549317669,8194071366621068887,8573800373938698102,0,1,skt,0.642074315411306
942706140549317669,2986660907093963186,300471914551172981,1,1,skt,0.7257425359616075
942706140549317669,7591109345808921544,300471914551172981,1,1,skt,0.7026052615993992
942706140549317669,625545550176685521,8573800373938698102,0,1,skt,0.6750515944152915
942706140549317669,1761868641361943332,8573800373938698102,0,1,skt,0.6825995462811933
942706140549317669,4824259625677886603,300471914551172981,1,1,skt,0.6988752720524406
942706140549317669,8450591260754163598,8573800373938698102,0,1,skt,0.6613918451996871
942706140549317669,1553079256999111676,300471914551172981,1,1,skt,0.7067694665410957
942706140549317669,3220231712819306119,8573800373938698102,1,1,skt,0.6682571229690227
942706140549317669,338807275221326836,300471914551172981,1,1,skt,0.6949841548662892
942706140549317669,8525319303741530302,8573800373938698102,0,1,skt,0.6691015574691048
942706140549317669,6587421150596252277,300471914551172981,1,1,skt,0.7084124405589232
942706140549317669,5891620578387310353,300471914551172981,1,1,skt,0.6918781302992284
942706140549317669,5791250638486922978,300471914551172981,1,1,skt,0.7127887718496443
942706140549317669,4031585874086886353,8573800373938698102,0,1,skt,0.6837682700806654
942706140549317669,2083452711903133430,8573800373938698102,1,1,skt,0.705324804603913
942706140549317669,6319743179241711738,8573800373938698102,0,1,skt,0.6856197118875641
942706140549317669,8628686323660025649,300471914551172981,1,1,skt,0.7119427039255981
942706140549317669,4378721629787482518,300471914551172981,1,1,skt,0.717833871292165
942706140549317669,4813462692425748605,300471914551172981,1,1,skt,0.6831439625142214
942706140549317669,4644364625800006675,300471914551172981,1,1,skt,0.7012761819409904
942706140549317669,1062464292871659639,8573800373938698102,0,1,skt,0.686303939723247
942706140549317669,5932668873100475470,300471914551172981,1,1,skt,0.7223154310776903
942706140549317669,5237822943399727048,8573800373938698102,0,1,skt,0.6898488333762471
948515507813699733,300471914551172981,300471914551172981,1,1,skt,0.6821806352515032
948515507813699733,8573800373938698102,8573800373938698102,1,1,skt,0.6271244374648073
948515507813699733,2014268979504181100,300471914551172981,0,1,skt,0.6674760976882969
948515507813699733,2172169907340938753,300471914551172981,0,1,skt,0.6686031047348957
948515507813699733,8150806168444344502,300471914551172981,1,1,skt,0.6907936707627378
948515507813699733,816286915455981984,8573800373938698102,1,1,skt,0.6787333721882892
948515507813699733,1962751598315765836,300471914551172981,0,1,skt,0.6953879913461025
948515507813699733,7444476343858270082,300471914551172981,1,1,skt,0.6992761859573755
948515507813699733,2537821716777940730,300471914551172981,1,1,skt,0.7000771001943514
948515507813699733,1061301253559417093,300471914551172981,1,1,skt,0.6814915876378714
948515507813699733,8553379303363759508,300471914551172981,1,1,skt,0.6738600719440675
948515507813699733,6440511557387709110,300471914551172981,1,1,skt,0.6982064068095648
948515507813699733,7744513373483970787,8573800373938698102,1,1,skt,0.6325302543889512
948515507813699733,2971078979906996375,300471914551172981,1,1,skt,0.68875464155301
948515507813699733,5841359775533910823,300471914551172981,1,1,skt,0.6602467036777954
948515507813699733,8621262567927479011,300471914551172981,1,1,skt,0.6972685801182213
948515507813699733,8434961942249729798,8573800373938698102,1,1,skt,0.6650808743284707
948515507813699733,2322042198017538996,8573800373938698102,1,1,skt,0.6671295251005437
948515507813699733,1742185772413642127,300471914551172981,1,1,skt,0.7031359375173725
948515507813699733,2334639155148655290,8573800373938698102,1,1,skt,0.6733073325738195
948515507813699733,7660717256841499384,300471914551172981,1,1,skt,0.7167388910093319
948515507813699733,4113615466659810841,300471914551172981,1,1,skt,0.7022733114788525
948515507813699733,6125574002232610732,300471914551172981,0,1,skt,0.6685327232289726
948515507813699733,2774368076249802464,8573800373938698102,1,1,skt,0.661036086140924
948515507813699733,8903365289186067945,8573800373938698102,0,1,skt,0.6638770363390836
948515507813699733,6925932688889117475,300471914551172981,1,1,skt,0.7204001343565859
948515507813699733,8194071366621068887,8573800373938698102,1,1,skt,0.642074315411306
948515507813699733,2986660907093963186,300471914551172981,1,1,skt,0.7257425359616075
948515507813699733,7591109345808921544,300471914551172981,1,1,skt,0.7026052615993992
948515507813699733,625545550176685521,8573800373938698102,1,1,skt,0.6750515944152915
948515507813699733,1761868641361943332,8573800373938698102,1,1,skt,0.6825995462811933
948515507813699733,4824259625677886603,300471914551172981,1,1,skt,0.6988752720524406
948515507813699733,8450591260754163598,8573800373938698102,1,1,skt,0.6613918451996871
948515507813699733,1553079256999111676,300471914551172981,1,1,skt,0.7067694665410957
948515507813699733,3220231712819306119,8573800373938698102,1,1,skt,0.6682571229690227
948515507813699733,338807275221326836,300471914551172981,1,1,skt,0.6949841548662892
948515507813699733,8525319303741530302,8573800373938698102,1,1,skt,0.6691015574691048
948515507813699733,6587421150596252277,300471914551172981,1,1,skt,0.7084124405589232
948515507813699733,5891620578387310353,300471914551172981,1,1,skt,0.6918781302992284
948515507813699733,5791250638486922978,300471914551172981,1,1,skt,0.7127887718496443
948515507813699733,4031585874086886353,8573800373938698102,1,1,skt,0.6837682700806654
948515507813699733,2083452711903133430,8573800373938698102,1,1,skt,0.705324804603913
948515507813699733,6319743179241711738,8573800373938698102,1,1,skt,0.6856197118875641
948515507813699733,8628686323660025649,300471914551172981,1,1,skt,0.7119427039255981
948515507813699733,4378721629787482518,300471914551172981,1,1,skt,0.717833871292165
948515507813699733,4813462692425748605,300471914551172981,1,1,skt,0.6831439625142214
948515507813699733,4644364625800006675,300471914551172981,0,1,skt,0.7012761819409904
948515507813699733,1062464292871659639,8573800373938698102,1,1,skt,0.686303939723247
948515507813699733,5932668873100475470,300471914551172981,1,1,skt,0.7223154310776903
948515507813699733,5237822943399727048,8573800373938698102,1,1,skt,0.6898488333762471
958813039069687279,300471914551172981,300471914551172981,1,1,skt,0.6821806352515032
958813039069687279,8573800373938698102,8573800373938698102,1,1,skt,0.6271244374648073
958813039069687279,2014268979504181100,300471914551172981,1,1,skt,0.6674760976882969
958813039069687279,2172169907340938753,300471914551172981,1,1,skt,0.6686031047348957
958813039069687279,8150806168444344502,300471914551172981,1,1,skt,0.6907936707627378
958813039069687279,816286915455981984,8573800373938698102,1,1,skt,0.6787333721882892
958813039069687279,1962751598315765836,300471914551172981,1,1,skt,0.6953879913461025
958813039069687279,7444476343858270082,300471914551172981,1,1,skt,0.6992761859573755
958813039069687279,2537821716777940730,300471914551172981,1,1,skt,0.7000771001943514
958813039069687279,1061301253559417093,300471914551172981,1,1,skt,0.6814915876378714
958813039069687279,8553379303363759508,300471914551172981,1,1,skt,0.6738600719440675
958813039069687279,6440511557387709110,300471914551172981,1,1,skt,0.6982064068095648
958813039069687279,7744513373483970787,8573800373938698102,1,1,skt,0.6325302543889512
958813039069687279,2971078979906996375,300471914551172981,1,1,skt,0.68875464155301
958813039069687279,5841359775533910823,300471914551172981,0,1,skt,0.6602467036777954
958813039069687279,8621262567927479011,300471914551172981,1,1,skt,0.6972685801182213
958813039069687279,8434961942249729798,8573800373938698102,1,1,skt,0.6650808743284707
958813039069687279,2322042198017538996,8573800373938698102,1,1,skt,0.6671295251005437
958813039069687279,1742185772413642127,300471914551172981,1,1,skt,0.7031359375173725
958813039069687279,2334639155148655290,8573800373938698102,1,1,skt,0.6733073325738195
958813039069687279,7660717256841499384,300471914551172981,1,1,skt,0.7167388910093319
958813039069687279,4113615466659810841,300471914551172981,1,1,skt,0.7022733114788525
958813039069687279,6125574002232610732,300471914551172981,1,1,skt,0.6685327232289726
958813039069687279,2774368076249802464,8573800373938698102,1,1,skt,0.661036086140924
958813039069687279,8903365289186067945,8573800373938698102,1,1,skt,0.6638770363390836
958813039069687279,6925932688889117475,300471914551172981,1,1,skt,0.7204001343565859
958813039069687279,8194071366621068887,8573800373938698102,1,1,skt,0.642074315411306
958813039069687279,2986660907093963186,300471914551172981,1,1,skt,0.7257425359616075
958813039069687279,7591109345808921544,300471914551172981,1,1,skt,0.7026052615993992
958813039069687279,625545550176685521,8573800373938698102,1,1,skt,0.6750515944152915
958813039069687279,1761868641361943332,8573800373938698102,1,1,skt,0.6825995462811933
958813039069687279,4824259625677886603,300471914551172981,1,1,skt,0.6988752720524406
958813039069687279,8450591260754163598,8573800373938698102,1,1,skt,0.6613918451996871
958813039069687279,1553079256999111676,300471914551172981,1,1,skt,0.7067694665410957
958813039069687279,3220231712819306119,8573800373938698102,1,1,skt,0.6682571229690227
958813039069687279,338807275221326836,300471914551172981,1,1,skt,0.6949841548662892
958813039069687279,8525319303741530302,8573800373938698102,1,1,skt,0.6691015574691048
958813039069687279,6587421150596252277,300471914551172981,1,1,skt,0.7084124405589232
958813039069687279,5891620578387310353,300471914551172981,1,1,skt,0.6918781302992284
958813039069687279,5791250638486922978,300471914551172981,1,1,skt,0.7127887718496443
958813039069687279,4031585874086886353,8573800373938698102,1,1,skt,0.6837682700806654
958813039069687279,2083452711903133430,8573800373938698102,1,1,skt,0.705324804603913
958813039069687279,6319743179241711738,8573800373938698102,1,1,skt,0.6856197118875641
958813039069687279,8628686323660025649,300471914551172981,1,1,skt,0.7119427039255981
958813039069687279,4378721629787482518,300471914551172981,1,1,skt,0.717833871292165
958813039069687279,4813462692425748605,300471914551172981,1,1,skt,0.6831439625142214
958813039069687279,4644364625800006675,300471914551172981,1,1,skt,0.7012761819409904
958813039069687279,1062464292871659639,8573800373938698102,1,1,skt,0.686303939723247
958813039069687279,5932668873100475470,300471914551172981,1,1,skt,0.7223154310776903
958813039069687279,5237822943399727048,8573800373938698102,1,1,skt,0.6898488333762471
1008649928653191505,300471914551172981,300471914551172981,0,1,skt,0.6821806352515032
1008649928653191505,8573800373938698102,8573800373938698102,0,1,skt,0.6271244374648073
1008649928653191505,2014268979504181100,300471914551172981,0,1,skt,0.6674760976882969
1008649928653191505,2172169907340938753,300471914551172981,0,1,skt,0.6686031047348957
1008649928653191505,8150806168444344502,300471914551172981,0,1,skt,0.6907936707627378
1008649928653191505,816286915455981984,8573800373938698102,0,1,skt,0.6787333721882892
1008649928653191505,1962751598315765836,300471914551172981,0,1,skt,0.6953879913461025
1008649928653191505,7444476343858270082,300471914551172981,1,1,skt,0.6992761859573755
1008649928653191505,2537821716777940730,300471914551172981,0,1,skt,0.7000771001943514
1008649928653191505,1061301253559417093,300471914551172981,0,1,skt,0.6814915876378714
1008649928653191505,8553379303363759508,300471914551172981,0,1,skt,0.6738600719440675
1008649928653191505,6440511557387709110,300471914551172981,0,1,skt,0.6982064068095648
1008649928653191505,7744513373483970787,8573800373938698102,0,1,skt,0.6325302543889512
1008649928653191505,2971078979906996375,300471914551172981,0,1,skt,0.68875464155301
1008649928653191505,5841359775533910823,300471914551172981,0,1,skt,0.6602467036777954
1008649928653191505,8621262567927479011,300471914551172981,0,1,skt,0.6972685801182213
1008649928653191505,8434961942249729798,8573800373938698102,1,1,skt,0.6650808743284707
1008649928653191505,2322042198017538996,8573800373938698102,0,1,skt,0.6671295251005437
1008649928653191505,1742185772413642127,300471914551172981,0,1,skt,0.7031359375173725
1008649928653191505,2334639155148655290,8573800373938698102,0,1,skt,0.6733073325738195
1008649928653191505,7660717256841499384,300471914551172981,1,1,skt,0.7167388910093319
1008649928653191505,4113615466659810841,300471914551172981,0,1,skt,0.7022733114788525
1008649928653191505,6125574002232610732,300471914551172981,1,1,skt,0.6685327232289726
1008649928653191505,2774368076249802464,8573800373938698102,0,1,skt,0.661036086140924
1008649928653191505,8903365289186067945,8573800373938698102,0,1,skt,0.6638770363390836
1008649928653191505,6925932688889117475,300471914551172981,0,1,skt,0.7204001343565859
1008649928653191505,8194071366621068887,8573800373938698102,0,1,skt,0.642074315411306
1008649928653191505,2986660907093963186,300471914551172981,0,1,skt,0.7257425359616075
1008649928653191505,7591109345808921544,300471914551172981,0,1,skt,0.7026052615993992
1008649928653191505,625545550176685521,8573800373938698102,0,1,skt,0.6750515944152915
1008649928653191505,1761868641361943332,8573800373938698102,0,1,skt,0.6825995462811933
1008649928653191505,4824259625677886603,300471914551172981,0,1,skt,0.6988752720524406
1008649928653191505,8450591260754163598,8573800373938698102,0,1,skt,0.6613918451996871
1008649928653191505,1553079256999111676,300471914551172981,0,1,skt,0.7067694665410957
1008649928653191505,3220231712819306119,8573800373938698102,0,1,skt,0.6682571229690227
1008649928653191505,338807275221326836,300471914551172981,0,1,skt,0.6949841548662892
1008649928653191505,8525319303741530302,8573800373938698102,0,1,skt,0.6691015574691048
1008649928653191505,6587421150596252277,300471914551172981,1,1,skt,0.7084124405589232
1008649928653191505,5891620578387310353,300471914551172981,0,1,skt,0.6918781302992284
1008649928653191505,5791250638486922978,300471914551172981,0,1,skt,0.7127887718496443
1008649928653191505,4031585874086886353,8573800373938698102,0,1,skt,0.6837682700806654
1008649928653191505,2083452711903133430,8573800373938698102,0,1,skt,0.705324804603913
1008649928653191505,6319743179241711738,8573800373938698102,0,1,skt,0.6856197118875641
1008649928653191505,8628686323660025649,300471914551172981,0,1,skt,0.7119427039255981
1008649928653191505,4378721629787482518,300471914551172981,1,1,skt,0.717833871292165
1008649928653191505,4813462692425748605,300471914551172981,0,1,skt,0.6831439625142214
1008649928653191505,4644364625800006675,300471914551172981,0,1,skt,0.7012761819409904
1008649928653191505,1062464292871659639,8573800373938698102,0,1,skt,0.686303939723247
1008649928653191505,5932668873100475470,300471914551172981,1,1,skt,0.7223154310776903
1008649928653191505,5237822943399727048,8573800373938698102,0,1,skt,0.6898488333762471
1072626616993255500,300471914551172981,300471914551172981,1,1,skt,0.6821806352515032
1072626616993255500,8573800373938698102,8573800373938698102,1,1,skt,0.6271244374648073
1072626616993255500,2014268979504181100,300471914551172981,0,1,skt,0.6674760976882969
1072626616993255500,2172169907340938753,300471914551172981,1,1,skt,0.6686031047348957
1072626616993255500,8150806168444344502,300471914551172981,1,1,skt,0.6907936707627378
1072626616993255500,816286915455981984,8573800373938698102,1,1,skt,0.6787333721882892
1072626616993255500,1962751598315765836,300471914551172981,1,1,skt,0.6953879913461025
1072626616993255500,7444476343858270082,300471914551172981,1,1,skt,0.6992761859573755
1072626616993255500,2537821716777940730,300471914551172981,1,1,skt,0.7000771001943514
1072626616993255500,1061301253559417093,300471914551172981,1,1,skt,0.6814915876378714
1072626616993255500,8553379303363759508,300471914551172981,1,1,skt,0.6738600719440675
1072626616993255500,6440511557387709110,300471914551172981,1,1,skt,0.6982064068095648
1072626616993255500,7744513373483970787,8573800373938698102,1,1,skt,0.6325302543889512
1072626616993255500,2971078979906996375,300471914551172981,1,1,skt,0.68875464155301
1072626616993255500,5841359775533910823,300471914551172981,1,1,skt,0.6602467036777954
1072626616993255500,8621262567927479011,300471914551172981,1,1,skt,0.6972685801182213
1072626616993255500,8434961942249729798,8573800373938698102,1,1,skt,0.6650808743284707
1072626616993255500,2322042198017538996,8573800373938698102,1,1,skt,0.6671295251005437
1072626616993255500,1742185772413642127,300471914551172981,1,1,skt,0.7031359375173725
1072626616993255500,2334639155148655290,8573800373938698102,1,1,skt,0.6733073325738195
1072626616993255500,7660717256841499384,300471914551172981,1,1,skt,0.7167388910093319
1072626616993255500,4113615466659810841,300471914551172981,1,1,skt,0.7022733114788525
1072626616993255500,6125574002232610732,300471914551172981,1,1,skt,0.6685327232289726
1072626616993255500,2774368076249802464,8573800373938698102,1,1,skt,0.661036086140924
1072626616993255500,8903365289186067945,8573800373938698102,1,1,skt,0.6638770363390836
1072626616993255500,6925932688889117475,300471914551172981,1,1,skt,0.7204001343565859
1072626616993255500,8194071366621068887,8573800373938698102,1,1,skt,0.642074315411306
1072626616993255500,2986660907093963186,300471914551172981,1,1,skt,0.7257425359616075
1072626616993255500,7591109345808921544,300471914551172981,1,1,skt,0.7026052615993992
1072626616993255500,625545550176685521,8573800373938698102,1,1,skt,0.6750515944152915
1072626616993255500,1761868641361943332,8573800373938698102,1,1,skt,0.6825995462811933
1072626616993255500,4824259625677886603,300471914551172981,1,1,skt,0.6988752720524406
1072626616993255500,8450591260754163598,8573800373938698102,1,1,skt,0.6613918451996871
1072626616993255500,1553079256999111676,300471914551172981,1,1,skt,0.7067694665410957
1072626616993255500,3220231712819306119,8573800373938698102,1,1,skt,0.6682571229690227
1072626616993255500,338807275221326836,300471914551172981,1,1,skt,0.6949841548662892
1072626616993255500,8525319303741530302,8573800373938698102,1,1,skt,0.6691015574691048
1072626616993255500,6587421150596252277,300471914551172981,1,1,skt,0.7084124405589232
1072626616993255500,5891620578387310353,300471914551172981,1,1,skt,0.6918781302992284
1072626616993255500,5791250638486922978,300471914551172981,1,1,skt,0.7127887718496443
1072626616993255500,4031585874086886353,8573800373938698102,1,1,skt,0.6837682700806654
1072626616993255500,2083452711903133430,8573800373938698102,1,1,skt,0.705324804603913
1072626616993255500,6319743179241711738,8573800373938698102,1,1,skt,0.6856197118875641
1072626616993255500,8628686323660025649,300471914551172981,1,1,skt,0.7119427039255981
1072626616993255500,4378721629787482518,300471914551172981,1,1,skt,0.717833871292165
1072626616993255500,4813462692425748605,300471914551172981,1,1,skt,0.6831439625142214
1072626616993255500,4644364625800006675,300471914551172981,1,1,skt,0.7012761819409904
1072626616993255500,1062464292871659639,8573800373938698102,1,1,skt,0.686303939723247
1072626616993255500,5932668873100475470,300471914551172981,1,1,skt,0.7223154310776903
1072626616993255500,5237822943399727048,8573800373938698102,1,1,skt,0.6898488333762471
1073629390141817738,300471914551172981,300471914551172981,1,1,skt,0.6821806352515032
1073629390141817738,8573800373938698102,8573800373938698102,0,1,skt,0.6271244374648073
1073629390141817738,2014268979504181100,300471914551172981,0,1,skt,0.6674760976882969
1073629390141817738,2172169907340938753,300471914551172981,1,1,skt,0.6686031047348957
1073629390141817738,8150806168444344502,300471914551172981,1,1,skt,0.6907936707627378
1073629390141817738,816286915455981984,8573800373938698102,1,1,skt,0.6787333721882892
1073629390141817738,1962751598315765836,300471914551172981,0,1,skt,0.6953879913461025
1073629390141817738,7444476343858270082,300471914551172981,0,1,skt,0.6992761859573755
1073629390141817738,2537821716777940730,300471914551172981,0,1,skt,0.7000771001943514
1073629390141817738,1061301253559417093,300471914551172981,1,1,skt,0.6814915876378714
1073629390141817738,8553379303363759508,300471914551172981,0,1,skt,0.6738600719440675
1073629390141817738,6440511557387709110,300471914551172981,0,1,skt,0.6982064068095648
1073629390141817738,7744513373483970787,8573800373938698102,0,1,skt,0.6325302543889512
1073629390141817738,2971078979906996375,300471914551172981,1,1,skt,0.68875464155301
1073629390141817738,5841359775533910823,300471914551172981,0,1,skt,0.6602467036777954
1073629390141817738,8621262567927479011,300471914551172981,1,1,skt,0.6972685801182213
1073629390141817738,8434961942249729798,8573800373938698102,0,1,skt,0.6650808743284707
1073629390141817738,2322042198017538996,8573800373938698102,1,1,skt,0.6671295251005437
1073629390141817738,1742185772413642127,300471914551172981,1,1,skt,0.7031359375173725
1073629390141817738,2334639155148655290,8573800373938698102,1,1,skt,0.6733073325738195
1073629390141817738,7660717256841499384,300471914551172981,0,1,skt,0.7167388910093319
1073629390141817738,4113615466659810841,300471914551172981,0,1,skt,0.7022733114788525
1073629390141817738,6125574002232610732,300471914551172981,0,1,skt,0.6685327232289726
1073629390141817738,2774368076249802464,8573800373938698102,1,1,skt,0.661036086140924
1073629390141817738,8903365289186067945,8573800373938698102,0,1,skt,0.6638770363390836
1073629390141817738,6925932688889117475,300471914551172981,1,1,skt,0.7204001343565859
1073629390141817738,8194071366621068887,8573800373938698102,0,1,skt,0.642074315411306
1073629390141817738,2986660907093963186,300471914551172981,1,1,skt,0.7257425359616075
1073629390141817738,7591109345808921544,300471914551172981,1,1,skt,0.7026052615993992
1073629390141817738,625545550176685521,8573800373938698102,0,1,skt,0.6750515944152915
1073629390141817738,1761868641361943332,8573800373938698102,0,1,skt,0.6825995462811933
1073629390141817738,4824259625677886603,300471914551172981,1,1,skt,0.6988752720524406
1073629390141817738,8450591260754163598,8573800373938698102,1,1,skt,0.6613918451996871
1073629390141817738,1553079256999111676,300471914551172981,0,1,skt,0.7067694665410957
1073629390141817738,3220231712819306119,8573800373938698102,1,1,skt,0.6682571229690227
1073629390141817738,338807275221326836,300471914551172981,0,1,skt,0.6949841548662892
1073629390141817738,8525319303741530302,8573800373938698102,1,1,skt,0.6691015574691048
1073629390141817738,6587421150596252277,300471914551172981,1,1,skt,0.7084124405589232
1073629390141817738,5891620578387310353,300471914551172981,0,1,skt,0.6918781302992284
1073629390141817738,5791250638486922978,300471914551172981,1,1,skt,0.7127887718496443
1073629390141817738,4031585874086886353,8573800373938698102,1,1,skt,0.6837682700806654
1073629390141817738,2083452711903133430,8573800373938698102,1,1,skt,0.705324804603913
1073629390141817738,6319743179241711738,8573800373938698102,1,1,skt,0.6856197118875641
1073629390141817738,8628686323660025649,300471914551172981,1,1,skt,0.7119427039255981
1073629390141817738,4378721629787482518,300471914551172981,1,1,skt,0.717833871292165
1073629390141817738,4813462692425748605,300471914551172981,0,1,skt,0.6831439625142214
1073629390141817738,4644364625800006675,300471914551172981,0,1,skt,0.7012761819409904
1073629390141817738,1062464292871659639,8573800373938698102,0,1,skt,0.686303939723247
1073629390141817738,5932668873100475470,300471914551172981,1,1,skt,0.7223154310776903
1073629390141817738,5237822943399727048,8573800373938698102,1,1,skt,0.6898488333762471
1081461703883789378,300471914551172981,300471914551172981,0,1,skt,0.6821806352515032
1081461703883789378,8573800373938698102,8573800373938698102,1,1,skt,0.6271244374648073
1081461703883789378,2014268979504181100,300471914551172981,0,1,skt,0.6674760976882969
1081461703883789378,2172169907340938753,300471914551172981,0,1,skt,0.6686031047348957
1081461703883789378,8150806168444344502,300471914551172981,0,1,skt,0.6907936707627378
1081461703883789378,816286915455981984,8573800373938698102,1,1,skt,0.6787333721882892
1081461703883789378,1962751598315765836,300471914551172981,0,1,skt,0.6953879913461025
1081461703883789378,7444476343858270082,300471914551172981,0,1,skt,0.6992761859573755
1081461703883789378,2537821716777940730,300471914551172981,0,1,skt,0.7000771001943514
1081461703883789378,1061301253559417093,300471914551172981,0,1,skt,0.6814915876378714
1081461703883789378,8553379303363759508,300471914551172981,0,1,skt,0.6738600719440675
1081461703883789378,6440511557387709110,300471914551172981,0,1,skt,0.6982064068095648
1081461703883789378,7744513373483970787,8573800373938698102,1,1,skt,0.6325302543889512
1081461703883789378,2971078979906996375,300471914551172981,0,1,skt,0.68875464155301
1081461703883789378,5841359775533910823,300471914551172981,1,1,skt,0.6602467036777954
1081461703883789378,8621262567927479011,300471914551172981,0,1,skt,0.6972685801182213
1081461703883789378,8434961942249729798,8573800373938698102,1,1,skt,0.6650808743284707
1081461703883789378,2322042198017538996,8573800373938698102,1,1,skt,0.6671295251005437
1081461703883789378,1742185772413642127,300471914551172981,0,1,skt,0.7031359375173725
1081461703883789378,2334639155148655290,8573800373938698102,1,1,skt,0.6733073325738195
1081461703883789378,7660717256841499384,300471914551172981,0,1,skt,0.7167388910093319
1081461703883789378,4113615466659810841,300471914551172981,0,1,skt,0.7022733114788525
1081461703883789378,6125574002232610732,300471914551172981,0,1,skt,0.6685327232289726
1081461703883789378,2774368076249802464,8573800373938698102,1,1,skt,0.661036086140924
1081461703883789378,8903365289186067945,8573800373938698102,1,1,skt,0.6638770363390836
1081461703883789378,6925932688889117475,300471914551172981,0,1,skt,0.7204001343565859
1081461703883789378,8194071366621068887,8573800373938698102,1,1,skt,0.642074315411306
1081461703883789378,2986660907093963186,300471914551172981,0,1,skt,0.7257425359616075
1081461703883789378,7591109345808921544,300471914551172981,0,1,skt,0.7026052615993992
1081461703883789378,625545550176685521,8573800373938698102,1,1,skt,0.6750515944152915
1081461703883789378,1761868641361943332,8573800373938698102,1,1,skt,0.6825995462811933
1081461703883789378,4824259625677886603,300471914551172981,0,1,skt,0.6988752720524406
1081461703883789378,8450591260754163598,8573800373938698102,1,1,skt,0.6613918451996871
1081461703883789378,1553079256999111676,300471914551172981,0,1,skt,0.7067694665410957
1081461703883789378,3220231712819306119,8573800373938698102,1,1,skt,0.6682571229690227
1081461703883789378,338807275221326836,300471914551172981,1,1,skt,0.6949841548662892
1081461703883789378,8525319303741530302,8573800373938698102,1,1,skt,0.6691015574691048
1081461703883789378,6587421150596252277,300471914551172981,0,1,skt,0.7084124405589232
1081461703883789378,5891620578387310353,300471914551172981,0,1,skt,0.6918781302992284
1081461703883789378,5791250638486922978,300471914551172981,0,1,skt,0.7127887718496443
1081461703883789378,4031585874086886353,8573800373938698102,1,1,skt,0.6837682700806654
1081461703883789378,2083452711903133430,8573800373938698102,1,1,skt,0.705324804603913
1081461703883789378,6319743179241711738,8573800373938698102,1,1,skt,0.6856197118875641
1081461703883789378,8628686323660025649,300471914551172981,0,1,skt,0.7119427039255981
1081461703883789378,4378721629787482518,300471914551172981,0,1,skt,0.717833871292165
1081461703883789378,4813462692425748605,300471914551172981,0,1,skt,0.6831439625142214
1081461703883789378,4644364625800006675,300471914551172981,0,1,skt,0.7012761819409904
1081461703883789378,1062464292871659639,8573800373938698102,1,1,skt,0.686303939723247
1081461703883789378,5932668873100475470,300471914551172981,1,1,skt,0.7223154310776903
1081461703883789378,5237822943399727048,8573800373938698102,1,1,skt,0.6898488333762471
1083012887492014885,300471914551172981,300471914551172981,0,1,skt,0.6821806352515032
1083012887492014885,8573800373938698102,8573800373938698102,1,1,skt,0.6271244374648073
1083012887492014885,2014268979504181100,300471914551172981,0,1,skt,0.6674760976882969
1083012887492014885,2172169907340938753,300471914551172981,0,1,skt,0.6686031047348957
1083012887492014885,8150806168444344502,300471914551172981,0,1,skt,0.6907936707627378
1083012887492014885,816286915455981984,8573800373938698102,1,1,skt,0.6787333721882892
1083012887492014885,1962751598315765836,300471914551172981,1,1,skt,0.6953879913461025
1083012887492014885,7444476343858270082,300471914551172981,0,1,skt,0.6992761859573755
1083012887492014885,2537821716777940730,300471914551172981,0,1,skt,0.7000771001943514
1083012887492014885,1061301253559417093,300471914551172981,0,1,skt,0.6814915876378714
1083012887492014885,8553379303363759508,300471914551172981,0,1,skt,0.6738600719440675
1083012887492014885,6440511557387709110,300471914551172981,0,1,skt,0.6982064068095648
1083012887492014885,7744513373483970787,8573800373938698102,0,1,skt,0.6325302543889512
1083012887492014885,2971078979906996375,300471914551172981,0,1,skt,0.68875464155301
1083012887492014885,5841359775533910823,300471914551172981,0,1,skt,0.6602467036777954
1083012887492014885,8621262567927479011,300471914551172981,0,1,skt,0.6972685801182213
1083012887492014885,8434961942249729798,8573800373938698102,1,1,skt,0.6650808743284707
1083012887492014885,2322042198017538996,8573800373938698102,1,1,skt,0.6671295251005437
1083012887492014885,1742185772413642127,300471914551172981,0,1,skt,0.7031359375173725
1083012887492014885,2334639155148655290,8573800373938698102,1,1,skt,0.6733073325738195
1083012887492014885,7660717256841499384,300471914551172981,0,1,skt,0.7167388910093319
1083012887492014885,4113615466659810841,300471914551172981,0,1,skt,0.7022733114788525
1083012887492014885,6125574002232610732,300471914551172981,0,1,skt,0.6685327232289726
1083012887492014885,2774368076249802464,8573800373938698102,1,1,skt,0.661036086140924
1083012887492014885,8903365289186067945,8573800373938698102,1,1,skt,0.6638770363390836
1083012887492014885,6925932688889117475,300471914551172981,1,1,skt,0.7204001343565859
1083012887492014885,8194071366621068887,8573800373938698102,1,1,skt,0.642074315411306
1083012887492014885,2986660907093963186,300471914551172981,0,1,skt,0.7257425359616075
1083012887492014885,7591109345808921544,300471914551172981,0,1,skt,0.7026052615993992
1083012887492014885,625545550176685521,8573800373938698102,1,1,skt,0.6750515944152915
1083012887492014885,1761868641361943332,8573800373938698102,1,1,skt,0.6825995462811933
1083012887492014885,4824259625677886603,300471914551172981,0,1,skt,0.6988752720524406
1083012887492014885,8450591260754163598,8573800373938698102,1,1,skt,0.6613918451996871
1083012887492014885,1553079256999111676,300471914551172981,0,1,skt,0.7067694665410957
1083012887492014885,3220231712819306119,8573800373938698102,1,1,skt,0.6682571229690227
1083012887492014885,338807275221326836,300471914551172981,1,1,skt,0.6949841548662892
1083012887492014885,8525319303741530302,8573800373938698102,1,1,skt,0.6691015574691048
1083012887492014885,6587421150596252277,300471914551172981,0,1,skt,0.7084124405589232
1083012887492014885,5891620578387310353,300471914551172981,0,1,skt,0.6918781302992284
1083012887492014885,5791250638486922978,300471914551172981,0,1,skt,0.7127887718496443
1083012887492014885,4031585874086886353,8573800373938698102,1,1,skt,0.6837682700806654
1083012887492014885,2083452711903133430,8573800373938698102,1,1,skt,0.705324804603913
1083012887492014885,6319743179241711738,8573800373938698102,1,1,skt,0.6856197118875641
1083012887492014885,8628686323660025649,300471914551172981,0,1,skt,0.7119427039255981
1083012887492014885,4378721629787482518,300471914551172981,0,1,skt,0.717833871292165
1083012887492014885,4813462692425748605,300471914551172981,0,1,skt,0.6831439625142214
1083012887492014885,4644364625800006675,300471914551172981,0,1,skt,0.7012761819409904
1083012887492014885,1062464292871659639,8573800373938698102,1,1,skt,0.686303939723247
1083012887492014885,5932668873100475470,300471914551172981,0,1,skt,0.7223154310776903
1083012887492014885,5237822943399727048,8573800373938698102,1,1,skt,0.6898488333762471
1121364116392304820,300471914551172981,300471914551172981,1,1,skt,0.6821806352515032
1121364116392304820,8573800373938698102,8573800373938698102,1,1,skt,0.6271244374648073
1121364116392304820,2014268979504181100,300471914551172981,0,1,skt,0.6674760976882969
1121364116392304820,2172169907340938753,300471914551172981,0,1,skt,0.6686031047348957
1121364116392304820,8150806168444344502,300471914551172981,0,1,skt,0.6907936707627378
1121364116392304820,816286915455981984,8573800373938698102,0,1,skt,0.6787333721882892
1121364116392304820,1962751598315765836,300471914551172981,1,1,skt,0.6953879913461025
1121364116392304820,7444476343858270082,300471914551172981,1,1,skt,0.6992761859573755
1121364116392304820,2537821716777940730,300471914551172981,1,1,skt,0.7000771001943514
1121364116392304820,1061301253559417093,300471914551172981,0,1,skt,0.6814915876378714
1121364116392304820,8553379303363759508,300471914551172981,1,1,skt,0.6738600719440675
1121364116392304820,6440511557387709110,300471914551172981,0,1,skt,0.6982064068095648
1121364116392304820,7744513373483970787,8573800373938698102,1,1,skt,0.6325302543889512
1121364116392304820,2971078979906996375,300471914551172981,1,1,skt,0.68875464155301
1121364116392304820,5841359775533910823,300471914551172981,0,1,skt,0.6602467036777954
1121364116392304820,8621262567927479011,300471914551172981,1,1,skt,0.6972685801182213
1121364116392304820,8434961942249729798,8573800373938698102,0,1,skt,0.6650808743284707
1121364116392304820,2322042198017538996,8573800373938698102,1,1,skt,0.6671295251005437
1121364116392304820,1742185772413642127,300471914551172981,1,1,skt,0.7031359375173725
1121364116392304820,2334639155148655290,8573800373938698102,1,1,skt,0.6733073325738195
1121364116392304820,7660717256841499384,300471914551172981,1,1,skt,0.7167388910093319
1121364116392304820,4113615466659810841,300471914551172981,0,1,skt,0.7022733114788525
1121364116392304820,6125574002232610732,300471914551172981,0,1,skt,0.6685327232289726
1121364116392304820,2774368076249802464,8573800373938698102,1,1,skt,0.661036086140924
1121364116392304820,8903365289186067945,8573800373938698102,0,1,skt,0.6638770363390836
1121364116392304820,6925932688889117475,300471914551172981,1,1,skt,0.7204001343565859
1121364116392304820,8194071366621068887,8573800373938698102,1,1,skt,0.642074315411306
1121364116392304820,2986660907093963186,300471914551172981,1,1,skt,0.7257425359616075
1121364116392304820,7591109345808921544,300471914551172981,1,1,skt,0.7026052615993992
1121364116392304820,625545550176685521,8573800373938698102,1,1,skt,0.6750515944152915
1121364116392304820,1761868641361943332,8573800373938698102,1,1,skt,0.6825995462811933
1121364116392304820,4824259625677886603,300471914551172981,1,1,skt,0.6988752720524406
1121364116392304820,8450591260754163598,8573800373938698102,0,1,skt,0.6613918451996871
1121364116392304820,1553079256999111676,300471914551172981,1,1,skt,0.7067694665410957
1121364116392304820,3220231712819306119,8573800373938698102,1,1,skt,0.6682571229690227
1121364116392304820,338807275221326836,300471914551172981,0,1,skt,0.6949841548662892
1121364116392304820,8525319303741530302,8573800373938698102,1,1,skt,0.6691015574691048
1121364116392304820,6587421150596252277,300471914551172981,0,1,skt,0.7084124405589232
1121364116392304820,5891620578387310353,300471914551172981,1,1,skt,0.6918781302992284
1121364116392304820,5791250638486922978,300471914551172981,1,1,skt,0.7127887718496443
1121364116392304820,4031585874086886353,8573800373938698102,1,1,skt,0.6837682700806654
1121364116392304820,2083452711903133430,8573800373938698102,1,1,skt,0.705324804603913
1121364116392304820,6319743179241711738,8573800373938698102,1,1,skt,0.6856197118875641
1121364116392304820,8628686323660025649,300471914551172981,1,1,skt,0.7119427039255981
1121364116392304820,4378721629787482518,300471914551172981,1,1,skt,0.717833871292165
1121364116392304820,4813462692425748605,300471914551172981,0,1,skt,0.6831439625142214
1121364116392304820,4644364625800006675,300471914551172981,1,1,skt,0.7012761819409904
1121364116392304820,1062464292871659639,8573800373938698102,1,1,skt,0.686303939723247
1121364116392304820,5932668873100475470,300471914551172981,0,1,skt,0.7223154310776903
1121364116392304820,5237822943399727048,8573800373938698102,0,1,skt,0.6898488333762471
1121940775251872465,300471914551172981,300471914551172981,0,1,skt,0.6821806352515032
1121940775251872465,8573800373938698102,8573800373938698102,1,1,skt,0.6271244374648073
1121940775251872465,2014268979504181100,300471914551172981,0,1,skt,0.6674760976882969
1121940775251872465,2172169907340938753,300471914551172981,1,1,skt,0.6686031047348957
1121940775251872465,8150806168444344502,300471914551172981,0,1,skt,0.6907936707627378
1121940775251872465,816286915455981984,8573800373938698102,1,1,skt,0.6787333721882892
1121940775251872465,1962751598315765836,300471914551172981,1,1,skt,0.6953879913461025
1121940775251872465,7444476343858270082,300471914551172981,0,1,skt,0.6992761859573755
1121940775251872465,2537821716777940730,300471914551172981,0,1,skt,0.7000771001943514
1121940775251872465,1061301253559417093,300471914551172981,1,1,skt,0.6814915876378714
1121940775251872465,8553379303363759508,300471914551172981,1,1,skt,0.6738600719440675
1121940775251872465,6440511557387709110,300471914551172981,0,1,skt,0.6982064068095648
1121940775251872465,7744513373483970787,8573800373938698102,1,1,skt,0.6325302543889512
1121940775251872465,2971078979906996375,300471914551172981,0,1,skt,0.68875464155301
1121940775251872465,5841359775533910823,300471914551172981,0,1,skt,0.6602467036777954
1121940775251872465,8621262567927479011,300471914551172981,0,1,skt,0.6972685801182213
1121940775251872465,8434961942249729798,8573800373938698102,1,1,skt,0.6650808743284707
1121940775251872465,2322042198017538996,8573800373938698102,1,1,skt,0.6671295251005437
1121940775251872465,1742185772413642127,300471914551172981,1,1,skt,0.7031359375173725
1121940775251872465,2334639155148655290,8573800373938698102,1,1,skt,0.6733073325738195
1121940775251872465,7660717256841499384,300471914551172981,1,1,skt,0.7167388910093319
1121940775251872465,4113615466659810841,300471914551172981,0,1,skt,0.7022733114788525
1121940775251872465,6125574002232610732,300471914551172981,0,1,skt,0.6685327232289726
1121940775251872465,2774368076249802464,8573800373938698102,1,1,skt,0.661036086140924
1121940775251872465,8903365289186067945,8573800373938698102,1,1,skt,0.6638770363390836
1121940775251872465,6925932688889117475,300471914551172981,1,1,skt,0.7204001343565859
1121940775251872465,8194071366621068887,8573800373938698102,1,1,skt,0.642074315411306
1121940775251872465,2986660907093963186,300471914551172981,1,1,skt,0.7257425359616075
1121940775251872465,7591109345808921544,300471914551172981,1,1,skt,0.7026052615993992
1121940775251872465,625545550176685521,8573800373938698102,1,1,skt,0.6750515944152915
1121940775251872465,1761868641361943332,8573800373938698102,1,1,skt,0.6825995462811933
1121940775251872465,4824259625677886603,300471914551172981,1,1,skt,0.6988752720524406
1121940775251872465,8450591260754163598,8573800373938698102,1,1,skt,0.6613918451996871
1121940775251872465,1553079256999111676,300471914551172981,1,1,skt,0.7067694665410957
1121940775251872465,3220231712819306119,8573800373938698102,1,1,skt,0.6682571229690227
1121940775251872465,338807275221326836,300471914551172981,0,1,skt,0.6949841548662892
1121940775251872465,8525319303741530302,8573800373938698102,1,1,skt,0.6691015574691048
1121940775251872465,6587421150596252277,300471914551172981,1,1,skt,0.7084124405589232
1121940775251872465,5891620578387310353,300471914551172981,0,1,skt,0.6918781302992284
1121940775251872465,5791250638486922978,300471914551172981,1,1,skt,0.7127887718496443
1121940775251872465,4031585874086886353,8573800373938698102,1,1,skt,0.6837682700806654
1121940775251872465,2083452711903133430,8573800373938698102,1,1,skt,0.705324804603913
1121940775251872465,6319743179241711738,8573800373938698102,1,1,skt,0.6856197118875641
1121940775251872465,8628686323660025649,300471914551172981,0,1,skt,0.7119427039255981
1121940775251872465,4378721629787482518,300471914551172981,1,1,skt,0.717833871292165
1121940775251872465,4813462692425748605,300471914551172981,1,1,skt,0.6831439625142214
1121940775251872465,4644364625800006675,300471914551172981,1,1,skt,0.7012761819409904
1121940775251872465,1062464292871659639,8573800373938698102,0,1,skt,0.686303939723247
1121940775251872465,5932668873100475470,300471914551172981,1,1,skt,0.7223154310776903
1121940775251872465,5237822943399727048,8573800373938698102,1,1,skt,0.6898488333762471
1252546747542146942,300471914551172981,300471914551172981,1,1,skt,0.6821806352515032
1252546747542146942,8573800373938698102,8573800373938698102,1,1,skt,0.6271244374648073
1252546747542146942,2014268979504181100,300471914551172981,1,1,skt,0.6674760976882969
1252546747542146942,2172169907340938753,300471914551172981,1,1,skt,0.6686031047348957
1252546747542146942,8150806168444344502,300471914551172981,1,1,skt,0.6907936707627378
1252546747542146942,816286915455981984,8573800373938698102,1,1,skt,0.6787333721882892
1252546747542146942,1962751598315765836,300471914551172981,1,1,skt,0.6953879913461025
1252546747542146942,7444476343858270082,300471914551172981,1,1,skt,0.6992761859573755
1252546747542146942,2537821716777940730,300471914551172981,1,1,skt,0.7000771001943514
1252546747542146942,1061301253559417093,300471914551172981,1,1,skt,0.6814915876378714
1252546747542146942,8553379303363759508,300471914551172981,1,1,skt,0.6738600719440675
1252546747542146942,6440511557387709110,300471914551172981,1,1,skt,0.6982064068095648
1252546747542146942,7744513373483970787,8573800373938698102,0,1,skt,0.6325302543889512
1252546747542146942,2971078979906996375,300471914551172981,1,1,skt,0.68875464155301
1252546747542146942,5841359775533910823,300471914551172981,1,1,skt,0.6602467036777954
1252546747542146942,8621262567927479011,300471914551172981,1,1,skt,0.6972685801182213
1252546747542146942,8434961942249729798,8573800373938698102,0,1,skt,0.6650808743284707
1252546747542146942,2322042198017538996,8573800373938698102,0,1,skt,0.6671295251005437
1252546747542146942,1742185772413642127,300471914551172981,1,1,skt,0.7031359375173725
1252546747542146942,2334639155148655290,8573800373938698102,0,1,skt,0.6733073325738195
1252546747542146942,7660717256841499384,300471914551172981,1,1,skt,0.7167388910093319
1252546747542146942,4113615466659810841,300471914551172981,1,1,skt,0.7022733114788525
1252546747542146942,6125574002232610732,300471914551172981,1,1,skt,0.6685327232289726
1252546747542146942,2774368076249802464,8573800373938698102,1,1,skt,0.661036086140924
1252546747542146942,8903365289186067945,8573800373938698102,0,1,skt,0.6638770363390836
1252546747542146942,6925932688889117475,300471914551172981,1,1,skt,0.7204001343565859
1252546747542146942,8194071366621068887,8573800373938698102,0,1,skt,0.642074315411306
1252546747542146942,2986660907093963186,300471914551172981,1,1,skt,0.7257425359616075
1252546747542146942,7591109345808921544,300471914551172981,1,1,skt,0.7026052615993992
1252546747542146942,625545550176685521,8573800373938698102,0,1,skt,0.6750515944152915
1252546747542146942,1761868641361943332,8573800373938698102,1,1,skt,0.6825995462811933
1252546747542146942,4824259625677886603,300471914551172981,1,1,skt,0.6988752720524406
1252546747542146942,8450591260754163598,8573800373938698102,0,1,skt,0.6613918451996871
1252546747542146942,1553079256999111676,300471914551172981,1,1,skt,0.7067694665410957
1252546747542146942,3220231712819306119,8573800373938698102,0,1,skt,0.6682571229690227
1252546747542146942,338807275221326836,300471914551172981,1,1,skt,0.6949841548662892
1252546747542146942,8525319303741530302,8573800373938698102,0,1,skt,0.6691015574691048
1252546747542146942,6587421150596252277,300471914551172981,1,1,skt,0.7084124405589232
1252546747542146942,5891620578387310353,300471914551172981,1,1,skt,0.6918781302992284
1252546747542146942,5791250638486922978,300471914551172981,1,1,skt,0.7127887718496443
1252546747542146942,4031585874086886353,8573800373938698102,0,1,skt,0.6837682700806654
1252546747542146942,2083452711903133430,8573800373938698102,1,1,skt,0.705324804603913
1252546747542146942,6319743179241711738,8573800373938698102,0,1,skt,0.6856197118875641
1252546747542146942,8628686323660025649,300471914551172981,1,1,skt,0.7119427039255981
1252546747542146942,4378721629787482518,300471914551172981,1,1,skt,0.717833871292165
1252546747542146942,4813462692425748605,300471914551172981,1,1,skt,0.6831439625142214
1252546747542146942,4644364625800006675,300471914551172981,1,1,skt,0.7012761819409904
1252546747542146942,1062464292871659639,8573800373938698102,0,1,skt,0.686303939723247
1252546747542146942,5932668873100475470,300471914551172981,1,1,skt,0.7223154310776903
1252546747542146942,5237822943399727048,8573800373938698102,1,1,skt,0.6898488333762471
1257891084249187722,300471914551172981,300471914551172981,1,1,skt,0.6821806352515032
1257891084249187722,8573800373938698102,8573800373938698102,0,1,skt,0.6271244374648073
1257891084249187722,2014268979504181100,300471914551172981,0,1,skt,0.6674760976882969
1257891084249187722,2172169907340938753,300471914551172981,0,1,skt,0.6686031047348957
1257891084249187722,8150806168444344502,300471914551172981,1,1,skt,0.6907936707627378
1257891084249187722,816286915455981984,8573800373938698102,0,1,skt,0.6787333721882892
1257891084249187722,1962751598315765836,300471914551172981,0,1,skt,0.6953879913461025
1257891084249187722,7444476343858270082,300471914551172981,1,1,skt,0.6992761859573755
1257891084249187722,2537821716777940730,300471914551172981,1,1,skt,0.7000771001943514
1257891084249187722,1061301253559417093,300471914551172981,0,1,skt,0.6814915876378714
1257891084249187722,8553379303363759508,300471914551172981,0,1,skt,0.6738600719440675
1257891084249187722,6440511557387709110,300471914551172981,1,1,skt,0.6982064068095648
1257891084249187722,7744513373483970787,8573800373938698102,0,1,skt,0.6325302543889512
1257891084249187722,2971078979906996375,300471914551172981,1,1,skt,0.68875464155301
1257891084249187722,5841359775533910823,300471914551172981,1,1,skt,0.6602467036777954
1257891084249187722,8621262567927479011,300471914551172981,1,1,skt,0.6972685801182213
1257891084249187722,8434961942249729798,8573800373938698102,1,1,skt,0.6650808743284707
1257891084249187722,2322042198017538996,8573800373938698102,0,1,skt,0.6671295251005437
1257891084249187722,1742185772413642127,300471914551172981,1,1,skt,0.7031359375173725
1257891084249187722,2334639155148655290,8573800373938698102,0,1,skt,0.6733073325738195
1257891084249187722,7660717256841499384,300471914551172981,1,1,skt,0.7167388910093319
1257891084249187722,4113615466659810841,300471914551172981,1,1,skt,0.7022733114788525
1257891084249187722,6125574002232610732,300471914551172981,1,1,skt,0.6685327232289726
1257891084249187722,2774368076249802464,8573800373938698102,0,1,skt,0.661036086140924
1257891084249187722,8903365289186067945,8573800373938698102,1,1,skt,0.6638770363390836
1257891084249187722,6925932688889117475,300471914551172981,1,1,skt,0.7204001343565859
1257891084249187722,8194071366621068887,8573800373938698102,0,1,skt,0.642074315411306
1257891084249187722,2986660907093963186,300471914551172981,0,1,skt,0.7257425359616075
1257891084249187722,7591109345808921544,300471914551172981,1,1,skt,0.7026052615993992
1257891084249187722,625545550176685521,8573800373938698102,0,1,skt,0.6750515944152915
1257891084249187722,1761868641361943332,8573800373938698102,1,1,skt,0.6825995462811933
1257891084249187722,4824259625677886603,300471914551172981,1,1,skt,0.6988752720524406
1257891084249187722,8450591260754163598,8573800373938698102,0,1,skt,0.6613918451996871
1257891084249187722,1553079256999111676,300471914551172981,0,1,skt,0.7067694665410957
1257891084249187722,3220231712819306119,8573800373938698102,0,1,skt,0.6682571229690227
1257891084249187722,338807275221326836,300471914551172981,1,1,skt,0.6949841548662892
1257891084249187722,8525319303741530302,8573800373938698102,1,1,skt,0.6691015574691048
1257891084249187722,6587421150596252277,300471914551172981,1,1,skt,0.7084124405589232
1257891084249187722,5891620578387310353,300471914551172981,1,1,skt,0.6918781302992284
1257891084249187722,5791250638486922978,300471914551172981,1,1,skt,0.7127887718496443
1257891084249187722,4031585874086886353,8573800373938698102,0,1,skt,0.6837682700806654
1257891084249187722,2083452711903133430,8573800373938698102,1,1,skt,0.705324804603913
1257891084249187722,6319743179241711738,8573800373938698102,0,1,skt,0.6856197118875641
1257891084249187722,8628686323660025649,300471914551172981,1,1,skt,0.7119427039255981
1257891084249187722,4378721629787482518,300471914551172981,1,1,skt,0.717833871292165
1257891084249187722,4813462692425748605,300471914551172981,1,1,skt,0.6831439625142214
1257891084249187722,4644364625800006675,300471914551172981,1,1,skt,0.7012761819409904
1257891084249187722,1062464292871659639,8573800373938698102,0,1,skt,0.686303939723247
1257891084249187722,5932668873100475470,300471914551172981,1,1,skt,0.7223154310776903
1257891084249187722,5237822943399727048,8573800373938698102,0,1,skt,0.6898488333762471
1292659649092941673,300471914551172981,300471914551172981,1,1,skt,0.6821806352515032
1292659649092941673,8573800373938698102,8573800373938698102,0,1,skt,0.6271244374648073
1292659649092941673,2014268979504181100,300471914551172981,1,1,skt,0.6674760976882969
1292659649092941673,2172169907340938753,300471914551172981,1,1,skt,0.6686031047348957
1292659649092941673,8150806168444344502,300471914551172981,1,1,skt,0.6907936707627378
1292659649092941673,816286915455981984,8573800373938698102,1,1,skt,0.6787333721882892
1292659649092941673,1962751598315765836,300471914551172981,1,1,skt,0.6953879913461025
1292659649092941673,7444476343858270082,300471914551172981,1,1,skt,0.6992761859573755
1292659649092941673,2537821716777940730,300471914551172981,1,1,skt,0.7000771001943514
1292659649092941673,1061301253559417093,300471914551172981,1,1,skt,0.6814915876378714
1292659649092941673,8553379303363759508,300471914551172981,1,1,skt,0.6738600719440675
1292659649092941673,6440511557387709110,300471914551172981,1,1,skt,0.6982064068095648
1292659649092941673,7744513373483970787,8573800373938698102,0,1,skt,0.6325302543889512
1292659649092941673,2971078979906996375,300471914551172981,1,1,skt,0.68875464155301
1292659649092941673,5841359775533910823,300471914551172981,1,1,skt,0.6602467036777954
1292659649092941673,8621262567927479011,300471914551172981,1,1,skt,0.6972685801182213
1292659649092941673,8434961942249729798,8573800373938698102,0,1,skt,0.6650808743284707
1292659649092941673,2322042198017538996,8573800373938698102,0,1,skt,0.6671295251005437
1292659649092941673,1742185772413642127,300471914551172981,1,1,skt,0.7031359375173725
1292659649092941673,2334639155148655290,8573800373938698102,0,1,skt,0.6733073325738195
1292659649092941673,7660717256841499384,300471914551172981,1,1,skt,0.7167388910093319
1292659649092941673,4113615466659810841,300471914551172981,1,1,skt,0.7022733114788525
1292659649092941673,6125574002232610732,300471914551172981,1,1,skt,0.6685327232289726
1292659649092941673,2774368076249802464,8573800373938698102,0,1,skt,0.661036086140924
1292659649092941673,8903365289186067945,8573800373938698102,0,1,skt,0.6638770363390836
1292659649092941673,6925932688889117475,300471914551172981,1,1,skt,0.7204001343565859
1292659649092941673,8194071366621068887,8573800373938698102,0,1,skt,0.642074315411306
1292659649092941673,2986660907093963186,300471914551172981,1,1,skt,0.7257425359616075
1292659649092941673,7591109345808921544,300471914551172981,1,1,skt,0.7026052615993992
1292659649092941673,625545550176685521,8573800373938698102,0,1,skt,0.6750515944152915
1292659649092941673,1761868641361943332,8573800373938698102,0,1,skt,0.6825995462811933
1292659649092941673,4824259625677886603,300471914551172981,1,1,skt,0.6988752720524406
1292659649092941673,8450591260754163598,8573800373938698102,0,1,skt,0.6613918451996871
1292659649092941673,1553079256999111676,300471914551172981,1,1,skt,0.7067694665410957
1292659649092941673,3220231712819306119,8573800373938698102,0,1,skt,0.6682571229690227
1292659649092941673,338807275221326836,300471914551172981,1,1,skt,0.6949841548662892
1292659649092941673,8525319303741530302,8573800373938698102,0,1,skt,0.6691015574691048
1292659649092941673,6587421150596252277,300471914551172981,1,1,skt,0.7084124405589232
1292659649092941673,5891620578387310353,300471914551172981,1,1,skt,0.6918781302992284
1292659649092941673,5791250638486922978,300471914551172981,1,1,skt,0.7127887718496443
1292659649092941673,4031585874086886353,8573800373938698102,0,1,skt,0.6837682700806654
1292659649092941673,2083452711903133430,8573800373938698102,1,1,skt,0.705324804603913
1292659649092941673,6319743179241711738,8573800373938698102,1,1,skt,0.6856197118875641
1292659649092941673,8628686323660025649,300471914551172981,1,1,skt,0.7119427039255981
1292659649092941673,4378721629787482518,300471914551172981,1,1,skt,0.717833871292165
1292659649092941673,4813462692425748605,300471914551172981,0,1,skt,0.6831439625142214
1292659649092941673,4644364625800006675,300471914551172981,1,1,skt,0.7012761819409904
1292659649092941673,1062464292871659639,8573800373938698102,0,1,skt,0.686303939723247
1292659649092941673,5932668873100475470,300471914551172981,1,1,skt,0.7223154310776903
1292659649092941673,5237822943399727048,8573800373938698102,0,1,skt,0.6898488333762471
1314274021776008685,300471914551172981,300471914551172981,1,1,skt,0.6821806352515032
1314274021776008685,8573800373938698102,8573800373938698102,0,1,skt,0.6271244374648073
1314274021776008685,2014268979504181100,300471914551172981,1,1,skt,0.6674760976882969
1314274021776008685,2172169907340938753,300471914551172981,1,1,skt,0.6686031047348957
1314274021776008685,8150806168444344502,300471914551172981,1,1,skt,0.6907936707627378
1314274021776008685,816286915455981984,8573800373938698102,1,1,skt,0.6787333721882892
1314274021776008685,1962751598315765836,300471914551172981,1,1,skt,0.6953879913461025
1314274021776008685,7444476343858270082,300471914551172981,1,1,skt,0.6992761859573755
1314274021776008685,2537821716777940730,300471914551172981,1,1,skt,0.7000771001943514
1314274021776008685,1061301253559417093,300471914551172981,1,1,skt,0.6814915876378714
1314274021776008685,8553379303363759508,300471914551172981,1,1,skt,0.6738600719440675
1314274021776008685,6440511557387709110,300471914551172981,1,1,skt,0.6982064068095648
1314274021776008685,7744513373483970787,8573800373938698102,0,1,skt,0.6325302543889512
1314274021776008685,2971078979906996375,300471914551172981,1,1,skt,0.68875464155301
1314274021776008685,5841359775533910823,300471914551172981,1,1,skt,0.6602467036777954
1314274021776008685,8621262567927479011,300471914551172981,1,1,skt,0.6972685801182213
1314274021776008685,8434961942249729798,8573800373938698102,1,1,skt,0.6650808743284707
1314274021776008685,2322042198017538996,8573800373938698102,1,1,skt,0.6671295251005437
1314274021776008685,1742185772413642127,300471914551172981,1,1,skt,0.7031359375173725
1314274021776008685,2334639155148655290,8573800373938698102,1,1,skt,0.6733073325738195
1314274021776008685,7660717256841499384,300471914551172981,1,1,skt,0.7167388910093319
1314274021776008685,4113615466659810841,300471914551172981,1,1,skt,0.7022733114788525
1314274021776008685,6125574002232610732,300471914551172981,1,1,skt,0.6685327232289726
1314274021776008685,2774368076249802464,8573800373938698102,1,1,skt,0.661036086140924
1314274021776008685,8903365289186067945,8573800373938698102,1,1,skt,0.6638770363390836
1314274021776008685,6925932688889117475,300471914551172981,1,1,skt,0.7204001343565859
1314274021776008685,8194071366621068887,8573800373938698102,0,1,skt,0.642074315411306
1314274021776008685,2986660907093963186,300471914551172981,1,1,skt,0.7257425359616075
1314274021776008685,7591109345808921544,300471914551172981,1,1,skt,0.7026052615993992
1314274021776008685,625545550176685521,8573800373938698102,1,1,skt,0.6750515944152915
1314274021776008685,1761868641361943332,8573800373938698102,0,1,skt,0.6825995462811933
1314274021776008685,4824259625677886603,300471914551172981,1,1,skt,0.6988752720524406
1314274021776008685,8450591260754163598,8573800373938698102,0,1,skt,0.6613918451996871
1314274021776008685,1553079256999111676,300471914551172981,1,1,skt,0.7067694665410957
1314274021776008685,3220231712819306119,8573800373938698102,1,1,skt,0.6682571229690227
1314274021776008685,338807275221326836,300471914551172981,1,1,skt,0.6949841548662892
1314274021776008685,8525319303741530302,8573800373938698102,1,1,skt,0.6691015574691048
1314274021776008685,6587421150596252277,300471914551172981,1,1,skt,0.7084124405589232
1314274021776008685,5891620578387310353,300471914551172981,1,1,skt,0.6918781302992284
1314274021776008685,5791250638486922978,300471914551172981,1,1,skt,0.7127887718496443
1314274021776008685,4031585874086886353,8573800373938698102,1,1,skt,0.6837682700806654
1314274021776008685,2083452711903133430,8573800373938698102,1,1,skt,0.705324804603913
1314274021776008685,6319743179241711738,8573800373938698102,1,1,skt,0.6856197118875641
1314274021776008685,8628686323660025649,300471914551172981,1,1,skt,0.7119427039255981
1314274021776008685,4378721629787482518,300471914551172981,1,1,skt,0.717833871292165
1314274021776008685,4813462692425748605,300471914551172981,1,1,skt,0.6831439625142214
1314274021776008685,4644364625800006675,300471914551172981,1,1,skt,0.7012761819409904
1314274021776008685,1062464292871659639,8573800373938698102,1,1,skt,0.686303939723247
1314274021776008685,5932668873100475470,300471914551172981,1,1,skt,0.7223154310776903
1314274021776008685,5237822943399727048,8573800373938698102,1,1,skt,0.6898488333762471
1323516988765165119,300471914551172981,300471914551172981,1,1,skt,0.6821806352515032
1323516988765165119,8573800373938698102,8573800373938698102,1,1,skt,0.6271244374648073
1323516988765165119,2014268979504181100,300471914551172981,0,1,skt,0.6674760976882969
1323516988765165119,2172169907340938753,300471914551172981,1,1,skt,0.6686031047348957
1323516988765165119,8150806168444344502,300471914551172981,1,1,skt,0.6907936707627378
1323516988765165119,816286915455981984,8573800373938698102,1,1,skt,0.6787333721882892
1323516988765165119,1962751598315765836,300471914551172981,1,1,skt,0.6953879913461025
1323516988765165119,7444476343858270082,300471914551172981,1,1,skt,0.6992761859573755
1323516988765165119,2537821716777940730,300471914551172981,0,1,skt,0.7000771001943514
1323516988765165119,1061301253559417093,300471914551172981,0,1,skt,0.6814915876378714
1323516988765165119,8553379303363759508,300471914551172981,0,1,skt,0.6738600719440675
1323516988765165119,6440511557387709110,300471914551172981,1,1,skt,0.6982064068095648
1323516988765165119,7744513373483970787,8573800373938698102,1,1,skt,0.6325302543889512
1323516988765165119,2971078979906996375,300471914551172981,1,1,skt,0.68875464155301
1323516988765165119,5841359775533910823,300471914551172981,0,1,skt,0.6602467036777954
1323516988765165119,8621262567927479011,300471914551172981,1,1,skt,0.6972685801182213
1323516988765165119,8434961942249729798,8573800373938698102,1,1,skt,0.6650808743284707
1323516988765165119,2322042198017538996,8573800373938698102,1,1,skt,0.6671295251005437
1323516988765165119,1742185772413642127,300471914551172981,1,1,skt,0.7031359375173725
1323516988765165119,2334639155148655290,8573800373938698102,0,1,skt,0.6733073325738195
1323516988765165119,7660717256841499384,300471914551172981,1,1,skt,0.7167388910093319
1323516988765165119,4113615466659810841,300471914551172981,1,1,skt,0.7022733114788525
1323516988765165119,6125574002232610732,300471914551172981,0,1,skt,0.6685327232289726
1323516988765165119,2774368076249802464,8573800373938698102,1,1,skt,0.661036086140924
1323516988765165119,8903365289186067945,8573800373938698102,1,1,skt,0.6638770363390836
1323516988765165119,6925932688889117475,300471914551172981,1,1,skt,0.7204001343565859
1323516988765165119,8194071366621068887,8573800373938698102,0,1,skt,0.642074315411306
1323516988765165119,2986660907093963186,300471914551172981,1,1,skt,0.7257425359616075
1323516988765165119,7591109345808921544,300471914551172981,1,1,skt,0.7026052615993992
1323516988765165119,625545550176685521,8573800373938698102,1,1,skt,0.6750515944152915
1323516988765165119,1761868641361943332,8573800373938698102,1,1,skt,0.6825995462811933
1323516988765165119,4824259625677886603,300471914551172981,1,1,skt,0.6988752720524406
1323516988765165119,8450591260754163598,8573800373938698102,1,1,skt,0.6613918451996871
1323516988765165119,1553079256999111676,300471914551172981,1,1,skt,0.7067694665410957
1323516988765165119,3220231712819306119,8573800373938698102,1,1,skt,0.6682571229690227
1323516988765165119,338807275221326836,300471914551172981,1,1,skt,0.6949841548662892
1323516988765165119,8525319303741530302,8573800373938698102,1,1,skt,0.6691015574691048
1323516988765165119,6587421150596252277,300471914551172981,1,1,skt,0.7084124405589232
1323516988765165119,5891620578387310353,300471914551172981,1,1,skt,0.6918781302992284
1323516988765165119,5791250638486922978,300471914551172981,1,1,skt,0.7127887718496443
1323516988765165119,4031585874086886353,8573800373938698102,1,1,skt,0.6837682700806654
1323516988765165119,2083452711903133430,8573800373938698102,1,1,skt,0.705324804603913
1323516988765165119,6319743179241711738,8573800373938698102,1,1,skt,0.6856197118875641
1323516988765165119,8628686323660025649,300471914551172981,1,1,skt,0.7119427039255981
1323516988765165119,4378721629787482518,300471914551172981,1,1,skt,0.717833871292165
1323516988765165119,4813462692425748605,300471914551172981,1,1,skt,0.6831439625142214
1323516988765165119,4644364625800006675,300471914551172981,1,1,skt,0.7012761819409904
1323516988765165119,1062464292871659639,8573800373938698102,1,1,skt,0.686303939723247
1323516988765165119,5932668873100475470,300471914551172981,1,1,skt,0.7223154310776903
1323516988765165119,5237822943399727048,8573800373938698102,1,1,skt,0.6898488333762471
1327066424004720614,300471914551172981,300471914551172981,1,1,skt,0.6821806352515032
1327066424004720614,8573800373938698102,8573800373938698102,0,1,skt,0.6271244374648073
1327066424004720614,2014268979504181100,300471914551172981,1,1,skt,0.6674760976882969
1327066424004720614,2172169907340938753,300471914551172981,1,1,skt,0.6686031047348957
1327066424004720614,8150806168444344502,300471914551172981,1,1,skt,0.6907936707627378
1327066424004720614,816286915455981984,8573800373938698102,0,1,skt,0.6787333721882892
1327066424004720614,1962751598315765836,300471914551172981,1,1,skt,0.6953879913461025
1327066424004720614,7444476343858270082,300471914551172981,1,1,skt,0.6992761859573755
1327066424004720614,2537821716777940730,300471914551172981,1,1,skt,0.7000771001943514
1327066424004720614,1061301253559417093,300471914551172981,1,1,skt,0.6814915876378714
1327066424004720614,8553379303363759508,300471914551172981,1,1,skt,0.6738600719440675
1327066424004720614,6440511557387709110,300471914551172981,1,1,skt,0.6982064068095648
1327066424004720614,7744513373483970787,8573800373938698102,0,1,skt,0.6325302543889512
1327066424004720614,2971078979906996375,300471914551172981,1,1,skt,0.68875464155301
1327066424004720614,5841359775533910823,300471914551172981,1,1,skt,0.6602467036777954
1327066424004720614,8621262567927479011,300471914551172981,1,1,skt,0.6972685801182213
1327066424004720614,8434961942249729798,8573800373938698102,0,1,skt,0.6650808743284707
1327066424004720614,2322042198017538996,8573800373938698102,0,1,skt,0.6671295251005437
1327066424004720614,1742185772413642127,300471914551172981,1,1,skt,0.7031359375173725
1327066424004720614,2334639155148655290,8573800373938698102,0,1,skt,0.6733073325738195
1327066424004720614,7660717256841499384,300471914551172981,1,1,skt,0.7167388910093319
1327066424004720614,4113615466659810841,300471914551172981,1,1,skt,0.7022733114788525
1327066424004720614,6125574002232610732,300471914551172981,1,1,skt,0.6685327232289726
1327066424004720614,2774368076249802464,8573800373938698102,0,1,skt,0.661036086140924
1327066424004720614,8903365289186067945,8573800373938698102,0,1,skt,0.6638770363390836
1327066424004720614,6925932688889117475,300471914551172981,1,1,skt,0.7204001343565859
1327066424004720614,8194071366621068887,8573800373938698102,0,1,skt,0.642074315411306
1327066424004720614,2986660907093963186,300471914551172981,1,1,skt,0.7257425359616075
1327066424004720614,7591109345808921544,300471914551172981,1,1,skt,0.7026052615993992
1327066424004720614,625545550176685521,8573800373938698102,0,1,skt,0.6750515944152915
1327066424004720614,1761868641361943332,8573800373938698102,1,1,skt,0.6825995462811933
1327066424004720614,4824259625677886603,300471914551172981,1,1,skt,0.6988752720524406
1327066424004720614,8450591260754163598,8573800373938698102,1,1,skt,0.6613918451996871
1327066424004720614,1553079256999111676,300471914551172981,1,1,skt,0.7067694665410957
1327066424004720614,3220231712819306119,8573800373938698102,0,1,skt,0.6682571229690227
1327066424004720614,338807275221326836,300471914551172981,1,1,skt,0.6949841548662892
1327066424004720614,8525319303741530302,8573800373938698102,0,1,skt,0.6691015574691048
1327066424004720614,6587421150596252277,300471914551172981,1,1,skt,0.7084124405589232
1327066424004720614,5891620578387310353,300471914551172981,1,1,skt,0.6918781302992284
1327066424004720614,5791250638486922978,300471914551172981,1,1,skt,0.7127887718496443
1327066424004720614,4031585874086886353,8573800373938698102,1,1,skt,0.6837682700806654
1327066424004720614,2083452711903133430,8573800373938698102,1,1,skt,0.705324804603913
1327066424004720614,6319743179241711738,8573800373938698102,0,1,skt,0.6856197118875641
1327066424004720614,8628686323660025649,300471914551172981,1,1,skt,0.7119427039255981
1327066424004720614,4378721629787482518,300471914551172981,1,1,skt,0.717833871292165
1327066424004720614,4813462692425748605,300471914551172981,1,1,skt,0.6831439625142214
1327066424004720614,4644364625800006675,300471914551172981,1,1,skt,0.7012761819409904
1327066424004720614,1062464292871659639,8573800373938698102,0,1,skt,0.686303939723247
1327066424004720614,5932668873100475470,300471914551172981,1,1,skt,0.7223154310776903
1327066424004720614,5237822943399727048,8573800373938698102,0,1,skt,0.6898488333762471
1376334605523658368,300471914551172981,300471914551172981,1,1,skt,0.6821806352515032
1376334605523658368,8573800373938698102,8573800373938698102,0,1,skt,0.6271244374648073
1376334605523658368,2014268979504181100,300471914551172981,1,1,skt,0.6674760976882969
1376334605523658368,2172169907340938753,300471914551172981,1,1,skt,0.6686031047348957
1376334605523658368,8150806168444344502,300471914551172981,1,1,skt,0.6907936707627378
1376334605523658368,816286915455981984,8573800373938698102,0,1,skt,0.6787333721882892
1376334605523658368,1962751598315765836,300471914551172981,1,1,skt,0.6953879913461025
1376334605523658368,7444476343858270082,300471914551172981,1,1,skt,0.6992761859573755
1376334605523658368,2537821716777940730,300471914551172981,1,1,skt,0.7000771001943514
1376334605523658368,1061301253559417093,300471914551172981,1,1,skt,0.6814915876378714
1376334605523658368,8553379303363759508,300471914551172981,1,1,skt,0.6738600719440675
1376334605523658368,6440511557387709110,300471914551172981,1,1,skt,0.6982064068095648
1376334605523658368,7744513373483970787,8573800373938698102,0,1,skt,0.6325302543889512
1376334605523658368,2971078979906996375,300471914551172981,0,1,skt,0.68875464155301
1376334605523658368,5841359775533910823,300471914551172981,1,1,skt,0.6602467036777954
1376334605523658368,8621262567927479011,300471914551172981,1,1,skt,0.6972685801182213
1376334605523658368,8434961942249729798,8573800373938698102,0,1,skt,0.6650808743284707
1376334605523658368,2322042198017538996,8573800373938698102,0,1,skt,0.6671295251005437
1376334605523658368,1742185772413642127,300471914551172981,1,1,skt,0.7031359375173725
1376334605523658368,2334639155148655290,8573800373938698102,1,1,skt,0.6733073325738195
1376334605523658368,7660717256841499384,300471914551172981,1,1,skt,0.7167388910093319
1376334605523658368,4113615466659810841,300471914551172981,1,1,skt,0.7022733114788525
1376334605523658368,6125574002232610732,300471914551172981,0,1,skt,0.6685327232289726
1376334605523658368,2774368076249802464,8573800373938698102,1,1,skt,0.661036086140924
1376334605523658368,8903365289186067945,8573800373938698102,0,1,skt,0.6638770363390836
1376334605523658368,6925932688889117475,300471914551172981,1,1,skt,0.7204001343565859
1376334605523658368,8194071366621068887,8573800373938698102,0,1,skt,0.642074315411306
1376334605523658368,2986660907093963186,300471914551172981,1,1,skt,0.7257425359616075
1376334605523658368,7591109345808921544,300471914551172981,1,1,skt,0.7026052615993992
1376334605523658368,625545550176685521,8573800373938698102,0,1,skt,0.6750515944152915
1376334605523658368,1761868641361943332,8573800373938698102,0,1,skt,0.6825995462811933
1376334605523658368,4824259625677886603,300471914551172981,1,1,skt,0.6988752720524406
1376334605523658368,8450591260754163598,8573800373938698102,0,1,skt,0.6613918451996871
1376334605523658368,1553079256999111676,300471914551172981,0,1,skt,0.7067694665410957
1376334605523658368,3220231712819306119,8573800373938698102,0,1,skt,0.6682571229690227
1376334605523658368,338807275221326836,300471914551172981,1,1,skt,0.6949841548662892
1376334605523658368,8525319303741530302,8573800373938698102,0,1,skt,0.6691015574691048
1376334605523658368,6587421150596252277,300471914551172981,0,1,skt,0.7084124405589232
1376334605523658368,5891620578387310353,300471914551172981,0,1,skt,0.6918781302992284
1376334605523658368,5791250638486922978,300471914551172981,1,1,skt,0.7127887718496443
1376334605523658368,4031585874086886353,8573800373938698102,0,1,skt,0.6837682700806654
1376334605523658368,2083452711903133430,8573800373938698102,1,1,skt,0.705324804603913
1376334605523658368,6319743179241711738,8573800373938698102,0,1,skt,0.6856197118875641
1376334605523658368,8628686323660025649,300471914551172981,1,1,skt,0.7119427039255981
1376334605523658368,4378721629787482518,300471914551172981,1,1,skt,0.717833871292165
1376334605523658368,4813462692425748605,300471914551172981,0,1,skt,0.6831439625142214
1376334605523658368,4644364625800006675,300471914551172981,1,1,skt,0.7012761819409904
1376334605523658368,1062464292871659639,8573800373938698102,0,1,skt,0.686303939723247
1376334605523658368,5932668873100475470,300471914551172981,1,1,skt,0.7223154310776903
1376334605523658368,5237822943399727048,8573800373938698102,0,1,skt,0.6898488333762471
1387778011818191444,300471914551172981,300471914551172981,1,1,skt,0.6821806352515032
1387778011818191444,8573800373938698102,8573800373938698102,0,1,skt,0.6271244374648073
1387778011818191444,2014268979504181100,300471914551172981,1,1,skt,0.6674760976882969
1387778011818191444,2172169907340938753,300471914551172981,0,1,skt,0.6686031047348957
1387778011818191444,8150806168444344502,300471914551172981,1,1,skt,0.6907936707627378
1387778011818191444,816286915455981984,8573800373938698102,1,1,skt,0.6787333721882892
1387778011818191444,1962751598315765836,300471914551172981,1,1,skt,0.6953879913461025
1387778011818191444,7444476343858270082,300471914551172981,0,1,skt,0.6992761859573755
1387778011818191444,2537821716777940730,300471914551172981,0,1,skt,0.7000771001943514
1387778011818191444,1061301253559417093,300471914551172981,0,1,skt,0.6814915876378714
1387778011818191444,8553379303363759508,300471914551172981,0,1,skt,0.6738600719440675
1387778011818191444,6440511557387709110,300471914551172981,1,1,skt,0.6982064068095648
1387778011818191444,7744513373483970787,8573800373938698102,1,1,skt,0.6325302543889512
1387778011818191444,2971078979906996375,300471914551172981,0,1,skt,0.68875464155301
1387778011818191444,5841359775533910823,300471914551172981,0,1,skt,0.6602467036777954
1387778011818191444,8621262567927479011,300471914551172981,1,1,skt,0.6972685801182213
1387778011818191444,8434961942249729798,8573800373938698102,1,1,skt,0.6650808743284707
1387778011818191444,2322042198017538996,8573800373938698102,1,1,skt,0.6671295251005437
1387778011818191444,1742185772413642127,300471914551172981,1,1,skt,0.7031359375173725
1387778011818191444,2334639155148655290,8573800373938698102,1,1,skt,0.6733073325738195
1387778011818191444,7660717256841499384,300471914551172981,1,1,skt,0.7167388910093319
1387778011818191444,4113615466659810841,300471914551172981,1,1,skt,0.7022733114788525
1387778011818191444,6125574002232610732,300471914551172981,1,1,skt,0.6685327232289726
1387778011818191444,2774368076249802464,8573800373938698102,1,1,skt,0.661036086140924
1387778011818191444,8903365289186067945,8573800373938698102,1,1,skt,0.6638770363390836
1387778011818191444,6925932688889117475,300471914551172981,1,1,skt,0.7204001343565859
1387778011818191444,8194071366621068887,8573800373938698102,1,1,skt,0.642074315411306
1387778011818191444,2986660907093963186,300471914551172981,1,1,skt,0.7257425359616075
1387778011818191444,7591109345808921544,300471914551172981,1,1,skt,0.7026052615993992
1387778011818191444,625545550176685521,8573800373938698102,1,1,skt,0.6750515944152915
1387778011818191444,1761868641361943332,8573800373938698102,1,1,skt,0.6825995462811933
1387778011818191444,4824259625677886603,300471914551172981,1,1,skt,0.6988752720524406
1387778011818191444,8450591260754163598,8573800373938698102,1,1,skt,0.6613918451996871
1387778011818191444,1553079256999111676,300471914551172981,0,1,skt,0.7067694665410957
1387778011818191444,3220231712819306119,8573800373938698102,1,1,skt,0.6682571229690227
1387778011818191444,338807275221326836,300471914551172981,1,1,skt,0.6949841548662892
1387778011818191444,8525319303741530302,8573800373938698102,1,1,skt,0.6691015574691048
1387778011818191444,6587421150596252277,300471914551172981,1,1,skt,0.7084124405589232
1387778011818191444,5891620578387310353,300471914551172981,0,1,skt,0.6918781302992284
1387778011818191444,5791250638486922978,300471914551172981,0,1,skt,0.7127887718496443
1387778011818191444,4031585874086886353,8573800373938698102,1,1,skt,0.6837682700806654
1387778011818191444,2083452711903133430,8573800373938698102,1,1,skt,0.705324804603913
1387778011818191444,6319743179241711738,8573800373938698102,1,1,skt,0.6856197118875641
1387778011818191444,8628686323660025649,300471914551172981,1,1,skt,0.7119427039255981
1387778011818191444,4378721629787482518,300471914551172981,1,1,skt,0.717833871292165
1387778011818191444,4813462692425748605,300471914551172981,0,1,skt,0.6831439625142214
1387778011818191444,4644364625800006675,300471914551172981,1,1,skt,0.7012761819409904
1387778011818191444,1062464292871659639,8573800373938698102,1,1,skt,0.686303939723247
1387778011818191444,5932668873100475470,300471914551172981,1,1,skt,0.7223154310776903
1387778011818191444,5237822943399727048,8573800373938698102,1,1,skt,0.6898488333762471
1411612469887479054,300471914551172981,300471914551172981,0,1,skt,0.6821806352515032
1411612469887479054,8573800373938698102,8573800373938698102,0,1,skt,0.6271244374648073
1411612469887479054,2014268979504181100,300471914551172981,0,1,skt,0.6674760976882969
1411612469887479054,2172169907340938753,300471914551172981,0,1,skt,0.6686031047348957
1411612469887479054,8150806168444344502,300471914551172981,0,1,skt,0.6907936707627378
1411612469887479054,816286915455981984,8573800373938698102,0,1,skt,0.6787333721882892
1411612469887479054,1962751598315765836,300471914551172981,1,1,skt,0.6953879913461025
1411612469887479054,7444476343858270082,300471914551172981,0,1,skt,0.6992761859573755
1411612469887479054,2537821716777940730,300471914551172981,0,1,skt,0.7000771001943514
1411612469887479054,1061301253559417093,300471914551172981,1,1,skt,0.6814915876378714
1411612469887479054,8553379303363759508,300471914551172981,0,1,skt,0.6738600719440675
1411612469887479054,6440511557387709110,300471914551172981,1,1,skt,0.6982064068095648
1411612469887479054,7744513373483970787,8573800373938698102,0,1,skt,0.6325302543889512
1411612469887479054,2971078979906996375,300471914551172981,0,1,skt,0.68875464155301
1411612469887479054,5841359775533910823,300471914551172981,1,1,skt,0.6602467036777954
1411612469887479054,8621262567927479011,300471914551172981,1,1,skt,0.6972685801182213
1411612469887479054,8434961942249729798,8573800373938698102,0,1,skt,0.6650808743284707
1411612469887479054,2322042198017538996,8573800373938698102,0,1,skt,0.6671295251005437
1411612469887479054,1742185772413642127,300471914551172981,1,1,skt,0.7031359375173725
1411612469887479054,2334639155148655290,8573800373938698102,0,1,skt,0.6733073325738195
1411612469887479054,7660717256841499384,300471914551172981,1,1,skt,0.7167388910093319
1411612469887479054,4113615466659810841,300471914551172981,0,1,skt,0.7022733114788525
1411612469887479054,6125574002232610732,300471914551172981,0,1,skt,0.6685327232289726
1411612469887479054,2774368076249802464,8573800373938698102,0,1,skt,0.661036086140924
1411612469887479054,8903365289186067945,8573800373938698102,0,1,skt,0.6638770363390836
1411612469887479054,6925932688889117475,300471914551172981,1,1,skt,0.7204001343565859
1411612469887479054,8194071366621068887,8573800373938698102,0,1,skt,0.642074315411306
1411612469887479054,2986660907093963186,300471914551172981,0,1,skt,0.7257425359616075
1411612469887479054,7591109345808921544,300471914551172981,1,1,skt,0.7026052615993992
1411612469887479054,625545550176685521,8573800373938698102,0,1,skt,0.6750515944152915
1411612469887479054,1761868641361943332,8573800373938698102,0,1,skt,0.6825995462811933
1411612469887479054,4824259625677886603,300471914551172981,0,1,skt,0.6988752720524406
1411612469887479054,8450591260754163598,8573800373938698102,1,1,skt,0.6613918451996871
1411612469887479054,1553079256999111676,300471914551172981,0,1,skt,0.7067694665410957
1411612469887479054,3220231712819306119,8573800373938698102,0,1,skt,0.6682571229690227
1411612469887479054,338807275221326836,300471914551172981,0,1,skt,0.6949841548662892
1411612469887479054,8525319303741530302,8573800373938698102,0,1,skt,0.6691015574691048
1411612469887479054,6587421150596252277,300471914551172981,1,1,skt,0.7084124405589232
1411612469887479054,5891620578387310353,300471914551172981,0,1,skt,0.6918781302992284
1411612469887479054,5791250638486922978,300471914551172981,1,1,skt,0.7127887718496443
1411612469887479054,4031585874086886353,8573800373938698102,0,1,skt,0.6837682700806654
1411612469887479054,2083452711903133430,8573800373938698102,0,1,skt,0.705324804603913
1411612469887479054,6319743179241711738,8573800373938698102,1,1,skt,0.6856197118875641
1411612469887479054,8628686323660025649,300471914551172981,0,1,skt,0.7119427039255981
1411612469887479054,4378721629787482518,300471914551172981,1,1,skt,0.717833871292165
1411612469887479054,4813462692425748605,300471914551172981,0,1,skt,0.6831439625142214
1411612469887479054,4644364625800006675,300471914551172981,0,1,skt,0.7012761819409904
1411612469887479054,1062464292871659639,8573800373938698102,0,1,skt,0.686303939723247
1411612469887479054,5932668873100475470,300471914551172981,0,1,skt,0.7223154310776903
1411612469887479054,5237822943399727048,8573800373938698102,0,1,skt,0.6898488333762471
1483669095355523038,300471914551172981,300471914551172981,0,1,skt,0.6821806352515032
1483669095355523038,8573800373938698102,8573800373938698102,0,1,skt,0.6271244374648073
1483669095355523038,2014268979504181100,300471914551172981,0,1,skt,0.6674760976882969
1483669095355523038,2172169907340938753,300471914551172981,0,1,skt,0.6686031047348957
1483669095355523038,8150806168444344502,300471914551172981,0,1,skt,0.6907936707627378
1483669095355523038,816286915455981984,8573800373938698102,1,1,skt,0.6787333721882892
1483669095355523038,1962751598315765836,300471914551172981,1,1,skt,0.6953879913461025
1483669095355523038,7444476343858270082,300471914551172981,1,1,skt,0.6992761859573755
1483669095355523038,2537821716777940730,300471914551172981,1,1,skt,0.7000771001943514
1483669095355523038,1061301253559417093,300471914551172981,0,1,skt,0.6814915876378714
1483669095355523038,8553379303363759508,300471914551172981,0,1,skt,0.6738600719440675
1483669095355523038,6440511557387709110,300471914551172981,0,1,skt,0.6982064068095648
1483669095355523038,7744513373483970787,8573800373938698102,0,1,skt,0.6325302543889512
1483669095355523038,2971078979906996375,300471914551172981,0,1,skt,0.68875464155301
1483669095355523038,5841359775533910823,300471914551172981,0,1,skt,0.6602467036777954
1483669095355523038,8621262567927479011,300471914551172981,1,1,skt,0.6972685801182213
1483669095355523038,8434961942249729798,8573800373938698102,1,1,skt,0.6650808743284707
1483669095355523038,2322042198017538996,8573800373938698102,0,1,skt,0.6671295251005437
1483669095355523038,1742185772413642127,300471914551172981,1,1,skt,0.7031359375173725
1483669095355523038,2334639155148655290,8573800373938698102,1,1,skt,0.6733073325738195
1483669095355523038,7660717256841499384,300471914551172981,1,1,skt,0.7167388910093319
1483669095355523038,4113615466659810841,300471914551172981,0,1,skt,0.7022733114788525
1483669095355523038,6125574002232610732,300471914551172981,0,1,skt,0.6685327232289726
1483669095355523038,2774368076249802464,8573800373938698102,1,1,skt,0.661036086140924
1483669095355523038,8903365289186067945,8573800373938698102,1,1,skt,0.6638770363390836
1483669095355523038,6925932688889117475,300471914551172981,0,1,skt,0.7204001343565859
1483669095355523038,8194071366621068887,8573800373938698102,0,1,skt,0.642074315411306
1483669095355523038,2986660907093963186,300471914551172981,0,1,skt,0.7257425359616075
1483669095355523038,7591109345808921544,300471914551172981,0,1,skt,0.7026052615993992
1483669095355523038,625545550176685521,8573800373938698102,1,1,skt,0.6750515944152915
1483669095355523038,1761868641361943332,8573800373938698102,0,1,skt,0.6825995462811933
1483669095355523038,4824259625677886603,300471914551172981,0,1,skt,0.6988752720524406
1483669095355523038,8450591260754163598,8573800373938698102,0,1,skt,0.6613918451996871
1483669095355523038,1553079256999111676,300471914551172981,0,1,skt,0.7067694665410957
1483669095355523038,3220231712819306119,8573800373938698102,1,1,skt,0.6682571229690227
1483669095355523038,338807275221326836,300471914551172981,1,1,skt,0.6949841548662892
1483669095355523038,8525319303741530302,8573800373938698102,0,1,skt,0.6691015574691048
1483669095355523038,6587421150596252277,300471914551172981,0,1,skt,0.7084124405589232
1483669095355523038,5891620578387310353,300471914551172981,0,1,skt,0.6918781302992284
1483669095355523038,5791250638486922978,300471914551172981,0,1,skt,0.7127887718496443
1483669095355523038,4031585874086886353,8573800373938698102,0,1,skt,0.6837682700806654
1483669095355523038,2083452711903133430,8573800373938698102,1,1,skt,0.705324804603913
1483669095355523038,6319743179241711738,8573800373938698102,1,1,skt,0.6856197118875641
1483669095355523038,8628686323660025649,300471914551172981,1,1,skt,0.7119427039255981
1483669095355523038,4378721629787482518,300471914551172981,0,1,skt,0.717833871292165
1483669095355523038,4813462692425748605,300471914551172981,0,1,skt,0.6831439625142214
1483669095355523038,4644364625800006675,300471914551172981,1,1,skt,0.7012761819409904
1483669095355523038,1062464292871659639,8573800373938698102,1,1,skt,0.686303939723247
1483669095355523038,5932668873100475470,300471914551172981,1,1,skt,0.7223154310776903
1483669095355523038,5237822943399727048,8573800373938698102,1,1,skt,0.6898488333762471
1490828910013531872,300471914551172981,300471914551172981,1,1,skt,0.6821806352515032
1490828910013531872,8573800373938698102,8573800373938698102,0,1,skt,0.6271244374648073
1490828910013531872,2014268979504181100,300471914551172981,1,1,skt,0.6674760976882969
1490828910013531872,2172169907340938753,300471914551172981,1,1,skt,0.6686031047348957
1490828910013531872,8150806168444344502,300471914551172981,1,1,skt,0.6907936707627378
1490828910013531872,816286915455981984,8573800373938698102,0,1,skt,0.6787333721882892
1490828910013531872,1962751598315765836,300471914551172981,1,1,skt,0.6953879913461025
1490828910013531872,7444476343858270082,300471914551172981,1,1,skt,0.6992761859573755
1490828910013531872,2537821716777940730,300471914551172981,1,1,skt,0.7000771001943514
1490828910013531872,1061301253559417093,300471914551172981,1,1,skt,0.6814915876378714
1490828910013531872,8553379303363759508,300471914551172981,1,1,skt,0.6738600719440675
1490828910013531872,6440511557387709110,300471914551172981,1,1,skt,0.6982064068095648
1490828910013531872,7744513373483970787,8573800373938698102,0,1,skt,0.6325302543889512
1490828910013531872,2971078979906996375,300471914551172981,1,1,skt,0.68875464155301
1490828910013531872,5841359775533910823,300471914551172981,1,1,skt,0.6602467036777954
1490828910013531872,8621262567927479011,300471914551172981,1,1,skt,0.6972685801182213
1490828910013531872,8434961942249729798,8573800373938698102,1,1,skt,0.6650808743284707
1490828910013531872,2322042198017538996,8573800373938698102,1,1,skt,0.6671295251005437
1490828910013531872,1742185772413642127,300471914551172981,1,1,skt,0.7031359375173725
1490828910013531872,2334639155148655290,8573800373938698102,1,1,skt,0.6733073325738195
1490828910013531872,7660717256841499384,300471914551172981,1,1,skt,0.7167388910093319
1490828910013531872,4113615466659810841,300471914551172981,1,1,skt,0.7022733114788525
1490828910013531872,6125574002232610732,300471914551172981,1,1,skt,0.6685327232289726
1490828910013531872,2774368076249802464,8573800373938698102,1,1,skt,0.661036086140924
1490828910013531872,8903365289186067945,8573800373938698102,1,1,skt,0.6638770363390836
1490828910013531872,6925932688889117475,300471914551172981,1,1,skt,0.7204001343565859
1490828910013531872,8194071366621068887,8573800373938698102,0,1,skt,0.642074315411306
1490828910013531872,2986660907093963186,300471914551172981,1,1,skt,0.7257425359616075
1490828910013531872,7591109345808921544,300471914551172981,1,1,skt,0.7026052615993992
1490828910013531872,625545550176685521,8573800373938698102,1,1,skt,0.6750515944152915
1490828910013531872,1761868641361943332,8573800373938698102,0,1,skt,0.6825995462811933
1490828910013531872,4824259625677886603,300471914551172981,1,1,skt,0.6988752720524406
1490828910013531872,8450591260754163598,8573800373938698102,0,1,skt,0.6613918451996871
1490828910013531872,1553079256999111676,300471914551172981,1,1,skt,0.7067694665410957
1490828910013531872,3220231712819306119,8573800373938698102,0,1,skt,0.6682571229690227
1490828910013531872,338807275221326836,300471914551172981,1,1,skt,0.6949841548662892
1490828910013531872,8525319303741530302,8573800373938698102,0,1,skt,0.6691015574691048
1490828910013531872,6587421150596252277,300471914551172981,1,1,skt,0.7084124405589232
1490828910013531872,5891620578387310353,300471914551172981,1,1,skt,0.6918781302992284
1490828910013531872,5791250638486922978,300471914551172981,1,1,skt,0.7127887718496443
1490828910013531872,4031585874086886353,8573800373938698102,1,1,skt,0.6837682700806654
1490828910013531872,2083452711903133430,8573800373938698102,1,1,skt,0.705324804603913
1490828910013531872,6319743179241711738,8573800373938698102,1,1,skt,0.6856197118875641
1490828910013531872,8628686323660025649,300471914551172981,1,1,skt,0.7119427039255981
1490828910013531872,4378721629787482518,300471914551172981,1,1,skt,0.717833871292165
1490828910013531872,4813462692425748605,300471914551172981,1,1,skt,0.6831439625142214
1490828910013531872,4644364625800006675,300471914551172981,0,1,skt,0.7012761819409904
1490828910013531872,1062464292871659639,8573800373938698102,1,1,skt,0.686303939723247
1490828910013531872,5932668873100475470,300471914551172981,1,1,skt,0.7223154310776903
1490828910013531872,5237822943399727048,8573800373938698102,1,1,skt,0.6898488333762471
1520947013988716706,300471914551172981,300471914551172981,0,1,skt,0.6821806352515032
1520947013988716706,8573800373938698102,8573800373938698102,1,1,skt,0.6271244374648073
1520947013988716706,2014268979504181100,300471914551172981,0,1,skt,0.6674760976882969
1520947013988716706,2172169907340938753,300471914551172981,0,1,skt,0.6686031047348957
1520947013988716706,8150806168444344502,300471914551172981,0,1,skt,0.6907936707627378
1520947013988716706,816286915455981984,8573800373938698102,1,1,skt,0.6787333721882892
1520947013988716706,1962751598315765836,300471914551172981,0,1,skt,0.6953879913461025
1520947013988716706,7444476343858270082,300471914551172981,0,1,skt,0.6992761859573755
1520947013988716706,2537821716777940730,300471914551172981,0,1,skt,0.7000771001943514
1520947013988716706,1061301253559417093,300471914551172981,0,1,skt,0.6814915876378714
1520947013988716706,8553379303363759508,300471914551172981,0,1,skt,0.6738600719440675
1520947013988716706,6440511557387709110,300471914551172981,1,1,skt,0.6982064068095648
1520947013988716706,7744513373483970787,8573800373938698102,0,1,skt,0.6325302543889512
1520947013988716706,2971078979906996375,300471914551172981,0,1,skt,0.68875464155301
1520947013988716706,5841359775533910823,300471914551172981,0,1,skt,0.6602467036777954
1520947013988716706,8621262567927479011,300471914551172981,0,1,skt,0.6972685801182213
1520947013988716706,8434961942249729798,8573800373938698102,1,1,skt,0.6650808743284707
1520947013988716706,2322042198017538996,8573800373938698102,1,1,skt,0.6671295251005437
1520947013988716706,1742185772413642127,300471914551172981,0,1,skt,0.7031359375173725
1520947013988716706,2334639155148655290,8573800373938698102,1,1,skt,0.6733073325738195
1520947013988716706,7660717256841499384,300471914551172981,1,1,skt,0.7167388910093319
1520947013988716706,4113615466659810841,300471914551172981,0,1,skt,0.7022733114788525
1520947013988716706,6125574002232610732,300471914551172981,1,1,skt,0.6685327232289726
1520947013988716706,2774368076249802464,8573800373938698102,0,1,skt,0.661036086140924
1520947013988716706,8903365289186067945,8573800373938698102,0,1,skt,0.6638770363390836
1520947013988716706,6925932688889117475,300471914551172981,0,1,skt,0.7204001343565859
1520947013988716706,8194071366621068887,8573800373938698102,0,1,skt,0.642074315411306
1520947013988716706,2986660907093963186,300471914551172981,0,1,skt,0.7257425359616075
1520947013988716706,7591109345808921544,300471914551172981,0,1,skt,0.7026052615993992
1520947013988716706,625545550176685521,8573800373938698102,1,1,skt,0.6750515944152915
1520947013988716706,1761868641361943332,8573800373938698102,0,1,skt,0.6825995462811933
1520947013988716706,4824259625677886603,300471914551172981,0,1,skt,0.6988752720524406
1520947013988716706,8450591260754163598,8573800373938698102,0,1,skt,0.6613918451996871
1520947013988716706,1553079256999111676,300471914551172981,0,1,skt,0.7067694665410957
1520947013988716706,3220231712819306119,8573800373938698102,1,1,skt,0.6682571229690227
1520947013988716706,338807275221326836,300471914551172981,0,1,skt,0.6949841548662892
1520947013988716706,8525319303741530302,8573800373938698102,1,1,skt,0.6691015574691048
1520947013988716706,6587421150596252277,300471914551172981,0,1,skt,0.7084124405589232
1520947013988716706,5891620578387310353,300471914551172981,0,1,skt,0.6918781302992284
1520947013988716706,5791250638486922978,300471914551172981,0,1,skt,0.7127887718496443
1520947013988716706,4031585874086886353,8573800373938698102,1,1,skt,0.6837682700806654
1520947013988716706,2083452711903133430,8573800373938698102,1,1,skt,0.705324804603913
1520947013988716706,6319743179241711738,8573800373938698102,1,1,skt,0.6856197118875641
1520947013988716706,8628686323660025649,300471914551172981,1,1,skt,0.7119427039255981
1520947013988716706,4378721629787482518,300471914551172981,1,1,skt,0.717833871292165
1520947013988716706,4813462692425748605,300471914551172981,0,1,skt,0.6831439625142214
1520947013988716706,4644364625800006675,300471914551172981,0,1,skt,0.7012761819409904
1520947013988716706,1062464292871659639,8573800373938698102,1,1,skt,0.686303939723247
1520947013988716706,5932668873100475470,300471914551172981,1,1,skt,0.7223154310776903
1520947013988716706,5237822943399727048,8573800373938698102,1,1,skt,0.6898488333762471
1599557129054865395,300471914551172981,300471914551172981,1,1,skt,0.6821806352515032
1599557129054865395,8573800373938698102,8573800373938698102,0,1,skt,0.6271244374648073
1599557129054865395,2014268979504181100,300471914551172981,0,1,skt,0.6674760976882969
1599557129054865395,2172169907340938753,300471914551172981,0,1,skt,0.6686031047348957
1599557129054865395,8150806168444344502,300471914551172981,1,1,skt,0.6907936707627378
1599557129054865395,816286915455981984,8573800373938698102,1,1,skt,0.6787333721882892
1599557129054865395,1962751598315765836,300471914551172981,1,1,skt,0.6953879913461025
1599557129054865395,7444476343858270082,300471914551172981,1,1,skt,0.6992761859573755
1599557129054865395,2537821716777940730,300471914551172981,1,1,skt,0.7000771001943514
1599557129054865395,1061301253559417093,300471914551172981,1,1,skt,0.6814915876378714
1599557129054865395,8553379303363759508,300471914551172981,1,1,skt,0.6738600719440675
1599557129054865395,6440511557387709110,300471914551172981,1,1,skt,0.6982064068095648
1599557129054865395,7744513373483970787,8573800373938698102,0,1,skt,0.6325302543889512
1599557129054865395,2971078979906996375,300471914551172981,1,1,skt,0.68875464155301
1599557129054865395,5841359775533910823,300471914551172981,0,1,skt,0.6602467036777954
1599557129054865395,8621262567927479011,300471914551172981,1,1,skt,0.6972685801182213
1599557129054865395,8434961942249729798,8573800373938698102,0,1,skt,0.6650808743284707
1599557129054865395,2322042198017538996,8573800373938698102,1,1,skt,0.6671295251005437
1599557129054865395,1742185772413642127,300471914551172981,1,1,skt,0.7031359375173725
1599557129054865395,2334639155148655290,8573800373938698102,1,1,skt,0.6733073325738195
1599557129054865395,7660717256841499384,300471914551172981,1,1,skt,0.7167388910093319
1599557129054865395,4113615466659810841,300471914551172981,1,1,skt,0.7022733114788525
1599557129054865395,6125574002232610732,300471914551172981,1,1,skt,0.6685327232289726
1599557129054865395,2774368076249802464,8573800373938698102,0,1,skt,0.661036086140924
1599557129054865395,8903365289186067945,8573800373938698102,0,1,skt,0.6638770363390836
1599557129054865395,6925932688889117475,300471914551172981,1,1,skt,0.7204001343565859
1599557129054865395,8194071366621068887,8573800373938698102,1,1,skt,0.642074315411306
1599557129054865395,2986660907093963186,300471914551172981,1,1,skt,0.7257425359616075
1599557129054865395,7591109345808921544,300471914551172981,1,1,skt,0.7026052615993992
1599557129054865395,625545550176685521,8573800373938698102,0,1,skt,0.6750515944152915
1599557129054865395,1761868641361943332,8573800373938698102,1,1,skt,0.6825995462811933
1599557129054865395,4824259625677886603,300471914551172981,1,1,skt,0.6988752720524406
1599557129054865395,8450591260754163598,8573800373938698102,0,1,skt,0.6613918451996871
1599557129054865395,1553079256999111676,300471914551172981,1,1,skt,0.7067694665410957
1599557129054865395,3220231712819306119,8573800373938698102,0,1,skt,0.6682571229690227
1599557129054865395,338807275221326836,300471914551172981,1,1,skt,0.6949841548662892
1599557129054865395,8525319303741530302,8573800373938698102,1,1,skt,0.6691015574691048
1599557129054865395,6587421150596252277,300471914551172981,1,1,skt,0.7084124405589232
1599557129054865395,5891620578387310353,300471914551172981,1,1,skt,0.6918781302992284
1599557129054865395,5791250638486922978,300471914551172981,1,1,skt,0.7127887718496443
1599557129054865395,4031585874086886353,8573800373938698102,1,1,skt,0.6837682700806654
1599557129054865395,2083452711903133430,8573800373938698102,1,1,skt,0.705324804603913
1599557129054865395,6319743179241711738,8573800373938698102,0,1,skt,0.6856197118875641
1599557129054865395,8628686323660025649,300471914551172981,1,1,skt,0.7119427039255981
1599557129054865395,4378721629787482518,300471914551172981,1,1,skt,0.717833871292165
1599557129054865395,4813462692425748605,300471914551172981,1,1,skt,0.6831439625142214
1599557129054865395,4644364625800006675,300471914551172981,1,1,skt,0.7012761819409904
1599557129054865395,1062464292871659639,8573800373938698102,1,1,skt,0.686303939723247
1599557129054865395,5932668873100475470,300471914551172981,1,1,skt,0.7223154310776903
1599557129054865395,5237822943399727048,8573800373938698102,0,1,skt,0.6898488333762471
1618903412314909053,300471914551172981,300471914551172981,1,1,skt,0.6821806352515032
1618903412314909053,8573800373938698102,8573800373938698102,1,1,skt,0.6271244374648073
1618903412314909053,2014268979504181100,300471914551172981,1,1,skt,0.6674760976882969
1618903412314909053,2172169907340938753,300471914551172981,1,1,skt,0.6686031047348957
1618903412314909053,8150806168444344502,300471914551172981,1,1,skt,0.6907936707627378
1618903412314909053,816286915455981984,8573800373938698102,1,1,skt,0.6787333721882892
1618903412314909053,1962751598315765836,300471914551172981,1,1,skt,0.6953879913461025
1618903412314909053,7444476343858270082,300471914551172981,1,1,skt,0.6992761859573755
1618903412314909053,2537821716777940730,300471914551172981,1,1,skt,0.7000771001943514
1618903412314909053,1061301253559417093,300471914551172981,1,1,skt,0.6814915876378714
1618903412314909053,8553379303363759508,300471914551172981,1,1,skt,0.6738600719440675
1618903412314909053,6440511557387709110,300471914551172981,1,1,skt,0.6982064068095648
1618903412314909053,7744513373483970787,8573800373938698102,1,1,skt,0.6325302543889512
1618903412314909053,2971078979906996375,300471914551172981,1,1,skt,0.68875464155301
1618903412314909053,5841359775533910823,300471914551172981,1,1,skt,0.6602467036777954
1618903412314909053,8621262567927479011,300471914551172981,1,1,skt,0.6972685801182213
1618903412314909053,8434961942249729798,8573800373938698102,0,1,skt,0.6650808743284707
1618903412314909053,2322042198017538996,8573800373938698102,0,1,skt,0.6671295251005437
1618903412314909053,1742185772413642127,300471914551172981,1,1,skt,0.7031359375173725
1618903412314909053,2334639155148655290,8573800373938698102,0,1,skt,0.6733073325738195
1618903412314909053,7660717256841499384,300471914551172981,1,1,skt,0.7167388910093319
1618903412314909053,4113615466659810841,300471914551172981,1,1,skt,0.7022733114788525
1618903412314909053,6125574002232610732,300471914551172981,1,1,skt,0.6685327232289726
1618903412314909053,2774368076249802464,8573800373938698102,0,1,skt,0.661036086140924
1618903412314909053,8903365289186067945,8573800373938698102,0,1,skt,0.6638770363390836
1618903412314909053,6925932688889117475,300471914551172981,1,1,skt,0.7204001343565859
1618903412314909053,8194071366621068887,8573800373938698102,0,1,skt,0.642074315411306
1618903412314909053,2986660907093963186,300471914551172981,1,1,skt,0.7257425359616075
1618903412314909053,7591109345808921544,300471914551172981,1,1,skt,0.7026052615993992
1618903412314909053,625545550176685521,8573800373938698102,0,1,skt,0.6750515944152915
1618903412314909053,1761868641361943332,8573800373938698102,0,1,skt,0.6825995462811933
1618903412314909053,4824259625677886603,300471914551172981,1,1,skt,0.6988752720524406
1618903412314909053,8450591260754163598,8573800373938698102,0,1,skt,0.6613918451996871
1618903412314909053,1553079256999111676,300471914551172981,1,1,skt,0.7067694665410957
1618903412314909053,3220231712819306119,8573800373938698102,0,1,skt,0.6682571229690227
1618903412314909053,338807275221326836,300471914551172981,1,1,skt,0.6949841548662892
1618903412314909053,8525319303741530302,8573800373938698102,0,1,skt,0.6691015574691048
1618903412314909053,6587421150596252277,300471914551172981,1,1,skt,0.7084124405589232
1618903412314909053,5891620578387310353,300471914551172981,1,1,skt,0.6918781302992284
1618903412314909053,5791250638486922978,300471914551172981,1,1,skt,0.7127887718496443
1618903412314909053,4031585874086886353,8573800373938698102,0,1,skt,0.6837682700806654
1618903412314909053,2083452711903133430,8573800373938698102,0,1,skt,0.705324804603913
1618903412314909053,6319743179241711738,8573800373938698102,0,1,skt,0.6856197118875641
1618903412314909053,8628686323660025649,300471914551172981,1,1,skt,0.7119427039255981
1618903412314909053,4378721629787482518,300471914551172981,1,1,skt,0.717833871292165
1618903412314909053,4813462692425748605,300471914551172981,1,1,skt,0.6831439625142214
1618903412314909053,4644364625800006675,300471914551172981,1,1,skt,0.7012761819409904
1618903412314909053,1062464292871659639,8573800373938698102,1,1,skt,0.686303939723247
1618903412314909053,5932668873100475470,300471914551172981,1,1,skt,0.7223154310776903
1618903412314909053,5237822943399727048,8573800373938698102,0,1,skt,0.6898488333762471
1625359377637083757,300471914551172981,300471914551172981,1,1,skt,0.6821806352515032
1625359377637083757,8573800373938698102,8573800373938698102,1,1,skt,0.6271244374648073
1625359377637083757,2014268979504181100,300471914551172981,0,1,skt,0.6674760976882969
1625359377637083757,2172169907340938753,300471914551172981,0,1,skt,0.6686031047348957
1625359377637083757,8150806168444344502,300471914551172981,1,1,skt,0.6907936707627378
1625359377637083757,816286915455981984,8573800373938698102,1,1,skt,0.6787333721882892
1625359377637083757,1962751598315765836,300471914551172981,0,1,skt,0.6953879913461025
1625359377637083757,7444476343858270082,300471914551172981,0,1,skt,0.6992761859573755
1625359377637083757,2537821716777940730,300471914551172981,0,1,skt,0.7000771001943514
1625359377637083757,1061301253559417093,300471914551172981,0,1,skt,0.6814915876378714
1625359377637083757,8553379303363759508,300471914551172981,0,1,skt,0.6738600719440675
1625359377637083757,6440511557387709110,300471914551172981,0,1,skt,0.6982064068095648
1625359377637083757,7744513373483970787,8573800373938698102,1,1,skt,0.6325302543889512
1625359377637083757,2971078979906996375,300471914551172981,0,1,skt,0.68875464155301
1625359377637083757,5841359775533910823,300471914551172981,0,1,skt,0.6602467036777954
1625359377637083757,8621262567927479011,300471914551172981,1,1,skt,0.6972685801182213
1625359377637083757,8434961942249729798,8573800373938698102,1,1,skt,0.6650808743284707
1625359377637083757,2322042198017538996,8573800373938698102,1,1,skt,0.6671295251005437
1625359377637083757,1742185772413642127,300471914551172981,1,1,skt,0.7031359375173725
1625359377637083757,2334639155148655290,8573800373938698102,1,1,skt,0.6733073325738195
1625359377637083757,7660717256841499384,300471914551172981,0,1,skt,0.7167388910093319
1625359377637083757,4113615466659810841,300471914551172981,0,1,skt,0.7022733114788525
1625359377637083757,6125574002232610732,300471914551172981,1,1,skt,0.6685327232289726
1625359377637083757,2774368076249802464,8573800373938698102,1,1,skt,0.661036086140924
1625359377637083757,8903365289186067945,8573800373938698102,1,1,skt,0.6638770363390836
1625359377637083757,6925932688889117475,300471914551172981,1,1,skt,0.7204001343565859
1625359377637083757,8194071366621068887,8573800373938698102,1,1,skt,0.642074315411306
1625359377637083757,2986660907093963186,300471914551172981,1,1,skt,0.7257425359616075
1625359377637083757,7591109345808921544,300471914551172981,1,1,skt,0.7026052615993992
1625359377637083757,625545550176685521,8573800373938698102,1,1,skt,0.6750515944152915
1625359377637083757,1761868641361943332,8573800373938698102,1,1,skt,0.6825995462811933
1625359377637083757,4824259625677886603,300471914551172981,0,1,skt,0.6988752720524406
1625359377637083757,8450591260754163598,8573800373938698102,1,1,skt,0.6613918451996871
1625359377637083757,1553079256999111676,300471914551172981,0,1,skt,0.7067694665410957
1625359377637083757,3220231712819306119,8573800373938698102,1,1,skt,0.6682571229690227
1625359377637083757,338807275221326836,300471914551172981,1,1,skt,0.6949841548662892
1625359377637083757,8525319303741530302,8573800373938698102,1,1,skt,0.6691015574691048
1625359377637083757,6587421150596252277,300471914551172981,1,1,skt,0.7084124405589232
1625359377637083757,5891620578387310353,300471914551172981,1,1,skt,0.6918781302992284
1625359377637083757,5791250638486922978,300471914551172981,0,1,skt,0.7127887718496443
1625359377637083757,4031585874086886353,8573800373938698102,1,1,skt,0.6837682700806654
1625359377637083757,2083452711903133430,8573800373938698102,1,1,skt,0.705324804603913
1625359377637083757,6319743179241711738,8573800373938698102,1,1,skt,0.6856197118875641
1625359377637083757,8628686323660025649,300471914551172981,1,1,skt,0.7119427039255981
1625359377637083757,4378721629787482518,300471914551172981,1,1,skt,0.717833871292165
1625359377637083757,4813462692425748605,300471914551172981,0,1,skt,0.6831439625142214
1625359377637083757,4644364625800006675,300471914551172981,1,1,skt,0.7012761819409904
1625359377637083757,1062464292871659639,8573800373938698102,1,1,skt,0.686303939723247
1625359377637083757,5932668873100475470,300471914551172981,1,1,skt,0.7223154310776903
1625359377637083757,5237822943399727048,8573800373938698102,1,1,skt,0.6898488333762471
1679548879296628523,300471914551172981,300471914551172981,1,1,skt,0.6821806352515032
1679548879296628523,8573800373938698102,8573800373938698102,0,1,skt,0.6271244374648073
1679548879296628523,2014268979504181100,300471914551172981,1,1,skt,0.6674760976882969
1679548879296628523,2172169907340938753,300471914551172981,1,1,skt,0.6686031047348957
1679548879296628523,8150806168444344502,300471914551172981,1,1,skt,0.6907936707627378
1679548879296628523,816286915455981984,8573800373938698102,0,1,skt,0.6787333721882892
1679548879296628523,1962751598315765836,300471914551172981,1,1,skt,0.6953879913461025
1679548879296628523,7444476343858270082,300471914551172981,1,1,skt,0.6992761859573755
1679548879296628523,2537821716777940730,300471914551172981,1,1,skt,0.7000771001943514
1679548879296628523,1061301253559417093,300471914551172981,1,1,skt,0.6814915876378714
1679548879296628523,8553379303363759508,300471914551172981,1,1,skt,0.6738600719440675
1679548879296628523,6440511557387709110,300471914551172981,1,1,skt,0.6982064068095648
1679548879296628523,7744513373483970787,8573800373938698102,0,1,skt,0.6325302543889512
1679548879296628523,2971078979906996375,300471914551172981,1,1,skt,0.68875464155301
1679548879296628523,5841359775533910823,300471914551172981,1,1,skt,0.6602467036777954
1679548879296628523,8621262567927479011,300471914551172981,1,1,skt,0.6972685801182213
1679548879296628523,8434961942249729798,8573800373938698102,0,1,skt,0.6650808743284707
1679548879296628523,2322042198017538996,8573800373938698102,0,1,skt,0.6671295251005437
1679548879296628523,1742185772413642127,300471914551172981,1,1,skt,0.7031359375173725
1679548879296628523,2334639155148655290,8573800373938698102,0,1,skt,0.6733073325738195
1679548879296628523,7660717256841499384,300471914551172981,1,1,skt,0.7167388910093319
1679548879296628523,4113615466659810841,300471914551172981,1,1,skt,0.7022733114788525
1679548879296628523,6125574002232610732,300471914551172981,1,1,skt,0.6685327232289726
1679548879296628523,2774368076249802464,8573800373938698102,0,1,skt,0.661036086140924
1679548879296628523,8903365289186067945,8573800373938698102,0,1,skt,0.6638770363390836
1679548879296628523,6925932688889117475,300471914551172981,1,1,skt,0.7204001343565859
1679548879296628523,8194071366621068887,8573800373938698102,1,1,skt,0.642074315411306
1679548879296628523,2986660907093963186,300471914551172981,1,1,skt,0.7257425359616075
1679548879296628523,7591109345808921544,300471914551172981,1,1,skt,0.7026052615993992
1679548879296628523,625545550176685521,8573800373938698102,0,1,skt,0.6750515944152915
1679548879296628523,1761868641361943332,8573800373938698102,0,1,skt,0.6825995462811933
1679548879296628523,4824259625677886603,300471914551172981,1,1,skt,0.6988752720524406
1679548879296628523,8450591260754163598,8573800373938698102,0,1,skt,0.6613918451996871
1679548879296628523,1553079256999111676,300471914551172981,1,1,skt,0.7067694665410957
1679548879296628523,3220231712819306119,8573800373938698102,1,1,skt,0.6682571229690227
1679548879296628523,338807275221326836,300471914551172981,1,1,skt,0.6949841548662892
1679548879296628523,8525319303741530302,8573800373938698102,1,1,skt,0.6691015574691048
1679548879296628523,6587421150596252277,300471914551172981,1,1,skt,0.7084124405589232
1679548879296628523,5891620578387310353,300471914551172981,1,1,skt,0.6918781302992284
1679548879296628523,5791250638486922978,300471914551172981,1,1,skt,0.7127887718496443
1679548879296628523,4031585874086886353,8573800373938698102,0,1,skt,0.6837682700806654
1679548879296628523,2083452711903133430,8573800373938698102,0,1,skt,0.705324804603913
1679548879296628523,6319743179241711738,8573800373938698102,1,1,skt,0.6856197118875641
1679548879296628523,8628686323660025649,300471914551172981,1,1,skt,0.7119427039255981
1679548879296628523,4378721629787482518,300471914551172981,1,1,skt,0.717833871292165
1679548879296628523,4813462692425748605,300471914551172981,1,1,skt,0.6831439625142214
1679548879296628523,4644364625800006675,300471914551172981,1,1,skt,0.7012761819409904
1679548879296628523,1062464292871659639,8573800373938698102,0,1,skt,0.686303939723247
1679548879296628523,5932668873100475470,300471914551172981,1,1,skt,0.7223154310776903
1679548879296628523,5237822943399727048,8573800373938698102,0,1,skt,0.6898488333762471
1688411048883114356,300471914551172981,300471914551172981,1,1,skt,0.6821806352515032
1688411048883114356,8573800373938698102,8573800373938698102,0,1,skt,0.6271244374648073
1688411048883114356,2014268979504181100,300471914551172981,1,1,skt,0.6674760976882969
1688411048883114356,2172169907340938753,300471914551172981,1,1,skt,0.6686031047348957
1688411048883114356,8150806168444344502,300471914551172981,1,1,skt,0.6907936707627378
1688411048883114356,816286915455981984,8573800373938698102,1,1,skt,0.6787333721882892
1688411048883114356,1962751598315765836,300471914551172981,1,1,skt,0.6953879913461025
1688411048883114356,7444476343858270082,300471914551172981,1,1,skt,0.6992761859573755
1688411048883114356,2537821716777940730,300471914551172981,1,1,skt,0.7000771001943514
1688411048883114356,1061301253559417093,300471914551172981,1,1,skt,0.6814915876378714
1688411048883114356,8553379303363759508,300471914551172981,1,1,skt,0.6738600719440675
1688411048883114356,6440511557387709110,300471914551172981,1,1,skt,0.6982064068095648
1688411048883114356,7744513373483970787,8573800373938698102,1,1,skt,0.6325302543889512
1688411048883114356,2971078979906996375,300471914551172981,1,1,skt,0.68875464155301
1688411048883114356,5841359775533910823,300471914551172981,1,1,skt,0.6602467036777954
1688411048883114356,8621262567927479011,300471914551172981,1,1,skt,0.6972685801182213
1688411048883114356,8434961942249729798,8573800373938698102,1,1,skt,0.6650808743284707
1688411048883114356,2322042198017538996,8573800373938698102,1,1,skt,0.6671295251005437
1688411048883114356,1742185772413642127,300471914551172981,1,1,skt,0.7031359375173725
1688411048883114356,2334639155148655290,8573800373938698102,1,1,skt,0.6733073325738195
1688411048883114356,7660717256841499384,300471914551172981,1,1,skt,0.7167388910093319
1688411048883114356,4113615466659810841,300471914551172981,1,1,skt,0.7022733114788525
1688411048883114356,6125574002232610732,300471914551172981,1,1,skt,0.6685327232289726
1688411048883114356,2774368076249802464,8573800373938698102,1,1,skt,0.661036086140924
1688411048883114356,8903365289186067945,8573800373938698102,1,1,skt,0.6638770363390836
1688411048883114356,6925932688889117475,300471914551172981,1,1,skt,0.7204001343565859
1688411048883114356,8194071366621068887,8573800373938698102,1,1,skt,0.642074315411306
1688411048883114356,2986660907093963186,300471914551172981,1,1,skt,0.7257425359616075
1688411048883114356,7591109345808921544,300471914551172981,1,1,skt,0.7026052615993992
1688411048883114356,625545550176685521,8573800373938698102,1,1,skt,0.6750515944152915
1688411048883114356,1761868641361943332,8573800373938698102,1,1,skt,0.6825995462811933
1688411048883114356,4824259625677886603,300471914551172981,1,1,skt,0.6988752720524406
1688411048883114356,8450591260754163598,8573800373938698102,1,1,skt,0.6613918451996871
1688411048883114356,1553079256999111676,300471914551172981,1,1,skt,0.7067694665410957
1688411048883114356,3220231712819306119,8573800373938698102,1,1,skt,0.6682571229690227
1688411048883114356,338807275221326836,300471914551172981,1,1,skt,0.6949841548662892
1688411048883114356,8525319303741530302,8573800373938698102,1,1,skt,0.6691015574691048
1688411048883114356,6587421150596252277,300471914551172981,1,1,skt,0.7084124405589232
1688411048883114356,5891620578387310353,300471914551172981,1,1,skt,0.6918781302992284
1688411048883114356,5791250638486922978,300471914551172981,1,1,skt,0.7127887718496443
1688411048883114356,4031585874086886353,8573800373938698102,1,1,skt,0.6837682700806654
1688411048883114356,2083452711903133430,8573800373938698102,1,1,skt,0.705324804603913
1688411048883114356,6319743179241711738,8573800373938698102,1,1,skt,0.6856197118875641
1688411048883114356,8628686323660025649,300471914551172981,1,1,skt,0.7119427039255981
1688411048883114356,4378721629787482518,300471914551172981,1,1,skt,0.717833871292165
1688411048883114356,4813462692425748605,300471914551172981,1,1,skt,0.6831439625142214
1688411048883114356,4644364625800006675,300471914551172981,1,1,skt,0.7012761819409904
1688411048883114356,1062464292871659639,8573800373938698102,1,1,skt,0.686303939723247
1688411048883114356,5932668873100475470,300471914551172981,1,1,skt,0.7223154310776903
1688411048883114356,5237822943399727048,8573800373938698102,1,1,skt,0.6898488333762471
1785030393691810266,300471914551172981,300471914551172981,1,1,skt,0.6821806352515032
1785030393691810266,8573800373938698102,8573800373938698102,0,1,skt,0.6271244374648073
1785030393691810266,2014268979504181100,300471914551172981,0,1,skt,0.6674760976882969
1785030393691810266,2172169907340938753,300471914551172981,1,1,skt,0.6686031047348957
1785030393691810266,8150806168444344502,300471914551172981,1,1,skt,0.6907936707627378
1785030393691810266,816286915455981984,8573800373938698102,1,1,skt,0.6787333721882892
1785030393691810266,1962751598315765836,300471914551172981,1,1,skt,0.6953879913461025
1785030393691810266,7444476343858270082,300471914551172981,0,1,skt,0.6992761859573755
1785030393691810266,2537821716777940730,300471914551172981,0,1,skt,0.7000771001943514
1785030393691810266,1061301253559417093,300471914551172981,0,1,skt,0.6814915876378714
1785030393691810266,8553379303363759508,300471914551172981,1,1,skt,0.6738600719440675
1785030393691810266,6440511557387709110,300471914551172981,1,1,skt,0.6982064068095648
1785030393691810266,7744513373483970787,8573800373938698102,1,1,skt,0.6325302543889512
1785030393691810266,2971078979906996375,300471914551172981,0,1,skt,0.68875464155301
1785030393691810266,5841359775533910823,300471914551172981,0,1,skt,0.6602467036777954
1785030393691810266,8621262567927479011,300471914551172981,1,1,skt,0.6972685801182213
1785030393691810266,8434961942249729798,8573800373938698102,1,1,skt,0.6650808743284707
1785030393691810266,2322042198017538996,8573800373938698102,1,1,skt,0.6671295251005437
1785030393691810266,1742185772413642127,300471914551172981,1,1,skt,0.7031359375173725
1785030393691810266,2334639155148655290,8573800373938698102,0,1,skt,0.6733073325738195
1785030393691810266,7660717256841499384,300471914551172981,1,1,skt,0.7167388910093319
1785030393691810266,4113615466659810841,300471914551172981,1,1,skt,0.7022733114788525
1785030393691810266,6125574002232610732,300471914551172981,1,1,skt,0.6685327232289726
1785030393691810266,2774368076249802464,8573800373938698102,1,1,skt,0.661036086140924
1785030393691810266,8903365289186067945,8573800373938698102,1,1,skt,0.6638770363390836
1785030393691810266,6925932688889117475,300471914551172981,1,1,skt,0.7204001343565859
1785030393691810266,8194071366621068887,8573800373938698102,1,1,skt,0.642074315411306
1785030393691810266,2986660907093963186,300471914551172981,1,1,skt,0.7257425359616075
1785030393691810266,7591109345808921544,300471914551172981,1,1,skt,0.7026052615993992
1785030393691810266,625545550176685521,8573800373938698102,1,1,skt,0.6750515944152915
1785030393691810266,1761868641361943332,8573800373938698102,1,1,skt,0.6825995462811933
1785030393691810266,4824259625677886603,300471914551172981,1,1,skt,0.6988752720524406
1785030393691810266,8450591260754163598,8573800373938698102,1,1,skt,0.6613918451996871
1785030393691810266,1553079256999111676,300471914551172981,1,1,skt,0.7067694665410957
1785030393691810266,3220231712819306119,8573800373938698102,1,1,skt,0.6682571229690227
1785030393691810266,338807275221326836,300471914551172981,1,1,skt,0.6949841548662892
1785030393691810266,8525319303741530302,8573800373938698102,1,1,skt,0.6691015574691048
1785030393691810266,6587421150596252277,300471914551172981,1,1,skt,0.7084124405589232
1785030393691810266,5891620578387310353,300471914551172981,0,1,skt,0.6918781302992284
1785030393691810266,5791250638486922978,300471914551172981,1,1,skt,0.7127887718496443
1785030393691810266,4031585874086886353,8573800373938698102,1,1,skt,0.6837682700806654
1785030393691810266,2083452711903133430,8573800373938698102,1,1,skt,0.705324804603913
1785030393691810266,6319743179241711738,8573800373938698102,1,1,skt,0.6856197118875641
1785030393691810266,8628686323660025649,300471914551172981,1,1,skt,0.7119427039255981
1785030393691810266,4378721629787482518,300471914551172981,1,1,skt,0.717833871292165
1785030393691810266,4813462692425748605,300471914551172981,1,1,skt,0.6831439625142214
1785030393691810266,4644364625800006675,300471914551172981,1,1,skt,0.7012761819409904
1785030393691810266,1062464292871659639,8573800373938698102,1,1,skt,0.686303939723247
1785030393691810266,5932668873100475470,300471914551172981,1,1,skt,0.7223154310776903
1785030393691810266,5237822943399727048,8573800373938698102,1,1,skt,0.6898488333762471
1808587128641117349,300471914551172981,300471914551172981,0,1,skt,0.6821806352515032
1808587128641117349,8573800373938698102,8573800373938698102,0,1,skt,0.6271244374648073
1808587128641117349,2014268979504181100,300471914551172981,0,1,skt,0.6674760976882969
1808587128641117349,2172169907340938753,300471914551172981,0,1,skt,0.6686031047348957
1808587128641117349,8150806168444344502,300471914551172981,1,1,skt,0.6907936707627378
1808587128641117349,816286915455981984,8573800373938698102,0,1,skt,0.6787333721882892
1808587128641117349,1962751598315765836,300471914551172981,1,1,skt,0.6953879913461025
1808587128641117349,7444476343858270082,300471914551172981,0,1,skt,0.6992761859573755
1808587128641117349,2537821716777940730,300471914551172981,0,1,skt,0.7000771001943514
1808587128641117349,1061301253559417093,300471914551172981,1,1,skt,0.6814915876378714
1808587128641117349,8553379303363759508,300471914551172981,0,1,skt,0.6738600719440675
1808587128641117349,6440511557387709110,300471914551172981,1,1,skt,0.6982064068095648
1808587128641117349,7744513373483970787,8573800373938698102,0,1,skt,0.6325302543889512
1808587128641117349,2971078979906996375,300471914551172981,0,1,skt,0.68875464155301
1808587128641117349,5841359775533910823,300471914551172981,0,1,skt,0.6602467036777954
1808587128641117349,8621262567927479011,300471914551172981,0,1,skt,0.6972685801182213
1808587128641117349,8434961942249729798,8573800373938698102,0,1,skt,0.6650808743284707
1808587128641117349,2322042198017538996,8573800373938698102,0,1,skt,0.6671295251005437
1808587128641117349,1742185772413642127,300471914551172981,0,1,skt,0.7031359375173725
1808587128641117349,2334639155148655290,8573800373938698102,0,1,skt,0.6733073325738195
1808587128641117349,7660717256841499384,300471914551172981,1,1,skt,0.7167388910093319
1808587128641117349,4113615466659810841,300471914551172981,1,1,skt,0.7022733114788525
1808587128641117349,6125574002232610732,300471914551172981,0,1,skt,0.6685327232289726
1808587128641117349,2774368076249802464,8573800373938698102,0,1,skt,0.661036086140924
1808587128641117349,8903365289186067945,8573800373938698102,0,1,skt,0.6638770363390836
1808587128641117349,6925932688889117475,300471914551172981,1,1,skt,0.7204001343565859
1808587128641117349,8194071366621068887,8573800373938698102,0,1,skt,0.642074315411306
1808587128641117349,2986660907093963186,300471914551172981,1,1,skt,0.7257425359616075
1808587128641117349,7591109345808921544,300471914551172981,1,1,skt,0.7026052615993992
1808587128641117349,625545550176685521,8573800373938698102,0,1,skt,0.6750515944152915
1808587128641117349,1761868641361943332,8573800373938698102,1,1,skt,0.6825995462811933
1808587128641117349,4824259625677886603,300471914551172981,0,1,skt,0.6988752720524406
1808587128641117349,8450591260754163598,8573800373938698102,0,1,skt,0.6613918451996871
1808587128641117349,1553079256999111676,300471914551172981,0,1,skt,0.7067694665410957
1808587128641117349,3220231712819306119,8573800373938698102,0,1,skt,0.6682571229690227
1808587128641117349,338807275221326836,300471914551172981,0,1,skt,0.6949841548662892
1808587128641117349,8525319303741530302,8573800373938698102,0,1,skt,0.6691015574691048
1808587128641117349,6587421150596252277,300471914551172981,1,1,skt,0.7084124405589232
1808587128641117349,5891620578387310353,300471914551172981,1,1,skt,0.6918781302992284
1808587128641117349,5791250638486922978,300471914551172981,0,1,skt,0.7127887718496443
1808587128641117349,4031585874086886353,8573800373938698102,0,1,skt,0.6837682700806654
1808587128641117349,2083452711903133430,8573800373938698102,0,1,skt,0.705324804603913
1808587128641117349,6319743179241711738,8573800373938698102,0,1,skt,0.6856197118875641
1808587128641117349,8628686323660025649,300471914551172981,0,1,skt,0.7119427039255981
1808587128641117349,4378721629787482518,300471914551172981,0,1,skt,0.717833871292165
1808587128641117349,4813462692425748605,300471914551172981,0,1,skt,0.6831439625142214
1808587128641117349,4644364625800006675,300471914551172981,0,1,skt,0.7012761819409904
1808587128641117349,1062464292871659639,8573800373938698102,0,1,skt,0.686303939723247
1808587128641117349,5932668873100475470,300471914551172981,1,1,skt,0.7223154310776903
1808587128641117349,5237822943399727048,8573800373938698102,0,1,skt,0.6898488333762471
1809111747278392846,300471914551172981,300471914551172981,0,1,skt,0.6821806352515032
1809111747278392846,8573800373938698102,8573800373938698102,0,1,skt,0.6271244374648073
1809111747278392846,2014268979504181100,300471914551172981,0,1,skt,0.6674760976882969
1809111747278392846,2172169907340938753,300471914551172981,0,1,skt,0.6686031047348957
1809111747278392846,8150806168444344502,300471914551172981,0,1,skt,0.6907936707627378
1809111747278392846,816286915455981984,8573800373938698102,0,1,skt,0.6787333721882892
1809111747278392846,1962751598315765836,300471914551172981,1,1,skt,0.6953879913461025
1809111747278392846,7444476343858270082,300471914551172981,1,1,skt,0.6992761859573755
1809111747278392846,2537821716777940730,300471914551172981,1,1,skt,0.7000771001943514
1809111747278392846,1061301253559417093,300471914551172981,0,1,skt,0.6814915876378714
1809111747278392846,8553379303363759508,300471914551172981,0,1,skt,0.6738600719440675
1809111747278392846,6440511557387709110,300471914551172981,0,1,skt,0.6982064068095648
1809111747278392846,7744513373483970787,8573800373938698102,0,1,skt,0.6325302543889512
1809111747278392846,2971078979906996375,300471914551172981,1,1,skt,0.68875464155301
1809111747278392846,5841359775533910823,300471914551172981,0,1,skt,0.6602467036777954
1809111747278392846,8621262567927479011,300471914551172981,1,1,skt,0.6972685801182213
1809111747278392846,8434961942249729798,8573800373938698102,0,1,skt,0.6650808743284707
1809111747278392846,2322042198017538996,8573800373938698102,0,1,skt,0.6671295251005437
1809111747278392846,1742185772413642127,300471914551172981,1,1,skt,0.7031359375173725
1809111747278392846,2334639155148655290,8573800373938698102,1,1,skt,0.6733073325738195
1809111747278392846,7660717256841499384,300471914551172981,1,1,skt,0.7167388910093319
1809111747278392846,4113615466659810841,300471914551172981,1,1,skt,0.7022733114788525
1809111747278392846,6125574002232610732,300471914551172981,0,1,skt,0.6685327232289726
1809111747278392846,2774368076249802464,8573800373938698102,0,1,skt,0.661036086140924
1809111747278392846,8903365289186067945,8573800373938698102,1,1,skt,0.6638770363390836
1809111747278392846,6925932688889117475,300471914551172981,1,1,skt,0.7204001343565859
1809111747278392846,8194071366621068887,8573800373938698102,0,1,skt,0.642074315411306
1809111747278392846,2986660907093963186,300471914551172981,1,1,skt,0.7257425359616075
1809111747278392846,7591109345808921544,300471914551172981,0,1,skt,0.7026052615993992
1809111747278392846,625545550176685521,8573800373938698102,0,1,skt,0.6750515944152915
1809111747278392846,1761868641361943332,8573800373938698102,1,1,skt,0.6825995462811933
1809111747278392846,4824259625677886603,300471914551172981,1,1,skt,0.6988752720524406
1809111747278392846,8450591260754163598,8573800373938698102,0,1,skt,0.6613918451996871
1809111747278392846,1553079256999111676,300471914551172981,0,1,skt,0.7067694665410957
1809111747278392846,3220231712819306119,8573800373938698102,0,1,skt,0.6682571229690227
1809111747278392846,338807275221326836,300471914551172981,1,1,skt,0.6949841548662892
1809111747278392846,8525319303741530302,8573800373938698102,0,1,skt,0.6691015574691048
1809111747278392846,6587421150596252277,300471914551172981,0,1,skt,0.7084124405589232
1809111747278392846,5891620578387310353,300471914551172981,1,1,skt,0.6918781302992284
1809111747278392846,5791250638486922978,300471914551172981,1,1,skt,0.7127887718496443
1809111747278392846,4031585874086886353,8573800373938698102,0,1,skt,0.6837682700806654
1809111747278392846,2083452711903133430,8573800373938698102,1,1,skt,0.705324804603913
1809111747278392846,6319743179241711738,8573800373938698102,1,1,skt,0.6856197118875641
1809111747278392846,8628686323660025649,300471914551172981,0,1,skt,0.7119427039255981
1809111747278392846,4378721629787482518,300471914551172981,0,1,skt,0.717833871292165
1809111747278392846,4813462692425748605,300471914551172981,0,1,skt,0.6831439625142214
1809111747278392846,4644364625800006675,300471914551172981,1,1,skt,0.7012761819409904
1809111747278392846,1062464292871659639,8573800373938698102,1,1,skt,0.686303939723247
1809111747278392846,5932668873100475470,300471914551172981,1,1,skt,0.7223154310776903
1809111747278392846,5237822943399727048,8573800373938698102,1,1,skt,0.6898488333762471
1956906990095827881,300471914551172981,300471914551172981,0,1,skt,0.6821806352515032
1956906990095827881,8573800373938698102,8573800373938698102,1,1,skt,0.6271244374648073
1956906990095827881,2014268979504181100,300471914551172981,1,1,skt,0.6674760976882969
1956906990095827881,2172169907340938753,300471914551172981,1,1,skt,0.6686031047348957
1956906990095827881,8150806168444344502,300471914551172981,1,1,skt,0.6907936707627378
1956906990095827881,816286915455981984,8573800373938698102,1,1,skt,0.6787333721882892
1956906990095827881,1962751598315765836,300471914551172981,1,1,skt,0.6953879913461025
1956906990095827881,7444476343858270082,300471914551172981,0,1,skt,0.6992761859573755
1956906990095827881,2537821716777940730,300471914551172981,1,1,skt,0.7000771001943514
1956906990095827881,1061301253559417093,300471914551172981,0,1,skt,0.6814915876378714
1956906990095827881,8553379303363759508,300471914551172981,0,1,skt,0.6738600719440675
1956906990095827881,6440511557387709110,300471914551172981,1,1,skt,0.6982064068095648
1956906990095827881,7744513373483970787,8573800373938698102,1,1,skt,0.6325302543889512
1956906990095827881,2971078979906996375,300471914551172981,1,1,skt,0.68875464155301
1956906990095827881,5841359775533910823,300471914551172981,1,1,skt,0.6602467036777954
1956906990095827881,8621262567927479011,300471914551172981,1,1,skt,0.6972685801182213
1956906990095827881,8434961942249729798,8573800373938698102,0,1,skt,0.6650808743284707
1956906990095827881,2322042198017538996,8573800373938698102,1,1,skt,0.6671295251005437
1956906990095827881,1742185772413642127,300471914551172981,0,1,skt,0.7031359375173725
1956906990095827881,2334639155148655290,8573800373938698102,1,1,skt,0.6733073325738195
1956906990095827881,7660717256841499384,300471914551172981,1,1,skt,0.7167388910093319
1956906990095827881,4113615466659810841,300471914551172981,0,1,skt,0.7022733114788525
1956906990095827881,6125574002232610732,300471914551172981,0,1,skt,0.6685327232289726
1956906990095827881,2774368076249802464,8573800373938698102,1,1,skt,0.661036086140924
1956906990095827881,8903365289186067945,8573800373938698102,1,1,skt,0.6638770363390836
1956906990095827881,6925932688889117475,300471914551172981,1,1,skt,0.7204001343565859
1956906990095827881,8194071366621068887,8573800373938698102,0,1,skt,0.642074315411306
1956906990095827881,2986660907093963186,300471914551172981,1,1,skt,0.7257425359616075
1956906990095827881,7591109345808921544,300471914551172981,0,1,skt,0.7026052615993992
1956906990095827881,625545550176685521,8573800373938698102,1,1,skt,0.6750515944152915
1956906990095827881,1761868641361943332,8573800373938698102,1,1,skt,0.6825995462811933
1956906990095827881,4824259625677886603,300471914551172981,0,1,skt,0.6988752720524406
1956906990095827881,8450591260754163598,8573800373938698102,1,1,skt,0.6613918451996871
1956906990095827881,1553079256999111676,300471914551172981,0,1,skt,0.7067694665410957
1956906990095827881,3220231712819306119,8573800373938698102,0,1,skt,0.6682571229690227
1956906990095827881,338807275221326836,300471914551172981,1,1,skt,0.6949841548662892
1956906990095827881,8525319303741530302,8573800373938698102,1,1,skt,0.6691015574691048
1956906990095827881,6587421150596252277,300471914551172981,1,1,skt,0.7084124405589232
1956906990095827881,5891620578387310353,300471914551172981,0,1,skt,0.6918781302992284
1956906990095827881,5791250638486922978,300471914551172981,0,1,skt,0.7127887718496443
1956906990095827881,4031585874086886353,8573800373938698102,1,1,skt,0.6837682700806654
1956906990095827881,2083452711903133430,8573800373938698102,1,1,skt,0.705324804603913
1956906990095827881,6319743179241711738,8573800373938698102,0,1,skt,0.6856197118875641
1956906990095827881,8628686323660025649,300471914551172981,1,1,skt,0.7119427039255981
1956906990095827881,4378721629787482518,300471914551172981,1,1,skt,0.717833871292165
1956906990095827881,4813462692425748605,300471914551172981,0,1,skt,0.6831439625142214
1956906990095827881,4644364625800006675,300471914551172981,1,1,skt,0.7012761819409904
1956906990095827881,1062464292871659639,8573800373938698102,1,1,skt,0.686303939723247
1956906990095827881,5932668873100475470,300471914551172981,1,1,skt,0.7223154310776903
1956906990095827881,5237822943399727048,8573800373938698102,0,1,skt,0.6898488333762471
1964666005942285859,300471914551172981,300471914551172981,1,1,skt,0.6821806352515032
1964666005942285859,8573800373938698102,8573800373938698102,1,1,skt,0.6271244374648073
1964666005942285859,2014268979504181100,300471914551172981,0,1,skt,0.6674760976882969
1964666005942285859,2172169907340938753,300471914551172981,1,1,skt,0.6686031047348957
1964666005942285859,8150806168444344502,300471914551172981,1,1,skt,0.6907936707627378
1964666005942285859,816286915455981984,8573800373938698102,1,1,skt,0.6787333721882892
1964666005942285859,1962751598315765836,300471914551172981,0,1,skt,0.6953879913461025
1964666005942285859,7444476343858270082,300471914551172981,1,1,skt,0.6992761859573755
1964666005942285859,2537821716777940730,300471914551172981,1,1,skt,0.7000771001943514
1964666005942285859,1061301253559417093,300471914551172981,1,1,skt,0.6814915876378714
1964666005942285859,8553379303363759508,300471914551172981,1,1,skt,0.6738600719440675
1964666005942285859,6440511557387709110,300471914551172981,1,1,skt,0.6982064068095648
1964666005942285859,7744513373483970787,8573800373938698102,1,1,skt,0.6325302543889512
1964666005942285859,2971078979906996375,300471914551172981,1,1,skt,0.68875464155301
1964666005942285859,5841359775533910823,300471914551172981,0,1,skt,0.6602467036777954
1964666005942285859,8621262567927479011,300471914551172981,1,1,skt,0.6972685801182213
1964666005942285859,8434961942249729798,8573800373938698102,1,1,skt,0.6650808743284707
1964666005942285859,2322042198017538996,8573800373938698102,1,1,skt,0.6671295251005437
1964666005942285859,1742185772413642127,300471914551172981,1,1,skt,0.7031359375173725
1964666005942285859,2334639155148655290,8573800373938698102,1,1,skt,0.6733073325738195
1964666005942285859,7660717256841499384,300471914551172981,1,1,skt,0.7167388910093319
1964666005942285859,4113615466659810841,300471914551172981,0,1,skt,0.7022733114788525
1964666005942285859,6125574002232610732,300471914551172981,1,1,skt,0.6685327232289726
1964666005942285859,2774368076249802464,8573800373938698102,1,1,skt,0.661036086140924
1964666005942285859,8903365289186067945,8573800373938698102,1,1,skt,0.6638770363390836
1964666005942285859,6925932688889117475,300471914551172981,1,1,skt,0.7204001343565859
1964666005942285859,8194071366621068887,8573800373938698102,1,1,skt,0.642074315411306
1964666005942285859,2986660907093963186,300471914551172981,1,1,skt,0.7257425359616075
1964666005942285859,7591109345808921544,300471914551172981,1,1,skt,0.7026052615993992
1964666005942285859,625545550176685521,8573800373938698102,1,1,skt,0.6750515944152915
1964666005942285859,1761868641361943332,8573800373938698102,1,1,skt,0.6825995462811933
1964666005942285859,4824259625677886603,300471914551172981,1,1,skt,0.6988752720524406
1964666005942285859,8450591260754163598,8573800373938698102,1,1,skt,0.6613918451996871
1964666005942285859,1553079256999111676,300471914551172981,1,1,skt,0.7067694665410957
1964666005942285859,3220231712819306119,8573800373938698102,1,1,skt,0.6682571229690227
1964666005942285859,338807275221326836,300471914551172981,0,1,skt,0.6949841548662892
1964666005942285859,8525319303741530302,8573800373938698102,1,1,skt,0.6691015574691048
1964666005942285859,6587421150596252277,300471914551172981,1,1,skt,0.7084124405589232
1964666005942285859,5891620578387310353,300471914551172981,1,1,skt,0.6918781302992284
1964666005942285859,5791250638486922978,300471914551172981,1,1,skt,0.7127887718496443
1964666005942285859,4031585874086886353,8573800373938698102,1,1,skt,0.6837682700806654
1964666005942285859,2083452711903133430,8573800373938698102,1,1,skt,0.705324804603913
1964666005942285859,6319743179241711738,8573800373938698102,1,1,skt,0.6856197118875641
1964666005942285859,8628686323660025649,300471914551172981,1,1,skt,0.7119427039255981
1964666005942285859,4378721629787482518,300471914551172981,1,1,skt,0.717833871292165
1964666005942285859,4813462692425748605,300471914551172981,1,1,skt,0.6831439625142214
1964666005942285859,4644364625800006675,300471914551172981,1,1,skt,0.7012761819409904
1964666005942285859,1062464292871659639,8573800373938698102,1,1,skt,0.686303939723247
1964666005942285859,5932668873100475470,300471914551172981,1,1,skt,0.7223154310776903
1964666005942285859,5237822943399727048,8573800373938698102,1,1,skt,0.6898488333762471
1967334056118598654,300471914551172981,300471914551172981,0,1,skt,0.6821806352515032
1967334056118598654,8573800373938698102,8573800373938698102,0,1,skt,0.6271244374648073
1967334056118598654,2014268979504181100,300471914551172981,0,1,skt,0.6674760976882969
1967334056118598654,2172169907340938753,300471914551172981,0,1,skt,0.6686031047348957
1967334056118598654,8150806168444344502,300471914551172981,0,1,skt,0.6907936707627378
1967334056118598654,816286915455981984,8573800373938698102,1,1,skt,0.6787333721882892
1967334056118598654,1962751598315765836,300471914551172981,0,1,skt,0.6953879913461025
1967334056118598654,7444476343858270082,300471914551172981,1,1,skt,0.6992761859573755
1967334056118598654,2537821716777940730,300471914551172981,0,1,skt,0.7000771001943514
1967334056118598654,1061301253559417093,300471914551172981,0,1,skt,0.6814915876378714
1967334056118598654,8553379303363759508,300471914551172981,0,1,skt,0.6738600719440675
1967334056118598654,6440511557387709110,300471914551172981,1,1,skt,0.6982064068095648
1967334056118598654,7744513373483970787,8573800373938698102,0,1,skt,0.6325302543889512
1967334056118598654,2971078979906996375,300471914551172981,0,1,skt,0.68875464155301
1967334056118598654,5841359775533910823,300471914551172981,1,1,skt,0.6602467036777954
1967334056118598654,8621262567927479011,300471914551172981,1,1,skt,0.6972685801182213
1967334056118598654,8434961942249729798,8573800373938698102,1,1,skt,0.6650808743284707
1967334056118598654,2322042198017538996,8573800373938698102,1,1,skt,0.6671295251005437
1967334056118598654,1742185772413642127,300471914551172981,1,1,skt,0.7031359375173725
1967334056118598654,2334639155148655290,8573800373938698102,0,1,skt,0.6733073325738195
1967334056118598654,7660717256841499384,300471914551172981,1,1,skt,0.7167388910093319
1967334056118598654,4113615466659810841,300471914551172981,0,1,skt,0.7022733114788525
1967334056118598654,6125574002232610732,300471914551172981,0,1,skt,0.6685327232289726
1967334056118598654,2774368076249802464,8573800373938698102,1,1,skt,0.661036086140924
1967334056118598654,8903365289186067945,8573800373938698102,1,1,skt,0.6638770363390836
1967334056118598654,6925932688889117475,300471914551172981,1,1,skt,0.7204001343565859
1967334056118598654,8194071366621068887,8573800373938698102,0,1,skt,0.642074315411306
1967334056118598654,2986660907093963186,300471914551172981,0,1,skt,0.7257425359616075
1967334056118598654,7591109345808921544,300471914551172981,1,1,skt,0.7026052615993992
1967334056118598654,625545550176685521,8573800373938698102,0,1,skt,0.6750515944152915
1967334056118598654,1761868641361943332,8573800373938698102,1,1,skt,0.6825995462811933
1967334056118598654,4824259625677886603,300471914551172981,0,1,skt,0.6988752720524406
1967334056118598654,8450591260754163598,8573800373938698102,1,1,skt,0.6613918451996871
1967334056118598654,1553079256999111676,300471914551172981,0,1,skt,0.7067694665410957
1967334056118598654,3220231712819306119,8573800373938698102,1,1,skt,0.6682571229690227
1967334056118598654,338807275221326836,300471914551172981,0,1,skt,0.6949841548662892
1967334056118598654,8525319303741530302,8573800373938698102,1,1,skt,0.6691015574691048
1967334056118598654,6587421150596252277,300471914551172981,1,1,skt,0.7084124405589232
1967334056118598654,5891620578387310353,300471914551172981,0,1,skt,0.6918781302992284
1967334056118598654,5791250638486922978,300471914551172981,1,1,skt,0.7127887718496443
1967334056118598654,4031585874086886353,8573800373938698102,1,1,skt,0.6837682700806654
1967334056118598654,2083452711903133430,8573800373938698102,1,1,skt,0.705324804603913
1967334056118598654,6319743179241711738,8573800373938698102,1,1,skt,0.6856197118875641
1967334056118598654,8628686323660025649,300471914551172981,1,1,skt,0.7119427039255981
1967334056118598654,4378721629787482518,300471914551172981,1,1,skt,0.717833871292165
1967334056118598654,4813462692425748605,300471914551172981,1,1,skt,0.6831439625142214
1967334056118598654,4644364625800006675,300471914551172981,1,1,skt,0.7012761819409904
1967334056118598654,1062464292871659639,8573800373938698102,1,1,skt,0.686303939723247
1967334056118598654,5932668873100475470,300471914551172981,1,1,skt,0.7223154310776903
1967334056118598654,5237822943399727048,8573800373938698102,1,1,skt,0.6898488333762471
2006404817126484696,300471914551172981,300471914551172981,1,1,skt,0.6821806352515032
2006404817126484696,8573800373938698102,8573800373938698102,0,1,skt,0.6271244374648073
2006404817126484696,2014268979504181100,300471914551172981,1,1,skt,0.6674760976882969
2006404817126484696,2172169907340938753,300471914551172981,0,1,skt,0.6686031047348957
2006404817126484696,8150806168444344502,300471914551172981,0,1,skt,0.6907936707627378
2006404817126484696,816286915455981984,8573800373938698102,1,1,skt,0.6787333721882892
2006404817126484696,1962751598315765836,300471914551172981,0,1,skt,0.6953879913461025
2006404817126484696,7444476343858270082,300471914551172981,1,1,skt,0.6992761859573755
2006404817126484696,2537821716777940730,300471914551172981,1,1,skt,0.7000771001943514
2006404817126484696,1061301253559417093,300471914551172981,1,1,skt,0.6814915876378714
2006404817126484696,8553379303363759508,300471914551172981,1,1,skt,0.6738600719440675
2006404817126484696,6440511557387709110,300471914551172981,1,1,skt,0.6982064068095648
2006404817126484696,7744513373483970787,8573800373938698102,0,1,skt,0.6325302543889512
2006404817126484696,2971078979906996375,300471914551172981,1,1,skt,0.68875464155301
2006404817126484696,5841359775533910823,300471914551172981,0,1,skt,0.6602467036777954
2006404817126484696,8621262567927479011,300471914551172981,1,1,skt,0.6972685801182213
2006404817126484696,8434961942249729798,8573800373938698102,1,1,skt,0.6650808743284707
2006404817126484696,2322042198017538996,8573800373938698102,1,1,skt,0.6671295251005437
2006404817126484696,1742185772413642127,300471914551172981,1,1,skt,0.7031359375173725
2006404817126484696,2334639155148655290,8573800373938698102,0,1,skt,0.6733073325738195
2006404817126484696,7660717256841499384,300471914551172981,1,1,skt,0.7167388910093319
2006404817126484696,4113615466659810841,300471914551172981,1,1,skt,0.7022733114788525
2006404817126484696,6125574002232610732,300471914551172981,1,1,skt,0.6685327232289726
2006404817126484696,2774368076249802464,8573800373938698102,1,1,skt,0.661036086140924
2006404817126484696,8903365289186067945,8573800373938698102,0,1,skt,0.6638770363390836
2006404817126484696,6925932688889117475,300471914551172981,1,1,skt,0.7204001343565859
2006404817126484696,8194071366621068887,8573800373938698102,0,1,skt,0.642074315411306
2006404817126484696,2986660907093963186,300471914551172981,0,1,skt,0.7257425359616075
2006404817126484696,7591109345808921544,300471914551172981,1,1,skt,0.7026052615993992
2006404817126484696,625545550176685521,8573800373938698102,1,1,skt,0.6750515944152915
2006404817126484696,1761868641361943332,8573800373938698102,1,1,skt,0.6825995462811933
2006404817126484696,4824259625677886603,300471914551172981,1,1,skt,0.6988752720524406
2006404817126484696,8450591260754163598,8573800373938698102,1,1,skt,0.6613918451996871
2006404817126484696,1553079256999111676,300471914551172981,1,1,skt,0.7067694665410957
2006404817126484696,3220231712819306119,8573800373938698102,0,1,skt,0.6682571229690227
2006404817126484696,338807275221326836,300471914551172981,1,1,skt,0.6949841548662892
2006404817126484696,8525319303741530302,8573800373938698102,1,1,skt,0.6691015574691048
2006404817126484696,6587421150596252277,300471914551172981,1,1,skt,0.7084124405589232
2006404817126484696,5891620578387310353,300471914551172981,1,1,skt,0.6918781302992284
2006404817126484696,5791250638486922978,300471914551172981,1,1,skt,0.7127887718496443
2006404817126484696,4031585874086886353,8573800373938698102,1,1,skt,0.6837682700806654
2006404817126484696,2083452711903133430,8573800373938698102,1,1,skt,0.705324804603913
2006404817126484696,6319743179241711738,8573800373938698102,1,1,skt,0.6856197118875641
2006404817126484696,8628686323660025649,300471914551172981,1,1,skt,0.7119427039255981
2006404817126484696,4378721629787482518,300471914551172981,1,1,skt,0.717833871292165
2006404817126484696,4813462692425748605,300471914551172981,1,1,skt,0.6831439625142214
2006404817126484696,4644364625800006675,300471914551172981,1,1,skt,0.7012761819409904
2006404817126484696,1062464292871659639,8573800373938698102,0,1,skt,0.686303939723247
2006404817126484696,5932668873100475470,300471914551172981,1,1,skt,0.7223154310776903
2006404817126484696,5237822943399727048,8573800373938698102,1,1,skt,0.6898488333762471
2033945201824530036,300471914551172981,300471914551172981,1,1,skt,0.6821806352515032
2033945201824530036,8573800373938698102,8573800373938698102,0,1,skt,0.6271244374648073
2033945201824530036,2014268979504181100,300471914551172981,1,1,skt,0.6674760976882969
2033945201824530036,2172169907340938753,300471914551172981,1,1,skt,0.6686031047348957
2033945201824530036,8150806168444344502,300471914551172981,1,1,skt,0.6907936707627378
2033945201824530036,816286915455981984,8573800373938698102,0,1,skt,0.6787333721882892
2033945201824530036,1962751598315765836,300471914551172981,1,1,skt,0.6953879913461025
2033945201824530036,7444476343858270082,300471914551172981,1,1,skt,0.6992761859573755
2033945201824530036,2537821716777940730,300471914551172981,1,1,skt,0.7000771001943514
2033945201824530036,1061301253559417093,300471914551172981,1,1,skt,0.6814915876378714
2033945201824530036,8553379303363759508,300471914551172981,1,1,skt,0.6738600719440675
2033945201824530036,6440511557387709110,300471914551172981,1,1,skt,0.6982064068095648
2033945201824530036,7744513373483970787,8573800373938698102,0,1,skt,0.6325302543889512
2033945201824530036,2971078979906996375,300471914551172981,1,1,skt,0.68875464155301
2033945201824530036,5841359775533910823,300471914551172981,1,1,skt,0.6602467036777954
2033945201824530036,8621262567927479011,300471914551172981,1,1,skt,0.6972685801182213
2033945201824530036,8434961942249729798,8573800373938698102,0,1,skt,0.6650808743284707
2033945201824530036,2322042198017538996,8573800373938698102,0,1,skt,0.6671295251005437
2033945201824530036,1742185772413642127,300471914551172981,1,1,skt,0.7031359375173725
2033945201824530036,2334639155148655290,8573800373938698102,0,1,skt,0.6733073325738195
2033945201824530036,7660717256841499384,300471914551172981,1,1,skt,0.7167388910093319
2033945201824530036,4113615466659810841,300471914551172981,1,1,skt,0.7022733114788525
2033945201824530036,6125574002232610732,300471914551172981,1,1,skt,0.6685327232289726
2033945201824530036,2774368076249802464,8573800373938698102,1,1,skt,0.661036086140924
2033945201824530036,8903365289186067945,8573800373938698102,0,1,skt,0.6638770363390836
2033945201824530036,6925932688889117475,300471914551172981,1,1,skt,0.7204001343565859
2033945201824530036,8194071366621068887,8573800373938698102,0,1,skt,0.642074315411306
2033945201824530036,2986660907093963186,300471914551172981,1,1,skt,0.7257425359616075
2033945201824530036,7591109345808921544,300471914551172981,1,1,skt,0.7026052615993992
2033945201824530036,625545550176685521,8573800373938698102,0,1,skt,0.6750515944152915
2033945201824530036,1761868641361943332,8573800373938698102,1,1,skt,0.6825995462811933
2033945201824530036,4824259625677886603,300471914551172981,1,1,skt,0.6988752720524406
2033945201824530036,8450591260754163598,8573800373938698102,0,1,skt,0.6613918451996871
2033945201824530036,1553079256999111676,300471914551172981,1,1,skt,0.7067694665410957
2033945201824530036,3220231712819306119,8573800373938698102,0,1,skt,0.6682571229690227
2033945201824530036,338807275221326836,300471914551172981,1,1,skt,0.6949841548662892
2033945201824530036,8525319303741530302,8573800373938698102,0,1,skt,0.6691015574691048
2033945201824530036,6587421150596252277,300471914551172981,1,1,skt,0.7084124405589232
2033945201824530036,5891620578387310353,300471914551172981,1,1,skt,0.6918781302992284
2033945201824530036,5791250638486922978,300471914551172981,1,1,skt,0.7127887718496443
2033945201824530036,4031585874086886353,8573800373938698102,0,1,skt,0.6837682700806654
2033945201824530036,2083452711903133430,8573800373938698102,1,1,skt,0.705324804603913
2033945201824530036,6319743179241711738,8573800373938698102,0,1,skt,0.6856197118875641
2033945201824530036,8628686323660025649,300471914551172981,1,1,skt,0.7119427039255981
2033945201824530036,4378721629787482518,300471914551172981,1,1,skt,0.717833871292165
2033945201824530036,4813462692425748605,300471914551172981,1,1,skt,0.6831439625142214
2033945201824530036,4644364625800006675,300471914551172981,1,1,skt,0.7012761819409904
2033945201824530036,1062464292871659639,8573800373938698102,0,1,skt,0.686303939723247
2033945201824530036,5932668873100475470,300471914551172981,1,1,skt,0.7223154310776903
2033945201824530036,5237822943399727048,8573800373938698102,0,1,skt,0.6898488333762471
2054716444235427843,300471914551172981,300471914551172981,0,1,skt,0.6821806352515032
2054716444235427843,8573800373938698102,8573800373938698102,1,1,skt,0.6271244374648073
2054716444235427843,2014268979504181100,300471914551172981,0,1,skt,0.6674760976882969
2054716444235427843,2172169907340938753,300471914551172981,0,1,skt,0.6686031047348957
2054716444235427843,8150806168444344502,300471914551172981,1,1,skt,0.6907936707627378
2054716444235427843,816286915455981984,8573800373938698102,1,1,skt,0.6787333721882892
2054716444235427843,1962751598315765836,300471914551172981,1,1,skt,0.6953879913461025
2054716444235427843,7444476343858270082,300471914551172981,1,1,skt,0.6992761859573755
2054716444235427843,2537821716777940730,300471914551172981,1,1,skt,0.7000771001943514
2054716444235427843,1061301253559417093,300471914551172981,0,1,skt,0.6814915876378714
2054716444235427843,8553379303363759508,300471914551172981,1,1,skt,0.6738600719440675
2054716444235427843,6440511557387709110,300471914551172981,1,1,skt,0.6982064068095648
2054716444235427843,7744513373483970787,8573800373938698102,1,1,skt,0.6325302543889512
2054716444235427843,2971078979906996375,300471914551172981,1,1,skt,0.68875464155301
2054716444235427843,5841359775533910823,300471914551172981,1,1,skt,0.6602467036777954
2054716444235427843,8621262567927479011,300471914551172981,1,1,skt,0.6972685801182213
2054716444235427843,8434961942249729798,8573800373938698102,0,1,skt,0.6650808743284707
2054716444235427843,2322042198017538996,8573800373938698102,1,1,skt,0.6671295251005437
2054716444235427843,1742185772413642127,300471914551172981,1,1,skt,0.7031359375173725
2054716444235427843,2334639155148655290,8573800373938698102,1,1,skt,0.6733073325738195
2054716444235427843,7660717256841499384,300471914551172981,1,1,skt,0.7167388910093319
2054716444235427843,4113615466659810841,300471914551172981,0,1,skt,0.7022733114788525
2054716444235427843,6125574002232610732,300471914551172981,0,1,skt,0.6685327232289726
2054716444235427843,2774368076249802464,8573800373938698102,1,1,skt,0.661036086140924
2054716444235427843,8903365289186067945,8573800373938698102,1,1,skt,0.6638770363390836
2054716444235427843,6925932688889117475,300471914551172981,1,1,skt,0.7204001343565859
2054716444235427843,8194071366621068887,8573800373938698102,1,1,skt,0.642074315411306
2054716444235427843,2986660907093963186,300471914551172981,1,1,skt,0.7257425359616075
2054716444235427843,7591109345808921544,300471914551172981,1,1,skt,0.7026052615993992
2054716444235427843,625545550176685521,8573800373938698102,0,1,skt,0.6750515944152915
2054716444235427843,1761868641361943332,8573800373938698102,1,1,skt,0.6825995462811933
2054716444235427843,4824259625677886603,300471914551172981,1,1,skt,0.6988752720524406
2054716444235427843,8450591260754163598,8573800373938698102,1,1,skt,0.6613918451996871
2054716444235427843,1553079256999111676,300471914551172981,1,1,skt,0.7067694665410957
2054716444235427843,3220231712819306119,8573800373938698102,1,1,skt,0.6682571229690227
2054716444235427843,338807275221326836,300471914551172981,1,1,skt,0.6949841548662892
2054716444235427843,8525319303741530302,8573800373938698102,1,1,skt,0.6691015574691048
2054716444235427843,6587421150596252277,300471914551172981,0,1,skt,0.7084124405589232
2054716444235427843,5891620578387310353,300471914551172981,1,1,skt,0.6918781302992284
2054716444235427843,5791250638486922978,300471914551172981,1,1,skt,0.7127887718496443
2054716444235427843,4031585874086886353,8573800373938698102,1,1,skt,0.6837682700806654
2054716444235427843,2083452711903133430,8573800373938698102,1,1,skt,0.705324804603913
2054716444235427843,6319743179241711738,8573800373938698102,1,1,skt,0.6856197118875641
2054716444235427843,8628686323660025649,300471914551172981,1,1,skt,0.7119427039255981
2054716444235427843,4378721629787482518,300471914551172981,1,1,skt,0.717833871292165
2054716444235427843,4813462692425748605,300471914551172981,0,1,skt,0.6831439625142214
2054716444235427843,4644364625800006675,300471914551172981,1,1,skt,0.7012761819409904
2054716444235427843,1062464292871659639,8573800373938698102,1,1,skt,0.686303939723247
2054716444235427843,5932668873100475470,300471914551172981,1,1,skt,0.7223154310776903
2054716444235427843,5237822943399727048,8573800373938698102,1,1,skt,0.6898488333762471
2077889144686882393,300471914551172981,300471914551172981,1,1,skt,0.6821806352515032
2077889144686882393,8573800373938698102,8573800373938698102,0,1,skt,0.6271244374648073
2077889144686882393,2014268979504181100,300471914551172981,0,1,skt,0.6674760976882969
2077889144686882393,2172169907340938753,300471914551172981,0,1,skt,0.6686031047348957
2077889144686882393,8150806168444344502,300471914551172981,1,1,skt,0.6907936707627378
2077889144686882393,816286915455981984,8573800373938698102,0,1,skt,0.6787333721882892
2077889144686882393,1962751598315765836,300471914551172981,1,1,skt,0.6953879913461025
2077889144686882393,7444476343858270082,300471914551172981,1,1,skt,0.6992761859573755
2077889144686882393,2537821716777940730,300471914551172981,0,1,skt,0.7000771001943514
2077889144686882393,1061301253559417093,300471914551172981,1,1,skt,0.6814915876378714
2077889144686882393,8553379303363759508,300471914551172981,1,1,skt,0.6738600719440675
2077889144686882393,6440511557387709110,300471914551172981,0,1,skt,0.6982064068095648
2077889144686882393,7744513373483970787,8573800373938698102,0,1,skt,0.6325302543889512
2077889144686882393,2971078979906996375,300471914551172981,0,1,skt,0.68875464155301
2077889144686882393,5841359775533910823,300471914551172981,0,1,skt,0.6602467036777954
2077889144686882393,8621262567927479011,300471914551172981,0,1,skt,0.6972685801182213
2077889144686882393,8434961942249729798,8573800373938698102,0,1,skt,0.6650808743284707
2077889144686882393,2322042198017538996,8573800373938698102,0,1,skt,0.6671295251005437
2077889144686882393,1742185772413642127,300471914551172981,1,1,skt,0.7031359375173725
2077889144686882393,2334639155148655290,8573800373938698102,1,1,skt,0.6733073325738195
2077889144686882393,7660717256841499384,300471914551172981,1,1,skt,0.7167388910093319
2077889144686882393,4113615466659810841,300471914551172981,1,1,skt,0.7022733114788525
2077889144686882393,6125574002232610732,300471914551172981,0,1,skt,0.6685327232289726
2077889144686882393,2774368076249802464,8573800373938698102,1,1,skt,0.661036086140924
2077889144686882393,8903365289186067945,8573800373938698102,0,1,skt,0.6638770363390836
2077889144686882393,6925932688889117475,300471914551172981,1,1,skt,0.7204001343565859
2077889144686882393,8194071366621068887,8573800373938698102,0,1,skt,0.642074315411306
2077889144686882393,2986660907093963186,300471914551172981,1,1,skt,0.7257425359616075
2077889144686882393,7591109345808921544,300471914551172981,1,1,skt,0.7026052615993992
2077889144686882393,625545550176685521,8573800373938698102,0,1,skt,0.6750515944152915
2077889144686882393,1761868641361943332,8573800373938698102,0,1,skt,0.6825995462811933
2077889144686882393,4824259625677886603,300471914551172981,1,1,skt,0.6988752720524406
2077889144686882393,8450591260754163598,8573800373938698102,0,1,skt,0.6613918451996871
2077889144686882393,1553079256999111676,300471914551172981,1,1,skt,0.7067694665410957
2077889144686882393,3220231712819306119,8573800373938698102,0,1,skt,0.6682571229690227
2077889144686882393,338807275221326836,300471914551172981,1,1,skt,0.6949841548662892
2077889144686882393,8525319303741530302,8573800373938698102,0,1,skt,0.6691015574691048
2077889144686882393,6587421150596252277,300471914551172981,1,1,skt,0.7084124405589232
2077889144686882393,5891620578387310353,300471914551172981,1,1,skt,0.6918781302992284
2077889144686882393,5791250638486922978,300471914551172981,0,1,skt,0.7127887718496443
2077889144686882393,4031585874086886353,8573800373938698102,0,1,skt,0.6837682700806654
2077889144686882393,2083452711903133430,8573800373938698102,0,1,skt,0.705324804603913
2077889144686882393,6319743179241711738,8573800373938698102,1,1,skt,0.6856197118875641
2077889144686882393,8628686323660025649,300471914551172981,0,1,skt,0.7119427039255981
2077889144686882393,4378721629787482518,300471914551172981,1,1,skt,0.717833871292165
2077889144686882393,4813462692425748605,300471914551172981,0,1,skt,0.6831439625142214
2077889144686882393,4644364625800006675,300471914551172981,1,1,skt,0.7012761819409904
2077889144686882393,1062464292871659639,8573800373938698102,0,1,skt,0.686303939723247
2077889144686882393,5932668873100475470,300471914551172981,1,1,skt,0.7223154310776903
2077889144686882393,5237822943399727048,8573800373938698102,0,1,skt,0.6898488333762471
2097205535333367492,300471914551172981,300471914551172981,1,1,skt,0.6821806352515032
2097205535333367492,8573800373938698102,8573800373938698102,0,1,skt,0.6271244374648073
2097205535333367492,2014268979504181100,300471914551172981,1,1,skt,0.6674760976882969
2097205535333367492,2172169907340938753,300471914551172981,1,1,skt,0.6686031047348957
2097205535333367492,8150806168444344502,300471914551172981,1,1,skt,0.6907936707627378
2097205535333367492,816286915455981984,8573800373938698102,0,1,skt,0.6787333721882892
2097205535333367492,1962751598315765836,300471914551172981,1,1,skt,0.6953879913461025
2097205535333367492,7444476343858270082,300471914551172981,1,1,skt,0.6992761859573755
2097205535333367492,2537821716777940730,300471914551172981,1,1,skt,0.7000771001943514
2097205535333367492,1061301253559417093,300471914551172981,1,1,skt,0.6814915876378714
2097205535333367492,8553379303363759508,300471914551172981,1,1,skt,0.6738600719440675
2097205535333367492,6440511557387709110,300471914551172981,1,1,skt,0.6982064068095648
2097205535333367492,7744513373483970787,8573800373938698102,0,1,skt,0.6325302543889512
2097205535333367492,2971078979906996375,300471914551172981,1,1,skt,0.68875464155301
2097205535333367492,5841359775533910823,300471914551172981,1,1,skt,0.6602467036777954
2097205535333367492,8621262567927479011,300471914551172981,1,1,skt,0.6972685801182213
2097205535333367492,8434961942249729798,8573800373938698102,1,1,skt,0.6650808743284707
2097205535333367492,2322042198017538996,8573800373938698102,1,1,skt,0.6671295251005437
2097205535333367492,1742185772413642127,300471914551172981,1,1,skt,0.7031359375173725
2097205535333367492,2334639155148655290,8573800373938698102,1,1,skt,0.6733073325738195
2097205535333367492,7660717256841499384,300471914551172981,1,1,skt,0.7167388910093319
2097205535333367492,4113615466659810841,300471914551172981,1,1,skt,0.7022733114788525
2097205535333367492,6125574002232610732,300471914551172981,1,1,skt,0.6685327232289726
2097205535333367492,2774368076249802464,8573800373938698102,0,1,skt,0.661036086140924
2097205535333367492,8903365289186067945,8573800373938698102,0,1,skt,0.6638770363390836
2097205535333367492,6925932688889117475,300471914551172981,1,1,skt,0.7204001343565859
2097205535333367492,8194071366621068887,8573800373938698102,0,1,skt,0.642074315411306
2097205535333367492,2986660907093963186,300471914551172981,1,1,skt,0.7257425359616075
2097205535333367492,7591109345808921544,300471914551172981,1,1,skt,0.7026052615993992
2097205535333367492,625545550176685521,8573800373938698102,1,1,skt,0.6750515944152915
2097205535333367492,1761868641361943332,8573800373938698102,0,1,skt,0.6825995462811933
2097205535333367492,4824259625677886603,300471914551172981,1,1,skt,0.6988752720524406
2097205535333367492,8450591260754163598,8573800373938698102,0,1,skt,0.6613918451996871
2097205535333367492,1553079256999111676,300471914551172981,1,1,skt,0.7067694665410957
2097205535333367492,3220231712819306119,8573800373938698102,0,1,skt,0.6682571229690227
2097205535333367492,338807275221326836,300471914551172981,1,1,skt,0.6949841548662892
2097205535333367492,8525319303741530302,8573800373938698102,1,1,skt,0.6691015574691048
2097205535333367492,6587421150596252277,300471914551172981,1,1,skt,0.7084124405589232
2097205535333367492,5891620578387310353,300471914551172981,1,1,skt,0.6918781302992284
2097205535333367492,5791250638486922978,300471914551172981,1,1,skt,0.7127887718496443
2097205535333367492,4031585874086886353,8573800373938698102,1,1,skt,0.6837682700806654
2097205535333367492,2083452711903133430,8573800373938698102,1,1,skt,0.705324804603913
2097205535333367492,6319743179241711738,8573800373938698102,0,1,skt,0.6856197118875641
2097205535333367492,8628686323660025649,300471914551172981,1,1,skt,0.7119427039255981
2097205535333367492,4378721629787482518,300471914551172981,1,1,skt,0.717833871292165
2097205535333367492,4813462692425748605,300471914551172981,1,1,skt,0.6831439625142214
2097205535333367492,4644364625800006675,300471914551172981,1,1,skt,0.7012761819409904
2097205535333367492,1062464292871659639,8573800373938698102,1,1,skt,0.686303939723247
2097205535333367492,5932668873100475470,300471914551172981,1,1,skt,0.7223154310776903
2097205535333367492,5237822943399727048,8573800373938698102,0,1,skt,0.6898488333762471
2101903094258896526,300471914551172981,300471914551172981,0,1,skt,0.6821806352515032
2101903094258896526,8573800373938698102,8573800373938698102,0,1,skt,0.6271244374648073
2101903094258896526,2014268979504181100,300471914551172981,0,1,skt,0.6674760976882969
2101903094258896526,2172169907340938753,300471914551172981,0,1,skt,0.6686031047348957
2101903094258896526,8150806168444344502,300471914551172981,0,1,skt,0.6907936707627378
2101903094258896526,816286915455981984,8573800373938698102,0,1,skt,0.6787333721882892
2101903094258896526,1962751598315765836,300471914551172981,0,1,skt,0.6953879913461025
2101903094258896526,7444476343858270082,300471914551172981,1,1,skt,0.6992761859573755
2101903094258896526,2537821716777940730,300471914551172981,0,1,skt,0.7000771001943514
2101903094258896526,1061301253559417093,300471914551172981,1,1,skt,0.6814915876378714
2101903094258896526,8553379303363759508,300471914551172981,1,1,skt,0.6738600719440675
2101903094258896526,6440511557387709110,300471914551172981,0,1,skt,0.6982064068095648
2101903094258896526,7744513373483970787,8573800373938698102,0,1,skt,0.6325302543889512
2101903094258896526,2971078979906996375,300471914551172981,0,1,skt,0.68875464155301
2101903094258896526,5841359775533910823,300471914551172981,0,1,skt,0.6602467036777954
2101903094258896526,8621262567927479011,300471914551172981,1,1,skt,0.6972685801182213
2101903094258896526,8434961942249729798,8573800373938698102,0,1,skt,0.6650808743284707
2101903094258896526,2322042198017538996,8573800373938698102,0,1,skt,0.6671295251005437
2101903094258896526,1742185772413642127,300471914551172981,0,1,skt,0.7031359375173725
2101903094258896526,2334639155148655290,8573800373938698102,0,1,skt,0.6733073325738195
2101903094258896526,7660717256841499384,300471914551172981,1,1,skt,0.7167388910093319
2101903094258896526,4113615466659810841,300471914551172981,0,1,skt,0.7022733114788525
2101903094258896526,6125574002232610732,300471914551172981,0,1,skt,0.6685327232289726
2101903094258896526,2774368076249802464,8573800373938698102,0,1,skt,0.661036086140924
2101903094258896526,8903365289186067945,8573800373938698102,1,1,skt,0.6638770363390836
2101903094258896526,6925932688889117475,300471914551172981,1,1,skt,0.7204001343565859
2101903094258896526,8194071366621068887,8573800373938698102,1,1,skt,0.642074315411306
2101903094258896526,2986660907093963186,300471914551172981,1,1,skt,0.7257425359616075
2101903094258896526,7591109345808921544,300471914551172981,0,1,skt,0.7026052615993992
2101903094258896526,625545550176685521,8573800373938698102,1,1,skt,0.6750515944152915
2101903094258896526,1761868641361943332,8573800373938698102,0,1,skt,0.6825995462811933
2101903094258896526,4824259625677886603,300471914551172981,0,1,skt,0.6988752720524406
2101903094258896526,8450591260754163598,8573800373938698102,0,1,skt,0.6613918451996871
2101903094258896526,1553079256999111676,300471914551172981,0,1,skt,0.7067694665410957
2101903094258896526,3220231712819306119,8573800373938698102,0,1,skt,0.6682571229690227
2101903094258896526,338807275221326836,300471914551172981,0,1,skt,0.6949841548662892
2101903094258896526,8525319303741530302,8573800373938698102,0,1,skt,0.6691015574691048
2101903094258896526,6587421150596252277,300471914551172981,0,1,skt,0.7084124405589232
2101903094258896526,5891620578387310353,300471914551172981,0,1,skt,0.6918781302992284
2101903094258896526,5791250638486922978,300471914551172981,0,1,skt,0.7127887718496443
2101903094258896526,4031585874086886353,8573800373938698102,1,1,skt,0.6837682700806654
2101903094258896526,2083452711903133430,8573800373938698102,1,1,skt,0.705324804603913
2101903094258896526,6319743179241711738,8573800373938698102,1,1,skt,0.6856197118875641
2101903094258896526,8628686323660025649,300471914551172981,0,1,skt,0.7119427039255981
2101903094258896526,4378721629787482518,300471914551172981,0,1,skt,0.717833871292165
2101903094258896526,4813462692425748605,300471914551172981,0,1,skt,0.6831439625142214
2101903094258896526,4644364625800006675,300471914551172981,1,1,skt,0.7012761819409904
2101903094258896526,1062464292871659639,8573800373938698102,1,1,skt,0.686303939723247
2101903094258896526,5932668873100475470,300471914551172981,0,1,skt,0.7223154310776903
2101903094258896526,5237822943399727048,8573800373938698102,1,1,skt,0.6898488333762471
2108936159450159022,300471914551172981,300471914551172981,1,1,skt,0.6821806352515032
2108936159450159022,8573800373938698102,8573800373938698102,0,1,skt,0.6271244374648073
2108936159450159022,2014268979504181100,300471914551172981,1,1,skt,0.6674760976882969
2108936159450159022,2172169907340938753,300471914551172981,1,1,skt,0.6686031047348957
2108936159450159022,8150806168444344502,300471914551172981,1,1,skt,0.6907936707627378
2108936159450159022,816286915455981984,8573800373938698102,0,1,skt,0.6787333721882892
2108936159450159022,1962751598315765836,300471914551172981,0,1,skt,0.6953879913461025
2108936159450159022,7444476343858270082,300471914551172981,1,1,skt,0.6992761859573755
2108936159450159022,2537821716777940730,300471914551172981,1,1,skt,0.7000771001943514
2108936159450159022,1061301253559417093,300471914551172981,1,1,skt,0.6814915876378714
2108936159450159022,8553379303363759508,300471914551172981,1,1,skt,0.6738600719440675
2108936159450159022,6440511557387709110,300471914551172981,1,1,skt,0.6982064068095648
2108936159450159022,7744513373483970787,8573800373938698102,0,1,skt,0.6325302543889512
2108936159450159022,2971078979906996375,300471914551172981,1,1,skt,0.68875464155301
2108936159450159022,5841359775533910823,300471914551172981,0,1,skt,0.6602467036777954
2108936159450159022,8621262567927479011,300471914551172981,1,1,skt,0.6972685801182213
2108936159450159022,8434961942249729798,8573800373938698102,1,1,skt,0.6650808743284707
2108936159450159022,2322042198017538996,8573800373938698102,1,1,skt,0.6671295251005437
2108936159450159022,1742185772413642127,300471914551172981,1,1,skt,0.7031359375173725
2108936159450159022,2334639155148655290,8573800373938698102,1,1,skt,0.6733073325738195
2108936159450159022,7660717256841499384,300471914551172981,1,1,skt,0.7167388910093319
2108936159450159022,4113615466659810841,300471914551172981,1,1,skt,0.7022733114788525
2108936159450159022,6125574002232610732,300471914551172981,0,1,skt,0.6685327232289726
2108936159450159022,2774368076249802464,8573800373938698102,0,1,skt,0.661036086140924
2108936159450159022,8903365289186067945,8573800373938698102,1,1,skt,0.6638770363390836
2108936159450159022,6925932688889117475,300471914551172981,1,1,skt,0.7204001343565859
2108936159450159022,8194071366621068887,8573800373938698102,1,1,skt,0.642074315411306
2108936159450159022,2986660907093963186,300471914551172981,1,1,skt,0.7257425359616075
2108936159450159022,7591109345808921544,300471914551172981,1,1,skt,0.7026052615993992
2108936159450159022,625545550176685521,8573800373938698102,1,1,skt,0.6750515944152915
2108936159450159022,1761868641361943332,8573800373938698102,1,1,skt,0.6825995462811933
2108936159450159022,4824259625677886603,300471914551172981,1,1,skt,0.6988752720524406
2108936159450159022,8450591260754163598,8573800373938698102,0,1,skt,0.6613918451996871
2108936159450159022,1553079256999111676,300471914551172981,1,1,skt,0.7067694665410957
2108936159450159022,3220231712819306119,8573800373938698102,1,1,skt,0.6682571229690227
2108936159450159022,338807275221326836,300471914551172981,1,1,skt,0.6949841548662892
2108936159450159022,8525319303741530302,8573800373938698102,0,1,skt,0.6691015574691048
2108936159450159022,6587421150596252277,300471914551172981,1,1,skt,0.7084124405589232
2108936159450159022,5891620578387310353,300471914551172981,0,1,skt,0.6918781302992284
2108936159450159022,5791250638486922978,300471914551172981,1,1,skt,0.7127887718496443
2108936159450159022,4031585874086886353,8573800373938698102,1,1,skt,0.6837682700806654
2108936159450159022,2083452711903133430,8573800373938698102,1,1,skt,0.705324804603913
2108936159450159022,6319743179241711738,8573800373938698102,0,1,skt,0.6856197118875641
2108936159450159022,8628686323660025649,300471914551172981,1,1,skt,0.7119427039255981
2108936159450159022,4378721629787482518,300471914551172981,1,1,skt,0.717833871292165
2108936159450159022,4813462692425748605,300471914551172981,0,1,skt,0.6831439625142214
2108936159450159022,4644364625800006675,300471914551172981,1,1,skt,0.7012761819409904
2108936159450159022,1062464292871659639,8573800373938698102,0,1,skt,0.686303939723247
2108936159450159022,5932668873100475470,300471914551172981,1,1,skt,0.7223154310776903
2108936159450159022,5237822943399727048,8573800373938698102,1,1,skt,0.6898488333762471
2131821587328919271,300471914551172981,300471914551172981,1,1,skt,0.6821806352515032
2131821587328919271,8573800373938698102,8573800373938698102,0,1,skt,0.6271244374648073
2131821587328919271,2014268979504181100,300471914551172981,1,1,skt,0.6674760976882969
2131821587328919271,2172169907340938753,300471914551172981,1,1,skt,0.6686031047348957
2131821587328919271,8150806168444344502,300471914551172981,1,1,skt,0.6907936707627378
2131821587328919271,816286915455981984,8573800373938698102,1,1,skt,0.6787333721882892
2131821587328919271,1962751598315765836,300471914551172981,1,1,skt,0.6953879913461025
2131821587328919271,7444476343858270082,300471914551172981,1,1,skt,0.6992761859573755
2131821587328919271,2537821716777940730,300471914551172981,1,1,skt,0.7000771001943514
2131821587328919271,1061301253559417093,300471914551172981,1,1,skt,0.6814915876378714
2131821587328919271,8553379303363759508,300471914551172981,1,1,skt,0.6738600719440675
2131821587328919271,6440511557387709110,300471914551172981,1,1,skt,0.6982064068095648
2131821587328919271,7744513373483970787,8573800373938698102,0,1,skt,0.6325302543889512
2131821587328919271,2971078979906996375,300471914551172981,1,1,skt,0.68875464155301
2131821587328919271,5841359775533910823,300471914551172981,1,1,skt,0.6602467036777954
2131821587328919271,8621262567927479011,300471914551172981,1,1,skt,0.6972685801182213
2131821587328919271,8434961942249729798,8573800373938698102,1,1,skt,0.6650808743284707
2131821587328919271,2322042198017538996,8573800373938698102,0,1,skt,0.6671295251005437
2131821587328919271,1742185772413642127,300471914551172981,1,1,skt,0.7031359375173725
2131821587328919271,2334639155148655290,8573800373938698102,0,1,skt,0.6733073325738195
2131821587328919271,7660717256841499384,300471914551172981,1,1,skt,0.7167388910093319
2131821587328919271,4113615466659810841,300471914551172981,1,1,skt,0.7022733114788525
2131821587328919271,6125574002232610732,300471914551172981,1,1,skt,0.6685327232289726
2131821587328919271,2774368076249802464,8573800373938698102,0,1,skt,0.661036086140924
2131821587328919271,8903365289186067945,8573800373938698102,0,1,skt,0.6638770363390836
2131821587328919271,6925932688889117475,300471914551172981,1,1,skt,0.7204001343565859
2131821587328919271,8194071366621068887,8573800373938698102,0,1,skt,0.642074315411306
2131821587328919271,2986660907093963186,300471914551172981,1,1,skt,0.7257425359616075
2131821587328919271,7591109345808921544,300471914551172981,1,1,skt,0.7026052615993992
2131821587328919271,625545550176685521,8573800373938698102,0,1,skt,0.6750515944152915
2131821587328919271,1761868641361943332,8573800373938698102,0,1,skt,0.6825995462811933
2131821587328919271,4824259625677886603,300471914551172981,1,1,skt,0.6988752720524406
2131821587328919271,8450591260754163598,8573800373938698102,0,1,skt,0.6613918451996871
2131821587328919271,1553079256999111676,300471914551172981,1,1,skt,0.7067694665410957
2131821587328919271,3220231712819306119,8573800373938698102,0,1,skt,0.6682571229690227
2131821587328919271,338807275221326836,300471914551172981,1,1,skt,0.6949841548662892
2131821587328919271,8525319303741530302,8573800373938698102,1,1,skt,0.6691015574691048
2131821587328919271,6587421150596252277,300471914551172981,1,1,skt,0.7084124405589232
2131821587328919271,5891620578387310353,300471914551172981,1,1,skt,0.6918781302992284
2131821587328919271,5791250638486922978,300471914551172981,1,1,skt,0.7127887718496443
2131821587328919271,4031585874086886353,8573800373938698102,0,1,skt,0.6837682700806654
2131821587328919271,2083452711903133430,8573800373938698102,1,1,skt,0.705324804603913
2131821587328919271,6319743179241711738,8573800373938698102,0,1,skt,0.6856197118875641
2131821587328919271,8628686323660025649,300471914551172981,1,1,skt,0.7119427039255981
2131821587328919271,4378721629787482518,300471914551172981,1,1,skt,0.717833871292165
2131821587328919271,4813462692425748605,300471914551172981,1,1,skt,0.6831439625142214
2131821587328919271,4644364625800006675,300471914551172981,1,1,skt,0.7012761819409904
2131821587328919271,1062464292871659639,8573800373938698102,0,1,skt,0.686303939723247
2131821587328919271,5932668873100475470,300471914551172981,1,1,skt,0.7223154310776903
2131821587328919271,5237822943399727048,8573800373938698102,1,1,skt,0.6898488333762471
2143430672656358050,300471914551172981,300471914551172981,1,1,skt,0.6821806352515032
2143430672656358050,8573800373938698102,8573800373938698102,1,1,skt,0.6271244374648073
2143430672656358050,2014268979504181100,300471914551172981,1,1,skt,0.6674760976882969
2143430672656358050,2172169907340938753,300471914551172981,1,1,skt,0.6686031047348957
2143430672656358050,8150806168444344502,300471914551172981,1,1,skt,0.6907936707627378
2143430672656358050,816286915455981984,8573800373938698102,1,1,skt,0.6787333721882892
2143430672656358050,1962751598315765836,300471914551172981,1,1,skt,0.6953879913461025
2143430672656358050,7444476343858270082,300471914551172981,1,1,skt,0.6992761859573755
2143430672656358050,2537821716777940730,300471914551172981,1,1,skt,0.7000771001943514
2143430672656358050,1061301253559417093,300471914551172981,1,1,skt,0.6814915876378714
2143430672656358050,8553379303363759508,300471914551172981,1,1,skt,0.6738600719440675
2143430672656358050,6440511557387709110,300471914551172981,1,1,skt,0.6982064068095648
2143430672656358050,7744513373483970787,8573800373938698102,1,1,skt,0.6325302543889512
2143430672656358050,2971078979906996375,300471914551172981,1,1,skt,0.68875464155301
2143430672656358050,5841359775533910823,300471914551172981,1,1,skt,0.6602467036777954
2143430672656358050,8621262567927479011,300471914551172981,1,1,skt,0.6972685801182213
2143430672656358050,8434961942249729798,8573800373938698102,1,1,skt,0.6650808743284707
2143430672656358050,2322042198017538996,8573800373938698102,1,1,skt,0.6671295251005437
2143430672656358050,1742185772413642127,300471914551172981,1,1,skt,0.7031359375173725
2143430672656358050,2334639155148655290,8573800373938698102,1,1,skt,0.6733073325738195
2143430672656358050,7660717256841499384,300471914551172981,1,1,skt,0.7167388910093319
2143430672656358050,4113615466659810841,300471914551172981,1,1,skt,0.7022733114788525
2143430672656358050,6125574002232610732,300471914551172981,1,1,skt,0.6685327232289726
2143430672656358050,2774368076249802464,8573800373938698102,1,1,skt,0.661036086140924
2143430672656358050,8903365289186067945,8573800373938698102,1,1,skt,0.6638770363390836
2143430672656358050,6925932688889117475,300471914551172981,1,1,skt,0.7204001343565859
2143430672656358050,8194071366621068887,8573800373938698102,1,1,skt,0.642074315411306
2143430672656358050,2986660907093963186,300471914551172981,1,1,skt,0.7257425359616075
2143430672656358050,7591109345808921544,300471914551172981,1,1,skt,0.7026052615993992
2143430672656358050,625545550176685521,8573800373938698102,1,1,skt,0.6750515944152915
2143430672656358050,1761868641361943332,8573800373938698102,1,1,skt,0.6825995462811933
2143430672656358050,4824259625677886603,300471914551172981,1,1,skt,0.6988752720524406
2143430672656358050,8450591260754163598,8573800373938698102,1,1,skt,0.6613918451996871
2143430672656358050,1553079256999111676,300471914551172981,1,1,skt,0.7067694665410957
2143430672656358050,3220231712819306119,8573800373938698102,1,1,skt,0.6682571229690227
2143430672656358050,338807275221326836,300471914551172981,1,1,skt,0.6949841548662892
2143430672656358050,8525319303741530302,8573800373938698102,1,1,skt,0.6691015574691048
2143430672656358050,6587421150596252277,300471914551172981,1,1,skt,0.7084124405589232
2143430672656358050,5891620578387310353,300471914551172981,1,1,skt,0.6918781302992284
2143430672656358050,5791250638486922978,300471914551172981,1,1,skt,0.7127887718496443
2143430672656358050,4031585874086886353,8573800373938698102,1,1,skt,0.6837682700806654
2143430672656358050,2083452711903133430,8573800373938698102,1,1,skt,0.705324804603913
2143430672656358050,6319743179241711738,8573800373938698102,1,1,skt,0.6856197118875641
2143430672656358050,8628686323660025649,300471914551172981,1,1,skt,0.7119427039255981
2143430672656358050,4378721629787482518,300471914551172981,1,1,skt,0.717833871292165
2143430672656358050,4813462692425748605,300471914551172981,1,1,skt,0.6831439625142214
2143430672656358050,4644364625800006675,300471914551172981,1,1,skt,0.7012761819409904
2143430672656358050,1062464292871659639,8573800373938698102,1,1,skt,0.686303939723247
2143430672656358050,5932668873100475470,300471914551172981,1,1,skt,0.7223154310776903
2143430672656358050,5237822943399727048,8573800373938698102,1,1,skt,0.6898488333762471
2160797765405831572,300471914551172981,300471914551172981,0,1,skt,0.6821806352515032
2160797765405831572,8573800373938698102,8573800373938698102,0,1,skt,0.6271244374648073
2160797765405831572,2014268979504181100,300471914551172981,0,1,skt,0.6674760976882969
2160797765405831572,2172169907340938753,300471914551172981,0,1,skt,0.6686031047348957
2160797765405831572,8150806168444344502,300471914551172981,0,1,skt,0.6907936707627378
2160797765405831572,816286915455981984,8573800373938698102,0,1,skt,0.6787333721882892
2160797765405831572,1962751598315765836,300471914551172981,0,1,skt,0.6953879913461025
2160797765405831572,7444476343858270082,300471914551172981,0,1,skt,0.6992761859573755
2160797765405831572,2537821716777940730,300471914551172981,0,1,skt,0.7000771001943514
2160797765405831572,1061301253559417093,300471914551172981,0,1,skt,0.6814915876378714
2160797765405831572,8553379303363759508,300471914551172981,0,1,skt,0.6738600719440675
2160797765405831572,6440511557387709110,300471914551172981,0,1,skt,0.6982064068095648
2160797765405831572,7744513373483970787,8573800373938698102,0,1,skt,0.6325302543889512
2160797765405831572,2971078979906996375,300471914551172981,0,1,skt,0.68875464155301
2160797765405831572,5841359775533910823,300471914551172981,0,1,skt,0.6602467036777954
2160797765405831572,8621262567927479011,300471914551172981,0,1,skt,0.6972685801182213
2160797765405831572,8434961942249729798,8573800373938698102,0,1,skt,0.6650808743284707
2160797765405831572,2322042198017538996,8573800373938698102,0,1,skt,0.6671295251005437
2160797765405831572,1742185772413642127,300471914551172981,1,1,skt,0.7031359375173725
2160797765405831572,2334639155148655290,8573800373938698102,0,1,skt,0.6733073325738195
2160797765405831572,7660717256841499384,300471914551172981,0,1,skt,0.7167388910093319
2160797765405831572,4113615466659810841,300471914551172981,0,1,skt,0.7022733114788525
2160797765405831572,6125574002232610732,300471914551172981,0,1,skt,0.6685327232289726
2160797765405831572,2774368076249802464,8573800373938698102,0,1,skt,0.661036086140924
2160797765405831572,8903365289186067945,8573800373938698102,0,1,skt,0.6638770363390836
2160797765405831572,6925932688889117475,300471914551172981,0,1,skt,0.7204001343565859
2160797765405831572,8194071366621068887,8573800373938698102,0,1,skt,0.642074315411306
2160797765405831572,2986660907093963186,300471914551172981,0,1,skt,0.7257425359616075
2160797765405831572,7591109345808921544,300471914551172981,1,1,skt,0.7026052615993992
2160797765405831572,625545550176685521,8573800373938698102,0,1,skt,0.6750515944152915
2160797765405831572,1761868641361943332,8573800373938698102,0,1,skt,0.6825995462811933
2160797765405831572,4824259625677886603,300471914551172981,0,1,skt,0.6988752720524406
2160797765405831572,8450591260754163598,8573800373938698102,0,1,skt,0.6613918451996871
2160797765405831572,1553079256999111676,300471914551172981,0,1,skt,0.7067694665410957
2160797765405831572,3220231712819306119,8573800373938698102,1,1,skt,0.6682571229690227
2160797765405831572,338807275221326836,300471914551172981,0,1,skt,0.6949841548662892
2160797765405831572,8525319303741530302,8573800373938698102,0,1,skt,0.6691015574691048
2160797765405831572,6587421150596252277,300471914551172981,0,1,skt,0.7084124405589232
2160797765405831572,5891620578387310353,300471914551172981,0,1,skt,0.6918781302992284
2160797765405831572,5791250638486922978,300471914551172981,0,1,skt,0.7127887718496443
2160797765405831572,4031585874086886353,8573800373938698102,0,1,skt,0.6837682700806654
2160797765405831572,2083452711903133430,8573800373938698102,1,1,skt,0.705324804603913
2160797765405831572,6319743179241711738,8573800373938698102,0,1,skt,0.6856197118875641
2160797765405831572,8628686323660025649,300471914551172981,0,1,skt,0.7119427039255981
2160797765405831572,4378721629787482518,300471914551172981,0,1,skt,0.717833871292165
2160797765405831572,4813462692425748605,300471914551172981,0,1,skt,0.6831439625142214
2160797765405831572,4644364625800006675,300471914551172981,0,1,skt,0.7012761819409904
2160797765405831572,1062464292871659639,8573800373938698102,0,1,skt,0.686303939723247
2160797765405831572,5932668873100475470,300471914551172981,0,1,skt,0.7223154310776903
2160797765405831572,5237822943399727048,8573800373938698102,0,1,skt,0.6898488333762471
2231500381287999366,300471914551172981,300471914551172981,0,1,skt,0.6821806352515032
2231500381287999366,8573800373938698102,8573800373938698102,1,1,skt,0.6271244374648073
2231500381287999366,2014268979504181100,300471914551172981,0,1,skt,0.6674760976882969
2231500381287999366,2172169907340938753,300471914551172981,0,1,skt,0.6686031047348957
2231500381287999366,8150806168444344502,300471914551172981,0,1,skt,0.6907936707627378
2231500381287999366,816286915455981984,8573800373938698102,1,1,skt,0.6787333721882892
2231500381287999366,1962751598315765836,300471914551172981,1,1,skt,0.6953879913461025
2231500381287999366,7444476343858270082,300471914551172981,0,1,skt,0.6992761859573755
2231500381287999366,2537821716777940730,300471914551172981,1,1,skt,0.7000771001943514
2231500381287999366,1061301253559417093,300471914551172981,0,1,skt,0.6814915876378714
2231500381287999366,8553379303363759508,300471914551172981,0,1,skt,0.6738600719440675
2231500381287999366,6440511557387709110,300471914551172981,0,1,skt,0.6982064068095648
2231500381287999366,7744513373483970787,8573800373938698102,0,1,skt,0.6325302543889512
2231500381287999366,2971078979906996375,300471914551172981,1,1,skt,0.68875464155301
2231500381287999366,5841359775533910823,300471914551172981,0,1,skt,0.6602467036777954
2231500381287999366,8621262567927479011,300471914551172981,1,1,skt,0.6972685801182213
2231500381287999366,8434961942249729798,8573800373938698102,1,1,skt,0.6650808743284707
2231500381287999366,2322042198017538996,8573800373938698102,1,1,skt,0.6671295251005437
2231500381287999366,1742185772413642127,300471914551172981,0,1,skt,0.7031359375173725
2231500381287999366,2334639155148655290,8573800373938698102,1,1,skt,0.6733073325738195
2231500381287999366,7660717256841499384,300471914551172981,0,1,skt,0.7167388910093319
2231500381287999366,4113615466659810841,300471914551172981,1,1,skt,0.7022733114788525
2231500381287999366,6125574002232610732,300471914551172981,0,1,skt,0.6685327232289726
2231500381287999366,2774368076249802464,8573800373938698102,1,1,skt,0.661036086140924
2231500381287999366,8903365289186067945,8573800373938698102,1,1,skt,0.6638770363390836
2231500381287999366,6925932688889117475,300471914551172981,1,1,skt,0.7204001343565859
2231500381287999366,8194071366621068887,8573800373938698102,1,1,skt,0.642074315411306
2231500381287999366,2986660907093963186,300471914551172981,1,1,skt,0.7257425359616075
2231500381287999366,7591109345808921544,300471914551172981,0,1,skt,0.7026052615993992
2231500381287999366,625545550176685521,8573800373938698102,1,1,skt,0.6750515944152915
2231500381287999366,1761868641361943332,8573800373938698102,1,1,skt,0.6825995462811933
2231500381287999366,4824259625677886603,300471914551172981,0,1,skt,0.6988752720524406
2231500381287999366,8450591260754163598,8573800373938698102,1,1,skt,0.6613918451996871
2231500381287999366,1553079256999111676,300471914551172981,0,1,skt,0.7067694665410957
2231500381287999366,3220231712819306119,8573800373938698102,1,1,skt,0.6682571229690227
2231500381287999366,338807275221326836,300471914551172981,1,1,skt,0.6949841548662892
2231500381287999366,8525319303741530302,8573800373938698102,1,1,skt,0.6691015574691048
2231500381287999366,6587421150596252277,300471914551172981,0,1,skt,0.7084124405589232
2231500381287999366,5891620578387310353,300471914551172981,0,1,skt,0.6918781302992284
2231500381287999366,5791250638486922978,300471914551172981,1,1,skt,0.7127887718496443
2231500381287999366,4031585874086886353,8573800373938698102,1,1,skt,0.6837682700806654
2231500381287999366,2083452711903133430,8573800373938698102,1,1,skt,0.705324804603913
2231500381287999366,6319743179241711738,8573800373938698102,1,1,skt,0.6856197118875641
2231500381287999366,8628686323660025649,300471914551172981,1,1,skt,0.7119427039255981
2231500381287999366,4378721629787482518,300471914551172981,0,1,skt,0.717833871292165
2231500381287999366,4813462692425748605,300471914551172981,0,1,skt,0.6831439625142214
2231500381287999366,4644364625800006675,300471914551172981,0,1,skt,0.7012761819409904
2231500381287999366,1062464292871659639,8573800373938698102,1,1,skt,0.686303939723247
2231500381287999366,5932668873100475470,300471914551172981,0,1,skt,0.7223154310776903
2231500381287999366,5237822943399727048,8573800373938698102,1,1,skt,0.6898488333762471
2235089003639397232,300471914551172981,300471914551172981,1,1,skt,0.6821806352515032
2235089003639397232,8573800373938698102,8573800373938698102,1,1,skt,0.6271244374648073
2235089003639397232,2014268979504181100,300471914551172981,1,1,skt,0.6674760976882969
2235089003639397232,2172169907340938753,300471914551172981,0,1,skt,0.6686031047348957
2235089003639397232,8150806168444344502,300471914551172981,0,1,skt,0.6907936707627378
2235089003639397232,816286915455981984,8573800373938698102,1,1,skt,0.6787333721882892
2235089003639397232,1962751598315765836,300471914551172981,0,1,skt,0.6953879913461025
2235089003639397232,7444476343858270082,300471914551172981,1,1,skt,0.6992761859573755
2235089003639397232,2537821716777940730,300471914551172981,0,1,skt,0.7000771001943514
2235089003639397232,1061301253559417093,300471914551172981,0,1,skt,0.6814915876378714
2235089003639397232,8553379303363759508,300471914551172981,0,1,skt,0.6738600719440675
2235089003639397232,6440511557387709110,300471914551172981,0,1,skt,0.6982064068095648
2235089003639397232,7744513373483970787,8573800373938698102,0,1,skt,0.6325302543889512
2235089003639397232,2971078979906996375,300471914551172981,0,1,skt,0.68875464155301
2235089003639397232,5841359775533910823,300471914551172981,1,1,skt,0.6602467036777954
2235089003639397232,8621262567927479011,300471914551172981,0,1,skt,0.6972685801182213
2235089003639397232,8434961942249729798,8573800373938698102,1,1,skt,0.6650808743284707
2235089003639397232,2322042198017538996,8573800373938698102,1,1,skt,0.6671295251005437
2235089003639397232,1742185772413642127,300471914551172981,1,1,skt,0.7031359375173725
2235089003639397232,2334639155148655290,8573800373938698102,1,1,skt,0.6733073325738195
2235089003639397232,7660717256841499384,300471914551172981,1,1,skt,0.7167388910093319
2235089003639397232,4113615466659810841,300471914551172981,1,1,skt,0.7022733114788525
2235089003639397232,6125574002232610732,300471914551172981,0,1,skt,0.6685327232289726
2235089003639397232,2774368076249802464,8573800373938698102,1,1,skt,0.661036086140924
2235089003639397232,8903365289186067945,8573800373938698102,0,1,skt,0.6638770363390836
2235089003639397232,6925932688889117475,300471914551172981,1,1,skt,0.7204001343565859
2235089003639397232,8194071366621068887,8573800373938698102,1,1,skt,0.642074315411306
2235089003639397232,2986660907093963186,300471914551172981,1,1,skt,0.7257425359616075
2235089003639397232,7591109345808921544,300471914551172981,1,1,skt,0.7026052615993992
2235089003639397232,625545550176685521,8573800373938698102,1,1,skt,0.6750515944152915
2235089003639397232,1761868641361943332,8573800373938698102,1,1,skt,0.6825995462811933
2235089003639397232,4824259625677886603,300471914551172981,1,1,skt,0.6988752720524406
2235089003639397232,8450591260754163598,8573800373938698102,0,1,skt,0.6613918451996871
2235089003639397232,1553079256999111676,300471914551172981,0,1,skt,0.7067694665410957
2235089003639397232,3220231712819306119,8573800373938698102,1,1,skt,0.6682571229690227
2235089003639397232,338807275221326836,300471914551172981,1,1,skt,0.6949841548662892
2235089003639397232,8525319303741530302,8573800373938698102,1,1,skt,0.6691015574691048
2235089003639397232,6587421150596252277,300471914551172981,1,1,skt,0.7084124405589232
2235089003639397232,5891620578387310353,300471914551172981,1,1,skt,0.6918781302992284
2235089003639397232,5791250638486922978,300471914551172981,1,1,skt,0.7127887718496443
2235089003639397232,4031585874086886353,8573800373938698102,1,1,skt,0.6837682700806654
2235089003639397232,2083452711903133430,8573800373938698102,1,1,skt,0.705324804603913
2235089003639397232,6319743179241711738,8573800373938698102,1,1,skt,0.6856197118875641
2235089003639397232,8628686323660025649,300471914551172981,1,1,skt,0.7119427039255981
2235089003639397232,4378721629787482518,300471914551172981,1,1,skt,0.717833871292165
2235089003639397232,4813462692425748605,300471914551172981,1,1,skt,0.6831439625142214
2235089003639397232,4644364625800006675,300471914551172981,1,1,skt,0.7012761819409904
2235089003639397232,1062464292871659639,8573800373938698102,1,1,skt,0.686303939723247
2235089003639397232,5932668873100475470,300471914551172981,1,1,skt,0.7223154310776903
2235089003639397232,5237822943399727048,8573800373938698102,1,1,skt,0.6898488333762471
2269114235205956810,300471914551172981,300471914551172981,1,1,skt,0.6821806352515032
2269114235205956810,8573800373938698102,8573800373938698102,0,1,skt,0.6271244374648073
2269114235205956810,2014268979504181100,300471914551172981,0,1,skt,0.6674760976882969
2269114235205956810,2172169907340938753,300471914551172981,0,1,skt,0.6686031047348957
2269114235205956810,8150806168444344502,300471914551172981,0,1,skt,0.6907936707627378
2269114235205956810,816286915455981984,8573800373938698102,1,1,skt,0.6787333721882892
2269114235205956810,1962751598315765836,300471914551172981,0,1,skt,0.6953879913461025
2269114235205956810,7444476343858270082,300471914551172981,0,1,skt,0.6992761859573755
2269114235205956810,2537821716777940730,300471914551172981,0,1,skt,0.7000771001943514
2269114235205956810,1061301253559417093,300471914551172981,1,1,skt,0.6814915876378714
2269114235205956810,8553379303363759508,300471914551172981,0,1,skt,0.6738600719440675
2269114235205956810,6440511557387709110,300471914551172981,0,1,skt,0.6982064068095648
2269114235205956810,7744513373483970787,8573800373938698102,1,1,skt,0.6325302543889512
2269114235205956810,2971078979906996375,300471914551172981,0,1,skt,0.68875464155301
2269114235205956810,5841359775533910823,300471914551172981,0,1,skt,0.6602467036777954
2269114235205956810,8621262567927479011,300471914551172981,0,1,skt,0.6972685801182213
2269114235205956810,8434961942249729798,8573800373938698102,1,1,skt,0.6650808743284707
2269114235205956810,2322042198017538996,8573800373938698102,1,1,skt,0.6671295251005437
2269114235205956810,1742185772413642127,300471914551172981,0,1,skt,0.7031359375173725
2269114235205956810,2334639155148655290,8573800373938698102,1,1,skt,0.6733073325738195
2269114235205956810,7660717256841499384,300471914551172981,0,1,skt,0.7167388910093319
2269114235205956810,4113615466659810841,300471914551172981,0,1,skt,0.7022733114788525
2269114235205956810,6125574002232610732,300471914551172981,0,1,skt,0.6685327232289726
2269114235205956810,2774368076249802464,8573800373938698102,1,1,skt,0.661036086140924
2269114235205956810,8903365289186067945,8573800373938698102,1,1,skt,0.6638770363390836
2269114235205956810,6925932688889117475,300471914551172981,1,1,skt,0.7204001343565859
2269114235205956810,8194071366621068887,8573800373938698102,1,1,skt,0.642074315411306
2269114235205956810,2986660907093963186,300471914551172981,0,1,skt,0.7257425359616075
2269114235205956810,7591109345808921544,300471914551172981,0,1,skt,0.7026052615993992
2269114235205956810,625545550176685521,8573800373938698102,1,1,skt,0.6750515944152915
2269114235205956810,1761868641361943332,8573800373938698102,1,1,skt,0.6825995462811933
2269114235205956810,4824259625677886603,300471914551172981,0,1,skt,0.6988752720524406
2269114235205956810,8450591260754163598,8573800373938698102,1,1,skt,0.6613918451996871
2269114235205956810,1553079256999111676,300471914551172981,0,1,skt,0.7067694665410957
2269114235205956810,3220231712819306119,8573800373938698102,0,1,skt,0.6682571229690227
2269114235205956810,338807275221326836,300471914551172981,0,1,skt,0.6949841548662892
2269114235205956810,8525319303741530302,8573800373938698102,1,1,skt,0.6691015574691048
2269114235205956810,6587421150596252277,300471914551172981,0,1,skt,0.7084124405589232
2269114235205956810,5891620578387310353,300471914551172981,0,1,skt,0.6918781302992284
2269114235205956810,5791250638486922978,300471914551172981,1,1,skt,0.7127887718496443
2269114235205956810,4031585874086886353,8573800373938698102,1,1,skt,0.6837682700806654
2269114235205956810,2083452711903133430,8573800373938698102,1,1,skt,0.705324804603913
2269114235205956810,6319743179241711738,8573800373938698102,1,1,skt,0.6856197118875641
2269114235205956810,8628686323660025649,300471914551172981,1,1,skt,0.7119427039255981
2269114235205956810,4378721629787482518,300471914551172981,0,1,skt,0.717833871292165
2269114235205956810,4813462692425748605,300471914551172981,1,1,skt,0.6831439625142214
2269114235205956810,4644364625800006675,300471914551172981,0,1,skt,0.7012761819409904
2269114235205956810,1062464292871659639,8573800373938698102,0,1,skt,0.686303939723247
2269114235205956810,5932668873100475470,300471914551172981,0,1,skt,0.7223154310776903
2269114235205956810,5237822943399727048,8573800373938698102,1,1,skt,0.6898488333762471
2290358221148407258,300471914551172981,300471914551172981,1,1,skt,0.6821806352515032
2290358221148407258,8573800373938698102,8573800373938698102,0,1,skt,0.6271244374648073
2290358221148407258,2014268979504181100,300471914551172981,1,1,skt,0.6674760976882969
2290358221148407258,2172169907340938753,300471914551172981,1,1,skt,0.6686031047348957
2290358221148407258,8150806168444344502,300471914551172981,1,1,skt,0.6907936707627378
2290358221148407258,816286915455981984,8573800373938698102,1,1,skt,0.6787333721882892
2290358221148407258,1962751598315765836,300471914551172981,1,1,skt,0.6953879913461025
2290358221148407258,7444476343858270082,300471914551172981,1,1,skt,0.6992761859573755
2290358221148407258,2537821716777940730,300471914551172981,1,1,skt,0.7000771001943514
2290358221148407258,1061301253559417093,300471914551172981,1,1,skt,0.6814915876378714
2290358221148407258,8553379303363759508,300471914551172981,1,1,skt,0.6738600719440675
2290358221148407258,6440511557387709110,300471914551172981,1,1,skt,0.6982064068095648
2290358221148407258,7744513373483970787,8573800373938698102,0,1,skt,0.6325302543889512
2290358221148407258,2971078979906996375,300471914551172981,1,1,skt,0.68875464155301
2290358221148407258,5841359775533910823,300471914551172981,1,1,skt,0.6602467036777954
2290358221148407258,8621262567927479011,300471914551172981,1,1,skt,0.6972685801182213
2290358221148407258,8434961942249729798,8573800373938698102,1,1,skt,0.6650808743284707
2290358221148407258,2322042198017538996,8573800373938698102,0,1,skt,0.6671295251005437
2290358221148407258,1742185772413642127,300471914551172981,1,1,skt,0.7031359375173725
2290358221148407258,2334639155148655290,8573800373938698102,0,1,skt,0.6733073325738195
2290358221148407258,7660717256841499384,300471914551172981,1,1,skt,0.7167388910093319
2290358221148407258,4113615466659810841,300471914551172981,1,1,skt,0.7022733114788525
2290358221148407258,6125574002232610732,300471914551172981,0,1,skt,0.6685327232289726
2290358221148407258,2774368076249802464,8573800373938698102,0,1,skt,0.661036086140924
2290358221148407258,8903365289186067945,8573800373938698102,0,1,skt,0.6638770363390836
2290358221148407258,6925932688889117475,300471914551172981,1,1,skt,0.7204001343565859
2290358221148407258,8194071366621068887,8573800373938698102,0,1,skt,0.642074315411306
2290358221148407258,2986660907093963186,300471914551172981,1,1,skt,0.7257425359616075
2290358221148407258,7591109345808921544,300471914551172981,1,1,skt,0.7026052615993992
2290358221148407258,625545550176685521,8573800373938698102,1,1,skt,0.6750515944152915
2290358221148407258,1761868641361943332,8573800373938698102,1,1,skt,0.6825995462811933
2290358221148407258,4824259625677886603,300471914551172981,1,1,skt,0.6988752720524406
2290358221148407258,8450591260754163598,8573800373938698102,0,1,skt,0.6613918451996871
2290358221148407258,1553079256999111676,300471914551172981,1,1,skt,0.7067694665410957
2290358221148407258,3220231712819306119,8573800373938698102,1,1,skt,0.6682571229690227
2290358221148407258,338807275221326836,300471914551172981,1,1,skt,0.6949841548662892
2290358221148407258,8525319303741530302,8573800373938698102,1,1,skt,0.6691015574691048
2290358221148407258,6587421150596252277,300471914551172981,1,1,skt,0.7084124405589232
2290358221148407258,5891620578387310353,300471914551172981,1,1,skt,0.6918781302992284
2290358221148407258,5791250638486922978,300471914551172981,1,1,skt,0.7127887718496443
2290358221148407258,4031585874086886353,8573800373938698102,0,1,skt,0.6837682700806654
2290358221148407258,2083452711903133430,8573800373938698102,1,1,skt,0.705324804603913
2290358221148407258,6319743179241711738,8573800373938698102,0,1,skt,0.6856197118875641
2290358221148407258,8628686323660025649,300471914551172981,1,1,skt,0.7119427039255981
2290358221148407258,4378721629787482518,300471914551172981,1,1,skt,0.717833871292165
2290358221148407258,4813462692425748605,300471914551172981,1,1,skt,0.6831439625142214
2290358221148407258,4644364625800006675,300471914551172981,1,1,skt,0.7012761819409904
2290358221148407258,1062464292871659639,8573800373938698102,0,1,skt,0.686303939723247
2290358221148407258,5932668873100475470,300471914551172981,1,1,skt,0.7223154310776903
2290358221148407258,5237822943399727048,8573800373938698102,0,1,skt,0.6898488333762471
2312793360970709803,300471914551172981,300471914551172981,1,1,skt,0.6821806352515032
2312793360970709803,8573800373938698102,8573800373938698102,0,1,skt,0.6271244374648073
2312793360970709803,2014268979504181100,300471914551172981,0,1,skt,0.6674760976882969
2312793360970709803,2172169907340938753,300471914551172981,1,1,skt,0.6686031047348957
2312793360970709803,8150806168444344502,300471914551172981,1,1,skt,0.6907936707627378
2312793360970709803,816286915455981984,8573800373938698102,0,1,skt,0.6787333721882892
2312793360970709803,1962751598315765836,300471914551172981,0,1,skt,0.6953879913461025
2312793360970709803,7444476343858270082,300471914551172981,1,1,skt,0.6992761859573755
2312793360970709803,2537821716777940730,300471914551172981,1,1,skt,0.7000771001943514
2312793360970709803,1061301253559417093,300471914551172981,0,1,skt,0.6814915876378714
2312793360970709803,8553379303363759508,300471914551172981,0,1,skt,0.6738600719440675
2312793360970709803,6440511557387709110,300471914551172981,1,1,skt,0.6982064068095648
2312793360970709803,7744513373483970787,8573800373938698102,0,1,skt,0.6325302543889512
2312793360970709803,2971078979906996375,300471914551172981,1,1,skt,0.68875464155301
2312793360970709803,5841359775533910823,300471914551172981,0,1,skt,0.6602467036777954
2312793360970709803,8621262567927479011,300471914551172981,1,1,skt,0.6972685801182213
2312793360970709803,8434961942249729798,8573800373938698102,0,1,skt,0.6650808743284707
2312793360970709803,2322042198017538996,8573800373938698102,0,1,skt,0.6671295251005437
2312793360970709803,1742185772413642127,300471914551172981,1,1,skt,0.7031359375173725
2312793360970709803,2334639155148655290,8573800373938698102,0,1,skt,0.6733073325738195
2312793360970709803,7660717256841499384,300471914551172981,1,1,skt,0.7167388910093319
2312793360970709803,4113615466659810841,300471914551172981,1,1,skt,0.7022733114788525
2312793360970709803,6125574002232610732,300471914551172981,0,1,skt,0.6685327232289726
2312793360970709803,2774368076249802464,8573800373938698102,0,1,skt,0.661036086140924
2312793360970709803,8903365289186067945,8573800373938698102,0,1,skt,0.6638770363390836
2312793360970709803,6925932688889117475,300471914551172981,1,1,skt,0.7204001343565859
2312793360970709803,8194071366621068887,8573800373938698102,0,1,skt,0.642074315411306
2312793360970709803,2986660907093963186,300471914551172981,1,1,skt,0.7257425359616075
2312793360970709803,7591109345808921544,300471914551172981,1,1,skt,0.7026052615993992
2312793360970709803,625545550176685521,8573800373938698102,1,1,skt,0.6750515944152915
2312793360970709803,1761868641361943332,8573800373938698102,0,1,skt,0.6825995462811933
2312793360970709803,4824259625677886603,300471914551172981,0,1,skt,0.6988752720524406
2312793360970709803,8450591260754163598,8573800373938698102,0,1,skt,0.6613918451996871
2312793360970709803,1553079256999111676,300471914551172981,1,1,skt,0.7067694665410957
2312793360970709803,3220231712819306119,8573800373938698102,0,1,skt,0.6682571229690227
2312793360970709803,338807275221326836,300471914551172981,1,1,skt,0.6949841548662892
2312793360970709803,8525319303741530302,8573800373938698102,0,1,skt,0.6691015574691048
2312793360970709803,6587421150596252277,300471914551172981,1,1,skt,0.7084124405589232
2312793360970709803,5891620578387310353,300471914551172981,1,1,skt,0.6918781302992284
2312793360970709803,5791250638486922978,300471914551172981,1,1,skt,0.7127887718496443
2312793360970709803,4031585874086886353,8573800373938698102,0,1,skt,0.6837682700806654
2312793360970709803,2083452711903133430,8573800373938698102,0,1,skt,0.705324804603913
2312793360970709803,6319743179241711738,8573800373938698102,0,1,skt,0.6856197118875641
2312793360970709803,8628686323660025649,300471914551172981,1,1,skt,0.7119427039255981
2312793360970709803,4378721629787482518,300471914551172981,1,1,skt,0.717833871292165
2312793360970709803,4813462692425748605,300471914551172981,0,1,skt,0.6831439625142214
2312793360970709803,4644364625800006675,300471914551172981,0,1,skt,0.7012761819409904
2312793360970709803,1062464292871659639,8573800373938698102,0,1,skt,0.686303939723247
2312793360970709803,5932668873100475470,300471914551172981,1,1,skt,0.7223154310776903
2312793360970709803,5237822943399727048,8573800373938698102,1,1,skt,0.6898488333762471
2315071760320444279,300471914551172981,300471914551172981,1,1,skt,0.6821806352515032
2315071760320444279,8573800373938698102,8573800373938698102,1,1,skt,0.6271244374648073
2315071760320444279,2014268979504181100,300471914551172981,1,1,skt,0.6674760976882969
2315071760320444279,2172169907340938753,300471914551172981,1,1,skt,0.6686031047348957
2315071760320444279,8150806168444344502,300471914551172981,1,1,skt,0.6907936707627378
2315071760320444279,816286915455981984,8573800373938698102,1,1,skt,0.6787333721882892
2315071760320444279,1962751598315765836,300471914551172981,1,1,skt,0.6953879913461025
2315071760320444279,7444476343858270082,300471914551172981,1,1,skt,0.6992761859573755
2315071760320444279,2537821716777940730,300471914551172981,1,1,skt,0.7000771001943514
2315071760320444279,1061301253559417093,300471914551172981,1,1,skt,0.6814915876378714
2315071760320444279,8553379303363759508,300471914551172981,1,1,skt,0.6738600719440675
2315071760320444279,6440511557387709110,300471914551172981,1,1,skt,0.6982064068095648
2315071760320444279,7744513373483970787,8573800373938698102,0,1,skt,0.6325302543889512
2315071760320444279,2971078979906996375,300471914551172981,1,1,skt,0.68875464155301
2315071760320444279,5841359775533910823,300471914551172981,1,1,skt,0.6602467036777954
2315071760320444279,8621262567927479011,300471914551172981,1,1,skt,0.6972685801182213
2315071760320444279,8434961942249729798,8573800373938698102,1,1,skt,0.6650808743284707
2315071760320444279,2322042198017538996,8573800373938698102,1,1,skt,0.6671295251005437
2315071760320444279,1742185772413642127,300471914551172981,1,1,skt,0.7031359375173725
2315071760320444279,2334639155148655290,8573800373938698102,1,1,skt,0.6733073325738195
2315071760320444279,7660717256841499384,300471914551172981,1,1,skt,0.7167388910093319
2315071760320444279,4113615466659810841,300471914551172981,1,1,skt,0.7022733114788525
2315071760320444279,6125574002232610732,300471914551172981,1,1,skt,0.6685327232289726
2315071760320444279,2774368076249802464,8573800373938698102,1,1,skt,0.661036086140924
2315071760320444279,8903365289186067945,8573800373938698102,1,1,skt,0.6638770363390836
2315071760320444279,6925932688889117475,300471914551172981,1,1,skt,0.7204001343565859
2315071760320444279,8194071366621068887,8573800373938698102,1,1,skt,0.642074315411306
2315071760320444279,2986660907093963186,300471914551172981,1,1,skt,0.7257425359616075
2315071760320444279,7591109345808921544,300471914551172981,1,1,skt,0.7026052615993992
2315071760320444279,625545550176685521,8573800373938698102,1,1,skt,0.6750515944152915
2315071760320444279,1761868641361943332,8573800373938698102,1,1,skt,0.6825995462811933
2315071760320444279,4824259625677886603,300471914551172981,1,1,skt,0.6988752720524406
2315071760320444279,8450591260754163598,8573800373938698102,1,1,skt,0.6613918451996871
2315071760320444279,1553079256999111676,300471914551172981,1,1,skt,0.7067694665410957
2315071760320444279,3220231712819306119,8573800373938698102,0,1,skt,0.6682571229690227
2315071760320444279,338807275221326836,300471914551172981,1,1,skt,0.6949841548662892
2315071760320444279,8525319303741530302,8573800373938698102,1,1,skt,0.6691015574691048
2315071760320444279,6587421150596252277,300471914551172981,1,1,skt,0.7084124405589232
2315071760320444279,5891620578387310353,300471914551172981,1,1,skt,0.6918781302992284
2315071760320444279,5791250638486922978,300471914551172981,1,1,skt,0.7127887718496443
2315071760320444279,4031585874086886353,8573800373938698102,1,1,skt,0.6837682700806654
2315071760320444279,2083452711903133430,8573800373938698102,1,1,skt,0.705324804603913
2315071760320444279,6319743179241711738,8573800373938698102,1,1,skt,0.6856197118875641
2315071760320444279,8628686323660025649,300471914551172981,1,1,skt,0.7119427039255981
2315071760320444279,4378721629787482518,300471914551172981,1,1,skt,0.717833871292165
2315071760320444279,4813462692425748605,300471914551172981,1,1,skt,0.6831439625142214
2315071760320444279,4644364625800006675,300471914551172981,1,1,skt,0.7012761819409904
2315071760320444279,1062464292871659639,8573800373938698102,1,1,skt,0.686303939723247
2315071760320444279,5932668873100475470,300471914551172981,1,1,skt,0.7223154310776903
2315071760320444279,5237822943399727048,8573800373938698102,1,1,skt,0.6898488333762471
2333712986867476897,300471914551172981,300471914551172981,1,1,skt,0.6821806352515032
2333712986867476897,8573800373938698102,8573800373938698102,0,1,skt,0.6271244374648073
2333712986867476897,2014268979504181100,300471914551172981,1,1,skt,0.6674760976882969
2333712986867476897,2172169907340938753,300471914551172981,0,1,skt,0.6686031047348957
2333712986867476897,8150806168444344502,300471914551172981,1,1,skt,0.6907936707627378
2333712986867476897,816286915455981984,8573800373938698102,0,1,skt,0.6787333721882892
2333712986867476897,1962751598315765836,300471914551172981,1,1,skt,0.6953879913461025
2333712986867476897,7444476343858270082,300471914551172981,1,1,skt,0.6992761859573755
2333712986867476897,2537821716777940730,300471914551172981,1,1,skt,0.7000771001943514
2333712986867476897,1061301253559417093,300471914551172981,1,1,skt,0.6814915876378714
2333712986867476897,8553379303363759508,300471914551172981,1,1,skt,0.6738600719440675
2333712986867476897,6440511557387709110,300471914551172981,1,1,skt,0.6982064068095648
2333712986867476897,7744513373483970787,8573800373938698102,1,1,skt,0.6325302543889512
2333712986867476897,2971078979906996375,300471914551172981,1,1,skt,0.68875464155301
2333712986867476897,5841359775533910823,300471914551172981,1,1,skt,0.6602467036777954
2333712986867476897,8621262567927479011,300471914551172981,1,1,skt,0.6972685801182213
2333712986867476897,8434961942249729798,8573800373938698102,1,1,skt,0.6650808743284707
2333712986867476897,2322042198017538996,8573800373938698102,0,1,skt,0.6671295251005437
2333712986867476897,1742185772413642127,300471914551172981,1,1,skt,0.7031359375173725
2333712986867476897,2334639155148655290,8573800373938698102,1,1,skt,0.6733073325738195
2333712986867476897,7660717256841499384,300471914551172981,1,1,skt,0.7167388910093319
2333712986867476897,4113615466659810841,300471914551172981,1,1,skt,0.7022733114788525
2333712986867476897,6125574002232610732,300471914551172981,0,1,skt,0.6685327232289726
2333712986867476897,2774368076249802464,8573800373938698102,0,1,skt,0.661036086140924
2333712986867476897,8903365289186067945,8573800373938698102,1,1,skt,0.6638770363390836
2333712986867476897,6925932688889117475,300471914551172981,1,1,skt,0.7204001343565859
2333712986867476897,8194071366621068887,8573800373938698102,1,1,skt,0.642074315411306
2333712986867476897,2986660907093963186,300471914551172981,1,1,skt,0.7257425359616075
2333712986867476897,7591109345808921544,300471914551172981,1,1,skt,0.7026052615993992
2333712986867476897,625545550176685521,8573800373938698102,1,1,skt,0.6750515944152915
2333712986867476897,1761868641361943332,8573800373938698102,1,1,skt,0.6825995462811933
2333712986867476897,4824259625677886603,300471914551172981,1,1,skt,0.6988752720524406
2333712986867476897,8450591260754163598,8573800373938698102,1,1,skt,0.6613918451996871
2333712986867476897,1553079256999111676,300471914551172981,1,1,skt,0.7067694665410957
2333712986867476897,3220231712819306119,8573800373938698102,1,1,skt,0.6682571229690227
2333712986867476897,338807275221326836,300471914551172981,1,1,skt,0.6949841548662892
2333712986867476897,8525319303741530302,8573800373938698102,1,1,skt,0.6691015574691048
2333712986867476897,6587421150596252277,300471914551172981,1,1,skt,0.7084124405589232
2333712986867476897,5891620578387310353,300471914551172981,1,1,skt,0.6918781302992284
2333712986867476897,5791250638486922978,300471914551172981,1,1,skt,0.7127887718496443
2333712986867476897,4031585874086886353,8573800373938698102,1,1,skt,0.6837682700806654
2333712986867476897,2083452711903133430,8573800373938698102,1,1,skt,0.705324804603913
2333712986867476897,6319743179241711738,8573800373938698102,1,1,skt,0.6856197118875641
2333712986867476897,8628686323660025649,300471914551172981,1,1,skt,0.7119427039255981
2333712986867476897,4378721629787482518,300471914551172981,1,1,skt,0.717833871292165
2333712986867476897,4813462692425748605,300471914551172981,1,1,skt,0.6831439625142214
2333712986867476897,4644364625800006675,300471914551172981,1,1,skt,0.7012761819409904
2333712986867476897,1062464292871659639,8573800373938698102,1,1,skt,0.686303939723247
2333712986867476897,5932668873100475470,300471914551172981,1,1,skt,0.7223154310776903
2333712986867476897,5237822943399727048,8573800373938698102,0,1,skt,0.6898488333762471
2345271181557191207,300471914551172981,300471914551172981,1,1,skt,0.6821806352515032
2345271181557191207,8573800373938698102,8573800373938698102,0,1,skt,0.6271244374648073
2345271181557191207,2014268979504181100,300471914551172981,1,1,skt,0.6674760976882969
2345271181557191207,2172169907340938753,300471914551172981,0,1,skt,0.6686031047348957
2345271181557191207,8150806168444344502,300471914551172981,1,1,skt,0.6907936707627378
2345271181557191207,816286915455981984,8573800373938698102,1,1,skt,0.6787333721882892
2345271181557191207,1962751598315765836,300471914551172981,1,1,skt,0.6953879913461025
2345271181557191207,7444476343858270082,300471914551172981,1,1,skt,0.6992761859573755
2345271181557191207,2537821716777940730,300471914551172981,1,1,skt,0.7000771001943514
2345271181557191207,1061301253559417093,300471914551172981,1,1,skt,0.6814915876378714
2345271181557191207,8553379303363759508,300471914551172981,1,1,skt,0.6738600719440675
2345271181557191207,6440511557387709110,300471914551172981,1,1,skt,0.6982064068095648
2345271181557191207,7744513373483970787,8573800373938698102,0,1,skt,0.6325302543889512
2345271181557191207,2971078979906996375,300471914551172981,1,1,skt,0.68875464155301
2345271181557191207,5841359775533910823,300471914551172981,1,1,skt,0.6602467036777954
2345271181557191207,8621262567927479011,300471914551172981,1,1,skt,0.6972685801182213
2345271181557191207,8434961942249729798,8573800373938698102,1,1,skt,0.6650808743284707
2345271181557191207,2322042198017538996,8573800373938698102,0,1,skt,0.6671295251005437
2345271181557191207,1742185772413642127,300471914551172981,1,1,skt,0.7031359375173725
2345271181557191207,2334639155148655290,8573800373938698102,1,1,skt,0.6733073325738195
2345271181557191207,7660717256841499384,300471914551172981,1,1,skt,0.7167388910093319
2345271181557191207,4113615466659810841,300471914551172981,1,1,skt,0.7022733114788525
2345271181557191207,6125574002232610732,300471914551172981,1,1,skt,0.6685327232289726
2345271181557191207,2774368076249802464,8573800373938698102,1,1,skt,0.661036086140924
2345271181557191207,8903365289186067945,8573800373938698102,0,1,skt,0.6638770363390836
2345271181557191207,6925932688889117475,300471914551172981,1,1,skt,0.7204001343565859
2345271181557191207,8194071366621068887,8573800373938698102,0,1,skt,0.642074315411306
2345271181557191207,2986660907093963186,300471914551172981,1,1,skt,0.7257425359616075
2345271181557191207,7591109345808921544,300471914551172981,1,1,skt,0.7026052615993992
2345271181557191207,625545550176685521,8573800373938698102,1,1,skt,0.6750515944152915
2345271181557191207,1761868641361943332,8573800373938698102,1,1,skt,0.6825995462811933
2345271181557191207,4824259625677886603,300471914551172981,1,1,skt,0.6988752720524406
2345271181557191207,8450591260754163598,8573800373938698102,1,1,skt,0.6613918451996871
2345271181557191207,1553079256999111676,300471914551172981,1,1,skt,0.7067694665410957
2345271181557191207,3220231712819306119,8573800373938698102,0,1,skt,0.6682571229690227
2345271181557191207,338807275221326836,300471914551172981,1,1,skt,0.6949841548662892
2345271181557191207,8525319303741530302,8573800373938698102,0,1,skt,0.6691015574691048
2345271181557191207,6587421150596252277,300471914551172981,1,1,skt,0.7084124405589232
2345271181557191207,5891620578387310353,300471914551172981,1,1,skt,0.6918781302992284
2345271181557191207,5791250638486922978,300471914551172981,1,1,skt,0.7127887718496443
2345271181557191207,4031585874086886353,8573800373938698102,1,1,skt,0.6837682700806654
2345271181557191207,2083452711903133430,8573800373938698102,1,1,skt,0.705324804603913
2345271181557191207,6319743179241711738,8573800373938698102,0,1,skt,0.6856197118875641
2345271181557191207,8628686323660025649,300471914551172981,1,1,skt,0.7119427039255981
2345271181557191207,4378721629787482518,300471914551172981,1,1,skt,0.717833871292165
2345271181557191207,4813462692425748605,300471914551172981,1,1,skt,0.6831439625142214
2345271181557191207,4644364625800006675,300471914551172981,1,1,skt,0.7012761819409904
2345271181557191207,1062464292871659639,8573800373938698102,1,1,skt,0.686303939723247
2345271181557191207,5932668873100475470,300471914551172981,1,1,skt,0.7223154310776903
2345271181557191207,5237822943399727048,8573800373938698102,1,1,skt,0.6898488333762471
2378784820448656684,300471914551172981,300471914551172981,1,1,skt,0.6821806352515032
2378784820448656684,8573800373938698102,8573800373938698102,1,1,skt,0.6271244374648073
2378784820448656684,2014268979504181100,300471914551172981,1,1,skt,0.6674760976882969
2378784820448656684,2172169907340938753,300471914551172981,1,1,skt,0.6686031047348957
2378784820448656684,8150806168444344502,300471914551172981,1,1,skt,0.6907936707627378
2378784820448656684,816286915455981984,8573800373938698102,1,1,skt,0.6787333721882892
2378784820448656684,1962751598315765836,300471914551172981,1,1,skt,0.6953879913461025
2378784820448656684,7444476343858270082,300471914551172981,1,1,skt,0.6992761859573755
2378784820448656684,2537821716777940730,300471914551172981,1,1,skt,0.7000771001943514
2378784820448656684,1061301253559417093,300471914551172981,1,1,skt,0.6814915876378714
2378784820448656684,8553379303363759508,300471914551172981,1,1,skt,0.6738600719440675
2378784820448656684,6440511557387709110,300471914551172981,1,1,skt,0.6982064068095648
2378784820448656684,7744513373483970787,8573800373938698102,1,1,skt,0.6325302543889512
2378784820448656684,2971078979906996375,300471914551172981,1,1,skt,0.68875464155301
2378784820448656684,5841359775533910823,300471914551172981,1,1,skt,0.6602467036777954
2378784820448656684,8621262567927479011,300471914551172981,1,1,skt,0.6972685801182213
2378784820448656684,8434961942249729798,8573800373938698102,1,1,skt,0.6650808743284707
2378784820448656684,2322042198017538996,8573800373938698102,1,1,skt,0.6671295251005437
2378784820448656684,1742185772413642127,300471914551172981,1,1,skt,0.7031359375173725
2378784820448656684,2334639155148655290,8573800373938698102,1,1,skt,0.6733073325738195
2378784820448656684,7660717256841499384,300471914551172981,1,1,skt,0.7167388910093319
2378784820448656684,4113615466659810841,300471914551172981,1,1,skt,0.7022733114788525
2378784820448656684,6125574002232610732,300471914551172981,1,1,skt,0.6685327232289726
2378784820448656684,2774368076249802464,8573800373938698102,1,1,skt,0.661036086140924
2378784820448656684,8903365289186067945,8573800373938698102,1,1,skt,0.6638770363390836
2378784820448656684,6925932688889117475,300471914551172981,1,1,skt,0.7204001343565859
2378784820448656684,8194071366621068887,8573800373938698102,1,1,skt,0.642074315411306
2378784820448656684,2986660907093963186,300471914551172981,1,1,skt,0.7257425359616075
2378784820448656684,7591109345808921544,300471914551172981,1,1,skt,0.7026052615993992
2378784820448656684,625545550176685521,8573800373938698102,1,1,skt,0.6750515944152915
2378784820448656684,1761868641361943332,8573800373938698102,1,1,skt,0.6825995462811933
2378784820448656684,4824259625677886603,300471914551172981,1,1,skt,0.6988752720524406
2378784820448656684,8450591260754163598,8573800373938698102,1,1,skt,0.6613918451996871
2378784820448656684,1553079256999111676,300471914551172981,1,1,skt,0.7067694665410957
2378784820448656684,3220231712819306119,8573800373938698102,1,1,skt,0.6682571229690227
2378784820448656684,338807275221326836,300471914551172981,1,1,skt,0.6949841548662892
2378784820448656684,8525319303741530302,8573800373938698102,1,1,skt,0.6691015574691048
2378784820448656684,6587421150596252277,300471914551172981,1,1,skt,0.7084124405589232
2378784820448656684,5891620578387310353,300471914551172981,1,1,skt,0.6918781302992284
2378784820448656684,5791250638486922978,300471914551172981,1,1,skt,0.7127887718496443
2378784820448656684,4031585874086886353,8573800373938698102,1,1,skt,0.6837682700806654
2378784820448656684,2083452711903133430,8573800373938698102,1,1,skt,0.705324804603913
2378784820448656684,6319743179241711738,8573800373938698102,1,1,skt,0.6856197118875641
2378784820448656684,8628686323660025649,300471914551172981,1,1,skt,0.7119427039255981
2378784820448656684,4378721629787482518,300471914551172981,1,1,skt,0.717833871292165
2378784820448656684,4813462692425748605,300471914551172981,1,1,skt,0.6831439625142214
2378784820448656684,4644364625800006675,300471914551172981,1,1,skt,0.7012761819409904
2378784820448656684,1062464292871659639,8573800373938698102,1,1,skt,0.686303939723247
2378784820448656684,5932668873100475470,300471914551172981,1,1,skt,0.7223154310776903
2378784820448656684,5237822943399727048,8573800373938698102,1,1,skt,0.6898488333762471
2395692954183291712,300471914551172981,300471914551172981,0,1,skt,0.6821806352515032
2395692954183291712,8573800373938698102,8573800373938698102,0,1,skt,0.6271244374648073
2395692954183291712,2014268979504181100,300471914551172981,0,1,skt,0.6674760976882969
2395692954183291712,2172169907340938753,300471914551172981,0,1,skt,0.6686031047348957
2395692954183291712,8150806168444344502,300471914551172981,1,1,skt,0.6907936707627378
2395692954183291712,816286915455981984,8573800373938698102,1,1,skt,0.6787333721882892
2395692954183291712,1962751598315765836,300471914551172981,1,1,skt,0.6953879913461025
2395692954183291712,7444476343858270082,300471914551172981,0,1,skt,0.6992761859573755
2395692954183291712,2537821716777940730,300471914551172981,0,1,skt,0.7000771001943514
2395692954183291712,1061301253559417093,300471914551172981,0,1,skt,0.6814915876378714
2395692954183291712,8553379303363759508,300471914551172981,0,1,skt,0.6738600719440675
2395692954183291712,6440511557387709110,300471914551172981,0,1,skt,0.6982064068095648
2395692954183291712,7744513373483970787,8573800373938698102,1,1,skt,0.6325302543889512
2395692954183291712,2971078979906996375,300471914551172981,1,1,skt,0.68875464155301
2395692954183291712,5841359775533910823,300471914551172981,0,1,skt,0.6602467036777954
2395692954183291712,8621262567927479011,300471914551172981,1,1,skt,0.6972685801182213
2395692954183291712,8434961942249729798,8573800373938698102,1,1,skt,0.6650808743284707
2395692954183291712,2322042198017538996,8573800373938698102,1,1,skt,0.6671295251005437
2395692954183291712,1742185772413642127,300471914551172981,0,1,skt,0.7031359375173725
2395692954183291712,2334639155148655290,8573800373938698102,1,1,skt,0.6733073325738195
2395692954183291712,7660717256841499384,300471914551172981,1,1,skt,0.7167388910093319
2395692954183291712,4113615466659810841,300471914551172981,0,1,skt,0.7022733114788525
2395692954183291712,6125574002232610732,300471914551172981,0,1,skt,0.6685327232289726
2395692954183291712,2774368076249802464,8573800373938698102,1,1,skt,0.661036086140924
2395692954183291712,8903365289186067945,8573800373938698102,1,1,skt,0.6638770363390836
2395692954183291712,6925932688889117475,300471914551172981,0,1,skt,0.7204001343565859
2395692954183291712,8194071366621068887,8573800373938698102,1,1,skt,0.642074315411306
2395692954183291712,2986660907093963186,300471914551172981,1,1,skt,0.7257425359616075
2395692954183291712,7591109345808921544,300471914551172981,0,1,skt,0.7026052615993992
2395692954183291712,625545550176685521,8573800373938698102,1,1,skt,0.6750515944152915
2395692954183291712,1761868641361943332,8573800373938698102,1,1,skt,0.6825995462811933
2395692954183291712,4824259625677886603,300471914551172981,0,1,skt,0.6988752720524406
2395692954183291712,8450591260754163598,8573800373938698102,1,1,skt,0.6613918451996871
2395692954183291712,1553079256999111676,300471914551172981,0,1,skt,0.7067694665410957
2395692954183291712,3220231712819306119,8573800373938698102,1,1,skt,0.6682571229690227
2395692954183291712,338807275221326836,300471914551172981,1,1,skt,0.6949841548662892
2395692954183291712,8525319303741530302,8573800373938698102,1,1,skt,0.6691015574691048
2395692954183291712,6587421150596252277,300471914551172981,0,1,skt,0.7084124405589232
2395692954183291712,5891620578387310353,300471914551172981,0,1,skt,0.6918781302992284
2395692954183291712,5791250638486922978,300471914551172981,0,1,skt,0.7127887718496443
2395692954183291712,4031585874086886353,8573800373938698102,1,1,skt,0.6837682700806654
2395692954183291712,2083452711903133430,8573800373938698102,1,1,skt,0.705324804603913
2395692954183291712,6319743179241711738,8573800373938698102,1,1,skt,0.6856197118875641
2395692954183291712,8628686323660025649,300471914551172981,0,1,skt,0.7119427039255981
2395692954183291712,4378721629787482518,300471914551172981,0,1,skt,0.717833871292165
2395692954183291712,4813462692425748605,300471914551172981,1,1,skt,0.6831439625142214
2395692954183291712,4644364625800006675,300471914551172981,0,1,skt,0.7012761819409904
2395692954183291712,1062464292871659639,8573800373938698102,1,1,skt,0.686303939723247
2395692954183291712,5932668873100475470,300471914551172981,1,1,skt,0.7223154310776903
2395692954183291712,5237822943399727048,8573800373938698102,1,1,skt,0.6898488333762471
2402076814771229691,300471914551172981,300471914551172981,1,1,skt,0.6821806352515032
2402076814771229691,8573800373938698102,8573800373938698102,1,1,skt,0.6271244374648073
2402076814771229691,2014268979504181100,300471914551172981,1,1,skt,0.6674760976882969
2402076814771229691,2172169907340938753,300471914551172981,1,1,skt,0.6686031047348957
2402076814771229691,8150806168444344502,300471914551172981,1,1,skt,0.6907936707627378
2402076814771229691,816286915455981984,8573800373938698102,1,1,skt,0.6787333721882892
2402076814771229691,1962751598315765836,300471914551172981,1,1,skt,0.6953879913461025
2402076814771229691,7444476343858270082,300471914551172981,1,1,skt,0.6992761859573755
2402076814771229691,2537821716777940730,300471914551172981,1,1,skt,0.7000771001943514
2402076814771229691,1061301253559417093,300471914551172981,1,1,skt,0.6814915876378714
2402076814771229691,8553379303363759508,300471914551172981,1,1,skt,0.6738600719440675
2402076814771229691,6440511557387709110,300471914551172981,1,1,skt,0.6982064068095648
2402076814771229691,7744513373483970787,8573800373938698102,1,1,skt,0.6325302543889512
2402076814771229691,2971078979906996375,300471914551172981,1,1,skt,0.68875464155301
2402076814771229691,5841359775533910823,300471914551172981,1,1,skt,0.6602467036777954
2402076814771229691,8621262567927479011,300471914551172981,1,1,skt,0.6972685801182213
2402076814771229691,8434961942249729798,8573800373938698102,1,1,skt,0.6650808743284707
2402076814771229691,2322042198017538996,8573800373938698102,1,1,skt,0.6671295251005437
2402076814771229691,1742185772413642127,300471914551172981,1,1,skt,0.7031359375173725
2402076814771229691,2334639155148655290,8573800373938698102,1,1,skt,0.6733073325738195
2402076814771229691,7660717256841499384,300471914551172981,1,1,skt,0.7167388910093319
2402076814771229691,4113615466659810841,300471914551172981,1,1,skt,0.7022733114788525
2402076814771229691,6125574002232610732,300471914551172981,1,1,skt,0.6685327232289726
2402076814771229691,2774368076249802464,8573800373938698102,1,1,skt,0.661036086140924
2402076814771229691,8903365289186067945,8573800373938698102,1,1,skt,0.6638770363390836
2402076814771229691,6925932688889117475,300471914551172981,1,1,skt,0.7204001343565859
2402076814771229691,8194071366621068887,8573800373938698102,1,1,skt,0.642074315411306
2402076814771229691,2986660907093963186,300471914551172981,1,1,skt,0.7257425359616075
2402076814771229691,7591109345808921544,300471914551172981,1,1,skt,0.7026052615993992
2402076814771229691,625545550176685521,8573800373938698102,1,1,skt,0.6750515944152915
2402076814771229691,1761868641361943332,8573800373938698102,1,1,skt,0.6825995462811933
2402076814771229691,4824259625677886603,300471914551172981,1,1,skt,0.6988752720524406
2402076814771229691,8450591260754163598,8573800373938698102,1,1,skt,0.6613918451996871
2402076814771229691,1553079256999111676,300471914551172981,1,1,skt,0.7067694665410957
2402076814771229691,3220231712819306119,8573800373938698102,1,1,skt,0.6682571229690227
2402076814771229691,338807275221326836,300471914551172981,1,1,skt,0.6949841548662892
2402076814771229691,8525319303741530302,8573800373938698102,1,1,skt,0.6691015574691048
2402076814771229691,6587421150596252277,300471914551172981,1,1,skt,0.7084124405589232
2402076814771229691,5891620578387310353,300471914551172981,1,1,skt,0.6918781302992284
2402076814771229691,5791250638486922978,300471914551172981,1,1,skt,0.7127887718496443
2402076814771229691,4031585874086886353,8573800373938698102,1,1,skt,0.6837682700806654
2402076814771229691,2083452711903133430,8573800373938698102,1,1,skt,0.705324804603913
2402076814771229691,6319743179241711738,8573800373938698102,1,1,skt,0.6856197118875641
2402076814771229691,8628686323660025649,300471914551172981,1,1,skt,0.7119427039255981
2402076814771229691,4378721629787482518,300471914551172981,1,1,skt,0.717833871292165
2402076814771229691,4813462692425748605,300471914551172981,1,1,skt,0.6831439625142214
2402076814771229691,4644364625800006675,300471914551172981,1,1,skt,0.7012761819409904
2402076814771229691,1062464292871659639,8573800373938698102,1,1,skt,0.686303939723247
2402076814771229691,5932668873100475470,300471914551172981,1,1,skt,0.7223154310776903
2402076814771229691,5237822943399727048,8573800373938698102,1,1,skt,0.6898488333762471
