user_id,item_id,kc_id,y_true,fold,model,y_prob
58379446801296488,300471914551172981,300471914551172981,1,1,bkt,0.6270461440332235
58379446801296488,8573800373938698102,8573800373938698102,0,1,bkt,0.5064730900819714
58379446801296488,2014268979504181100,300471914551172981,1,1,bkt,0.77270096802343
58379446801296488,2172169907340938753,300471914551172981,1,1,bkt,0.8610413139091273
58379446801296488,8150806168444344502,300471914551172981,1,1,bkt,0.900059657568269
58379446801296488,816286915455981984,8573800373938698102,0,1,bkt,0.35276834629056547
58379446801296488,1962751598315765836,300471914551172981,1,1,bkt,0.9148547854652099
58379446801296488,7444476343858270082,300471914551172981,1,1,bkt,0.9201348647501719
58379446801296488,2537821716777940730,300471914551172981,1,1,bkt,0.9219781051191799
58379446801296488,1061301253559417093,300471914551172981,1,1,bkt,0.9226165965299471
58379446801296488,8553379303363759508,300471914551172981,1,1,bkt,0.9228371725871625
58379446801296488,6440511557387709110,300471914551172981,1,1,bkt,0.9229133028286419
58379446801296488,7744513373483970787,8573800373938698102,0,1,bkt,0.32296311143420975
58379446801296488,2971078979906996375,300471914551172981,1,1,bkt,0.9229395701871741
58379446801296488,5841359775533910823,300471914551172981,1,1,bkt,0.9229486322571232
58379446801296488,8621262567927479011,300471914551172981,1,1,bkt,0.9229517584933665
58379446801296488,8434961942249729798,8573800373938698102,0,1,bkt,0.3187500641718073
58379446801296488,2322042198017538996,8573800373938698102,0,1,bkt,0.318184276619551
58379446801296488,1742185772413642127,300471914551172981,1,1,bkt,0.9229528369692599
58379446801296488,2334639155148655290,8573800373938698102,0,1,bkt,0.31810882722389705
58379446801296488,7660717256841499384,300471914551172981,1,1,bkt,0.9229532090156645
58379446801296488,4113615466659810841,300471914551172981,1,1,bkt,0.9229533373618893
58379446801296488,6125574002232610732,300471914551172981,1,1,bkt,0.9229533816379375
58379446801296488,2774368076249802464,8573800373938698102,0,1,bkt,0.3180987752917487
58379446801296488,8903365289186067945,8573800373938698102,0,1,bkt,0.31809743626617
58379446801296488,6925932688889117475,300471914551172981,1,1,bkt,0.9229533969119985
58379446801296488,8194071366621068887,8573800373938698102,0,1,bkt,0.318097257896527
58379446801296488,2986660907093963186,300471914551172981,1,1,bkt,0.9229534021811435
58379446801296488,7591109345808921544,300471914551172981,1,1,bkt,0.9229534039988586
58379446801296488,625545550176685521,8573800373938698102,0,1,bkt,0.31809723413622
58379446801296488,1761868641361943332,8573800373938698102,0,1,bkt,0.31809723097115217
58379446801296488,4824259625677886603,300471914551172981,1,1,bkt,0.922953404368367
58379446801296488,8450591260754163598,8573800373938698102,0,1,bkt,0.31809723054953915
58379446801296488,1553079256999111676,300471914551172981,1,1,bkt,0.922953404368367
58379446801296488,3220231712819306119,8573800373938698102,0,1,bkt,0.3180972304933769
58379446801296488,338807275221326836,300471914551172981,1,1,bkt,0.922953404368367
58379446801296488,8525319303741530302,8573800373938698102,0,1,bkt,0.3180972304858956
58379446801296488,6587421150596252277,300471914551172981,1,1,bkt,0.922953404368367
58379446801296488,5891620578387310353,300471914551172981,0,1,bkt,0.922953404368367
58379446801296488,5791250638486922978,300471914551172981,1,1,bkt,0.9229534001375432
58379446801296488,4031585874086886353,8573800373938698102,0,1,bkt,0.318097230484899
58379446801296488,2083452711903133430,8573800373938698102,0,1,bkt,0.31809723048476624
58379446801296488,6319743179241711738,8573800373938698102,0,1,bkt,0.3180972304847486
58379446801296488,8628686323660025649,300471914551172981,1,1,bkt,0.9229534032938709
58379446801296488,4378721629787482518,300471914551172981,1,1,bkt,0.922953404368367
58379446801296488,4813462692425748605,300471914551172981,1,1,bkt,0.922953404368367
58379446801296488,4644364625800006675,300471914551172981,1,1,bkt,0.922953404368367
58379446801296488,1062464292871659639,8573800373938698102,0,1,bkt,0.31809723048474625
58379446801296488,5932668873100475470,300471914551172981,1,1,bkt,0.922953404368367
58379446801296488,5237822943399727048,8573800373938698102,0,1,bkt,0.3180972304847459
73928280903912066,300471914551172981,300471914551172981,1,1,bkt,0.6270461440332235
73928280903912066,8573800373938698102,8573800373938698102,0,1,bkt,0.5064730900819714
73928280903912066,2014268979504181100,300471914551172981,1,1,bkt,0.77270096802343
73928280903912066,2172169907340938753,300471914551172981,1,1,bkt,0.8610413139091273
73928280903912066,8150806168444344502,300471914551172981,1,1,bkt,0.900059657568269
73928280903912066,816286915455981984,8573800373938698102,0,1,bkt,0.35276834629056547
73928280903912066,1962751598315765836,300471914551172981,1,1,bkt,0.9148547854652099
73928280903912066,7444476343858270082,300471914551172981,1,1,bkt,0.9201348647501719
73928280903912066,2537821716777940730,300471914551172981,1,1,bkt,0.9219781051191799
73928280903912066,1061301253559417093,300471914551172981,1,1,bkt,0.9226165965299471
73928280903912066,8553379303363759508,300471914551172981,1,1,bkt,0.9228371725871625
73928280903912066,6440511557387709110,300471914551172981,1,1,bkt,0.9229133028286419
73928280903912066,7744513373483970787,8573800373938698102,0,1,bkt,0.32296311143420975
73928280903912066,2971078979906996375,300471914551172981,1,1,bkt,0.9229395701871741
73928280903912066,5841359775533910823,300471914551172981,1,1,bkt,0.9229486322571232
73928280903912066,8621262567927479011,300471914551172981,1,1,bkt,0.9229517584933665
73928280903912066,8434961942249729798,8573800373938698102,0,1,bkt,0.3187500641718073
73928280903912066,2322042198017538996,8573800373938698102,1,1,bkt,0.318184276619551
73928280903912066,1742185772413642127,300471914551172981,1,1,bkt,0.9229528369692599
73928280903912066,2334639155148655290,8573800373938698102,0,1,bkt,0.41121362770144787
73928280903912066,7660717256841499384,300471914551172981,1,1,bkt,0.9229532090156645
73928280903912066,4113615466659810841,300471914551172981,1,1,bkt,0.9229533373618893
73928280903912066,6125574002232610732,300471914551172981,1,1,bkt,0.9229533816379375
73928280903912066,2774368076249802464,8573800373938698102,0,1,bkt,0.33246276613073333
73928280903912066,8903365289186067945,8573800373938698102,0,1,bkt,0.32005201881955553
73928280903912066,6925932688889117475,300471914551172981,1,1,bkt,0.9229533969119985
73928280903912066,8194071366621068887,8573800373938698102,0,1,bkt,0.318358372925812
73928280903912066,2986660907093963186,300471914551172981,1,1,bkt,0.9229534021811435
73928280903912066,7591109345808921544,300471914551172981,1,1,bkt,0.9229534039988586
73928280903912066,625545550176685521,8573800373938698102,0,1,bkt,0.3181320301257988
73928280903912066,1761868641361943332,8573800373938698102,1,1,bkt,0.31810186631882115
73928280903912066,4824259625677886603,300471914551172981,1,1,bkt,0.922953404368367
73928280903912066,8450591260754163598,8573800373938698102,0,1,bkt,0.4110151683424867
73928280903912066,1553079256999111676,300471914551172981,1,1,bkt,0.922953404368367
73928280903912066,3220231712819306119,8573800373938698102,0,1,bkt,0.33242731863262587
73928280903912066,338807275221326836,300471914551172981,1,1,bkt,0.922953404368367
73928280903912066,8525319303741530302,8573800373938698102,0,1,bkt,0.32004709176466195
73928280903912066,6587421150596252277,300471914551172981,1,1,bkt,0.922953404368367
73928280903912066,5891620578387310353,300471914551172981,1,1,bkt,0.922953404368367
73928280903912066,5791250638486922978,300471914551172981,1,1,bkt,0.922953404368367
73928280903912066,4031585874086886353,8573800373938698102,1,1,bkt,0.31835771282732045
73928280903912066,2083452711903133430,8573800373938698102,1,1,bkt,0.4116309587489776
73928280903912066,6319743179241711738,8573800373938698102,0,1,bkt,0.5851186634318707
73928280903912066,8628686323660025649,300471914551172981,1,1,bkt,0.922953404368367
73928280903912066,4378721629787482518,300471914551172981,1,1,bkt,0.922953404368367
73928280903912066,4813462692425748605,300471914551172981,1,1,bkt,0.922953404368367
73928280903912066,4644364625800006675,300471914551172981,1,1,bkt,0.922953404368367
73928280903912066,1062464292871659639,8573800373938698102,1,1,bkt,0.3765594949223378
73928280903912066,5932668873100475470,300471914551172981,1,1,bkt,0.922953404368367
73928280903912066,5237822943399727048,8573800373938698102,1,1,bkt,0.529968439929767
148483031885960388,300471914551172981,300471914551172981,1,1,bkt,0.6270461440332235
148483031885960388,8573800373938698102,8573800373938698102,0,1,bkt,0.5064730900819714
148483031885960388,2014268979504181100,300471914551172981,0,1,bkt,0.77270096802343
148483031885960388,2172169907340938753,300471914551172981,0,1,bkt,0.5054404856249486
148483031885960388,8150806168444344502,300471914551172981,1,1,bkt,0.38974456897574433
148483031885960388,816286915455981984,8573800373938698102,0,1,bkt,0.35276834629056547
148483031885960388,1962751598315765836,300471914551172981,1,1,bkt,0.48735862196950075
148483031885960388,7444476343858270082,300471914551172981,1,1,bkt,0.6383766517400404
148483031885960388,2537821716777940730,300471914551172981,1,1,bkt,0.781018951530223
148483031885960388,1061301253559417093,300471914551172981,1,1,bkt,0.8650916420260424
148483031885960388,8553379303363759508,300471914551172981,1,1,bkt,0.9016575564070559
148483031885960388,6440511557387709110,300471914551172981,1,1,bkt,0.9154333896078137
148483031885960388,7744513373483970787,8573800373938698102,0,1,bkt,0.32296311143420975
148483031885960388,2971078979906996375,300471914551172981,1,1,bkt,0.9203378889493733
148483031885960388,5841359775533910823,300471914551172981,0,1,bkt,0.9220485572605903
148483031885960388,8621262567927479011,300471914551172981,1,1,bkt,0.9156218295220462
148483031885960388,8434961942249729798,8573800373938698102,0,1,bkt,0.3187500641718073
148483031885960388,2322042198017538996,8573800373938698102,1,1,bkt,0.318184276619551
148483031885960388,1742185772413642127,300471914551172981,1,1,bkt,0.9204039545201205
148483031885960388,2334639155148655290,8573800373938698102,0,1,bkt,0.41121362770144787
148483031885960388,7660717256841499384,300471914551172981,1,1,bkt,0.9220714762040972
148483031885960388,4113615466659810841,300471914551172981,1,1,bkt,0.922648871986204
148483031885960388,6125574002232610732,300471914551172981,1,1,bkt,0.9228483145024708
148483031885960388,2774368076249802464,8573800373938698102,0,1,bkt,0.33246276613073333
148483031885960388,8903365289186067945,8573800373938698102,0,1,bkt,0.32005201881955553
148483031885960388,6925932688889117475,300471914551172981,1,1,bkt,0.9229171474150849
148483031885960388,8194071366621068887,8573800373938698102,0,1,bkt,0.318358372925812
148483031885960388,2986660907093963186,300471914551172981,1,1,bkt,0.9229408965770235
148483031885960388,7591109345808921544,300471914551172981,1,1,bkt,0.9229490898394193
148483031885960388,625545550176685521,8573800373938698102,0,1,bkt,0.3181320301257988
148483031885960388,1761868641361943332,8573800373938698102,0,1,bkt,0.31810186631882115
148483031885960388,4824259625677886603,300471914551172981,1,1,bkt,0.9229519163486481
148483031885960388,8450591260754163598,8573800373938698102,0,1,bkt,0.31809784802005
148483031885960388,1553079256999111676,300471914551172981,1,1,bkt,0.9229528914253206
148483031885960388,3220231712819306119,8573800373938698102,0,1,bkt,0.3180973127455858
148483031885960388,338807275221326836,300471914551172981,1,1,bkt,0.9229532278015795
148483031885960388,8525319303741530302,8573800373938698102,1,1,bkt,0.3180972414425655
148483031885960388,6587421150596252277,300471914551172981,1,1,bkt,0.9229533438425331
148483031885960388,5891620578387310353,300471914551172981,1,1,bkt,0.9229533838735875
148483031885960388,5791250638486922978,300471914551172981,1,1,bkt,0.9229533976832383
148483031885960388,4031585874086886353,8573800373938698102,0,1,bkt,0.4110040277313801
148483031885960388,2083452711903133430,8573800373938698102,0,1,bkt,0.3324253294784648
148483031885960388,6319743179241711738,8573800373938698102,0,1,bkt,0.3200468152960067
148483031885960388,8628686323660025649,300471914551172981,1,1,bkt,0.9229534024472009
148483031885960388,4378721629787482518,300471914551172981,1,1,bkt,0.9229534040906413
148483031885960388,4813462692425748605,300471914551172981,1,1,bkt,0.922953404368367
148483031885960388,4644364625800006675,300471914551172981,1,1,bkt,0.922953404368367
148483031885960388,1062464292871659639,8573800373938698102,1,1,bkt,0.3183576757879228
148483031885960388,5932668873100475470,300471914551172981,1,1,bkt,0.922953404368367
148483031885960388,5237822943399727048,8573800373938698102,0,1,bkt,0.4116308696714341
179115195542980967,300471914551172981,300471914551172981,1,1,bkt,0.6270461440332235
179115195542980967,8573800373938698102,8573800373938698102,1,1,bkt,0.5064730900819714
179115195542980967,2014268979504181100,300471914551172981,1,1,bkt,0.77270096802343
179115195542980967,2172169907340938753,300471914551172981,0,1,bkt,0.8610413139091273
179115195542980967,8150806168444344502,300471914551172981,1,1,bkt,0.6415458494908249
179115195542980967,816286915455981984,8573800373938698102,1,1,bkt,0.6960034375848583
179115195542980967,1962751598315765836,300471914551172981,1,1,bkt,0.7832929482050359
179115195542980967,7444476343858270082,300471914551172981,1,1,bkt,0.8661839603442102
179115195542980967,2537821716777940730,300471914551172981,1,1,bkt,0.9020859294602869
179115195542980967,1061301253559417093,300471914551172981,0,1,bkt,0.9155881564026863
179115195542980967,8553379303363759508,300471914551172981,1,1,bkt,0.8678434568398414
179115195542980967,6440511557387709110,300471914551172981,1,1,bkt,0.9027346684338117
179115195542980967,7744513373483970787,8573800373938698102,1,1,bkt,0.827056150610966
179115195542980967,2971078979906996375,300471914551172981,1,1,bkt,0.9158222594891681
179115195542980967,5841359775533910823,300471914551172981,0,1,bkt,0.9204741938731114
179115195542980967,8621262567927479011,300471914551172981,1,1,bkt,0.903263147039198
179115195542980967,8434961942249729798,8573800373938698102,1,1,bkt,0.88254869688539
179115195542980967,2322042198017538996,8573800373938698102,1,1,bkt,0.9010795748605225
179115195542980967,1742185772413642127,300471914551172981,1,1,bkt,0.9160127170324031
179115195542980967,2334639155148655290,8573800373938698102,1,1,bkt,0.906759324464294
179115195542980967,7660717256841499384,300471914551172981,1,1,bkt,0.9205409099745484
179115195542980967,4113615466659810841,300471914551172981,1,1,bkt,0.9221189772250279
179115195542980967,6125574002232610732,300471914551172981,1,1,bkt,0.9226652890912455
179115195542980967,2774368076249802464,8573800373938698102,1,1,bkt,0.9084536974996698
179115195542980967,8903365289186067945,8573800373938698102,1,1,bkt,0.9089550569682892
179115195542980967,6925932688889117475,300471914551172981,1,1,bkt,0.9228539816056482
179115195542980967,8194071366621068887,8573800373938698102,1,1,bkt,0.9091030492382115
179115195542980967,2986660907093963186,300471914551172981,1,1,bkt,0.9229191028482937
179115195542980967,7591109345808921544,300471914551172981,1,1,bkt,0.922941571201069
179115195542980967,625545550176685521,8573800373938698102,1,1,bkt,0.9091467026833527
179115195542980967,1761868641361943332,8573800373938698102,1,1,bkt,0.9091595764744865
179115195542980967,4824259625677886603,300471914551172981,1,1,bkt,0.9229493225729182
179115195542980967,8450591260754163598,8573800373938698102,0,1,bkt,0.9091633728344996
179115195542980967,1553079256999111676,300471914551172981,1,1,bkt,0.9229519966362485
179115195542980967,3220231712819306119,8573800373938698102,1,1,bkt,0.9091530420207489
179115195542980967,338807275221326836,300471914551172981,0,1,bkt,0.922952919122495
179115195542980967,8525319303741530302,8573800373938698102,1,1,bkt,0.9091614458989415
179115195542980967,6587421150596252277,300471914551172981,1,1,bkt,0.9229494222579128
179115195542980967,5891620578387310353,300471914551172981,1,1,bkt,0.9229520310252219
179115195542980967,5791250638486922978,300471914551172981,1,1,bkt,0.9229529309858124
179115195542980967,4031585874086886353,8573800373938698102,1,1,bkt,0.9091639241012622
179115195542980967,2083452711903133430,8573800373938698102,1,1,bkt,0.90916465488449
179115195542980967,6319743179241711738,8573800373938698102,1,1,bkt,0.9091648703803101
179115195542980967,8628686323660025649,300471914551172981,1,1,bkt,0.9229532414489122
179115195542980967,4378721629787482518,300471914551172981,1,1,bkt,0.9229533485505019
179115195542980967,4813462692425748605,300471914551172981,1,1,bkt,0.9229533854977118
179115195542980967,4644364625800006675,300471914551172981,1,1,bkt,0.9229533982435181
179115195542980967,1062464292871659639,8573800373938698102,1,1,bkt,0.9091649339263773
179115195542980967,5932668873100475470,300471914551172981,1,1,bkt,0.9229534026404825
179115195542980967,5237822943399727048,8573800373938698102,1,1,bkt,0.9091649526650305
190304769087812475,300471914551172981,300471914551172981,1,1,bkt,0.6270461440332235
190304769087812475,8573800373938698102,8573800373938698102,1,1,bkt,0.5064730900819714
190304769087812475,2014268979504181100,300471914551172981,1,1,bkt,0.77270096802343
190304769087812475,2172169907340938753,300471914551172981,0,1,bkt,0.8610413139091273
190304769087812475,8150806168444344502,300471914551172981,1,1,bkt,0.6415458494908249
190304769087812475,816286915455981984,8573800373938698102,0,1,bkt,0.6960034375848583
190304769087812475,1962751598315765836,300471914551172981,1,1,bkt,0.7832929482050359
190304769087812475,7444476343858270082,300471914551172981,1,1,bkt,0.8661839603442102
190304769087812475,2537821716777940730,300471914551172981,1,1,bkt,0.9020859294602869
190304769087812475,1061301253559417093,300471914551172981,0,1,bkt,0.9155881564026863
190304769087812475,8553379303363759508,300471914551172981,0,1,bkt,0.8678434568398414
190304769087812475,6440511557387709110,300471914551172981,1,1,bkt,0.6595706644449273
190304769087812475,7744513373483970787,8573800373938698102,0,1,bkt,0.4310166825203454
190304769087812475,2971078979906996375,300471914551172981,1,1,bkt,0.7958107181095264
190304769087812475,5841359775533910823,300471914551172981,1,1,bkt,0.8720851305907662
190304769087812475,8621262567927479011,300471914551172981,1,1,bkt,0.9043816250795642
190304769087812475,8434961942249729798,8573800373938698102,1,1,bkt,0.3361241964267772
190304769087812475,2322042198017538996,8573800373938698102,1,1,bkt,0.45209985350687265
190304769087812475,1742185772413642127,300471914551172981,0,1,bkt,0.9164150694552681
190304769087812475,2334639155148655290,8573800373938698102,1,1,bkt,0.6381233125426607
190304769087812475,7660717256841499384,300471914551172981,1,1,bkt,0.8735467790322051
190304769087812475,4113615466659810841,300471914551172981,0,1,bkt,0.9049454484325185
190304769087812475,6125574002232610732,300471914551172981,0,1,bkt,0.8032965740561934
190304769087812475,2774368076249802464,8573800373938698102,1,1,bkt,0.7952911782160644
190304769087812475,8903365289186067945,8573800373938698102,1,1,bkt,0.8707774535207629
190304769087812475,6925932688889117475,300471914551172981,1,1,bkt,0.5387408496205711
190304769087812475,8194071366621068887,8573800373938698102,1,1,bkt,0.8973461148652596
190304769087812475,2986660907093963186,300471914551172981,1,1,bkt,0.695884821875187
190304769087812475,7591109345808921544,300471914551172981,1,1,bkt,0.8190606913291985
190304769087812475,625545550176685521,8573800373938698102,1,1,bkt,0.9056338817682885
190304769087812475,1761868641361943332,8573800373938698102,1,1,bkt,0.9081196457799746
190304769087812475,4824259625677886603,300471914551172981,0,1,bkt,0.882567073014661
190304769087812475,8450591260754163598,8573800373938698102,1,1,bkt,0.9088563602162238
190304769087812475,1553079256999111676,300471914551172981,1,1,bkt,0.705738058612501
190304769087812475,3220231712819306119,8573800373938698102,1,1,bkt,0.9090739286450291
190304769087812475,338807275221326836,300471914551172981,1,1,bkt,0.8249564974735133
190304769087812475,8525319303741530302,8573800373938698102,0,1,bkt,0.9091381140726635
190304769087812475,6587421150596252277,300471914551172981,0,1,bkt,0.8851312101283788
190304769087812475,5891620578387310353,300471914551172981,0,1,bkt,0.7149882079457771
190304769087812475,5791250638486922978,300471914551172981,1,1,bkt,0.462088313687262
190304769087812475,4031585874086886353,8573800373938698102,1,1,bkt,0.9089634826865064
190304769087812475,2083452711903133430,8573800373938698102,1,1,bkt,0.9091055349633356
190304769087812475,6319743179241711738,8573800373938698102,0,1,bkt,0.9091474357791044
190304769087812475,8628686323660025649,300471914551172981,1,1,bkt,0.6054018584604623
190304769087812475,4378721629787482518,300471914551172981,1,1,bkt,0.7559459390006086
190304769087812475,4813462692425748605,300471914551172981,0,1,bkt,0.852612078744
190304769087812475,4644364625800006675,300471914551172981,0,1,bkt,0.6215177376294678
190304769087812475,1062464292871659639,8573800373938698102,1,1,bkt,0.9090334269899615
190304769087812475,5932668873100475470,300471914551172981,1,1,bkt,0.4199220132476661
190304769087812475,5237822943399727048,8573800373938698102,1,1,bkt,0.9091261679015372
228417828119088853,300471914551172981,300471914551172981,1,1,bkt,0.6270461440332235
228417828119088853,8573800373938698102,8573800373938698102,0,1,bkt,0.5064730900819714
228417828119088853,2014268979504181100,300471914551172981,1,1,bkt,0.77270096802343
228417828119088853,2172169907340938753,300471914551172981,0,1,bkt,0.8610413139091273
228417828119088853,8150806168444344502,300471914551172981,1,1,bkt,0.6415458494908249
228417828119088853,816286915455981984,8573800373938698102,1,1,bkt,0.35276834629056547
228417828119088853,1962751598315765836,300471914551172981,1,1,bkt,0.7832929482050359
228417828119088853,7444476343858270082,300471914551172981,1,1,bkt,0.8661839603442102
228417828119088853,2537821716777940730,300471914551172981,1,1,bkt,0.9020859294602869
228417828119088853,1061301253559417093,300471914551172981,1,1,bkt,0.9155881564026863
228417828119088853,8553379303363759508,300471914551172981,1,1,bkt,0.9203921509814882
228417828119088853,6440511557387709110,300471914551172981,1,1,bkt,0.9220673816555577
228417828119088853,7744513373483970787,8573800373938698102,1,1,bkt,0.48631412116296824
228417828119088853,2971078979906996375,300471914551172981,1,1,bkt,0.9226474567662029
228417828119088853,5841359775533910823,300471914551172981,1,1,bkt,0.9228478259661087
228417828119088853,8621262567927479011,300471914551172981,1,1,bkt,0.9229169788445527
228417828119088853,8434961942249729798,8573800373938698102,1,1,bkt,0.6760540266390719
228417828119088853,2322042198017538996,8573800373938698102,1,1,bkt,0.8167220590445308
228417828119088853,1742185772413642127,300471914551172981,1,1,bkt,0.9229408384200914
228417828119088853,2334639155148655290,8573800373938698102,1,1,bkt,0.8788196483061628
228417828119088853,7660717256841499384,300471914551172981,1,1,bkt,0.9229490697762788
228417828119088853,4113615466659810841,300471914551172981,1,1,bkt,0.9229519094273332
228417828119088853,6125574002232610732,300471914551172981,1,1,bkt,0.922952889037643
228417828119088853,2774368076249802464,8573800373938698102,1,1,bkt,0.899907663883957
228417828119088853,8903365289186067945,8573800373938698102,1,1,bkt,0.906407060236316
228417828119088853,6925932688889117475,300471914551172981,1,1,bkt,0.9229532269778934
228417828119088853,8194071366621068887,8573800373938698102,1,1,bkt,0.9083492283041106
228417828119088853,2986660907093963186,300471914551172981,1,1,bkt,0.9229533435583833
228417828119088853,7591109345808921544,300471914551172981,1,1,bkt,0.9229533837755634
228417828119088853,625545550176685521,8573800373938698102,1,1,bkt,0.908924198979335
228417828119088853,1761868641361943332,8573800373938698102,1,1,bkt,0.9090939452316912
228417828119088853,4824259625677886603,300471914551172981,1,1,bkt,0.9229533976494225
228417828119088853,8450591260754163598,8573800373938698102,1,1,bkt,0.909144017674651
228417828119088853,1553079256999111676,300471914551172981,1,1,bkt,0.9229534024355354
228417828119088853,3220231712819306119,8573800373938698102,1,1,bkt,0.9091587846771045
228417828119088853,338807275221326836,300471914551172981,1,1,bkt,0.9229534040866171
228417828119088853,8525319303741530302,8573800373938698102,1,1,bkt,0.9091631393439961
228417828119088853,6587421150596252277,300471914551172981,1,1,bkt,0.922953404368367
228417828119088853,5891620578387310353,300471914551172981,1,1,bkt,0.922953404368367
228417828119088853,5791250638486922978,300471914551172981,1,1,bkt,0.922953404368367
228417828119088853,4031585874086886353,8573800373938698102,1,1,bkt,0.9091644234722381
228417828119088853,2083452711903133430,8573800373938698102,1,1,bkt,0.9091648021407231
228417828119088853,6319743179241711738,8573800373938698102,1,1,bkt,0.9091649138036823
228417828119088853,8628686323660025649,300471914551172981,1,1,bkt,0.922953404368367
228417828119088853,4378721629787482518,300471914551172981,1,1,bkt,0.922953404368367
228417828119088853,4813462692425748605,300471914551172981,1,1,bkt,0.922953404368367
228417828119088853,4644364625800006675,300471914551172981,1,1,bkt,0.922953404368367
228417828119088853,1062464292871659639,8573800373938698102,1,1,bkt,0.9091649467311906
228417828119088853,5932668873100475470,300471914551172981,1,1,bkt,0.922953404368367
228417828119088853,5237822943399727048,8573800373938698102,1,1,bkt,0.9091649564409514
241971033199468642,300471914551172981,300471914551172981,1,1,bkt,0.6270461440332235
241971033199468642,8573800373938698102,8573800373938698102,0,1,bkt,0.5064730900819714
241971033199468642,2014268979504181100,300471914551172981,0,1,bkt,0.77270096802343
241971033199468642,2172169907340938753,300471914551172981,0,1,bkt,0.5054404856249486
241971033199468642,8150806168444344502,300471914551172981,0,1,bkt,0.38974456897574433
241971033199468642,816286915455981984,8573800373938698102,1,1,bkt,0.35276834629056547
241971033199468642,1962751598315765836,300471914551172981,0,1,bkt,0.3710899128559312
241971033199468642,7444476343858270082,300471914551172981,1,1,bkt,0.36872461158683767
241971033199468642,2537821716777940730,300471914551172981,0,1,bkt,0.4443758110986198
241971033199468642,1061301253559417093,300471914551172981,1,1,bkt,0.3789304841509004
241971033199468642,8553379303363759508,300471914551172981,0,1,bkt,0.4658409473780336
241971033199468642,6440511557387709110,300471914551172981,1,1,bkt,0.38244998718206624
241971033199468642,7744513373483970787,8573800373938698102,0,1,bkt,0.48631412116296824
241971033199468642,2971078979906996375,300471914551172981,1,1,bkt,0.4729775633663983
241971033199468642,5841359775533910823,300471914551172981,1,1,bkt,0.6200430900921291
241971033199468642,8621262567927479011,300471914551172981,0,1,bkt,0.7674078536481279
241971033199468642,8434961942249729798,8573800373938698102,1,1,bkt,0.34784301197993767
241971033199468642,2322042198017538996,8573800373938698102,0,1,bkt,0.4765305403004627
241971033199468642,1742185772413642127,300471914551172981,1,1,bkt,0.5005683644994883
241971033199468642,2334639155148655290,8573800373938698102,0,1,bkt,0.3455893710257259
241971033199468642,7660717256841499384,300471914551172981,1,1,bkt,0.6542887510490585
241971033199468642,4113615466659810841,300471914551172981,1,1,bkt,0.7922140060468903
241971033199468642,6125574002232610732,300471914551172981,0,1,bkt,0.8704086499158031
241971033199468642,2774368076249802464,8573800373938698102,0,1,bkt,0.3219132590780609
241971033199468642,8903365289186067945,8573800373938698102,0,1,bkt,0.31860841745697516
241971033199468642,6925932688889117475,300471914551172981,1,1,bkt,0.6668594438275985
241971033199468642,8194071366621068887,8573800373938698102,1,1,bkt,0.3181653758654684
241971033199468642,2986660907093963186,300471914551172981,1,1,bkt,0.8006804421188776
241971033199468642,7591109345808921544,300471914551172981,1,1,bkt,0.874330979443182
241971033199468642,625545550176685521,8573800373938698102,0,1,bkt,0.41116812024963734
241971033199468642,1761868641361943332,8573800373938698102,1,1,bkt,0.3324546357793232
241971033199468642,4824259625677886603,300471914551172981,1,1,bkt,0.9052471726798986
241971033199468642,8450591260754163598,8573800373938698102,0,1,bkt,0.444095672213408
241971033199468642,1553079256999111676,300471914551172981,1,1,bkt,0.916725752269287
241971033199468642,3220231712819306119,8573800373938698102,0,1,bkt,0.3386854375899651
241971033199468642,338807275221326836,300471914551172981,1,1,bkt,0.9207904356491002
241971033199468642,8525319303741530302,8573800373938698102,0,1,bkt,0.3209251292063289
241971033199468642,6587421150596252277,300471914551172981,1,1,bkt,0.9222054852755759
241971033199468642,5891620578387310353,300471914551172981,1,1,bkt,0.9226951832987543
241971033199468642,5791250638486922978,300471914551172981,1,1,bkt,0.9228643004197652
241971033199468642,4031585874086886353,8573800373938698102,0,1,bkt,0.318475498483048
241971033199468642,2083452711903133430,8573800373938698102,1,1,bkt,0.3181476468505409
241971033199468642,6319743179241711738,8573800373938698102,0,1,bkt,0.41112542908611494
241971033199468642,8628686323660025649,300471914551172981,1,1,bkt,0.9229226632920772
241971033199468642,4378721629787482518,300471914551172981,0,1,bkt,0.9229427995460837
241971033199468642,4813462692425748605,300471914551172981,0,1,bkt,0.9228664768496596
241971033199468642,4644364625800006675,300471914551172981,1,1,bkt,0.922241596682934
241971033199468642,1062464292871659639,8573800373938698102,1,1,bkt,0.33244700972772623
241971033199468642,5932668873100475470,300471914551172981,1,1,bkt,0.9227076605002056
241971033199468642,5237822943399727048,8573800373938698102,1,1,bkt,0.44407885399715763
262972098788613969,300471914551172981,300471914551172981,1,1,bkt,0.6270461440332235
262972098788613969,8573800373938698102,8573800373938698102,0,1,bkt,0.5064730900819714
262972098788613969,2014268979504181100,300471914551172981,1,1,bkt,0.77270096802343
262972098788613969,2172169907340938753,300471914551172981,1,1,bkt,0.8610413139091273
262972098788613969,8150806168444344502,300471914551172981,1,1,bkt,0.900059657568269
262972098788613969,816286915455981984,8573800373938698102,1,1,bkt,0.35276834629056547
262972098788613969,1962751598315765836,300471914551172981,1,1,bkt,0.9148547854652099
262972098788613969,7444476343858270082,300471914551172981,1,1,bkt,0.9201348647501719
262972098788613969,2537821716777940730,300471914551172981,1,1,bkt,0.9219781051191799
262972098788613969,1061301253559417093,300471914551172981,1,1,bkt,0.9226165965299471
262972098788613969,8553379303363759508,300471914551172981,1,1,bkt,0.9228371725871625
262972098788613969,6440511557387709110,300471914551172981,1,1,bkt,0.9229133028286419
262972098788613969,7744513373483970787,8573800373938698102,0,1,bkt,0.48631412116296824
262972098788613969,2971078979906996375,300471914551172981,1,1,bkt,0.9229395701871741
262972098788613969,5841359775533910823,300471914551172981,1,1,bkt,0.9229486322571232
262972098788613969,8621262567927479011,300471914551172981,1,1,bkt,0.9229517584933665
262972098788613969,8434961942249729798,8573800373938698102,1,1,bkt,0.34784301197993767
262972098788613969,2322042198017538996,8573800373938698102,1,1,bkt,0.4765305403004627
262972098788613969,1742185772413642127,300471914551172981,1,1,bkt,0.9229528369692599
262972098788613969,2334639155148655290,8573800373938698102,1,1,bkt,0.6657637929811244
262972098788613969,7660717256841499384,300471914551172981,1,1,bkt,0.9229532090156645
262972098788613969,4113615466659810841,300471914551172981,1,1,bkt,0.9229533373618893
262972098788613969,6125574002232610732,300471914551172981,1,1,bkt,0.9229533816379375
262972098788613969,2774368076249802464,8573800373938698102,1,1,bkt,0.8111494486985459
262972098788613969,8903365289186067945,8573800373938698102,1,1,bkt,0.8767693430218653
262972098788613969,6925932688889117475,300471914551172981,1,1,bkt,0.9229533969119985
262972098788613969,8194071366621068887,8573800373938698102,1,1,bkt,0.899259076593505
262972098788613969,2986660907093963186,300471914551172981,1,1,bkt,0.9229534021811435
262972098788613969,7591109345808921544,300471914551172981,1,1,bkt,0.9229534039988586
262972098788613969,625545550176685521,8573800373938698102,1,1,bkt,0.9062117069728008
262972098788613969,1761868641361943332,8573800373938698102,1,1,bkt,0.9082912583789183
262972098788613969,4824259625677886603,300471914551172981,1,1,bkt,0.922953404368367
262972098788613969,8450591260754163598,8573800373938698102,1,1,bkt,0.9089070728282469
262972098788613969,1553079256999111676,300471914551172981,1,1,bkt,0.922953404368367
262972098788613969,3220231712819306119,8573800373938698102,1,1,bkt,0.9090888922509948
262972098788613969,338807275221326836,300471914551172981,1,1,bkt,0.922953404368367
262972098788613969,8525319303741530302,8573800373938698102,1,1,bkt,0.9091425273957953
262972098788613969,6587421150596252277,300471914551172981,1,1,bkt,0.922953404368367
262972098788613969,5891620578387310353,300471914551172981,1,1,bkt,0.922953404368367
262972098788613969,5791250638486922978,300471914551172981,1,1,bkt,0.922953404368367
262972098788613969,4031585874086886353,8573800373938698102,1,1,bkt,0.9091583451983369
262972098788613969,2083452711903133430,8573800373938698102,1,1,bkt,0.9091630097473847
262972098788613969,6319743179241711738,8573800373938698102,1,1,bkt,0.9091643852562507
262972098788613969,8628686323660025649,300471914551172981,1,1,bkt,0.922953404368367
262972098788613969,4378721629787482518,300471914551172981,1,1,bkt,0.922953404368367
262972098788613969,4813462692425748605,300471914551172981,1,1,bkt,0.922953404368367
262972098788613969,4644364625800006675,300471914551172981,1,1,bkt,0.922953404368367
262972098788613969,1062464292871659639,8573800373938698102,1,1,bkt,0.9091647908714668
262972098788613969,5932668873100475470,300471914551172981,1,1,bkt,0.922953404368367
262972098788613969,5237822943399727048,8573800373938698102,1,1,bkt,0.9091649104805697
281238121284840641,300471914551172981,300471914551172981,0,1,bkt,0.6270461440332235
281238121284840641,8573800373938698102,8573800373938698102,1,1,bkt,0.5064730900819714
281238121284840641,2014268979504181100,300471914551172981,1,1,bkt,0.42182790732040143
281238121284840641,2172169907340938753,300471914551172981,0,1,bkt,0.5447054434036982
281238121284840641,8150806168444344502,300471914551172981,0,1,bkt,0.39823038371871056
281238121284840641,816286915455981984,8573800373938698102,1,1,bkt,0.6960034375848583
281238121284840641,1962751598315765836,300471914551172981,0,1,bkt,0.372214391127028
281238121284840641,7444476343858270082,300471914551172981,0,1,bkt,0.3688632075504023
281238121284840641,2537821716777940730,300471914551172981,0,1,bkt,0.3684516194638901
281238121284840641,1061301253559417093,300471914551172981,1,1,bkt,0.36840136992253547
281238121284840641,8553379303363759508,300471914551172981,0,1,bkt,0.4436765342478506
281238121284840641,6440511557387709110,300471914551172981,1,1,bkt,0.378820396131365
281238121284840641,7744513373483970787,8573800373938698102,1,1,bkt,0.827056150610966
281238121284840641,2971078979906996375,300471914551172981,0,1,bkt,0.46561557933126446
281238121284840641,5841359775533910823,300471914551172981,0,1,bkt,0.3824115662947754
281238121284840641,8621262567927479011,300471914551172981,0,1,bkt,0.37014308621865716
281238121284840641,8434961942249729798,8573800373938698102,1,1,bkt,0.88254869688539
281238121284840641,2322042198017538996,8573800373938698102,1,1,bkt,0.9010795748605225
281238121284840641,1742185772413642127,300471914551172981,1,1,bkt,0.3686082955926819
281238121284840641,2334639155148655290,8573800373938698102,1,1,bkt,0.906759324464294
281238121284840641,7660717256841499384,300471914551172981,1,1,bkt,0.44412432302990756
281238121284840641,4113615466659810841,300471914551172981,0,1,bkt,0.5796790456549461
281238121284840641,6125574002232610732,300471914551172981,0,1,bkt,0.40712375242310306
281238121284840641,2774368076249802464,8573800373938698102,1,1,bkt,0.9084536974996698
281238121284840641,8903365289186067945,8573800373938698102,1,1,bkt,0.9089550569682892
281238121284840641,6925932688889117475,300471914551172981,1,1,bkt,0.3734274207895016
281238121284840641,8194071366621068887,8573800373938698102,1,1,bkt,0.9091030492382115
281238121284840641,2986660907093963186,300471914551172981,1,1,bkt,0.4544125865503208
281238121284840641,7591109345808921544,300471914551172981,1,1,bkt,0.5946597540149012
281238121284840641,625545550176685521,8573800373938698102,1,1,bkt,0.9091467026833527
281238121284840641,1761868641361943332,8573800373938698102,1,1,bkt,0.9091595764744865
281238121284840641,4824259625677886603,300471914551172981,1,1,bkt,0.7471775006175727
281238121284840641,8450591260754163598,8573800373938698102,1,1,bkt,0.9091633728344996
281238121284840641,1553079256999111676,300471914551172981,0,1,bkt,0.8480501036397318
281238121284840641,3220231712819306119,8573800373938698102,1,1,bkt,0.9091644923248609
281238121284840641,338807275221326836,300471914551172981,0,1,bkt,0.6116050815210246
281238121284840641,8525319303741530302,8573800373938698102,1,1,bkt,0.9091648224442089
281238121284840641,6587421150596252277,300471914551172981,0,1,bkt,0.41664052842196425
281238121284840641,5891620578387310353,300471914551172981,0,1,bkt,0.37476644667555786
281238121284840641,5791250638486922978,300471914551172981,1,1,bkt,0.3691796071472744
281238121284840641,4031585874086886353,8573800373938698102,1,1,bkt,0.9091649197908356
281238121284840641,2083452711903133430,8573800373938698102,1,1,bkt,0.9091649484967002
281238121284840641,6319743179241711738,8573800373938698102,1,1,bkt,0.9091649569615701
281238121284840641,8628686323660025649,300471914551172981,0,1,bkt,0.4453580395491136
281238121284840641,4378721629787482518,300471914551172981,0,1,bkt,0.3790855863921949
281238121284840641,4813462692425748605,300471914551172981,0,1,bkt,0.3697210126502705
281238121284840641,4644364625800006675,300471914551172981,1,1,bkt,0.3685565572089676
281238121284840641,1062464292871659639,8573800373938698102,1,1,bkt,0.9091649594577158
281238121284840641,5932668873100475470,300471914551172981,0,1,bkt,0.444012407903233
281238121284840641,5237822943399727048,8573800373938698102,1,1,bkt,0.9091649598746572
282468254407962637,300471914551172981,300471914551172981,1,1,bkt,0.6270461440332235
282468254407962637,8573800373938698102,8573800373938698102,1,1,bkt,0.5064730900819714
282468254407962637,2014268979504181100,300471914551172981,1,1,bkt,0.77270096802343
282468254407962637,2172169907340938753,300471914551172981,1,1,bkt,0.8610413139091273
282468254407962637,8150806168444344502,300471914551172981,1,1,bkt,0.900059657568269
282468254407962637,816286915455981984,8573800373938698102,1,1,bkt,0.6960034375848583
282468254407962637,1962751598315765836,300471914551172981,1,1,bkt,0.9148547854652099
282468254407962637,7444476343858270082,300471914551172981,1,1,bkt,0.9201348647501719
282468254407962637,2537821716777940730,300471914551172981,1,1,bkt,0.9219781051191799
282468254407962637,1061301253559417093,300471914551172981,1,1,bkt,0.9226165965299471
282468254407962637,8553379303363759508,300471914551172981,1,1,bkt,0.9228371725871625
282468254407962637,6440511557387709110,300471914551172981,1,1,bkt,0.9229133028286419
282468254407962637,7744513373483970787,8573800373938698102,1,1,bkt,0.827056150610966
282468254407962637,2971078979906996375,300471914551172981,1,1,bkt,0.9229395701871741
282468254407962637,5841359775533910823,300471914551172981,0,1,bkt,0.9229486322571232
282468254407962637,8621262567927479011,300471914551172981,1,1,bkt,0.9229142821788551
282468254407962637,8434961942249729798,8573800373938698102,1,1,bkt,0.88254869688539
282468254407962637,2322042198017538996,8573800373938698102,1,1,bkt,0.9010795748605225
282468254407962637,1742185772413642127,300471914551172981,1,1,bkt,0.9229399080659638
282468254407962637,2334639155148655290,8573800373938698102,1,1,bkt,0.906759324464294
282468254407962637,7660717256841499384,300471914551172981,1,1,bkt,0.9229487488197748
282468254407962637,4113615466659810841,300471914551172981,1,1,bkt,0.9229517987047934
282468254407962637,6125574002232610732,300471914551172981,0,1,bkt,0.9229528508411821
282468254407962637,2774368076249802464,8573800373938698102,1,1,bkt,0.9084536974996698
282468254407962637,8903365289186067945,8573800373938698102,1,1,bkt,0.9089550569682892
282468254407962637,6925932688889117475,300471914551172981,1,1,bkt,0.9229488625150923
282468254407962637,8194071366621068887,8573800373938698102,1,1,bkt,0.9091030492382115
282468254407962637,2986660907093963186,300471914551172981,1,1,bkt,0.9229518379270462
282468254407962637,7591109345808921544,300471914551172981,1,1,bkt,0.9229528643718631
282468254407962637,625545550176685521,8573800373938698102,1,1,bkt,0.9091467026833527
282468254407962637,1761868641361943332,8573800373938698102,1,1,bkt,0.9091595764744865
282468254407962637,4824259625677886603,300471914551172981,1,1,bkt,0.9229532184688453
282468254407962637,8450591260754163598,8573800373938698102,1,1,bkt,0.9091633728344996
282468254407962637,1553079256999111676,300471914551172981,1,1,bkt,0.9229533406229867
282468254407962637,3220231712819306119,8573800373938698102,0,1,bkt,0.9091644923248609
282468254407962637,338807275221326836,300471914551172981,1,1,bkt,0.9229533827629295
282468254407962637,8525319303741530302,8573800373938698102,1,1,bkt,0.9091614458955632
282468254407962637,6587421150596252277,300471914551172981,1,1,bkt,0.9229533973000907
282468254407962637,5891620578387310353,300471914551172981,1,1,bkt,0.9229534023150251
282468254407962637,5791250638486922978,300471914551172981,1,1,bkt,0.9229534040450442
282468254407962637,4031585874086886353,8573800373938698102,1,1,bkt,0.9091639241002659
282468254407962637,2083452711903133430,8573800373938698102,1,1,bkt,0.9091646548841963
282468254407962637,6319743179241711738,8573800373938698102,1,1,bkt,0.9091648703802234
282468254407962637,8628686323660025649,300471914551172981,1,1,bkt,0.922953404368367
282468254407962637,4378721629787482518,300471914551172981,1,1,bkt,0.922953404368367
282468254407962637,4813462692425748605,300471914551172981,1,1,bkt,0.922953404368367
282468254407962637,4644364625800006675,300471914551172981,1,1,bkt,0.922953404368367
282468254407962637,1062464292871659639,8573800373938698102,1,1,bkt,0.9091649339263517
282468254407962637,5932668873100475470,300471914551172981,1,1,bkt,0.922953404368367
282468254407962637,5237822943399727048,8573800373938698102,1,1,bkt,0.909164952665023
306023099386028284,300471914551172981,300471914551172981,1,1,bkt,0.6270461440332235
306023099386028284,8573800373938698102,8573800373938698102,0,1,bkt,0.5064730900819714
306023099386028284,2014268979504181100,300471914551172981,0,1,bkt,0.77270096802343
306023099386028284,2172169907340938753,300471914551172981,0,1,bkt,0.5054404856249486
306023099386028284,8150806168444344502,300471914551172981,1,1,bkt,0.38974456897574433
306023099386028284,816286915455981984,8573800373938698102,0,1,bkt,0.35276834629056547
306023099386028284,1962751598315765836,300471914551172981,0,1,bkt,0.48735862196950075
306023099386028284,7444476343858270082,300471914551172981,1,1,bkt,0.3862739223081658
306023099386028284,2537821716777940730,300471914551172981,0,1,bkt,0.48058407713971885
306023099386028284,1061301253559417093,300471914551172981,0,1,bkt,0.3850358368137959
306023099386028284,8553379303363759508,300471914551172981,0,1,bkt,0.37047933372354375
306023099386028284,6440511557387709110,300471914551172981,0,1,bkt,0.3686495629452415
306023099386028284,7744513373483970787,8573800373938698102,0,1,bkt,0.32296311143420975
306023099386028284,2971078979906996375,300471914551172981,0,1,bkt,0.36842552806420165
306023099386028284,5841359775533910823,300471914551172981,0,1,bkt,0.3683981867101566
306023099386028284,8621262567927479011,300471914551172981,1,1,bkt,0.3683948512825914
306023099386028284,8434961942249729798,8573800373938698102,1,1,bkt,0.3187500641718073
306023099386028284,2322042198017538996,8573800373938698102,0,1,bkt,0.412573378773676
306023099386028284,1742185772413642127,300471914551172981,0,1,bkt,0.44366241968650333
306023099386028284,2334639155148655290,8573800373938698102,0,1,bkt,0.3327062801113441
306023099386028284,7660717256841499384,300471914551172981,1,1,bkt,0.3788181769078771
306023099386028284,4113615466659810841,300471914551172981,1,1,bkt,0.4656110348736501
306023099386028284,6125574002232610732,300471914551172981,0,1,bkt,0.6102132998753422
306023099386028284,2774368076249802464,8573800373938698102,0,1,bkt,0.3200858804005391
306023099386028284,8903365289186067945,8573800373938698102,0,1,bkt,0.3183629097645878
306023099386028284,6925932688889117475,300471914551172981,1,1,bkt,0.41619315520560674
306023099386028284,8194071366621068887,8573800373938698102,0,1,bkt,0.3181326349370916
306023099386028284,2986660907093963186,300471914551172981,1,1,bkt,0.5352737482818245
306023099386028284,7591109345808921544,300471914551172981,1,1,bkt,0.6923517224042719
306023099386028284,625545550176685521,8573800373938698102,1,1,bkt,0.318101946892939
306023099386028284,1761868641361943332,8573800373938698102,0,1,bkt,0.41101536243019526
306023099386028284,4824259625677886603,300471914551172981,0,1,bkt,0.8169057427869736
306023099386028284,8450591260754163598,8573800373938698102,1,1,bkt,0.33242735328761913
306023099386028284,1553079256999111676,300471914551172981,1,1,bkt,0.5571292682628338
306023099386028284,3220231712819306119,8573800373938698102,0,1,bkt,0.4440355008428263
306023099386028284,338807275221326836,300471914551172981,0,1,bkt,0.7138881866869553
306023099386028284,8525319303741530302,8573800373938698102,1,1,bkt,0.33867337838569406
306023099386028284,6587421150596252277,300471914551172981,1,1,bkt,0.461431863327853
306023099386028284,5891620578387310353,300471914551172981,0,1,bkt,0.6044971378064232
306023099386028284,5791250638486922978,300471914551172981,1,1,bkt,0.41438877806176244
306023099386028284,4031585874086886353,8573800373938698102,0,1,bkt,0.45755812352738623
306023099386028284,2083452711903133430,8573800373938698102,1,1,bkt,0.3414507661859076
306023099386028284,6319743179241711738,8573800373938698102,1,1,bkt,0.4634122538872411
306023099386028284,8628686323660025649,300471914551172981,1,1,bkt,0.5321992831049168
306023099386028284,4378721629787482518,300471914551172981,1,1,bkt,0.6891802237676161
306023099386028284,4813462692425748605,300471914551172981,0,1,bkt,0.8149525274499089
306023099386028284,4644364625800006675,300471914551172981,0,1,bkt,0.5543238883948429
306023099386028284,1062464292871659639,8573800373938698102,0,1,bkt,0.6512842827207648
306023099386028284,5932668873100475470,300471914551172981,0,1,bkt,0.40053709097575796
306023099386028284,5237822943399727048,8573800373938698102,1,1,bkt,0.40488729342296015
306816872576014192,300471914551172981,300471914551172981,1,1,bkt,0.6270461440332235
306816872576014192,8573800373938698102,8573800373938698102,0,1,bkt,0.5064730900819714
306816872576014192,2014268979504181100,300471914551172981,1,1,bkt,0.77270096802343
306816872576014192,2172169907340938753,300471914551172981,1,1,bkt,0.8610413139091273
306816872576014192,8150806168444344502,300471914551172981,1,1,bkt,0.900059657568269
306816872576014192,816286915455981984,8573800373938698102,1,1,bkt,0.35276834629056547
306816872576014192,1962751598315765836,300471914551172981,1,1,bkt,0.9148547854652099
306816872576014192,7444476343858270082,300471914551172981,1,1,bkt,0.9201348647501719
306816872576014192,2537821716777940730,300471914551172981,1,1,bkt,0.9219781051191799
306816872576014192,1061301253559417093,300471914551172981,1,1,bkt,0.9226165965299471
306816872576014192,8553379303363759508,300471914551172981,1,1,bkt,0.9228371725871625
306816872576014192,6440511557387709110,300471914551172981,1,1,bkt,0.9229133028286419
306816872576014192,7744513373483970787,8573800373938698102,0,1,bkt,0.48631412116296824
306816872576014192,2971078979906996375,300471914551172981,1,1,bkt,0.9229395701871741
306816872576014192,5841359775533910823,300471914551172981,1,1,bkt,0.9229486322571232
306816872576014192,8621262567927479011,300471914551172981,1,1,bkt,0.9229517584933665
306816872576014192,8434961942249729798,8573800373938698102,1,1,bkt,0.34784301197993767
306816872576014192,2322042198017538996,8573800373938698102,0,1,bkt,0.4765305403004627
306816872576014192,1742185772413642127,300471914551172981,1,1,bkt,0.9229528369692599
306816872576014192,2334639155148655290,8573800373938698102,0,1,bkt,0.3455893710257259
306816872576014192,7660717256841499384,300471914551172981,1,1,bkt,0.9229532090156645
306816872576014192,4113615466659810841,300471914551172981,1,1,bkt,0.9229533373618893
306816872576014192,6125574002232610732,300471914551172981,1,1,bkt,0.9229533816379375
306816872576014192,2774368076249802464,8573800373938698102,0,1,bkt,0.3219132590780609
306816872576014192,8903365289186067945,8573800373938698102,1,1,bkt,0.31860841745697516
306816872576014192,6925932688889117475,300471914551172981,1,1,bkt,0.9229533969119985
306816872576014192,8194071366621068887,8573800373938698102,0,1,bkt,0.41223341393852414
306816872576014192,2986660907093963186,300471914551172981,1,1,bkt,0.9229534021811435
306816872576014192,7591109345808921544,300471914551172981,1,1,bkt,0.9229534039988586
306816872576014192,625545550176685521,8573800373938698102,1,1,bkt,0.33264529113506125
306816872576014192,1761868641361943332,8573800373938698102,1,1,bkt,0.4445158859581298
306816872576014192,4824259625677886603,300471914551172981,1,1,bkt,0.922953404368367
306816872576014192,8450591260754163598,8573800373938698102,0,1,bkt,0.6289249646600662
306816872576014192,1553079256999111676,300471914551172981,1,1,bkt,0.922953404368367
306816872576014192,3220231712819306119,8573800373938698102,1,1,bkt,0.39418440106237385
306816872576014192,338807275221326836,300471914551172981,0,1,bkt,0.922953404368367
306816872576014192,8525319303741530302,8573800373938698102,1,1,bkt,0.5589104568554928
306816872576014192,6587421150596252277,300471914551172981,1,1,bkt,0.9229534001375432
306816872576014192,5891620578387310353,300471914551172981,1,1,bkt,0.9229534032938709
306816872576014192,5791250638486922978,300471914551172981,1,1,bkt,0.922953404368367
306816872576014192,4031585874086886353,8573800373938698102,0,1,bkt,0.7411554676740127
306816872576014192,2083452711903133430,8573800373938698102,1,1,bkt,0.466558978314164
306816872576014192,6319743179241711738,8573800373938698102,1,1,bkt,0.6548317603364385
306816872576014192,8628686323660025649,300471914551172981,1,1,bkt,0.922953404368367
306816872576014192,4378721629787482518,300471914551172981,1,1,bkt,0.922953404368367
306816872576014192,4813462692425748605,300471914551172981,1,1,bkt,0.922953404368367
306816872576014192,4644364625800006675,300471914551172981,1,1,bkt,0.922953404368367
306816872576014192,1062464292871659639,8573800373938698102,1,1,bkt,0.8050374109313652
306816872576014192,5932668873100475470,300471914551172981,1,1,bkt,0.922953404368367
306816872576014192,5237822943399727048,8573800373938698102,1,1,bkt,0.8744879290023579
318029278300626017,300471914551172981,300471914551172981,1,1,bkt,0.6270461440332235
318029278300626017,8573800373938698102,8573800373938698102,0,1,bkt,0.5064730900819714
318029278300626017,2014268979504181100,300471914551172981,1,1,bkt,0.77270096802343
318029278300626017,2172169907340938753,300471914551172981,1,1,bkt,0.8610413139091273
318029278300626017,8150806168444344502,300471914551172981,0,1,bkt,0.900059657568269
318029278300626017,816286915455981984,8573800373938698102,1,1,bkt,0.35276834629056547
318029278300626017,1962751598315765836,300471914551172981,1,1,bkt,0.7782688963697176
318029278300626017,7444476343858270082,300471914551172981,1,1,bkt,0.8637621206048102
318029278300626017,2537821716777940730,300471914551172981,1,1,bkt,0.9011346978153904
318029278300626017,1061301253559417093,300471914551172981,1,1,bkt,0.9152442867508405
318029278300626017,8553379303363759508,300471914551172981,1,1,bkt,0.9202715636078006
318029278300626017,6440511557387709110,300471914551172981,1,1,bkt,0.9220255448893503
318029278300626017,7744513373483970787,8573800373938698102,0,1,bkt,0.48631412116296824
318029278300626017,2971078979906996375,300471914551172981,1,1,bkt,0.9226329957878447
318029278300626017,5841359775533910823,300471914551172981,0,1,bkt,0.9228428339257753
318029278300626017,8621262567927479011,300471914551172981,1,1,bkt,0.9220482747279894
318029278300626017,8434961942249729798,8573800373938698102,0,1,bkt,0.34784301197993767
318029278300626017,2322042198017538996,8573800373938698102,0,1,bkt,0.322240342168988
318029278300626017,1742185772413642127,300471914551172981,1,1,bkt,0.9226408525737717
318029278300626017,2334639155148655290,8573800373938698102,1,1,bkt,0.31865250064450834
318029278300626017,7660717256841499384,300471914551172981,1,1,bkt,0.9228455461677835
318029278300626017,4113615466659810841,300471914551172981,1,1,bkt,0.9229161921928325
318029278300626017,6125574002232610732,300471914551172981,1,1,bkt,0.922940567024508
318029278300626017,2774368076249802464,8573800373938698102,1,1,bkt,0.4123392499416266
318029278300626017,8903365289186067945,8573800373938698102,0,1,bkt,0.5861358114366031
318029278300626017,6925932688889117475,300471914551172981,1,1,bkt,0.9229489761494406
318029278300626017,8194071366621068887,8573800373938698102,0,1,bkt,0.3769264207376337
318029278300626017,2986660907093963186,300471914551172981,1,1,bkt,0.9229518771282563
318029278300626017,7591109345808921544,300471914551172981,1,1,bkt,0.9229528778952838
318029278300626017,625545550176685521,8573800373938698102,0,1,bkt,0.3266736683215185
318029278300626017,1761868641361943332,8573800373938698102,1,1,bkt,0.31925423420345783
318029278300626017,4824259625677886603,300471914551172981,1,1,bkt,0.9229532231340714
318029278300626017,8450591260754163598,8573800373938698102,0,1,bkt,0.4137809843160677
318029278300626017,1553079256999111676,300471914551172981,1,1,bkt,0.9229533422323664
318029278300626017,3220231712819306119,8573800373938698102,0,1,bkt,0.33292349392227993
318029278300626017,338807275221326836,300471914551172981,1,1,bkt,0.9229533833181227
318029278300626017,8525319303741530302,8573800373938698102,0,1,bkt,0.32011610570024474
318029278300626017,6587421150596252277,300471914551172981,1,1,bkt,0.9229533974916178
318029278300626017,5891620578387310353,300471914551172981,1,1,bkt,0.9229534023810968
318029278300626017,5791250638486922978,300471914551172981,1,1,bkt,0.9229534040678372
318029278300626017,4031585874086886353,8573800373938698102,0,1,bkt,0.318366959789234
318029278300626017,2083452711903133430,8573800373938698102,1,1,bkt,0.318133174857424
318029278300626017,6319743179241711738,8573800373938698102,0,1,bkt,0.4110905772478877
318029278300626017,8628686323660025649,300471914551172981,1,1,bkt,0.922953404368367
318029278300626017,4378721629787482518,300471914551172981,1,1,bkt,0.922953404368367
318029278300626017,4813462692425748605,300471914551172981,0,1,bkt,0.922953404368367
318029278300626017,4644364625800006675,300471914551172981,1,1,bkt,0.9229534001375432
318029278300626017,1062464292871659639,8573800373938698102,1,1,bkt,0.33244078485825546
318029278300626017,5932668873100475470,300471914551172981,1,1,bkt,0.9229534032938709
318029278300626017,5237822943399727048,8573800373938698102,1,1,bkt,0.4440651253249286
324624200648221669,300471914551172981,300471914551172981,0,1,bkt,0.6270461440332235
324624200648221669,8573800373938698102,8573800373938698102,0,1,bkt,0.5064730900819714
324624200648221669,2014268979504181100,300471914551172981,0,1,bkt,0.42182790732040143
324624200648221669,2172169907340938753,300471914551172981,1,1,bkt,0.3755148815622478
324624200648221669,8150806168444344502,300471914551172981,0,1,bkt,0.45878710392490996
324624200648221669,816286915455981984,8573800373938698102,1,1,bkt,0.35276834629056547
324624200648221669,1962751598315765836,300471914551172981,0,1,bkt,0.38126261596119326
324624200648221669,7444476343858270082,300471914551172981,1,1,bkt,0.36999676908807155
324624200648221669,2537821716777940730,300471914551172981,0,1,bkt,0.4471160347155374
324624200648221669,1061301253559417093,300471914551172981,0,1,bkt,0.3793645646709519
324624200648221669,8553379303363759508,300471914551172981,1,1,bkt,0.3697562417472899
324624200648221669,6440511557387709110,300471914551172981,1,1,bkt,0.4465993850118247
324624200648221669,7744513373483970787,8573800373938698102,0,1,bkt,0.48631412116296824
324624200648221669,2971078979906996375,300471914551172981,0,1,bkt,0.5833460259861507
324624200648221669,5841359775533910823,300471914551172981,0,1,bkt,0.4081426990625613
324624200648221669,8621262567927479011,300471914551172981,0,1,bkt,0.37356872978567424
324624200648221669,8434961942249729798,8573800373938698102,1,1,bkt,0.34784301197993767
324624200648221669,2322042198017538996,8573800373938698102,0,1,bkt,0.4765305403004627
324624200648221669,1742185772413642127,300471914551172981,0,1,bkt,0.3690307951658083
324624200648221669,2334639155148655290,8573800373938698102,1,1,bkt,0.3455893710257259
324624200648221669,7660717256841499384,300471914551172981,0,1,bkt,0.3684720985084212
324624200648221669,4113615466659810841,300471914551172981,0,1,bkt,0.3684038685985761
324624200648221669,6125574002232610732,300471914551172981,0,1,bkt,0.3683955444039825
324624200648221669,2774368076249802464,8573800373938698102,0,1,bkt,0.47196096241902785
324624200648221669,8903365289186067945,8573800373938698102,1,1,bkt,0.34456538373274564
324624200648221669,6925932688889117475,300471914551172981,1,1,bkt,0.36839452895757224
324624200648221669,8194071366621068887,8573800373938698102,0,1,bkt,0.4698649320866932
324624200648221669,2986660907093963186,300471914551172981,1,1,bkt,0.4436617217555273
324624200648221669,7591109345808921544,300471914551172981,1,1,bkt,0.5789891308152082
324624200648221669,625545550176685521,8573800373938698102,1,1,bkt,0.3441015942855697
324624200648221669,1761868641361943332,8573800373938698102,0,1,bkt,0.46891148290456997
324624200648221669,4824259625677886603,300471914551172981,1,1,bkt,0.7338025406508666
324624200648221669,8450591260754163598,8573800373938698102,1,1,bkt,0.34389183559200076
324624200648221669,1553079256999111676,300471914551172981,0,1,bkt,0.8408814982499084
324624200648221669,3220231712819306119,8573800373938698102,1,1,bkt,0.46847942054153047
324624200648221669,338807275221326836,300471914551172981,0,1,bkt,0.5971768528703094
324624200648221669,8525319303741530302,8573800373938698102,1,1,bkt,0.6569733644622326
324624200648221669,6587421150596252277,300471914551172981,1,1,bkt,0.4121528214711277
324624200648221669,5891620578387310353,300471914551172981,0,1,bkt,0.5283521050644786
324624200648221669,5791250638486922978,300471914551172981,1,1,bkt,0.39452446837365557
324624200648221669,4031585874086886353,8573800373938698102,0,1,bkt,0.8062507906021545
324624200648221669,2083452711903133430,8573800373938698102,1,1,bkt,0.5469572503648341
324624200648221669,6319743179241711738,8573800373938698102,1,1,bkt,0.7316247891571086
324624200648221669,8628686323660025649,300471914551172981,1,1,bkt,0.4964936507769792
324624200648221669,4378721629787482518,300471914551172981,1,1,bkt,0.6494707689263423
324624200648221669,4813462692425748605,300471914551172981,0,1,bkt,0.7888821878050517
324624200648221669,4644364625800006675,300471914551172981,0,1,bkt,0.5218497164694071
324624200648221669,1062464292871659639,8573800373938698102,1,1,bkt,0.8441069841417838
324624200648221669,5932668873100475470,300471914551172981,0,1,bkt,0.39312136382386753
324624200648221669,5237822943399727048,8573800373938698102,1,1,bkt,0.888501864933526
332087775371550264,300471914551172981,300471914551172981,0,1,bkt,0.6270461440332235
332087775371550264,8573800373938698102,8573800373938698102,1,1,bkt,0.5064730900819714
332087775371550264,2014268979504181100,300471914551172981,0,1,bkt,0.42182790732040143
332087775371550264,2172169907340938753,300471914551172981,0,1,bkt,0.3755148815622478
332087775371550264,8150806168444344502,300471914551172981,0,1,bkt,0.36927288726461627
332087775371550264,816286915455981984,8573800373938698102,1,1,bkt,0.6960034375848583
332087775371550264,1962751598315765836,300471914551172981,0,1,bkt,0.36850170114425645
332087775371550264,7444476343858270082,300471914551172981,1,1,bkt,0.36840748074282714
332087775371550264,2537821716777940730,300471914551172981,1,1,bkt,0.4436897653193349
332087775371550264,1061301253559417093,300471914551172981,0,1,bkt,0.5790309954216376
332087775371550264,8553379303363759508,300471914551172981,0,1,bkt,0.4069455240100679
332087775371550264,6440511557387709110,300471914551172981,0,1,bkt,0.37340275371012654
332087775371550264,7744513373483970787,8573800373938698102,1,1,bkt,0.827056150610966
332087775371550264,2971078979906996375,300471914551172981,0,1,bkt,0.3690102181206009
332087775371550264,5841359775533910823,300471914551172981,0,1,bkt,0.3684695834275593
332087775371550264,8621262567927479011,300471914551172981,0,1,bkt,0.368403561721415
332087775371550264,8434961942249729798,8573800373938698102,1,1,bkt,0.88254869688539
332087775371550264,2322042198017538996,8573800373938698102,1,1,bkt,0.9010795748605225
332087775371550264,1742185772413642127,300471914551172981,0,1,bkt,0.36839550696837664
332087775371550264,2334639155148655290,8573800373938698102,1,1,bkt,0.906759324464294
332087775371550264,7660717256841499384,300471914551172981,1,1,bkt,0.3683945243909625
332087775371550264,4113615466659810841,300471914551172981,1,1,bkt,0.44366171186742975
332087775371550264,6125574002232610732,300471914551172981,0,1,bkt,0.5789891160529087
332087775371550264,2774368076249802464,8573800373938698102,1,1,bkt,0.9084536974996698
332087775371550264,8903365289186067945,8573800373938698102,1,1,bkt,0.9089550569682892
332087775371550264,6925932688889117475,300471914551172981,0,1,bkt,0.4069340251149259
332087775371550264,8194071366621068887,8573800373938698102,1,1,bkt,0.9091030492382115
332087775371550264,2986660907093963186,300471914551172981,1,1,bkt,0.3734011627549362
332087775371550264,7591109345808921544,300471914551172981,0,1,bkt,0.45435724828705737
332087775371550264,625545550176685521,8573800373938698102,1,1,bkt,0.9091467026833527
332087775371550264,1761868641361943332,8573800373938698102,1,1,bkt,0.9091595764744865
332087775371550264,4824259625677886603,300471914551172981,0,1,bkt,0.38053263341326327
332087775371550264,8450591260754163598,8573800373938698102,1,1,bkt,0.9091633728344996
332087775371550264,1553079256999111676,300471914551172981,1,1,bkt,0.369904088854738
332087775371550264,3220231712819306119,8573800373938698102,1,1,bkt,0.9091644923248609
332087775371550264,338807275221326836,300471914551172981,0,1,bkt,0.44691703830841123
332087775371550264,8525319303741530302,8573800373938698102,1,1,bkt,0.9091648224442089
332087775371550264,6587421150596252277,300471914551172981,1,1,bkt,0.3793328966887947
332087775371550264,5891620578387310353,300471914551172981,1,1,bkt,0.46666363816113876
332087775371550264,5791250638486922978,300471914551172981,1,1,bkt,0.611636882489908
332087775371550264,4031585874086886353,8573800373938698102,1,1,bkt,0.9091649197908356
332087775371550264,2083452711903133430,8573800373938698102,1,1,bkt,0.9091649484967002
332087775371550264,6319743179241711738,8573800373938698102,1,1,bkt,0.9091649569615701
332087775371550264,8628686323660025649,300471914551172981,1,1,bkt,0.7608941236330824
332087775371550264,4378721629787482518,300471914551172981,1,1,bkt,0.8551400731479668
332087775371550264,4813462692425748605,300471914551172981,0,1,bkt,0.8977044604276199
332087775371550264,4644364625800006675,300471914551172981,0,1,bkt,0.7670582884041881
332087775371550264,1062464292871659639,8573800373938698102,1,1,bkt,0.9091649594577158
332087775371550264,5932668873100475470,300471914551172981,1,1,bkt,0.5002543965129465
332087775371550264,5237822943399727048,8573800373938698102,0,1,bkt,0.9091649598746572
343876738781606645,300471914551172981,300471914551172981,1,1,bkt,0.6270461440332235
343876738781606645,8573800373938698102,8573800373938698102,0,1,bkt,0.5064730900819714
343876738781606645,2014268979504181100,300471914551172981,1,1,bkt,0.77270096802343
343876738781606645,2172169907340938753,300471914551172981,0,1,bkt,0.8610413139091273
343876738781606645,8150806168444344502,300471914551172981,1,1,bkt,0.6415458494908249
343876738781606645,816286915455981984,8573800373938698102,1,1,bkt,0.35276834629056547
343876738781606645,1962751598315765836,300471914551172981,1,1,bkt,0.7832929482050359
343876738781606645,7444476343858270082,300471914551172981,1,1,bkt,0.8661839603442102
343876738781606645,2537821716777940730,300471914551172981,1,1,bkt,0.9020859294602869
343876738781606645,1061301253559417093,300471914551172981,1,1,bkt,0.9155881564026863
343876738781606645,8553379303363759508,300471914551172981,1,1,bkt,0.9203921509814882
343876738781606645,6440511557387709110,300471914551172981,1,1,bkt,0.9220673816555577
343876738781606645,7744513373483970787,8573800373938698102,1,1,bkt,0.48631412116296824
343876738781606645,2971078979906996375,300471914551172981,1,1,bkt,0.9226474567662029
343876738781606645,5841359775533910823,300471914551172981,1,1,bkt,0.9228478259661087
343876738781606645,8621262567927479011,300471914551172981,1,1,bkt,0.9229169788445527
343876738781606645,8434961942249729798,8573800373938698102,1,1,bkt,0.6760540266390719
343876738781606645,2322042198017538996,8573800373938698102,1,1,bkt,0.8167220590445308
343876738781606645,1742185772413642127,300471914551172981,1,1,bkt,0.9229408384200914
343876738781606645,2334639155148655290,8573800373938698102,1,1,bkt,0.8788196483061628
343876738781606645,7660717256841499384,300471914551172981,1,1,bkt,0.9229490697762788
343876738781606645,4113615466659810841,300471914551172981,1,1,bkt,0.9229519094273332
343876738781606645,6125574002232610732,300471914551172981,1,1,bkt,0.922952889037643
343876738781606645,2774368076249802464,8573800373938698102,0,1,bkt,0.899907663883957
343876738781606645,8903365289186067945,8573800373938698102,0,1,bkt,0.8460974325893248
343876738781606645,6925932688889117475,300471914551172981,1,1,bkt,0.9229532269778934
343876738781606645,8194071366621068887,8573800373938698102,0,1,bkt,0.6297289337125775
343876738781606645,2986660907093963186,300471914551172981,1,1,bkt,0.9229533435583833
343876738781606645,7591109345808921544,300471914551172981,1,1,bkt,0.9229533837755634
343876738781606645,625545550176685521,8573800373938698102,1,1,bkt,0.39454683902552207
343876738781606645,1761868641361943332,8573800373938698102,1,1,bkt,0.5594784861003377
343876738781606645,4824259625677886603,300471914551172981,1,1,bkt,0.9229533976494225
343876738781606645,8450591260754163598,8573800373938698102,1,1,bkt,0.7415982396105024
343876738781606645,1553079256999111676,300471914551172981,0,1,bkt,0.9229534024355354
343876738781606645,3220231712819306119,8573800373938698102,0,1,bkt,0.8485874518280336
343876738781606645,338807275221326836,300471914551172981,1,1,bkt,0.9229533842927511
343876738781606645,8525319303741530302,8573800373938698102,1,1,bkt,0.6363476053116485
343876738781606645,6587421150596252277,300471914551172981,1,1,bkt,0.9229533978278386
343876738781606645,5891620578387310353,300471914551172981,1,1,bkt,0.9229534024970841
343876738781606645,5791250638486922978,300471914551172981,1,1,bkt,0.9229534041078497
343876738781606645,4031585874086886353,8573800373938698102,1,1,bkt,0.794225300567195
343876738781606645,2083452711903133430,8573800373938698102,1,1,bkt,0.8703661404699814
343876738781606645,6319743179241711738,8573800373938698102,1,1,bkt,0.8972138335989295
343876738781606645,8628686323660025649,300471914551172981,1,1,bkt,0.922953404368367
343876738781606645,4378721629787482518,300471914551172981,1,1,bkt,0.922953404368367
343876738781606645,4813462692425748605,300471914551172981,1,1,bkt,0.922953404368367
343876738781606645,4644364625800006675,300471914551172981,1,1,bkt,0.922953404368367
343876738781606645,1062464292871659639,8573800373938698102,1,1,bkt,0.9055938340835907
343876738781606645,5932668873100475470,300471914551172981,1,1,bkt,0.922953404368367
343876738781606645,5237822943399727048,8573800373938698102,1,1,bkt,0.90810774360553
353461793782294163,300471914551172981,300471914551172981,1,1,bkt,0.6270461440332235
353461793782294163,8573800373938698102,8573800373938698102,0,1,bkt,0.5064730900819714
353461793782294163,2014268979504181100,300471914551172981,1,1,bkt,0.77270096802343
353461793782294163,2172169907340938753,300471914551172981,1,1,bkt,0.8610413139091273
353461793782294163,8150806168444344502,300471914551172981,1,1,bkt,0.900059657568269
353461793782294163,816286915455981984,8573800373938698102,0,1,bkt,0.35276834629056547
353461793782294163,1962751598315765836,300471914551172981,1,1,bkt,0.9148547854652099
353461793782294163,7444476343858270082,300471914551172981,1,1,bkt,0.9201348647501719
353461793782294163,2537821716777940730,300471914551172981,1,1,bkt,0.9219781051191799
353461793782294163,1061301253559417093,300471914551172981,1,1,bkt,0.9226165965299471
353461793782294163,8553379303363759508,300471914551172981,1,1,bkt,0.9228371725871625
353461793782294163,6440511557387709110,300471914551172981,1,1,bkt,0.9229133028286419
353461793782294163,7744513373483970787,8573800373938698102,0,1,bkt,0.32296311143420975
353461793782294163,2971078979906996375,300471914551172981,1,1,bkt,0.9229395701871741
353461793782294163,5841359775533910823,300471914551172981,1,1,bkt,0.9229486322571232
353461793782294163,8621262567927479011,300471914551172981,1,1,bkt,0.9229517584933665
353461793782294163,8434961942249729798,8573800373938698102,0,1,bkt,0.3187500641718073
353461793782294163,2322042198017538996,8573800373938698102,0,1,bkt,0.318184276619551
353461793782294163,1742185772413642127,300471914551172981,1,1,bkt,0.9229528369692599
353461793782294163,2334639155148655290,8573800373938698102,0,1,bkt,0.31810882722389705
353461793782294163,7660717256841499384,300471914551172981,1,1,bkt,0.9229532090156645
353461793782294163,4113615466659810841,300471914551172981,1,1,bkt,0.9229533373618893
353461793782294163,6125574002232610732,300471914551172981,1,1,bkt,0.9229533816379375
353461793782294163,2774368076249802464,8573800373938698102,0,1,bkt,0.3180987752917487
353461793782294163,8903365289186067945,8573800373938698102,0,1,bkt,0.31809743626617
353461793782294163,6925932688889117475,300471914551172981,1,1,bkt,0.9229533969119985
353461793782294163,8194071366621068887,8573800373938698102,0,1,bkt,0.318097257896527
353461793782294163,2986660907093963186,300471914551172981,1,1,bkt,0.9229534021811435
353461793782294163,7591109345808921544,300471914551172981,1,1,bkt,0.9229534039988586
353461793782294163,625545550176685521,8573800373938698102,0,1,bkt,0.31809723413622
353461793782294163,1761868641361943332,8573800373938698102,0,1,bkt,0.31809723097115217
353461793782294163,4824259625677886603,300471914551172981,1,1,bkt,0.922953404368367
353461793782294163,8450591260754163598,8573800373938698102,0,1,bkt,0.31809723054953915
353461793782294163,1553079256999111676,300471914551172981,1,1,bkt,0.922953404368367
353461793782294163,3220231712819306119,8573800373938698102,1,1,bkt,0.3180972304933769
353461793782294163,338807275221326836,300471914551172981,1,1,bkt,0.922953404368367
353461793782294163,8525319303741530302,8573800373938698102,0,1,bkt,0.41100400135609494
353461793782294163,6587421150596252277,300471914551172981,1,1,bkt,0.922953404368367
353461793782294163,5891620578387310353,300471914551172981,1,1,bkt,0.922953404368367
353461793782294163,5791250638486922978,300471914551172981,1,1,bkt,0.922953404368367
353461793782294163,4031585874086886353,8573800373938698102,0,1,bkt,0.3324253247692515
353461793782294163,2083452711903133430,8573800373938698102,0,1,bkt,0.32004681464148427
353461793782294163,6319743179241711738,8573800373938698102,0,1,bkt,0.3183576757002343
353461793782294163,8628686323660025649,300471914551172981,1,1,bkt,0.922953404368367
353461793782294163,4378721629787482518,300471914551172981,1,1,bkt,0.922953404368367
353461793782294163,4813462692425748605,300471914551172981,1,1,bkt,0.922953404368367
353461793782294163,4644364625800006675,300471914551172981,1,1,bkt,0.922953404368367
353461793782294163,1062464292871659639,8573800373938698102,0,1,bkt,0.3181319371785539
353461793782294163,5932668873100475470,300471914551172981,1,1,bkt,0.922953404368367
353461793782294163,5237822943399727048,8573800373938698102,0,1,bkt,0.318101853936224
354411700963014883,300471914551172981,300471914551172981,0,1,bkt,0.6270461440332235
354411700963014883,8573800373938698102,8573800373938698102,0,1,bkt,0.5064730900819714
354411700963014883,2014268979504181100,300471914551172981,1,1,bkt,0.42182790732040143
354411700963014883,2172169907340938753,300471914551172981,0,1,bkt,0.5447054434036982
354411700963014883,8150806168444344502,300471914551172981,0,1,bkt,0.39823038371871056
354411700963014883,816286915455981984,8573800373938698102,0,1,bkt,0.35276834629056547
354411700963014883,1962751598315765836,300471914551172981,1,1,bkt,0.372214391127028
354411700963014883,7444476343858270082,300471914551172981,0,1,bkt,0.45184800073520237
354411700963014883,2537821716777940730,300471914551172981,1,1,bkt,0.3801243765006088
354411700963014883,1061301253559417093,300471914551172981,0,1,bkt,0.4682766546022328
354411700963014883,8553379303363759508,300471914551172981,0,1,bkt,0.38286730621617254
354411700963014883,6440511557387709110,300471914551172981,0,1,bkt,0.3702012749375099
354411700963014883,7744513373483970787,8573800373938698102,0,1,bkt,0.32296311143420975
354411700963014883,2971078979906996375,300471914551172981,0,1,bkt,0.368615433888608
354411700963014883,5841359775533910823,300471914551172981,0,1,bkt,0.36842136168046025
354411700963014883,8621262567927479011,300471914551172981,0,1,bkt,0.3683976784258531
354411700963014883,8434961942249729798,8573800373938698102,0,1,bkt,0.3187500641718073
354411700963014883,2322042198017538996,8573800373938698102,0,1,bkt,0.318184276619551
354411700963014883,1742185772413642127,300471914551172981,0,1,bkt,0.36839478927868624
354411700963014883,2334639155148655290,8573800373938698102,0,1,bkt,0.31810882722389705
354411700963014883,7660717256841499384,300471914551172981,0,1,bkt,0.36839443684316525
354411700963014883,4113615466659810841,300471914551172981,0,1,bkt,0.36839439385118466
354411700963014883,6125574002232610732,300471914551172981,0,1,bkt,0.3683943886067949
354411700963014883,2774368076249802464,8573800373938698102,0,1,bkt,0.3180987752917487
354411700963014883,8903365289186067945,8573800373938698102,0,1,bkt,0.31809743626617
354411700963014883,6925932688889117475,300471914551172981,0,1,bkt,0.3683943879670565
354411700963014883,8194071366621068887,8573800373938698102,0,1,bkt,0.318097257896527
354411700963014883,2986660907093963186,300471914551172981,1,1,bkt,0.3683943878890178
354411700963014883,7591109345808921544,300471914551172981,0,1,bkt,0.44366141629913425
354411700963014883,625545550176685521,8573800373938698102,0,1,bkt,0.31809723413622
354411700963014883,1761868641361943332,8573800373938698102,0,1,bkt,0.31809723097115217
354411700963014883,4824259625677886603,300471914551172981,0,1,bkt,0.3788180191502073
354411700963014883,8450591260754163598,8573800373938698102,0,1,bkt,0.31809723054953915
354411700963014883,1553079256999111676,300471914551172981,1,1,bkt,0.3696872542559218
354411700963014883,3220231712819306119,8573800373938698102,1,1,bkt,0.3180972304933769
354411700963014883,338807275221326836,300471914551172981,1,1,bkt,0.4464510766828431
354411700963014883,8525319303741530302,8573800373938698102,0,1,bkt,0.41100400135609494
354411700963014883,6587421150596252277,300471914551172981,0,1,bkt,0.5831274418061478
354411700963014883,5891620578387310353,300471914551172981,0,1,bkt,0.40808145847882743
354411700963014883,5791250638486922978,300471914551172981,0,1,bkt,0.37356022311149384
354411700963014883,4031585874086886353,8573800373938698102,0,1,bkt,0.3324253247692515
354411700963014883,2083452711903133430,8573800373938698102,1,1,bkt,0.32004681464148427
354411700963014883,6319743179241711738,8573800373938698102,0,1,bkt,0.41567170855241276
354411700963014883,8628686323660025649,300471914551172981,0,1,bkt,0.3690297402775101
354411700963014883,4378721629787482518,300471914551172981,0,1,bkt,0.36847196956806894
354411700963014883,4813462692425748605,300471914551172981,1,1,bkt,0.3684038528658816
354411700963014883,4644364625800006675,300471914551172981,1,1,bkt,0.443681910338596
354411700963014883,1062464292871659639,8573800373938698102,1,1,bkt,0.33326538458413685
354411700963014883,5932668873100475470,300471914551172981,1,1,bkt,0.5790192697110202
354411700963014883,5237822943399727048,8573800373938698102,1,1,bkt,0.44587927743111255
391500893232447138,300471914551172981,300471914551172981,0,1,bkt,0.6270461440332235
391500893232447138,8573800373938698102,8573800373938698102,0,1,bkt,0.5064730900819714
391500893232447138,2014268979504181100,300471914551172981,1,1,bkt,0.42182790732040143
391500893232447138,2172169907340938753,300471914551172981,1,1,bkt,0.5447054434036982
391500893232447138,8150806168444344502,300471914551172981,0,1,bkt,0.7018577106812528
391500893232447138,816286915455981984,8573800373938698102,0,1,bkt,0.35276834629056547
391500893232447138,1962751598315765836,300471914551172981,1,1,bkt,0.4545687231349609
391500893232447138,7444476343858270082,300471914551172981,0,1,bkt,0.594881880299817
391500893232447138,2537821716777940730,300471914551172981,1,1,bkt,0.41146846741827975
391500893232447138,1061301253559417093,300471914551172981,0,1,bkt,0.5271662511601687
391500893232447138,8553379303363759508,300471914551172981,0,1,bkt,0.3942657041381876
391500893232447138,6440511557387709110,300471914551172981,1,1,bkt,0.37168509940095656
391500893232447138,7744513373483970787,8573800373938698102,0,1,bkt,0.32296311143420975
391500893232447138,2971078979906996375,300471914551172981,0,1,bkt,0.4507237272349553
391500893232447138,5841359775533910823,300471914551172981,0,1,bkt,0.3799426661930508
391500893232447138,8621262567927479011,300471914551172981,1,1,bkt,0.3698293447350148
391500893232447138,8434961942249729798,8573800373938698102,0,1,bkt,0.3187500641718073
391500893232447138,2322042198017538996,8573800373938698102,0,1,bkt,0.318184276619551
391500893232447138,1742185772413642127,300471914551172981,0,1,bkt,0.4467564803963
391500893232447138,2334639155148655290,8573800373938698102,0,1,bkt,0.31810882722389705
391500893232447138,7660717256841499384,300471914551172981,1,1,bkt,0.37930736235523055
391500893232447138,4113615466659810841,300471914551172981,0,1,bkt,0.4666114877270174
391500893232447138,6125574002232610732,300471914551172981,0,1,bkt,0.3825815946595628
391500893232447138,2774368076249802464,8573800373938698102,0,1,bkt,0.3180987752917487
391500893232447138,8903365289186067945,8573800373938698102,0,1,bkt,0.31809743626617
391500893232447138,6925932688889117475,300471914551172981,1,1,bkt,0.370164785336745
391500893232447138,8194071366621068887,8573800373938698102,0,1,bkt,0.318097257896527
391500893232447138,2986660907093963186,300471914551172981,1,1,bkt,0.4474765331904397
391500893232447138,7591109345808921544,300471914551172981,1,1,bkt,0.5846358479287702
391500893232447138,625545550176685521,8573800373938698102,1,1,bkt,0.31809723413622
391500893232447138,1761868641361943332,8573800373938698102,1,1,bkt,0.4110040101312683
391500893232447138,4824259625677886603,300471914551172981,0,1,bkt,0.738704676692584
391500893232447138,8450591260754163598,8573800373938698102,0,1,bkt,0.5842154032277496
391500893232447138,1553079256999111676,300471914551172981,0,1,bkt,0.4775855762305249
391500893232447138,3220231712819306119,8573800373938698102,0,1,bkt,0.37623515795970175
391500893232447138,338807275221326836,300471914551172981,1,1,bkt,0.384498095755603
391500893232447138,8525319303741530302,8573800373938698102,0,1,bkt,0.3265634994736619
391500893232447138,6587421150596252277,300471914551172981,0,1,bkt,0.477070446197277
391500893232447138,5891620578387310353,300471914551172981,1,1,bkt,0.3844063347941276
391500893232447138,5791250638486922978,300471914551172981,1,1,bkt,0.4768880068933075
391500893232447138,4031585874086886353,8573800373938698102,0,1,bkt,0.3192391850378642
391500893232447138,2083452711903133430,8573800373938698102,0,1,bkt,0.31824960336617214
391500893232447138,6319743179241711738,8573800373938698102,0,1,bkt,0.31811753233828516
391500893232447138,8628686323660025649,300471914551172981,1,1,bkt,0.6251377389781518
391500893232447138,4378721629787482518,300471914551172981,1,1,bkt,0.7712702945674099
391500893232447138,4813462692425748605,300471914551172981,0,1,bkt,0.8603358616333386
391500893232447138,4644364625800006675,300471914551172981,1,1,bkt,0.6397769772596691
391500893232447138,1062464292871659639,8573800373938698102,1,1,bkt,0.3180999349386006
391500893232447138,5932668873100475470,300471914551172981,1,1,bkt,0.782026506110665
391500893232447138,5237822943399727048,8573800373938698102,0,1,bkt,0.4110105159858496
408067404290575866,300471914551172981,300471914551172981,0,1,bkt,0.6270461440332235
408067404290575866,8573800373938698102,8573800373938698102,0,1,bkt,0.5064730900819714
408067404290575866,2014268979504181100,300471914551172981,1,1,bkt,0.42182790732040143
408067404290575866,2172169907340938753,300471914551172981,0,1,bkt,0.5447054434036982
408067404290575866,8150806168444344502,300471914551172981,1,1,bkt,0.39823038371871056
408067404290575866,816286915455981984,8573800373938698102,1,1,bkt,0.35276834629056547
408067404290575866,1962751598315765836,300471914551172981,1,1,bkt,0.50342523236325
408067404290575866,7444476343858270082,300471914551172981,1,1,bkt,0.6576202290974152
408067404290575866,2537821716777940730,300471914551172981,1,1,bkt,0.7944893000315529
408067404290575866,1061301253559417093,300471914551172981,1,1,bkt,0.8714709620206043
408067404290575866,8553379303363759508,300471914551172981,1,1,bkt,0.9041441484010951
408067404290575866,6440511557387709110,300471914551172981,1,1,bkt,0.9163297247190219
408067404290575866,7744513373483970787,8573800373938698102,0,1,bkt,0.48631412116296824
408067404290575866,2971078979906996375,300471914551172981,1,1,bkt,0.9206518943124383
408067404290575866,5841359775533910823,300471914551172981,0,1,bkt,0.9221574601727682
408067404290575866,8621262567927479011,300471914551172981,1,1,bkt,0.9164951985146722
408067404290575866,8434961942249729798,8573800373938698102,0,1,bkt,0.34784301197993767
408067404290575866,2322042198017538996,8573800373938698102,0,1,bkt,0.322240342168988
408067404290575866,1742185772413642127,300471914551172981,1,1,bkt,0.9207097961625123
408067404290575866,2334639155148655290,8573800373938698102,1,1,bkt,0.31865250064450834
408067404290575866,7660717256841499384,300471914551172981,1,1,bkt,0.9221775335019147
408067404290575866,4113615466659810841,300471914551172981,1,1,bkt,0.9226855247402937
408067404290575866,6125574002232610732,300471914551172981,1,1,bkt,0.9228609665737822
408067404290575866,2774368076249802464,8573800373938698102,1,1,bkt,0.4123392499416266
408067404290575866,8903365289186067945,8573800373938698102,0,1,bkt,0.5861358114366031
408067404290575866,6925932688889117475,300471914551172981,1,1,bkt,0.9229215129775906
408067404290575866,8194071366621068887,8573800373938698102,0,1,bkt,0.3769264207376337
408067404290575866,2986660907093963186,300471914551172981,1,1,bkt,0.9229424026912361
408067404290575866,7591109345808921544,300471914551172981,1,1,bkt,0.9229496094220179
408067404290575866,625545550176685521,8573800373938698102,0,1,bkt,0.3266736683215185
408067404290575866,1761868641361943332,8573800373938698102,1,1,bkt,0.31925423420345783
408067404290575866,4824259625677886603,300471914551172981,1,1,bkt,0.9229520955924067
408067404290575866,8450591260754163598,8573800373938698102,0,1,bkt,0.4137809843160677
408067404290575866,1553079256999111676,300471914551172981,1,1,bkt,0.9229529532598393
408067404290575866,3220231712819306119,8573800373938698102,0,1,bkt,0.33292349392227993
408067404290575866,338807275221326836,300471914551172981,1,1,bkt,0.922953249132867
408067404290575866,8525319303741530302,8573800373938698102,0,1,bkt,0.32011610570024474
408067404290575866,6587421150596252277,300471914551172981,1,1,bkt,0.922953351201263
408067404290575866,5891620578387310353,300471914551172981,1,1,bkt,0.922953386412154
408067404290575866,5791250638486922978,300471914551172981,1,1,bkt,0.9229533985589763
408067404290575866,4031585874086886353,8573800373938698102,0,1,bkt,0.318366959789234
408067404290575866,2083452711903133430,8573800373938698102,0,1,bkt,0.318133174857424
408067404290575866,6319743179241711738,8573800373938698102,0,1,bkt,0.3181020188222798
408067404290575866,8628686323660025649,300471914551172981,1,1,bkt,0.9229534027493072
408067404290575866,4378721629787482518,300471914551172981,1,1,bkt,0.9229534041948599
408067404290575866,4813462692425748605,300471914551172981,1,1,bkt,0.922953404368367
408067404290575866,4644364625800006675,300471914551172981,1,1,bkt,0.922953404368367
408067404290575866,1062464292871659639,8573800373938698102,1,1,bkt,0.3180978683350417
408067404290575866,5932668873100475470,300471914551172981,1,1,bkt,0.922953404368367
408067404290575866,5237822943399727048,8573800373938698102,0,1,bkt,0.4110055378373104
467689940266541525,300471914551172981,300471914551172981,1,1,bkt,0.6270461440332235
467689940266541525,8573800373938698102,8573800373938698102,1,1,bkt,0.5064730900819714
467689940266541525,2014268979504181100,300471914551172981,1,1,bkt,0.77270096802343
467689940266541525,2172169907340938753,300471914551172981,1,1,bkt,0.8610413139091273
467689940266541525,8150806168444344502,300471914551172981,1,1,bkt,0.900059657568269
467689940266541525,816286915455981984,8573800373938698102,1,1,bkt,0.6960034375848583
467689940266541525,1962751598315765836,300471914551172981,1,1,bkt,0.9148547854652099
467689940266541525,7444476343858270082,300471914551172981,1,1,bkt,0.9201348647501719
467689940266541525,2537821716777940730,300471914551172981,1,1,bkt,0.9219781051191799
467689940266541525,1061301253559417093,300471914551172981,1,1,bkt,0.9226165965299471
467689940266541525,8553379303363759508,300471914551172981,1,1,bkt,0.9228371725871625
467689940266541525,6440511557387709110,300471914551172981,1,1,bkt,0.9229133028286419
467689940266541525,7744513373483970787,8573800373938698102,1,1,bkt,0.827056150610966
467689940266541525,2971078979906996375,300471914551172981,1,1,bkt,0.9229395701871741
467689940266541525,5841359775533910823,300471914551172981,1,1,bkt,0.9229486322571232
467689940266541525,8621262567927479011,300471914551172981,1,1,bkt,0.9229517584933665
467689940266541525,8434961942249729798,8573800373938698102,1,1,bkt,0.88254869688539
467689940266541525,2322042198017538996,8573800373938698102,1,1,bkt,0.9010795748605225
467689940266541525,1742185772413642127,300471914551172981,1,1,bkt,0.9229528369692599
467689940266541525,2334639155148655290,8573800373938698102,1,1,bkt,0.906759324464294
467689940266541525,7660717256841499384,300471914551172981,1,1,bkt,0.9229532090156645
467689940266541525,4113615466659810841,300471914551172981,1,1,bkt,0.9229533373618893
467689940266541525,6125574002232610732,300471914551172981,1,1,bkt,0.9229533816379375
467689940266541525,2774368076249802464,8573800373938698102,1,1,bkt,0.9084536974996698
467689940266541525,8903365289186067945,8573800373938698102,1,1,bkt,0.9089550569682892
467689940266541525,6925932688889117475,300471914551172981,1,1,bkt,0.9229533969119985
467689940266541525,8194071366621068887,8573800373938698102,1,1,bkt,0.9091030492382115
467689940266541525,2986660907093963186,300471914551172981,1,1,bkt,0.9229534021811435
467689940266541525,7591109345808921544,300471914551172981,1,1,bkt,0.9229534039988586
467689940266541525,625545550176685521,8573800373938698102,1,1,bkt,0.9091467026833527
467689940266541525,1761868641361943332,8573800373938698102,1,1,bkt,0.9091595764744865
467689940266541525,4824259625677886603,300471914551172981,1,1,bkt,0.922953404368367
467689940266541525,8450591260754163598,8573800373938698102,1,1,bkt,0.9091633728344996
467689940266541525,1553079256999111676,300471914551172981,1,1,bkt,0.922953404368367
467689940266541525,3220231712819306119,8573800373938698102,1,1,bkt,0.9091644923248609
467689940266541525,338807275221326836,300471914551172981,1,1,bkt,0.922953404368367
467689940266541525,8525319303741530302,8573800373938698102,1,1,bkt,0.9091648224442089
467689940266541525,6587421150596252277,300471914551172981,1,1,bkt,0.922953404368367
467689940266541525,5891620578387310353,300471914551172981,1,1,bkt,0.922953404368367
467689940266541525,5791250638486922978,300471914551172981,1,1,bkt,0.922953404368367
467689940266541525,4031585874086886353,8573800373938698102,1,1,bkt,0.9091649197908356
467689940266541525,2083452711903133430,8573800373938698102,1,1,bkt,0.9091649484967002
467689940266541525,6319743179241711738,8573800373938698102,1,1,bkt,0.9091649569615701
467689940266541525,8628686323660025649,300471914551172981,1,1,bkt,0.922953404368367
467689940266541525,4378721629787482518,300471914551172981,1,1,bkt,0.922953404368367
467689940266541525,4813462692425748605,300471914551172981,1,1,bkt,0.922953404368367
467689940266541525,4644364625800006675,300471914551172981,1,1,bkt,0.922953404368367
467689940266541525,1062464292871659639,8573800373938698102,1,1,bkt,0.9091649594577158
467689940266541525,5932668873100475470,300471914551172981,1,1,bkt,0.922953404368367
467689940266541525,5237822943399727048,8573800373938698102,1,1,bkt,0.9091649598746572
473886315334742569,300471914551172981,300471914551172981,0,1,bkt,0.6270461440332235
473886315334742569,8573800373938698102,8573800373938698102,0,1,bkt,0.5064730900819714
473886315334742569,2014268979504181100,300471914551172981,0,1,bkt,0.42182790732040143
473886315334742569,2172169907340938753,300471914551172981,0,1,bkt,0.3755148815622478
473886315334742569,8150806168444344502,300471914551172981,1,1,bkt,0.36927288726461627
473886315334742569,816286915455981984,8573800373938698102,1,1,bkt,0.35276834629056547
473886315334742569,1962751598315765836,300471914551172981,0,1,bkt,0.44555911041066376
473886315334742569,7444476343858270082,300471914551172981,1,1,bkt,0.3791174049576588
473886315334742569,2537821716777940730,300471914551172981,1,1,bkt,0.4662233048306425
473886315334742569,1061301253559417093,300471914551172981,1,1,bkt,0.6110421402290025
473886315334742569,8553379303363759508,300471914551172981,0,1,bkt,0.7604264863251644
473886315334742569,6440511557387709110,300471914551172981,0,1,bkt,0.49447150662939315
473886315334742569,7744513373483970787,8573800373938698102,0,1,bkt,0.48631412116296824
473886315334742569,2971078979906996375,300471914551172981,1,1,bkt,0.3876095514942784
473886315334742569,5841359775533910823,300471914551172981,0,1,bkt,0.48320552498201275
473886315334742569,8621262567927479011,300471914551172981,0,1,bkt,0.3855110708432041
473886315334742569,8434961942249729798,8573800373938698102,1,1,bkt,0.34784301197993767
473886315334742569,2322042198017538996,8573800373938698102,1,1,bkt,0.4765305403004627
473886315334742569,1742185772413642127,300471914551172981,1,1,bkt,0.3705405325495041
473886315334742569,2334639155148655290,8573800373938698102,1,1,bkt,0.6657637929811244
473886315334742569,7660717256841499384,300471914551172981,1,1,bkt,0.44828155959618365
473886315334742569,4113615466659810841,300471914551172981,1,1,bkt,0.5858151747275185
473886315334742569,6125574002232610732,300471914551172981,1,1,bkt,0.7397165666583023
473886315334742569,2774368076249802464,8573800373938698102,1,1,bkt,0.8111494486985459
473886315334742569,8903365289186067945,8573800373938698102,1,1,bkt,0.8767693430218653
473886315334742569,6925932688889117475,300471914551172981,1,1,bkt,0.8440832219749469
473886315334742569,8194071366621068887,8573800373938698102,1,1,bkt,0.899259076593505
473886315334742569,2986660907093963186,300471914551172981,1,1,bkt,0.8932029929370902
473886315334742569,7591109345808921544,300471914551172981,0,1,bkt,0.9123484648710594
473886315334742569,625545550176685521,8573800373938698102,1,1,bkt,0.9062117069728008
473886315334742569,1761868641361943332,8573800373938698102,1,1,bkt,0.9082912583789183
473886315334742569,4824259625677886603,300471914551172981,1,1,bkt,0.8465355799389882
473886315334742569,8450591260754163598,8573800373938698102,1,1,bkt,0.9089070728282469
473886315334742569,1553079256999111676,300471914551172981,1,1,bkt,0.8942115455518889
473886315334742569,3220231712819306119,8573800373938698102,1,1,bkt,0.9090888922509948
473886315334742569,338807275221326836,300471914551172981,1,1,bkt,0.9127195326951497
473886315334742569,8525319303741530302,8573800373938698102,1,1,bkt,0.9091425273957953
473886315334742569,6587421150596252277,300471914551172981,0,1,bkt,0.9193834063120626
473886315334742569,5891620578387310353,300471914551172981,1,1,bkt,0.8949835903592773
473886315334742569,5791250638486922978,300471914551172981,1,1,bkt,0.9130030191685716
473886315334742569,4031585874086886353,8573800373938698102,1,1,bkt,0.9091583451983369
473886315334742569,2083452711903133430,8573800373938698102,1,1,bkt,0.9091630097473847
473886315334742569,6319743179241711738,8573800373938698102,1,1,bkt,0.9091643852562507
473886315334742569,8628686323660025649,300471914551172981,1,1,bkt,0.9194833759141192
473886315334742569,4378721629787482518,300471914551172981,1,1,bkt,0.9217518195858355
473886315334742569,4813462692425748605,300471914551172981,0,1,bkt,0.9225383495905685
473886315334742569,4644364625800006675,300471914551172981,0,1,bkt,0.9195691329084059
473886315334742569,1062464292871659639,8573800373938698102,1,1,bkt,0.9091647908714668
473886315334742569,5932668873100475470,300471914551172981,1,1,bkt,0.8963774734064116
473886315334742569,5237822943399727048,8573800373938698102,1,1,bkt,0.9091649104805697
474633159280968256,300471914551172981,300471914551172981,0,1,bkt,0.6270461440332235
474633159280968256,8573800373938698102,8573800373938698102,0,1,bkt,0.5064730900819714
474633159280968256,2014268979504181100,300471914551172981,0,1,bkt,0.42182790732040143
474633159280968256,2172169907340938753,300471914551172981,0,1,bkt,0.3755148815622478
474633159280968256,8150806168444344502,300471914551172981,0,1,bkt,0.36927288726461627
474633159280968256,816286915455981984,8573800373938698102,0,1,bkt,0.35276834629056547
474633159280968256,1962751598315765836,300471914551172981,0,1,bkt,0.36850170114425645
474633159280968256,7444476343858270082,300471914551172981,1,1,bkt,0.36840748074282714
474633159280968256,2537821716777940730,300471914551172981,1,1,bkt,0.4436897653193349
474633159280968256,1061301253559417093,300471914551172981,0,1,bkt,0.5790309954216376
474633159280968256,8553379303363759508,300471914551172981,0,1,bkt,0.4069455240100679
474633159280968256,6440511557387709110,300471914551172981,0,1,bkt,0.37340275371012654
474633159280968256,7744513373483970787,8573800373938698102,0,1,bkt,0.32296311143420975
474633159280968256,2971078979906996375,300471914551172981,0,1,bkt,0.3690102181206009
474633159280968256,5841359775533910823,300471914551172981,0,1,bkt,0.3684695834275593
474633159280968256,8621262567927479011,300471914551172981,1,1,bkt,0.368403561721415
474633159280968256,8434961942249729798,8573800373938698102,0,1,bkt,0.3187500641718073
474633159280968256,2322042198017538996,8573800373938698102,0,1,bkt,0.318184276619551
474633159280968256,1742185772413642127,300471914551172981,1,1,bkt,0.4436812799537894
474633159280968256,2334639155148655290,8573800373938698102,0,1,bkt,0.31810882722389705
474633159280968256,7660717256841499384,300471914551172981,0,1,bkt,0.5790183286710062
474633159280968256,4113615466659810841,300471914551172981,1,1,bkt,0.4069420458357575
474633159280968256,6125574002232610732,300471914551172981,0,1,bkt,0.5192224007344063
474633159280968256,2774368076249802464,8573800373938698102,0,1,bkt,0.3180987752917487
474633159280968256,8903365289186067945,8573800373938698102,1,1,bkt,0.31809743626617
474633159280968256,6925932688889117475,300471914551172981,1,1,bkt,0.3925651995914315
474633159280968256,8194071366621068887,8573800373938698102,0,1,bkt,0.4110044970378262
474633159280968256,2986660907093963186,300471914551172981,0,1,bkt,0.49277612953627276
474633159280968256,7591109345808921544,300471914551172981,0,1,bkt,0.3872878001137168
474633159280968256,625545550176685521,8573800373938698102,1,1,bkt,0.33242541327153036
474633159280968256,1761868641361943332,8573800373938698102,0,1,bkt,0.44403122177293936
474633159280968256,4824259625677886603,300471914551172981,1,1,bkt,0.37077017390263883
474633159280968256,8450591260754163598,8573800373938698102,0,1,bkt,0.33867252089823113
474633159280968256,1553079256999111676,300471914551172981,0,1,bkt,0.44877275553303386
474633159280968256,3220231712819306119,8573800373938698102,0,1,bkt,0.3209232998323226
474633159280968256,338807275221326836,300471914551172981,0,1,bkt,0.37962910024979757
474633159280968256,8525319303741530302,8573800373938698102,1,1,bkt,0.31847525276227195
474633159280968256,6587421150596252277,300471914551172981,1,1,bkt,0.36978967630140575
474633159280968256,5891620578387310353,300471914551172981,1,1,bkt,0.44667124223324733
474633159280968256,5791250638486922978,300471914551172981,1,1,bkt,0.5834518805256561
474633159280968256,4031585874086886353,8573800373938698102,0,1,bkt,0.41191353092516236
474633159280968256,2083452711903133430,8573800373938698102,1,1,bkt,0.33258796918428424
474633159280968256,6319743179241711738,8573800373938698102,1,1,bkt,0.44438959621971286
474633159280968256,8628686323660025649,300471914551172981,0,1,bkt,0.7376846901525195
474633159280968256,4378721629787482518,300471914551172981,1,1,bkt,0.47686140945418987
474633159280968256,4813462692425748605,300471914551172981,0,1,bkt,0.6251033692240342
474633159280968256,4644364625800006675,300471914551172981,1,1,bkt,0.4211517383214991
474633159280968256,1062464292871659639,8573800373938698102,1,1,bkt,0.6287691343583082
474633159280968256,5932668873100475470,300471914551172981,0,1,bkt,0.543586967763814
474633159280968256,5237822943399727048,8573800373938698102,1,1,bkt,0.7896086077470839
494021745820447907,300471914551172981,300471914551172981,0,1,bkt,0.6270461440332235
494021745820447907,8573800373938698102,8573800373938698102,0,1,bkt,0.5064730900819714
494021745820447907,2014268979504181100,300471914551172981,0,1,bkt,0.42182790732040143
494021745820447907,2172169907340938753,300471914551172981,0,1,bkt,0.3755148815622478
494021745820447907,8150806168444344502,300471914551172981,0,1,bkt,0.36927288726461627
494021745820447907,816286915455981984,8573800373938698102,1,1,bkt,0.35276834629056547
494021745820447907,1962751598315765836,300471914551172981,1,1,bkt,0.36850170114425645
494021745820447907,7444476343858270082,300471914551172981,1,1,bkt,0.44389371460728233
494021745820447907,2537821716777940730,300471914551172981,0,1,bkt,0.5793353003369425
494021745820447907,1061301253559417093,300471914551172981,1,1,bkt,0.4070291463292761
494021745820447907,8553379303363759508,300471914551172981,0,1,bkt,0.5193769289263097
494021745820447907,6440511557387709110,300471914551172981,0,1,bkt,0.3925977426460551
494021745820447907,7744513373483970787,8573800373938698102,0,1,bkt,0.48631412116296824
494021745820447907,2971078979906996375,300471914551172981,0,1,bkt,0.37146448854198727
494021745820447907,5841359775533910823,300471914551172981,0,1,bkt,0.368770724295572
494021745820447907,8621262567927479011,300471914551172981,0,1,bkt,0.3684403227558301
494021745820447907,8434961942249729798,8573800373938698102,1,1,bkt,0.34784301197993767
494021745820447907,2322042198017538996,8573800373938698102,1,1,bkt,0.4765305403004627
494021745820447907,1742185772413642127,300471914551172981,0,1,bkt,0.36839999166518833
494021745820447907,2334639155148655290,8573800373938698102,1,1,bkt,0.6657637929811244
494021745820447907,7660717256841499384,300471914551172981,0,1,bkt,0.3683950714638358
494021745820447907,4113615466659810841,300471914551172981,0,1,bkt,0.3683944712656623
494021745820447907,6125574002232610732,300471914551172981,1,1,bkt,0.3683943980502239
494021745820447907,2774368076249802464,8573800373938698102,1,1,bkt,0.8111494486985459
494021745820447907,8903365289186067945,8573800373938698102,1,1,bkt,0.8767693430218653
494021745820447907,6925932688889117475,300471914551172981,0,1,bkt,0.44366143830124855
494021745820447907,8194071366621068887,8573800373938698102,0,1,bkt,0.899259076593505
494021745820447907,2986660907093963186,300471914551172981,0,1,bkt,0.3788180226094856
494021745820447907,7591109345808921544,300471914551172981,0,1,bkt,0.36968725469218366
494021745820447907,625545550176685521,8573800373938698102,1,1,bkt,0.8421132654900424
494021745820447907,1761868641361943332,8573800373938698102,1,1,bkt,0.8878182195481283
494021745820447907,4824259625677886603,300471914551172981,0,1,bkt,0.3685524221026238
494021745820447907,8450591260754163598,8573800373938698102,1,1,bkt,0.9027188187087396
494021745820447907,1553079256999111676,300471914551172981,0,1,bkt,0.36841367055391994
494021745820447907,3220231712819306119,8573800373938698102,1,1,bkt,0.9072505296443364
494021745820447907,338807275221326836,300471914551172981,0,1,bkt,0.3683967401528216
494021745820447907,8525319303741530302,8573800373938698102,0,1,bkt,0.9085992362677671
494021745820447907,6587421150596252277,300471914551172981,0,1,bkt,0.36839467482215393
494021745820447907,5891620578387310353,300471914551172981,0,1,bkt,0.36839442288113655
494021745820447907,5791250638486922978,300471914551172981,0,1,bkt,0.3683943921480223
494021745820447907,4031585874086886353,8573800373938698102,1,1,bkt,0.9049443292279779
494021745820447907,2083452711903133430,8573800373938698102,0,1,bkt,0.9079145636331966
494021745820447907,6319743179241711738,8573800373938698102,1,1,bkt,0.8999056343670119
494021745820447907,8628686323660025649,300471914551172981,0,1,bkt,0.36839438839903416
494021745820447907,4378721629787482518,300471914551172981,0,1,bkt,0.36839438794171275
494021745820447907,4813462692425748605,300471914551172981,0,1,bkt,0.36839438788592627
494021745820447907,4644364625800006675,300471914551172981,1,1,bkt,0.3683943878791211
494021745820447907,1062464292871659639,8573800373938698102,1,1,bkt,0.9064064493888487
494021745820447907,5932668873100475470,300471914551172981,0,1,bkt,0.44366141627770483
494021745820447907,5237822943399727048,8573800373938698102,1,1,bkt,0.9083490470776837
513429567782826768,300471914551172981,300471914551172981,1,1,bkt,0.6270461440332235
513429567782826768,8573800373938698102,8573800373938698102,1,1,bkt,0.5064730900819714
513429567782826768,2014268979504181100,300471914551172981,0,1,bkt,0.77270096802343
513429567782826768,2172169907340938753,300471914551172981,0,1,bkt,0.5054404856249486
513429567782826768,8150806168444344502,300471914551172981,1,1,bkt,0.38974456897574433
513429567782826768,816286915455981984,8573800373938698102,1,1,bkt,0.6960034375848583
513429567782826768,1962751598315765836,300471914551172981,0,1,bkt,0.48735862196950075
513429567782826768,7444476343858270082,300471914551172981,0,1,bkt,0.3862739223081658
513429567782826768,2537821716777940730,300471914551172981,0,1,bkt,0.37063896782820904
513429567782826768,1061301253559417093,300471914551172981,1,1,bkt,0.3686691701313078
513429567782826768,8553379303363759508,300471914551172981,1,1,bkt,0.4442559603211105
513429567782826768,6440511557387709110,300471914551172981,0,1,bkt,0.579875104434865
513429567782826768,7744513373483970787,8573800373938698102,1,1,bkt,0.827056150610966
513429567782826768,2971078979906996375,300471914551172981,0,1,bkt,0.40717778134074284
513429567782826768,5841359775533910823,300471914551172981,0,1,bkt,0.37343490140227065
513429567782826768,8621262567927479011,300471914551172981,0,1,bkt,0.36901420281069114
513429567782826768,8434961942249729798,8573800373938698102,1,1,bkt,0.88254869688539
513429567782826768,2322042198017538996,8573800373938698102,1,1,bkt,0.9010795748605225
513429567782826768,1742185772413642127,300471914551172981,1,1,bkt,0.36847007045347346
513429567782826768,2334639155148655290,8573800373938698102,1,1,bkt,0.906759324464294
513429567782826768,7660717256841499384,300471914551172981,0,1,bkt,0.4438252585089866
513429567782826768,4113615466659810841,300471914551172981,0,1,bkt,0.37884378679858605
513429567782826768,6125574002232610732,300471914551172981,0,1,bkt,0.36969050404020015
513429567782826768,2774368076249802464,8573800373938698102,1,1,bkt,0.9084536974996698
513429567782826768,8903365289186067945,8573800373938698102,1,1,bkt,0.9089550569682892
513429567782826768,6925932688889117475,300471914551172981,0,1,bkt,0.3685528201050505
513429567782826768,8194071366621068887,8573800373938698102,1,1,bkt,0.9091030492382115
513429567782826768,2986660907093963186,300471914551172981,0,1,bkt,0.36841371912869764
513429567782826768,7591109345808921544,300471914551172981,0,1,bkt,0.36839674607859224
513429567782826768,625545550176685521,8573800373938698102,1,1,bkt,0.9091467026833527
513429567782826768,1761868641361943332,8573800373938698102,1,1,bkt,0.9091595764744865
513429567782826768,4824259625677886603,300471914551172981,0,1,bkt,0.36839467554501626
513429567782826768,8450591260754163598,8573800373938698102,1,1,bkt,0.9091633728344996
513429567782826768,1553079256999111676,300471914551172981,0,1,bkt,0.36839442296931524
513429567782826768,3220231712819306119,8573800373938698102,1,1,bkt,0.9091644923248609
513429567782826768,338807275221326836,300471914551172981,0,1,bkt,0.3683943921587788
513429567782826768,8525319303741530302,8573800373938698102,1,1,bkt,0.9091648224442089
513429567782826768,6587421150596252277,300471914551172981,0,1,bkt,0.3683943884003463
513429567782826768,5891620578387310353,300471914551172981,0,1,bkt,0.36839438794187274
513429567782826768,5791250638486922978,300471914551172981,0,1,bkt,0.36839438788594575
513429567782826768,4031585874086886353,8573800373938698102,1,1,bkt,0.9091649197908356
513429567782826768,2083452711903133430,8573800373938698102,1,1,bkt,0.9091649484967002
513429567782826768,6319743179241711738,8573800373938698102,1,1,bkt,0.9091649569615701
513429567782826768,8628686323660025649,300471914551172981,0,1,bkt,0.36839438787912354
513429567782826768,4378721629787482518,300471914551172981,0,1,bkt,0.3683943878782913
513429567782826768,4813462692425748605,300471914551172981,0,1,bkt,0.3683943878781898
513429567782826768,4644364625800006675,300471914551172981,0,1,bkt,0.3683943878781774
513429567782826768,1062464292871659639,8573800373938698102,1,1,bkt,0.9091649594577158
513429567782826768,5932668873100475470,300471914551172981,0,1,bkt,0.36839438787817586
513429567782826768,5237822943399727048,8573800373938698102,1,1,bkt,0.9091649598746572
540704142965175174,300471914551172981,300471914551172981,1,1,bkt,0.6270461440332235
540704142965175174,8573800373938698102,8573800373938698102,0,1,bkt,0.5064730900819714
540704142965175174,2014268979504181100,300471914551172981,1,1,bkt,0.77270096802343
540704142965175174,2172169907340938753,300471914551172981,1,1,bkt,0.8610413139091273
540704142965175174,8150806168444344502,300471914551172981,1,1,bkt,0.900059657568269
540704142965175174,816286915455981984,8573800373938698102,1,1,bkt,0.35276834629056547
540704142965175174,1962751598315765836,300471914551172981,1,1,bkt,0.9148547854652099
540704142965175174,7444476343858270082,300471914551172981,1,1,bkt,0.9201348647501719
540704142965175174,2537821716777940730,300471914551172981,1,1,bkt,0.9219781051191799
540704142965175174,1061301253559417093,300471914551172981,0,1,bkt,0.9226165965299471
540704142965175174,8553379303363759508,300471914551172981,0,1,bkt,0.9202043646882047
540704142965175174,6440511557387709110,300471914551172981,1,1,bkt,0.901193953397066
540704142965175174,7744513373483970787,8573800373938698102,0,1,bkt,0.48631412116296824
540704142965175174,2971078979906996375,300471914551172981,1,1,bkt,0.9152657288087535
540704142965175174,5841359775533910823,300471914551172981,1,1,bkt,0.9202790855054143
540704142965175174,8621262567927479011,300471914551172981,1,1,bkt,0.9220281548685323
540704142965175174,8434961942249729798,8573800373938698102,1,1,bkt,0.34784301197993767
540704142965175174,2322042198017538996,8573800373938698102,0,1,bkt,0.4765305403004627
540704142965175174,1742185772413642127,300471914551172981,1,1,bkt,0.9226338979717759
540704142965175174,2334639155148655290,8573800373938698102,1,1,bkt,0.3455893710257259
540704142965175174,7660717256841499384,300471914551172981,1,1,bkt,0.9228431453711453
540704142965175174,4113615466659810841,300471914551172981,1,1,bkt,0.9229153637860551
540704142965175174,6125574002232610732,300471914551172981,0,1,bkt,0.9229402812228905
540704142965175174,2774368076249802464,8573800373938698102,1,1,bkt,0.47196096241902785
540704142965175174,8903365289186067945,8573800373938698102,1,1,bkt,0.660811409305292
540704142965175174,6925932688889117475,300471914551172981,1,1,bkt,0.9228458387241363
540704142965175174,8194071366621068887,8573800373938698102,1,1,bkt,0.8084056541107278
540704142965175174,2986660907093963186,300471914551172981,1,1,bkt,0.9229162931405573
540704142965175174,7591109345808921544,300471914551172981,1,1,bkt,0.922940601851594
540704142965175174,625545550176685521,8573800373938698102,1,1,bkt,0.875749445838155
540704142965175174,1761868641361943332,8573800373938698102,1,1,bkt,0.8989353143635894
540704142965175174,4824259625677886603,300471914551172981,1,1,bkt,0.9229489881641931
540704142965175174,8450591260754163598,8573800373938698102,0,1,bkt,0.9061140849217791
540704142965175174,1553079256999111676,300471914551172981,1,1,bkt,0.9229518812730664
540704142965175174,3220231712819306119,8573800373938698102,0,1,bkt,0.8870061467370268
540704142965175174,338807275221326836,300471914551172981,1,1,bkt,0.9229528793251378
540704142965175174,8525319303741530302,8573800373938698102,1,1,bkt,0.775439487487796
540704142965175174,6587421150596252277,300471914551172981,1,1,bkt,0.9229532236273335
540704142965175174,5891620578387310353,300471914551172981,1,1,bkt,0.9229533424025288
540704142965175174,5791250638486922978,300471914551172981,1,1,bkt,0.9229533833768242
540704142965175174,4031585874086886353,8573800373938698102,1,1,bkt,0.8629312703958709
540704142965175174,2083452711903133430,8573800373938698102,1,1,bkt,0.8948009842526676
540704142965175174,6319743179241711738,8573800373938698102,1,1,bkt,0.9048612747448229
540704142965175174,8628686323660025649,300471914551172981,1,1,bkt,0.9229533975118681
540704142965175174,4378721629787482518,300471914551172981,1,1,bkt,0.9229534023880827
540704142965175174,4813462692425748605,300471914551172981,1,1,bkt,0.9229534040702471
540704142965175174,4644364625800006675,300471914551172981,0,1,bkt,0.922953404368367
540704142965175174,1062464292871659639,8573800373938698102,1,1,bkt,0.9078898410280821
540704142965175174,5932668873100475470,300471914551172981,1,1,bkt,0.9229534001375432
540704142965175174,5237822943399727048,8573800373938698102,1,1,bkt,0.9087884214283234
545945498259535928,300471914551172981,300471914551172981,1,1,bkt,0.6270461440332235
545945498259535928,8573800373938698102,8573800373938698102,1,1,bkt,0.5064730900819714
545945498259535928,2014268979504181100,300471914551172981,1,1,bkt,0.77270096802343
545945498259535928,2172169907340938753,300471914551172981,1,1,bkt,0.8610413139091273
545945498259535928,8150806168444344502,300471914551172981,1,1,bkt,0.900059657568269
545945498259535928,816286915455981984,8573800373938698102,1,1,bkt,0.6960034375848583
545945498259535928,1962751598315765836,300471914551172981,1,1,bkt,0.9148547854652099
545945498259535928,7444476343858270082,300471914551172981,1,1,bkt,0.9201348647501719
545945498259535928,2537821716777940730,300471914551172981,1,1,bkt,0.9219781051191799
545945498259535928,1061301253559417093,300471914551172981,1,1,bkt,0.9226165965299471
545945498259535928,8553379303363759508,300471914551172981,0,1,bkt,0.9228371725871625
545945498259535928,6440511557387709110,300471914551172981,1,1,bkt,0.9220020010349302
545945498259535928,7744513373483970787,8573800373938698102,1,1,bkt,0.827056150610966
545945498259535928,2971078979906996375,300471914551172981,1,1,bkt,0.9226248572211445
545945498259535928,5841359775533910823,300471914551172981,1,1,bkt,0.9228400243614847
545945498259535928,8621262567927479011,300471914551172981,0,1,bkt,0.922914286859761
545945498259535928,8434961942249729798,8573800373938698102,1,1,bkt,0.88254869688539
545945498259535928,2322042198017538996,8573800373938698102,1,1,bkt,0.9010795748605225
545945498259535928,1742185772413642127,300471914551172981,1,1,bkt,0.9226328888939829
545945498259535928,2334639155148655290,8573800373938698102,1,1,bkt,0.906759324464294
545945498259535928,7660717256841499384,300471914551172981,1,1,bkt,0.922842797024614
545945498259535928,4113615466659810841,300471914551172981,1,1,bkt,0.922915243587
545945498259535928,6125574002232610732,300471914551172981,1,1,bkt,0.9229402397539882
545945498259535928,2774368076249802464,8573800373938698102,1,1,bkt,0.9084536974996698
545945498259535928,8903365289186067945,8573800373938698102,1,1,bkt,0.9089550569682892
545945498259535928,6925932688889117475,300471914551172981,1,1,bkt,0.9229488632466308
545945498259535928,8194071366621068887,8573800373938698102,1,1,bkt,0.9091030492382115
545945498259535928,2986660907093963186,300471914551172981,1,1,bkt,0.92295183817941
545945498259535928,7591109345808921544,300471914551172981,1,1,bkt,0.9229528644589222
545945498259535928,625545550176685521,8573800373938698102,1,1,bkt,0.9091467026833527
545945498259535928,1761868641361943332,8573800373938698102,1,1,bkt,0.9091595764744865
545945498259535928,4824259625677886603,300471914551172981,0,1,bkt,0.9229532184988785
545945498259535928,8450591260754163598,8573800373938698102,1,1,bkt,0.9091633728344996
545945498259535928,1553079256999111676,300471914551172981,1,1,bkt,0.9229518764371514
545945498259535928,3220231712819306119,8573800373938698102,1,1,bkt,0.9091644923248609
545945498259535928,338807275221326836,300471914551172981,1,1,bkt,0.9229528776568702
545945498259535928,8525319303741530302,8573800373938698102,1,1,bkt,0.9091648224442089
545945498259535928,6587421150596252277,300471914551172981,1,1,bkt,0.9229532230518249
545945498259535928,5891620578387310353,300471914551172981,1,1,bkt,0.9229533422039935
545945498259535928,5791250638486922978,300471914551172981,1,1,bkt,0.9229533833083349
545945498259535928,4031585874086886353,8573800373938698102,1,1,bkt,0.9091649197908356
545945498259535928,2083452711903133430,8573800373938698102,1,1,bkt,0.9091649484967002
545945498259535928,6319743179241711738,8573800373938698102,1,1,bkt,0.9091649569615701
545945498259535928,8628686323660025649,300471914551172981,1,1,bkt,0.9229533974882411
545945498259535928,4378721629787482518,300471914551172981,1,1,bkt,0.922953402379932
545945498259535928,4813462692425748605,300471914551172981,1,1,bkt,0.9229534040674353
545945498259535928,4644364625800006675,300471914551172981,1,1,bkt,0.922953404368367
545945498259535928,1062464292871659639,8573800373938698102,1,1,bkt,0.9091649594577158
545945498259535928,5932668873100475470,300471914551172981,1,1,bkt,0.922953404368367
545945498259535928,5237822943399727048,8573800373938698102,1,1,bkt,0.9091649598746572
555625984027262014,300471914551172981,300471914551172981,0,1,bkt,0.6270461440332235
555625984027262014,8573800373938698102,8573800373938698102,1,1,bkt,0.5064730900819714
555625984027262014,2014268979504181100,300471914551172981,0,1,bkt,0.42182790732040143
555625984027262014,2172169907340938753,300471914551172981,0,1,bkt,0.3755148815622478
555625984027262014,8150806168444344502,300471914551172981,0,1,bkt,0.36927288726461627
555625984027262014,816286915455981984,8573800373938698102,1,1,bkt,0.6960034375848583
555625984027262014,1962751598315765836,300471914551172981,0,1,bkt,0.36850170114425645
555625984027262014,7444476343858270082,300471914551172981,1,1,bkt,0.36840748074282714
555625984027262014,2537821716777940730,300471914551172981,1,1,bkt,0.4436897653193349
555625984027262014,1061301253559417093,300471914551172981,1,1,bkt,0.5790309954216376
555625984027262014,8553379303363759508,300471914551172981,0,1,bkt,0.7338392367559039
555625984027262014,6440511557387709110,300471914551172981,0,1,bkt,0.4741811347267877
555625984027262014,7744513373483970787,8573800373938698102,0,1,bkt,0.827056150610966
555625984027262014,2971078979906996375,300471914551172981,1,1,bkt,0.38389498929005994
555625984027262014,5841359775533910823,300471914551172981,0,1,bkt,0.4758697516790251
555625984027262014,8621262567927479011,300471914551172981,0,1,bkt,0.38419315327757597
555625984027262014,8434961942249729798,8573800373938698102,0,1,bkt,0.5854169633115799
555625984027262014,2322042198017538996,8573800373938698102,1,1,bkt,0.3766669169918966
555625984027262014,1742185772413642127,300471914551172981,0,1,bkt,0.3703710483950224
555625984027262014,2334639155148655290,8573800373938698102,1,1,bkt,0.5301530423761572
555625984027262014,7660717256841499384,300471914551172981,1,1,bkt,0.36863626837301694
555625984027262014,4113615466659810841,300471914551172981,0,1,bkt,0.44418481777476065
555625984027262014,6125574002232610732,300471914551172981,1,1,bkt,0.3789003883387275
555625984027262014,2774368076249802464,8573800373938698102,0,1,bkt,0.717499464978437
555625984027262014,8903365289186067945,8573800373938698102,1,1,bkt,0.44652076689754816
555625984027262014,6925932688889117475,300471914551172981,1,1,bkt,0.4657793493721251
555625984027262014,8194071366621068887,8573800373938698102,1,1,bkt,0.6313870021170773
555625984027262014,2986660907093963186,300471914551172981,1,1,bkt,0.6104413672763465
555625984027262014,7591109345808921544,300471914551172981,0,1,bkt,0.7599531820427305
555625984027262014,625545550176685521,8573800373938698102,1,1,bkt,0.7912159037695404
555625984027262014,1761868641361943332,8573800373938698102,1,1,bkt,0.8691988585849274
555625984027262014,4824259625677886603,300471914551172981,0,1,bkt,0.49407100424231215
555625984027262014,8450591260754163598,8573800373938698102,1,1,bkt,0.8968377454675557
555625984027262014,1553079256999111676,300471914551172981,0,1,bkt,0.38753334897485137
555625984027262014,3220231712819306119,8573800373938698102,1,1,bkt,0.9054799101935478
555625984027262014,338807275221326836,300471914551172981,1,1,bkt,0.37080201575915017
555625984027262014,8525319303741530302,8573800373938698102,1,1,bkt,0.9080738796607614
555625984027262014,6587421150596252277,300471914551172981,1,1,bkt,0.4488408162758013
555625984027262014,5891620578387310353,300471914551172981,0,1,bkt,0.5866319698630977
555625984027262014,5791250638486922978,300471914551172981,0,1,bkt,0.40907112477282265
555625984027262014,4031585874086886353,8573800373938698102,1,1,bkt,0.908842832800092
555625984027262014,2083452711903133430,8573800373938698102,1,1,bkt,0.9090699368720894
555625984027262014,6319743179241711738,8573800373938698102,1,1,bkt,0.9091369367260248
555625984027262014,8628686323660025649,300471914551172981,1,1,bkt,0.3736979095143819
555625984027262014,4378721629787482518,300471914551172981,1,1,bkt,0.4549821832622418
555625984027262014,4813462692425748605,300471914551172981,1,1,bkt,0.5954693491904952
555625984027262014,4644364625800006675,300471914551172981,0,1,bkt,0.747849370437647
555625984027262014,1062464292871659639,8573800373938698102,1,1,bkt,0.9091566965137379
555625984027262014,5932668873100475470,300471914551172981,1,1,bkt,0.4843398226739045
555625984027262014,5237822943399727048,8573800373938698102,1,1,bkt,0.9091625235704771
556718787073374141,300471914551172981,300471914551172981,1,1,bkt,0.6270461440332235
556718787073374141,8573800373938698102,8573800373938698102,0,1,bkt,0.5064730900819714
556718787073374141,2014268979504181100,300471914551172981,1,1,bkt,0.77270096802343
556718787073374141,2172169907340938753,300471914551172981,1,1,bkt,0.8610413139091273
556718787073374141,8150806168444344502,300471914551172981,1,1,bkt,0.900059657568269
556718787073374141,816286915455981984,8573800373938698102,0,1,bkt,0.35276834629056547
556718787073374141,1962751598315765836,300471914551172981,1,1,bkt,0.9148547854652099
556718787073374141,7444476343858270082,300471914551172981,1,1,bkt,0.9201348647501719
556718787073374141,2537821716777940730,300471914551172981,1,1,bkt,0.9219781051191799
556718787073374141,1061301253559417093,300471914551172981,1,1,bkt,0.9226165965299471
556718787073374141,8553379303363759508,300471914551172981,1,1,bkt,0.9228371725871625
556718787073374141,6440511557387709110,300471914551172981,1,1,bkt,0.9229133028286419
556718787073374141,7744513373483970787,8573800373938698102,0,1,bkt,0.32296311143420975
556718787073374141,2971078979906996375,300471914551172981,1,1,bkt,0.9229395701871741
556718787073374141,5841359775533910823,300471914551172981,1,1,bkt,0.9229486322571232
556718787073374141,8621262567927479011,300471914551172981,1,1,bkt,0.9229517584933665
556718787073374141,8434961942249729798,8573800373938698102,0,1,bkt,0.3187500641718073
556718787073374141,2322042198017538996,8573800373938698102,0,1,bkt,0.318184276619551
556718787073374141,1742185772413642127,300471914551172981,1,1,bkt,0.9229528369692599
556718787073374141,2334639155148655290,8573800373938698102,0,1,bkt,0.31810882722389705
556718787073374141,7660717256841499384,300471914551172981,1,1,bkt,0.9229532090156645
556718787073374141,4113615466659810841,300471914551172981,1,1,bkt,0.9229533373618893
556718787073374141,6125574002232610732,300471914551172981,1,1,bkt,0.9229533816379375
556718787073374141,2774368076249802464,8573800373938698102,0,1,bkt,0.3180987752917487
556718787073374141,8903365289186067945,8573800373938698102,0,1,bkt,0.31809743626617
556718787073374141,6925932688889117475,300471914551172981,1,1,bkt,0.9229533969119985
556718787073374141,8194071366621068887,8573800373938698102,0,1,bkt,0.318097257896527
556718787073374141,2986660907093963186,300471914551172981,1,1,bkt,0.9229534021811435
556718787073374141,7591109345808921544,300471914551172981,1,1,bkt,0.9229534039988586
556718787073374141,625545550176685521,8573800373938698102,1,1,bkt,0.31809723413622
556718787073374141,1761868641361943332,8573800373938698102,0,1,bkt,0.4110040101312683
556718787073374141,4824259625677886603,300471914551172981,1,1,bkt,0.922953404368367
556718787073374141,8450591260754163598,8573800373938698102,0,1,bkt,0.33242532633602745
556718787073374141,1553079256999111676,300471914551172981,1,1,bkt,0.922953404368367
556718787073374141,3220231712819306119,8573800373938698102,0,1,bkt,0.3200468148592468
556718787073374141,338807275221326836,300471914551172981,1,1,bkt,0.922953404368367
556718787073374141,8525319303741530302,8573800373938698102,0,1,bkt,0.31835767572940865
556718787073374141,6587421150596252277,300471914551172981,1,1,bkt,0.922953404368367
556718787073374141,5891620578387310353,300471914551172981,1,1,bkt,0.922953404368367
556718787073374141,5791250638486922978,300471914551172981,1,1,bkt,0.922953404368367
556718787073374141,4031585874086886353,8573800373938698102,0,1,bkt,0.3181319371824431
556718787073374141,2083452711903133430,8573800373938698102,1,1,bkt,0.3181018539367421
556718787073374141,6319743179241711738,8573800373938698102,0,1,bkt,0.41101513851640714
556718787073374141,8628686323660025649,300471914551172981,1,1,bkt,0.922953404368367
556718787073374141,4378721629787482518,300471914551172981,1,1,bkt,0.922953404368367
556718787073374141,4813462692425748605,300471914551172981,1,1,bkt,0.922953404368367
556718787073374141,4644364625800006675,300471914551172981,1,1,bkt,0.922953404368367
556718787073374141,1062464292871659639,8573800373938698102,0,1,bkt,0.3324273133070841
556718787073374141,5932668873100475470,300471914551172981,1,1,bkt,0.922953404368367
556718787073374141,5237822943399727048,8573800373938698102,1,1,bkt,0.3200470910244731
566486936713534793,300471914551172981,300471914551172981,1,1,bkt,0.6270461440332235
566486936713534793,8573800373938698102,8573800373938698102,1,1,bkt,0.5064730900819714
566486936713534793,2014268979504181100,300471914551172981,1,1,bkt,0.77270096802343
566486936713534793,2172169907340938753,300471914551172981,0,1,bkt,0.8610413139091273
566486936713534793,8150806168444344502,300471914551172981,1,1,bkt,0.6415458494908249
566486936713534793,816286915455981984,8573800373938698102,1,1,bkt,0.6960034375848583
566486936713534793,1962751598315765836,300471914551172981,0,1,bkt,0.7832929482050359
566486936713534793,7444476343858270082,300471914551172981,1,1,bkt,0.5159046839068313
566486936713534793,2537821716777940730,300471914551172981,1,1,bkt,0.6717402789313169
566486936713534793,1061301253559417093,300471914551172981,1,1,bkt,0.8038823115643967
566486936713534793,8553379303363759508,300471914551172981,1,1,bkt,0.8757928102409042
566486936713534793,6440511557387709110,300471914551172981,1,1,bkt,0.9058081755014907
566486936713534793,7744513373483970787,8573800373938698102,0,1,bkt,0.827056150610966
566486936713534793,2971078979906996375,300471914551172981,1,1,bkt,0.9169268035355855
566486936713534793,5841359775533910823,300471914551172981,0,1,bkt,0.9208607231162511
566486936713534793,8621262567927479011,300471914551172981,1,1,bkt,0.9062518422615947
566486936713534793,8434961942249729798,8573800373938698102,0,1,bkt,0.5854169633115799
566486936713534793,2322042198017538996,8573800373938698102,1,1,bkt,0.3766669169918966
566486936713534793,1742185772413642127,300471914551172981,1,1,bkt,0.9170856278298046
566486936713534793,2334639155148655290,8573800373938698102,1,1,bkt,0.5301530423761572
566486936713534793,7660717256841499384,300471914551172981,1,1,bkt,0.9209162262569718
566486936713534793,4113615466659810841,300471914551172981,1,1,bkt,0.9222490778453676
566486936713534793,6125574002232610732,300471914551172981,0,1,bkt,0.9227102452667781
566486936713534793,2774368076249802464,8573800373938698102,0,1,bkt,0.717499464978437
566486936713534793,8903365289186067945,8573800373938698102,0,1,bkt,0.44652076689754816
566486936713534793,6925932688889117475,300471914551172981,1,1,bkt,0.9209663236801201
566486936713534793,8194071366621068887,8573800373938698102,1,1,bkt,0.3391736436632326
566486936713534793,2986660907093963186,300471914551172981,1,1,bkt,0.9222664357258241
566486936713534793,7591109345808921544,300471914551172981,1,1,bkt,0.9227162423108483
566486936713534793,625545550176685521,8573800373938698102,1,1,bkt,0.45861965340088806
566486936713534793,1761868641361943332,8573800373938698102,1,1,bkt,0.6457877847833743
566486936713534793,4824259625677886603,300471914551172981,0,1,bkt,0.9228715691199474
566486936713534793,8450591260754163598,8573800373938698102,0,1,bkt,0.7998245656432009
566486936713534793,1553079256999111676,300471914551172981,0,1,bkt,0.9222832503472895
566486936713534793,3220231712819306119,8573800373938698102,1,1,bkt,0.536694091069422
566486936713534793,338807275221326836,300471914551172981,1,1,bkt,0.9175070447590598
566486936713534793,8525319303741530302,8573800373938698102,1,1,bkt,0.7231028998367816
566486936713534793,6587421150596252277,300471914551172981,0,1,bkt,0.921063402551252
566486936713534793,5891620578387310353,300471914551172981,1,1,bkt,0.9078306841340041
566486936713534793,5791250638486922978,300471914551172981,1,1,bkt,0.917649564137196
566486936713534793,4031585874086886353,8573800373938698102,1,1,bkt,0.8401806939832724
566486936713534793,2083452711903133430,8573800373938698102,1,1,bkt,0.8871524447022962
566486936713534793,6319743179241711738,8573800373938698102,1,1,bkt,0.9025127841399979
566486936713534793,8628686323660025649,300471914551172981,1,1,bkt,0.9211131456491771
566486936713534793,4378721629787482518,300471914551172981,1,1,bkt,0.9223172960933711
566486936713534793,4813462692425748605,300471914551172981,1,1,bkt,0.9227338129645055
566486936713534793,4644364625800006675,300471914551172981,1,1,bkt,0.9228776335291478
566486936713534793,1062464292871659639,8573800373938698102,0,1,bkt,0.907188888704532
566486936713534793,5932668873100475470,300471914551172981,1,1,bkt,0.9229272636821269
566486936713534793,5237822943399727048,8573800373938698102,1,1,bkt,0.8946463450860337
574497919089983469,300471914551172981,300471914551172981,1,1,bkt,0.6270461440332235
574497919089983469,8573800373938698102,8573800373938698102,1,1,bkt,0.5064730900819714
574497919089983469,2014268979504181100,300471914551172981,0,1,bkt,0.77270096802343
574497919089983469,2172169907340938753,300471914551172981,1,1,bkt,0.5054404856249486
574497919089983469,8150806168444344502,300471914551172981,1,1,bkt,0.659947622549702
574497919089983469,816286915455981984,8573800373938698102,1,1,bkt,0.6960034375848583
574497919089983469,1962751598315765836,300471914551172981,1,1,bkt,0.7960652062015453
574497919089983469,7444476343858270082,300471914551172981,1,1,bkt,0.8722031773909982
574497919089983469,2537821716777940730,300471914551172981,1,1,bkt,0.9044272311710359
574497919089983469,1061301253559417093,300471914551172981,1,1,bkt,0.9164314543129922
574497919089983469,8553379303363759508,300471914551172981,0,1,bkt,0.9206874935527208
574497919089983469,6440511557387709110,300471914551172981,1,1,bkt,0.9049088061520744
574497919089983469,7744513373483970787,8573800373938698102,1,1,bkt,0.827056150610966
574497919089983469,2971078979906996375,300471914551172981,1,1,bkt,0.9166043685099796
574497919089983469,5841359775533910823,300471914551172981,0,1,bkt,0.9207479849927149
574497919089983469,8621262567927479011,300471914551172981,1,1,bkt,0.9053771247079669
574497919089983469,8434961942249729798,8573800373938698102,1,1,bkt,0.88254869688539
574497919089983469,2322042198017538996,8573800373938698102,1,1,bkt,0.9010795748605225
574497919089983469,1742185772413642127,300471914551172981,1,1,bkt,0.9167723464358238
574497919089983469,2334639155148655290,8573800373938698102,1,1,bkt,0.906759324464294
574497919089983469,7660717256841499384,300471914551172981,1,1,bkt,0.9208067277012584
574497919089983469,4113615466659810841,300471914551172981,1,1,bkt,0.9222111319362315
574497919089983469,6125574002232610732,300471914551172981,1,1,bkt,0.9226971343955159
574497919089983469,2774368076249802464,8573800373938698102,1,1,bkt,0.9084536974996698
574497919089983469,8903365289186067945,8573800373938698102,1,1,bkt,0.9089550569682892
574497919089983469,6925932688889117475,300471914551172981,1,1,bkt,0.9228649738716352
574497919089983469,8194071366621068887,8573800373938698102,1,1,bkt,0.9091030492382115
574497919089983469,2986660907093963186,300471914551172981,1,1,bkt,0.9229228956597638
574497919089983469,7591109345808921544,300471914551172981,1,1,bkt,0.9229428797120781
574497919089983469,625545550176685521,8573800373938698102,1,1,bkt,0.9091467026833527
574497919089983469,1761868641361943332,8573800373938698102,1,1,bkt,0.9091595764744865
574497919089983469,4824259625677886603,300471914551172981,1,1,bkt,0.922949773985365
574497919089983469,8450591260754163598,8573800373938698102,1,1,bkt,0.9091633728344996
574497919089983469,1553079256999111676,300471914551172981,1,1,bkt,0.9229521523628432
574497919089983469,3220231712819306119,8573800373938698102,1,1,bkt,0.9091644923248609
574497919089983469,338807275221326836,300471914551172981,1,1,bkt,0.9229529728441851
574497919089983469,8525319303741530302,8573800373938698102,1,1,bkt,0.9091648224442089
574497919089983469,6587421150596252277,300471914551172981,1,1,bkt,0.9229532558889522
574497919089983469,5891620578387310353,300471914551172981,1,1,bkt,0.9229533535319335
574497919089983469,5791250638486922978,300471914551172981,1,1,bkt,0.9229533872161734
574497919089983469,4031585874086886353,8573800373938698102,1,1,bkt,0.9091649197908356
574497919089983469,2083452711903133430,8573800373938698102,1,1,bkt,0.9091649484967002
574497919089983469,6319743179241711738,8573800373938698102,1,1,bkt,0.9091649569615701
574497919089983469,8628686323660025649,300471914551172981,1,1,bkt,0.9229533988363418
574497919089983469,4378721629787482518,300471914551172981,1,1,bkt,0.9229534028449908
574497919089983469,4813462692425748605,300471914551172981,1,1,bkt,0.9229534042278683
574497919089983469,4644364625800006675,300471914551172981,1,1,bkt,0.922953404368367
574497919089983469,1062464292871659639,8573800373938698102,1,1,bkt,0.9091649594577158
574497919089983469,5932668873100475470,300471914551172981,0,1,bkt,0.922953404368367
574497919089983469,5237822943399727048,8573800373938698102,1,1,bkt,0.9091649598746572
584959704596436633,300471914551172981,300471914551172981,0,1,bkt,0.6270461440332235
584959704596436633,8573800373938698102,8573800373938698102,1,1,bkt,0.5064730900819714
584959704596436633,2014268979504181100,300471914551172981,0,1,bkt,0.42182790732040143
584959704596436633,2172169907340938753,300471914551172981,0,1,bkt,0.3755148815622478
584959704596436633,8150806168444344502,300471914551172981,0,1,bkt,0.36927288726461627
584959704596436633,816286915455981984,8573800373938698102,1,1,bkt,0.6960034375848583
584959704596436633,1962751598315765836,300471914551172981,0,1,bkt,0.36850170114425645
584959704596436633,7444476343858270082,300471914551172981,0,1,bkt,0.36840748074282714
584959704596436633,2537821716777940730,300471914551172981,0,1,bkt,0.3683959850482022
584959704596436633,1061301253559417093,300471914551172981,0,1,bkt,0.3683945827099204
584959704596436633,8553379303363759508,300471914551172981,0,1,bkt,0.36839441164479025
584959704596436633,6440511557387709110,300471914551172981,0,1,bkt,0.3683943907773532
584959704596436633,7744513373483970787,8573800373938698102,1,1,bkt,0.827056150610966
584959704596436633,2971078979906996375,300471914551172981,0,1,bkt,0.3683943882318327
584959704596436633,5841359775533910823,300471914551172981,0,1,bkt,0.3683943879213166
584959704596436633,8621262567927479011,300471914551172981,0,1,bkt,0.3683943878834382
584959704596436633,8434961942249729798,8573800373938698102,0,1,bkt,0.88254869688539
584959704596436633,2322042198017538996,8573800373938698102,0,1,bkt,0.7546353521213569
584959704596436633,1742185772413642127,300471914551172981,0,1,bkt,0.3683943878788176
584959704596436633,2334639155148655290,8573800373938698102,0,1,bkt,0.47970550561419667
584959704596436633,7660717256841499384,300471914551172981,0,1,bkt,0.36839438787825396
584959704596436633,4113615466659810841,300471914551172981,0,1,bkt,0.36839438787818524
584959704596436633,6125574002232610732,300471914551172981,0,1,bkt,0.3683943878781768
584959704596436633,2774368076249802464,8573800373938698102,1,1,bkt,0.34631143265880243
584959704596436633,8903365289186067945,8573800373938698102,1,1,bkt,0.4734315201566118
584959704596436633,6925932688889117475,300471914551172981,1,1,bkt,0.3683943878781758
584959704596436633,8194071366621068887,8573800373938698102,0,1,bkt,0.6624155920872733
584959704596436633,2986660907093963186,300471914551172981,0,1,bkt,0.4436614162756579
584959704596436633,7591109345808921544,300471914551172981,0,1,bkt,0.3788180191465163
584959704596436633,625545550176685521,8573800373938698102,1,1,bkt,0.4107441988964816
584959704596436633,1761868641361943332,8573800373938698102,1,1,bkt,0.5838402787132031
584959704596436633,4824259625677886603,300471914551172981,0,1,bkt,0.3696872542554563
584959704596436633,8450591260754163598,8573800373938698102,1,1,bkt,0.7597771067070181
584959704596436633,1553079256999111676,300471914551172981,0,1,bkt,0.36855242204913075
584959704596436633,3220231712819306119,8573800373938698102,0,1,bkt,0.8564515139962628
584959704596436633,338807275221326836,300471914551172981,0,1,bkt,0.3684136705473913
584959704596436633,8525319303741530302,8573800373938698102,1,1,bkt,0.6587586611153727
584959704596436633,6587421150596252277,300471914551172981,0,1,bkt,0.36839674015202506
584959704596436633,5891620578387310353,300471914551172981,0,1,bkt,0.3683946748220568
584959704596436633,5791250638486922978,300471914551172981,0,1,bkt,0.3683944228811247
584959704596436633,4031585874086886353,8573800373938698102,0,1,bkt,0.8072562656728902
584959704596436633,2083452711903133430,8573800373938698102,1,1,bkt,0.5486249850570388
584959704596436633,6319743179241711738,8573800373938698102,1,1,bkt,0.7329794576017062
584959704596436633,8628686323660025649,300471914551172981,0,1,bkt,0.3683943921480209
584959704596436633,4378721629787482518,300471914551172981,0,1,bkt,0.36839438839903393
584959704596436633,4813462692425748605,300471914551172981,0,1,bkt,0.3683943879417127
584959704596436633,4644364625800006675,300471914551172981,0,1,bkt,0.36839438788592627
584959704596436633,1062464292871659639,8573800373938698102,1,1,bkt,0.8447227106006705
584959704596436633,5932668873100475470,300471914551172981,0,1,bkt,0.3683943878791211
584959704596436633,5237822943399727048,8573800373938698102,1,1,bkt,0.8887123450955913
669415714538453650,300471914551172981,300471914551172981,1,1,bkt,0.6270461440332235
669415714538453650,8573800373938698102,8573800373938698102,1,1,bkt,0.5064730900819714
669415714538453650,2014268979504181100,300471914551172981,1,1,bkt,0.77270096802343
669415714538453650,2172169907340938753,300471914551172981,1,1,bkt,0.8610413139091273
669415714538453650,8150806168444344502,300471914551172981,1,1,bkt,0.900059657568269
669415714538453650,816286915455981984,8573800373938698102,1,1,bkt,0.6960034375848583
669415714538453650,1962751598315765836,300471914551172981,1,1,bkt,0.9148547854652099
669415714538453650,7444476343858270082,300471914551172981,1,1,bkt,0.9201348647501719
669415714538453650,2537821716777940730,300471914551172981,1,1,bkt,0.9219781051191799
669415714538453650,1061301253559417093,300471914551172981,1,1,bkt,0.9226165965299471
669415714538453650,8553379303363759508,300471914551172981,1,1,bkt,0.9228371725871625
669415714538453650,6440511557387709110,300471914551172981,1,1,bkt,0.9229133028286419
669415714538453650,7744513373483970787,8573800373938698102,1,1,bkt,0.827056150610966
669415714538453650,2971078979906996375,300471914551172981,1,1,bkt,0.9229395701871741
669415714538453650,5841359775533910823,300471914551172981,1,1,bkt,0.9229486322571232
669415714538453650,8621262567927479011,300471914551172981,1,1,bkt,0.9229517584933665
669415714538453650,8434961942249729798,8573800373938698102,1,1,bkt,0.88254869688539
669415714538453650,2322042198017538996,8573800373938698102,1,1,bkt,0.9010795748605225
669415714538453650,1742185772413642127,300471914551172981,1,1,bkt,0.9229528369692599
669415714538453650,2334639155148655290,8573800373938698102,1,1,bkt,0.906759324464294
669415714538453650,7660717256841499384,300471914551172981,1,1,bkt,0.9229532090156645
669415714538453650,4113615466659810841,300471914551172981,1,1,bkt,0.9229533373618893
669415714538453650,6125574002232610732,300471914551172981,1,1,bkt,0.9229533816379375
669415714538453650,2774368076249802464,8573800373938698102,1,1,bkt,0.9084536974996698
669415714538453650,8903365289186067945,8573800373938698102,1,1,bkt,0.9089550569682892
669415714538453650,6925932688889117475,300471914551172981,1,1,bkt,0.9229533969119985
669415714538453650,8194071366621068887,8573800373938698102,1,1,bkt,0.9091030492382115
669415714538453650,2986660907093963186,300471914551172981,1,1,bkt,0.9229534021811435
669415714538453650,7591109345808921544,300471914551172981,1,1,bkt,0.9229534039988586
669415714538453650,625545550176685521,8573800373938698102,1,1,bkt,0.9091467026833527
669415714538453650,1761868641361943332,8573800373938698102,1,1,bkt,0.9091595764744865
669415714538453650,4824259625677886603,300471914551172981,1,1,bkt,0.922953404368367
669415714538453650,8450591260754163598,8573800373938698102,1,1,bkt,0.9091633728344996
669415714538453650,1553079256999111676,300471914551172981,1,1,bkt,0.922953404368367
669415714538453650,3220231712819306119,8573800373938698102,1,1,bkt,0.9091644923248609
669415714538453650,338807275221326836,300471914551172981,1,1,bkt,0.922953404368367
669415714538453650,8525319303741530302,8573800373938698102,1,1,bkt,0.9091648224442089
669415714538453650,6587421150596252277,300471914551172981,1,1,bkt,0.922953404368367
669415714538453650,5891620578387310353,300471914551172981,1,1,bkt,0.922953404368367
669415714538453650,5791250638486922978,300471914551172981,1,1,bkt,0.922953404368367
669415714538453650,4031585874086886353,8573800373938698102,1,1,bkt,0.9091649197908356
669415714538453650,2083452711903133430,8573800373938698102,1,1,bkt,0.9091649484967002
669415714538453650,6319743179241711738,8573800373938698102,1,1,bkt,0.9091649569615701
669415714538453650,8628686323660025649,300471914551172981,1,1,bkt,0.922953404368367
669415714538453650,4378721629787482518,300471914551172981,1,1,bkt,0.922953404368367
669415714538453650,4813462692425748605,300471914551172981,1,1,bkt,0.922953404368367
669415714538453650,4644364625800006675,300471914551172981,1,1,bkt,0.922953404368367
669415714538453650,1062464292871659639,8573800373938698102,1,1,bkt,0.9091649594577158
669415714538453650,5932668873100475470,300471914551172981,1,1,bkt,0.922953404368367
669415714538453650,5237822943399727048,8573800373938698102,1,1,bkt,0.9091649598746572
678576571551846666,300471914551172981,300471914551172981,1,1,bkt,0.6270461440332235
678576571551846666,8573800373938698102,8573800373938698102,0,1,bkt,0.5064730900819714
678576571551846666,2014268979504181100,300471914551172981,1,1,bkt,0.77270096802343
678576571551846666,2172169907340938753,300471914551172981,1,1,bkt,0.8610413139091273
678576571551846666,8150806168444344502,300471914551172981,1,1,bkt,0.900059657568269
678576571551846666,816286915455981984,8573800373938698102,1,1,bkt,0.35276834629056547
678576571551846666,1962751598315765836,300471914551172981,1,1,bkt,0.9148547854652099
678576571551846666,7444476343858270082,300471914551172981,1,1,bkt,0.9201348647501719
678576571551846666,2537821716777940730,300471914551172981,1,1,bkt,0.9219781051191799
678576571551846666,1061301253559417093,300471914551172981,1,1,bkt,0.9226165965299471
678576571551846666,8553379303363759508,300471914551172981,1,1,bkt,0.9228371725871625
678576571551846666,6440511557387709110,300471914551172981,1,1,bkt,0.9229133028286419
678576571551846666,7744513373483970787,8573800373938698102,0,1,bkt,0.48631412116296824
678576571551846666,2971078979906996375,300471914551172981,1,1,bkt,0.9229395701871741
678576571551846666,5841359775533910823,300471914551172981,1,1,bkt,0.9229486322571232
678576571551846666,8621262567927479011,300471914551172981,1,1,bkt,0.9229517584933665
678576571551846666,8434961942249729798,8573800373938698102,0,1,bkt,0.34784301197993767
678576571551846666,2322042198017538996,8573800373938698102,1,1,bkt,0.322240342168988
678576571551846666,1742185772413642127,300471914551172981,1,1,bkt,0.9229528369692599
678576571551846666,2334639155148655290,8573800373938698102,0,1,bkt,0.42085594363812295
678576571551846666,7660717256841499384,300471914551172981,1,1,bkt,0.9229532090156645
678576571551846666,4113615466659810841,300471914551172981,1,1,bkt,0.9229533373618893
678576571551846666,6125574002232610732,300471914551172981,0,1,bkt,0.9229533816379375
678576571551846666,2774368076249802464,8573800373938698102,0,1,bkt,0.33421427712548335
678576571551846666,8903365289186067945,8573800373938698102,0,1,bkt,0.32029612499075594
678576571551846666,6925932688889117475,300471914551172981,1,1,bkt,0.92295321380014
678576571551846666,8194071366621068887,8573800373938698102,0,1,bkt,0.3183910888496161
678576571551846666,2986660907093963186,300471914551172981,1,1,bkt,0.9229533390124068
678576571551846666,7591109345808921544,300471914551172981,1,1,bkt,0.9229533822073223
678576571551846666,625545550176685521,8573800373938698102,0,1,bkt,0.3181363917042418
678576571551846666,1761868641361943332,8573800373938698102,0,1,bkt,0.3181024473798499
678576571551846666,4824259625677886603,300471914551172981,1,1,bkt,0.9229533971084211
678576571551846666,8450591260754163598,8573800373938698102,0,1,bkt,0.3180979254232612
678576571551846666,1553079256999111676,300471914551172981,1,1,bkt,0.9229534022489041
678576571551846666,3220231712819306119,8573800373938698102,0,1,bkt,0.3180973230563479
678576571551846666,338807275221326836,300471914551172981,0,1,bkt,0.9229534040222342
678576571551846666,8525319303741530302,8573800373938698102,0,1,bkt,0.31809724281604385
678576571551846666,6587421150596252277,300471914551172981,1,1,bkt,0.9229533973000472
678576571551846666,5891620578387310353,300471914551172981,1,1,bkt,0.9229534023150102
678576571551846666,5791250638486922978,300471914551172981,1,1,bkt,0.922953404045039
678576571551846666,4031585874086886353,8573800373938698102,0,1,bkt,0.3180972321273759
678576571551846666,2083452711903133430,8573800373938698102,1,1,bkt,0.3180972307035576
678576571551846666,6319743179241711738,8573800373938698102,0,1,bkt,0.4110040018623954
678576571551846666,8628686323660025649,300471914551172981,1,1,bkt,0.922953404368367
678576571551846666,4378721629787482518,300471914551172981,1,1,bkt,0.922953404368367
678576571551846666,4813462692425748605,300471914551172981,1,1,bkt,0.922953404368367
678576571551846666,4644364625800006675,300471914551172981,1,1,bkt,0.922953404368367
678576571551846666,1062464292871659639,8573800373938698102,1,1,bkt,0.33242532485964965
678576571551846666,5932668873100475470,300471914551172981,1,1,bkt,0.922953404368367
678576571551846666,5237822943399727048,8573800373938698102,0,1,bkt,0.44403102676273976
695874287010115223,300471914551172981,300471914551172981,1,1,bkt,0.6270461440332235
695874287010115223,8573800373938698102,8573800373938698102,1,1,bkt,0.5064730900819714
695874287010115223,2014268979504181100,300471914551172981,1,1,bkt,0.77270096802343
695874287010115223,2172169907340938753,300471914551172981,1,1,bkt,0.8610413139091273
695874287010115223,8150806168444344502,300471914551172981,1,1,bkt,0.900059657568269
695874287010115223,816286915455981984,8573800373938698102,1,1,bkt,0.6960034375848583
695874287010115223,1962751598315765836,300471914551172981,1,1,bkt,0.9148547854652099
695874287010115223,7444476343858270082,300471914551172981,1,1,bkt,0.9201348647501719
695874287010115223,2537821716777940730,300471914551172981,1,1,bkt,0.9219781051191799
695874287010115223,1061301253559417093,300471914551172981,1,1,bkt,0.9226165965299471
695874287010115223,8553379303363759508,300471914551172981,1,1,bkt,0.9228371725871625
695874287010115223,6440511557387709110,300471914551172981,1,1,bkt,0.9229133028286419
695874287010115223,7744513373483970787,8573800373938698102,1,1,bkt,0.827056150610966
695874287010115223,2971078979906996375,300471914551172981,1,1,bkt,0.9229395701871741
695874287010115223,5841359775533910823,300471914551172981,1,1,bkt,0.9229486322571232
695874287010115223,8621262567927479011,300471914551172981,1,1,bkt,0.9229517584933665
695874287010115223,8434961942249729798,8573800373938698102,1,1,bkt,0.88254869688539
695874287010115223,2322042198017538996,8573800373938698102,1,1,bkt,0.9010795748605225
695874287010115223,1742185772413642127,300471914551172981,1,1,bkt,0.9229528369692599
695874287010115223,2334639155148655290,8573800373938698102,1,1,bkt,0.906759324464294
695874287010115223,7660717256841499384,300471914551172981,1,1,bkt,0.9229532090156645
695874287010115223,4113615466659810841,300471914551172981,1,1,bkt,0.9229533373618893
695874287010115223,6125574002232610732,300471914551172981,1,1,bkt,0.9229533816379375
695874287010115223,2774368076249802464,8573800373938698102,1,1,bkt,0.9084536974996698
695874287010115223,8903365289186067945,8573800373938698102,1,1,bkt,0.9089550569682892
695874287010115223,6925932688889117475,300471914551172981,1,1,bkt,0.9229533969119985
695874287010115223,8194071366621068887,8573800373938698102,1,1,bkt,0.9091030492382115
695874287010115223,2986660907093963186,300471914551172981,1,1,bkt,0.9229534021811435
695874287010115223,7591109345808921544,300471914551172981,1,1,bkt,0.9229534039988586
695874287010115223,625545550176685521,8573800373938698102,1,1,bkt,0.9091467026833527
695874287010115223,1761868641361943332,8573800373938698102,1,1,bkt,0.9091595764744865
695874287010115223,4824259625677886603,300471914551172981,1,1,bkt,0.922953404368367
695874287010115223,8450591260754163598,8573800373938698102,1,1,bkt,0.9091633728344996
695874287010115223,1553079256999111676,300471914551172981,1,1,bkt,0.922953404368367
695874287010115223,3220231712819306119,8573800373938698102,1,1,bkt,0.9091644923248609
695874287010115223,338807275221326836,300471914551172981,1,1,bkt,0.922953404368367
695874287010115223,8525319303741530302,8573800373938698102,1,1,bkt,0.9091648224442089
695874287010115223,6587421150596252277,300471914551172981,1,1,bkt,0.922953404368367
695874287010115223,5891620578387310353,300471914551172981,1,1,bkt,0.922953404368367
695874287010115223,5791250638486922978,300471914551172981,1,1,bkt,0.922953404368367
695874287010115223,4031585874086886353,8573800373938698102,1,1,bkt,0.9091649197908356
695874287010115223,2083452711903133430,8573800373938698102,1,1,bkt,0.9091649484967002
695874287010115223,6319743179241711738,8573800373938698102,1,1,bkt,0.9091649569615701
695874287010115223,8628686323660025649,300471914551172981,1,1,bkt,0.922953404368367
695874287010115223,4378721629787482518,300471914551172981,1,1,bkt,0.922953404368367
695874287010115223,4813462692425748605,300471914551172981,1,1,bkt,0.922953404368367
695874287010115223,4644364625800006675,300471914551172981,1,1,bkt,0.922953404368367
695874287010115223,1062464292871659639,8573800373938698102,1,1,bkt,0.9091649594577158
695874287010115223,5932668873100475470,300471914551172981,1,1,bkt,0.922953404368367
695874287010115223,5237822943399727048,8573800373938698102,1,1,bkt,0.9091649598746572
724934922726023477,300471914551172981,300471914551172981,0,1,bkt,0.6270461440332235
724934922726023477,8573800373938698102,8573800373938698102,0,1,bkt,0.5064730900819714
724934922726023477,2014268979504181100,300471914551172981,1,1,bkt,0.42182790732040143
724934922726023477,2172169907340938753,300471914551172981,0,1,bkt,0.5447054434036982
724934922726023477,8150806168444344502,300471914551172981,0,1,bkt,0.39823038371871056
724934922726023477,816286915455981984,8573800373938698102,0,1,bkt,0.35276834629056547
724934922726023477,1962751598315765836,300471914551172981,0,1,bkt,0.372214391127028
724934922726023477,7444476343858270082,300471914551172981,0,1,bkt,0.3688632075504023
724934922726023477,2537821716777940730,300471914551172981,1,1,bkt,0.3684516194638901
724934922726023477,1061301253559417093,300471914551172981,0,1,bkt,0.4437853208911393
724934922726023477,8553379303363759508,300471914551172981,0,1,bkt,0.37883750436537933
724934922726023477,6440511557387709110,300471914551172981,0,1,bkt,0.36968971168255815
724934922726023477,7744513373483970787,8573800373938698102,0,1,bkt,0.32296311143420975
724934922726023477,2971078979906996375,300471914551172981,0,1,bkt,0.3685527230512748
724934922726023477,5841359775533910823,300471914551172981,0,1,bkt,0.36841370728362455
724934922726023477,8621262567927479011,300471914551172981,0,1,bkt,0.36839674463357913
724934922726023477,8434961942249729798,8573800373938698102,1,1,bkt,0.3187500641718073
724934922726023477,2322042198017538996,8573800373938698102,1,1,bkt,0.412573378773676
724934922726023477,1742185772413642127,300471914551172981,0,1,bkt,0.36839467536874454
724934922726023477,2334639155148655290,8573800373938698102,1,1,bkt,0.5864712662573891
724934922726023477,7660717256841499384,300471914551172981,1,1,bkt,0.3683944229478126
724934922726023477,4113615466659810841,300471914551172981,0,1,bkt,0.4436614922121266
724934922726023477,6125574002232610732,300471914551172981,0,1,bkt,0.3788180310856145
724934922726023477,2774368076249802464,8573800373938698102,1,1,bkt,0.7616499999241606
724934922726023477,8903365289186067945,8573800373938698102,1,1,bkt,0.8572403857102803
724934922726023477,6925932688889117475,300471914551172981,1,1,bkt,0.36968725576113837
724934922726023477,8194071366621068887,8573800373938698102,0,1,bkt,0.892925834431836
724934922726023477,2986660907093963186,300471914551172981,1,1,bkt,0.44645107991934013
724934922726023477,7591109345808921544,300471914551172981,1,1,bkt,0.5831274465778422
724934922726023477,625545550176685521,8573800373938698102,1,1,bkt,0.8057459426392722
724934922726023477,1761868641361943332,8573800373938698102,1,1,bkt,0.8747541731788424
724934922726023477,4824259625677886603,300471914551172981,0,1,bkt,0.7374044676904656
724934922726023477,8450591260754163598,8573800373938698102,1,1,bkt,0.8986186412465605
724934922726023477,1553079256999111676,300471914551172981,1,1,bkt,0.4766634430914855
724934922726023477,3220231712819306119,8573800373938698102,1,1,bkt,0.9060185323570062
724934922726023477,338807275221326836,300471914551172981,0,1,bkt,0.6248474325272996
724934922726023477,8525319303741530302,8573800373938698102,1,1,bkt,0.9082339103725469
724934922726023477,6587421150596252277,300471914551172981,1,1,bkt,0.4210631834350035
724934922726023477,5891620578387310353,300471914551172981,0,1,bkt,0.5434402198810825
724934922726023477,5791250638486922978,300471914551172981,0,1,bkt,0.3979341894982959
724934922726023477,4031585874086886353,8573800373938698102,1,1,bkt,0.9088901282604981
724934922726023477,2083452711903133430,8573800373938698102,0,1,bkt,0.9090838926580983
724934922726023477,6319743179241711738,8573800373938698102,1,1,bkt,0.9085569231732626
724934922726023477,8628686323660025649,300471914551172981,0,1,bkt,0.3721746077368718
724934922726023477,4378721629787482518,300471914551172981,0,1,bkt,0.3688582956337695
724934922726023477,4813462692425748605,300471914551172981,0,1,bkt,0.36845101939647923
724934922726023477,4644364625800006675,300471914551172981,0,1,bkt,0.36840129670993926
724934922726023477,1062464292871659639,8573800373938698102,1,1,bkt,0.9089855406770503
724934922726023477,5932668873100475470,300471914551172981,0,1,bkt,0.36839523066325475
724934922726023477,5237822943399727048,8573800373938698102,1,1,bkt,0.9091120422142412
739960140181601896,300471914551172981,300471914551172981,0,1,bkt,0.6270461440332235
739960140181601896,8573800373938698102,8573800373938698102,0,1,bkt,0.5064730900819714
739960140181601896,2014268979504181100,300471914551172981,1,1,bkt,0.42182790732040143
739960140181601896,2172169907340938753,300471914551172981,0,1,bkt,0.5447054434036982
739960140181601896,8150806168444344502,300471914551172981,0,1,bkt,0.39823038371871056
739960140181601896,816286915455981984,8573800373938698102,0,1,bkt,0.35276834629056547
739960140181601896,1962751598315765836,300471914551172981,0,1,bkt,0.372214391127028
739960140181601896,7444476343858270082,300471914551172981,1,1,bkt,0.3688632075504023
739960140181601896,2537821716777940730,300471914551172981,1,1,bkt,0.4446752638428396
739960140181601896,1061301253559417093,300471914551172981,1,1,bkt,0.5804988356165293
739960140181601896,8553379303363759508,300471914551172981,1,1,bkt,0.7351225148818148
739960140181601896,6440511557387709110,300471914551172981,1,1,bkt,0.8416005691238291
739960140181601896,7744513373483970787,8573800373938698102,0,1,bkt,0.32296311143420975
739960140181601896,2971078979906996375,300471914551172981,0,1,bkt,0.8921759942493794
739960140181601896,5841359775533910823,300471914551172981,0,1,bkt,0.7426671579960442
739960140181601896,8621262567927479011,300471914551172981,1,1,bkt,0.4804533164262901
739960140181601896,8434961942249729798,8573800373938698102,0,1,bkt,0.3187500641718073
739960140181601896,2322042198017538996,8573800373938698102,0,1,bkt,0.318184276619551
739960140181601896,1742185772413642127,300471914551172981,1,1,bkt,0.6297104612473512
739960140181601896,2334639155148655290,8573800373938698102,1,1,bkt,0.31810882722389705
739960140181601896,7660717256841499384,300471914551172981,1,1,bkt,0.7746838218578997
739960140181601896,4113615466659810841,300471914551172981,1,1,bkt,0.8620147331786843
739960140181601896,6125574002232610732,300471914551172981,1,1,bkt,0.9004450528922145
739960140181601896,2774368076249802464,8573800373938698102,0,1,bkt,0.4110319354747787
739960140181601896,8903365289186067945,8573800373938698102,0,1,bkt,0.3324303125430158
739960140181601896,6925932688889117475,300471914551172981,1,1,bkt,0.914994526227777
739960140181601896,8194071366621068887,8573800373938698102,0,1,bkt,0.320047507885531
739960140181601896,2986660907093963186,300471914551172981,1,1,bkt,0.9201839213709825
739960140181601896,7591109345808921544,300471914551172981,1,1,bkt,0.9219951312780865
739960140181601896,625545550176685521,8573800373938698102,0,1,bkt,0.3183577685764326
739960140181601896,1761868641361943332,8573800373938698102,0,1,bkt,0.31813194955988267
739960140181601896,4824259625677886603,300471914551172981,1,1,bkt,0.9226224824265347
739960140181601896,8450591260754163598,8573800373938698102,0,1,bkt,0.3181018555856864
739960140181601896,1553079256999111676,300471914551172981,0,1,bkt,0.9228392045347991
739960140181601896,3220231712819306119,8573800373938698102,1,1,bkt,0.318097846590289
739960140181601896,338807275221326836,300471914551172981,1,1,bkt,0.9220186086440173
739960140181601896,8525319303741530302,8573800373938698102,0,1,bkt,0.4110054854570079
739960140181601896,6587421150596252277,300471914551172981,1,1,bkt,0.9226305981312217
739960140181601896,5891620578387310353,300471914551172981,1,1,bkt,0.9228420062212468
739960140181601896,5791250638486922978,300471914551172981,1,1,bkt,0.9229149707152294
739960140181601896,4031585874086886353,8573800373938698102,0,1,bkt,0.33242558975084135
739960140181601896,2083452711903133430,8573800373938698102,0,1,bkt,0.32004685147066275
739960140181601896,6319743179241711738,8573800373938698102,0,1,bkt,0.31835768063435643
739960140181601896,8628686323660025649,300471914551172981,1,1,bkt,0.9229401456126691
739960140181601896,4378721629787482518,300471914551172981,1,1,bkt,0.9229488307694487
739960140181601896,4813462692425748605,300471914551172981,0,1,bkt,0.9229518269755349
739960140181601896,4644364625800006675,300471914551172981,0,1,bkt,0.9229404693941062
739960140181601896,1062464292871659639,8573800373938698102,1,1,bkt,0.31813193783632177
739960140181601896,5932668873100475470,300471914551172981,1,1,bkt,0.9228473807755098
739960140181601896,5237822943399727048,8573800373938698102,0,1,bkt,0.41108759807371065
765686451306091390,300471914551172981,300471914551172981,1,1,bkt,0.6270461440332235
765686451306091390,8573800373938698102,8573800373938698102,0,1,bkt,0.5064730900819714
765686451306091390,2014268979504181100,300471914551172981,1,1,bkt,0.77270096802343
765686451306091390,2172169907340938753,300471914551172981,1,1,bkt,0.8610413139091273
765686451306091390,8150806168444344502,300471914551172981,1,1,bkt,0.900059657568269
765686451306091390,816286915455981984,8573800373938698102,1,1,bkt,0.35276834629056547
765686451306091390,1962751598315765836,300471914551172981,1,1,bkt,0.9148547854652099
765686451306091390,7444476343858270082,300471914551172981,1,1,bkt,0.9201348647501719
765686451306091390,2537821716777940730,300471914551172981,0,1,bkt,0.9219781051191799
765686451306091390,1061301253559417093,300471914551172981,0,1,bkt,0.9150581231063183
765686451306091390,8553379303363759508,300471914551172981,1,1,bkt,0.864246151149067
765686451306091390,6440511557387709110,300471914551172981,1,1,bkt,0.9013252378939621
765686451306091390,7744513373483970787,8573800373938698102,1,1,bkt,0.48631412116296824
765686451306091390,2971078979906996375,300471914551172981,1,1,bkt,0.9153132250042694
765686451306091390,5841359775533910823,300471914551172981,1,1,bkt,0.920295745968391
765686451306091390,8621262567927479011,300471914551172981,1,1,bkt,0.922033935633063
765686451306091390,8434961942249729798,8573800373938698102,1,1,bkt,0.6760540266390719
765686451306091390,2322042198017538996,8573800373938698102,1,1,bkt,0.8167220590445308
765686451306091390,1742185772413642127,300471914551172981,1,1,bkt,0.922635896173694
765686451306091390,2334639155148655290,8573800373938698102,1,1,bkt,0.8788196483061628
765686451306091390,7660717256841499384,300471914551172981,1,1,bkt,0.9228438351736994
765686451306091390,4113615466659810841,300471914551172981,1,1,bkt,0.922915601806286
765686451306091390,6125574002232610732,300471914551172981,1,1,bkt,0.9229403633402903
765686451306091390,2774368076249802464,8573800373938698102,1,1,bkt,0.899907663883957
765686451306091390,8903365289186067945,8573800373938698102,1,1,bkt,0.906407060236316
765686451306091390,6925932688889117475,300471914551172981,1,1,bkt,0.9229489058818301
765686451306091390,8194071366621068887,8573800373938698102,1,1,bkt,0.9083492283041106
765686451306091390,2986660907093963186,300471914551172981,1,1,bkt,0.9229518528875644
765686451306091390,7591109345808921544,300471914551172981,1,1,bkt,0.9229528695328616
765686451306091390,625545550176685521,8573800373938698102,1,1,bkt,0.908924198979335
765686451306091390,1761868641361943332,8573800373938698102,1,1,bkt,0.9090939452316912
765686451306091390,4824259625677886603,300471914551172981,1,1,bkt,0.9229532202492547
765686451306091390,8450591260754163598,8573800373938698102,1,1,bkt,0.909144017674651
765686451306091390,1553079256999111676,300471914551172981,1,1,bkt,0.9229533412371809
765686451306091390,3220231712819306119,8573800373938698102,1,1,bkt,0.9091587846771045
765686451306091390,338807275221326836,300471914551172981,1,1,bkt,0.9229533829748102
765686451306091390,8525319303741530302,8573800373938698102,1,1,bkt,0.9091631393439961
765686451306091390,6587421150596252277,300471914551172981,1,1,bkt,0.922953397373184
765686451306091390,5891620578387310353,300471914551172981,1,1,bkt,0.9229534023402404
765686451306091390,5791250638486922978,300471914551172981,1,1,bkt,0.9229534040537427
765686451306091390,4031585874086886353,8573800373938698102,1,1,bkt,0.9091644234722381
765686451306091390,2083452711903133430,8573800373938698102,1,1,bkt,0.9091648021407231
765686451306091390,6319743179241711738,8573800373938698102,1,1,bkt,0.9091649138036823
765686451306091390,8628686323660025649,300471914551172981,1,1,bkt,0.922953404368367
765686451306091390,4378721629787482518,300471914551172981,1,1,bkt,0.922953404368367
765686451306091390,4813462692425748605,300471914551172981,1,1,bkt,0.922953404368367
765686451306091390,4644364625800006675,300471914551172981,1,1,bkt,0.922953404368367
765686451306091390,1062464292871659639,8573800373938698102,1,1,bkt,0.9091649467311906
765686451306091390,5932668873100475470,300471914551172981,1,1,bkt,0.922953404368367
765686451306091390,5237822943399727048,8573800373938698102,1,1,bkt,0.9091649564409514
776567062519242352,300471914551172981,300471914551172981,0,1,bkt,0.6270461440332235
776567062519242352,8573800373938698102,8573800373938698102,1,1,bkt,0.5064730900819714
776567062519242352,2014268979504181100,300471914551172981,0,1,bkt,0.42182790732040143
776567062519242352,2172169907340938753,300471914551172981,1,1,bkt,0.3755148815622478
776567062519242352,8150806168444344502,300471914551172981,0,1,bkt,0.45878710392490996
776567062519242352,816286915455981984,8573800373938698102,1,1,bkt,0.6960034375848583
776567062519242352,1962751598315765836,300471914551172981,0,1,bkt,0.38126261596119326
776567062519242352,7444476343858270082,300471914551172981,0,1,bkt,0.36999676908807155
776567062519242352,2537821716777940730,300471914551172981,0,1,bkt,0.36859035197824225
776567062519242352,1061301253559417093,300471914551172981,0,1,bkt,0.3684183000352171
776567062519242352,8553379303363759508,300471914551172981,0,1,bkt,0.3683973049200727
776567062519242352,6440511557387709110,300471914551172981,1,1,bkt,0.36839474371602676
776567062519242352,7744513373483970787,8573800373938698102,1,1,bkt,0.827056150610966
776567062519242352,2971078979906996375,300471914551172981,0,1,bkt,0.4436621867725524
776567062519242352,5841359775533910823,300471914551172981,0,1,bkt,0.3788181402879094
776567062519242352,8621262567927479011,300471914551172981,1,1,bkt,0.36968726953302977
776567062519242352,8434961942249729798,8573800373938698102,0,1,bkt,0.88254869688539
776567062519242352,2322042198017538996,8573800373938698102,1,1,bkt,0.7546353521213569
776567062519242352,1742185772413642127,300471914551172981,1,1,bkt,0.44645110953148026
776567062519242352,2334639155148655290,8573800373938698102,1,1,bkt,0.8542656506320485
776567062519242352,7660717256841499384,300471914551172981,0,1,bkt,0.5831274902361796
776567062519242352,4113615466659810841,300471914551172981,0,1,bkt,0.408081472040324
776567062519242352,6125574002232610732,300471914551172981,0,1,bkt,0.37356022499506997
776567062519242352,2774368076249802464,8573800373938698102,1,1,bkt,0.8919357146333478
776567062519242352,8903365289186067945,8573800373938698102,1,1,bkt,0.9039862093597547
776567062519242352,6925932688889117475,300471914551172981,1,1,bkt,0.3690297405110838
776567062519242352,8194071366621068887,8573800373938698102,1,1,bkt,0.9076290865865847
776567062519242352,2986660907093963186,300471914551172981,1,1,bkt,0.44503478021884435
776567062519242352,7591109345808921544,300471914551172981,1,1,bkt,0.5810326950647025
776567062519242352,625545550176685521,8573800373938698102,1,1,bkt,0.90871129110177
776567062519242352,1761868641361943332,8573800373938698102,1,1,bkt,0.9090311143495473
776567062519242352,4824259625677886603,300471914551172981,0,1,bkt,0.7355876404243781
776567062519242352,8450591260754163598,8573800373938698102,1,1,bkt,0.909125485744245
776567062519242352,1553079256999111676,300471914551172981,0,1,bkt,0.4753901042552818
776567062519242352,3220231712819306119,8573800373938698102,1,1,bkt,0.9091533195639323
776567062519242352,338807275221326836,300471914551172981,0,1,bkt,0.3841082653669507
776567062519242352,8525319303741530302,8573800373938698102,1,1,bkt,0.9091615277438104
776567062519242352,6587421150596252277,300471914551172981,0,1,bkt,0.3703601566770821
776567062519242352,5891620578387310353,300471914551172981,0,1,bkt,0.3686349314114436
776567062519242352,5791250638486922978,300471914551172981,1,1,bkt,0.3684237418306196
776567062519242352,4031585874086886353,8573800373938698102,1,1,bkt,0.9091639482361016
776567062519242352,2083452711903133430,8573800373938698102,1,1,bkt,0.9091646620014584
776567062519242352,6319743179241711738,8573800373938698102,1,1,bkt,0.9091648724789839
776567062519242352,8628686323660025649,300471914551172981,0,1,bkt,0.4437249714847935
776567062519242352,4378721629787482518,300471914551172981,0,1,bkt,0.3788280127436426
776567062519242352,4813462692425748605,300471914551172981,0,1,bkt,0.36968851460368934
776567062519242352,4644364625800006675,300471914551172981,0,1,bkt,0.3685525764247375
776567062519242352,1062464292871659639,8573800373938698102,1,1,bkt,0.9091649345452405
776567062519242352,5932668873100475470,300471914551172981,0,1,bkt,0.36841368938837665
776567062519242352,5237822943399727048,8573800373938698102,1,1,bkt,0.9091649528475226
778563495851264148,300471914551172981,300471914551172981,1,1,bkt,0.6270461440332235
778563495851264148,8573800373938698102,8573800373938698102,1,1,bkt,0.5064730900819714
778563495851264148,2014268979504181100,300471914551172981,1,1,bkt,0.77270096802343
778563495851264148,2172169907340938753,300471914551172981,1,1,bkt,0.8610413139091273
778563495851264148,8150806168444344502,300471914551172981,0,1,bkt,0.900059657568269
778563495851264148,816286915455981984,8573800373938698102,1,1,bkt,0.6960034375848583
778563495851264148,1962751598315765836,300471914551172981,1,1,bkt,0.7782688963697176
778563495851264148,7444476343858270082,300471914551172981,1,1,bkt,0.8637621206048102
778563495851264148,2537821716777940730,300471914551172981,1,1,bkt,0.9011346978153904
778563495851264148,1061301253559417093,300471914551172981,1,1,bkt,0.9152442867508405
778563495851264148,8553379303363759508,300471914551172981,0,1,bkt,0.9202715636078006
778563495851264148,6440511557387709110,300471914551172981,1,1,bkt,0.9017079607570997
778563495851264148,7744513373483970787,8573800373938698102,1,1,bkt,0.827056150610966
778563495851264148,2971078979906996375,300471914551172981,1,1,bkt,0.9154516078163463
778563495851264148,5841359775533910823,300471914551172981,0,1,bkt,0.9203442772994729
778563495851264148,8621262567927479011,300471914551172981,1,1,bkt,0.9022651277697735
778563495851264148,8434961942249729798,8573800373938698102,1,1,bkt,0.88254869688539
778563495851264148,2322042198017538996,8573800373938698102,1,1,bkt,0.9010795748605225
778563495851264148,1742185772413642127,300471914551172981,1,1,bkt,0.9156528553191697
778563495851264148,2334639155148655290,8573800373938698102,1,1,bkt,0.906759324464294
778563495851264148,7660717256841499384,300471914551172981,1,1,bkt,0.920414829316565
778563495851264148,4113615466659810841,300471914551172981,1,1,bkt,0.9220752484868142
778563495851264148,6125574002232610732,300471914551172981,1,1,bkt,0.9226501758086774
778563495851264148,2774368076249802464,8573800373938698102,1,1,bkt,0.9084536974996698
778563495851264148,8903365289186067945,8573800373938698102,1,1,bkt,0.9089550569682892
778563495851264148,6925932688889117475,300471914551172981,1,1,bkt,0.9228487645828898
778563495851264148,8194071366621068887,8573800373938698102,1,1,bkt,0.9091030492382115
778563495851264148,2986660907093963186,300471914551172981,1,1,bkt,0.9229173027161525
778563495851264148,7591109345808921544,300471914551172981,1,1,bkt,0.9229409501559636
778563495851264148,625545550176685521,8573800373938698102,1,1,bkt,0.9091467026833527
778563495851264148,1761868641361943332,8573800373938698102,1,1,bkt,0.9091595764744865
778563495851264148,4824259625677886603,300471914551172981,1,1,bkt,0.9229491083232292
778563495851264148,8450591260754163598,8573800373938698102,1,1,bkt,0.9091633728344996
778563495851264148,1553079256999111676,300471914551172981,1,1,bkt,0.9229519227251306
778563495851264148,3220231712819306119,8573800373938698102,1,1,bkt,0.9091644923248609
778563495851264148,338807275221326836,300471914551172981,1,1,bkt,0.9229528936250445
778563495851264148,8525319303741530302,8573800373938698102,1,1,bkt,0.9091648224442089
778563495851264148,6587421150596252277,300471914551172981,1,1,bkt,0.9229532285604267
778563495851264148,5891620578387310353,300471914551172981,1,1,bkt,0.9229533441043154
778563495851264148,5791250638486922978,300471914551172981,1,1,bkt,0.9229533839638955
778563495851264148,4031585874086886353,8573800373938698102,1,1,bkt,0.9091649197908356
778563495851264148,2083452711903133430,8573800373938698102,1,1,bkt,0.9091649484967002
778563495851264148,6319743179241711738,8573800373938698102,1,1,bkt,0.9091649569615701
778563495851264148,8628686323660025649,300471914551172981,0,1,bkt,0.9229533977143921
778563495851264148,4378721629787482518,300471914551172981,1,1,bkt,0.9229533455901953
778563495851264148,4813462692425748605,300471914551172981,1,1,bkt,0.9229533844764846
778563495851264148,4644364625800006675,300471914551172981,1,1,bkt,0.9229533978912218
778563495851264148,1062464292871659639,8573800373938698102,1,1,bkt,0.9091649594577158
778563495851264148,5932668873100475470,300471914551172981,1,1,bkt,0.9229534025189496
778563495851264148,5237822943399727048,8573800373938698102,1,1,bkt,0.9091649598746572
792014443860280347,300471914551172981,300471914551172981,1,1,bkt,0.6270461440332235
792014443860280347,8573800373938698102,8573800373938698102,0,1,bkt,0.5064730900819714
792014443860280347,2014268979504181100,300471914551172981,0,1,bkt,0.77270096802343
792014443860280347,2172169907340938753,300471914551172981,0,1,bkt,0.5054404856249486
792014443860280347,8150806168444344502,300471914551172981,1,1,bkt,0.38974456897574433
792014443860280347,816286915455981984,8573800373938698102,1,1,bkt,0.35276834629056547
792014443860280347,1962751598315765836,300471914551172981,0,1,bkt,0.48735862196950075
792014443860280347,7444476343858270082,300471914551172981,0,1,bkt,0.3862739223081658
792014443860280347,2537821716777940730,300471914551172981,0,1,bkt,0.37063896782820904
792014443860280347,1061301253559417093,300471914551172981,1,1,bkt,0.3686691701313078
792014443860280347,8553379303363759508,300471914551172981,1,1,bkt,0.4442559603211105
792014443860280347,6440511557387709110,300471914551172981,1,1,bkt,0.579875104434865
792014443860280347,7744513373483970787,8573800373938698102,0,1,bkt,0.48631412116296824
792014443860280347,2971078979906996375,300471914551172981,1,1,bkt,0.734578003678642
792014443860280347,5841359775533910823,300471914551172981,1,1,bkt,0.8413042536329519
792014443860280347,8621262567927479011,300471914551172981,1,1,bkt,0.8920530125665324
792014443860280347,8434961942249729798,8573800373938698102,1,1,bkt,0.34784301197993767
792014443860280347,2322042198017538996,8573800373938698102,0,1,bkt,0.4765305403004627
792014443860280347,1742185772413642127,300471914551172981,1,1,bkt,0.9119243389909214
792014443860280347,2334639155148655290,8573800373938698102,1,1,bkt,0.3455893710257259
792014443860280347,7660717256841499384,300471914551172981,1,1,bkt,0.9191026548920145
792014443860280347,4113615466659810841,300471914551172981,1,1,bkt,0.9216194329531257
792014443860280347,6125574002232610732,300471914551172981,1,1,bkt,0.9224925539973355
792014443860280347,2774368076249802464,8573800373938698102,1,1,bkt,0.47196096241902785
792014443860280347,8903365289186067945,8573800373938698102,0,1,bkt,0.660811409305292
792014443860280347,6925932688889117475,300471914551172981,1,1,bkt,0.9227943442046157
792014443860280347,8194071366621068887,8573800373938698102,0,1,bkt,0.40987642596435
792014443860280347,2986660907093963186,300471914551172981,1,1,bkt,0.9228985237673704
792014443860280347,7591109345808921544,300471914551172981,1,1,bkt,0.9229344712792111
792014443860280347,625545550176685521,8573800373938698102,0,1,bkt,0.3322243848865055
792014443860280347,1761868641361943332,8573800373938698102,1,1,bkt,0.32001889488674046
792014443860280347,4824259625677886603,300471914551172981,1,1,bkt,0.9229468732069785
792014443860280347,8450591260754163598,8573800373938698102,1,1,bkt,0.4156052642898253
792014443860280347,1553079256999111676,300471914551172981,1,1,bkt,0.9229511516603986
792014443860280347,3220231712819306119,8573800373938698102,1,1,bkt,0.5907811501825097
792014443860280347,338807275221326836,300471914551172981,1,1,bkt,0.9229526276271343
792014443860280347,8525319303741530302,8573800373938698102,1,1,bkt,0.7646819861356194
792014443860280347,6587421150596252277,300471914551172981,1,1,bkt,0.9229531367980911
792014443860280347,5891620578387310353,300471914551172981,0,1,bkt,0.9229533124487339
792014443860280347,5791250638486922978,300471914551172981,1,1,bkt,0.9229526466079946
792014443860280347,4031585874086886353,8573800373938698102,1,1,bkt,0.8585092814323655
792014443860280347,2083452711903133430,8573800373938698102,1,1,bkt,0.8933460898609484
792014443860280347,6319743179241711738,8573800373938698102,1,1,bkt,0.9044176453722461
792014443860280347,8628686323660025649,300471914551172981,1,1,bkt,0.9229531433459942
792014443860280347,4378721629787482518,300471914551172981,1,1,bkt,0.9229533147075877
792014443860280347,4813462692425748605,300471914551172981,0,1,bkt,0.9229533738228043
792014443860280347,4644364625800006675,300471914551172981,1,1,bkt,0.9229531497339937
792014443860280347,1062464292871659639,8573800373938698102,1,1,bkt,0.9077577101622006
792014443860280347,5932668873100475470,300471914551172981,1,1,bkt,0.9229533169112789
792014443860280347,5237822943399727048,8573800373938698102,1,1,bkt,0.9087493430803886
792446419317429246,300471914551172981,300471914551172981,1,1,bkt,0.6270461440332235
792446419317429246,8573800373938698102,8573800373938698102,1,1,bkt,0.5064730900819714
792446419317429246,2014268979504181100,300471914551172981,0,1,bkt,0.77270096802343
792446419317429246,2172169907340938753,300471914551172981,1,1,bkt,0.5054404856249486
792446419317429246,8150806168444344502,300471914551172981,1,1,bkt,0.659947622549702
792446419317429246,816286915455981984,8573800373938698102,1,1,bkt,0.6960034375848583
792446419317429246,1962751598315765836,300471914551172981,1,1,bkt,0.7960652062015453
792446419317429246,7444476343858270082,300471914551172981,1,1,bkt,0.8722031773909982
792446419317429246,2537821716777940730,300471914551172981,1,1,bkt,0.9044272311710359
792446419317429246,1061301253559417093,300471914551172981,1,1,bkt,0.9164314543129922
792446419317429246,8553379303363759508,300471914551172981,1,1,bkt,0.9206874935527208
792446419317429246,6440511557387709110,300471914551172981,1,1,bkt,0.9221698019645572
792446419317429246,7744513373483970787,8573800373938698102,1,1,bkt,0.827056150610966
792446419317429246,2971078979906996375,300471914551172981,1,1,bkt,0.9226828530531219
792446419317429246,5841359775533910823,300471914551172981,0,1,bkt,0.9228600443748216
792446419317429246,8621262567927479011,300471914551172981,1,1,bkt,0.9221889882974899
792446419317429246,8434961942249729798,8573800373938698102,1,1,bkt,0.88254869688539
792446419317429246,2322042198017538996,8573800373938698102,1,1,bkt,0.9010795748605225
792446419317429246,1742185772413642127,300471914551172981,1,1,bkt,0.9226894829432054
792446419317429246,2334639155148655290,8573800373938698102,0,1,bkt,0.906759324464294
792446419317429246,7660717256841499384,300471914551172981,1,1,bkt,0.922862332835679
792446419317429246,4113615466659810841,300471914551172981,1,1,bkt,0.9229219843953499
792446419317429246,6125574002232610732,300471914551172981,1,1,bkt,0.9229425653289869
792446419317429246,2774368076249802464,8573800373938698102,1,1,bkt,0.8915716744505453
792446419317429246,8903365289186067945,8573800373938698102,0,1,bkt,0.9038746272613573
792446419317429246,6925932688889117475,300471914551172981,0,1,bkt,0.9229496655290458
792446419317429246,8194071366621068887,8573800373938698102,0,1,bkt,0.8716359212332987
792446419317429246,2986660907093963186,300471914551172981,1,1,bkt,0.9229227517062769
792446419317429246,7591109345808921544,300471914551172981,1,1,bkt,0.9229428300486612
792446419317429246,625545550176685521,8573800373938698102,1,1,bkt,0.7098011193072047
792446419317429246,1761868641361943332,8573800373938698102,1,1,bkt,0.833863735652617
792446419317429246,4824259625677886603,300471914551172981,1,1,bkt,0.9229497568524148
792446419317429246,8450591260754163598,8573800373938698102,1,1,bkt,0.8849547101082149
792446419317429246,1553079256999111676,300471914551172981,1,1,bkt,0.9229521464523842
792446419317429246,3220231712819306119,8573800373938698102,0,1,bkt,0.9018304596444815
792446419317429246,338807275221326836,300471914551172981,1,1,bkt,0.9229529708052283
792446419317429246,8525319303741530302,8573800373938698102,0,1,bkt,0.8582182368093316
792446419317429246,6587421150596252277,300471914551172981,1,1,bkt,0.9229532551855656
792446419317429246,5891620578387310353,300471914551172981,1,1,bkt,0.9229533532892837
792446419317429246,5791250638486922978,300471914551172981,1,1,bkt,0.9229533871324658
792446419317429246,4031585874086886353,8573800373938698102,1,1,bkt,0.6641354785591677
792446419317429246,2083452711903133430,8573800373938698102,1,1,bkt,0.8102518206127483
792446419317429246,6319743179241711738,8573800373938698102,0,1,bkt,0.8764364455040168
792446419317429246,8628686323660025649,300471914551172981,1,1,bkt,0.9229533988074647
792446419317429246,4378721629787482518,300471914551172981,1,1,bkt,0.9229534028350291
792446419317429246,4813462692425748605,300471914551172981,0,1,bkt,0.9229534042244317
792446419317429246,4644364625800006675,300471914551172981,1,1,bkt,0.9229533989576032
792446419317429246,1062464292871659639,8573800373938698102,1,1,bkt,0.7285480697847896
792446419317429246,5932668873100475470,300471914551172981,1,1,bkt,0.9229534028868228
792446419317429246,5237822943399727048,8573800373938698102,1,1,bkt,0.8427000418665946
815543896097949188,300471914551172981,300471914551172981,1,1,bkt,0.6270461440332235
815543896097949188,8573800373938698102,8573800373938698102,1,1,bkt,0.5064730900819714
815543896097949188,2014268979504181100,300471914551172981,1,1,bkt,0.77270096802343
815543896097949188,2172169907340938753,300471914551172981,1,1,bkt,0.8610413139091273
815543896097949188,8150806168444344502,300471914551172981,1,1,bkt,0.900059657568269
815543896097949188,816286915455981984,8573800373938698102,1,1,bkt,0.6960034375848583
815543896097949188,1962751598315765836,300471914551172981,1,1,bkt,0.9148547854652099
815543896097949188,7444476343858270082,300471914551172981,1,1,bkt,0.9201348647501719
815543896097949188,2537821716777940730,300471914551172981,1,1,bkt,0.9219781051191799
815543896097949188,1061301253559417093,300471914551172981,1,1,bkt,0.9226165965299471
815543896097949188,8553379303363759508,300471914551172981,1,1,bkt,0.9228371725871625
815543896097949188,6440511557387709110,300471914551172981,1,1,bkt,0.9229133028286419
815543896097949188,7744513373483970787,8573800373938698102,1,1,bkt,0.827056150610966
815543896097949188,2971078979906996375,300471914551172981,1,1,bkt,0.9229395701871741
815543896097949188,5841359775533910823,300471914551172981,1,1,bkt,0.9229486322571232
815543896097949188,8621262567927479011,300471914551172981,1,1,bkt,0.9229517584933665
815543896097949188,8434961942249729798,8573800373938698102,1,1,bkt,0.88254869688539
815543896097949188,2322042198017538996,8573800373938698102,1,1,bkt,0.9010795748605225
815543896097949188,1742185772413642127,300471914551172981,1,1,bkt,0.9229528369692599
815543896097949188,2334639155148655290,8573800373938698102,0,1,bkt,0.906759324464294
815543896097949188,7660717256841499384,300471914551172981,1,1,bkt,0.9229532090156645
815543896097949188,4113615466659810841,300471914551172981,1,1,bkt,0.9229533373618893
815543896097949188,6125574002232610732,300471914551172981,1,1,bkt,0.9229533816379375
815543896097949188,2774368076249802464,8573800373938698102,0,1,bkt,0.8915716744505453
815543896097949188,8903365289186067945,8573800373938698102,0,1,bkt,0.798521266408724
815543896097949188,6925932688889117475,300471914551172981,1,1,bkt,0.9229533969119985
815543896097949188,8194071366621068887,8573800373938698102,0,1,bkt,0.5346924785353713
815543896097949188,2986660907093963186,300471914551172981,1,1,bkt,0.9229534021811435
815543896097949188,7591109345808921544,300471914551172981,1,1,bkt,0.9229534039988586
815543896097949188,625545550176685521,8573800373938698102,0,1,bkt,0.3603798865869141
815543896097949188,1761868641361943332,8573800373938698102,1,1,bkt,0.3241019615064807
815543896097949188,4824259625677886603,300471914551172981,1,1,bkt,0.922953404368367
815543896097949188,8450591260754163598,8573800373938698102,1,1,bkt,0.4252006890093588
815543896097949188,1553079256999111676,300471914551172981,1,1,bkt,0.922953404368367
815543896097949188,3220231712819306119,8573800373938698102,1,1,bkt,0.6040161585489779
815543896097949188,338807275221326836,300471914551172981,1,1,bkt,0.922953404368367
815543896097949188,8525319303741530302,8573800373938698102,1,1,bkt,0.7737223112755238
815543896097949188,6587421150596252277,300471914551172981,1,1,bkt,0.922953404368367
815543896097949188,5891620578387310353,300471914551172981,1,1,bkt,0.922953404368367
815543896097949188,5791250638486922978,300471914551172981,1,1,bkt,0.922953404368367
815543896097949188,4031585874086886353,8573800373938698102,1,1,bkt,0.862233653729331
815543896097949188,2083452711903133430,8573800373938698102,1,1,bkt,0.8945724503226637
815543896097949188,6319743179241711738,8573800373938698102,1,1,bkt,0.9047916852421473
815543896097949188,8628686323660025649,300471914551172981,1,1,bkt,0.922953404368367
815543896097949188,4378721629787482518,300471914551172981,1,1,bkt,0.922953404368367
815543896097949188,4813462692425748605,300471914551172981,1,1,bkt,0.922953404368367
815543896097949188,4644364625800006675,300471914551172981,0,1,bkt,0.922953404368367
815543896097949188,1062464292871659639,8573800373938698102,0,1,bkt,0.9078691230129037
815543896097949188,5932668873100475470,300471914551172981,1,1,bkt,0.9229534001375432
815543896097949188,5237822943399727048,8573800373938698102,1,1,bkt,0.89957387441527
816596308256074087,300471914551172981,300471914551172981,1,1,bkt,0.6270461440332235
816596308256074087,8573800373938698102,8573800373938698102,0,1,bkt,0.5064730900819714
816596308256074087,2014268979504181100,300471914551172981,1,1,bkt,0.77270096802343
816596308256074087,2172169907340938753,300471914551172981,1,1,bkt,0.8610413139091273
816596308256074087,8150806168444344502,300471914551172981,1,1,bkt,0.900059657568269
816596308256074087,816286915455981984,8573800373938698102,1,1,bkt,0.35276834629056547
816596308256074087,1962751598315765836,300471914551172981,1,1,bkt,0.9148547854652099
816596308256074087,7444476343858270082,300471914551172981,1,1,bkt,0.9201348647501719
816596308256074087,2537821716777940730,300471914551172981,1,1,bkt,0.9219781051191799
816596308256074087,1061301253559417093,300471914551172981,1,1,bkt,0.9226165965299471
816596308256074087,8553379303363759508,300471914551172981,1,1,bkt,0.9228371725871625
816596308256074087,6440511557387709110,300471914551172981,1,1,bkt,0.9229133028286419
816596308256074087,7744513373483970787,8573800373938698102,1,1,bkt,0.48631412116296824
816596308256074087,2971078979906996375,300471914551172981,1,1,bkt,0.9229395701871741
816596308256074087,5841359775533910823,300471914551172981,1,1,bkt,0.9229486322571232
816596308256074087,8621262567927479011,300471914551172981,1,1,bkt,0.9229517584933665
816596308256074087,8434961942249729798,8573800373938698102,1,1,bkt,0.6760540266390719
816596308256074087,2322042198017538996,8573800373938698102,1,1,bkt,0.8167220590445308
816596308256074087,1742185772413642127,300471914551172981,1,1,bkt,0.9229528369692599
816596308256074087,2334639155148655290,8573800373938698102,1,1,bkt,0.8788196483061628
816596308256074087,7660717256841499384,300471914551172981,1,1,bkt,0.9229532090156645
816596308256074087,4113615466659810841,300471914551172981,1,1,bkt,0.9229533373618893
816596308256074087,6125574002232610732,300471914551172981,1,1,bkt,0.9229533816379375
816596308256074087,2774368076249802464,8573800373938698102,1,1,bkt,0.899907663883957
816596308256074087,8903365289186067945,8573800373938698102,1,1,bkt,0.906407060236316
816596308256074087,6925932688889117475,300471914551172981,1,1,bkt,0.9229533969119985
816596308256074087,8194071366621068887,8573800373938698102,1,1,bkt,0.9083492283041106
816596308256074087,2986660907093963186,300471914551172981,1,1,bkt,0.9229534021811435
816596308256074087,7591109345808921544,300471914551172981,1,1,bkt,0.9229534039988586
816596308256074087,625545550176685521,8573800373938698102,1,1,bkt,0.908924198979335
816596308256074087,1761868641361943332,8573800373938698102,1,1,bkt,0.9090939452316912
816596308256074087,4824259625677886603,300471914551172981,1,1,bkt,0.922953404368367
816596308256074087,8450591260754163598,8573800373938698102,1,1,bkt,0.909144017674651
816596308256074087,1553079256999111676,300471914551172981,1,1,bkt,0.922953404368367
816596308256074087,3220231712819306119,8573800373938698102,1,1,bkt,0.9091587846771045
816596308256074087,338807275221326836,300471914551172981,1,1,bkt,0.922953404368367
816596308256074087,8525319303741530302,8573800373938698102,1,1,bkt,0.9091631393439961
816596308256074087,6587421150596252277,300471914551172981,1,1,bkt,0.922953404368367
816596308256074087,5891620578387310353,300471914551172981,1,1,bkt,0.922953404368367
816596308256074087,5791250638486922978,300471914551172981,1,1,bkt,0.922953404368367
816596308256074087,4031585874086886353,8573800373938698102,1,1,bkt,0.9091644234722381
816596308256074087,2083452711903133430,8573800373938698102,1,1,bkt,0.9091648021407231
816596308256074087,6319743179241711738,8573800373938698102,1,1,bkt,0.9091649138036823
816596308256074087,8628686323660025649,300471914551172981,1,1,bkt,0.922953404368367
816596308256074087,4378721629787482518,300471914551172981,1,1,bkt,0.922953404368367
816596308256074087,4813462692425748605,300471914551172981,1,1,bkt,0.922953404368367
816596308256074087,4644364625800006675,300471914551172981,1,1,bkt,0.922953404368367
816596308256074087,1062464292871659639,8573800373938698102,0,1,bkt,0.9091649467311906
816596308256074087,5932668873100475470,300471914551172981,1,1,bkt,0.922953404368367
816596308256074087,5237822943399727048,8573800373938698102,1,1,bkt,0.9091648571264318
837249346332151142,300471914551172981,300471914551172981,1,1,bkt,0.6270461440332235
837249346332151142,8573800373938698102,8573800373938698102,1,1,bkt,0.5064730900819714
837249346332151142,2014268979504181100,300471914551172981,0,1,bkt,0.77270096802343
837249346332151142,2172169907340938753,300471914551172981,1,1,bkt,0.5054404856249486
837249346332151142,8150806168444344502,300471914551172981,1,1,bkt,0.659947622549702
837249346332151142,816286915455981984,8573800373938698102,1,1,bkt,0.6960034375848583
837249346332151142,1962751598315765836,300471914551172981,1,1,bkt,0.7960652062015453
837249346332151142,7444476343858270082,300471914551172981,1,1,bkt,0.8722031773909982
837249346332151142,2537821716777940730,300471914551172981,1,1,bkt,0.9044272311710359
837249346332151142,1061301253559417093,300471914551172981,0,1,bkt,0.9164314543129922
837249346332151142,8553379303363759508,300471914551172981,0,1,bkt,0.8736609278124376
837249346332151142,6440511557387709110,300471914551172981,1,1,bkt,0.6765260356531345
837249346332151142,7744513373483970787,8573800373938698102,1,1,bkt,0.827056150610966
837249346332151142,2971078979906996375,300471914551172981,1,1,bkt,0.8069769498446953
837249346332151142,5841359775533910823,300471914551172981,0,1,bkt,0.8771946599999404
837249346332151142,8621262567927479011,300471914551172981,1,1,bkt,0.6876095663414079
837249346332151142,8434961942249729798,8573800373938698102,1,1,bkt,0.88254869688539
837249346332151142,2322042198017538996,8573800373938698102,1,1,bkt,0.9010795748605225
837249346332151142,1742185772413642127,300471914551172981,1,1,bkt,0.8139785431965489
837249346332151142,2334639155148655290,8573800373938698102,1,1,bkt,0.906759324464294
837249346332151142,7660717256841499384,300471914551172981,1,1,bkt,0.880326993370667
837249346332151142,4113615466659810841,300471914551172981,1,1,bkt,0.9075363947697113
837249346332151142,6125574002232610732,300471914551172981,1,1,bkt,0.9175445976074843
837249346332151142,2774368076249802464,8573800373938698102,1,1,bkt,0.9084536974996698
837249346332151142,8903365289186067945,8573800373938698102,1,1,bkt,0.9089550569682892
837249346332151142,6925932688889117475,300471914551172981,1,1,bkt,0.9210765110052632
837249346332151142,8194071366621068887,8573800373938698102,1,1,bkt,0.9091030492382115
837249346332151142,2986660907093963186,300471914551172981,1,1,bkt,0.9223046070621058
837249346332151142,7591109345808921544,300471914551172981,0,1,bkt,0.9227294294856405
837249346332151142,625545550176685521,8573800373938698102,1,1,bkt,0.9091467026833527
837249346332151142,1761868641361943332,8573800373938698102,1,1,bkt,0.9091595764744865
837249346332151142,4824259625677886603,300471914551172981,0,1,bkt,0.921122641145039
837249346332151142,8450591260754163598,8573800373938698102,1,1,bkt,0.9091633728344996
837249346332151142,1553079256999111676,300471914551172981,0,1,bkt,0.9082936760508795
837249346332151142,3220231712819306119,8573800373938698102,1,1,bkt,0.9091644923248609
837249346332151142,338807275221326836,300471914551172981,0,1,bkt,0.8219879900312166
837249346332151142,8525319303741530302,8573800373938698102,1,1,bkt,0.9091648224442089
837249346332151142,6587421150596252277,300471914551172981,1,1,bkt,0.564717335895485
837249346332151142,5891620578387310353,300471914551172981,0,1,bkt,0.7209756247918813
837249346332151142,5791250638486922978,300471914551172981,0,1,bkt,0.4657521321981174
837249346332151142,4031585874086886353,8573800373938698102,1,1,bkt,0.9091649197908356
837249346332151142,2083452711903133430,8573800373938698102,1,1,bkt,0.9091649484967002
837249346332151142,6319743179241711738,8573800373938698102,1,1,bkt,0.9091649569615701
837249346332151142,8628686323660025649,300471914551172981,1,1,bkt,0.3824348420438835
837249346332151142,4378721629787482518,300471914551172981,1,1,bkt,0.47294713446185943
837249346332151142,4813462692425748605,300471914551172981,0,1,bkt,0.6200031160229115
837249346332151142,4644364625800006675,300471914551172981,1,1,bkt,0.41940953196033026
837249346332151142,1062464292871659639,8573800373938698102,1,1,bkt,0.9091649594577158
837249346332151142,5932668873100475470,300471914551172981,1,1,bkt,0.5406885039584485
837249346332151142,5237822943399727048,8573800373938698102,1,1,bkt,0.9091649598746572
862177479803381102,300471914551172981,300471914551172981,0,1,bkt,0.6270461440332235
862177479803381102,8573800373938698102,8573800373938698102,0,1,bkt,0.5064730900819714
862177479803381102,2014268979504181100,300471914551172981,0,1,bkt,0.42182790732040143
862177479803381102,2172169907340938753,300471914551172981,1,1,bkt,0.3755148815622478
862177479803381102,8150806168444344502,300471914551172981,0,1,bkt,0.45878710392490996
862177479803381102,816286915455981984,8573800373938698102,1,1,bkt,0.35276834629056547
862177479803381102,1962751598315765836,300471914551172981,1,1,bkt,0.38126261596119326
862177479803381102,7444476343858270082,300471914551172981,1,1,bkt,0.4705846177712847
862177479803381102,2537821716777940730,300471914551172981,1,1,bkt,0.6168837255580913
862177479803381102,1061301253559417093,300471914551172981,0,1,bkt,0.7649805744493221
862177479803381102,8553379303363759508,300471914551172981,0,1,bkt,0.49840753570682517
862177479803381102,6440511557387709110,300471914551172981,1,1,bkt,0.3883649238495313
862177479803381102,7744513373483970787,8573800373938698102,1,1,bkt,0.48631412116296824
862177479803381102,2971078979906996375,300471914551172981,0,1,bkt,0.48468011672631317
862177479803381102,5841359775533910823,300471914551172981,0,1,bkt,0.3857805197755566
862177479803381102,8621262567927479011,300471914551172981,0,1,bkt,0.3705752732242195
862177479803381102,8434961942249729798,8573800373938698102,1,1,bkt,0.6760540266390719
862177479803381102,2322042198017538996,8573800373938698102,1,1,bkt,0.8167220590445308
862177479803381102,1742185772413642127,300471914551172981,1,1,bkt,0.36866134559836944
862177479803381102,2334639155148655290,8573800373938698102,1,1,bkt,0.8788196483061628
862177479803381102,7660717256841499384,300471914551172981,1,1,bkt,0.4442390427045151
862177479803381102,4113615466659810841,300471914551172981,1,1,bkt,0.5798499140750476
862177479803381102,6125574002232610732,300471914551172981,0,1,bkt,0.7345559881311297
862177479803381102,2774368076249802464,8573800373938698102,1,1,bkt,0.899907663883957
862177479803381102,8903365289186067945,8573800373938698102,1,1,bkt,0.906407060236316
862177479803381102,6925932688889117475,300471914551172981,1,1,bkt,0.4746748209407501
862177479803381102,8194071366621068887,8573800373938698102,0,1,bkt,0.9083492283041106
862177479803381102,2986660907093963186,300471914551172981,1,1,bkt,0.6222646406488233
862177479803381102,7591109345808921544,300471914551172981,0,1,bkt,0.7690998693388169
862177479803381102,625545550176685521,8573800373938698102,0,1,bkt,0.9030957257928611
862177479803381102,1761868641361943332,8573800373938698102,1,1,bkt,0.8664565455158063
862177479803381102,4824259625677886603,300471914551172981,0,1,bkt,0.5021015143035124
862177479803381102,8450591260754163598,8573800373938698102,1,1,bkt,0.8959502091844874
862177479803381102,1553079256999111676,300471914551172981,1,1,bkt,0.3890847075319034
862177479803381102,3220231712819306119,8573800373938698102,1,1,bkt,0.9052106802376575
862177479803381102,338807275221326836,300471914551172981,0,1,bkt,0.4860799071464914
862177479803381102,8525319303741530302,8573800373938698102,1,1,bkt,0.9079938170203544
862177479803381102,6587421150596252277,300471914551172981,1,1,bkt,0.38603773101979816
862177479803381102,5891620578387310353,300471914551172981,0,1,bkt,0.48011861548217927
862177479803381102,5791250638486922978,300471914551172981,1,1,bkt,0.3849519557718102
862177479803381102,4031585874086886353,8573800373938698102,1,1,bkt,0.9088191648387581
862177479803381102,2083452711903133430,8573800373938698102,1,1,bkt,0.9090629524640289
862177479803381102,6319743179241711738,8573800373938698102,1,1,bkt,0.9091348766968683
862177479803381102,8628686323660025649,300471914551172981,1,1,bkt,0.47797153248539836
862177479803381102,4378721629787482518,300471914551172981,0,1,bkt,0.6265346409233052
862177479803381102,4813462692425748605,300471914551172981,0,1,bkt,0.4216492000247447
862177479803381102,4644364625800006675,300471914551172981,0,1,bkt,0.3754888743831958
862177479803381102,1062464292871659639,8573800373938698102,1,1,bkt,0.9091560890074704
862177479803381102,5932668873100475470,300471914551172981,1,1,bkt,0.36926964214727515
862177479803381102,5237822943399727048,8573800373938698102,1,1,bkt,0.9091623444238704
942706140549317669,300471914551172981,300471914551172981,1,1,bkt,0.6270461440332235
942706140549317669,8573800373938698102,8573800373938698102,0,1,bkt,0.5064730900819714
942706140549317669,2014268979504181100,300471914551172981,0,1,bkt,0.77270096802343
942706140549317669,2172169907340938753,300471914551172981,1,1,bkt,0.5054404856249486
942706140549317669,8150806168444344502,300471914551172981,1,1,bkt,0.659947622549702
942706140549317669,816286915455981984,8573800373938698102,0,1,bkt,0.35276834629056547
942706140549317669,1962751598315765836,300471914551172981,1,1,bkt,0.7960652062015453
942706140549317669,7444476343858270082,300471914551172981,1,1,bkt,0.8722031773909982
942706140549317669,2537821716777940730,300471914551172981,1,1,bkt,0.9044272311710359
942706140549317669,1061301253559417093,300471914551172981,1,1,bkt,0.9164314543129922
942706140549317669,8553379303363759508,300471914551172981,1,1,bkt,0.9206874935527208
942706140549317669,6440511557387709110,300471914551172981,1,1,bkt,0.9221698019645572
942706140549317669,7744513373483970787,8573800373938698102,0,1,bkt,0.32296311143420975
942706140549317669,2971078979906996375,300471914551172981,1,1,bkt,0.9226828530531219
942706140549317669,5841359775533910823,300471914551172981,1,1,bkt,0.9228600443748216
942706140549317669,8621262567927479011,300471914551172981,1,1,bkt,0.9229211947794129
942706140549317669,8434961942249729798,8573800373938698102,0,1,bkt,0.3187500641718073
942706140549317669,2322042198017538996,8573800373938698102,0,1,bkt,0.318184276619551
942706140549317669,1742185772413642127,300471914551172981,1,1,bkt,0.9229422929136998
942706140549317669,2334639155148655290,8573800373938698102,0,1,bkt,0.31810882722389705
942706140549317669,7660717256841499384,300471914551172981,1,1,bkt,0.922949571550779
942706140549317669,4113615466659810841,300471914551172981,1,1,bkt,0.9229520825277281
942706140549317669,6125574002232610732,300471914551172981,1,1,bkt,0.9229529487528598
942706140549317669,2774368076249802464,8573800373938698102,0,1,bkt,0.3180987752917487
942706140549317669,8903365289186067945,8573800373938698102,0,1,bkt,0.31809743626617
942706140549317669,6925932688889117475,300471914551172981,1,1,bkt,0.9229532475780773
942706140549317669,8194071366621068887,8573800373938698102,0,1,bkt,0.318097257896527
942706140549317669,2986660907093963186,300471914551172981,1,1,bkt,0.9229533506649016
942706140549317669,7591109345808921544,300471914551172981,1,1,bkt,0.9229533862271236
942706140549317669,625545550176685521,8573800373938698102,0,1,bkt,0.31809723413622
942706140549317669,1761868641361943332,8573800373938698102,0,1,bkt,0.31809723097115217
942706140549317669,4824259625677886603,300471914551172981,1,1,bkt,0.9229533984951458
942706140549317669,8450591260754163598,8573800373938698102,0,1,bkt,0.31809723054953915
942706140549317669,1553079256999111676,300471914551172981,1,1,bkt,0.9229534027272873
942706140549317669,3220231712819306119,8573800373938698102,1,1,bkt,0.3180972304933769
942706140549317669,338807275221326836,300471914551172981,1,1,bkt,0.9229534041872636
942706140549317669,8525319303741530302,8573800373938698102,0,1,bkt,0.41100400135609494
942706140549317669,6587421150596252277,300471914551172981,1,1,bkt,0.922953404368367
942706140549317669,5891620578387310353,300471914551172981,1,1,bkt,0.922953404368367
942706140549317669,5791250638486922978,300471914551172981,1,1,bkt,0.922953404368367
942706140549317669,4031585874086886353,8573800373938698102,0,1,bkt,0.3324253247692515
942706140549317669,2083452711903133430,8573800373938698102,1,1,bkt,0.32004681464148427
942706140549317669,6319743179241711738,8573800373938698102,0,1,bkt,0.41567170855241276
942706140549317669,8628686323660025649,300471914551172981,1,1,bkt,0.922953404368367
942706140549317669,4378721629787482518,300471914551172981,1,1,bkt,0.922953404368367
942706140549317669,4813462692425748605,300471914551172981,1,1,bkt,0.922953404368367
942706140549317669,4644364625800006675,300471914551172981,1,1,bkt,0.922953404368367
942706140549317669,1062464292871659639,8573800373938698102,0,1,bkt,0.33326538458413685
942706140549317669,5932668873100475470,300471914551172981,1,1,bkt,0.922953404368367
942706140549317669,5237822943399727048,8573800373938698102,0,1,bkt,0.3201637196768158
948515507813699733,300471914551172981,300471914551172981,1,1,bkt,0.6270461440332235
948515507813699733,8573800373938698102,8573800373938698102,1,1,bkt,0.5064730900819714
948515507813699733,2014268979504181100,300471914551172981,0,1,bkt,0.77270096802343
948515507813699733,2172169907340938753,300471914551172981,0,1,bkt,0.5054404856249486
948515507813699733,8150806168444344502,300471914551172981,1,1,bkt,0.38974456897574433
948515507813699733,816286915455981984,8573800373938698102,1,1,bkt,0.6960034375848583
948515507813699733,1962751598315765836,300471914551172981,0,1,bkt,0.48735862196950075
948515507813699733,7444476343858270082,300471914551172981,1,1,bkt,0.3862739223081658
948515507813699733,2537821716777940730,300471914551172981,1,1,bkt,0.48058407713971885
948515507813699733,1061301253559417093,300471914551172981,1,1,bkt,0.629876879856794
948515507813699733,8553379303363759508,300471914551172981,1,1,bkt,0.7748071182855201
948515507813699733,6440511557387709110,300471914551172981,1,1,bkt,0.8620750971196316
948515507813699733,7744513373483970787,8573800373938698102,1,1,bkt,0.827056150610966
948515507813699733,2971078979906996375,300471914551172981,1,1,bkt,0.9004689234725519
948515507813699733,5841359775533910823,300471914551172981,1,1,bkt,0.9150031775445141
948515507813699733,8621262567927479011,300471914551172981,1,1,bkt,0.9201869579619416
948515507813699733,8434961942249729798,8573800373938698102,1,1,bkt,0.88254869688539
948515507813699733,2322042198017538996,8573800373938698102,1,1,bkt,0.9010795748605225
948515507813699733,1742185772413642127,300471914551172981,1,1,bkt,0.9219961851328456
948515507813699733,2334639155148655290,8573800373938698102,1,1,bkt,0.906759324464294
948515507813699733,7660717256841499384,300471914551172981,1,1,bkt,0.9226228467340997
948515507813699733,4113615466659810841,300471914551172981,1,1,bkt,0.9228393303013447
948515507813699733,6125574002232610732,300471914551172981,0,1,bkt,0.9229140473684472
948515507813699733,2774368076249802464,8573800373938698102,1,1,bkt,0.9084536974996698
948515507813699733,8903365289186067945,8573800373938698102,0,1,bkt,0.9089550569682892
948515507813699733,6925932688889117475,300471914551172981,1,1,bkt,0.9226309276119093
948515507813699733,8194071366621068887,8573800373938698102,1,1,bkt,0.9075928380317726
948515507813699733,2986660907093963186,300471914551172981,1,1,bkt,0.9228421199628334
948515507813699733,7591109345808921544,300471914551172981,1,1,bkt,0.9229150099625216
948515507813699733,625545550176685521,8573800373938698102,1,1,bkt,0.9087005653868828
948515507813699733,1761868641361943332,8573800373938698102,1,1,bkt,0.9090279483230679
948515507813699733,4824259625677886603,300471914551172981,1,1,bkt,0.9229401591530687
948515507813699733,8450591260754163598,8573800373938698102,1,1,bkt,0.9091245518588673
948515507813699733,1553079256999111676,300471914551172981,1,1,bkt,0.9229488354406606
948515507813699733,3220231712819306119,8573800373938698102,1,1,bkt,0.9091530441528746
948515507813699733,338807275221326836,300471914551172981,1,1,bkt,0.9229518285869949
948515507813699733,8525319303741530302,8573800373938698102,1,1,bkt,0.9091614465276855
948515507813699733,6587421150596252277,300471914551172981,1,1,bkt,0.9229528611497827
948515507813699733,5891620578387310353,300471914551172981,1,1,bkt,0.922953217357312
948515507813699733,5791250638486922978,300471914551172981,1,1,bkt,0.9229533402395371
948515507813699733,4031585874086886353,8573800373938698102,1,1,bkt,0.9091639242866695
948515507813699733,2083452711903133430,8573800373938698102,1,1,bkt,0.9091646549391638
948515507813699733,6319743179241711738,8573800373938698102,1,1,bkt,0.9091648703964325
948515507813699733,8628686323660025649,300471914551172981,1,1,bkt,0.9229533826306495
948515507813699733,4378721629787482518,300471914551172981,1,1,bkt,0.9229533972544577
948515507813699733,4813462692425748605,300471914551172981,1,1,bkt,0.9229534022992829
948515507813699733,4644364625800006675,300471914551172981,0,1,bkt,0.9229534040396136
948515507813699733,1062464292871659639,8573800373938698102,1,1,bkt,0.9091649339311315
948515507813699733,5932668873100475470,300471914551172981,1,1,bkt,0.9229533974425179
948515507813699733,5237822943399727048,8573800373938698102,1,1,bkt,0.9091649526664324
958813039069687279,300471914551172981,300471914551172981,1,1,bkt,0.6270461440332235
958813039069687279,8573800373938698102,8573800373938698102,1,1,bkt,0.5064730900819714
958813039069687279,2014268979504181100,300471914551172981,1,1,bkt,0.77270096802343
958813039069687279,2172169907340938753,300471914551172981,1,1,bkt,0.8610413139091273
958813039069687279,8150806168444344502,300471914551172981,1,1,bkt,0.900059657568269
958813039069687279,816286915455981984,8573800373938698102,1,1,bkt,0.6960034375848583
958813039069687279,1962751598315765836,300471914551172981,1,1,bkt,0.9148547854652099
958813039069687279,7444476343858270082,300471914551172981,1,1,bkt,0.9201348647501719
958813039069687279,2537821716777940730,300471914551172981,1,1,bkt,0.9219781051191799
958813039069687279,1061301253559417093,300471914551172981,1,1,bkt,0.9226165965299471
958813039069687279,8553379303363759508,300471914551172981,1,1,bkt,0.9228371725871625
958813039069687279,6440511557387709110,300471914551172981,1,1,bkt,0.9229133028286419
958813039069687279,7744513373483970787,8573800373938698102,1,1,bkt,0.827056150610966
958813039069687279,2971078979906996375,300471914551172981,1,1,bkt,0.9229395701871741
958813039069687279,5841359775533910823,300471914551172981,0,1,bkt,0.9229486322571232
958813039069687279,8621262567927479011,300471914551172981,1,1,bkt,0.9229142821788551
958813039069687279,8434961942249729798,8573800373938698102,1,1,bkt,0.88254869688539
958813039069687279,2322042198017538996,8573800373938698102,1,1,bkt,0.9010795748605225
958813039069687279,1742185772413642127,300471914551172981,1,1,bkt,0.9229399080659638
958813039069687279,2334639155148655290,8573800373938698102,1,1,bkt,0.906759324464294
958813039069687279,7660717256841499384,300471914551172981,1,1,bkt,0.9229487488197748
958813039069687279,4113615466659810841,300471914551172981,1,1,bkt,0.9229517987047934
958813039069687279,6125574002232610732,300471914551172981,1,1,bkt,0.9229528508411821
958813039069687279,2774368076249802464,8573800373938698102,1,1,bkt,0.9084536974996698
958813039069687279,8903365289186067945,8573800373938698102,1,1,bkt,0.9089550569682892
958813039069687279,6925932688889117475,300471914551172981,1,1,bkt,0.9229532138011146
958813039069687279,8194071366621068887,8573800373938698102,1,1,bkt,0.9091030492382115
958813039069687279,2986660907093963186,300471914551172981,1,1,bkt,0.9229533390127431
958813039069687279,7591109345808921544,300471914551172981,1,1,bkt,0.9229533822074382
958813039069687279,625545550176685521,8573800373938698102,1,1,bkt,0.9091467026833527
958813039069687279,1761868641361943332,8573800373938698102,1,1,bkt,0.9091595764744865
958813039069687279,4824259625677886603,300471914551172981,1,1,bkt,0.9229533971084611
958813039069687279,8450591260754163598,8573800373938698102,1,1,bkt,0.9091633728344996
958813039069687279,1553079256999111676,300471914551172981,1,1,bkt,0.922953402248918
958813039069687279,3220231712819306119,8573800373938698102,1,1,bkt,0.9091644923248609
958813039069687279,338807275221326836,300471914551172981,1,1,bkt,0.9229534040222389
958813039069687279,8525319303741530302,8573800373938698102,1,1,bkt,0.9091648224442089
958813039069687279,6587421150596252277,300471914551172981,1,1,bkt,0.922953404368367
958813039069687279,5891620578387310353,300471914551172981,1,1,bkt,0.922953404368367
958813039069687279,5791250638486922978,300471914551172981,1,1,bkt,0.922953404368367
958813039069687279,4031585874086886353,8573800373938698102,1,1,bkt,0.9091649197908356
958813039069687279,2083452711903133430,8573800373938698102,1,1,bkt,0.9091649484967002
958813039069687279,6319743179241711738,8573800373938698102,1,1,bkt,0.9091649569615701
958813039069687279,8628686323660025649,300471914551172981,1,1,bkt,0.922953404368367
958813039069687279,4378721629787482518,300471914551172981,1,1,bkt,0.922953404368367
958813039069687279,4813462692425748605,300471914551172981,1,1,bkt,0.922953404368367
958813039069687279,4644364625800006675,300471914551172981,1,1,bkt,0.922953404368367
958813039069687279,1062464292871659639,8573800373938698102,1,1,bkt,0.9091649594577158
958813039069687279,5932668873100475470,300471914551172981,1,1,bkt,0.922953404368367
958813039069687279,5237822943399727048,8573800373938698102,1,1,bkt,0.9091649598746572
1008649928653191505,300471914551172981,300471914551172981,0,1,bkt,0.6270461440332235
1008649928653191505,8573800373938698102,8573800373938698102,0,1,bkt,0.5064730900819714
1008649928653191505,2014268979504181100,300471914551172981,0,1,bkt,0.42182790732040143
1008649928653191505,2172169907340938753,300471914551172981,0,1,bkt,0.3755148815622478
1008649928653191505,8150806168444344502,300471914551172981,0,1,bkt,0.36927288726461627
1008649928653191505,816286915455981984,8573800373938698102,0,1,bkt,0.35276834629056547
1008649928653191505,1962751598315765836,300471914551172981,0,1,bkt,0.36850170114425645
1008649928653191505,7444476343858270082,300471914551172981,1,1,bkt,0.36840748074282714
1008649928653191505,2537821716777940730,300471914551172981,0,1,bkt,0.4436897653193349
1008649928653191505,1061301253559417093,300471914551172981,0,1,bkt,0.3788224765465632
1008649928653191505,8553379303363759508,300471914551172981,0,1,bkt,0.3696878163980095
1008649928653191505,6440511557387709110,300471914551172981,0,1,bkt,0.36855249090391173
1008649928653191505,7744513373483970787,8573800373938698102,0,1,bkt,0.32296311143420975
1008649928653191505,2971078979906996375,300471914551172981,0,1,bkt,0.3684136789508676
1008649928653191505,5841359775533910823,300471914551172981,0,1,bkt,0.3683967411771882
1008649928653191505,8621262567927479011,300471914551172981,0,1,bkt,0.36839467494711253
1008649928653191505,8434961942249729798,8573800373938698102,1,1,bkt,0.3187500641718073
1008649928653191505,2322042198017538996,8573800373938698102,0,1,bkt,0.412573378773676
1008649928653191505,1742185772413642127,300471914551172981,0,1,bkt,0.3683944228963797
1008649928653191505,2334639155148655290,8573800373938698102,0,1,bkt,0.3327062801113441
1008649928653191505,7660717256841499384,300471914551172981,1,1,bkt,0.36839439214988173
1008649928653191505,4113615466659810841,300471914551172981,0,1,bkt,0.44366142552520604
1008649928653191505,6125574002232610732,300471914551172981,1,1,bkt,0.3788180206007747
1008649928653191505,2774368076249802464,8573800373938698102,0,1,bkt,0.3200858804005391
1008649928653191505,8903365289186067945,8573800373938698102,0,1,bkt,0.3183629097645878
1008649928653191505,6925932688889117475,300471914551172981,0,1,bkt,0.4656107147907652
1008649928653191505,8194071366621068887,8573800373938698102,0,1,bkt,0.3181326349370916
1008649928653191505,2986660907093963186,300471914551172981,0,1,bkt,0.3824107373421256
1008649928653191505,7591109345808921544,300471914551172981,0,1,bkt,0.3701429804565088
1008649928653191505,625545550176685521,8573800373938698102,0,1,bkt,0.318101946892939
1008649928653191505,1761868641361943332,8573800373938698102,0,1,bkt,0.3180978587533303
1008649928653191505,4824259625677886603,300471914551172981,0,1,bkt,0.3686082826195205
1008649928653191505,8450591260754163598,8573800373938698102,0,1,bkt,0.3180973141753493
1008649928653191505,1553079256999111676,300471914551172981,0,1,bkt,0.3684204887297782
1008649928653191505,3220231712819306119,8573800373938698102,0,1,bkt,0.3180972416330218
1008649928653191505,338807275221326836,300471914551172981,0,1,bkt,0.36839757192976036
1008649928653191505,8525319303741530302,8573800373938698102,0,1,bkt,0.3180972319697876
1008649928653191505,6587421150596252277,300471914551172981,1,1,bkt,0.3683947762875961
1008649928653191505,5891620578387310353,300471914551172981,0,1,bkt,0.4436622572998067
1008649928653191505,5791250638486922978,300471914551172981,0,1,bkt,0.37881815137657543
1008649928653191505,4031585874086886353,8573800373938698102,0,1,bkt,0.31809723068256557
1008649928653191505,2083452711903133430,8573800373938698102,0,1,bkt,0.31809723051109706
1008649928653191505,6319743179241711738,8573800373938698102,0,1,bkt,0.31809723048825606
1008649928653191505,8628686323660025649,300471914551172981,0,1,bkt,0.3696872709314613
1008649928653191505,4378721629787482518,300471914551172981,1,1,bkt,0.3685524240917117
1008649928653191505,4813462692425748605,300471914551172981,0,1,bkt,0.44400346621563913
1008649928653191505,4644364625800006675,300471914551172981,0,1,bkt,0.3788718309669904
1008649928653191505,1062464292871659639,8573800373938698102,0,1,bkt,0.31809723048521343
1008649928653191505,5932668873100475470,300471914551172981,1,1,bkt,0.3696940412428193
1008649928653191505,5237822943399727048,8573800373938698102,0,1,bkt,0.3180972304848082
1072626616993255500,300471914551172981,300471914551172981,1,1,bkt,0.6270461440332235
1072626616993255500,8573800373938698102,8573800373938698102,1,1,bkt,0.5064730900819714
1072626616993255500,2014268979504181100,300471914551172981,0,1,bkt,0.77270096802343
1072626616993255500,2172169907340938753,300471914551172981,1,1,bkt,0.5054404856249486
1072626616993255500,8150806168444344502,300471914551172981,1,1,bkt,0.659947622549702
1072626616993255500,816286915455981984,8573800373938698102,1,1,bkt,0.6960034375848583
1072626616993255500,1962751598315765836,300471914551172981,1,1,bkt,0.7960652062015453
1072626616993255500,7444476343858270082,300471914551172981,1,1,bkt,0.8722031773909982
1072626616993255500,2537821716777940730,300471914551172981,1,1,bkt,0.9044272311710359
1072626616993255500,1061301253559417093,300471914551172981,1,1,bkt,0.9164314543129922
1072626616993255500,8553379303363759508,300471914551172981,1,1,bkt,0.9206874935527208
1072626616993255500,6440511557387709110,300471914551172981,1,1,bkt,0.9221698019645572
1072626616993255500,7744513373483970787,8573800373938698102,1,1,bkt,0.827056150610966
1072626616993255500,2971078979906996375,300471914551172981,1,1,bkt,0.9226828530531219
1072626616993255500,5841359775533910823,300471914551172981,1,1,bkt,0.9228600443748216
1072626616993255500,8621262567927479011,300471914551172981,1,1,bkt,0.9229211947794129
1072626616993255500,8434961942249729798,8573800373938698102,1,1,bkt,0.88254869688539
1072626616993255500,2322042198017538996,8573800373938698102,1,1,bkt,0.9010795748605225
1072626616993255500,1742185772413642127,300471914551172981,1,1,bkt,0.9229422929136998
1072626616993255500,2334639155148655290,8573800373938698102,1,1,bkt,0.906759324464294
1072626616993255500,7660717256841499384,300471914551172981,1,1,bkt,0.922949571550779
1072626616993255500,4113615466659810841,300471914551172981,1,1,bkt,0.9229520825277281
1072626616993255500,6125574002232610732,300471914551172981,1,1,bkt,0.9229529487528598
1072626616993255500,2774368076249802464,8573800373938698102,1,1,bkt,0.9084536974996698
1072626616993255500,8903365289186067945,8573800373938698102,1,1,bkt,0.9089550569682892
1072626616993255500,6925932688889117475,300471914551172981,1,1,bkt,0.9229532475780773
1072626616993255500,8194071366621068887,8573800373938698102,1,1,bkt,0.9091030492382115
1072626616993255500,2986660907093963186,300471914551172981,1,1,bkt,0.9229533506649016
1072626616993255500,7591109345808921544,300471914551172981,1,1,bkt,0.9229533862271236
1072626616993255500,625545550176685521,8573800373938698102,1,1,bkt,0.9091467026833527
1072626616993255500,1761868641361943332,8573800373938698102,1,1,bkt,0.9091595764744865
1072626616993255500,4824259625677886603,300471914551172981,1,1,bkt,0.9229533984951458
1072626616993255500,8450591260754163598,8573800373938698102,1,1,bkt,0.9091633728344996
1072626616993255500,1553079256999111676,300471914551172981,1,1,bkt,0.9229534027272873
1072626616993255500,3220231712819306119,8573800373938698102,1,1,bkt,0.9091644923248609
1072626616993255500,338807275221326836,300471914551172981,1,1,bkt,0.9229534041872636
1072626616993255500,8525319303741530302,8573800373938698102,1,1,bkt,0.9091648224442089
1072626616993255500,6587421150596252277,300471914551172981,1,1,bkt,0.922953404368367
1072626616993255500,5891620578387310353,300471914551172981,1,1,bkt,0.922953404368367
1072626616993255500,5791250638486922978,300471914551172981,1,1,bkt,0.922953404368367
1072626616993255500,4031585874086886353,8573800373938698102,1,1,bkt,0.9091649197908356
1072626616993255500,2083452711903133430,8573800373938698102,1,1,bkt,0.9091649484967002
1072626616993255500,6319743179241711738,8573800373938698102,1,1,bkt,0.9091649569615701
1072626616993255500,8628686323660025649,300471914551172981,1,1,bkt,0.922953404368367
1072626616993255500,4378721629787482518,300471914551172981,1,1,bkt,0.922953404368367
1072626616993255500,4813462692425748605,300471914551172981,1,1,bkt,0.922953404368367
1072626616993255500,4644364625800006675,300471914551172981,1,1,bkt,0.922953404368367
1072626616993255500,1062464292871659639,8573800373938698102,1,1,bkt,0.9091649594577158
1072626616993255500,5932668873100475470,300471914551172981,1,1,bkt,0.922953404368367
1072626616993255500,5237822943399727048,8573800373938698102,1,1,bkt,0.9091649598746572
1073629390141817738,300471914551172981,300471914551172981,1,1,bkt,0.6270461440332235
1073629390141817738,8573800373938698102,8573800373938698102,0,1,bkt,0.5064730900819714
1073629390141817738,2014268979504181100,300471914551172981,0,1,bkt,0.77270096802343
1073629390141817738,2172169907340938753,300471914551172981,1,1,bkt,0.5054404856249486
1073629390141817738,8150806168444344502,300471914551172981,1,1,bkt,0.659947622549702
1073629390141817738,816286915455981984,8573800373938698102,1,1,bkt,0.35276834629056547
1073629390141817738,1962751598315765836,300471914551172981,0,1,bkt,0.7960652062015453
1073629390141817738,7444476343858270082,300471914551172981,0,1,bkt,0.5299684858420044
1073629390141817738,2537821716777940730,300471914551172981,0,1,bkt,0.39487928031712605
1073629390141817738,1061301253559417093,300471914551172981,1,1,bkt,0.37176655927497176
1073629390141817738,8553379303363759508,300471914551172981,0,1,bkt,0.45089696534680346
1073629390141817738,6440511557387709110,300471914551172981,0,1,bkt,0.3799706172470634
1073629390141817738,7744513373483970787,8573800373938698102,0,1,bkt,0.48631412116296824
1073629390141817738,2971078979906996375,300471914551172981,1,1,bkt,0.36983288269975834
1073629390141817738,5841359775533910823,300471914551172981,0,1,bkt,0.4467640817648653
1073629390141817738,8621262567927479011,300471914551172981,1,1,bkt,0.37930857090493736
1073629390141817738,8434961942249729798,8573800373938698102,0,1,bkt,0.34784301197993767
1073629390141817738,2322042198017538996,8573800373938698102,1,1,bkt,0.322240342168988
1073629390141817738,1742185772413642127,300471914551172981,1,1,bkt,0.46661395618517043
1073629390141817738,2334639155148655290,8573800373938698102,1,1,bkt,0.42085594363812295
1073629390141817738,7660717256841499384,300471914551172981,0,1,bkt,0.6115698350261534
1073629390141817738,4113615466659810841,300471914551172981,0,1,bkt,0.4166291592489172
1073629390141817738,6125574002232610732,300471914551172981,0,1,bkt,0.3747648209496137
1073629390141817738,2774368076249802464,8573800373938698102,1,1,bkt,0.598098199960865
1073629390141817738,8903365289186067945,8573800373938698102,0,1,bkt,0.7697294346928203
1073629390141817738,6925932688889117475,300471914551172981,1,1,bkt,0.36917940477030636
1073629390141817738,8194071366621068887,8573800373938698102,0,1,bkt,0.4962529971727612
1073629390141817738,2986660907093963186,300471914551172981,1,1,bkt,0.44535760320301543
1073629390141817738,7591109345808921544,300471914551172981,1,1,bkt,0.5815113326557575
1073629390141817738,625545550176685521,8573800373938698102,0,1,bkt,0.3502220590458022
1073629390141817738,1761868641361943332,8573800373938698102,0,1,bkt,0.32258808787971566
1073629390141817738,4824259625677886603,300471914551172981,1,1,bkt,0.7360039277904309
1073629390141817738,8450591260754163598,8573800373938698102,1,1,bkt,0.3186994153615617
1073629390141817738,1553079256999111676,300471914551172981,0,1,bkt,0.8420792926059437
1073629390141817738,3220231712819306119,8573800373938698102,1,1,bkt,0.41245185179031846
1073629390141817738,338807275221326836,300471914551172981,0,1,bkt,0.5994965000405095
1073629390141817738,8525319303741530302,8573800373938698102,1,1,bkt,0.5862971925114095
1073629390141817738,6587421150596252277,300471914551172981,1,1,bkt,0.412852503353687
1073629390141817738,5891620578387310353,300471914551172981,0,1,bkt,0.5295604546833451
1073629390141817738,5791250638486922978,300471914551172981,1,1,bkt,0.3947894832896103
1073629390141817738,4031585874086886353,8573800373938698102,1,1,bkt,0.7615266031692435
1073629390141817738,2083452711903133430,8573800373938698102,1,1,bkt,0.8571885298038556
1073629390141817738,6319743179241711738,8573800373938698102,1,1,bkt,0.8929086334089735
1073629390141817738,8628686323660025649,300471914551172981,1,1,bkt,0.49699365765712955
1073629390141817738,4378721629787482518,300471914551172981,1,1,bkt,0.6500662344410371
1073629390141817738,4813462692425748605,300471914551172981,0,1,bkt,0.7892966496707909
1073629390141817738,4644364625800006675,300471914551172981,0,1,bkt,0.5223031229158495
1073629390141817738,1062464292871659639,8573800373938698102,0,1,bkt,0.9042839725613904
1073629390141817738,5932668873100475470,300471914551172981,1,1,bkt,0.39321796230582917
1073629390141817738,5237822943399727048,8573800373938698102,1,1,bkt,0.874391691243818
1081461703883789378,300471914551172981,300471914551172981,0,1,bkt,0.6270461440332235
1081461703883789378,8573800373938698102,8573800373938698102,1,1,bkt,0.5064730900819714
1081461703883789378,2014268979504181100,300471914551172981,0,1,bkt,0.42182790732040143
1081461703883789378,2172169907340938753,300471914551172981,0,1,bkt,0.3755148815622478
1081461703883789378,8150806168444344502,300471914551172981,0,1,bkt,0.36927288726461627
1081461703883789378,816286915455981984,8573800373938698102,1,1,bkt,0.6960034375848583
1081461703883789378,1962751598315765836,300471914551172981,0,1,bkt,0.36850170114425645
1081461703883789378,7444476343858270082,300471914551172981,0,1,bkt,0.36840748074282714
1081461703883789378,2537821716777940730,300471914551172981,0,1,bkt,0.3683959850482022
1081461703883789378,1061301253559417093,300471914551172981,0,1,bkt,0.3683945827099204
1081461703883789378,8553379303363759508,300471914551172981,0,1,bkt,0.36839441164479025
1081461703883789378,6440511557387709110,300471914551172981,0,1,bkt,0.3683943907773532
1081461703883789378,7744513373483970787,8573800373938698102,1,1,bkt,0.827056150610966
1081461703883789378,2971078979906996375,300471914551172981,0,1,bkt,0.3683943882318327
1081461703883789378,5841359775533910823,300471914551172981,1,1,bkt,0.3683943879213166
1081461703883789378,8621262567927479011,300471914551172981,0,1,bkt,0.44366141636907097
1081461703883789378,8434961942249729798,8573800373938698102,1,1,bkt,0.88254869688539
1081461703883789378,2322042198017538996,8573800373938698102,1,1,bkt,0.9010795748605225
1081461703883789378,1742185772413642127,300471914551172981,0,1,bkt,0.3788180191612031
1081461703883789378,2334639155148655290,8573800373938698102,1,1,bkt,0.906759324464294
1081461703883789378,7660717256841499384,300471914551172981,0,1,bkt,0.3696872542573086
1081461703883789378,4113615466659810841,300471914551172981,0,1,bkt,0.36855242204935756
1081461703883789378,6125574002232610732,300471914551172981,0,1,bkt,0.368413670547419
1081461703883789378,2774368076249802464,8573800373938698102,1,1,bkt,0.9084536974996698
1081461703883789378,8903365289186067945,8573800373938698102,1,1,bkt,0.9089550569682892
1081461703883789378,6925932688889117475,300471914551172981,0,1,bkt,0.36839674015202845
1081461703883789378,8194071366621068887,8573800373938698102,1,1,bkt,0.9091030492382115
1081461703883789378,2986660907093963186,300471914551172981,0,1,bkt,0.36839467482205723
1081461703883789378,7591109345808921544,300471914551172981,0,1,bkt,0.3683944228811248
1081461703883789378,625545550176685521,8573800373938698102,1,1,bkt,0.9091467026833527
1081461703883789378,1761868641361943332,8573800373938698102,1,1,bkt,0.9091595764744865
1081461703883789378,4824259625677886603,300471914551172981,0,1,bkt,0.3683943921480209
1081461703883789378,8450591260754163598,8573800373938698102,1,1,bkt,0.9091633728344996
1081461703883789378,1553079256999111676,300471914551172981,0,1,bkt,0.36839438839903393
1081461703883789378,3220231712819306119,8573800373938698102,1,1,bkt,0.9091644923248609
1081461703883789378,338807275221326836,300471914551172981,1,1,bkt,0.3683943879417127
1081461703883789378,8525319303741530302,8573800373938698102,1,1,bkt,0.9091648224442089
1081461703883789378,6587421150596252277,300471914551172981,0,1,bkt,0.44366141641323475
1081461703883789378,5891620578387310353,300471914551172981,0,1,bkt,0.3788180191681468
1081461703883789378,5791250638486922978,300471914551172981,0,1,bkt,0.3696872542581842
1081461703883789378,4031585874086886353,8573800373938698102,1,1,bkt,0.9091649197908356
1081461703883789378,2083452711903133430,8573800373938698102,1,1,bkt,0.9091649484967002
1081461703883789378,6319743179241711738,8573800373938698102,1,1,bkt,0.9091649569615701
1081461703883789378,8628686323660025649,300471914551172981,0,1,bkt,0.36855242204946487
1081461703883789378,4378721629787482518,300471914551172981,0,1,bkt,0.3684136705474321
1081461703883789378,4813462692425748605,300471914551172981,0,1,bkt,0.36839674015203006
1081461703883789378,4644364625800006675,300471914551172981,0,1,bkt,0.3683946748220574
1081461703883789378,1062464292871659639,8573800373938698102,1,1,bkt,0.9091649594577158
1081461703883789378,5932668873100475470,300471914551172981,1,1,bkt,0.3683944228811248
1081461703883789378,5237822943399727048,8573800373938698102,1,1,bkt,0.9091649598746572
1083012887492014885,300471914551172981,300471914551172981,0,1,bkt,0.6270461440332235
1083012887492014885,8573800373938698102,8573800373938698102,1,1,bkt,0.5064730900819714
1083012887492014885,2014268979504181100,300471914551172981,0,1,bkt,0.42182790732040143
1083012887492014885,2172169907340938753,300471914551172981,0,1,bkt,0.3755148815622478
1083012887492014885,8150806168444344502,300471914551172981,0,1,bkt,0.36927288726461627
1083012887492014885,816286915455981984,8573800373938698102,1,1,bkt,0.6960034375848583
1083012887492014885,1962751598315765836,300471914551172981,1,1,bkt,0.36850170114425645
1083012887492014885,7444476343858270082,300471914551172981,0,1,bkt,0.44389371460728233
1083012887492014885,2537821716777940730,300471914551172981,0,1,bkt,0.3788545574633324
1083012887492014885,1061301253559417093,300471914551172981,0,1,bkt,0.3696918625031622
1083012887492014885,8553379303363759508,300471914551172981,0,1,bkt,0.36855298650012586
1083012887492014885,6440511557387709110,300471914551172981,0,1,bkt,0.36841373943664163
1083012887492014885,7744513373483970787,8573800373938698102,0,1,bkt,0.827056150610966
1083012887492014885,2971078979906996375,300471914551172981,0,1,bkt,0.36839674855601445
1083012887492014885,5841359775533910823,300471914551172981,0,1,bkt,0.3683946758472275
1083012887492014885,8621262567927479011,300471914551172981,0,1,bkt,0.3683944230061806
1083012887492014885,8434961942249729798,8573800373938698102,1,1,bkt,0.5854169633115799
1083012887492014885,2322042198017538996,8573800373938698102,1,1,bkt,0.7609015057997806
1083012887492014885,1742185772413642127,300471914551172981,0,1,bkt,0.36839439216327585
1083012887492014885,2334639155148655290,8573800373938698102,1,1,bkt,0.8569255822316476
1083012887492014885,7660717256841499384,300471914551172981,0,1,bkt,0.3683943884008949
1083012887492014885,4113615466659810841,300471914551172981,0,1,bkt,0.3683943879419397
1083012887492014885,6125574002232610732,300471914551172981,0,1,bkt,0.3683943878859539
1083012887492014885,2774368076249802464,8573800373938698102,1,1,bkt,0.892821379534
1083012887492014885,8903365289186067945,8573800373938698102,1,1,bkt,0.904257294876596
1083012887492014885,6925932688889117475,300471914551172981,1,1,bkt,0.36839438787912454
1083012887492014885,8194071366621068887,8573800373938698102,1,1,bkt,0.9077099193649077
1083012887492014885,2986660907093963186,300471914551172981,0,1,bkt,0.44366141627771216
1083012887492014885,7591109345808921544,300471914551172981,0,1,bkt,0.3788180191468392
1083012887492014885,625545550176685521,8573800373938698102,1,1,bkt,0.9087352059173908
1083012887492014885,1761868641361943332,8573800373938698102,1,1,bkt,0.9090381732779345
1083012887492014885,4824259625677886603,300471914551172981,0,1,bkt,0.3696872542554971
1083012887492014885,8450591260754163598,8573800373938698102,1,1,bkt,0.9091275678986099
1083012887492014885,1553079256999111676,300471914551172981,0,1,bkt,0.3685524220491357
1083012887492014885,3220231712819306119,8573800373938698102,1,1,bkt,0.9091539336076339
1083012887492014885,338807275221326836,300471914551172981,1,1,bkt,0.368413670547392
1083012887492014885,8525319303741530302,8573800373938698102,1,1,bkt,0.909161708819333
1083012887492014885,6587421150596252277,300471914551172981,0,1,bkt,0.44370316695910716
1083012887492014885,5891620578387310353,300471914551172981,0,1,bkt,0.3788245838823068
1083012887492014885,5791250638486922978,300471914551172981,0,1,bkt,0.36968808216630544
1083012887492014885,4031585874086886353,8573800373938698102,1,1,bkt,0.9091640016325754
1083012887492014885,2083452711903133430,8573800373938698102,1,1,bkt,0.9091646777472013
1083012887492014885,6319743179241711738,8573800373938698102,1,1,bkt,0.9091648771221379
1083012887492014885,8628686323660025649,300471914551172981,0,1,bkt,0.368552523456939
1083012887492014885,4378721629787482518,300471914551172981,0,1,bkt,0.3684136829238471
1083012887492014885,4813462692425748605,300471914551172981,0,1,bkt,0.36839674166186287
1083012887492014885,4644364625800006675,300471914551172981,0,1,bkt,0.3683946750062361
1083012887492014885,1062464292871659639,8573800373938698102,1,1,bkt,0.9091649359144276
1083012887492014885,5932668873100475470,300471914551172981,0,1,bkt,0.3683944229035919
1083012887492014885,5237822943399727048,8573800373938698102,1,1,bkt,0.9091649532512726
1121364116392304820,300471914551172981,300471914551172981,1,1,bkt,0.6270461440332235
1121364116392304820,8573800373938698102,8573800373938698102,1,1,bkt,0.5064730900819714
1121364116392304820,2014268979504181100,300471914551172981,0,1,bkt,0.77270096802343
1121364116392304820,2172169907340938753,300471914551172981,0,1,bkt,0.5054404856249486
1121364116392304820,8150806168444344502,300471914551172981,0,1,bkt,0.38974456897574433
1121364116392304820,816286915455981984,8573800373938698102,0,1,bkt,0.6960034375848583
1121364116392304820,1962751598315765836,300471914551172981,1,1,bkt,0.3710899128559312
1121364116392304820,7444476343858270082,300471914551172981,1,1,bkt,0.44945565502464785
1121364116392304820,2537821716777940730,300471914551172981,1,1,bkt,0.5875275969465386
1121364116392304820,1061301253559417093,300471914551172981,0,1,bkt,0.7411786332266176
1121364116392304820,8553379303363759508,300471914551172981,1,1,bkt,0.4793657390774366
1121364116392304820,6440511557387709110,300471914551172981,0,1,bkt,0.6283227882175109
1121364116392304820,7744513373483970787,8573800373938698102,1,1,bkt,0.4310166825203454
1121364116392304820,2971078979906996375,300471914551172981,1,1,bkt,0.4222760829793958
1121364116392304820,5841359775533910823,300471914551172981,0,1,bkt,0.545444813111394
1121364116392304820,8621262567927479011,300471914551172981,1,1,bkt,0.3984042366462745
1121364116392304820,8434961942249729798,8573800373938698102,0,1,bkt,0.6117513468608533
1121364116392304820,2322042198017538996,8573800373938698102,1,1,bkt,0.3868008384540627
1121364116392304820,1742185772413642127,300471914551172981,1,1,bkt,0.5037472419847673
1121364116392304820,2334639155148655290,8573800373938698102,1,1,bkt,0.5471068662501555
1121364116392304820,7660717256841499384,300471914551172981,1,1,bkt,0.6579933644244247
1121364116392304820,4113615466659810841,300471914551172981,0,1,bkt,0.7947427048511969
1121364116392304820,6125574002232610732,300471914551172981,0,1,bkt,0.5284310194708584
1121364116392304820,2774368076249802464,8573800373938698102,1,1,bkt,0.7317466564530977
1121364116392304820,8903365289186067945,8573800373938698102,0,1,bkt,0.8441624688151265
1121364116392304820,6925932688889117475,300471914551172981,1,1,bkt,0.3945417344077643
1121364116392304820,8194071366621068887,8573800373938698102,1,1,bkt,0.6247316871470442
1121364116392304820,2986660907093963186,300471914551172981,1,1,bkt,0.4965262472703313
1121364116392304820,7591109345808921544,300471914551172981,1,1,bkt,0.6495096251108464
1121364116392304820,625545550176685521,8573800373938698102,1,1,bkt,0.7871033228211128
1121364116392304820,1761868641361943332,8573800373938698102,1,1,bkt,0.8675892409464167
1121364116392304820,4824259625677886603,300471914551172981,1,1,bkt,0.7889092560521584
1121364116392304820,8450591260754163598,8573800373938698102,0,1,bkt,0.8963174806780981
1121364116392304820,1553079256999111676,300471914551172981,1,1,bkt,0.8688547815574317
1121364116392304820,3220231712819306119,8573800373938698102,1,1,bkt,0.8246692120355892
1121364116392304820,338807275221326836,300471914551172981,0,1,bkt,0.9031288054399901
1121364116392304820,8525319303741530302,8573800373938698102,1,1,bkt,0.8816956724272351
1121364116392304820,6587421150596252277,300471914551172981,0,1,bkt,0.7936959061779415
1121364116392304820,5891620578387310353,300471914551172981,1,1,bkt,0.5272280457319645
1121364116392304820,5791250638486922978,300471914551172981,1,1,bkt,0.6839738314337905
1121364116392304820,4031585874086886353,8573800373938698102,1,1,bkt,0.9008123732241301
1121364116392304820,2083452711903133430,8573800373938698102,1,1,bkt,0.906679087102184
1121364116392304820,6319743179241711738,8573800373938698102,1,1,bkt,0.9084299090559558
1121364116392304820,8628686323660025649,300471914551172981,1,1,bkt,0.811706816957998
1121364116392304820,4378721629787482518,300471914551172981,1,1,bkt,0.8793166034051401
1121364116392304820,4813462692425748605,300471914551172981,0,1,bkt,0.9071528245224566
1121364116392304820,4644364625800006675,300471914551172981,1,1,bkt,0.8154677951313613
1121364116392304820,1062464292871659639,8573800373938698102,1,1,bkt,0.9089480309896286
1121364116392304820,5932668873100475470,300471914551172981,0,1,bkt,0.8809863093207496
1121364116392304820,5237822943399727048,8573800373938698102,0,1,bkt,0.9091009764239875
1121940775251872465,300471914551172981,300471914551172981,0,1,bkt,0.6270461440332235
1121940775251872465,8573800373938698102,8573800373938698102,1,1,bkt,0.5064730900819714
1121940775251872465,2014268979504181100,300471914551172981,0,1,bkt,0.42182790732040143
1121940775251872465,2172169907340938753,300471914551172981,1,1,bkt,0.3755148815622478
1121940775251872465,8150806168444344502,300471914551172981,0,1,bkt,0.45878710392490996
1121940775251872465,816286915455981984,8573800373938698102,1,1,bkt,0.6960034375848583
1121940775251872465,1962751598315765836,300471914551172981,1,1,bkt,0.38126261596119326
1121940775251872465,7444476343858270082,300471914551172981,0,1,bkt,0.4705846177712847
1121940775251872465,2537821716777940730,300471914551172981,0,1,bkt,0.3832662815259673
1121940775251872465,1061301253559417093,300471914551172981,1,1,bkt,0.37025228656782644
1121940775251872465,8553379303363759508,300471914551172981,1,1,bkt,0.4476641477307385
1121940775251872465,6440511557387709110,300471914551172981,0,1,bkt,0.5849110736985279
1121940775251872465,7744513373483970787,8573800373938698102,1,1,bkt,0.827056150610966
1121940775251872465,2971078979906996375,300471914551172981,0,1,bkt,0.4085830615709965
1121940775251872465,5841359775533910823,300471914551172981,0,1,bkt,0.3736299505855687
1121940775251872465,8621262567927479011,300471914551172981,0,1,bkt,0.3690383878269603
1121940775251872465,8434961942249729798,8573800373938698102,1,1,bkt,0.88254869688539
1121940775251872465,2322042198017538996,8573800373938698102,1,1,bkt,0.9010795748605225
1121940775251872465,1742185772413642127,300471914551172981,1,1,bkt,0.36847302658187014
1121940775251872465,2334639155148655290,8573800373938698102,1,1,bkt,0.906759324464294
1121940775251872465,7660717256841499384,300471914551172981,1,1,bkt,0.44383165674940195
1121940775251872465,4113615466659810841,300471914551172981,0,1,bkt,0.5792427357878626
1121940775251872465,6125574002232610732,300471914551172981,0,1,bkt,0.40700369699486405
1121940775251872465,2774368076249802464,8573800373938698102,1,1,bkt,0.9084536974996698
1121940775251872465,8903365289186067945,8573800373938698102,1,1,bkt,0.9089550569682892
1121940775251872465,6925932688889117475,300471914551172981,1,1,bkt,0.37341080330835724
1121940775251872465,8194071366621068887,8573800373938698102,1,1,bkt,0.9091030492382115
1121940775251872465,2986660907093963186,300471914551172981,1,1,bkt,0.4543775664576068
1121940775251872465,7591109345808921544,300471914551172981,1,1,bkt,0.5946099120404108
1121940775251872465,625545550176685521,8573800373938698102,1,1,bkt,0.9091467026833527
1121940775251872465,1761868641361943332,8573800373938698102,1,1,bkt,0.9091595764744865
1121940775251872465,4824259625677886603,300471914551172981,1,1,bkt,0.7471360777912794
1121940775251872465,8450591260754163598,8573800373938698102,1,1,bkt,0.9091633728344996
1121940775251872465,1553079256999111676,300471914551172981,1,1,bkt,0.848028298372465
1121940775251872465,3220231712819306119,8573800373938698102,1,1,bkt,0.9091644923248609
1121940775251872465,338807275221326836,300471914551172981,0,1,bkt,0.8948225825611974
1121940775251872465,8525319303741530302,8573800373938698102,1,1,bkt,0.9091648224442089
1121940775251872465,6587421150596252277,300471914551172981,1,1,bkt,0.7540237456155209
1121940775251872465,5891620578387310353,300471914551172981,0,1,bkt,0.851621095074697
1121940775251872465,5791250638486922978,300471914551172981,1,1,bkt,0.6193126194318953
1121940775251872465,4031585874086886353,8573800373938698102,1,1,bkt,0.9091649197908356
1121940775251872465,2083452711903133430,8573800373938698102,1,1,bkt,0.9091649484967002
1121940775251872465,6319743179241711738,8573800373938698102,1,1,bkt,0.9091649569615701
1121940775251872465,8628686323660025649,300471914551172981,0,1,bkt,0.7668488480515585
1121940775251872465,4378721629787482518,300471914551172981,1,1,bkt,0.5000667351079933
1121940775251872465,4813462692425748605,300471914551172981,1,1,bkt,0.6536998575090014
1121940775251872465,4644364625800006675,300471914551172981,1,1,bkt,0.791809398362458
1121940775251872465,1062464292871659639,8573800373938698102,0,1,bkt,0.9091649594577158
1121940775251872465,5932668873100475470,300471914551172981,1,1,bkt,0.8702191032547104
1121940775251872465,5237822943399727048,8573800373938698102,1,1,bkt,0.9091649526650197
1252546747542146942,300471914551172981,300471914551172981,1,1,bkt,0.6270461440332235
1252546747542146942,8573800373938698102,8573800373938698102,1,1,bkt,0.5064730900819714
1252546747542146942,2014268979504181100,300471914551172981,1,1,bkt,0.77270096802343
1252546747542146942,2172169907340938753,300471914551172981,1,1,bkt,0.8610413139091273
1252546747542146942,8150806168444344502,300471914551172981,1,1,bkt,0.900059657568269
1252546747542146942,816286915455981984,8573800373938698102,1,1,bkt,0.6960034375848583
1252546747542146942,1962751598315765836,300471914551172981,1,1,bkt,0.9148547854652099
1252546747542146942,7444476343858270082,300471914551172981,1,1,bkt,0.9201348647501719
1252546747542146942,2537821716777940730,300471914551172981,1,1,bkt,0.9219781051191799
1252546747542146942,1061301253559417093,300471914551172981,1,1,bkt,0.9226165965299471
1252546747542146942,8553379303363759508,300471914551172981,1,1,bkt,0.9228371725871625
1252546747542146942,6440511557387709110,300471914551172981,1,1,bkt,0.9229133028286419
1252546747542146942,7744513373483970787,8573800373938698102,0,1,bkt,0.827056150610966
1252546747542146942,2971078979906996375,300471914551172981,1,1,bkt,0.9229395701871741
1252546747542146942,5841359775533910823,300471914551172981,1,1,bkt,0.9229486322571232
1252546747542146942,8621262567927479011,300471914551172981,1,1,bkt,0.9229517584933665
1252546747542146942,8434961942249729798,8573800373938698102,0,1,bkt,0.5854169633115799
1252546747542146942,2322042198017538996,8573800373938698102,0,1,bkt,0.3766669169918966
1252546747542146942,1742185772413642127,300471914551172981,1,1,bkt,0.9229528369692599
1252546747542146942,2334639155148655290,8573800373938698102,0,1,bkt,0.32663228169943637
1252546747542146942,7660717256841499384,300471914551172981,1,1,bkt,0.9229532090156645
1252546747542146942,4113615466659810841,300471914551172981,1,1,bkt,0.9229533373618893
1252546747542146942,6125574002232610732,300471914551172981,1,1,bkt,0.9229533816379375
1252546747542146942,2774368076249802464,8573800373938698102,1,1,bkt,0.3192485801754673
1252546747542146942,8903365289186067945,8573800373938698102,0,1,bkt,0.4137674627395257
1252546747542146942,6925932688889117475,300471914551172981,1,1,bkt,0.9229533969119985
1252546747542146942,8194071366621068887,8573800373938698102,0,1,bkt,0.33292105682214584
1252546747542146942,2986660907093963186,300471914551172981,1,1,bkt,0.9229534021811435
1252546747542146942,7591109345808921544,300471914551172981,1,1,bkt,0.9229534039988586
1252546747542146942,625545550176685521,8573800373938698102,0,1,bkt,0.3201157664685986
1252546747542146942,1761868641361943332,8573800373938698102,1,1,bkt,0.318366914332053
1252546747542146942,4824259625677886603,300471914551172981,1,1,bkt,0.922953404368367
1252546747542146942,8450591260754163598,8573800373938698102,0,1,bkt,0.41165308717718296
1252546747542146942,1553079256999111676,300471914551172981,1,1,bkt,0.922953404368367
1252546747542146942,3220231712819306119,8573800373938698102,0,1,bkt,0.33254134458265067
1252546747542146942,338807275221326836,300471914551172981,1,1,bkt,0.922953404368367
1252546747542146942,8525319303741530302,8573800373938698102,0,1,bkt,0.32006294276363145
1252546747542146942,6587421150596252277,300471914551172981,1,1,bkt,0.922953404368367
1252546747542146942,5891620578387310353,300471914551172981,1,1,bkt,0.922953404368367
1252546747542146942,5791250638486922978,300471914551172981,1,1,bkt,0.922953404368367
1252546747542146942,4031585874086886353,8573800373938698102,0,1,bkt,0.31835983648716143
1252546747542146942,2083452711903133430,8573800373938698102,1,1,bkt,0.3181322252339974
1252546747542146942,6319743179241711738,8573800373938698102,0,1,bkt,0.4110882902286692
1252546747542146942,8628686323660025649,300471914551172981,1,1,bkt,0.922953404368367
1252546747542146942,4378721629787482518,300471914551172981,1,1,bkt,0.922953404368367
1252546747542146942,4813462692425748605,300471914551172981,1,1,bkt,0.922953404368367
1252546747542146942,4644364625800006675,300471914551172981,1,1,bkt,0.922953404368367
1252546747542146942,1062464292871659639,8573800373938698102,0,1,bkt,0.33244037640065205
1252546747542146942,5932668873100475470,300471914551172981,1,1,bkt,0.922953404368367
1252546747542146942,5237822943399727048,8573800373938698102,1,1,bkt,0.32004890667926716
1257891084249187722,300471914551172981,300471914551172981,1,1,bkt,0.6270461440332235
1257891084249187722,8573800373938698102,8573800373938698102,0,1,bkt,0.5064730900819714
1257891084249187722,2014268979504181100,300471914551172981,0,1,bkt,0.77270096802343
1257891084249187722,2172169907340938753,300471914551172981,0,1,bkt,0.5054404856249486
1257891084249187722,8150806168444344502,300471914551172981,1,1,bkt,0.38974456897574433
1257891084249187722,816286915455981984,8573800373938698102,0,1,bkt,0.35276834629056547
1257891084249187722,1962751598315765836,300471914551172981,0,1,bkt,0.48735862196950075
1257891084249187722,7444476343858270082,300471914551172981,1,1,bkt,0.3862739223081658
1257891084249187722,2537821716777940730,300471914551172981,1,1,bkt,0.48058407713971885
1257891084249187722,1061301253559417093,300471914551172981,0,1,bkt,0.629876879856794
1257891084249187722,8553379303363759508,300471914551172981,0,1,bkt,0.4228258312928254
1257891084249187722,6440511557387709110,300471914551172981,1,1,bkt,0.37566040497629605
1257891084249187722,7744513373483970787,8573800373938698102,0,1,bkt,0.32296311143420975
1257891084249187722,2971078979906996375,300471914551172981,1,1,bkt,0.45909025246449914
1257891084249187722,5841359775533910823,300471914551172981,1,1,bkt,0.6012488518666935
1257891084249187722,8621262567927479011,300471914551172981,1,1,bkt,0.7525931224532829
1257891084249187722,8434961942249729798,8573800373938698102,1,1,bkt,0.3187500641718073
1257891084249187722,2322042198017538996,8573800373938698102,0,1,bkt,0.412573378773676
1257891084249187722,1742185772413642127,300471914551172981,1,1,bkt,0.8508802538098446
1257891084249187722,2334639155148655290,8573800373938698102,0,1,bkt,0.3327062801113441
1257891084249187722,7660717256841499384,300471914551172981,1,1,bkt,0.8959840555806998
1257891084249187722,4113615466659810841,300471914551172981,1,1,bkt,0.9133696523967441
1257891084249187722,6125574002232610732,300471914551172981,1,1,bkt,0.919612574634374
1257891084249187722,2774368076249802464,8573800373938698102,0,1,bkt,0.3200858804005391
1257891084249187722,8903365289186067945,8573800373938698102,1,1,bkt,0.3183629097645878
1257891084249187722,6925932688889117475,300471914551172981,1,1,bkt,0.9217967204406968
1257891084249187722,8194071366621068887,8573800373938698102,0,1,bkt,0.4116434568678281
1257891084249187722,2986660907093963186,300471914551172981,0,1,bkt,0.922553878845796
1257891084249187722,7591109345808921544,300471914551172981,1,1,bkt,0.9196951018967034
1257891084249187722,625545550176685521,8573800373938698102,0,1,bkt,0.3325396213574574
1257891084249187722,1761868641361943332,8573800373938698102,1,1,bkt,0.3200627031739891
1257891084249187722,4824259625677886603,300471914551172981,1,1,bkt,0.9218253948080221
1257891084249187722,8450591260754163598,8573800373938698102,0,1,bkt,0.4157095153790612
1257891084249187722,1553079256999111676,300471914551172981,0,1,bkt,0.9225637952723148
1257891084249187722,3220231712819306119,8573800373938698102,0,1,bkt,0.33327224357717206
1257891084249187722,338807275221326836,300471914551172981,1,1,bkt,0.9197755676160727
1257891084249187722,8525319303741530302,8573800373938698102,1,1,bkt,0.3201646754056453
1257891084249187722,6587421150596252277,300471914551172981,1,1,bkt,0.9218533479310632
1257891084249187722,5891620578387310353,300471914551172981,1,1,bkt,0.9225734616778525
1257891084249187722,5791250638486922978,300471914551172981,1,1,bkt,0.9228222806473163
1257891084249187722,4031585874086886353,8573800373938698102,0,1,bkt,0.41595206938898444
1257891084249187722,2083452711903133430,8573800373938698102,1,1,bkt,0.3333162693531408
1257891084249187722,6319743179241711738,8573800373938698102,0,1,bkt,0.4459909318987504
1257891084249187722,8628686323660025649,300471914551172981,1,1,bkt,0.9229081641281905
1257891084249187722,4378721629787482518,300471914551172981,1,1,bkt,0.9229377973082019
1257891084249187722,4813462692425748605,300471914551172981,1,1,bkt,0.9229480206414996
1257891084249187722,4644364625800006675,300471914551172981,1,1,bkt,0.9229515474999144
1257891084249187722,1062464292871659639,8573800373938698102,0,1,bkt,0.33906661544328354
1257891084249187722,5932668873100475470,300471914551172981,1,1,bkt,0.9229527641818518
1257891084249187722,5237822943399727048,8573800373938698102,0,1,bkt,0.32097914711276293
1292659649092941673,300471914551172981,300471914551172981,1,1,bkt,0.6270461440332235
1292659649092941673,8573800373938698102,8573800373938698102,0,1,bkt,0.5064730900819714
1292659649092941673,2014268979504181100,300471914551172981,1,1,bkt,0.77270096802343
1292659649092941673,2172169907340938753,300471914551172981,1,1,bkt,0.8610413139091273
1292659649092941673,8150806168444344502,300471914551172981,1,1,bkt,0.900059657568269
1292659649092941673,816286915455981984,8573800373938698102,1,1,bkt,0.35276834629056547
1292659649092941673,1962751598315765836,300471914551172981,1,1,bkt,0.9148547854652099
1292659649092941673,7444476343858270082,300471914551172981,1,1,bkt,0.9201348647501719
1292659649092941673,2537821716777940730,300471914551172981,1,1,bkt,0.9219781051191799
1292659649092941673,1061301253559417093,300471914551172981,1,1,bkt,0.9226165965299471
1292659649092941673,8553379303363759508,300471914551172981,1,1,bkt,0.9228371725871625
1292659649092941673,6440511557387709110,300471914551172981,1,1,bkt,0.9229133028286419
1292659649092941673,7744513373483970787,8573800373938698102,0,1,bkt,0.48631412116296824
1292659649092941673,2971078979906996375,300471914551172981,1,1,bkt,0.9229395701871741
1292659649092941673,5841359775533910823,300471914551172981,1,1,bkt,0.9229486322571232
1292659649092941673,8621262567927479011,300471914551172981,1,1,bkt,0.9229517584933665
1292659649092941673,8434961942249729798,8573800373938698102,0,1,bkt,0.34784301197993767
1292659649092941673,2322042198017538996,8573800373938698102,0,1,bkt,0.322240342168988
1292659649092941673,1742185772413642127,300471914551172981,1,1,bkt,0.9229528369692599
1292659649092941673,2334639155148655290,8573800373938698102,0,1,bkt,0.31865250064450834
1292659649092941673,7660717256841499384,300471914551172981,1,1,bkt,0.9229532090156645
1292659649092941673,4113615466659810841,300471914551172981,1,1,bkt,0.9229533373618893
1292659649092941673,6125574002232610732,300471914551172981,1,1,bkt,0.9229533816379375
1292659649092941673,2774368076249802464,8573800373938698102,0,1,bkt,0.31817125730210705
1292659649092941673,8903365289186067945,8573800373938698102,0,1,bkt,0.3181070925343455
1292659649092941673,6925932688889117475,300471914551172981,1,1,bkt,0.9229533969119985
1292659649092941673,8194071366621068887,8573800373938698102,0,1,bkt,0.3180985442096067
1292659649092941673,2986660907093963186,300471914551172981,1,1,bkt,0.9229534021811435
1292659649092941673,7591109345808921544,300471914551172981,1,1,bkt,0.9229534039988586
1292659649092941673,625545550176685521,8573800373938698102,0,1,bkt,0.31809740548400506
1292659649092941673,1761868641361943332,8573800373938698102,0,1,bkt,0.31809725379608794
1292659649092941673,4824259625677886603,300471914551172981,1,1,bkt,0.922953404368367
1292659649092941673,8450591260754163598,8573800373938698102,0,1,bkt,0.31809723359000786
1292659649092941673,1553079256999111676,300471914551172981,1,1,bkt,0.922953404368367
1292659649092941673,3220231712819306119,8573800373938698102,0,1,bkt,0.3180972308983922
1292659649092941673,338807275221326836,300471914551172981,1,1,bkt,0.922953404368367
1292659649092941673,8525319303741530302,8573800373938698102,0,1,bkt,0.31809723053984695
1292659649092941673,6587421150596252277,300471914551172981,1,1,bkt,0.922953404368367
1292659649092941673,5891620578387310353,300471914551172981,1,1,bkt,0.922953404368367
1292659649092941673,5791250638486922978,300471914551172981,1,1,bkt,0.922953404368367
1292659649092941673,4031585874086886353,8573800373938698102,0,1,bkt,0.31809723049208577
1292659649092941673,2083452711903133430,8573800373938698102,1,1,bkt,0.31809723048572364
1292659649092941673,6319743179241711738,8573800373938698102,1,1,bkt,0.41100400133765913
1292659649092941673,8628686323660025649,300471914551172981,1,1,bkt,0.922953404368367
1292659649092941673,4378721629787482518,300471914551172981,1,1,bkt,0.922953404368367
1292659649092941673,4813462692425748605,300471914551172981,0,1,bkt,0.922953404368367
1292659649092941673,4644364625800006675,300471914551172981,1,1,bkt,0.9229534001375432
1292659649092941673,1062464292871659639,8573800373938698102,0,1,bkt,0.584215390539256
1292659649092941673,5932668873100475470,300471914551172981,1,1,bkt,0.9229534032938709
1292659649092941673,5237822943399727048,8573800373938698102,0,1,bkt,0.37623515341349567
1314274021776008685,300471914551172981,300471914551172981,1,1,bkt,0.6270461440332235
1314274021776008685,8573800373938698102,8573800373938698102,0,1,bkt,0.5064730900819714
1314274021776008685,2014268979504181100,300471914551172981,1,1,bkt,0.77270096802343
1314274021776008685,2172169907340938753,300471914551172981,1,1,bkt,0.8610413139091273
1314274021776008685,8150806168444344502,300471914551172981,1,1,bkt,0.900059657568269
1314274021776008685,816286915455981984,8573800373938698102,1,1,bkt,0.35276834629056547
1314274021776008685,1962751598315765836,300471914551172981,1,1,bkt,0.9148547854652099
1314274021776008685,7444476343858270082,300471914551172981,1,1,bkt,0.9201348647501719
1314274021776008685,2537821716777940730,300471914551172981,1,1,bkt,0.9219781051191799
1314274021776008685,1061301253559417093,300471914551172981,1,1,bkt,0.9226165965299471
1314274021776008685,8553379303363759508,300471914551172981,1,1,bkt,0.9228371725871625
1314274021776008685,6440511557387709110,300471914551172981,1,1,bkt,0.9229133028286419
1314274021776008685,7744513373483970787,8573800373938698102,0,1,bkt,0.48631412116296824
1314274021776008685,2971078979906996375,300471914551172981,1,1,bkt,0.9229395701871741
1314274021776008685,5841359775533910823,300471914551172981,1,1,bkt,0.9229486322571232
1314274021776008685,8621262567927479011,300471914551172981,1,1,bkt,0.9229517584933665
1314274021776008685,8434961942249729798,8573800373938698102,1,1,bkt,0.34784301197993767
1314274021776008685,2322042198017538996,8573800373938698102,1,1,bkt,0.4765305403004627
1314274021776008685,1742185772413642127,300471914551172981,1,1,bkt,0.9229528369692599
1314274021776008685,2334639155148655290,8573800373938698102,1,1,bkt,0.6657637929811244
1314274021776008685,7660717256841499384,300471914551172981,1,1,bkt,0.9229532090156645
1314274021776008685,4113615466659810841,300471914551172981,1,1,bkt,0.9229533373618893
1314274021776008685,6125574002232610732,300471914551172981,1,1,bkt,0.9229533816379375
1314274021776008685,2774368076249802464,8573800373938698102,1,1,bkt,0.8111494486985459
1314274021776008685,8903365289186067945,8573800373938698102,1,1,bkt,0.8767693430218653
1314274021776008685,6925932688889117475,300471914551172981,1,1,bkt,0.9229533969119985
1314274021776008685,8194071366621068887,8573800373938698102,0,1,bkt,0.899259076593505
1314274021776008685,2986660907093963186,300471914551172981,1,1,bkt,0.9229534021811435
1314274021776008685,7591109345808921544,300471914551172981,1,1,bkt,0.9229534039988586
1314274021776008685,625545550176685521,8573800373938698102,1,1,bkt,0.8421132654900424
1314274021776008685,1761868641361943332,8573800373938698102,0,1,bkt,0.8878182195481283
1314274021776008685,4824259625677886603,300471914551172981,1,1,bkt,0.922953404368367
1314274021776008685,8450591260754163598,8573800373938698102,0,1,bkt,0.7794076887086967
1314274021776008685,1553079256999111676,300471914551172981,1,1,bkt,0.922953404368367
1314274021776008685,3220231712819306119,8573800373938698102,1,1,bkt,0.5080546838905249
1314274021776008685,338807275221326836,300471914551172981,1,1,bkt,0.922953404368367
1314274021776008685,8525319303741530302,8573800373938698102,1,1,bkt,0.6975016146292332
1314274021776008685,6587421150596252277,300471914551172981,1,1,bkt,0.922953404368367
1314274021776008685,5891620578387310353,300471914551172981,1,1,bkt,0.922953404368367
1314274021776008685,5791250638486922978,300471914551172981,1,1,bkt,0.922953404368367
1314274021776008685,4031585874086886353,8573800373938698102,1,1,bkt,0.8278083648560479
1314274021776008685,2083452711903133430,8573800373938698102,1,1,bkt,0.8828164976203092
1314274021776008685,6319743179241711738,8573800373938698102,1,1,bkt,0.9011633543410483
1314274021776008685,8628686323660025649,300471914551172981,1,1,bkt,0.922953404368367
1314274021776008685,4378721629787482518,300471914551172981,1,1,bkt,0.922953404368367
1314274021776008685,4813462692425748605,300471914551172981,1,1,bkt,0.922953404368367
1314274021776008685,4644364625800006675,300471914551172981,1,1,bkt,0.922953404368367
1314274021776008685,1062464292871659639,8573800373938698102,1,1,bkt,0.9067844726125502
1314274021776008685,5932668873100475470,300471914551172981,1,1,bkt,0.922953404368367
1314274021776008685,5237822943399727048,8573800373938698102,1,1,bkt,0.9084611524529148
1323516988765165119,300471914551172981,300471914551172981,1,1,bkt,0.6270461440332235
1323516988765165119,8573800373938698102,8573800373938698102,1,1,bkt,0.5064730900819714
1323516988765165119,2014268979504181100,300471914551172981,0,1,bkt,0.77270096802343
1323516988765165119,2172169907340938753,300471914551172981,1,1,bkt,0.5054404856249486
1323516988765165119,8150806168444344502,300471914551172981,1,1,bkt,0.659947622549702
1323516988765165119,816286915455981984,8573800373938698102,1,1,bkt,0.6960034375848583
1323516988765165119,1962751598315765836,300471914551172981,1,1,bkt,0.7960652062015453
1323516988765165119,7444476343858270082,300471914551172981,1,1,bkt,0.8722031773909982
1323516988765165119,2537821716777940730,300471914551172981,0,1,bkt,0.9044272311710359
1323516988765165119,1061301253559417093,300471914551172981,0,1,bkt,0.8005206714777197
1323516988765165119,8553379303363759508,300471914551172981,0,1,bkt,0.5352981920313529
1323516988765165119,6440511557387709110,300471914551172981,1,1,bkt,0.396066692115762
1323516988765165119,7744513373483970787,8573800373938698102,1,1,bkt,0.827056150610966
1323516988765165119,2971078979906996375,300471914551172981,1,1,bkt,0.4993940000493472
1323516988765165119,5841359775533910823,300471914551172981,0,1,bkt,0.6529082353265258
1323516988765165119,8621262567927479011,300471914551172981,1,1,bkt,0.4315500873783856
1323516988765165119,8434961942249729798,8573800373938698102,1,1,bkt,0.88254869688539
1323516988765165119,2322042198017538996,8573800373938698102,1,1,bkt,0.9010795748605225
1323516988765165119,1742185772413642127,300471914551172981,1,1,bkt,0.5603997568919106
1323516988765165119,2334639155148655290,8573800373938698102,0,1,bkt,0.906759324464294
1323516988765165119,7660717256841499384,300471914551172981,1,1,bkt,0.7169664368521049
1323516988765165119,4113615466659810841,300471914551172981,1,1,bkt,0.8314775823105076
1323516988765165119,6125574002232610732,300471914551172981,0,1,bkt,0.8879249337423274
1323516988765165119,2774368076249802464,8573800373938698102,1,1,bkt,0.8915716744505453
1323516988765165119,8903365289186067945,8573800373938698102,1,1,bkt,0.9038746272613573
1323516988765165119,6925932688889117475,300471914551172981,1,1,bkt,0.7255484000655721
1323516988765165119,8194071366621068887,8573800373938698102,0,1,bkt,0.9075958007450766
1323516988765165119,2986660907093963186,300471914551172981,1,1,bkt,0.8363256270015216
1323516988765165119,7591109345808921544,300471914551172981,1,1,bkt,0.889973669020053
1323516988765165119,625545550176685521,8573800373938698102,1,1,bkt,0.897585244510102
1323516988765165119,1761868641361943332,8573800373938698102,1,1,bkt,0.9057062474644825
1323516988765165119,4824259625677886603,300471914551172981,1,1,bkt,0.9111546706775179
1323516988765165119,8450591260754163598,8573800373938698102,1,1,bkt,0.908141150200104
1323516988765165119,1553079256999111676,300471914551172981,1,1,bkt,0.9188304487783827
1323516988765165119,3220231712819306119,8573800373938698102,1,1,bkt,0.9088627159592146
1323516988765165119,338807275221326836,300471914551172981,1,1,bkt,0.9215247125241535
1323516988765165119,8525319303741530302,8573800373938698102,1,1,bkt,0.9090758041050283
1323516988765165119,6587421150596252277,300471914551172981,1,1,bkt,0.9224597799386564
1323516988765165119,5891620578387310353,300471914551172981,1,1,bkt,0.9227830263242648
1323516988765165119,5791250638486922978,300471914551172981,1,1,bkt,0.9228946180055365
1323516988765165119,4031585874086886353,8573800373938698102,1,1,bkt,0.9091386672234337
1323516988765165119,2083452711903133430,8573800373938698102,1,1,bkt,0.9091572068383783
1323516988765165119,6319743179241711738,8573800373938698102,1,1,bkt,0.9091626740591555
1323516988765165119,8628686323660025649,300471914551172981,1,1,bkt,0.9229331237292585
1323516988765165119,4378721629787482518,300471914551172981,1,1,bkt,0.9229464083183174
1323516988765165119,4813462692425748605,300471914551172981,1,1,bkt,0.922950991283819
1323516988765165119,4644364625800006675,300471914551172981,1,1,bkt,0.9229525723011981
1323516988765165119,1062464292871659639,8573800373938698102,1,1,bkt,0.9091642862670595
1323516988765165119,5932668873100475470,300471914551172981,1,1,bkt,0.9229531177120808
1323516988765165119,5237822943399727048,8573800373938698102,1,1,bkt,0.9091647616812037
1327066424004720614,300471914551172981,300471914551172981,1,1,bkt,0.6270461440332235
1327066424004720614,8573800373938698102,8573800373938698102,0,1,bkt,0.5064730900819714
1327066424004720614,2014268979504181100,300471914551172981,1,1,bkt,0.77270096802343
1327066424004720614,2172169907340938753,300471914551172981,1,1,bkt,0.8610413139091273
1327066424004720614,8150806168444344502,300471914551172981,1,1,bkt,0.900059657568269
1327066424004720614,816286915455981984,8573800373938698102,0,1,bkt,0.35276834629056547
1327066424004720614,1962751598315765836,300471914551172981,1,1,bkt,0.9148547854652099
1327066424004720614,7444476343858270082,300471914551172981,1,1,bkt,0.9201348647501719
1327066424004720614,2537821716777940730,300471914551172981,1,1,bkt,0.9219781051191799
1327066424004720614,1061301253559417093,300471914551172981,1,1,bkt,0.9226165965299471
1327066424004720614,8553379303363759508,300471914551172981,1,1,bkt,0.9228371725871625
1327066424004720614,6440511557387709110,300471914551172981,1,1,bkt,0.9229133028286419
1327066424004720614,7744513373483970787,8573800373938698102,0,1,bkt,0.32296311143420975
1327066424004720614,2971078979906996375,300471914551172981,1,1,bkt,0.9229395701871741
1327066424004720614,5841359775533910823,300471914551172981,1,1,bkt,0.9229486322571232
1327066424004720614,8621262567927479011,300471914551172981,1,1,bkt,0.9229517584933665
1327066424004720614,8434961942249729798,8573800373938698102,0,1,bkt,0.3187500641718073
1327066424004720614,2322042198017538996,8573800373938698102,0,1,bkt,0.318184276619551
1327066424004720614,1742185772413642127,300471914551172981,1,1,bkt,0.9229528369692599
1327066424004720614,2334639155148655290,8573800373938698102,0,1,bkt,0.31810882722389705
1327066424004720614,7660717256841499384,300471914551172981,1,1,bkt,0.9229532090156645
1327066424004720614,4113615466659810841,300471914551172981,1,1,bkt,0.9229533373618893
1327066424004720614,6125574002232610732,300471914551172981,1,1,bkt,0.9229533816379375
1327066424004720614,2774368076249802464,8573800373938698102,0,1,bkt,0.3180987752917487
1327066424004720614,8903365289186067945,8573800373938698102,0,1,bkt,0.31809743626617
1327066424004720614,6925932688889117475,300471914551172981,1,1,bkt,0.9229533969119985
1327066424004720614,8194071366621068887,8573800373938698102,0,1,bkt,0.318097257896527
1327066424004720614,2986660907093963186,300471914551172981,1,1,bkt,0.9229534021811435
1327066424004720614,7591109345808921544,300471914551172981,1,1,bkt,0.9229534039988586
1327066424004720614,625545550176685521,8573800373938698102,0,1,bkt,0.31809723413622
1327066424004720614,1761868641361943332,8573800373938698102,1,1,bkt,0.31809723097115217
1327066424004720614,4824259625677886603,300471914551172981,1,1,bkt,0.922953404368367
1327066424004720614,8450591260754163598,8573800373938698102,1,1,bkt,0.41100400250699853
1327066424004720614,1553079256999111676,300471914551172981,1,1,bkt,0.922953404368367
1327066424004720614,3220231712819306119,8573800373938698102,0,1,bkt,0.5842153922265216
1327066424004720614,338807275221326836,300471914551172981,1,1,bkt,0.922953404368367
1327066424004720614,8525319303741530302,8573800373938698102,0,1,bkt,0.37623515401803215
1327066424004720614,6587421150596252277,300471914551172981,1,1,bkt,0.922953404368367
1327066424004720614,5891620578387310353,300471914551172981,1,1,bkt,0.922953404368367
1327066424004720614,5791250638486922978,300471914551172981,1,1,bkt,0.922953404368367
1327066424004720614,4031585874086886353,8573800373938698102,1,1,bkt,0.3265634988461611
1327066424004720614,2083452711903133430,8573800373938698102,1,1,bkt,0.43086950219697284
1327066424004720614,6319743179241711738,8573800373938698102,0,1,bkt,0.611558174523325
1327066424004720614,8628686323660025649,300471914551172981,1,1,bkt,0.922953404368367
1327066424004720614,4378721629787482518,300471914551172981,1,1,bkt,0.922953404368367
1327066424004720614,4813462692425748605,300471914551172981,1,1,bkt,0.922953404368367
1327066424004720614,4644364625800006675,300471914551172981,1,1,bkt,0.922953404368367
1327066424004720614,1062464292871659639,8573800373938698102,0,1,bkt,0.3867214997952567
1327066424004720614,5932668873100475470,300471914551172981,1,1,bkt,0.922953404368367
1327066424004720614,5237822943399727048,8573800373938698102,0,1,bkt,0.3282614351834057
1376334605523658368,300471914551172981,300471914551172981,1,1,bkt,0.6270461440332235
1376334605523658368,8573800373938698102,8573800373938698102,0,1,bkt,0.5064730900819714
1376334605523658368,2014268979504181100,300471914551172981,1,1,bkt,0.77270096802343
1376334605523658368,2172169907340938753,300471914551172981,1,1,bkt,0.8610413139091273
1376334605523658368,8150806168444344502,300471914551172981,1,1,bkt,0.900059657568269
1376334605523658368,816286915455981984,8573800373938698102,0,1,bkt,0.35276834629056547
1376334605523658368,1962751598315765836,300471914551172981,1,1,bkt,0.9148547854652099
1376334605523658368,7444476343858270082,300471914551172981,1,1,bkt,0.9201348647501719
1376334605523658368,2537821716777940730,300471914551172981,1,1,bkt,0.9219781051191799
1376334605523658368,1061301253559417093,300471914551172981,1,1,bkt,0.9226165965299471
1376334605523658368,8553379303363759508,300471914551172981,1,1,bkt,0.9228371725871625
1376334605523658368,6440511557387709110,300471914551172981,1,1,bkt,0.9229133028286419
1376334605523658368,7744513373483970787,8573800373938698102,0,1,bkt,0.32296311143420975
1376334605523658368,2971078979906996375,300471914551172981,0,1,bkt,0.9229395701871741
1376334605523658368,5841359775533910823,300471914551172981,1,1,bkt,0.9228400118987917
1376334605523658368,8621262567927479011,300471914551172981,1,1,bkt,0.9229142825594067
1376334605523658368,8434961942249729798,8573800373938698102,0,1,bkt,0.3187500641718073
1376334605523658368,2322042198017538996,8573800373938698102,0,1,bkt,0.318184276619551
1376334605523658368,1742185772413642127,300471914551172981,1,1,bkt,0.9229399081972552
1376334605523658368,2334639155148655290,8573800373938698102,1,1,bkt,0.31810882722389705
1376334605523658368,7660717256841499384,300471914551172981,1,1,bkt,0.9229487488650683
1376334605523658368,4113615466659810841,300471914551172981,1,1,bkt,0.9229517987204185
1376334605523658368,6125574002232610732,300471914551172981,0,1,bkt,0.9229528508465722
1376334605523658368,2774368076249802464,8573800373938698102,1,1,bkt,0.4110319354747787
1376334605523658368,8903365289186067945,8573800373938698102,0,1,bkt,0.584255694586733
1376334605523658368,6925932688889117475,300471914551172981,1,1,bkt,0.9229488625592789
1376334605523658368,8194071366621068887,8573800373938698102,0,1,bkt,0.37624959549549725
1376334605523658368,2986660907093963186,300471914551172981,1,1,bkt,0.9229518379422896
1376334605523658368,7591109345808921544,300471914551172981,1,1,bkt,0.9229528643771217
1376334605523658368,625545550176685521,8573800373938698102,0,1,bkt,0.32656579793501034
1376334605523658368,1761868641361943332,8573800373938698102,0,1,bkt,0.3192394989594992
1376334605523658368,4824259625677886603,300471914551172981,1,1,bkt,0.9229532184706594
1376334605523658368,8450591260754163598,8573800373938698102,0,1,bkt,0.3182496453235378
1376334605523658368,1553079256999111676,300471914551172981,0,1,bkt,0.9229533406236126
1376334605523658368,3220231712819306119,8573800373938698102,0,1,bkt,0.3181175379298493
1376334605523658368,338807275221326836,300471914551172981,1,1,bkt,0.9229528775769981
1376334605523658368,8525319303741530302,8573800373938698102,0,1,bkt,0.3180999356834871
1376334605523658368,6587421150596252277,300471914551172981,0,1,bkt,0.9229532230242712
1376334605523658368,5891620578387310353,300471914551172981,0,1,bkt,0.9229519135348289
1376334605523658368,5791250638486922978,300471914551172981,1,1,bkt,0.9229411789537936
1376334605523658368,4031585874086886353,8573800373938698102,0,1,bkt,0.31809759084082645
1376334605523658368,2083452711903133430,8573800373938698102,1,1,bkt,0.3180972784871556
1376334605523658368,6319743179241711738,8573800373938698102,0,1,bkt,0.4110041169673512
1376334605523658368,8628686323660025649,300471914551172981,1,1,bkt,0.9229491872545086
1376334605523658368,4378721629787482518,300471914551172981,1,1,bkt,0.9229519499545749
1376334605523658368,4813462692425748605,300471914551172981,0,1,bkt,0.9229529030185087
1376334605523658368,4644364625800006675,300471914551172981,1,1,bkt,0.9229492902438019
1376334605523658368,1062464292871659639,8573800373938698102,0,1,bkt,0.3324253454112328
1376334605523658368,5932668873100475470,300471914551172981,1,1,bkt,0.9229519854834639
1376334605523658368,5237822943399727048,8573800373938698102,0,1,bkt,0.3200468175104645
1387778011818191444,300471914551172981,300471914551172981,1,1,bkt,0.6270461440332235
1387778011818191444,8573800373938698102,8573800373938698102,0,1,bkt,0.5064730900819714
1387778011818191444,2014268979504181100,300471914551172981,1,1,bkt,0.77270096802343
1387778011818191444,2172169907340938753,300471914551172981,0,1,bkt,0.8610413139091273
1387778011818191444,8150806168444344502,300471914551172981,1,1,bkt,0.6415458494908249
1387778011818191444,816286915455981984,8573800373938698102,1,1,bkt,0.35276834629056547
1387778011818191444,1962751598315765836,300471914551172981,1,1,bkt,0.7832929482050359
1387778011818191444,7444476343858270082,300471914551172981,0,1,bkt,0.8661839603442102
1387778011818191444,2537821716777940730,300471914551172981,0,1,bkt,0.6550042121226135
1387778011818191444,1061301253559417093,300471914551172981,0,1,bkt,0.43240186808542136
1387778011818191444,8553379303363759508,300471914551172981,0,1,bkt,0.3770828562328353
1387778011818191444,6440511557387709110,300471914551172981,1,1,bkt,0.3694690362637125
1387778011818191444,7744513373483970787,8573800373938698102,1,1,bkt,0.48631412116296824
1387778011818191444,2971078979906996375,300471914551172981,0,1,bkt,0.44598159007263494
1387778011818191444,5841359775533910823,300471914551172981,0,1,bkt,0.3791843357227682
1387778011818191444,8621262567927479011,300471914551172981,1,1,bkt,0.3697334789964616
1387778011818191444,8434961942249729798,8573800373938698102,1,1,bkt,0.6760540266390719
1387778011818191444,2322042198017538996,8573800373938698102,1,1,bkt,0.8167220590445308
1387778011818191444,1742185772413642127,300471914551172981,1,1,bkt,0.4465504560913828
1387778011818191444,2334639155148655290,8573800373938698102,1,1,bkt,0.8788196483061628
1387778011818191444,7660717256841499384,300471914551172981,1,1,bkt,0.5832739281623516
1387778011818191444,4113615466659810841,300471914551172981,1,1,bkt,0.7375310264362035
1387778011818191444,6125574002232610732,300471914551172981,1,1,bkt,0.8429060000448765
1387778011818191444,2774368076249802464,8573800373938698102,1,1,bkt,0.899907663883957
1387778011818191444,8903365289186067945,8573800373938698102,1,1,bkt,0.906407060236316
1387778011818191444,6925932688889117475,300471914551172981,1,1,bkt,0.8927167658924883
1387778011818191444,8194071366621068887,8573800373938698102,1,1,bkt,0.9083492283041106
1387778011818191444,2986660907093963186,300471914551172981,1,1,bkt,0.91216927212256
1387778011818191444,7591109345808921544,300471914551172981,1,1,bkt,0.9191891832516115
1387778011818191444,625545550176685521,8573800373938698102,1,1,bkt,0.908924198979335
1387778011818191444,1761868641361943332,8573800373938698102,1,1,bkt,0.9090939452316912
1387778011818191444,4824259625677886603,300471914551172981,1,1,bkt,0.9216495307512735
1387778011818191444,8450591260754163598,8573800373938698102,1,1,bkt,0.909144017674651
1387778011818191444,1553079256999111676,300471914551172981,0,1,bkt,0.9225029666762301
1387778011818191444,3220231712819306119,8573800373938698102,1,1,bkt,0.9091587846771045
1387778011818191444,338807275221326836,300471914551172981,1,1,bkt,0.9192823051305146
1387778011818191444,8525319303741530302,8573800373938698102,1,1,bkt,0.9091631393439961
1387778011818191444,6587421150596252277,300471914551172981,1,1,bkt,0.9216819156918745
1387778011818191444,5891620578387310353,300471914551172981,0,1,bkt,0.9225141698587817
1387778011818191444,5791250638486922978,300471914551172981,0,1,bkt,0.91937309418135
1387778011818191444,4031585874086886353,8573800373938698102,1,1,bkt,0.9091644234722381
1387778011818191444,2083452711903133430,8573800373938698102,1,1,bkt,0.9091648021407231
1387778011818191444,6319743179241711738,8573800373938698102,1,1,bkt,0.9091649138036823
1387778011818191444,8628686323660025649,300471914551172981,1,1,bkt,0.8949063857191679
1387778011818191444,4378721629787482518,300471914551172981,1,1,bkt,0.9129746924737496
1387778011818191444,4813462692425748605,300471914551172981,0,1,bkt,0.9194733894871269
1387778011818191444,4644364625800006675,300471914551172981,1,1,bkt,0.8956581135423319
1387778011818191444,1062464292871659639,8573800373938698102,1,1,bkt,0.9091649467311906
1387778011818191444,5932668873100475470,300471914551172981,1,1,bkt,0.9132502967385772
1387778011818191444,5237822943399727048,8573800373938698102,1,1,bkt,0.9091649564409514
1411612469887479054,300471914551172981,300471914551172981,0,1,bkt,0.6270461440332235
1411612469887479054,8573800373938698102,8573800373938698102,0,1,bkt,0.5064730900819714
1411612469887479054,2014268979504181100,300471914551172981,0,1,bkt,0.42182790732040143
1411612469887479054,2172169907340938753,300471914551172981,0,1,bkt,0.3755148815622478
1411612469887479054,8150806168444344502,300471914551172981,0,1,bkt,0.36927288726461627
1411612469887479054,816286915455981984,8573800373938698102,0,1,bkt,0.35276834629056547
1411612469887479054,1962751598315765836,300471914551172981,1,1,bkt,0.36850170114425645
1411612469887479054,7444476343858270082,300471914551172981,0,1,bkt,0.44389371460728233
1411612469887479054,2537821716777940730,300471914551172981,0,1,bkt,0.3788545574633324
1411612469887479054,1061301253559417093,300471914551172981,1,1,bkt,0.3696918625031622
1411612469887479054,8553379303363759508,300471914551172981,0,1,bkt,0.4464609851524909
1411612469887479054,6440511557387709110,300471914551172981,1,1,bkt,0.3792604069758558
1411612469887479054,7744513373483970787,8573800373938698102,0,1,bkt,0.32296311143420975
1411612469887479054,2971078979906996375,300471914551172981,0,1,bkt,0.46651556936471894
1411612469887479054,5841359775533910823,300471914551172981,1,1,bkt,0.38256519118768095
1411612469887479054,8621262567927479011,300471914551172981,1,1,bkt,0.47320894701098704
1411612469887479054,8434961942249729798,8573800373938698102,0,1,bkt,0.3187500641718073
1411612469887479054,2322042198017538996,8573800373938698102,0,1,bkt,0.318184276619551
1411612469887479054,1742185772413642127,300471914551172981,1,1,bkt,0.6203468877008359
1411612469887479054,2334639155148655290,8573800373938698102,0,1,bkt,0.31810882722389705
1411612469887479054,7660717256841499384,300471914551172981,1,1,bkt,0.7676399525319139
1411612469887479054,4113615466659810841,300471914551172981,0,1,bkt,0.8585339704924433
1411612469887479054,6125574002232610732,300471914551172981,0,1,bkt,0.6353389403483989
1411612469887479054,2774368076249802464,8573800373938698102,0,1,bkt,0.3180987752917487
1411612469887479054,8903365289186067945,8573800373938698102,0,1,bkt,0.31809743626617
1411612469887479054,6925932688889117475,300471914551172981,1,1,bkt,0.424795169615003
1411612469887479054,8194071366621068887,8573800373938698102,0,1,bkt,0.318097257896527
1411612469887479054,2986660907093963186,300471914551172981,0,1,bkt,0.54957160178813
1411612469887479054,7591109345808921544,300471914551172981,1,1,bkt,0.3993850791549808
1411612469887479054,625545550176685521,8573800373938698102,0,1,bkt,0.31809723413622
1411612469887479054,1761868641361943332,8573800373938698102,0,1,bkt,0.31809723097115217
1411612469887479054,4824259625677886603,300471914551172981,0,1,bkt,0.5055587016823833
1411612469887479054,8450591260754163598,8573800373938698102,1,1,bkt,0.31809723054953915
1411612469887479054,1553079256999111676,300471914551172981,0,1,bkt,0.38976809467834916
1411612469887479054,3220231712819306119,8573800373938698102,0,1,bkt,0.4110040014913833
1411612469887479054,338807275221326836,300471914551172981,0,1,bkt,0.37109298707965555
1411612469887479054,8525319303741530302,8573800373938698102,0,1,bkt,0.3324253247934068
1411612469887479054,6587421150596252277,300471914551172981,1,1,bkt,0.3687249898202602
1411612469887479054,5891620578387310353,300471914551172981,0,1,bkt,0.44437662862238025
1411612469887479054,5791250638486922978,300471914551172981,1,1,bkt,0.37893061301684605
1411612469887479054,4031585874086886353,8573800373938698102,0,1,bkt,0.3200468146448416
1411612469887479054,2083452711903133430,8573800373938698102,0,1,bkt,0.31835767570068413
1411612469887479054,6319743179241711738,8573800373938698102,1,1,bkt,0.3181319371786138
1411612469887479054,8628686323660025649,300471914551172981,0,1,bkt,0.4658412111108109
1411612469887479054,4378721629787482518,300471914551172981,1,1,bkt,0.3824500321623891
1411612469887479054,4813462692425748605,300471914551172981,0,1,bkt,0.47297765373517336
1411612469887479054,4644364625800006675,300471914551172981,0,1,bkt,0.383683653295389
1411612469887479054,1062464292871659639,8573800373938698102,0,1,bkt,0.4110875964897166
1411612469887479054,5932668873100475470,300471914551172981,0,1,bkt,0.3703057209904909
1411612469887479054,5237822943399727048,8573800373938698102,0,1,bkt,0.3324402525007244
1483669095355523038,300471914551172981,300471914551172981,0,1,bkt,0.6270461440332235
1483669095355523038,8573800373938698102,8573800373938698102,0,1,bkt,0.5064730900819714
1483669095355523038,2014268979504181100,300471914551172981,0,1,bkt,0.42182790732040143
1483669095355523038,2172169907340938753,300471914551172981,0,1,bkt,0.3755148815622478
1483669095355523038,8150806168444344502,300471914551172981,0,1,bkt,0.36927288726461627
1483669095355523038,816286915455981984,8573800373938698102,1,1,bkt,0.35276834629056547
1483669095355523038,1962751598315765836,300471914551172981,1,1,bkt,0.36850170114425645
1483669095355523038,7444476343858270082,300471914551172981,1,1,bkt,0.44389371460728233
1483669095355523038,2537821716777940730,300471914551172981,1,1,bkt,0.5793353003369425
1483669095355523038,1061301253559417093,300471914551172981,0,1,bkt,0.7341058135519046
1483669095355523038,8553379303363759508,300471914551172981,0,1,bkt,0.4743644374425592
1483669095355523038,6440511557387709110,300471914551172981,0,1,bkt,0.383927262891117
1483669095355523038,7744513373483970787,8573800373938698102,0,1,bkt,0.48631412116296824
1483669095355523038,2971078979906996375,300471914551172981,0,1,bkt,0.3703369428053823
1483669095355523038,5841359775533910823,300471914551172981,0,1,bkt,0.3686320820562234
1483669095355523038,8621262567927479011,300471914551172981,1,1,bkt,0.368423393987862
1483669095355523038,8434961942249729798,8573800373938698102,1,1,bkt,0.34784301197993767
1483669095355523038,2322042198017538996,8573800373938698102,0,1,bkt,0.4765305403004627
1483669095355523038,1742185772413642127,300471914551172981,1,1,bkt,0.44372421841827764
1483669095355523038,2334639155148655290,8573800373938698102,1,1,bkt,0.3455893710257259
1483669095355523038,7660717256841499384,300471914551172981,1,1,bkt,0.5790824212064055
1483669095355523038,4113615466659810841,300471914551172981,0,1,bkt,0.7338843063778039
1483669095355523038,6125574002232610732,300471914551172981,0,1,bkt,0.47421209956571797
1483669095355523038,2774368076249802464,8573800373938698102,1,1,bkt,0.47196096241902785
1483669095355523038,8903365289186067945,8573800373938698102,1,1,bkt,0.660811409305292
1483669095355523038,6925932688889117475,300471914551172981,0,1,bkt,0.38390043960382586
1483669095355523038,8194071366621068887,8573800373938698102,0,1,bkt,0.8084056541107278
1483669095355523038,2986660907093963186,300471914551172981,0,1,bkt,0.37033350383415303
1483669095355523038,7591109345808921544,300471914551172981,0,1,bkt,0.368631659962228
1483669095355523038,625545550176685521,8573800373938698102,1,1,bkt,0.550552863868606
1483669095355523038,1761868641361943332,8573800373938698102,0,1,bkt,0.7345352087824719
1483669095355523038,4824259625677886603,300471914551172981,0,1,bkt,0.368423342459861
1483669095355523038,8450591260754163598,8573800373938698102,0,1,bkt,0.46059130675682386
1483669095355523038,1553079256999111676,300471914551172981,0,1,bkt,0.36839792007320404
1483669095355523038,3220231712819306119,8573800373938698102,1,1,bkt,0.34209286720435095
1483669095355523038,338807275221326836,300471914551172981,1,1,bkt,0.3683948187564274
1483669095355523038,8525319303741530302,8573800373938698102,0,1,bkt,0.46475213500014745
1483669095355523038,6587421150596252277,300471914551172981,0,1,bkt,0.44366234925759396
1483669095355523038,5891620578387310353,300471914551172981,0,1,bkt,0.3788181658346669
1483669095355523038,5791250638486922978,300471914551172981,0,1,bkt,0.3696872727548233
1483669095355523038,4031585874086886353,8573800373938698102,0,1,bkt,0.34298552040682173
1483669095355523038,2083452711903133430,8573800373938698102,1,1,bkt,0.3215381421668124
1483669095355523038,6319743179241711738,8573800373938698102,1,1,bkt,0.4192040448464144
1483669095355523038,8628686323660025649,300471914551172981,1,1,bkt,0.3685524243150484
1483669095355523038,4378721629787482518,300471914551172981,0,1,bkt,0.44400346669881674
1483669095355523038,4813462692425748605,300471914551172981,0,1,bkt,0.37887183104305133
1483669095355523038,4644364625800006675,300471914551172981,1,1,bkt,0.3696940412524133
1483669095355523038,1062464292871659639,8573800373938698102,1,1,bkt,0.5958159693651973
1483669095355523038,5932668873100475470,300471914551172981,1,1,bkt,0.4464656697263376
1483669095355523038,5237822943399727048,8573800373938698102,1,1,bkt,0.7681684095223454
1490828910013531872,300471914551172981,300471914551172981,1,1,bkt,0.6270461440332235
1490828910013531872,8573800373938698102,8573800373938698102,0,1,bkt,0.5064730900819714
1490828910013531872,2014268979504181100,300471914551172981,1,1,bkt,0.77270096802343
1490828910013531872,2172169907340938753,300471914551172981,1,1,bkt,0.8610413139091273
1490828910013531872,8150806168444344502,300471914551172981,1,1,bkt,0.900059657568269
1490828910013531872,816286915455981984,8573800373938698102,0,1,bkt,0.35276834629056547
1490828910013531872,1962751598315765836,300471914551172981,1,1,bkt,0.9148547854652099
1490828910013531872,7444476343858270082,300471914551172981,1,1,bkt,0.9201348647501719
1490828910013531872,2537821716777940730,300471914551172981,1,1,bkt,0.9219781051191799
1490828910013531872,1061301253559417093,300471914551172981,1,1,bkt,0.9226165965299471
1490828910013531872,8553379303363759508,300471914551172981,1,1,bkt,0.9228371725871625
1490828910013531872,6440511557387709110,300471914551172981,1,1,bkt,0.9229133028286419
1490828910013531872,7744513373483970787,8573800373938698102,0,1,bkt,0.32296311143420975
1490828910013531872,2971078979906996375,300471914551172981,1,1,bkt,0.9229395701871741
1490828910013531872,5841359775533910823,300471914551172981,1,1,bkt,0.9229486322571232
1490828910013531872,8621262567927479011,300471914551172981,1,1,bkt,0.9229517584933665
1490828910013531872,8434961942249729798,8573800373938698102,1,1,bkt,0.3187500641718073
1490828910013531872,2322042198017538996,8573800373938698102,1,1,bkt,0.412573378773676
1490828910013531872,1742185772413642127,300471914551172981,1,1,bkt,0.9229528369692599
1490828910013531872,2334639155148655290,8573800373938698102,1,1,bkt,0.5864712662573891
1490828910013531872,7660717256841499384,300471914551172981,1,1,bkt,0.9229532090156645
1490828910013531872,4113615466659810841,300471914551172981,1,1,bkt,0.9229533373618893
1490828910013531872,6125574002232610732,300471914551172981,1,1,bkt,0.9229533816379375
1490828910013531872,2774368076249802464,8573800373938698102,1,1,bkt,0.7616499999241606
1490828910013531872,8903365289186067945,8573800373938698102,1,1,bkt,0.8572403857102803
1490828910013531872,6925932688889117475,300471914551172981,1,1,bkt,0.9229533969119985
1490828910013531872,8194071366621068887,8573800373938698102,0,1,bkt,0.892925834431836
1490828910013531872,2986660907093963186,300471914551172981,1,1,bkt,0.9229534021811435
1490828910013531872,7591109345808921544,300471914551172981,1,1,bkt,0.9229534039988586
1490828910013531872,625545550176685521,8573800373938698102,1,1,bkt,0.8057459426392722
1490828910013531872,1761868641361943332,8573800373938698102,0,1,bkt,0.8747541731788424
1490828910013531872,4824259625677886603,300471914551172981,1,1,bkt,0.922953404368367
1490828910013531872,8450591260754163598,8573800373938698102,0,1,bkt,0.7218149164150773
1490828910013531872,1553079256999111676,300471914551172981,1,1,bkt,0.922953404368367
1490828910013531872,3220231712819306119,8573800373938698102,0,1,bkt,0.4499220985729139
1490828910013531872,338807275221326836,300471914551172981,1,1,bkt,0.922953404368367
1490828910013531872,8525319303741530302,8573800373938698102,0,1,bkt,0.33986563286665
1490828910013531872,6587421150596252277,300471914551172981,1,1,bkt,0.922953404368367
1490828910013531872,5891620578387310353,300471914551172981,1,1,bkt,0.922953404368367
1490828910013531872,5791250638486922978,300471914551172981,1,1,bkt,0.922953404368367
1490828910013531872,4031585874086886353,8573800373938698102,1,1,bkt,0.32109258080829234
1490828910013531872,2083452711903133430,8573800373938698102,1,1,bkt,0.41815213197885115
1490828910013531872,6319743179241711738,8573800373938698102,1,1,bkt,0.5943532702288211
1490828910013531872,8628686323660025649,300471914551172981,1,1,bkt,0.922953404368367
1490828910013531872,4378721629787482518,300471914551172981,1,1,bkt,0.922953404368367
1490828910013531872,4813462692425748605,300471914551172981,1,1,bkt,0.922953404368367
1490828910013531872,4644364625800006675,300471914551172981,0,1,bkt,0.922953404368367
1490828910013531872,1062464292871659639,8573800373938698102,1,1,bkt,0.7671616326594641
1490828910013531872,5932668873100475470,300471914551172981,1,1,bkt,0.9229534001375432
1490828910013531872,5237822943399727048,8573800373938698102,1,1,bkt,0.8595395656782042
1520947013988716706,300471914551172981,300471914551172981,0,1,bkt,0.6270461440332235
1520947013988716706,8573800373938698102,8573800373938698102,1,1,bkt,0.5064730900819714
1520947013988716706,2014268979504181100,300471914551172981,0,1,bkt,0.42182790732040143
1520947013988716706,2172169907340938753,300471914551172981,0,1,bkt,0.3755148815622478
1520947013988716706,8150806168444344502,300471914551172981,0,1,bkt,0.36927288726461627
1520947013988716706,816286915455981984,8573800373938698102,1,1,bkt,0.6960034375848583
1520947013988716706,1962751598315765836,300471914551172981,0,1,bkt,0.36850170114425645
1520947013988716706,7444476343858270082,300471914551172981,0,1,bkt,0.36840748074282714
1520947013988716706,2537821716777940730,300471914551172981,0,1,bkt,0.3683959850482022
1520947013988716706,1061301253559417093,300471914551172981,0,1,bkt,0.3683945827099204
1520947013988716706,8553379303363759508,300471914551172981,0,1,bkt,0.36839441164479025
1520947013988716706,6440511557387709110,300471914551172981,1,1,bkt,0.3683943907773532
1520947013988716706,7744513373483970787,8573800373938698102,0,1,bkt,0.827056150610966
1520947013988716706,2971078979906996375,300471914551172981,0,1,bkt,0.4436614225532625
1520947013988716706,5841359775533910823,300471914551172981,0,1,bkt,0.3788180201335115
1520947013988716706,8621262567927479011,300471914551172981,0,1,bkt,0.3696872543799298
1520947013988716706,8434961942249729798,8573800373938698102,1,1,bkt,0.5854169633115799
1520947013988716706,2322042198017538996,8573800373938698102,1,1,bkt,0.7609015057997806
1520947013988716706,1742185772413642127,300471914551172981,0,1,bkt,0.368552422064377
1520947013988716706,2334639155148655290,8573800373938698102,1,1,bkt,0.8569255822316476
1520947013988716706,7660717256841499384,300471914551172981,1,1,bkt,0.36841367054925206
1520947013988716706,4113615466659810841,300471914551172981,0,1,bkt,0.44370316696313455
1520947013988716706,6125574002232610732,300471914551172981,1,1,bkt,0.37882458388294005
1520947013988716706,2774368076249802464,8573800373938698102,0,1,bkt,0.892821379534
1520947013988716706,8903365289186067945,8573800373938698102,0,1,bkt,0.8051821598538994
1520947013988716706,6925932688889117475,300471914551172981,0,1,bkt,0.4656241547351246
1520947013988716706,8194071366621068887,8573800373938698102,0,1,bkt,0.5452036328816463
1520947013988716706,2986660907093963186,300471914551172981,0,1,bkt,0.3824130276419552
1520947013988716706,7591109345808921544,300471914551172981,0,1,bkt,0.3701432726657244
1520947013988716706,625545550176685521,8573800373938698102,1,1,bkt,0.3634564737055481
1520947013988716706,1761868641361943332,8573800373938698102,0,1,bkt,0.5066327605095646
1520947013988716706,4824259625677886603,300471914551172981,0,1,bkt,0.36860831846295306
1520947013988716706,8450591260754163598,8573800373938698102,0,1,bkt,0.35280896435329645
1520947013988716706,1553079256999111676,300471914551172981,0,1,bkt,0.36842049310511293
1520947013988716706,3220231712819306119,8573800373938698102,1,1,bkt,0.32296911767622494
1520947013988716706,338807275221326836,300471914551172981,0,1,bkt,0.36839757246353094
1520947013988716706,8525319303741530302,8573800373938698102,1,1,bkt,0.4225627642485721
1520947013988716706,6587421150596252277,300471914551172981,0,1,bkt,0.36839477635270895
1520947013988716706,5891620578387310353,300471914551172981,0,1,bkt,0.3683944352663842
1520947013988716706,5791250638486922978,300471914551172981,0,1,bkt,0.3683943936588405
1520947013988716706,4031585874086886353,8573800373938698102,1,1,bkt,0.6004375661340067
1520947013988716706,2083452711903133430,8573800373938698102,1,1,bkt,0.7713172239956427
1520947013988716706,6319743179241711738,8573800373938698102,1,1,bkt,0.861251345666986
1520947013988716706,8628686323660025649,300471914551172981,1,1,bkt,0.3683943885833318
1520947013988716706,4378721629787482518,300471914551172981,1,1,bkt,0.443661417802536
1520947013988716706,4813462692425748605,300471914551172981,0,1,bkt,0.5789886770324617
1520947013988716706,4644364625800006675,300471914551172981,0,1,bkt,0.40693390458439244
1520947013988716706,1062464292871659639,8573800373938698102,1,1,bkt,0.8942500259656009
1520947013988716706,5932668873100475470,300471914551172981,1,1,bkt,0.3734011460789931
1520947013988716706,5237822943399727048,8573800373938698102,1,1,bkt,0.9046934452364639
1599557129054865395,300471914551172981,300471914551172981,1,1,bkt,0.6270461440332235
1599557129054865395,8573800373938698102,8573800373938698102,0,1,bkt,0.5064730900819714
1599557129054865395,2014268979504181100,300471914551172981,0,1,bkt,0.77270096802343
1599557129054865395,2172169907340938753,300471914551172981,0,1,bkt,0.5054404856249486
1599557129054865395,8150806168444344502,300471914551172981,1,1,bkt,0.38974456897574433
1599557129054865395,816286915455981984,8573800373938698102,1,1,bkt,0.35276834629056547
1599557129054865395,1962751598315765836,300471914551172981,1,1,bkt,0.48735862196950075
1599557129054865395,7444476343858270082,300471914551172981,1,1,bkt,0.6383766517400404
1599557129054865395,2537821716777940730,300471914551172981,1,1,bkt,0.781018951530223
1599557129054865395,1061301253559417093,300471914551172981,1,1,bkt,0.8650916420260424
1599557129054865395,8553379303363759508,300471914551172981,1,1,bkt,0.9016575564070559
1599557129054865395,6440511557387709110,300471914551172981,1,1,bkt,0.9154333896078137
1599557129054865395,7744513373483970787,8573800373938698102,0,1,bkt,0.48631412116296824
1599557129054865395,2971078979906996375,300471914551172981,1,1,bkt,0.9203378889493733
1599557129054865395,5841359775533910823,300471914551172981,0,1,bkt,0.9220485572605903
1599557129054865395,8621262567927479011,300471914551172981,1,1,bkt,0.9156218295220462
1599557129054865395,8434961942249729798,8573800373938698102,0,1,bkt,0.34784301197993767
1599557129054865395,2322042198017538996,8573800373938698102,1,1,bkt,0.322240342168988
1599557129054865395,1742185772413642127,300471914551172981,1,1,bkt,0.9204039545201205
1599557129054865395,2334639155148655290,8573800373938698102,1,1,bkt,0.42085594363812295
1599557129054865395,7660717256841499384,300471914551172981,1,1,bkt,0.9220714762040972
1599557129054865395,4113615466659810841,300471914551172981,1,1,bkt,0.922648871986204
1599557129054865395,6125574002232610732,300471914551172981,1,1,bkt,0.9228483145024708
1599557129054865395,2774368076249802464,8573800373938698102,0,1,bkt,0.598098199960865
1599557129054865395,8903365289186067945,8573800373938698102,0,1,bkt,0.3813810951488824
1599557129054865395,6925932688889117475,300471914551172981,1,1,bkt,0.9229171474150849
1599557129054865395,8194071366621068887,8573800373938698102,1,1,bkt,0.32738953031796997
1599557129054865395,2986660907093963186,300471914551172981,1,1,bkt,0.9229408965770235
1599557129054865395,7591109345808921544,300471914551172981,1,1,bkt,0.9229490898394193
1599557129054865395,625545550176685521,8573800373938698102,0,1,bkt,0.43275271407204197
1599557129054865395,1761868641361943332,8573800373938698102,1,1,bkt,0.33645736307369445
1599557129054865395,4824259625677886603,300471914551172981,1,1,bkt,0.9229519163486481
1599557129054865395,8450591260754163598,8573800373938698102,0,1,bkt,0.452817923405066
1599557129054865395,1553079256999111676,300471914551172981,1,1,bkt,0.9229528914253206
1599557129054865395,3220231712819306119,8573800373938698102,0,1,bkt,0.3404615585322198
1599557129054865395,338807275221326836,300471914551172981,1,1,bkt,0.9229532278015795
1599557129054865395,8525319303741530302,8573800373938698102,1,1,bkt,0.3211773612153007
1599557129054865395,6587421150596252277,300471914551172981,1,1,bkt,0.9229533438425331
1599557129054865395,5891620578387310353,300471914551172981,1,1,bkt,0.9229533838735875
1599557129054865395,5791250638486922978,300471914551172981,1,1,bkt,0.9229533976832383
1599557129054865395,4031585874086886353,8573800373938698102,1,1,bkt,0.41835251241514115
1599557129054865395,2083452711903133430,8573800373938698102,1,1,bkt,0.5946324690871821
1599557129054865395,6319743179241711738,8573800373938698102,0,1,bkt,0.767354187916115
1599557129054865395,8628686323660025649,300471914551172981,1,1,bkt,0.9229534024472009
1599557129054865395,4378721629787482518,300471914551172981,1,1,bkt,0.9229534040906413
1599557129054865395,4813462692425748605,300471914551172981,1,1,bkt,0.922953404368367
1599557129054865395,4644364625800006675,300471914551172981,1,1,bkt,0.922953404368367
1599557129054865395,1062464292871659639,8573800373938698102,1,1,bkt,0.49350667846779694
1599557129054865395,5932668873100475470,300471914551172981,1,1,bkt,0.922953404368367
1599557129054865395,5237822943399727048,8573800373938698102,0,1,bkt,0.6833588283793609
1618903412314909053,300471914551172981,300471914551172981,1,1,bkt,0.6270461440332235
1618903412314909053,8573800373938698102,8573800373938698102,1,1,bkt,0.5064730900819714
1618903412314909053,2014268979504181100,300471914551172981,1,1,bkt,0.77270096802343
1618903412314909053,2172169907340938753,300471914551172981,1,1,bkt,0.8610413139091273
1618903412314909053,8150806168444344502,300471914551172981,1,1,bkt,0.900059657568269
1618903412314909053,816286915455981984,8573800373938698102,1,1,bkt,0.6960034375848583
1618903412314909053,1962751598315765836,300471914551172981,1,1,bkt,0.9148547854652099
1618903412314909053,7444476343858270082,300471914551172981,1,1,bkt,0.9201348647501719
1618903412314909053,2537821716777940730,300471914551172981,1,1,bkt,0.9219781051191799
1618903412314909053,1061301253559417093,300471914551172981,1,1,bkt,0.9226165965299471
1618903412314909053,8553379303363759508,300471914551172981,1,1,bkt,0.9228371725871625
1618903412314909053,6440511557387709110,300471914551172981,1,1,bkt,0.9229133028286419
1618903412314909053,7744513373483970787,8573800373938698102,1,1,bkt,0.827056150610966
1618903412314909053,2971078979906996375,300471914551172981,1,1,bkt,0.9229395701871741
1618903412314909053,5841359775533910823,300471914551172981,1,1,bkt,0.9229486322571232
1618903412314909053,8621262567927479011,300471914551172981,1,1,bkt,0.9229517584933665
1618903412314909053,8434961942249729798,8573800373938698102,0,1,bkt,0.88254869688539
1618903412314909053,2322042198017538996,8573800373938698102,0,1,bkt,0.7546353521213569
1618903412314909053,1742185772413642127,300471914551172981,1,1,bkt,0.9229528369692599
1618903412314909053,2334639155148655290,8573800373938698102,0,1,bkt,0.47970550561419667
1618903412314909053,7660717256841499384,300471914551172981,1,1,bkt,0.9229532090156645
1618903412314909053,4113615466659810841,300471914551172981,1,1,bkt,0.9229533373618893
1618903412314909053,6125574002232610732,300471914551172981,1,1,bkt,0.9229533816379375
1618903412314909053,2774368076249802464,8573800373938698102,0,1,bkt,0.34631143265880243
1618903412314909053,8903365289186067945,8573800373938698102,0,1,bkt,0.3220178102484702
1618903412314909053,6925932688889117475,300471914551172981,1,1,bkt,0.9229533969119985
1618903412314909053,8194071366621068887,8573800373938698102,0,1,bkt,0.31862250389616836
1618903412314909053,2986660907093963186,300471914551172981,1,1,bkt,0.9229534021811435
1618903412314909053,7591109345808921544,300471914551172981,1,1,bkt,0.9229534039988586
1618903412314909053,625545550176685521,8573800373938698102,0,1,bkt,0.31816725514999655
1618903412314909053,1761868641361943332,8573800373938698102,0,1,bkt,0.3181065593022337
1618903412314909053,4824259625677886603,300471914551172981,1,1,bkt,0.922953404368367
1618903412314909053,8450591260754163598,8573800373938698102,0,1,bkt,0.3180984731767185
1618903412314909053,1553079256999111676,300471914551172981,1,1,bkt,0.922953404368367
1618903412314909053,3220231712819306119,8573800373938698102,0,1,bkt,0.31809739602180653
1618903412314909053,338807275221326836,300471914551172981,1,1,bkt,0.922953404368367
1618903412314909053,8525319303741530302,8573800373938698102,0,1,bkt,0.31809725253564486
1618903412314909053,6587421150596252277,300471914551172981,1,1,bkt,0.922953404368367
1618903412314909053,5891620578387310353,300471914551172981,1,1,bkt,0.922953404368367
1618903412314909053,5791250638486922978,300471914551172981,1,1,bkt,0.922953404368367
1618903412314909053,4031585874086886353,8573800373938698102,0,1,bkt,0.3180972334221065
1618903412314909053,2083452711903133430,8573800373938698102,0,1,bkt,0.3180972308760264
1618903412314909053,6319743179241711738,8573800373938698102,0,1,bkt,0.31809723053686767
1618903412314909053,8628686323660025649,300471914551172981,1,1,bkt,0.922953404368367
1618903412314909053,4378721629787482518,300471914551172981,1,1,bkt,0.922953404368367
1618903412314909053,4813462692425748605,300471914551172981,1,1,bkt,0.922953404368367
1618903412314909053,4644364625800006675,300471914551172981,1,1,bkt,0.922953404368367
1618903412314909053,1062464292871659639,8573800373938698102,1,1,bkt,0.3180972304916889
1618903412314909053,5932668873100475470,300471914551172981,1,1,bkt,0.922953404368367
1618903412314909053,5237822943399727048,8573800373938698102,0,1,bkt,0.41100400135202886
1625359377637083757,300471914551172981,300471914551172981,1,1,bkt,0.6270461440332235
1625359377637083757,8573800373938698102,8573800373938698102,1,1,bkt,0.5064730900819714
1625359377637083757,2014268979504181100,300471914551172981,0,1,bkt,0.77270096802343
1625359377637083757,2172169907340938753,300471914551172981,0,1,bkt,0.5054404856249486
1625359377637083757,8150806168444344502,300471914551172981,1,1,bkt,0.38974456897574433
1625359377637083757,816286915455981984,8573800373938698102,1,1,bkt,0.6960034375848583
1625359377637083757,1962751598315765836,300471914551172981,0,1,bkt,0.48735862196950075
1625359377637083757,7444476343858270082,300471914551172981,0,1,bkt,0.3862739223081658
1625359377637083757,2537821716777940730,300471914551172981,0,1,bkt,0.37063896782820904
1625359377637083757,1061301253559417093,300471914551172981,0,1,bkt,0.3686691701313078
1625359377637083757,8553379303363759508,300471914551172981,0,1,bkt,0.36842792186064677
1625359377637083757,6440511557387709110,300471914551172981,0,1,bkt,0.3683984787480179
1625359377637083757,7744513373483970787,8573800373938698102,1,1,bkt,0.827056150610966
1625359377637083757,2971078979906996375,300471914551172981,0,1,bkt,0.3683948869073602
1625359377637083757,5841359775533910823,300471914551172981,0,1,bkt,0.3683944487524446
1625359377637083757,8621262567927479011,300471914551172981,1,1,bkt,0.36839439530394186
1625359377637083757,8434961942249729798,8573800373938698102,1,1,bkt,0.88254869688539
1625359377637083757,2322042198017538996,8573800373938698102,1,1,bkt,0.9010795748605225
1625359377637083757,1742185772413642127,300471914551172981,1,1,bkt,0.4436614323547093
1625359377637083757,2334639155148655290,8573800373938698102,1,1,bkt,0.906759324464294
1625359377637083757,7660717256841499384,300471914551172981,0,1,bkt,0.5789886987579578
1625359377637083757,4113615466659810841,300471914551172981,0,1,bkt,0.4069339105489962
1625359377637083757,6125574002232610732,300471914551172981,1,1,bkt,0.37340114690422277
1625359377637083757,2774368076249802464,8573800373938698102,1,1,bkt,0.9084536974996698
1625359377637083757,8903365289186067945,8573800373938698102,1,1,bkt,0.9089550569682892
1625359377637083757,6925932688889117475,300471914551172981,1,1,bkt,0.4543572148796572
1625359377637083757,8194071366621068887,8573800373938698102,1,1,bkt,0.9091030492382115
1625359377637083757,2986660907093963186,300471914551172981,1,1,bkt,0.5945809433436169
1625359377637083757,7591109345808921544,300471914551172981,1,1,bkt,0.747111999203687
1625359377637083757,625545550176685521,8573800373938698102,1,1,bkt,0.9091467026833527
1625359377637083757,1761868641361943332,8573800373938698102,1,1,bkt,0.9091595764744865
1625359377637083757,4824259625677886603,300471914551172981,0,1,bkt,0.8480156221232422
1625359377637083757,8450591260754163598,8573800373938698102,1,1,bkt,0.9091633728344996
1625359377637083757,1553079256999111676,300471914551172981,0,1,bkt,0.6115324230206245
1625359377637083757,3220231712819306119,8573800373938698102,1,1,bkt,0.9091644923248609
1625359377637083757,338807275221326836,300471914551172981,1,1,bkt,0.416617093821966
1625359377637083757,8525319303741530302,8573800373938698102,1,1,bkt,0.9091648224442089
1625359377637083757,6587421150596252277,300471914551172981,1,1,bkt,0.5359922306915326
1625359377637083757,5891620578387310353,300471914551172981,1,1,bkt,0.6930876360929721
1625359377637083757,5791250638486922978,300471914551172981,0,1,bkt,0.8173564112139139
1625359377637083757,4031585874086886353,8573800373938698102,1,1,bkt,0.9091649197908356
1625359377637083757,2083452711903133430,8573800373938698102,1,1,bkt,0.9091649484967002
1625359377637083757,6319743179241711738,8573800373938698102,1,1,bkt,0.9091649569615701
1625359377637083757,8628686323660025649,300471914551172981,1,1,bkt,0.5577850773182588
1625359377637083757,4378721629787482518,300471914551172981,1,1,bkt,0.7145083409365911
1625359377637083757,4813462692425748605,300471914551172981,0,1,bkt,0.8300675213879734
1625359377637083757,4644364625800006675,300471914551172981,1,1,bkt,0.577714838275165
1625359377637083757,1062464292871659639,8573800373938698102,1,1,bkt,0.9091649594577158
1625359377637083757,5932668873100475470,300471914551172981,1,1,bkt,0.732683024436738
1625359377637083757,5237822943399727048,8573800373938698102,1,1,bkt,0.9091649598746572
1679548879296628523,300471914551172981,300471914551172981,1,1,bkt,0.6270461440332235
1679548879296628523,8573800373938698102,8573800373938698102,0,1,bkt,0.5064730900819714
1679548879296628523,2014268979504181100,300471914551172981,1,1,bkt,0.77270096802343
1679548879296628523,2172169907340938753,300471914551172981,1,1,bkt,0.8610413139091273
1679548879296628523,8150806168444344502,300471914551172981,1,1,bkt,0.900059657568269
1679548879296628523,816286915455981984,8573800373938698102,0,1,bkt,0.35276834629056547
1679548879296628523,1962751598315765836,300471914551172981,1,1,bkt,0.9148547854652099
1679548879296628523,7444476343858270082,300471914551172981,1,1,bkt,0.9201348647501719
1679548879296628523,2537821716777940730,300471914551172981,1,1,bkt,0.9219781051191799
1679548879296628523,1061301253559417093,300471914551172981,1,1,bkt,0.9226165965299471
1679548879296628523,8553379303363759508,300471914551172981,1,1,bkt,0.9228371725871625
1679548879296628523,6440511557387709110,300471914551172981,1,1,bkt,0.9229133028286419
1679548879296628523,7744513373483970787,8573800373938698102,0,1,bkt,0.32296311143420975
1679548879296628523,2971078979906996375,300471914551172981,1,1,bkt,0.9229395701871741
1679548879296628523,5841359775533910823,300471914551172981,1,1,bkt,0.9229486322571232
1679548879296628523,8621262567927479011,300471914551172981,1,1,bkt,0.9229517584933665
1679548879296628523,8434961942249729798,8573800373938698102,0,1,bkt,0.3187500641718073
1679548879296628523,2322042198017538996,8573800373938698102,0,1,bkt,0.318184276619551
1679548879296628523,1742185772413642127,300471914551172981,1,1,bkt,0.9229528369692599
1679548879296628523,2334639155148655290,8573800373938698102,0,1,bkt,0.31810882722389705
1679548879296628523,7660717256841499384,300471914551172981,1,1,bkt,0.9229532090156645
1679548879296628523,4113615466659810841,300471914551172981,1,1,bkt,0.9229533373618893
1679548879296628523,6125574002232610732,300471914551172981,1,1,bkt,0.9229533816379375
1679548879296628523,2774368076249802464,8573800373938698102,0,1,bkt,0.3180987752917487
1679548879296628523,8903365289186067945,8573800373938698102,0,1,bkt,0.31809743626617
1679548879296628523,6925932688889117475,300471914551172981,1,1,bkt,0.9229533969119985
1679548879296628523,8194071366621068887,8573800373938698102,1,1,bkt,0.318097257896527
1679548879296628523,2986660907093963186,300471914551172981,1,1,bkt,0.9229534021811435
1679548879296628523,7591109345808921544,300471914551172981,1,1,bkt,0.9229534039988586
1679548879296628523,625545550176685521,8573800373938698102,0,1,bkt,0.4110040673670009
1679548879296628523,1761868641361943332,8573800373938698102,0,1,bkt,0.3324253365552646
1679548879296628523,4824259625677886603,300471914551172981,1,1,bkt,0.922953404368367
1679548879296628523,8450591260754163598,8573800373938698102,0,1,bkt,0.32004681627959436
1679548879296628523,1553079256999111676,300471914551172981,1,1,bkt,0.922953404368367
1679548879296628523,3220231712819306119,8573800373938698102,1,1,bkt,0.3183576759196971
1679548879296628523,338807275221326836,300471914551172981,1,1,bkt,0.922953404368367
1679548879296628523,8525319303741530302,8573800373938698102,1,1,bkt,0.41163086998834364
1679548879296628523,6587421150596252277,300471914551172981,1,1,bkt,0.922953404368367
1679548879296628523,5891620578387310353,300471914551172981,1,1,bkt,0.922953404368367
1679548879296628523,5791250638486922978,300471914551172981,1,1,bkt,0.922953404368367
1679548879296628523,4031585874086886353,8573800373938698102,0,1,bkt,0.5851185357469988
1679548879296628523,2083452711903133430,8573800373938698102,0,1,bkt,0.3765594489742568
1679548879296628523,6319743179241711738,8573800373938698102,1,1,bkt,0.3266151523891211
1679548879296628523,8628686323660025649,300471914551172981,1,1,bkt,0.922953404368367
1679548879296628523,4378721629787482518,300471914551172981,1,1,bkt,0.922953404368367
1679548879296628523,4813462692425748605,300471914551172981,1,1,bkt,0.922953404368367
1679548879296628523,4644364625800006675,300471914551172981,1,1,bkt,0.922953404368367
1679548879296628523,1062464292871659639,8573800373938698102,0,1,bkt,0.4309875427304063
1679548879296628523,5932668873100475470,300471914551172981,1,1,bkt,0.922953404368367
1679548879296628523,5237822943399727048,8573800373938698102,0,1,bkt,0.336118621476826
1688411048883114356,300471914551172981,300471914551172981,1,1,bkt,0.6270461440332235
1688411048883114356,8573800373938698102,8573800373938698102,0,1,bkt,0.5064730900819714
1688411048883114356,2014268979504181100,300471914551172981,1,1,bkt,0.77270096802343
1688411048883114356,2172169907340938753,300471914551172981,1,1,bkt,0.8610413139091273
1688411048883114356,8150806168444344502,300471914551172981,1,1,bkt,0.900059657568269
1688411048883114356,816286915455981984,8573800373938698102,1,1,bkt,0.35276834629056547
1688411048883114356,1962751598315765836,300471914551172981,1,1,bkt,0.9148547854652099
1688411048883114356,7444476343858270082,300471914551172981,1,1,bkt,0.9201348647501719
1688411048883114356,2537821716777940730,300471914551172981,1,1,bkt,0.9219781051191799
1688411048883114356,1061301253559417093,300471914551172981,1,1,bkt,0.9226165965299471
1688411048883114356,8553379303363759508,300471914551172981,1,1,bkt,0.9228371725871625
1688411048883114356,6440511557387709110,300471914551172981,1,1,bkt,0.9229133028286419
1688411048883114356,7744513373483970787,8573800373938698102,1,1,bkt,0.48631412116296824
1688411048883114356,2971078979906996375,300471914551172981,1,1,bkt,0.9229395701871741
1688411048883114356,5841359775533910823,300471914551172981,1,1,bkt,0.9229486322571232
1688411048883114356,8621262567927479011,300471914551172981,1,1,bkt,0.9229517584933665
1688411048883114356,8434961942249729798,8573800373938698102,1,1,bkt,0.6760540266390719
1688411048883114356,2322042198017538996,8573800373938698102,1,1,bkt,0.8167220590445308
1688411048883114356,1742185772413642127,300471914551172981,1,1,bkt,0.9229528369692599
1688411048883114356,2334639155148655290,8573800373938698102,1,1,bkt,0.8788196483061628
1688411048883114356,7660717256841499384,300471914551172981,1,1,bkt,0.9229532090156645
1688411048883114356,4113615466659810841,300471914551172981,1,1,bkt,0.9229533373618893
1688411048883114356,6125574002232610732,300471914551172981,1,1,bkt,0.9229533816379375
1688411048883114356,2774368076249802464,8573800373938698102,1,1,bkt,0.899907663883957
1688411048883114356,8903365289186067945,8573800373938698102,1,1,bkt,0.906407060236316
1688411048883114356,6925932688889117475,300471914551172981,1,1,bkt,0.9229533969119985
1688411048883114356,8194071366621068887,8573800373938698102,1,1,bkt,0.9083492283041106
1688411048883114356,2986660907093963186,300471914551172981,1,1,bkt,0.9229534021811435
1688411048883114356,7591109345808921544,300471914551172981,1,1,bkt,0.9229534039988586
1688411048883114356,625545550176685521,8573800373938698102,1,1,bkt,0.908924198979335
1688411048883114356,1761868641361943332,8573800373938698102,1,1,bkt,0.9090939452316912
1688411048883114356,4824259625677886603,300471914551172981,1,1,bkt,0.922953404368367
1688411048883114356,8450591260754163598,8573800373938698102,1,1,bkt,0.909144017674651
1688411048883114356,1553079256999111676,300471914551172981,1,1,bkt,0.922953404368367
1688411048883114356,3220231712819306119,8573800373938698102,1,1,bkt,0.9091587846771045
1688411048883114356,338807275221326836,300471914551172981,1,1,bkt,0.922953404368367
1688411048883114356,8525319303741530302,8573800373938698102,1,1,bkt,0.9091631393439961
1688411048883114356,6587421150596252277,300471914551172981,1,1,bkt,0.922953404368367
1688411048883114356,5891620578387310353,300471914551172981,1,1,bkt,0.922953404368367
1688411048883114356,5791250638486922978,300471914551172981,1,1,bkt,0.922953404368367
1688411048883114356,4031585874086886353,8573800373938698102,1,1,bkt,0.9091644234722381
1688411048883114356,2083452711903133430,8573800373938698102,1,1,bkt,0.9091648021407231
1688411048883114356,6319743179241711738,8573800373938698102,1,1,bkt,0.9091649138036823
1688411048883114356,8628686323660025649,300471914551172981,1,1,bkt,0.922953404368367
1688411048883114356,4378721629787482518,300471914551172981,1,1,bkt,0.922953404368367
1688411048883114356,4813462692425748605,300471914551172981,1,1,bkt,0.922953404368367
1688411048883114356,4644364625800006675,300471914551172981,1,1,bkt,0.922953404368367
1688411048883114356,1062464292871659639,8573800373938698102,1,1,bkt,0.9091649467311906
1688411048883114356,5932668873100475470,300471914551172981,1,1,bkt,0.922953404368367
1688411048883114356,5237822943399727048,8573800373938698102,1,1,bkt,0.9091649564409514
1785030393691810266,300471914551172981,300471914551172981,1,1,bkt,0.6270461440332235
1785030393691810266,8573800373938698102,8573800373938698102,0,1,bkt,0.5064730900819714
1785030393691810266,2014268979504181100,300471914551172981,0,1,bkt,0.77270096802343
1785030393691810266,2172169907340938753,300471914551172981,1,1,bkt,0.5054404856249486
1785030393691810266,8150806168444344502,300471914551172981,1,1,bkt,0.659947622549702
1785030393691810266,816286915455981984,8573800373938698102,1,1,bkt,0.35276834629056547
1785030393691810266,1962751598315765836,300471914551172981,1,1,bkt,0.7960652062015453
1785030393691810266,7444476343858270082,300471914551172981,0,1,bkt,0.8722031773909982
1785030393691810266,2537821716777940730,300471914551172981,0,1,bkt,0.67213239163026
1785030393691810266,1061301253559417093,300471914551172981,0,1,bkt,0.4397706945858452
1785030393691810266,8553379303363759508,300471914551172981,1,1,bkt,0.37821054948465344
1785030393691810266,6440511557387709110,300471914551172981,1,1,bkt,0.46436474777779346
1785030393691810266,7744513373483970787,8573800373938698102,1,1,bkt,0.48631412116296824
1785030393691810266,2971078979906996375,300471914551172981,0,1,bkt,0.6085194271640978
1785030393691810266,5841359775533910823,300471914551172981,0,1,bkt,0.4156529696456587
1785030393691810266,8621262567927479011,300471914551172981,1,1,bkt,0.3746254673953885
1785030393691810266,8434961942249729798,8573800373938698102,1,1,bkt,0.6760540266390719
1785030393691810266,2322042198017538996,8573800373938698102,1,1,bkt,0.8167220590445308
1785030393691810266,1742185772413642127,300471914551172981,1,1,bkt,0.4569291934951082
1785030393691810266,2334639155148655290,8573800373938698102,0,1,bkt,0.8788196483061628
1785030393691810266,7660717256841499384,300471914551172981,1,1,bkt,0.5982214866263706
1785030393691810266,4113615466659810841,300471914551172981,1,1,bkt,0.7501197260052528
1785030393691810266,6125574002232610732,300471914551172981,1,1,bkt,0.8495927513077606
1785030393691810266,2774368076249802464,8573800373938698102,1,1,bkt,0.7384066474694537
1785030393691810266,8903365289186067945,8573800373938698102,1,1,bkt,0.8471668312011014
1785030393691810266,6925932688889117475,300471914551172981,1,1,bkt,0.8954606793217116
1785030393691810266,8194071366621068887,8573800373938698102,1,1,bkt,0.8895448264872352
1785030393691810266,2986660907093963186,300471914551172981,1,1,bkt,0.9131779566850995
1785030393691810266,7591109345808921544,300471914551172981,1,1,bkt,0.9195450354858845
1785030393691810266,625545550176685521,8573800373938698102,1,1,bkt,0.9032517075273192
1785030393691810266,1761868641361943332,8573800373938698102,1,1,bkt,0.9074098276495504
1785030393691810266,4824259625677886603,300471914551172981,1,1,bkt,0.9217732499128862
1785030393691810266,8450591260754163598,8573800373938698102,1,1,bkt,0.9086464007037887
1785030393691810266,1553079256999111676,300471914551172981,1,1,bkt,0.922545761598496
1785030393691810266,3220231712819306119,8573800373938698102,1,1,bkt,0.9090119587998192
1785030393691810266,338807275221326836,300471914551172981,1,1,bkt,0.9228127166968524
1785030393691810266,8525319303741530302,8573800373938698102,1,1,bkt,0.9091198353169416
1785030393691810266,6587421150596252277,300471914551172981,1,1,bkt,0.9229048638476681
1785030393691810266,5891620578387310353,300471914551172981,0,1,bkt,0.9229366586834665
1785030393691810266,5791250638486922978,300471914551172981,1,1,bkt,0.9228161537075203
1785030393691810266,4031585874086886353,8573800373938698102,1,1,bkt,0.9091516531942981
1785030393691810266,2083452711903133430,8573800373938698102,1,1,bkt,0.9091610363463605
1785030393691810266,6319743179241711738,8573800373938698102,1,1,bkt,0.9091638033302075
1785030393691810266,8628686323660025649,300471914551172981,1,1,bkt,0.9229060498821124
1785030393691810266,4378721629787482518,300471914551172981,1,1,bkt,0.9229370678763336
1785030393691810266,4813462692425748605,300471914551172981,1,1,bkt,0.9229477689981873
1785030393691810266,4644364625800006675,300471914551172981,1,1,bkt,0.922951460688625
1785030393691810266,1062464292871659639,8573800373938698102,1,1,bkt,0.9091646192710813
1785030393691810266,5932668873100475470,300471914551172981,1,1,bkt,0.9229527342341416
1785030393691810266,5237822943399727048,8573800373938698102,1,1,bkt,0.9091648598785163
1808587128641117349,300471914551172981,300471914551172981,0,1,bkt,0.6270461440332235
1808587128641117349,8573800373938698102,8573800373938698102,0,1,bkt,0.5064730900819714
1808587128641117349,2014268979504181100,300471914551172981,0,1,bkt,0.42182790732040143
1808587128641117349,2172169907340938753,300471914551172981,0,1,bkt,0.3755148815622478
1808587128641117349,8150806168444344502,300471914551172981,1,1,bkt,0.36927288726461627
1808587128641117349,816286915455981984,8573800373938698102,0,1,bkt,0.35276834629056547
1808587128641117349,1962751598315765836,300471914551172981,1,1,bkt,0.44555911041066376
1808587128641117349,7444476343858270082,300471914551172981,0,1,bkt,0.5818097482856672
1808587128641117349,2537821716777940730,300471914551172981,0,1,bkt,0.4077136373873239
1808587128641117349,1061301253559417093,300471914551172981,1,1,bkt,0.37350916762930053
1808587128641117349,8553379303363759508,300471914551172981,0,1,bkt,0.4545848165029309
1808587128641117349,6440511557387709110,300471914551172981,1,1,bkt,0.38056984476283257
1808587128641117349,7744513373483970787,8573800373938698102,0,1,bkt,0.32296311143420975
1808587128641117349,2971078979906996375,300471914551172981,0,1,bkt,0.46918155724037597
1808587128641117349,5841359775533910823,300471914551172981,0,1,bkt,0.3830233223648773
1808587128641117349,8621262567927479011,300471914551172981,0,1,bkt,0.37022121477808356
1808587128641117349,8434961942249729798,8573800373938698102,0,1,bkt,0.3187500641718073
1808587128641117349,2322042198017538996,8573800373938698102,0,1,bkt,0.318184276619551
1808587128641117349,1742185772413642127,300471914551172981,0,1,bkt,0.368617880310241
1808587128641117349,2334639155148655290,8573800373938698102,0,1,bkt,0.31810882722389705
1808587128641117349,7660717256841499384,300471914551172981,1,1,bkt,0.3684216603180686
1808587128641117349,4113615466659810841,300471914551172981,1,1,bkt,0.4437204650670325
1808587128641117349,6125574002232610732,300471914551172981,0,1,bkt,0.5790768192232811
1808587128641117349,2774368076249802464,8573800373938698102,0,1,bkt,0.3180987752917487
1808587128641117349,8903365289186067945,8573800373938698102,0,1,bkt,0.31809743626617
1808587128641117349,6925932688889117475,300471914551172981,1,1,bkt,0.4069581085569537
1808587128641117349,8194071366621068887,8573800373938698102,0,1,bkt,0.318097257896527
1808587128641117349,2986660907093963186,300471914551172981,1,1,bkt,0.5192509031738421
1808587128641117349,7591109345808921544,300471914551172981,1,1,bkt,0.6754110123397831
1808587128641117349,625545550176685521,8573800373938698102,0,1,bkt,0.31809723413622
1808587128641117349,1761868641361943332,8573800373938698102,1,1,bkt,0.31809723097115217
1808587128641117349,4824259625677886603,300471914551172981,0,1,bkt,0.8062598552049504
1808587128641117349,8450591260754163598,8573800373938698102,0,1,bkt,0.41100400250699853
1808587128641117349,1553079256999111676,300471914551172981,0,1,bkt,0.5425247591571492
1808587128641117349,3220231712819306119,8573800373938698102,0,1,bkt,0.33242532497474125
1808587128641117349,338807275221326836,300471914551172981,0,1,bkt,0.39772089782447406
1808587128641117349,8525319303741530302,8573800373938698102,0,1,bkt,0.3200468146700448
1808587128641117349,6587421150596252277,300471914551172981,1,1,bkt,0.3721459836544854
1808587128641117349,5891620578387310353,300471914551172981,1,1,bkt,0.4517028757366198
1808587128641117349,5791250638486922978,300471914551172981,0,1,bkt,0.5907803508363794
1808587128641117349,4031585874086886353,8573800373938698102,0,1,bkt,0.31835767570406065
1808587128641117349,2083452711903133430,8573800373938698102,0,1,bkt,0.318131937179064
1808587128641117349,6319743179241711738,8573800373938698102,0,1,bkt,0.3181018539362919
1808587128641117349,8628686323660025649,300471914551172981,0,1,bkt,0.41026452110978506
1808587128641117349,4378721629787482518,300471914551172981,0,1,bkt,0.3738645542748079
1808587128641117349,4813462692425748605,300471914551172981,0,1,bkt,0.36906749734364536
1808587128641117349,4644364625800006675,300471914551172981,0,1,bkt,0.3684765849312485
1808587128641117349,1062464292871659639,8573800373938698102,0,1,bkt,0.31809784637057315
1808587128641117349,5932668873100475470,300471914551172981,1,1,bkt,0.36840441601475904
1808587128641117349,5237822943399727048,8573800373938698102,0,1,bkt,0.3180973125258615
1809111747278392846,300471914551172981,300471914551172981,0,1,bkt,0.6270461440332235
1809111747278392846,8573800373938698102,8573800373938698102,0,1,bkt,0.5064730900819714
1809111747278392846,2014268979504181100,300471914551172981,0,1,bkt,0.42182790732040143
1809111747278392846,2172169907340938753,300471914551172981,0,1,bkt,0.3755148815622478
1809111747278392846,8150806168444344502,300471914551172981,0,1,bkt,0.36927288726461627
1809111747278392846,816286915455981984,8573800373938698102,0,1,bkt,0.35276834629056547
1809111747278392846,1962751598315765836,300471914551172981,1,1,bkt,0.36850170114425645
1809111747278392846,7444476343858270082,300471914551172981,1,1,bkt,0.44389371460728233
1809111747278392846,2537821716777940730,300471914551172981,1,1,bkt,0.5793353003369425
1809111747278392846,1061301253559417093,300471914551172981,0,1,bkt,0.7341058135519046
1809111747278392846,8553379303363759508,300471914551172981,0,1,bkt,0.4743644374425592
1809111747278392846,6440511557387709110,300471914551172981,0,1,bkt,0.383927262891117
1809111747278392846,7744513373483970787,8573800373938698102,0,1,bkt,0.32296311143420975
1809111747278392846,2971078979906996375,300471914551172981,1,1,bkt,0.3703369428053823
1809111747278392846,5841359775533910823,300471914551172981,0,1,bkt,0.44784557783785967
1809111747278392846,8621262567927479011,300471914551172981,1,1,bkt,0.3794808582800676
1809111747278392846,8434961942249729798,8573800373938698102,0,1,bkt,0.3187500641718073
1809111747278392846,2322042198017538996,8573800373938698102,0,1,bkt,0.318184276619551
1809111747278392846,1742185772413642127,300471914551172981,1,1,bkt,0.4669656916053596
1809111747278392846,2334639155148655290,8573800373938698102,1,1,bkt,0.31810882722389705
1809111747278392846,7660717256841499384,300471914551172981,1,1,bkt,0.6120442065240979
1809111747278392846,4113615466659810841,300471914551172981,1,1,bkt,0.7612138723124985
1809111747278392846,6125574002232610732,300471914551172981,0,1,bkt,0.8553023001026265
1809111747278392846,2774368076249802464,8573800373938698102,0,1,bkt,0.4110319354747787
1809111747278392846,8903365289186067945,8573800373938698102,1,1,bkt,0.3324303125430158
1809111747278392846,6925932688889117475,300471914551172981,1,1,bkt,0.6276562611726504
1809111747278392846,8194071366621068887,8573800373938698102,0,1,bkt,0.4440420279402599
1809111747278392846,2986660907093963186,300471914551172981,1,1,bkt,0.7731565190596309
1809111747278392846,7591109345808921544,300471914551172981,0,1,bkt,0.8612653940355666
1809111747278392846,625545550176685521,8573800373938698102,0,1,bkt,0.33867468638326204
1809111747278392846,1761868641361943332,8573800373938698102,1,1,bkt,0.3209236065221241
1809111747278392846,4824259625677886603,300471914551172981,1,1,bkt,0.6421114792720095
1809111747278392846,8450591260754163598,8573800373938698102,0,1,bkt,0.41775244159230096
1809111747278392846,1553079256999111676,300471914551172981,0,1,bkt,0.7836964442799418
1809111747278392846,3220231712819306119,8573800373938698102,0,1,bkt,0.3336441999936094
1809111747278392846,338807275221326836,300471914551172981,1,1,bkt,0.5163235758840767
1809111747278392846,8525319303741530302,8573800373938698102,0,1,bkt,0.32021653309966164
1809111747278392846,6587421150596252277,300471914551172981,0,1,bkt,0.6722024000292044
1809111747278392846,5891620578387310353,300471914551172981,1,1,bkt,0.43980239356631123
1809111747278392846,5791250638486922978,300471914551172981,1,1,bkt,0.5731768399020701
1809111747278392846,4031585874086886353,8573800373938698102,0,1,bkt,0.31838041909716197
1809111747278392846,2083452711903133430,8573800373938698102,1,1,bkt,0.3181349692022285
1809111747278392846,6319743179241711738,8573800373938698102,1,1,bkt,0.411094898608906
1809111747278392846,8628686323660025649,300471914551172981,0,1,bkt,0.728655785841694
1809111747278392846,4378721629787482518,300471914551172981,0,1,bkt,0.4706884947376868
1809111747278392846,4813462692425748605,300471914551172981,0,1,bkt,0.3832843204570441
1809111747278392846,4644364625800006675,300471914551172981,1,1,bkt,0.3702545945239419
1809111747278392846,1062464292871659639,8573800373938698102,1,1,bkt,0.5843465192301366
1809111747278392846,5932668873100475470,300471914551172981,1,1,bkt,0.44766909510222164
1809111747278392846,5237822943399727048,8573800373938698102,1,1,bkt,0.7601387891298999
1956906990095827881,300471914551172981,300471914551172981,0,1,bkt,0.6270461440332235
1956906990095827881,8573800373938698102,8573800373938698102,1,1,bkt,0.5064730900819714
1956906990095827881,2014268979504181100,300471914551172981,1,1,bkt,0.42182790732040143
1956906990095827881,2172169907340938753,300471914551172981,1,1,bkt,0.5447054434036982
1956906990095827881,8150806168444344502,300471914551172981,1,1,bkt,0.7018577106812528
1956906990095827881,816286915455981984,8573800373938698102,1,1,bkt,0.6960034375848583
1956906990095827881,1962751598315765836,300471914551172981,1,1,bkt,0.8226544025090299
1956906990095827881,7444476343858270082,300471914551172981,0,1,bkt,0.8841343827865304
1956906990095827881,2537821716777940730,300471914551172981,1,1,bkt,0.7113434998861201
1956906990095827881,1061301253559417093,300471914551172981,0,1,bkt,0.8282376927798104
1956906990095827881,8553379303363759508,300471914551172981,0,1,bkt,0.5746640955326902
1956906990095827881,6440511557387709110,300471914551172981,1,1,bkt,0.4057586885839214
1956906990095827881,7744513373483970787,8573800373938698102,1,1,bkt,0.827056150610966
1956906990095827881,2971078979906996375,300471914551172981,1,1,bkt,0.5171163895915305
1956906990095827881,5841359775533910823,300471914551172981,1,1,bkt,0.6730749816723939
1956906990095827881,8621262567927479011,300471914551172981,1,1,bkt,0.8047498023980729
1956906990095827881,8434961942249729798,8573800373938698102,0,1,bkt,0.88254869688539
1956906990095827881,2322042198017538996,8573800373938698102,1,1,bkt,0.7546353521213569
1956906990095827881,1742185772413642127,300471914551172981,0,1,bkt,0.87618686513307
1956906990095827881,2334639155148655290,8573800373938698102,1,1,bkt,0.8542656506320485
1956906990095827881,7660717256841499384,300471914551172981,1,1,bkt,0.6843841364893443
1956906990095827881,4113615466659810841,300471914551172981,0,1,bkt,0.8119643972481831
1956906990095827881,6125574002232610732,300471914551172981,0,1,bkt,0.5501448563287007
1956906990095827881,2774368076249802464,8573800373938698102,1,1,bkt,0.8919357146333478
1956906990095827881,8903365289186067945,8573800373938698102,1,1,bkt,0.9039862093597547
1956906990095827881,6925932688889117475,300471914551172981,1,1,bkt,0.3995227520610385
1956906990095827881,8194071366621068887,8573800373938698102,0,1,bkt,0.9076290865865847
1956906990095827881,2986660907093963186,300471914551172981,1,1,bkt,0.5058122497516782
1956906990095827881,7591109345808921544,300471914551172981,0,1,bkt,0.6603749426209191
1956906990095827881,625545550176685521,8573800373938698102,1,1,bkt,0.8978267952980536
1956906990095827881,1761868641361943332,8573800373938698102,1,1,bkt,0.9057793067143002
1956906990095827881,4824259625677886603,300471914551172981,0,1,bkt,0.43463245563307595
1956906990095827881,8450591260754163598,8573800373938698102,1,1,bkt,0.9081628572331575
1956906990095827881,1553079256999111676,300471914551172981,0,1,bkt,0.3774211132953771
1956906990095827881,3220231712819306119,8573800373938698102,0,1,bkt,0.9088691312802439
1956906990095827881,338807275221326836,300471914551172981,1,1,bkt,0.3695114807842204
1956906990095827881,8525319303741530302,8573800373938698102,1,1,bkt,0.9069513662696038
1956906990095827881,6587421150596252277,300471914551172981,1,1,bkt,0.4460729510691398
1956906990095827881,5891620578387310353,300471914551172981,0,1,bkt,0.5825694838004268
1956906990095827881,5791250638486922978,300471914551172981,0,1,bkt,0.407925426562722
1956906990095827881,4031585874086886353,8573800373938698102,1,1,bkt,0.908510616172811
1956906990095827881,2083452711903133430,8573800373938698102,1,1,bkt,0.9089718665528892
1956906990095827881,6319743179241711738,8573800373938698102,0,1,bkt,0.9091080082957416
1956906990095827881,8628686323660025649,300471914551172981,1,1,bkt,0.37353855732208263
1956906990095827881,4378721629787482518,300471914551172981,1,1,bkt,0.4546467183379983
1956906990095827881,4813462692425748605,300471914551172981,0,1,bkt,0.5949927823212575
1956906990095827881,4644364625800006675,300471914551172981,1,1,bkt,0.41150135973487717
1956906990095827881,1062464292871659639,8573800373938698102,1,1,bkt,0.9087376855988804
1956906990095827881,5932668873100475470,300471914551172981,1,1,bkt,0.5272233374487583
1956906990095827881,5237822943399727048,8573800373938698102,0,1,bkt,0.9090389051834583
1964666005942285859,300471914551172981,300471914551172981,1,1,bkt,0.6270461440332235
1964666005942285859,8573800373938698102,8573800373938698102,1,1,bkt,0.5064730900819714
1964666005942285859,2014268979504181100,300471914551172981,0,1,bkt,0.77270096802343
1964666005942285859,2172169907340938753,300471914551172981,1,1,bkt,0.5054404856249486
1964666005942285859,8150806168444344502,300471914551172981,1,1,bkt,0.659947622549702
1964666005942285859,816286915455981984,8573800373938698102,1,1,bkt,0.6960034375848583
1964666005942285859,1962751598315765836,300471914551172981,0,1,bkt,0.7960652062015453
1964666005942285859,7444476343858270082,300471914551172981,1,1,bkt,0.5299684858420044
1964666005942285859,2537821716777940730,300471914551172981,1,1,bkt,0.6868559838653397
1964666005942285859,1061301253559417093,300471914551172981,1,1,bkt,0.8135096559990828
1964666005942285859,8553379303363759508,300471914551172981,1,1,bkt,0.8801189097546471
1964666005942285859,6440511557387709110,300471914551172981,1,1,bkt,0.907457472839949
1964666005942285859,7744513373483970787,8573800373938698102,1,1,bkt,0.827056150610966
1964666005942285859,2971078979906996375,300471914551172981,1,1,bkt,0.9175164363175117
1964666005942285859,5841359775533910823,300471914551172981,0,1,bkt,0.9210666809334732
1964666005942285859,8621262567927479011,300471914551172981,1,1,bkt,0.9078562888668906
1964666005942285859,8434961942249729798,8573800373938698102,1,1,bkt,0.88254869688539
1964666005942285859,2322042198017538996,8573800373938698102,1,1,bkt,0.9010795748605225
1964666005942285859,1742185772413642127,300471914551172981,1,1,bkt,0.9176586935630571
1964666005942285859,2334639155148655290,8573800373938698102,1,1,bkt,0.906759324464294
1964666005942285859,7660717256841499384,300471914551172981,1,1,bkt,0.9211163315378851
1964666005942285859,4113615466659810841,300471914551172981,0,1,bkt,0.9223183995323421
1964666005942285859,6125574002232610732,300471914551172981,1,1,bkt,0.9177903678019134
1964666005942285859,2774368076249802464,8573800373938698102,1,1,bkt,0.9084536974996698
1964666005942285859,8903365289186067945,8573800373938698102,1,1,bkt,0.9089550569682892
1964666005942285859,6925932688889117475,300471914551172981,1,1,bkt,0.9211622747460548
1964666005942285859,8194071366621068887,8573800373938698102,1,1,bkt,0.9091030492382115
1964666005942285859,2986660907093963186,300471914551172981,1,1,bkt,0.922334311206355
1964666005942285859,7591109345808921544,300471914551172981,1,1,bkt,0.922739690717073
1964666005942285859,625545550176685521,8573800373938698102,1,1,bkt,0.9091467026833527
1964666005942285859,1761868641361943332,8573800373938698102,1,1,bkt,0.9091595764744865
1964666005942285859,4824259625677886603,300471914551172981,1,1,bkt,0.9228796621498037
1964666005942285859,8450591260754163598,8573800373938698102,1,1,bkt,0.9091633728344996
1964666005942285859,1553079256999111676,300471914551172981,1,1,bkt,0.9229279636157034
1964666005942285859,3220231712819306119,8573800373938698102,1,1,bkt,0.9091644923248609
1964666005942285859,338807275221326836,300471914551172981,0,1,bkt,0.9229446281281347
1964666005942285859,8525319303741530302,8573800373938698102,1,1,bkt,0.9091648224442089
1964666005942285859,6587421150596252277,300471914551172981,1,1,bkt,0.9228814632640054
1964666005942285859,5891620578387310353,300471914551172981,1,1,bkt,0.9229285850503074
1964666005942285859,5791250638486922978,300471914551172981,1,1,bkt,0.922944842518227
1964666005942285859,4031585874086886353,8573800373938698102,1,1,bkt,0.9091649197908356
1964666005942285859,2083452711903133430,8573800373938698102,1,1,bkt,0.9091649484967002
1964666005942285859,6319743179241711738,8573800373938698102,1,1,bkt,0.9091649569615701
1964666005942285859,8628686323660025649,300471914551172981,1,1,bkt,0.9229504511153087
1964666005942285859,4378721629787482518,300471914551172981,1,1,bkt,0.9229523859563388
1964666005942285859,4813462692425748605,300471914551172981,1,1,bkt,0.9229530534279293
1964666005942285859,4644364625800006675,300471914551172981,1,1,bkt,0.9229532836882252
1964666005942285859,1062464292871659639,8573800373938698102,1,1,bkt,0.9091649594577158
1964666005942285859,5932668873100475470,300471914551172981,1,1,bkt,0.9229533631219464
1964666005942285859,5237822943399727048,8573800373938698102,1,1,bkt,0.9091649598746572
1967334056118598654,300471914551172981,300471914551172981,0,1,bkt,0.6270461440332235
1967334056118598654,8573800373938698102,8573800373938698102,0,1,bkt,0.5064730900819714
1967334056118598654,2014268979504181100,300471914551172981,0,1,bkt,0.42182790732040143
1967334056118598654,2172169907340938753,300471914551172981,0,1,bkt,0.3755148815622478
1967334056118598654,8150806168444344502,300471914551172981,0,1,bkt,0.36927288726461627
1967334056118598654,816286915455981984,8573800373938698102,1,1,bkt,0.35276834629056547
1967334056118598654,1962751598315765836,300471914551172981,0,1,bkt,0.36850170114425645
1967334056118598654,7444476343858270082,300471914551172981,1,1,bkt,0.36840748074282714
1967334056118598654,2537821716777940730,300471914551172981,0,1,bkt,0.4436897653193349
1967334056118598654,1061301253559417093,300471914551172981,0,1,bkt,0.3788224765465632
1967334056118598654,8553379303363759508,300471914551172981,0,1,bkt,0.3696878163980095
1967334056118598654,6440511557387709110,300471914551172981,1,1,bkt,0.36855249090391173
1967334056118598654,7744513373483970787,8573800373938698102,0,1,bkt,0.48631412116296824
1967334056118598654,2971078979906996375,300471914551172981,0,1,bkt,0.4440036107603918
1967334056118598654,5841359775533910823,300471914551172981,1,1,bkt,0.37887185372098786
1967334056118598654,8621262567927479011,300471914551172981,1,1,bkt,0.46572093767210626
1967334056118598654,8434961942249729798,8573800373938698102,1,1,bkt,0.34784301197993767
1967334056118598654,2322042198017538996,8573800373938698102,1,1,bkt,0.4765305403004627
1967334056118598654,1742185772413642127,300471914551172981,1,1,bkt,0.6103622376648372
1967334056118598654,2334639155148655290,8573800373938698102,0,1,bkt,0.6657637929811244
1967334056118598654,7660717256841499384,300471914551172981,1,1,bkt,0.7598907722700023
1967334056118598654,4113615466659810841,300471914551172981,0,1,bkt,0.8546301287505347
1967334056118598654,6125574002232610732,300471914551172981,0,1,bkt,0.626101214614929
1967334056118598654,2774368076249802464,8573800373938698102,1,1,bkt,0.4125822242509747
1967334056118598654,8903365289186067945,8573800373938698102,1,1,bkt,0.5864839324058699
1967334056118598654,6925932688889117475,300471914551172981,1,1,bkt,0.4214981536450764
1967334056118598654,8194071366621068887,8573800373938698102,0,1,bkt,0.7616589757978914
1967334056118598654,2986660907093963186,300471914551172981,0,1,bkt,0.5441604341951756
1967334056118598654,7591109345808921544,300471914551172981,1,1,bkt,0.3981025931523961
1967334056118598654,625545550176685521,8573800373938698102,0,1,bkt,0.48714470684922784
1967334056118598654,1761868641361943332,8573800373938698102,1,1,bkt,0.34803829650813156
1967334056118598654,4824259625677886603,300471914551172981,0,1,bkt,0.5031883598999181
1967334056118598654,8450591260754163598,8573800373938698102,1,1,bkt,0.47692372131291916
1967334056118598654,1553079256999111676,300471914551172981,0,1,bkt,0.38929852083008604
1967334056118598654,3220231712819306119,8573800373938698102,1,1,bkt,0.6661854777265255
1967334056118598654,338807275221326836,300471914551172981,0,1,bkt,0.37103167028410244
1967334056118598654,8525319303741530302,8573800373938698102,1,1,bkt,0.8113811922049441
1967334056118598654,6587421150596252277,300471914551172981,1,1,bkt,0.3687174464805657
1967334056118598654,5891620578387310353,300471914551172981,0,1,bkt,0.4443603239308729
1967334056118598654,5791250638486922978,300471914551172981,1,1,bkt,0.3789280429864361
1967334056118598654,4031585874086886353,8573800373938698102,1,1,bkt,0.8768551686077968
1967334056118598654,2083452711903133430,8573800373938698102,1,1,bkt,0.8992862872219393
1967334056118598654,6319743179241711738,8573800373938698102,1,1,bkt,0.9062199084255664
1967334056118598654,8628686323660025649,300471914551172981,1,1,bkt,0.4658359513377881
1967334056118598654,4378721629787482518,300471914551172981,1,1,bkt,0.6105180263313924
1967334056118598654,4813462692425748605,300471914551172981,1,1,bkt,0.7600136278516598
1967334056118598654,4644364625800006675,300471914551172981,1,1,bkt,0.8546926413448056
1967334056118598654,1062464292871659639,8573800373938698102,1,1,bkt,0.9082936926141173
1967334056118598654,5932668873100475470,300471914551172981,1,1,bkt,0.8975245630605134
1967334056118598654,5237822943399727048,8573800373938698102,1,1,bkt,0.9089077920223575
2006404817126484696,300471914551172981,300471914551172981,1,1,bkt,0.6270461440332235
2006404817126484696,8573800373938698102,8573800373938698102,0,1,bkt,0.5064730900819714
2006404817126484696,2014268979504181100,300471914551172981,1,1,bkt,0.77270096802343
2006404817126484696,2172169907340938753,300471914551172981,0,1,bkt,0.8610413139091273
2006404817126484696,8150806168444344502,300471914551172981,0,1,bkt,0.6415458494908249
2006404817126484696,816286915455981984,8573800373938698102,1,1,bkt,0.35276834629056547
2006404817126484696,1962751598315765836,300471914551172981,0,1,bkt,0.427105913518501
2006404817126484696,7444476343858270082,300471914551172981,1,1,bkt,0.3762903031043172
2006404817126484696,2537821716777940730,300471914551172981,1,1,bkt,0.46039972697458964
2006404817126484696,1061301253559417093,300471914551172981,1,1,bkt,0.603069429069554
2006404817126484696,8553379303363759508,300471914551172981,1,1,bkt,0.7540686003465333
2006404817126484696,6440511557387709110,300471914551172981,1,1,bkt,0.8516442774299738
2006404817126484696,7744513373483970787,8573800373938698102,0,1,bkt,0.48631412116296824
2006404817126484696,2971078979906996375,300471914551172981,1,1,bkt,0.896293886879742
2006404817126484696,5841359775533910823,300471914551172981,0,1,bkt,0.9134830280370299
2006404817126484696,8621262567927479011,300471914551172981,1,1,bkt,0.8538161816423767
2006404817126484696,8434961942249729798,8573800373938698102,1,1,bkt,0.34784301197993767
2006404817126484696,2322042198017538996,8573800373938698102,1,1,bkt,0.4765305403004627
2006404817126484696,1742185772413642127,300471914551172981,1,1,bkt,0.8971716215115773
2006404817126484696,2334639155148655290,8573800373938698102,0,1,bkt,0.6657637929811244
2006404817126484696,7660717256841499384,300471914551172981,1,1,bkt,0.91380378969703
2006404817126484696,4113615466659810841,300471914551172981,1,1,bkt,0.9197654272058023
2006404817126484696,6125574002232610732,300471914551172981,1,1,bkt,0.9218498255060463
2006404817126484696,2774368076249802464,8573800373938698102,1,1,bkt,0.4125822242509747
2006404817126484696,8903365289186067945,8573800373938698102,0,1,bkt,0.5864839324058699
2006404817126484696,6925932688889117475,300471914551172981,1,1,bkt,0.9225722436283962
2006404817126484696,8194071366621068887,8573800373938698102,0,1,bkt,0.37705241646260934
2006404817126484696,2986660907093963186,300471914551172981,0,1,bkt,0.9228218601059118
2006404817126484696,7591109345808921544,300471914551172981,1,1,bkt,0.9218768764756717
2006404817126484696,625545550176685521,8573800373938698102,1,1,bkt,0.3266937750230914
2006404817126484696,1761868641361943332,8573800373938698102,1,1,bkt,0.43116714235242826
2006404817126484696,4824259625677886603,300471914551172981,1,1,bkt,0.9225815975756736
2006404817126484696,8450591260754163598,8573800373938698102,1,1,bkt,0.6119486871919926
2006404817126484696,1553079256999111676,300471914551172981,1,1,bkt,0.922825089603215
2006404817126484696,3220231712819306119,8573800373938698102,0,1,bkt,0.7789532917832088
2006404817126484696,338807275221326836,300471914551172981,1,1,bkt,0.922909133415744
2006404817126484696,8525319303741530302,8573800373938698102,1,1,bkt,0.5074774699319684
2006404817126484696,6587421150596252277,300471914551172981,1,1,bkt,0.9229381317190711
2006404817126484696,5891620578387310353,300471914551172981,1,1,bkt,0.9229481360082191
2006404817126484696,5791250638486922978,300471914551172981,1,1,bkt,0.9229515872988249
2006404817126484696,4031585874086886353,8573800373938698102,1,1,bkt,0.6969559263615835
2006404817126484696,2083452711903133430,8573800373938698102,1,1,bkt,0.8275347566610505
2006404817126484696,6319743179241711738,8573800373938698102,1,1,bkt,0.8827191449060718
2006404817126484696,8628686323660025649,300471914551172981,1,1,bkt,0.9229527779114727
2006404817126484696,4378721629787482518,300471914551172981,1,1,bkt,0.9229531886422715
2006404817126484696,4813462692425748605,300471914551172981,1,1,bkt,0.9229533303336072
2006404817126484696,4644364625800006675,300471914551172981,1,1,bkt,0.9229533792133666
2006404817126484696,1062464292871659639,8573800373938698102,0,1,bkt,0.901132904144856
2006404817126484696,5932668873100475470,300471914551172981,1,1,bkt,0.9229533960755859
2006404817126484696,5237822943399727048,8573800373938698102,1,1,bkt,0.8537665346936891
2033945201824530036,300471914551172981,300471914551172981,1,1,bkt,0.6270461440332235
2033945201824530036,8573800373938698102,8573800373938698102,0,1,bkt,0.5064730900819714
2033945201824530036,2014268979504181100,300471914551172981,1,1,bkt,0.77270096802343
2033945201824530036,2172169907340938753,300471914551172981,1,1,bkt,0.8610413139091273
2033945201824530036,8150806168444344502,300471914551172981,1,1,bkt,0.900059657568269
2033945201824530036,816286915455981984,8573800373938698102,0,1,bkt,0.35276834629056547
2033945201824530036,1962751598315765836,300471914551172981,1,1,bkt,0.9148547854652099
2033945201824530036,7444476343858270082,300471914551172981,1,1,bkt,0.9201348647501719
2033945201824530036,2537821716777940730,300471914551172981,1,1,bkt,0.9219781051191799
2033945201824530036,1061301253559417093,300471914551172981,1,1,bkt,0.9226165965299471
2033945201824530036,8553379303363759508,300471914551172981,1,1,bkt,0.9228371725871625
2033945201824530036,6440511557387709110,300471914551172981,1,1,bkt,0.9229133028286419
2033945201824530036,7744513373483970787,8573800373938698102,0,1,bkt,0.32296311143420975
2033945201824530036,2971078979906996375,300471914551172981,1,1,bkt,0.9229395701871741
2033945201824530036,5841359775533910823,300471914551172981,1,1,bkt,0.9229486322571232
2033945201824530036,8621262567927479011,300471914551172981,1,1,bkt,0.9229517584933665
2033945201824530036,8434961942249729798,8573800373938698102,0,1,bkt,0.3187500641718073
2033945201824530036,2322042198017538996,8573800373938698102,0,1,bkt,0.318184276619551
2033945201824530036,1742185772413642127,300471914551172981,1,1,bkt,0.9229528369692599
2033945201824530036,2334639155148655290,8573800373938698102,0,1,bkt,0.31810882722389705
2033945201824530036,7660717256841499384,300471914551172981,1,1,bkt,0.9229532090156645
2033945201824530036,4113615466659810841,300471914551172981,1,1,bkt,0.9229533373618893
2033945201824530036,6125574002232610732,300471914551172981,1,1,bkt,0.9229533816379375
2033945201824530036,2774368076249802464,8573800373938698102,1,1,bkt,0.3180987752917487
2033945201824530036,8903365289186067945,8573800373938698102,0,1,bkt,0.41100772257257134
2033945201824530036,6925932688889117475,300471914551172981,1,1,bkt,0.9229533969119985
2033945201824530036,8194071366621068887,8573800373938698102,0,1,bkt,0.3324259891833723
2033945201824530036,2986660907093963186,300471914551172981,1,1,bkt,0.9229534021811435
2033945201824530036,7591109345808921544,300471914551172981,1,1,bkt,0.9229534039988586
2033945201824530036,625545550176685521,8573800373938698102,0,1,bkt,0.3200469069869219
2033945201824530036,1761868641361943332,8573800373938698102,1,1,bkt,0.3183576880720472
2033945201824530036,4824259625677886603,300471914551172981,1,1,bkt,0.922953404368367
2033945201824530036,8450591260754163598,8573800373938698102,0,1,bkt,0.4116308992140233
2033945201824530036,1553079256999111676,300471914551172981,1,1,bkt,0.922953404368367
2033945201824530036,3220231712819306119,8573800373938698102,0,1,bkt,0.3325373744047838
2033945201824530036,338807275221326836,300471914551172981,1,1,bkt,0.922953404368367
2033945201824530036,8525319303741530302,8573800373938698102,0,1,bkt,0.3200623907694425
2033945201824530036,6587421150596252277,300471914551172981,1,1,bkt,0.922953404368367
2033945201824530036,5891620578387310353,300471914551172981,1,1,bkt,0.922953404368367
2033945201824530036,5791250638486922978,300471914551172981,1,1,bkt,0.922953404368367
2033945201824530036,4031585874086886353,8573800373938698102,0,1,bkt,0.31835976253130094
2033945201824530036,2083452711903133430,8573800373938698102,1,1,bkt,0.3181322153748794
2033945201824530036,6319743179241711738,8573800373938698102,0,1,bkt,0.4110882664844566
2033945201824530036,8628686323660025649,300471914551172981,1,1,bkt,0.922953404368367
2033945201824530036,4378721629787482518,300471914551172981,1,1,bkt,0.922953404368367
2033945201824530036,4813462692425748605,300471914551172981,1,1,bkt,0.922953404368367
2033945201824530036,4644364625800006675,300471914551172981,1,1,bkt,0.922953404368367
2033945201824530036,1062464292871659639,8573800373938698102,0,1,bkt,0.3324403721599941
2033945201824530036,5932668873100475470,300471914551172981,1,1,bkt,0.922953404368367
2033945201824530036,5237822943399727048,8573800373938698102,0,1,bkt,0.3200489060898416
2054716444235427843,300471914551172981,300471914551172981,0,1,bkt,0.6270461440332235
2054716444235427843,8573800373938698102,8573800373938698102,1,1,bkt,0.5064730900819714
2054716444235427843,2014268979504181100,300471914551172981,0,1,bkt,0.42182790732040143
2054716444235427843,2172169907340938753,300471914551172981,0,1,bkt,0.3755148815622478
2054716444235427843,8150806168444344502,300471914551172981,1,1,bkt,0.36927288726461627
2054716444235427843,816286915455981984,8573800373938698102,1,1,bkt,0.6960034375848583
2054716444235427843,1962751598315765836,300471914551172981,1,1,bkt,0.44555911041066376
2054716444235427843,7444476343858270082,300471914551172981,1,1,bkt,0.5818097482856672
2054716444235427843,2537821716777940730,300471914551172981,1,1,bkt,0.7362631233578005
2054716444235427843,1061301253559417093,300471914551172981,0,1,bkt,0.8422198519008023
2054716444235427843,8553379303363759508,300471914551172981,1,1,bkt,0.5997710159762484
2054716444235427843,6440511557387709110,300471914551172981,1,1,bkt,0.7513888308582044
2054716444235427843,7744513373483970787,8573800373938698102,1,1,bkt,0.827056150610966
2054716444235427843,2971078979906996375,300471914551172981,1,1,bkt,0.8502544303266009
2054716444235427843,5841359775533910823,300471914551172981,1,1,bkt,0.8957298531569017
2054716444235427843,8621262567927479011,300471914551172981,1,1,bkt,0.9132765742907076
2054716444235427843,8434961942249729798,8573800373938698102,0,1,bkt,0.88254869688539
2054716444235427843,2322042198017538996,8573800373938698102,1,1,bkt,0.7546353521213569
2054716444235427843,1742185772413642127,300471914551172981,1,1,bkt,0.9195797844527377
2054716444235427843,2334639155148655290,8573800373938698102,1,1,bkt,0.8542656506320485
2054716444235427843,7660717256841499384,300471914551172981,1,1,bkt,0.9217853259560822
2054716444235427843,4113615466659810841,300471914551172981,0,1,bkt,0.922549938131786
2054716444235427843,6125574002232610732,300471914551172981,0,1,bkt,0.9196631311405257
2054716444235427843,2774368076249802464,8573800373938698102,1,1,bkt,0.8919357146333478
2054716444235427843,8903365289186067945,8573800373938698102,1,1,bkt,0.9039862093597547
2054716444235427843,6925932688889117475,300471914551172981,1,1,bkt,0.8970853889769477
2054716444235427843,8194071366621068887,8573800373938698102,1,1,bkt,0.9076290865865847
2054716444235427843,2986660907093963186,300471914551172981,1,1,bkt,0.913772304456115
2054716444235427843,7591109345808921544,300471914551172981,1,1,bkt,0.9197543466573918
2054716444235427843,625545550176685521,8573800373938698102,0,1,bkt,0.90871129110177
2054716444235427843,1761868641361943332,8573800373938698102,1,1,bkt,0.9057761687886846
2054716444235427843,4824259625677886603,300471914551172981,1,1,bkt,0.9218459764210087
2054716444235427843,8450591260754163598,8573800373938698102,1,1,bkt,0.9081619249788969
2054716444235427843,1553079256999111676,300471914551172981,1,1,bkt,0.9225709126097356
2054716444235427843,3220231712819306119,8573800373938698102,1,1,bkt,0.908868855767071
2054716444235427843,338807275221326836,300471914551172981,1,1,bkt,0.9228214005597084
2054716444235427843,8525319303741530302,8573800373938698102,1,1,bkt,0.9090776158217294
2054716444235427843,6587421150596252277,300471914551172981,0,1,bkt,0.922907860434788
2054716444235427843,5891620578387310353,300471914551172981,1,1,bkt,0.9225802647700545
2054716444235427843,5791250638486922978,300471914551172981,1,1,bkt,0.922824629449378
2054716444235427843,4031585874086886353,8573800373938698102,1,1,bkt,0.9091392015715
2054716444235427843,2083452711903133430,8573800373938698102,1,1,bkt,0.9091573644175253
2054716444235427843,6319743179241711738,8573800373938698102,1,1,bkt,0.909162720527341
2054716444235427843,8628686323660025649,300471914551172981,1,1,bkt,0.9229089746306767
2054716444235427843,4378721629787482518,300471914551172981,1,1,bkt,0.9229380769371794
2054716444235427843,4813462692425748605,300471914551172981,0,1,bkt,0.9229481171092963
2054716444235427843,4644364625800006675,300471914551172981,1,1,bkt,0.9229100596979453
2054716444235427843,1062464292871659639,8573800373938698102,1,1,bkt,0.9091642999698027
2054716444235427843,5932668873100475470,300471914551172981,1,1,bkt,0.9229384512921419
2054716444235427843,5237822943399727048,8573800373938698102,1,1,bkt,0.9091647657219148
2077889144686882393,300471914551172981,300471914551172981,1,1,bkt,0.6270461440332235
2077889144686882393,8573800373938698102,8573800373938698102,0,1,bkt,0.5064730900819714
2077889144686882393,2014268979504181100,300471914551172981,0,1,bkt,0.77270096802343
2077889144686882393,2172169907340938753,300471914551172981,0,1,bkt,0.5054404856249486
2077889144686882393,8150806168444344502,300471914551172981,1,1,bkt,0.38974456897574433
2077889144686882393,816286915455981984,8573800373938698102,0,1,bkt,0.35276834629056547
2077889144686882393,1962751598315765836,300471914551172981,1,1,bkt,0.48735862196950075
2077889144686882393,7444476343858270082,300471914551172981,1,1,bkt,0.6383766517400404
2077889144686882393,2537821716777940730,300471914551172981,0,1,bkt,0.781018951530223
2077889144686882393,1061301253559417093,300471914551172981,1,1,bkt,0.5135727852006486
2077889144686882393,8553379303363759508,300471914551172981,1,1,bkt,0.6691539521963762
2077889144686882393,6440511557387709110,300471914551172981,0,1,bkt,0.8021914769423961
2077889144686882393,7744513373483970787,8573800373938698102,0,1,bkt,0.32296311143420975
2077889144686882393,2971078979906996375,300471914551172981,0,1,bkt,0.537358738532525
2077889144686882393,5841359775533910823,300471914551172981,0,1,bkt,0.39653309703787487
2077889144686882393,8621262567927479011,300471914551172981,0,1,bkt,0.3719869489930303
2077889144686882393,8434961942249729798,8573800373938698102,0,1,bkt,0.3187500641718073
2077889144686882393,2322042198017538996,8573800373938698102,0,1,bkt,0.318184276619551
2077889144686882393,1742185772413642127,300471914551172981,1,1,bkt,0.3688351344533346
2077889144686882393,2334639155148655290,8573800373938698102,1,1,bkt,0.31810882722389705
2077889144686882393,7660717256841499384,300471914551172981,1,1,bkt,0.4446146268179241
2077889144686882393,4113615466659810841,300471914551172981,1,1,bkt,0.5804087083191638
2077889144686882393,6125574002232610732,300471914551172981,0,1,bkt,0.7350439069706893
2077889144686882393,2774368076249802464,8573800373938698102,1,1,bkt,0.4110319354747787
2077889144686882393,8903365289186067945,8573800373938698102,0,1,bkt,0.584255694586733
2077889144686882393,6925932688889117475,300471914551172981,1,1,bkt,0.4750124191812394
2077889144686882393,8194071366621068887,8573800373938698102,0,1,bkt,0.37624959549549725
2077889144686882393,2986660907093963186,300471914551172981,1,1,bkt,0.6227046320563208
2077889144686882393,7591109345808921544,300471914551172981,1,1,bkt,0.769433550859477
2077889144686882393,625545550176685521,8573800373938698102,0,1,bkt,0.32656579793501034
2077889144686882393,1761868641361943332,8573800373938698102,0,1,bkt,0.3192394989594992
2077889144686882393,4824259625677886603,300471914551172981,1,1,bkt,0.859426333752082
2077889144686882393,8450591260754163598,8573800373938698102,0,1,bkt,0.3182496453235378
2077889144686882393,1553079256999111676,300471914551172981,1,1,bkt,0.8994183302727888
2077889144686882393,3220231712819306119,8573800373938698102,0,1,bkt,0.3181175379298493
2077889144686882393,338807275221326836,300471914551172981,1,1,bkt,0.9146219806953253
2077889144686882393,8525319303741530302,8573800373938698102,0,1,bkt,0.3180999356834871
2077889144686882393,6587421150596252277,300471914551172981,1,1,bkt,0.920053104303359
2077889144686882393,5891620578387310353,300471914551172981,1,1,bkt,0.9219497243569783
2077889144686882393,5791250638486922978,300471914551172981,0,1,bkt,0.9226067848948335
2077889144686882393,4031585874086886353,8573800373938698102,0,1,bkt,0.31809759084082645
2077889144686882393,2083452711903133430,8573800373938698102,0,1,bkt,0.3180972784871556
2077889144686882393,6319743179241711738,8573800373938698102,1,1,bkt,0.31809723687906083
2077889144686882393,8628686323660025649,300471914551172981,0,1,bkt,0.920124640500322
2077889144686882393,4378721629787482518,300471914551172981,1,1,bkt,0.9005852614276191
2077889144686882393,4813462692425748605,300471914551172981,0,1,bkt,0.9150453348691076
2077889144686882393,4644364625800006675,300471914551172981,1,1,bkt,0.8641599126818509
2077889144686882393,1062464292871659639,8573800373938698102,0,1,bkt,0.4110040167384437
2077889144686882393,5932668873100475470,300471914551172981,1,1,bkt,0.9012913054891762
2077889144686882393,5237822943399727048,8573800373938698102,0,1,bkt,0.3324253275157151
2097205535333367492,300471914551172981,300471914551172981,1,1,bkt,0.6270461440332235
2097205535333367492,8573800373938698102,8573800373938698102,0,1,bkt,0.5064730900819714
2097205535333367492,2014268979504181100,300471914551172981,1,1,bkt,0.77270096802343
2097205535333367492,2172169907340938753,300471914551172981,1,1,bkt,0.8610413139091273
2097205535333367492,8150806168444344502,300471914551172981,1,1,bkt,0.900059657568269
2097205535333367492,816286915455981984,8573800373938698102,0,1,bkt,0.35276834629056547
2097205535333367492,1962751598315765836,300471914551172981,1,1,bkt,0.9148547854652099
2097205535333367492,7444476343858270082,300471914551172981,1,1,bkt,0.9201348647501719
2097205535333367492,2537821716777940730,300471914551172981,1,1,bkt,0.9219781051191799
2097205535333367492,1061301253559417093,300471914551172981,1,1,bkt,0.9226165965299471
2097205535333367492,8553379303363759508,300471914551172981,1,1,bkt,0.9228371725871625
2097205535333367492,6440511557387709110,300471914551172981,1,1,bkt,0.9229133028286419
2097205535333367492,7744513373483970787,8573800373938698102,0,1,bkt,0.32296311143420975
2097205535333367492,2971078979906996375,300471914551172981,1,1,bkt,0.9229395701871741
2097205535333367492,5841359775533910823,300471914551172981,1,1,bkt,0.9229486322571232
2097205535333367492,8621262567927479011,300471914551172981,1,1,bkt,0.9229517584933665
2097205535333367492,8434961942249729798,8573800373938698102,1,1,bkt,0.3187500641718073
2097205535333367492,2322042198017538996,8573800373938698102,1,1,bkt,0.412573378773676
2097205535333367492,1742185772413642127,300471914551172981,1,1,bkt,0.9229528369692599
2097205535333367492,2334639155148655290,8573800373938698102,1,1,bkt,0.5864712662573891
2097205535333367492,7660717256841499384,300471914551172981,1,1,bkt,0.9229532090156645
2097205535333367492,4113615466659810841,300471914551172981,1,1,bkt,0.9229533373618893
2097205535333367492,6125574002232610732,300471914551172981,1,1,bkt,0.9229533816379375
2097205535333367492,2774368076249802464,8573800373938698102,0,1,bkt,0.7616499999241606
2097205535333367492,8903365289186067945,8573800373938698102,0,1,bkt,0.48713492009593845
2097205535333367492,6925932688889117475,300471914551172981,1,1,bkt,0.9229533969119985
2097205535333367492,8194071366621068887,8573800373938698102,0,1,bkt,0.3480359917968258
2097205535333367492,2986660907093963186,300471914551172981,1,1,bkt,0.9229534021811435
2097205535333367492,7591109345808921544,300471914551172981,1,1,bkt,0.9229534039988586
2097205535333367492,625545550176685521,8573800373938698102,1,1,bkt,0.3222684554789146
2097205535333367492,1761868641361943332,8573800373938698102,0,1,bkt,0.420921929256326
2097205535333367492,4824259625677886603,300471914551172981,1,1,bkt,0.922953404368367
2097205535333367492,8450591260754163598,8573800373938698102,0,1,bkt,0.33422646425512703
2097205535333367492,1553079256999111676,300471914551172981,1,1,bkt,0.922953404368367
2097205535333367492,3220231712819306119,8573800373938698102,0,1,bkt,0.3202978279971899
2097205535333367492,338807275221326836,300471914551172981,1,1,bkt,0.922953404368367
2097205535333367492,8525319303741530302,8573800373938698102,1,1,bkt,0.3183913171747647
2097205535333367492,6587421150596252277,300471914551172981,1,1,bkt,0.922953404368367
2097205535333367492,5891620578387310353,300471914551172981,1,1,bkt,0.922953404368367
2097205535333367492,5791250638486922978,300471914551172981,1,1,bkt,0.922953404368367
2097205535333367492,4031585874086886353,8573800373938698102,1,1,bkt,0.4117117666622415
2097205535333367492,2083452711903133430,8573800373938698102,1,1,bkt,0.585234885232385
2097205535333367492,6319743179241711738,8573800373938698102,0,1,bkt,0.7607719678044833
2097205535333367492,8628686323660025649,300471914551172981,1,1,bkt,0.922953404368367
2097205535333367492,4378721629787482518,300471914551172981,1,1,bkt,0.922953404368367
2097205535333367492,4813462692425748605,300471914551172981,1,1,bkt,0.922953404368367
2097205535333367492,4644364625800006675,300471914551172981,1,1,bkt,0.922953404368367
2097205535333367492,1062464292871659639,8573800373938698102,1,1,bkt,0.48618111630842964
2097205535333367492,5932668873100475470,300471914551172981,1,1,bkt,0.922953404368367
2097205535333367492,5237822943399727048,8573800373938698102,0,1,bkt,0.6759169108261445
2101903094258896526,300471914551172981,300471914551172981,0,1,bkt,0.6270461440332235
2101903094258896526,8573800373938698102,8573800373938698102,0,1,bkt,0.5064730900819714
2101903094258896526,2014268979504181100,300471914551172981,0,1,bkt,0.42182790732040143
2101903094258896526,2172169907340938753,300471914551172981,0,1,bkt,0.3755148815622478
2101903094258896526,8150806168444344502,300471914551172981,0,1,bkt,0.36927288726461627
2101903094258896526,816286915455981984,8573800373938698102,0,1,bkt,0.35276834629056547
2101903094258896526,1962751598315765836,300471914551172981,0,1,bkt,0.36850170114425645
2101903094258896526,7444476343858270082,300471914551172981,1,1,bkt,0.36840748074282714
2101903094258896526,2537821716777940730,300471914551172981,0,1,bkt,0.4436897653193349
2101903094258896526,1061301253559417093,300471914551172981,1,1,bkt,0.3788224765465632
2101903094258896526,8553379303363759508,300471914551172981,1,1,bkt,0.4656198394931783
2101903094258896526,6440511557387709110,300471914551172981,0,1,bkt,0.610225234287518
2101903094258896526,7744513373483970787,8573800373938698102,0,1,bkt,0.32296311143420975
2101903094258896526,2971078979906996375,300471914551172981,0,1,bkt,0.41619697781328635
2101903094258896526,5841359775533910823,300471914551172981,0,1,bkt,0.3747030684584535
2101903094258896526,8621262567927479011,300471914551172981,1,1,bkt,0.36917171834856716
2101903094258896526,8434961942249729798,8573800373938698102,0,1,bkt,0.3187500641718073
2101903094258896526,2322042198017538996,8573800373938698102,0,1,bkt,0.318184276619551
2101903094258896526,1742185772413642127,300471914551172981,0,1,bkt,0.4453410301125166
2101903094258896526,2334639155148655290,8573800373938698102,0,1,bkt,0.31810882722389705
2101903094258896526,7660717256841499384,300471914551172981,1,1,bkt,0.37908289578315824
2101903094258896526,4113615466659810841,300471914551172981,0,1,bkt,0.4661527426752045
2101903094258896526,6125574002232610732,300471914551172981,0,1,bkt,0.3825031957269634
2101903094258896526,2774368076249802464,8573800373938698102,0,1,bkt,0.3180987752917487
2101903094258896526,8903365289186067945,8573800373938698102,1,1,bkt,0.31809743626617
2101903094258896526,6925932688889117475,300471914551172981,1,1,bkt,0.3701547785350253
2101903094258896526,8194071366621068887,8573800373938698102,1,1,bkt,0.4110044970378262
2101903094258896526,2986660907093963186,300471914551172981,1,1,bkt,0.44745507159451586
2101903094258896526,7591109345808921544,300471914551172981,0,1,bkt,0.5846043496012404
2101903094258896526,625545550176685521,8573800373938698102,1,1,bkt,0.584216105795172
2101903094258896526,1761868641361943332,8573800373938698102,0,1,bkt,0.7600456754770912
2101903094258896526,4824259625677886603,300471914551172981,0,1,bkt,0.4084964961918477
2101903094258896526,8450591260754163598,8573800373938698102,0,1,bkt,0.485397422039731
2101903094258896526,1553079256999111676,300471914551172981,0,1,bkt,0.37361790875295564
2101903094258896526,3220231712819306119,8573800373938698102,0,1,bkt,0.34762821256458654
2101903094258896526,338807275221326836,300471914551172981,0,1,bkt,0.369036894270306
2101903094258896526,8525319303741530302,8573800373938698102,0,1,bkt,0.32220906973854563
2101903094258896526,6587421150596252277,300471914551172981,0,1,bkt,0.3684728440182542
2101903094258896526,5891620578387310353,300471914551172981,0,1,bkt,0.3684039595623005
2101903094258896526,5791250638486922978,300471914551172981,0,1,bkt,0.36839555550055364
2101903094258896526,4031585874086886353,8573800373938698102,1,1,bkt,0.3186482840092978
2101903094258896526,2083452711903133430,8573800373938698102,1,1,bkt,0.4123291278064438
2101903094258896526,6319743179241711738,8573800373938698102,1,1,bkt,0.5861213000651756
2101903094258896526,8628686323660025649,300471914551172981,0,1,bkt,0.36839453031119573
2101903094258896526,4378721629787482518,300471914551172981,0,1,bkt,0.3683944052529131
2101903094258896526,4813462692425748605,300471914551172981,0,1,bkt,0.3683943899976381
2101903094258896526,4644364625800006675,300471914551172981,1,1,bkt,0.3683943881367189
2101903094258896526,1062464292871659639,8573800373938698102,1,1,bkt,0.7614018427322494
2101903094258896526,5932668873100475470,300471914551172981,0,1,bkt,0.44366141683548277
2101903094258896526,5237822943399727048,8573800373938698102,1,1,bkt,0.8571360837397692
2108936159450159022,300471914551172981,300471914551172981,1,1,bkt,0.6270461440332235
2108936159450159022,8573800373938698102,8573800373938698102,0,1,bkt,0.5064730900819714
2108936159450159022,2014268979504181100,300471914551172981,1,1,bkt,0.77270096802343
2108936159450159022,2172169907340938753,300471914551172981,1,1,bkt,0.8610413139091273
2108936159450159022,8150806168444344502,300471914551172981,1,1,bkt,0.900059657568269
2108936159450159022,816286915455981984,8573800373938698102,0,1,bkt,0.35276834629056547
2108936159450159022,1962751598315765836,300471914551172981,0,1,bkt,0.9148547854652099
2108936159450159022,7444476343858270082,300471914551172981,1,1,bkt,0.8628779967388509
2108936159450159022,2537821716777940730,300471914551172981,1,1,bkt,0.900786107959171
2108936159450159022,1061301253559417093,300471914551172981,1,1,bkt,0.9151180898953453
2108936159450159022,8553379303363759508,300471914551172981,1,1,bkt,0.9202272864691995
2108936159450159022,6440511557387709110,300471914551172981,1,1,bkt,0.9220101805596477
2108936159450159022,7744513373483970787,8573800373938698102,0,1,bkt,0.32296311143420975
2108936159450159022,2971078979906996375,300471914551172981,1,1,bkt,0.9226276847410405
2108936159450159022,5841359775533910823,300471914551172981,0,1,bkt,0.922841000472507
2108936159450159022,8621262567927479011,300471914551172981,1,1,bkt,0.9220332880139706
2108936159450159022,8434961942249729798,8573800373938698102,1,1,bkt,0.3187500641718073
2108936159450159022,2322042198017538996,8573800373938698102,1,1,bkt,0.412573378773676
2108936159450159022,1742185772413642127,300471914551172981,1,1,bkt,0.9226356723163649
2108936159450159022,2334639155148655290,8573800373938698102,1,1,bkt,0.5864712662573891
2108936159450159022,7660717256841499384,300471914551172981,1,1,bkt,0.9228437578956931
2108936159450159022,4113615466659810841,300471914551172981,1,1,bkt,0.9229155751410951
2108936159450159022,6125574002232610732,300471914551172981,0,1,bkt,0.9229403541407544
2108936159450159022,2774368076249802464,8573800373938698102,0,1,bkt,0.7616499999241606
2108936159450159022,8903365289186067945,8573800373938698102,1,1,bkt,0.48713492009593845
2108936159450159022,6925932688889117475,300471914551172981,1,1,bkt,0.9228464362805884
2108936159450159022,8194071366621068887,8573800373938698102,1,1,bkt,0.67689853831237
2108936159450159022,2986660907093963186,300471914551172981,1,1,bkt,0.9229164993295718
2108936159450159022,7591109345808921544,300471914551172981,1,1,bkt,0.9229406729870271
2108936159450159022,625545550176685521,8573800373938698102,1,1,bkt,0.8171718758677085
2108936159450159022,1761868641361943332,8573800373938698102,1,1,bkt,0.8789839276706563
2108936159450159022,4824259625677886603,300471914551172981,1,1,bkt,0.9229490127047053
2108936159450159022,8450591260754163598,8573800373938698102,0,1,bkt,0.8999595005831473
2108936159450159022,1553079256999111676,300471914551172981,1,1,bkt,0.9229518897389714
2108936159450159022,3220231712819306119,8573800373938698102,1,1,bkt,0.8464180864890382
2108936159450159022,338807275221326836,300471914551172981,1,1,bkt,0.9229528822456595
2108936159450159022,8525319303741530302,8573800373938698102,0,1,bkt,0.889290310594113
2108936159450159022,6587421150596252277,300471914551172981,1,1,bkt,0.922953224634837
2108936159450159022,5891620578387310353,300471914551172981,0,1,bkt,0.9229533427500909
2108936159450159022,5791250638486922978,300471914551172981,1,1,bkt,0.9229528950092206
2108936159450159022,4031585874086886353,8573800373938698102,1,1,bkt,0.7867494891205635
2108936159450159022,2083452711903133430,8573800373938698102,1,1,bkt,0.8674499682460364
2108936159450159022,6319743179241711738,8573800373938698102,0,1,bkt,0.8962723738363267
2108936159450159022,8628686323660025649,300471914551172981,1,1,bkt,0.9229532290379312
2108936159450159022,4378721629787482518,300471914551172981,1,1,bkt,0.9229533442690417
2108936159450159022,4813462692425748605,300471914551172981,0,1,bkt,0.9229533840207218
2108936159450159022,4644364625800006675,300471914551172981,1,1,bkt,0.9229532333335029
2108936159450159022,1062464292871659639,8573800373938698102,0,1,bkt,0.8244094245038759
2108936159450159022,5932668873100475470,300471914551172981,1,1,bkt,0.9229533457509004
2108936159450159022,5237822943399727048,8573800373938698102,1,1,bkt,0.5800183957425991
2131821587328919271,300471914551172981,300471914551172981,1,1,bkt,0.6270461440332235
2131821587328919271,8573800373938698102,8573800373938698102,0,1,bkt,0.5064730900819714
2131821587328919271,2014268979504181100,300471914551172981,1,1,bkt,0.77270096802343
2131821587328919271,2172169907340938753,300471914551172981,1,1,bkt,0.8610413139091273
2131821587328919271,8150806168444344502,300471914551172981,1,1,bkt,0.900059657568269
2131821587328919271,816286915455981984,8573800373938698102,1,1,bkt,0.35276834629056547
2131821587328919271,1962751598315765836,300471914551172981,1,1,bkt,0.9148547854652099
2131821587328919271,7444476343858270082,300471914551172981,1,1,bkt,0.9201348647501719
2131821587328919271,2537821716777940730,300471914551172981,1,1,bkt,0.9219781051191799
2131821587328919271,1061301253559417093,300471914551172981,1,1,bkt,0.9226165965299471
2131821587328919271,8553379303363759508,300471914551172981,1,1,bkt,0.9228371725871625
2131821587328919271,6440511557387709110,300471914551172981,1,1,bkt,0.9229133028286419
2131821587328919271,7744513373483970787,8573800373938698102,0,1,bkt,0.48631412116296824
2131821587328919271,2971078979906996375,300471914551172981,1,1,bkt,0.9229395701871741
2131821587328919271,5841359775533910823,300471914551172981,1,1,bkt,0.9229486322571232
2131821587328919271,8621262567927479011,300471914551172981,1,1,bkt,0.9229517584933665
2131821587328919271,8434961942249729798,8573800373938698102,1,1,bkt,0.34784301197993767
2131821587328919271,2322042198017538996,8573800373938698102,0,1,bkt,0.4765305403004627
2131821587328919271,1742185772413642127,300471914551172981,1,1,bkt,0.9229528369692599
2131821587328919271,2334639155148655290,8573800373938698102,0,1,bkt,0.3455893710257259
2131821587328919271,7660717256841499384,300471914551172981,1,1,bkt,0.9229532090156645
2131821587328919271,4113615466659810841,300471914551172981,1,1,bkt,0.9229533373618893
2131821587328919271,6125574002232610732,300471914551172981,1,1,bkt,0.9229533816379375
2131821587328919271,2774368076249802464,8573800373938698102,0,1,bkt,0.3219132590780609
2131821587328919271,8903365289186067945,8573800373938698102,0,1,bkt,0.31860841745697516
2131821587328919271,6925932688889117475,300471914551172981,1,1,bkt,0.9229533969119985
2131821587328919271,8194071366621068887,8573800373938698102,0,1,bkt,0.3181653758654684
2131821587328919271,2986660907093963186,300471914551172981,1,1,bkt,0.9229534021811435
2131821587328919271,7591109345808921544,300471914551172981,1,1,bkt,0.9229534039988586
2131821587328919271,625545550176685521,8573800373938698102,0,1,bkt,0.31810630891539526
2131821587328919271,1761868641361943332,8573800373938698102,0,1,bkt,0.3180984398222385
2131821587328919271,4824259625677886603,300471914551172981,1,1,bkt,0.922953404368367
2131821587328919271,8450591260754163598,8573800373938698102,0,1,bkt,0.3180973915787004
2131821587328919271,1553079256999111676,300471914551172981,1,1,bkt,0.922953404368367
2131821587328919271,3220231712819306119,8573800373938698102,0,1,bkt,0.3180972519437864
2131821587328919271,338807275221326836,300471914551172981,1,1,bkt,0.922953404368367
2131821587328919271,8525319303741530302,8573800373938698102,1,1,bkt,0.31809723334326606
2131821587328919271,6587421150596252277,300471914551172981,1,1,bkt,0.922953404368367
2131821587328919271,5891620578387310353,300471914551172981,1,1,bkt,0.922953404368367
2131821587328919271,5791250638486922978,300471914551172981,1,1,bkt,0.922953404368367
2131821587328919271,4031585874086886353,8573800373938698102,0,1,bkt,0.41100400822113725
2131821587328919271,2083452711903133430,8573800373938698102,1,1,bkt,0.3324253259949803
2131821587328919271,6319743179241711738,8573800373938698102,0,1,bkt,0.4440310292669408
2131821587328919271,8628686323660025649,300471914551172981,1,1,bkt,0.922953404368367
2131821587328919271,4378721629787482518,300471914551172981,1,1,bkt,0.922953404368367
2131821587328919271,4813462692425748605,300471914551172981,1,1,bkt,0.922953404368367
2131821587328919271,4644364625800006675,300471914551172981,1,1,bkt,0.922953404368367
2131821587328919271,1062464292871659639,8573800373938698102,0,1,bkt,0.33867248232205527
2131821587328919271,5932668873100475470,300471914551172981,1,1,bkt,0.922953404368367
2131821587328919271,5237822943399727048,8573800373938698102,1,1,bkt,0.32092329436893674
2143430672656358050,300471914551172981,300471914551172981,1,1,bkt,0.6270461440332235
2143430672656358050,8573800373938698102,8573800373938698102,1,1,bkt,0.5064730900819714
2143430672656358050,2014268979504181100,300471914551172981,1,1,bkt,0.77270096802343
2143430672656358050,2172169907340938753,300471914551172981,1,1,bkt,0.8610413139091273
2143430672656358050,8150806168444344502,300471914551172981,1,1,bkt,0.900059657568269
2143430672656358050,816286915455981984,8573800373938698102,1,1,bkt,0.6960034375848583
2143430672656358050,1962751598315765836,300471914551172981,1,1,bkt,0.9148547854652099
2143430672656358050,7444476343858270082,300471914551172981,1,1,bkt,0.9201348647501719
2143430672656358050,2537821716777940730,300471914551172981,1,1,bkt,0.9219781051191799
2143430672656358050,1061301253559417093,300471914551172981,1,1,bkt,0.9226165965299471
2143430672656358050,8553379303363759508,300471914551172981,1,1,bkt,0.9228371725871625
2143430672656358050,6440511557387709110,300471914551172981,1,1,bkt,0.9229133028286419
2143430672656358050,7744513373483970787,8573800373938698102,1,1,bkt,0.827056150610966
2143430672656358050,2971078979906996375,300471914551172981,1,1,bkt,0.9229395701871741
2143430672656358050,5841359775533910823,300471914551172981,1,1,bkt,0.9229486322571232
2143430672656358050,8621262567927479011,300471914551172981,1,1,bkt,0.9229517584933665
2143430672656358050,8434961942249729798,8573800373938698102,1,1,bkt,0.88254869688539
2143430672656358050,2322042198017538996,8573800373938698102,1,1,bkt,0.9010795748605225
2143430672656358050,1742185772413642127,300471914551172981,1,1,bkt,0.9229528369692599
2143430672656358050,2334639155148655290,8573800373938698102,1,1,bkt,0.906759324464294
2143430672656358050,7660717256841499384,300471914551172981,1,1,bkt,0.9229532090156645
2143430672656358050,4113615466659810841,300471914551172981,1,1,bkt,0.9229533373618893
2143430672656358050,6125574002232610732,300471914551172981,1,1,bkt,0.9229533816379375
2143430672656358050,2774368076249802464,8573800373938698102,1,1,bkt,0.9084536974996698
2143430672656358050,8903365289186067945,8573800373938698102,1,1,bkt,0.9089550569682892
2143430672656358050,6925932688889117475,300471914551172981,1,1,bkt,0.9229533969119985
2143430672656358050,8194071366621068887,8573800373938698102,1,1,bkt,0.9091030492382115
2143430672656358050,2986660907093963186,300471914551172981,1,1,bkt,0.9229534021811435
2143430672656358050,7591109345808921544,300471914551172981,1,1,bkt,0.9229534039988586
2143430672656358050,625545550176685521,8573800373938698102,1,1,bkt,0.9091467026833527
2143430672656358050,1761868641361943332,8573800373938698102,1,1,bkt,0.9091595764744865
2143430672656358050,4824259625677886603,300471914551172981,1,1,bkt,0.922953404368367
2143430672656358050,8450591260754163598,8573800373938698102,1,1,bkt,0.9091633728344996
2143430672656358050,1553079256999111676,300471914551172981,1,1,bkt,0.922953404368367
2143430672656358050,3220231712819306119,8573800373938698102,1,1,bkt,0.9091644923248609
2143430672656358050,338807275221326836,300471914551172981,1,1,bkt,0.922953404368367
2143430672656358050,8525319303741530302,8573800373938698102,1,1,bkt,0.9091648224442089
2143430672656358050,6587421150596252277,300471914551172981,1,1,bkt,0.922953404368367
2143430672656358050,5891620578387310353,300471914551172981,1,1,bkt,0.922953404368367
2143430672656358050,5791250638486922978,300471914551172981,1,1,bkt,0.922953404368367
2143430672656358050,4031585874086886353,8573800373938698102,1,1,bkt,0.9091649197908356
2143430672656358050,2083452711903133430,8573800373938698102,1,1,bkt,0.9091649484967002
2143430672656358050,6319743179241711738,8573800373938698102,1,1,bkt,0.9091649569615701
2143430672656358050,8628686323660025649,300471914551172981,1,1,bkt,0.922953404368367
2143430672656358050,4378721629787482518,300471914551172981,1,1,bkt,0.922953404368367
2143430672656358050,4813462692425748605,300471914551172981,1,1,bkt,0.922953404368367
2143430672656358050,4644364625800006675,300471914551172981,1,1,bkt,0.922953404368367
2143430672656358050,1062464292871659639,8573800373938698102,1,1,bkt,0.9091649594577158
2143430672656358050,5932668873100475470,300471914551172981,1,1,bkt,0.922953404368367
2143430672656358050,5237822943399727048,8573800373938698102,1,1,bkt,0.9091649598746572
2160797765405831572,300471914551172981,300471914551172981,0,1,bkt,0.6270461440332235
2160797765405831572,8573800373938698102,8573800373938698102,0,1,bkt,0.5064730900819714
2160797765405831572,2014268979504181100,300471914551172981,0,1,bkt,0.42182790732040143
2160797765405831572,2172169907340938753,300471914551172981,0,1,bkt,0.3755148815622478
2160797765405831572,8150806168444344502,300471914551172981,0,1,bkt,0.36927288726461627
2160797765405831572,816286915455981984,8573800373938698102,0,1,bkt,0.35276834629056547
2160797765405831572,1962751598315765836,300471914551172981,0,1,bkt,0.36850170114425645
2160797765405831572,7444476343858270082,300471914551172981,0,1,bkt,0.36840748074282714
2160797765405831572,2537821716777940730,300471914551172981,0,1,bkt,0.3683959850482022
2160797765405831572,1061301253559417093,300471914551172981,0,1,bkt,0.3683945827099204
2160797765405831572,8553379303363759508,300471914551172981,0,1,bkt,0.36839441164479025
2160797765405831572,6440511557387709110,300471914551172981,0,1,bkt,0.3683943907773532
2160797765405831572,7744513373483970787,8573800373938698102,0,1,bkt,0.32296311143420975
2160797765405831572,2971078979906996375,300471914551172981,0,1,bkt,0.3683943882318327
2160797765405831572,5841359775533910823,300471914551172981,0,1,bkt,0.3683943879213166
2160797765405831572,8621262567927479011,300471914551172981,0,1,bkt,0.3683943878834382
2160797765405831572,8434961942249729798,8573800373938698102,0,1,bkt,0.3187500641718073
2160797765405831572,2322042198017538996,8573800373938698102,0,1,bkt,0.318184276619551
2160797765405831572,1742185772413642127,300471914551172981,1,1,bkt,0.3683943878788176
2160797765405831572,2334639155148655290,8573800373938698102,0,1,bkt,0.31810882722389705
2160797765405831572,7660717256841499384,300471914551172981,0,1,bkt,0.4436614162770477
2160797765405831572,4113615466659810841,300471914551172981,0,1,bkt,0.3788180191467348
2160797765405831572,6125574002232610732,300471914551172981,0,1,bkt,0.3696872542554839
2160797765405831572,2774368076249802464,8573800373938698102,0,1,bkt,0.3180987752917487
2160797765405831572,8903365289186067945,8573800373938698102,0,1,bkt,0.31809743626617
2160797765405831572,6925932688889117475,300471914551172981,0,1,bkt,0.3685524220491341
2160797765405831572,8194071366621068887,8573800373938698102,0,1,bkt,0.318097257896527
2160797765405831572,2986660907093963186,300471914551172981,0,1,bkt,0.36841367054739177
2160797765405831572,7591109345808921544,300471914551172981,1,1,bkt,0.3683967401520251
2160797765405831572,625545550176685521,8573800373938698102,0,1,bkt,0.31809723413622
2160797765405831572,1761868641361943332,8573800373938698102,0,1,bkt,0.31809723097115217
2160797765405831572,4824259625677886603,300471914551172981,0,1,bkt,0.44366650963452636
2160797765405831572,8450591260754163598,8573800373938698102,0,1,bkt,0.31809723054953915
2160797765405831572,1553079256999111676,300471914551172981,0,1,bkt,0.3788188199562116
2160797765405831572,3220231712819306119,8573800373938698102,1,1,bkt,0.3180972304933769
2160797765405831572,338807275221326836,300471914551172981,0,1,bkt,0.3696873552485357
2160797765405831572,8525319303741530302,8573800373938698102,0,1,bkt,0.41100400135609494
2160797765405831572,6587421150596252277,300471914551172981,0,1,bkt,0.3685524344193938
2160797765405831572,5891620578387310353,300471914551172981,0,1,bkt,0.36841367205713693
2160797765405831572,5791250638486922978,300471914551172981,0,1,bkt,0.3683967403362031
2160797765405831572,4031585874086886353,8573800373938698102,0,1,bkt,0.3324253247692515
2160797765405831572,2083452711903133430,8573800373938698102,1,1,bkt,0.32004681464148427
2160797765405831572,6319743179241711738,8573800373938698102,0,1,bkt,0.41567170855241276
2160797765405831572,8628686323660025649,300471914551172981,0,1,bkt,0.368394674844524
2160797765405831572,4378721629787482518,300471914551172981,0,1,bkt,0.36839442288386537
2160797765405831572,4813462692425748605,300471914551172981,0,1,bkt,0.3683943921483552
2160797765405831572,4644364625800006675,300471914551172981,0,1,bkt,0.36839438839907473
2160797765405831572,1062464292871659639,8573800373938698102,0,1,bkt,0.33326538458413685
2160797765405831572,5932668873100475470,300471914551172981,0,1,bkt,0.3683943879417177
2160797765405831572,5237822943399727048,8573800373938698102,0,1,bkt,0.3201637196768158
2231500381287999366,300471914551172981,300471914551172981,0,1,bkt,0.6270461440332235
2231500381287999366,8573800373938698102,8573800373938698102,1,1,bkt,0.5064730900819714
2231500381287999366,2014268979504181100,300471914551172981,0,1,bkt,0.42182790732040143
2231500381287999366,2172169907340938753,300471914551172981,0,1,bkt,0.3755148815622478
2231500381287999366,8150806168444344502,300471914551172981,0,1,bkt,0.36927288726461627
2231500381287999366,816286915455981984,8573800373938698102,1,1,bkt,0.6960034375848583
2231500381287999366,1962751598315765836,300471914551172981,1,1,bkt,0.36850170114425645
2231500381287999366,7444476343858270082,300471914551172981,0,1,bkt,0.44389371460728233
2231500381287999366,2537821716777940730,300471914551172981,1,1,bkt,0.3788545574633324
2231500381287999366,1061301253559417093,300471914551172981,0,1,bkt,0.465685527138784
2231500381287999366,8553379303363759508,300471914551172981,0,1,bkt,0.3824234875726399
2231500381287999366,6440511557387709110,300471914551172981,0,1,bkt,0.3701446072295246
2231500381287999366,7744513373483970787,8573800373938698102,0,1,bkt,0.827056150610966
2231500381287999366,2971078979906996375,300471914551172981,1,1,bkt,0.3686084821657678
2231500381287999366,5841359775533910823,300471914551172981,0,1,bkt,0.44412472654868185
2231500381287999366,8621262567927479011,300471914551172981,1,1,bkt,0.37889092372847866
2231500381287999366,8434961942249729798,8573800373938698102,1,1,bkt,0.5854169633115799
2231500381287999366,2322042198017538996,8573800373938698102,1,1,bkt,0.7609015057997806
2231500381287999366,1742185772413642127,300471914551172981,0,1,bkt,0.46575997584645046
2231500381287999366,2334639155148655290,8573800373938698102,1,1,bkt,0.8569255822316476
2231500381287999366,7660717256841499384,300471914551172981,0,1,bkt,0.38243617937307894
2231500381287999366,4113615466659810841,300471914551172981,1,1,bkt,0.3701462266142912
2231500381287999366,6125574002232610732,300471914551172981,0,1,bkt,0.44743672936343176
2231500381287999366,2774368076249802464,8573800373938698102,1,1,bkt,0.892821379534
2231500381287999366,8903365289186067945,8573800373938698102,1,1,bkt,0.904257294876596
2231500381287999366,6925932688889117475,300471914551172981,1,1,bkt,0.3794156475227318
2231500381287999366,8194071366621068887,8573800373938698102,1,1,bkt,0.9077099193649077
2231500381287999366,2986660907093963186,300471914551172981,1,1,bkt,0.4668325973494476
2231500381287999366,7591109345808921544,300471914551172981,0,1,bkt,0.6118647916909472
2231500381287999366,625545550176685521,8573800373938698102,1,1,bkt,0.9087352059173908
2231500381287999366,1761868641361943332,8573800373938698102,1,1,bkt,0.9090381732779345
2231500381287999366,4824259625677886603,300471914551172981,0,1,bkt,0.4167243646649872
2231500381287999366,8450591260754163598,8573800373938698102,1,1,bkt,0.9091275678986099
2231500381287999366,1553079256999111676,300471914551172981,0,1,bkt,0.374778436729852
2231500381287999366,3220231712819306119,8573800373938698102,1,1,bkt,0.9091539336076339
2231500381287999366,338807275221326836,300471914551172981,1,1,bkt,0.3691810997504318
2231500381287999366,8525319303741530302,8573800373938698102,1,1,bkt,0.909161708819333
2231500381287999366,6587421150596252277,300471914551172981,0,1,bkt,0.44536125774424823
2231500381287999366,5891620578387310353,300471914551172981,0,1,bkt,0.37908609547552946
2231500381287999366,5791250638486922978,300471914551172981,1,1,bkt,0.3697210769079716
2231500381287999366,4031585874086886353,8573800373938698102,1,1,bkt,0.9091640016325754
2231500381287999366,2083452711903133430,8573800373938698102,1,1,bkt,0.9091646777472013
2231500381287999366,6319743179241711738,8573800373938698102,1,1,bkt,0.9091648771221379
2231500381287999366,8628686323660025649,300471914551172981,1,1,bkt,0.44652379505548984
2231500381287999366,4378721629787482518,300471914551172981,0,1,bkt,0.5832346358981529
2231500381287999366,4813462692425748605,300471914551172981,0,1,bkt,0.40811148294912414
2231500381287999366,4644364625800006675,300471914551172981,0,1,bkt,0.37356439346553816
2231500381287999366,1062464292871659639,8573800373938698102,1,1,bkt,0.9091649359144276
2231500381287999366,5932668873100475470,300471914551172981,0,1,bkt,0.36903025742758955
2231500381287999366,5237822943399727048,8573800373938698102,1,1,bkt,0.9091649532512726
2235089003639397232,300471914551172981,300471914551172981,1,1,bkt,0.6270461440332235
2235089003639397232,8573800373938698102,8573800373938698102,1,1,bkt,0.5064730900819714
2235089003639397232,2014268979504181100,300471914551172981,1,1,bkt,0.77270096802343
2235089003639397232,2172169907340938753,300471914551172981,0,1,bkt,0.8610413139091273
2235089003639397232,8150806168444344502,300471914551172981,0,1,bkt,0.6415458494908249
2235089003639397232,816286915455981984,8573800373938698102,1,1,bkt,0.6960034375848583
2235089003639397232,1962751598315765836,300471914551172981,0,1,bkt,0.427105913518501
2235089003639397232,7444476343858270082,300471914551172981,1,1,bkt,0.3762903031043172
2235089003639397232,2537821716777940730,300471914551172981,0,1,bkt,0.46039972697458964
2235089003639397232,1061301253559417093,300471914551172981,0,1,bkt,0.38153133101478154
2235089003639397232,8553379303363759508,300471914551172981,0,1,bkt,0.37003094084959887
2235089003639397232,6440511557387709110,300471914551172981,0,1,bkt,0.3685945418892744
2235089003639397232,7744513373483970787,8573800373938698102,0,1,bkt,0.827056150610966
2235089003639397232,2971078979906996375,300471914551172981,0,1,bkt,0.3684188114634352
2235089003639397232,5841359775533910823,300471914551172981,1,1,bkt,0.36839736731156786
2235089003639397232,8621262567927479011,300471914551172981,0,1,bkt,0.44366786760684973
2235089003639397232,8434961942249729798,8573800373938698102,1,1,bkt,0.5854169633115799
2235089003639397232,2322042198017538996,8573800373938698102,1,1,bkt,0.7609015057997806
2235089003639397232,1742185772413642127,300471914551172981,1,1,bkt,0.3788190334675783
2235089003639397232,2334639155148655290,8573800373938698102,1,1,bkt,0.8569255822316476
2235089003639397232,7660717256841499384,300471914551172981,1,1,bkt,0.4656127889165753
2235089003639397232,4113615466659810841,300471914551172981,1,1,bkt,0.6102156774668059
2235089003639397232,6125574002232610732,300471914551172981,0,1,bkt,0.7597751370300647
2235089003639397232,2774368076249802464,8573800373938698102,1,1,bkt,0.892821379534
2235089003639397232,8903365289186067945,8573800373938698102,0,1,bkt,0.904257294876596
2235089003639397232,6925932688889117475,300471914551172981,1,1,bkt,0.4939207539464163
2235089003639397232,8194071366621068887,8573800373938698102,1,1,bkt,0.8742113755027203
2235089003639397232,2986660907093963186,300471914551172981,1,1,bkt,0.6463876052675398
2235089003639397232,7591109345808921544,300471914551172981,1,1,bkt,0.7867240005209576
2235089003639397232,625545550176685521,8573800373938698102,1,1,bkt,0.8984456315197331
2235089003639397232,1761868641361943332,8573800373938698102,1,1,bkt,0.9059663001577092
2235089003639397232,4824259625677886603,300471914551172981,1,1,bkt,0.867820120847084
2235089003639397232,8450591260754163598,8573800373938698102,0,1,bkt,0.9082183999294243
2235089003639397232,1553079256999111676,300471914551172981,0,1,bkt,0.9027255630060524
2235089003639397232,3220231712819306119,8573800373938698102,1,1,bkt,0.9021323714511496
2235089003639397232,338807275221326836,300471914551172981,1,1,bkt,0.7916134672333576
2235089003639397232,8525319303741530302,8573800373938698102,1,1,bkt,0.9070750037422377
2235089003639397232,6587421150596252277,300471914551172981,1,1,bkt,0.870127245717919
2235089003639397232,5891620578387310353,300471914551172981,1,1,bkt,0.9036234130298265
2235089003639397232,5791250638486922978,300471914551172981,1,1,bkt,0.9161424250077387
2235089003639397232,4031585874086886353,8573800373938698102,1,1,bkt,0.9085472479456405
2235089003639397232,2083452711903133430,8573800373938698102,1,1,bkt,0.9089826837671169
2235089003639397232,6319743179241711738,8573800373938698102,1,1,bkt,0.9091111994250031
2235089003639397232,8628686323660025649,300471914551172981,1,1,bkt,0.9205863299988958
2235089003639397232,4378721629787482518,300471914551172981,1,1,bkt,0.922134727383492
2235089003639397232,4813462692425748605,300471914551172981,1,1,bkt,0.9226707322220427
2235089003639397232,4644364625800006675,300471914551172981,1,1,bkt,0.9228558605028669
2235089003639397232,1062464292871659639,8573800373938698102,1,1,bkt,0.9091491063401472
2235089003639397232,5932668873100475470,300471914551172981,1,1,bkt,0.9229197511562316
2235089003639397232,5237822943399727048,8573800373938698102,1,1,bkt,0.9091602852984477
2269114235205956810,300471914551172981,300471914551172981,1,1,bkt,0.6270461440332235
2269114235205956810,8573800373938698102,8573800373938698102,0,1,bkt,0.5064730900819714
2269114235205956810,2014268979504181100,300471914551172981,0,1,bkt,0.77270096802343
2269114235205956810,2172169907340938753,300471914551172981,0,1,bkt,0.5054404856249486
2269114235205956810,8150806168444344502,300471914551172981,0,1,bkt,0.38974456897574433
2269114235205956810,816286915455981984,8573800373938698102,1,1,bkt,0.35276834629056547
2269114235205956810,1962751598315765836,300471914551172981,0,1,bkt,0.3710899128559312
2269114235205956810,7444476343858270082,300471914551172981,0,1,bkt,0.36872461158683767
2269114235205956810,2537821716777940730,300471914551172981,0,1,bkt,0.3684346913856815
2269114235205956810,1061301253559417093,300471914551172981,1,1,bkt,0.3683993046270523
2269114235205956810,8553379303363759508,300471914551172981,0,1,bkt,0.44367206239671864
2269114235205956810,6440511557387709110,300471914551172981,0,1,bkt,0.3788196930128738
2269114235205956810,7744513373483970787,8573800373938698102,1,1,bkt,0.48631412116296824
2269114235205956810,2971078979906996375,300471914551172981,0,1,bkt,0.3696874653532446
2269114235205956810,5841359775533910823,300471914551172981,0,1,bkt,0.3685524479057107
2269114235205956810,8621262567927479011,300471914551172981,0,1,bkt,0.3684136737030929
2269114235205956810,8434961942249729798,8573800373938698102,1,1,bkt,0.6760540266390719
2269114235205956810,2322042198017538996,8573800373938698102,1,1,bkt,0.8167220590445308
2269114235205956810,1742185772413642127,300471914551172981,0,1,bkt,0.3683967405369978
2269114235205956810,2334639155148655290,8573800373938698102,1,1,bkt,0.8788196483061628
2269114235205956810,7660717256841499384,300471914551172981,0,1,bkt,0.36839467486901817
2269114235205956810,4113615466659810841,300471914551172981,0,1,bkt,0.3683944228868533
2269114235205956810,6125574002232610732,300471914551172981,0,1,bkt,0.36839439214871966
2269114235205956810,2774368076249802464,8573800373938698102,1,1,bkt,0.899907663883957
2269114235205956810,8903365289186067945,8573800373938698102,1,1,bkt,0.906407060236316
2269114235205956810,6925932688889117475,300471914551172981,1,1,bkt,0.36839438839911925
2269114235205956810,8194071366621068887,8573800373938698102,1,1,bkt,0.9083492283041106
2269114235205956810,2986660907093963186,300471914551172981,0,1,bkt,0.4436614174036596
2269114235205956810,7591109345808921544,300471914551172981,0,1,bkt,0.37881801932386616
2269114235205956810,625545550176685521,8573800373938698102,1,1,bkt,0.908924198979335
2269114235205956810,1761868641361943332,8573800373938698102,1,1,bkt,0.9090939452316912
2269114235205956810,4824259625677886603,300471914551172981,0,1,bkt,0.3696872542778225
2269114235205956810,8450591260754163598,8573800373938698102,1,1,bkt,0.909144017674651
2269114235205956810,1553079256999111676,300471914551172981,0,1,bkt,0.3685524220518702
2269114235205956810,3220231712819306119,8573800373938698102,0,1,bkt,0.9091587846771045
2269114235205956810,338807275221326836,300471914551172981,0,1,bkt,0.3684136705477257
2269114235205956810,8525319303741530302,8573800373938698102,1,1,bkt,0.9091186014582834
2269114235205956810,6587421150596252277,300471914551172981,0,1,bkt,0.36839674015206586
2269114235205956810,5891620578387310353,300471914551172981,0,1,bkt,0.3683946748220618
2269114235205956810,5791250638486922978,300471914551172981,1,1,bkt,0.36839442288112534
2269114235205956810,4031585874086886353,8573800373938698102,1,1,bkt,0.9091512893138234
2269114235205956810,2083452711903133430,8573800373938698102,1,1,bkt,0.9091609290410344
2269114235205956810,6319743179241711738,8573800373938698102,1,1,bkt,0.9091637716874214
2269114235205956810,8628686323660025649,300471914551172981,1,1,bkt,0.44366149206772815
2269114235205956810,4378721629787482518,300471914551172981,0,1,bkt,0.5789887879057918
2269114235205956810,4813462692425748605,300471914551172981,1,1,bkt,0.40693393502400244
2269114235205956810,4644364625800006675,300471914551172981,0,1,bkt,0.5192080076779055
2269114235205956810,1062464292871659639,8573800373938698102,0,1,bkt,0.9091646099401397
2269114235205956810,5932668873100475470,300471914551172981,0,1,bkt,0.3925621695329497
2269114235205956810,5237822943399727048,8573800373938698102,1,1,bkt,0.9091623288308478
2290358221148407258,300471914551172981,300471914551172981,1,1,bkt,0.6270461440332235
2290358221148407258,8573800373938698102,8573800373938698102,0,1,bkt,0.5064730900819714
2290358221148407258,2014268979504181100,300471914551172981,1,1,bkt,0.77270096802343
2290358221148407258,2172169907340938753,300471914551172981,1,1,bkt,0.8610413139091273
2290358221148407258,8150806168444344502,300471914551172981,1,1,bkt,0.900059657568269
2290358221148407258,816286915455981984,8573800373938698102,1,1,bkt,0.35276834629056547
2290358221148407258,1962751598315765836,300471914551172981,1,1,bkt,0.9148547854652099
2290358221148407258,7444476343858270082,300471914551172981,1,1,bkt,0.9201348647501719
2290358221148407258,2537821716777940730,300471914551172981,1,1,bkt,0.9219781051191799
2290358221148407258,1061301253559417093,300471914551172981,1,1,bkt,0.9226165965299471
2290358221148407258,8553379303363759508,300471914551172981,1,1,bkt,0.9228371725871625
2290358221148407258,6440511557387709110,300471914551172981,1,1,bkt,0.9229133028286419
2290358221148407258,7744513373483970787,8573800373938698102,0,1,bkt,0.48631412116296824
2290358221148407258,2971078979906996375,300471914551172981,1,1,bkt,0.9229395701871741
2290358221148407258,5841359775533910823,300471914551172981,1,1,bkt,0.9229486322571232
2290358221148407258,8621262567927479011,300471914551172981,1,1,bkt,0.9229517584933665
2290358221148407258,8434961942249729798,8573800373938698102,1,1,bkt,0.34784301197993767
2290358221148407258,2322042198017538996,8573800373938698102,0,1,bkt,0.4765305403004627
2290358221148407258,1742185772413642127,300471914551172981,1,1,bkt,0.9229528369692599
2290358221148407258,2334639155148655290,8573800373938698102,0,1,bkt,0.3455893710257259
2290358221148407258,7660717256841499384,300471914551172981,1,1,bkt,0.9229532090156645
2290358221148407258,4113615466659810841,300471914551172981,1,1,bkt,0.9229533373618893
2290358221148407258,6125574002232610732,300471914551172981,0,1,bkt,0.9229533816379375
2290358221148407258,2774368076249802464,8573800373938698102,0,1,bkt,0.3219132590780609
2290358221148407258,8903365289186067945,8573800373938698102,0,1,bkt,0.31860841745697516
2290358221148407258,6925932688889117475,300471914551172981,1,1,bkt,0.92295321380014
2290358221148407258,8194071366621068887,8573800373938698102,0,1,bkt,0.3181653758654684
2290358221148407258,2986660907093963186,300471914551172981,1,1,bkt,0.9229533390124068
2290358221148407258,7591109345808921544,300471914551172981,1,1,bkt,0.9229533822073223
2290358221148407258,625545550176685521,8573800373938698102,1,1,bkt,0.31810630891539526
2290358221148407258,1761868641361943332,8573800373938698102,1,1,bkt,0.41102586956500986
2290358221148407258,4824259625677886603,300471914551172981,1,1,bkt,0.9229533971084211
2290358221148407258,8450591260754163598,8573800373938698102,0,1,bkt,0.5842469430113072
2290358221148407258,1553079256999111676,300471914551172981,1,1,bkt,0.9229534022489041
2290358221148407258,3220231712819306119,8573800373938698102,1,1,bkt,0.3762464593201014
2290358221148407258,338807275221326836,300471914551172981,1,1,bkt,0.9229534040222342
2290358221148407258,8525319303741530302,8573800373938698102,1,1,bkt,0.5294298940267652
2290358221148407258,6587421150596252277,300471914551172981,1,1,bkt,0.922953404368367
2290358221148407258,5891620578387310353,300471914551172981,1,1,bkt,0.922953404368367
2290358221148407258,5791250638486922978,300471914551172981,1,1,bkt,0.922953404368367
2290358221148407258,4031585874086886353,8573800373938698102,0,1,bkt,0.7168714750213608
2290358221148407258,2083452711903133430,8573800373938698102,1,1,bkt,0.4460344429438404
2290358221148407258,6319743179241711738,8573800373938698102,0,1,bkt,0.6307918189775652
2290358221148407258,8628686323660025649,300471914551172981,1,1,bkt,0.922953404368367
2290358221148407258,4378721629787482518,300471914551172981,1,1,bkt,0.922953404368367
2290358221148407258,4813462692425748605,300471914551172981,1,1,bkt,0.922953404368367
2290358221148407258,4644364625800006675,300471914551172981,1,1,bkt,0.922953404368367
2290358221148407258,1062464292871659639,8573800373938698102,0,1,bkt,0.3950284220364051
2290358221148407258,5932668873100475470,300471914551172981,1,1,bkt,0.922953404368367
2290358221148407258,5237822943399727048,8573800373938698102,0,1,bkt,0.32964826540571757
2312793360970709803,300471914551172981,300471914551172981,1,1,bkt,0.6270461440332235
2312793360970709803,8573800373938698102,8573800373938698102,0,1,bkt,0.5064730900819714
2312793360970709803,2014268979504181100,300471914551172981,0,1,bkt,0.77270096802343
2312793360970709803,2172169907340938753,300471914551172981,1,1,bkt,0.5054404856249486
2312793360970709803,8150806168444344502,300471914551172981,1,1,bkt,0.659947622549702
2312793360970709803,816286915455981984,8573800373938698102,0,1,bkt,0.35276834629056547
2312793360970709803,1962751598315765836,300471914551172981,0,1,bkt,0.7960652062015453
2312793360970709803,7444476343858270082,300471914551172981,1,1,bkt,0.5299684858420044
2312793360970709803,2537821716777940730,300471914551172981,1,1,bkt,0.6868559838653397
2312793360970709803,1061301253559417093,300471914551172981,0,1,bkt,0.8135096559990828
2312793360970709803,8553379303363759508,300471914551172981,0,1,bkt,0.5522892484644664
2312793360970709803,6440511557387709110,300471914551172981,1,1,bkt,0.4000408757180132
2312793360970709803,7744513373483970787,8573800373938698102,0,1,bkt,0.32296311143420975
2312793360970709803,2971078979906996375,300471914551172981,1,1,bkt,0.5067648983147353
2312793360970709803,5841359775533910823,300471914551172981,0,1,bkt,0.6614670919642766
2312793360970709803,8621262567927479011,300471914551172981,1,1,bkt,0.4350947098088866
2312793360970709803,8434961942249729798,8573800373938698102,0,1,bkt,0.3187500641718073
2312793360970709803,2322042198017538996,8573800373938698102,0,1,bkt,0.318184276619551
2312793360970709803,1742185772413642127,300471914551172981,1,1,bkt,0.5659472931588245
2312793360970709803,2334639155148655290,8573800373938698102,0,1,bkt,0.31810882722389705
2312793360970709803,7660717256841499384,300471914551172981,1,1,bkt,0.7221065349233728
2312793360970709803,4113615466659810841,300471914551172981,1,1,bkt,0.834395120065248
2312793360970709803,6125574002232610732,300471914551172981,0,1,bkt,0.8891607086288208
2312793360970709803,2774368076249802464,8573800373938698102,0,1,bkt,0.3180987752917487
2312793360970709803,8903365289186067945,8573800373938698102,0,1,bkt,0.31809743626617
2312793360970709803,6925932688889117475,300471914551172981,1,1,bkt,0.7303894108612806
2312793360970709803,8194071366621068887,8573800373938698102,0,1,bkt,0.318097257896527
2312793360970709803,2986660907093963186,300471914551172981,1,1,bkt,0.8390101082496627
2312793360970709803,7591109345808921544,300471914551172981,1,1,bkt,0.8910979191776933
2312793360970709803,625545550176685521,8573800373938698102,1,1,bkt,0.31809723413622
2312793360970709803,1761868641361943332,8573800373938698102,0,1,bkt,0.4110040101312683
2312793360970709803,4824259625677886603,300471914551172981,0,1,bkt,0.9115712575212837
2312793360970709803,8450591260754163598,8573800373938698102,0,1,bkt,0.33242532633602745
2312793360970709803,1553079256999111676,300471914551172981,1,1,bkt,0.8416559897000196
2312793360970709803,3220231712819306119,8573800373938698102,0,1,bkt,0.3200468148592468
2312793360970709803,338807275221326836,300471914551172981,1,1,bkt,0.8921989861873018
2312793360970709803,8525319303741530302,8573800373938698102,0,1,bkt,0.31835767572940865
2312793360970709803,6587421150596252277,300471914551172981,1,1,bkt,0.9119782363109905
2312793360970709803,5891620578387310353,300471914551172981,1,1,bkt,0.9191216993698855
2312793360970709803,5791250638486922978,300471914551172981,1,1,bkt,0.9216260578208432
2312793360970709803,4031585874086886353,8573800373938698102,0,1,bkt,0.3181319371824431
2312793360970709803,2083452711903133430,8573800373938698102,0,1,bkt,0.3181018539367421
2312793360970709803,6319743179241711738,8573800373938698102,0,1,bkt,0.3180978463706331
2312793360970709803,8628686323660025649,300471914551172981,1,1,bkt,0.9224948460047723
2312793360970709803,4378721629787482518,300471914551172981,1,1,bkt,0.9227951356744827
2312793360970709803,4813462692425748605,300471914551172981,0,1,bkt,0.9228987968973328
2312793360970709803,4644364625800006675,300471914551172981,0,1,bkt,0.9225060610102928
2312793360970709803,1062464292871659639,8573800373938698102,0,1,bkt,0.31809731252586954
2312793360970709803,5932668873100475470,300471914551172981,1,1,bkt,0.9193073785643331
2312793360970709803,5237822943399727048,8573800373938698102,1,1,bkt,0.3180972414132975
2315071760320444279,300471914551172981,300471914551172981,1,1,bkt,0.6270461440332235
2315071760320444279,8573800373938698102,8573800373938698102,1,1,bkt,0.5064730900819714
2315071760320444279,2014268979504181100,300471914551172981,1,1,bkt,0.77270096802343
2315071760320444279,2172169907340938753,300471914551172981,1,1,bkt,0.8610413139091273
2315071760320444279,8150806168444344502,300471914551172981,1,1,bkt,0.900059657568269
2315071760320444279,816286915455981984,8573800373938698102,1,1,bkt,0.6960034375848583
2315071760320444279,1962751598315765836,300471914551172981,1,1,bkt,0.9148547854652099
2315071760320444279,7444476343858270082,300471914551172981,1,1,bkt,0.9201348647501719
2315071760320444279,2537821716777940730,300471914551172981,1,1,bkt,0.9219781051191799
2315071760320444279,1061301253559417093,300471914551172981,1,1,bkt,0.9226165965299471
2315071760320444279,8553379303363759508,300471914551172981,1,1,bkt,0.9228371725871625
2315071760320444279,6440511557387709110,300471914551172981,1,1,bkt,0.9229133028286419
2315071760320444279,7744513373483970787,8573800373938698102,0,1,bkt,0.827056150610966
2315071760320444279,2971078979906996375,300471914551172981,1,1,bkt,0.9229395701871741
2315071760320444279,5841359775533910823,300471914551172981,1,1,bkt,0.9229486322571232
2315071760320444279,8621262567927479011,300471914551172981,1,1,bkt,0.9229517584933665
2315071760320444279,8434961942249729798,8573800373938698102,1,1,bkt,0.5854169633115799
2315071760320444279,2322042198017538996,8573800373938698102,1,1,bkt,0.7609015057997806
2315071760320444279,1742185772413642127,300471914551172981,1,1,bkt,0.9229528369692599
2315071760320444279,2334639155148655290,8573800373938698102,1,1,bkt,0.8569255822316476
2315071760320444279,7660717256841499384,300471914551172981,1,1,bkt,0.9229532090156645
2315071760320444279,4113615466659810841,300471914551172981,1,1,bkt,0.9229533373618893
2315071760320444279,6125574002232610732,300471914551172981,1,1,bkt,0.9229533816379375
2315071760320444279,2774368076249802464,8573800373938698102,1,1,bkt,0.892821379534
2315071760320444279,8903365289186067945,8573800373938698102,1,1,bkt,0.904257294876596
2315071760320444279,6925932688889117475,300471914551172981,1,1,bkt,0.9229533969119985
2315071760320444279,8194071366621068887,8573800373938698102,1,1,bkt,0.9077099193649077
2315071760320444279,2986660907093963186,300471914551172981,1,1,bkt,0.9229534021811435
2315071760320444279,7591109345808921544,300471914551172981,1,1,bkt,0.9229534039988586
2315071760320444279,625545550176685521,8573800373938698102,1,1,bkt,0.9087352059173908
2315071760320444279,1761868641361943332,8573800373938698102,1,1,bkt,0.9090381732779345
2315071760320444279,4824259625677886603,300471914551172981,1,1,bkt,0.922953404368367
2315071760320444279,8450591260754163598,8573800373938698102,1,1,bkt,0.9091275678986099
2315071760320444279,1553079256999111676,300471914551172981,1,1,bkt,0.922953404368367
2315071760320444279,3220231712819306119,8573800373938698102,0,1,bkt,0.9091539336076339
2315071760320444279,338807275221326836,300471914551172981,1,1,bkt,0.922953404368367
2315071760320444279,8525319303741530302,8573800373938698102,1,1,bkt,0.909082191155145
2315071760320444279,6587421150596252277,300471914551172981,1,1,bkt,0.922953404368367
2315071760320444279,5891620578387310353,300471914551172981,1,1,bkt,0.922953404368367
2315071760320444279,5791250638486922978,300471914551172981,1,1,bkt,0.922953404368367
2315071760320444279,4031585874086886353,8573800373938698102,1,1,bkt,0.9091405510117209
2315071760320444279,2083452711903133430,8573800373938698102,1,1,bkt,0.9091577623663749
2315071760320444279,6319743179241711738,8573800373938698102,1,1,bkt,0.9091628378775747
2315071760320444279,8628686323660025649,300471914551172981,1,1,bkt,0.922953404368367
2315071760320444279,4378721629787482518,300471914551172981,1,1,bkt,0.922953404368367
2315071760320444279,4813462692425748605,300471914551172981,1,1,bkt,0.922953404368367
2315071760320444279,4644364625800006675,300471914551172981,1,1,bkt,0.922953404368367
2315071760320444279,1062464292871659639,8573800373938698102,1,1,bkt,0.9091643345745498
2315071760320444279,5932668873100475470,300471914551172981,1,1,bkt,0.922953404368367
2315071760320444279,5237822943399727048,8573800373938698102,1,1,bkt,0.9091647759262785
2333712986867476897,300471914551172981,300471914551172981,1,1,bkt,0.6270461440332235
2333712986867476897,8573800373938698102,8573800373938698102,0,1,bkt,0.5064730900819714
2333712986867476897,2014268979504181100,300471914551172981,1,1,bkt,0.77270096802343
2333712986867476897,2172169907340938753,300471914551172981,0,1,bkt,0.8610413139091273
2333712986867476897,8150806168444344502,300471914551172981,1,1,bkt,0.6415458494908249
2333712986867476897,816286915455981984,8573800373938698102,0,1,bkt,0.35276834629056547
2333712986867476897,1962751598315765836,300471914551172981,1,1,bkt,0.7832929482050359
2333712986867476897,7444476343858270082,300471914551172981,1,1,bkt,0.8661839603442102
2333712986867476897,2537821716777940730,300471914551172981,1,1,bkt,0.9020859294602869
2333712986867476897,1061301253559417093,300471914551172981,1,1,bkt,0.9155881564026863
2333712986867476897,8553379303363759508,300471914551172981,1,1,bkt,0.9203921509814882
2333712986867476897,6440511557387709110,300471914551172981,1,1,bkt,0.9220673816555577
2333712986867476897,7744513373483970787,8573800373938698102,1,1,bkt,0.32296311143420975
2333712986867476897,2971078979906996375,300471914551172981,1,1,bkt,0.9226474567662029
2333712986867476897,5841359775533910823,300471914551172981,1,1,bkt,0.9228478259661087
2333712986867476897,8621262567927479011,300471914551172981,1,1,bkt,0.9229169788445527
2333712986867476897,8434961942249729798,8573800373938698102,1,1,bkt,0.42254872887658923
2333712986867476897,2322042198017538996,8573800373938698102,0,1,bkt,0.6004184063362712
2333712986867476897,1742185772413642127,300471914551172981,1,1,bkt,0.9229408384200914
2333712986867476897,2334639155148655290,8573800373938698102,1,1,bkt,0.3822760003939659
2333712986867476897,7660717256841499384,300471914551172981,1,1,bkt,0.9229490697762788
2333712986867476897,4113615466659810841,300471914551172981,1,1,bkt,0.9229519094273332
2333712986867476897,6125574002232610732,300471914551172981,0,1,bkt,0.922952889037643
2333712986867476897,2774368076249802464,8573800373938698102,0,1,bkt,0.5396479862937876
2333712986867476897,8903365289186067945,8573800373938698102,1,1,bkt,0.36181284604769753
2333712986867476897,6925932688889117475,300471914551172981,1,1,bkt,0.922949175634239
2333712986867476897,8194071366621068887,8573800373938698102,1,1,bkt,0.5035862543057608
2333712986867476897,2986660907093963186,300471914551172981,1,1,bkt,0.9229519459458541
2333712986867476897,7591109345808921544,300471914551172981,1,1,bkt,0.9229529016356023
2333712986867476897,625545550176685521,8573800373938698102,1,1,bkt,0.6932445954301032
2333712986867476897,1761868641361943332,8573800373938698102,1,1,bkt,0.8256624676404726
2333712986867476897,4824259625677886603,300471914551172981,1,1,bkt,0.9229532313238592
2333712986867476897,8450591260754163598,8573800373938698102,1,1,bkt,0.88205123309843
2333712986867476897,1553079256999111676,300471914551172981,1,1,bkt,0.9229533450576265
2333712986867476897,3220231712819306119,8573800373938698102,1,1,bkt,0.9009238119694851
2333712986867476897,338807275221326836,300471914551172981,1,1,bkt,0.9229533842927625
2333712986867476897,8525319303741530302,8573800373938698102,1,1,bkt,0.9067125565712008
2333712986867476897,6587421150596252277,300471914551172981,1,1,bkt,0.9229533978278426
2333712986867476897,5891620578387310353,300471914551172981,1,1,bkt,0.9229534024970856
2333712986867476897,5791250638486922978,300471914551172981,1,1,bkt,0.9229534041078501
2333712986867476897,4031585874086886353,8573800373938698102,1,1,bkt,0.9084398324585442
2333712986867476897,2083452711903133430,8573800373938698102,1,1,bkt,0.9089509619370999
2333712986867476897,6319743179241711738,8573800373938698102,1,1,bkt,0.9091018411201774
2333712986867476897,8628686323660025649,300471914551172981,1,1,bkt,0.922953404368367
2333712986867476897,4378721629787482518,300471914551172981,1,1,bkt,0.922953404368367
2333712986867476897,4813462692425748605,300471914551172981,1,1,bkt,0.922953404368367
2333712986867476897,4644364625800006675,300471914551172981,1,1,bkt,0.922953404368367
2333712986867476897,1062464292871659639,8573800373938698102,1,1,bkt,0.9091463463809651
2333712986867476897,5932668873100475470,300471914551172981,1,1,bkt,0.922953404368367
2333712986867476897,5237822943399727048,8573800373938698102,0,1,bkt,0.909159471402732
2345271181557191207,300471914551172981,300471914551172981,1,1,bkt,0.6270461440332235
2345271181557191207,8573800373938698102,8573800373938698102,0,1,bkt,0.5064730900819714
2345271181557191207,2014268979504181100,300471914551172981,1,1,bkt,0.77270096802343
2345271181557191207,2172169907340938753,300471914551172981,0,1,bkt,0.8610413139091273
2345271181557191207,8150806168444344502,300471914551172981,1,1,bkt,0.6415458494908249
2345271181557191207,816286915455981984,8573800373938698102,1,1,bkt,0.35276834629056547
2345271181557191207,1962751598315765836,300471914551172981,1,1,bkt,0.7832929482050359
2345271181557191207,7444476343858270082,300471914551172981,1,1,bkt,0.8661839603442102
2345271181557191207,2537821716777940730,300471914551172981,1,1,bkt,0.9020859294602869
2345271181557191207,1061301253559417093,300471914551172981,1,1,bkt,0.9155881564026863
2345271181557191207,8553379303363759508,300471914551172981,1,1,bkt,0.9203921509814882
2345271181557191207,6440511557387709110,300471914551172981,1,1,bkt,0.9220673816555577
2345271181557191207,7744513373483970787,8573800373938698102,0,1,bkt,0.48631412116296824
2345271181557191207,2971078979906996375,300471914551172981,1,1,bkt,0.9226474567662029
2345271181557191207,5841359775533910823,300471914551172981,1,1,bkt,0.9228478259661087
2345271181557191207,8621262567927479011,300471914551172981,1,1,bkt,0.9229169788445527
2345271181557191207,8434961942249729798,8573800373938698102,1,1,bkt,0.34784301197993767
2345271181557191207,2322042198017538996,8573800373938698102,0,1,bkt,0.4765305403004627
2345271181557191207,1742185772413642127,300471914551172981,1,1,bkt,0.9229408384200914
2345271181557191207,2334639155148655290,8573800373938698102,1,1,bkt,0.3455893710257259
2345271181557191207,7660717256841499384,300471914551172981,1,1,bkt,0.9229490697762788
2345271181557191207,4113615466659810841,300471914551172981,1,1,bkt,0.9229519094273332
2345271181557191207,6125574002232610732,300471914551172981,1,1,bkt,0.922952889037643
2345271181557191207,2774368076249802464,8573800373938698102,1,1,bkt,0.47196096241902785
2345271181557191207,8903365289186067945,8573800373938698102,0,1,bkt,0.660811409305292
2345271181557191207,6925932688889117475,300471914551172981,1,1,bkt,0.9229532269778934
2345271181557191207,8194071366621068887,8573800373938698102,0,1,bkt,0.40987642596435
2345271181557191207,2986660907093963186,300471914551172981,1,1,bkt,0.9229533435583833
2345271181557191207,7591109345808921544,300471914551172981,1,1,bkt,0.9229533837755634
2345271181557191207,625545550176685521,8573800373938698102,1,1,bkt,0.3322243848865055
2345271181557191207,1761868641361943332,8573800373938698102,1,1,bkt,0.44358754501621517
2345271181557191207,4824259625677886603,300471914551172981,1,1,bkt,0.9229533976494225
2345271181557191207,8450591260754163598,8573800373938698102,1,1,bkt,0.6277774033660356
2345271181557191207,1553079256999111676,300471914551172981,1,1,bkt,0.9229534024355354
2345271181557191207,3220231712819306119,8573800373938698102,0,1,bkt,0.7889962122216915
2345271181557191207,338807275221326836,300471914551172981,1,1,bkt,0.9229534040866171
2345271181557191207,8525319303741530302,8573800373938698102,0,1,bkt,0.5208145753068475
2345271181557191207,6587421150596252277,300471914551172981,1,1,bkt,0.922953404368367
2345271181557191207,5891620578387310353,300471914551172981,1,1,bkt,0.922953404368367
2345271181557191207,5791250638486922978,300471914551172981,1,1,bkt,0.922953404368367
2345271181557191207,4031585874086886353,8573800373938698102,1,1,bkt,0.35652460551543413
2345271181557191207,2083452711903133430,8573800373938698102,1,1,bkt,0.4935937871973143
2345271181557191207,6319743179241711738,8573800373938698102,0,1,bkt,0.6834459917423062
2345271181557191207,8628686323660025649,300471914551172981,1,1,bkt,0.922953404368367
2345271181557191207,4378721629787482518,300471914551172981,1,1,bkt,0.922953404368367
2345271181557191207,4813462692425748605,300471914551172981,1,1,bkt,0.922953404368367
2345271181557191207,4644364625800006675,300471914551172981,1,1,bkt,0.922953404368367
2345271181557191207,1062464292871659639,8573800373938698102,1,1,bkt,0.42293390382897
2345271181557191207,5932668873100475470,300471914551172981,1,1,bkt,0.922953404368367
2345271181557191207,5237822943399727048,8573800373938698102,1,1,bkt,0.6009437503091052
2378784820448656684,300471914551172981,300471914551172981,1,1,bkt,0.6270461440332235
2378784820448656684,8573800373938698102,8573800373938698102,1,1,bkt,0.5064730900819714
2378784820448656684,2014268979504181100,300471914551172981,1,1,bkt,0.77270096802343
2378784820448656684,2172169907340938753,300471914551172981,1,1,bkt,0.8610413139091273
2378784820448656684,8150806168444344502,300471914551172981,1,1,bkt,0.900059657568269
2378784820448656684,816286915455981984,8573800373938698102,1,1,bkt,0.6960034375848583
2378784820448656684,1962751598315765836,300471914551172981,1,1,bkt,0.9148547854652099
2378784820448656684,7444476343858270082,300471914551172981,1,1,bkt,0.9201348647501719
2378784820448656684,2537821716777940730,300471914551172981,1,1,bkt,0.9219781051191799
2378784820448656684,1061301253559417093,300471914551172981,1,1,bkt,0.9226165965299471
2378784820448656684,8553379303363759508,300471914551172981,1,1,bkt,0.9228371725871625
2378784820448656684,6440511557387709110,300471914551172981,1,1,bkt,0.9229133028286419
2378784820448656684,7744513373483970787,8573800373938698102,1,1,bkt,0.827056150610966
2378784820448656684,2971078979906996375,300471914551172981,1,1,bkt,0.9229395701871741
2378784820448656684,5841359775533910823,300471914551172981,1,1,bkt,0.9229486322571232
2378784820448656684,8621262567927479011,300471914551172981,1,1,bkt,0.9229517584933665
2378784820448656684,8434961942249729798,8573800373938698102,1,1,bkt,0.88254869688539
2378784820448656684,2322042198017538996,8573800373938698102,1,1,bkt,0.9010795748605225
2378784820448656684,1742185772413642127,300471914551172981,1,1,bkt,0.9229528369692599
2378784820448656684,2334639155148655290,8573800373938698102,1,1,bkt,0.906759324464294
2378784820448656684,7660717256841499384,300471914551172981,1,1,bkt,0.9229532090156645
2378784820448656684,4113615466659810841,300471914551172981,1,1,bkt,0.9229533373618893
2378784820448656684,6125574002232610732,300471914551172981,1,1,bkt,0.9229533816379375
2378784820448656684,2774368076249802464,8573800373938698102,1,1,bkt,0.9084536974996698
2378784820448656684,8903365289186067945,8573800373938698102,1,1,bkt,0.9089550569682892
2378784820448656684,6925932688889117475,300471914551172981,1,1,bkt,0.9229533969119985
2378784820448656684,8194071366621068887,8573800373938698102,1,1,bkt,0.9091030492382115
2378784820448656684,2986660907093963186,300471914551172981,1,1,bkt,0.9229534021811435
2378784820448656684,7591109345808921544,300471914551172981,1,1,bkt,0.9229534039988586
2378784820448656684,625545550176685521,8573800373938698102,1,1,bkt,0.9091467026833527
2378784820448656684,1761868641361943332,8573800373938698102,1,1,bkt,0.9091595764744865
2378784820448656684,4824259625677886603,300471914551172981,1,1,bkt,0.922953404368367
2378784820448656684,8450591260754163598,8573800373938698102,1,1,bkt,0.9091633728344996
2378784820448656684,1553079256999111676,300471914551172981,1,1,bkt,0.922953404368367
2378784820448656684,3220231712819306119,8573800373938698102,1,1,bkt,0.9091644923248609
2378784820448656684,338807275221326836,300471914551172981,1,1,bkt,0.922953404368367
2378784820448656684,8525319303741530302,8573800373938698102,1,1,bkt,0.9091648224442089
2378784820448656684,6587421150596252277,300471914551172981,1,1,bkt,0.922953404368367
2378784820448656684,5891620578387310353,300471914551172981,1,1,bkt,0.922953404368367
2378784820448656684,5791250638486922978,300471914551172981,1,1,bkt,0.922953404368367
2378784820448656684,4031585874086886353,8573800373938698102,1,1,bkt,0.9091649197908356
2378784820448656684,2083452711903133430,8573800373938698102,1,1,bkt,0.9091649484967002
2378784820448656684,6319743179241711738,8573800373938698102,1,1,bkt,0.9091649569615701
2378784820448656684,8628686323660025649,300471914551172981,1,1,bkt,0.922953404368367
2378784820448656684,4378721629787482518,300471914551172981,1,1,bkt,0.922953404368367
2378784820448656684,4813462692425748605,300471914551172981,1,1,bkt,0.922953404368367
2378784820448656684,4644364625800006675,300471914551172981,1,1,bkt,0.922953404368367
2378784820448656684,1062464292871659639,8573800373938698102,1,1,bkt,0.9091649594577158
2378784820448656684,5932668873100475470,300471914551172981,1,1,bkt,0.922953404368367
2378784820448656684,5237822943399727048,8573800373938698102,1,1,bkt,0.9091649598746572
2395692954183291712,300471914551172981,300471914551172981,0,1,bkt,0.6270461440332235
2395692954183291712,8573800373938698102,8573800373938698102,0,1,bkt,0.5064730900819714
2395692954183291712,2014268979504181100,300471914551172981,0,1,bkt,0.42182790732040143
2395692954183291712,2172169907340938753,300471914551172981,0,1,bkt,0.3755148815622478
2395692954183291712,8150806168444344502,300471914551172981,1,1,bkt,0.36927288726461627
2395692954183291712,816286915455981984,8573800373938698102,1,1,bkt,0.35276834629056547
2395692954183291712,1962751598315765836,300471914551172981,1,1,bkt,0.44555911041066376
2395692954183291712,7444476343858270082,300471914551172981,0,1,bkt,0.5818097482856672
2395692954183291712,2537821716777940730,300471914551172981,0,1,bkt,0.4077136373873239
2395692954183291712,1061301253559417093,300471914551172981,0,1,bkt,0.37350916762930053
2395692954183291712,8553379303363759508,300471914551172981,0,1,bkt,0.36902340963533703
2395692954183291712,6440511557387709110,300471914551172981,0,1,bkt,0.3684711957745982
2395692954183291712,7744513373483970787,8573800373938698102,1,1,bkt,0.48631412116296824
2395692954183291712,2971078979906996375,300471914551172981,1,1,bkt,0.3684037584513819
2395692954183291712,5841359775533910823,300471914551172981,0,1,bkt,0.4436817059128171
2395692954183291712,8621262567927479011,300471914551172981,1,1,bkt,0.3788212092971422
2395692954183291712,8434961942249729798,8573800373938698102,1,1,bkt,0.6760540266390719
2395692954183291712,2322042198017538996,8573800373938698102,1,1,bkt,0.8167220590445308
2395692954183291712,1742185772413642127,300471914551172981,0,1,bkt,0.4656172444938077
2395692954183291712,2334639155148655290,8573800373938698102,1,1,bkt,0.8788196483061628
2395692954183291712,7660717256841499384,300471914551172981,1,1,bkt,0.3824118500539032
2395692954183291712,4113615466659810841,300471914551172981,0,1,bkt,0.4729009354221706
2395692954183291712,6125574002232610732,300471914551172981,0,1,bkt,0.38367021397834167
2395692954183291712,2774368076249802464,8573800373938698102,1,1,bkt,0.899907663883957
2395692954183291712,8903365289186067945,8573800373938698102,1,1,bkt,0.906407060236316
2395692954183291712,6925932688889117475,300471914551172981,0,1,bkt,0.3703039992813444
2395692954183291712,8194071366621068887,8573800373938698102,1,1,bkt,0.9083492283041106
2395692954183291712,2986660907093963186,300471914551172981,1,1,bkt,0.36862803880862954
2395692954183291712,7591109345808921544,300471914551172981,0,1,bkt,0.44416702123369534
2395692954183291712,625545550176685521,8573800373938698102,1,1,bkt,0.908924198979335
2395692954183291712,1761868641361943332,8573800373938698102,1,1,bkt,0.9090939452316912
2395692954183291712,4824259625677886603,300471914551172981,0,1,bkt,0.3788975850985083
2395692954183291712,8450591260754163598,8573800373938698102,1,1,bkt,0.909144017674651
2395692954183291712,1553079256999111676,300471914551172981,0,1,bkt,0.3696972898851318
2395692954183291712,3220231712819306119,8573800373938698102,1,1,bkt,0.9091587846771045
2395692954183291712,338807275221326836,300471914551172981,1,1,bkt,0.3685536512951034
2395692954183291712,8525319303741530302,8573800373938698102,1,1,bkt,0.9091631393439961
2395692954183291712,6587421150596252277,300471914551172981,0,1,bkt,0.44400612119859373
2395692954183291712,5891620578387310353,300471914551172981,0,1,bkt,0.3788722489119323
2395692954183291712,5791250638486922978,300471914551172981,0,1,bkt,0.3696940939605061
2395692954183291712,4031585874086886353,8573800373938698102,1,1,bkt,0.9091644234722381
2395692954183291712,2083452711903133430,8573800373938698102,1,1,bkt,0.9091648021407231
2395692954183291712,6319743179241711738,8573800373938698102,1,1,bkt,0.9091649138036823
2395692954183291712,8628686323660025649,300471914551172981,0,1,bkt,0.3685532598278779
2395692954183291712,4378721629787482518,300471914551172981,0,1,bkt,0.3684137727953727
2395692954183291712,4813462692425748605,300471914551172981,1,1,bkt,0.36839675262553856
2395692954183291712,4644364625800006675,300471914551172981,0,1,bkt,0.4436665366431472
2395692954183291712,1062464292871659639,8573800373938698102,1,1,bkt,0.9091649467311906
2395692954183291712,5932668873100475470,300471914551172981,1,1,bkt,0.37881882420271473
2395692954183291712,5237822943399727048,8573800373938698102,1,1,bkt,0.9091649564409514
2402076814771229691,300471914551172981,300471914551172981,1,1,bkt,0.6270461440332235
2402076814771229691,8573800373938698102,8573800373938698102,1,1,bkt,0.5064730900819714
2402076814771229691,2014268979504181100,300471914551172981,1,1,bkt,0.77270096802343
2402076814771229691,2172169907340938753,300471914551172981,1,1,bkt,0.8610413139091273
2402076814771229691,8150806168444344502,300471914551172981,1,1,bkt,0.900059657568269
2402076814771229691,816286915455981984,8573800373938698102,1,1,bkt,0.6960034375848583
2402076814771229691,1962751598315765836,300471914551172981,1,1,bkt,0.9148547854652099
2402076814771229691,7444476343858270082,300471914551172981,1,1,bkt,0.9201348647501719
2402076814771229691,2537821716777940730,300471914551172981,1,1,bkt,0.9219781051191799
2402076814771229691,1061301253559417093,300471914551172981,1,1,bkt,0.9226165965299471
2402076814771229691,8553379303363759508,300471914551172981,1,1,bkt,0.9228371725871625
2402076814771229691,6440511557387709110,300471914551172981,1,1,bkt,0.9229133028286419
2402076814771229691,7744513373483970787,8573800373938698102,1,1,bkt,0.827056150610966
2402076814771229691,2971078979906996375,300471914551172981,1,1,bkt,0.9229395701871741
2402076814771229691,5841359775533910823,300471914551172981,1,1,bkt,0.9229486322571232
2402076814771229691,8621262567927479011,300471914551172981,1,1,bkt,0.9229517584933665
2402076814771229691,8434961942249729798,8573800373938698102,1,1,bkt,0.88254869688539
2402076814771229691,2322042198017538996,8573800373938698102,1,1,bkt,0.9010795748605225
2402076814771229691,1742185772413642127,300471914551172981,1,1,bkt,0.9229528369692599
2402076814771229691,2334639155148655290,8573800373938698102,1,1,bkt,0.906759324464294
2402076814771229691,7660717256841499384,300471914551172981,1,1,bkt,0.9229532090156645
2402076814771229691,4113615466659810841,300471914551172981,1,1,bkt,0.9229533373618893
2402076814771229691,6125574002232610732,300471914551172981,1,1,bkt,0.9229533816379375
2402076814771229691,2774368076249802464,8573800373938698102,1,1,bkt,0.9084536974996698
2402076814771229691,8903365289186067945,8573800373938698102,1,1,bkt,0.9089550569682892
2402076814771229691,6925932688889117475,300471914551172981,1,1,bkt,0.9229533969119985
2402076814771229691,8194071366621068887,8573800373938698102,1,1,bkt,0.9091030492382115
2402076814771229691,2986660907093963186,300471914551172981,1,1,bkt,0.9229534021811435
2402076814771229691,7591109345808921544,300471914551172981,1,1,bkt,0.9229534039988586
2402076814771229691,625545550176685521,8573800373938698102,1,1,bkt,0.9091467026833527
2402076814771229691,1761868641361943332,8573800373938698102,1,1,bkt,0.9091595764744865
2402076814771229691,4824259625677886603,300471914551172981,1,1,bkt,0.922953404368367
2402076814771229691,8450591260754163598,8573800373938698102,1,1,bkt,0.9091633728344996
2402076814771229691,1553079256999111676,300471914551172981,1,1,bkt,0.922953404368367
2402076814771229691,3220231712819306119,8573800373938698102,1,1,bkt,0.9091644923248609
2402076814771229691,338807275221326836,300471914551172981,1,1,bkt,0.922953404368367
2402076814771229691,8525319303741530302,8573800373938698102,1,1,bkt,0.9091648224442089
2402076814771229691,6587421150596252277,300471914551172981,1,1,bkt,0.922953404368367
2402076814771229691,5891620578387310353,300471914551172981,1,1,bkt,0.922953404368367
2402076814771229691,5791250638486922978,300471914551172981,1,1,bkt,0.922953404368367
2402076814771229691,4031585874086886353,8573800373938698102,1,1,bkt,0.9091649197908356
2402076814771229691,2083452711903133430,8573800373938698102,1,1,bkt,0.9091649484967002
2402076814771229691,6319743179241711738,8573800373938698102,1,1,bkt,0.9091649569615701
2402076814771229691,8628686323660025649,300471914551172981,1,1,bkt,0.922953404368367
2402076814771229691,4378721629787482518,300471914551172981,1,1,bkt,0.922953404368367
2402076814771229691,4813462692425748605,300471914551172981,1,1,bkt,0.922953404368367
2402076814771229691,4644364625800006675,300471914551172981,1,1,bkt,0.922953404368367
2402076814771229691,1062464292871659639,8573800373938698102,1,1,bkt,0.9091649594577158
2402076814771229691,5932668873100475470,300471914551172981,1,1,bkt,0.922953404368367
2402076814771229691,5237822943399727048,8573800373938698102,1,1,bkt,0.9091649598746572
