user_id,item_id,kc_id,y_true,fold,model,y_prob
58379446801296488,300471914551172981,300471914551172981,1,1,dygkt,0.7028749415317669
58379446801296488,8573800373938698102,8573800373938698102,0,1,dygkt,0.6676368640578058
58379446801296488,2014268979504181100,300471914551172981,1,1,dygkt,0.6942338559132072
58379446801296488,2172169907340938753,300471914551172981,1,1,dygkt,0.6948940194208222
58379446801296488,8150806168444344502,300471914551172981,1,1,dygkt,0.7079672133459274
58379446801296488,816286915455981984,8573800373938698102,0,1,dygkt,0.6978668827589709
58379446801296488,1962751598315765836,300471914551172981,1,1,dygkt,0.7106940153884643
58379446801296488,7444476343858270082,300471914551172981,1,1,dygkt,0.7130078462864773
58379446801296488,2537821716777940730,300471914551172981,1,1,dygkt,0.7134851871859096
58379446801296488,1061301253559417093,300471914551172981,1,1,dygkt,0.7024686032740151
58379446801296488,8553379303363759508,300471914551172981,1,1,dygkt,0.6979778399738154
58379446801296488,6440511557387709110,300471914551172981,1,1,dygkt,0.7123706532113054
58379446801296488,7744513373483970787,8573800373938698102,0,1,dygkt,0.6707797992590749
58379446801296488,2971078979906996375,300471914551172981,1,1,dygkt,0.7067594239796433
58379446801296488,5841359775533910823,300471914551172981,1,1,dygkt,0.6900066165340146
58379446801296488,8621262567927479011,300471914551172981,1,1,dygkt,0.7118124178994717
58379446801296488,8434961942249729798,8573800373938698102,0,1,dygkt,0.6898108069615436
58379446801296488,2322042198017538996,8573800373938698102,0,1,dygkt,0.6910163644453529
58379446801296488,1742185772413642127,300471914551172981,1,1,dygkt,0.7153105844799644
58379446801296488,2334639155148655290,8573800373938698102,0,1,dygkt,0.6946586795692022
58379446801296488,7660717256841499384,300471914551172981,1,1,dygkt,0.7234764702781967
58379446801296488,4113615466659810841,300471914551172981,1,1,dygkt,0.7147954214398247
58379446801296488,6125574002232610732,300471914551172981,1,1,dygkt,0.6948527826289086
58379446801296488,2774368076249802464,8573800373938698102,0,1,dygkt,0.6874337423143132
58379446801296488,8903365289186067945,8573800373938698102,0,1,dygkt,0.689102898769302
58379446801296488,6925932688889117475,300471914551172981,1,1,dygkt,0.725688807993312
58379446801296488,8194071366621068887,8573800373938698102,0,1,dygkt,0.6763390293874736
58379446801296488,2986660907093963186,300471914551172981,1,1,dygkt,0.7289289524661072
58379446801296488,7591109345808921544,300471914551172981,1,1,dygkt,0.7149936273661694
58379446801296488,625545550176685521,8573800373938698102,0,1,dygkt,0.6956890288147367
58379446801296488,1761868641361943332,8573800373938698102,0,1,dygkt,0.7001583774438962
58379446801296488,4824259625677886603,300471914551172981,1,1,dygkt,0.7127689977334412
58379446801296488,8450591260754163598,8573800373938698102,0,1,dygkt,0.6876426540668787
58379446801296488,1553079256999111676,300471914551172981,1,1,dygkt,0.7174839087960774
58379446801296488,3220231712819306119,8573800373938698102,0,1,dygkt,0.6916803895285722
58379446801296488,338807275221326836,300471914551172981,1,1,dygkt,0.7104540231562652
58379446801296488,8525319303741530302,8573800373938698102,0,1,dygkt,0.692177888896398
58379446801296488,6587421150596252277,300471914551172981,1,1,dygkt,0.7184684516294454
58379446801296488,5891620578387310353,300471914551172981,0,1,dygkt,0.7086101712472729
58379446801296488,5791250638486922978,300471914551172981,1,1,dygkt,0.7210967093751325
58379446801296488,4031585874086886353,8573800373938698102,0,1,dygkt,0.7008520404487877
58379446801296488,2083452711903133430,8573800373938698102,0,1,dygkt,0.7137353617155724
58379446801296488,6319743179241711738,8573800373938698102,0,1,dygkt,0.701951847374613
58379446801296488,8628686323660025649,300471914551172981,1,1,dygkt,0.7205879267938833
58379446801296488,4378721629787482518,300471914551172981,1,1,dygkt,0.724137442742341
58379446801296488,4813462692425748605,300471914551172981,1,1,dygkt,0.7034432765089663
58379446801296488,4644364625800006675,300471914551172981,1,1,dygkt,0.7142003069127997
58379446801296488,1062464292871659639,8573800373938698102,0,1,dygkt,0.7023585923407423
58379446801296488,5932668873100475470,300471914551172981,1,1,dygkt,0.7268487641540647
58379446801296488,5237822943399727048,8573800373938698102,0,1,dygkt,0.7044684983744905
73928280903912066,300471914551172981,300471914551172981,1,1,dygkt,0.7028749415317669
73928280903912066,8573800373938698102,8573800373938698102,0,1,dygkt,0.6676368640578058
73928280903912066,2014268979504181100,300471914551172981,1,1,dygkt,0.6942338559132072
73928280903912066,2172169907340938753,300471914551172981,1,1,dygkt,0.6948940194208222
73928280903912066,8150806168444344502,300471914551172981,1,1,dygkt,0.7079672133459274
73928280903912066,816286915455981984,8573800373938698102,0,1,dygkt,0.6978668827589709
73928280903912066,1962751598315765836,300471914551172981,1,1,dygkt,0.7106940153884643
73928280903912066,7444476343858270082,300471914551172981,1,1,dygkt,0.7130078462864773
73928280903912066,2537821716777940730,300471914551172981,1,1,dygkt,0.7134851871859096
73928280903912066,1061301253559417093,300471914551172981,1,1,dygkt,0.7024686032740151
73928280903912066,8553379303363759508,300471914551172981,1,1,dygkt,0.6979778399738154
73928280903912066,6440511557387709110,300471914551172981,1,1,dygkt,0.7123706532113054
73928280903912066,7744513373483970787,8573800373938698102,0,1,dygkt,0.6707797992590749
73928280903912066,2971078979906996375,300471914551172981,1,1,dygkt,0.7067594239796433
73928280903912066,5841359775533910823,300471914551172981,1,1,dygkt,0.6900066165340146
73928280903912066,8621262567927479011,300471914551172981,1,1,dygkt,0.7118124178994717
73928280903912066,8434961942249729798,8573800373938698102,0,1,dygkt,0.6898108069615436
73928280903912066,2322042198017538996,8573800373938698102,1,1,dygkt,0.6910163644453529
73928280903912066,1742185772413642127,300471914551172981,1,1,dygkt,0.7153105844799644
73928280903912066,2334639155148655290,8573800373938698102,0,1,dygkt,0.6946586795692022
73928280903912066,7660717256841499384,300471914551172981,1,1,dygkt,0.7234764702781967
73928280903912066,4113615466659810841,300471914551172981,1,1,dygkt,0.7147954214398247
73928280903912066,6125574002232610732,300471914551172981,1,1,dygkt,0.6948527826289086
73928280903912066,2774368076249802464,8573800373938698102,0,1,dygkt,0.6874337423143132
73928280903912066,8903365289186067945,8573800373938698102,0,1,dygkt,0.689102898769302
73928280903912066,6925932688889117475,300471914551172981,1,1,dygkt,0.725688807993312
73928280903912066,8194071366621068887,8573800373938698102,0,1,dygkt,0.6763390293874736
73928280903912066,2986660907093963186,300471914551172981,1,1,dygkt,0.7289289524661072
73928280903912066,7591109345808921544,300471914551172981,1,1,dygkt,0.7149936273661694
73928280903912066,625545550176685521,8573800373938698102,0,1,dygkt,0.6956890288147367
73928280903912066,1761868641361943332,8573800373938698102,1,1,dygkt,0.7001583774438962
73928280903912066,4824259625677886603,300471914551172981,1,1,dygkt,0.7127689977334412
73928280903912066,8450591260754163598,8573800373938698102,0,1,dygkt,0.6876426540668787
73928280903912066,1553079256999111676,300471914551172981,1,1,dygkt,0.7174839087960774
73928280903912066,3220231712819306119,8573800373938698102,0,1,dygkt,0.6916803895285722
73928280903912066,338807275221326836,300471914551172981,1,1,dygkt,0.7104540231562652
73928280903912066,8525319303741530302,8573800373938698102,0,1,dygkt,0.692177888896398
73928280903912066,6587421150596252277,300471914551172981,1,1,dygkt,0.7184684516294454
73928280903912066,5891620578387310353,300471914551172981,1,1,dygkt,0.7086101712472729
73928280903912066,5791250638486922978,300471914551172981,1,1,dygkt,0.7210967093751325
73928280903912066,4031585874086886353,8573800373938698102,1,1,dygkt,0.7008520404487877
73928280903912066,2083452711903133430,8573800373938698102,1,1,dygkt,0.7137353617155724
73928280903912066,6319743179241711738,8573800373938698102,0,1,dygkt,0.701951847374613
73928280903912066,8628686323660025649,300471914551172981,1,1,dygkt,0.7205879267938833
73928280903912066,4378721629787482518,300471914551172981,1,1,dygkt,0.724137442742341
73928280903912066,4813462692425748605,300471914551172981,1,1,dygkt,0.7034432765089663
73928280903912066,4644364625800006675,300471914551172981,1,1,dygkt,0.7142003069127997
73928280903912066,1062464292871659639,8573800373938698102,1,1,dygkt,0.7023585923407423
73928280903912066,5932668873100475470,300471914551172981,1,1,dygkt,0.7268487641540647
73928280903912066,5237822943399727048,8573800373938698102,1,1,dygkt,0.7044684983744905
148483031885960388,300471914551172981,300471914551172981,1,1,dygkt,0.7028749415317669
148483031885960388,8573800373938698102,8573800373938698102,0,1,dygkt,0.6676368640578058
148483031885960388,2014268979504181100,300471914551172981,0,1,dygkt,0.6942338559132072
148483031885960388,2172169907340938753,300471914551172981,0,1,dygkt,0.6948940194208222
148483031885960388,8150806168444344502,300471914551172981,1,1,dygkt,0.7079672133459274
148483031885960388,816286915455981984,8573800373938698102,0,1,dygkt,0.6978668827589709
148483031885960388,1962751598315765836,300471914551172981,1,1,dygkt,0.7106940153884643
148483031885960388,7444476343858270082,300471914551172981,1,1,dygkt,0.7130078462864773
148483031885960388,2537821716777940730,300471914551172981,1,1,dygkt,0.7134851871859096
148483031885960388,1061301253559417093,300471914551172981,1,1,dygkt,0.7024686032740151
148483031885960388,8553379303363759508,300471914551172981,1,1,dygkt,0.6979778399738154
148483031885960388,6440511557387709110,300471914551172981,1,1,dygkt,0.7123706532113054
148483031885960388,7744513373483970787,8573800373938698102,0,1,dygkt,0.6707797992590749
148483031885960388,2971078979906996375,300471914551172981,1,1,dygkt,0.7067594239796433
148483031885960388,5841359775533910823,300471914551172981,0,1,dygkt,0.6900066165340146
148483031885960388,8621262567927479011,300471914551172981,1,1,dygkt,0.7118124178994717
148483031885960388,8434961942249729798,8573800373938698102,0,1,dygkt,0.6898108069615436
148483031885960388,2322042198017538996,8573800373938698102,1,1,dygkt,0.6910163644453529
148483031885960388,1742185772413642127,300471914551172981,1,1,dygkt,0.7153105844799644
148483031885960388,2334639155148655290,8573800373938698102,0,1,dygkt,0.6946586795692022
148483031885960388,7660717256841499384,300471914551172981,1,1,dygkt,0.7234764702781967
148483031885960388,4113615466659810841,300471914551172981,1,1,dygkt,0.7147954214398247
148483031885960388,6125574002232610732,300471914551172981,1,1,dygkt,0.6948527826289086
148483031885960388,2774368076249802464,8573800373938698102,0,1,dygkt,0.6874337423143132
148483031885960388,8903365289186067945,8573800373938698102,0,1,dygkt,0.689102898769302
148483031885960388,6925932688889117475,300471914551172981,1,1,dygkt,0.725688807993312
148483031885960388,8194071366621068887,8573800373938698102,0,1,dygkt,0.6763390293874736
148483031885960388,2986660907093963186,300471914551172981,1,1,dygkt,0.7289289524661072
148483031885960388,7591109345808921544,300471914551172981,1,1,dygkt,0.7149936273661694
148483031885960388,625545550176685521,8573800373938698102,0,1,dygkt,0.6956890288147367
148483031885960388,1761868641361943332,8573800373938698102,0,1,dygkt,0.7001583774438962
148483031885960388,4824259625677886603,300471914551172981,1,1,dygkt,0.7127689977334412
148483031885960388,8450591260754163598,8573800373938698102,0,1,dygkt,0.6876426540668787
148483031885960388,1553079256999111676,300471914551172981,1,1,dygkt,0.7174839087960774
148483031885960388,3220231712819306119,8573800373938698102,0,1,dygkt,0.6916803895285722
148483031885960388,338807275221326836,300471914551172981,1,1,dygkt,0.7104540231562652
148483031885960388,8525319303741530302,8573800373938698102,1,1,dygkt,0.692177888896398
148483031885960388,6587421150596252277,300471914551172981,1,1,dygkt,0.7184684516294454
148483031885960388,5891620578387310353,300471914551172981,1,1,dygkt,0.7086101712472729
148483031885960388,5791250638486922978,300471914551172981,1,1,dygkt,0.7210967093751325
148483031885960388,4031585874086886353,8573800373938698102,0,1,dygkt,0.7008520404487877
148483031885960388,2083452711903133430,8573800373938698102,0,1,dygkt,0.7137353617155724
148483031885960388,6319743179241711738,8573800373938698102,0,1,dygkt,0.701951847374613
148483031885960388,8628686323660025649,300471914551172981,1,1,dygkt,0.7205879267938833
148483031885960388,4378721629787482518,300471914551172981,1,1,dygkt,0.724137442742341
148483031885960388,4813462692425748605,300471914551172981,1,1,dygkt,0.7034432765089663
148483031885960388,4644364625800006675,300471914551172981,1,1,dygkt,0.7142003069127997
148483031885960388,1062464292871659639,8573800373938698102,1,1,dygkt,0.7023585923407423
148483031885960388,5932668873100475470,300471914551172981,1,1,dygkt,0.7268487641540647
148483031885960388,5237822943399727048,8573800373938698102,0,1,dygkt,0.7044684983744905
179115195542980967,300471914551172981,300471914551172981,1,1,dygkt,0.7028749415317669
179115195542980967,8573800373938698102,8573800373938698102,1,1,dygkt,0.6676368640578058
179115195542980967,2014268979504181100,300471914551172981,1,1,dygkt,0.6942338559132072
179115195542980967,2172169907340938753,300471914551172981,0,1,dygkt,0.6948940194208222
179115195542980967,8150806168444344502,300471914551172981,1,1,dygkt,0.7079672133459274
179115195542980967,816286915455981984,8573800373938698102,1,1,dygkt,0.6978668827589709
179115195542980967,1962751598315765836,300471914551172981,1,1,dygkt,0.7106940153884643
179115195542980967,7444476343858270082,300471914551172981,1,1,dygkt,0.7130078462864773
179115195542980967,2537821716777940730,300471914551172981,1,1,dygkt,0.7134851871859096
179115195542980967,1061301253559417093,300471914551172981,0,1,dygkt,0.7024686032740151
179115195542980967,8553379303363759508,300471914551172981,1,1,dygkt,0.6979778399738154
179115195542980967,6440511557387709110,300471914551172981,1,1,dygkt,0.7123706532113054
179115195542980967,7744513373483970787,8573800373938698102,1,1,dygkt,0.6707797992590749
179115195542980967,2971078979906996375,300471914551172981,1,1,dygkt,0.7067594239796433
179115195542980967,5841359775533910823,300471914551172981,0,1,dygkt,0.6900066165340146
179115195542980967,8621262567927479011,300471914551172981,1,1,dygkt,0.7118124178994717
179115195542980967,8434961942249729798,8573800373938698102,1,1,dygkt,0.6898108069615436
179115195542980967,2322042198017538996,8573800373938698102,1,1,dygkt,0.6910163644453529
179115195542980967,1742185772413642127,300471914551172981,1,1,dygkt,0.7153105844799644
179115195542980967,2334639155148655290,8573800373938698102,1,1,dygkt,0.6946586795692022
179115195542980967,7660717256841499384,300471914551172981,1,1,dygkt,0.7234764702781967
179115195542980967,4113615466659810841,300471914551172981,1,1,dygkt,0.7147954214398247
179115195542980967,6125574002232610732,300471914551172981,1,1,dygkt,0.6948527826289086
179115195542980967,2774368076249802464,8573800373938698102,1,1,dygkt,0.6874337423143132
179115195542980967,8903365289186067945,8573800373938698102,1,1,dygkt,0.689102898769302
179115195542980967,6925932688889117475,300471914551172981,1,1,dygkt,0.725688807993312
179115195542980967,8194071366621068887,8573800373938698102,1,1,dygkt,0.6763390293874736
179115195542980967,2986660907093963186,300471914551172981,1,1,dygkt,0.7289289524661072
179115195542980967,7591109345808921544,300471914551172981,1,1,dygkt,0.7149936273661694
179115195542980967,625545550176685521,8573800373938698102,1,1,dygkt,0.6956890288147367
179115195542980967,1761868641361943332,8573800373938698102,1,1,dygkt,0.7001583774438962
179115195542980967,4824259625677886603,300471914551172981,1,1,dygkt,0.7127689977334412
179115195542980967,8450591260754163598,8573800373938698102,0,1,dygkt,0.6876426540668787
179115195542980967,1553079256999111676,300471914551172981,1,1,dygkt,0.7174839087960774
179115195542980967,3220231712819306119,8573800373938698102,1,1,dygkt,0.6916803895285722
179115195542980967,338807275221326836,300471914551172981,0,1,dygkt,0.7104540231562652
179115195542980967,8525319303741530302,8573800373938698102,1,1,dygkt,0.692177888896398
179115195542980967,6587421150596252277,300471914551172981,1,1,dygkt,0.7184684516294454
179115195542980967,5891620578387310353,300471914551172981,1,1,dygkt,0.7086101712472729
179115195542980967,5791250638486922978,300471914551172981,1,1,dygkt,0.7210967093751325
179115195542980967,4031585874086886353,8573800373938698102,1,1,dygkt,0.7008520404487877
179115195542980967,2083452711903133430,8573800373938698102,1,1,dygkt,0.7137353617155724
179115195542980967,6319743179241711738,8573800373938698102,1,1,dygkt,0.701951847374613
179115195542980967,8628686323660025649,300471914551172981,1,1,dygkt,0.7205879267938833
179115195542980967,4378721629787482518,300471914551172981,1,1,dygkt,0.724137442742341
179115195542980967,4813462692425748605,300471914551172981,1,1,dygkt,0.7034432765089663
179115195542980967,4644364625800006675,300471914551172981,1,1,dygkt,0.7142003069127997
179115195542980967,1062464292871659639,8573800373938698102,1,1,dygkt,0.7023585923407423
179115195542980967,5932668873100475470,300471914551172981,1,1,dygkt,0.7268487641540647
179115195542980967,5237822943399727048,8573800373938698102,1,1,dygkt,0.7044684983744905
190304769087812475,300471914551172981,300471914551172981,1,1,dygkt,0.7028749415317669
190304769087812475,8573800373938698102,8573800373938698102,1,1,dygkt,0.6676368640578058
190304769087812475,2014268979504181100,300471914551172981,1,1,dygkt,0.6942338559132072
190304769087812475,2172169907340938753,300471914551172981,0,1,dygkt,0.6948940194208222
190304769087812475,8150806168444344502,300471914551172981,1,1,dygkt,0.7079672133459274
190304769087812475,816286915455981984,8573800373938698102,0,1,dygkt,0.6978668827589709
190304769087812475,1962751598315765836,300471914551172981,1,1,dygkt,0.7106940153884643
190304769087812475,7444476343858270082,300471914551172981,1,1,dygkt,0.7130078462864773
190304769087812475,2537821716777940730,300471914551172981,1,1,dygkt,0.7134851871859096
190304769087812475,1061301253559417093,300471914551172981,0,1,dygkt,0.7024686032740151
190304769087812475,8553379303363759508,300471914551172981,0,1,dygkt,0.6979778399738154
190304769087812475,6440511557387709110,300471914551172981,1,1,dygkt,0.7123706532113054
190304769087812475,7744513373483970787,8573800373938698102,0,1,dygkt,0.6707797992590749
190304769087812475,2971078979906996375,300471914551172981,1,1,dygkt,0.7067594239796433
190304769087812475,5841359775533910823,300471914551172981,1,1,dygkt,0.6900066165340146
190304769087812475,8621262567927479011,300471914551172981,1,1,dygkt,0.7118124178994717
190304769087812475,8434961942249729798,8573800373938698102,1,1,dygkt,0.6898108069615436
190304769087812475,2322042198017538996,8573800373938698102,1,1,dygkt,0.6910163644453529
190304769087812475,1742185772413642127,300471914551172981,0,1,dygkt,0.7153105844799644
190304769087812475,2334639155148655290,8573800373938698102,1,1,dygkt,0.6946586795692022
190304769087812475,7660717256841499384,300471914551172981,1,1,dygkt,0.7234764702781967
190304769087812475,4113615466659810841,300471914551172981,0,1,dygkt,0.7147954214398247
190304769087812475,6125574002232610732,300471914551172981,0,1,dygkt,0.6948527826289086
190304769087812475,2774368076249802464,8573800373938698102,1,1,dygkt,0.6874337423143132
190304769087812475,8903365289186067945,8573800373938698102,1,1,dygkt,0.689102898769302
190304769087812475,6925932688889117475,300471914551172981,1,1,dygkt,0.725688807993312
190304769087812475,8194071366621068887,8573800373938698102,1,1,dygkt,0.6763390293874736
190304769087812475,2986660907093963186,300471914551172981,1,1,dygkt,0.7289289524661072
190304769087812475,7591109345808921544,300471914551172981,1,1,dygkt,0.7149936273661694
190304769087812475,625545550176685521,8573800373938698102,1,1,dygkt,0.6956890288147367
190304769087812475,1761868641361943332,8573800373938698102,1,1,dygkt,0.7001583774438962
190304769087812475,4824259625677886603,300471914551172981,0,1,dygkt,0.7127689977334412
190304769087812475,8450591260754163598,8573800373938698102,1,1,dygkt,0.6876426540668787
190304769087812475,1553079256999111676,300471914551172981,1,1,dygkt,0.7174839087960774
190304769087812475,3220231712819306119,8573800373938698102,1,1,dygkt,0.6916803895285722
190304769087812475,338807275221326836,300471914551172981,1,1,dygkt,0.7104540231562652
190304769087812475,8525319303741530302,8573800373938698102,0,1,dygkt,0.692177888896398
190304769087812475,6587421150596252277,300471914551172981,0,1,dygkt,0.7184684516294454
190304769087812475,5891620578387310353,300471914551172981,0,1,dygkt,0.7086101712472729
190304769087812475,5791250638486922978,300471914551172981,1,1,dygkt,0.7210967093751325
190304769087812475,4031585874086886353,8573800373938698102,1,1,dygkt,0.7008520404487877
190304769087812475,2083452711903133430,8573800373938698102,1,1,dygkt,0.7137353617155724
190304769087812475,6319743179241711738,8573800373938698102,0,1,dygkt,0.701951847374613
190304769087812475,8628686323660025649,300471914551172981,1,1,dygkt,0.7205879267938833
190304769087812475,4378721629787482518,300471914551172981,1,1,dygkt,0.724137442742341
190304769087812475,4813462692425748605,300471914551172981,0,1,dygkt,0.7034432765089663
190304769087812475,4644364625800006675,300471914551172981,0,1,dygkt,0.7142003069127997
190304769087812475,1062464292871659639,8573800373938698102,1,1,dygkt,0.7023585923407423
190304769087812475,5932668873100475470,300471914551172981,1,1,dygkt,0.7268487641540647
190304769087812475,5237822943399727048,8573800373938698102,1,1,dygkt,0.7044684983744905
228417828119088853,300471914551172981,300471914551172981,1,1,dygkt,0.7028749415317669
228417828119088853,8573800373938698102,8573800373938698102,0,1,dygkt,0.6676368640578058
228417828119088853,2014268979504181100,300471914551172981,1,1,dygkt,0.6942338559132072
228417828119088853,2172169907340938753,300471914551172981,0,1,dygkt,0.6948940194208222
228417828119088853,8150806168444344502,300471914551172981,1,1,dygkt,0.7079672133459274
228417828119088853,816286915455981984,8573800373938698102,1,1,dygkt,0.6978668827589709
228417828119088853,1962751598315765836,300471914551172981,1,1,dygkt,0.7106940153884643
228417828119088853,7444476343858270082,300471914551172981,1,1,dygkt,0.7130078462864773
228417828119088853,2537821716777940730,300471914551172981,1,1,dygkt,0.7134851871859096
228417828119088853,1061301253559417093,300471914551172981,1,1,dygkt,0.7024686032740151
228417828119088853,8553379303363759508,300471914551172981,1,1,dygkt,0.6979778399738154
228417828119088853,6440511557387709110,300471914551172981,1,1,dygkt,0.7123706532113054
228417828119088853,7744513373483970787,8573800373938698102,1,1,dygkt,0.6707797992590749
228417828119088853,2971078979906996375,300471914551172981,1,1,dygkt,0.7067594239796433
228417828119088853,5841359775533910823,300471914551172981,1,1,dygkt,0.6900066165340146
228417828119088853,8621262567927479011,300471914551172981,1,1,dygkt,0.7118124178994717
228417828119088853,8434961942249729798,8573800373938698102,1,1,dygkt,0.6898108069615436
228417828119088853,2322042198017538996,8573800373938698102,1,1,dygkt,0.6910163644453529
228417828119088853,1742185772413642127,300471914551172981,1,1,dygkt,0.7153105844799644
228417828119088853,2334639155148655290,8573800373938698102,1,1,dygkt,0.6946586795692022
228417828119088853,7660717256841499384,300471914551172981,1,1,dygkt,0.7234764702781967
228417828119088853,4113615466659810841,300471914551172981,1,1,dygkt,0.7147954214398247
228417828119088853,6125574002232610732,300471914551172981,1,1,dygkt,0.6948527826289086
228417828119088853,2774368076249802464,8573800373938698102,1,1,dygkt,0.6874337423143132
228417828119088853,8903365289186067945,8573800373938698102,1,1,dygkt,0.689102898769302
228417828119088853,6925932688889117475,300471914551172981,1,1,dygkt,0.725688807993312
228417828119088853,8194071366621068887,8573800373938698102,1,1,dygkt,0.6763390293874736
228417828119088853,2986660907093963186,300471914551172981,1,1,dygkt,0.7289289524661072
228417828119088853,7591109345808921544,300471914551172981,1,1,dygkt,0.7149936273661694
228417828119088853,625545550176685521,8573800373938698102,1,1,dygkt,0.6956890288147367
228417828119088853,1761868641361943332,8573800373938698102,1,1,dygkt,0.7001583774438962
228417828119088853,4824259625677886603,300471914551172981,1,1,dygkt,0.7127689977334412
228417828119088853,8450591260754163598,8573800373938698102,1,1,dygkt,0.6876426540668787
228417828119088853,1553079256999111676,300471914551172981,1,1,dygkt,0.7174839087960774
228417828119088853,3220231712819306119,8573800373938698102,1,1,dygkt,0.6916803895285722
228417828119088853,338807275221326836,300471914551172981,1,1,dygkt,0.7104540231562652
228417828119088853,8525319303741530302,8573800373938698102,1,1,dygkt,0.692177888896398
228417828119088853,6587421150596252277,300471914551172981,1,1,dygkt,0.7184684516294454
228417828119088853,5891620578387310353,300471914551172981,1,1,dygkt,0.7086101712472729
228417828119088853,5791250638486922978,300471914551172981,1,1,dygkt,0.7210967093751325
228417828119088853,4031585874086886353,8573800373938698102,1,1,dygkt,0.7008520404487877
228417828119088853,2083452711903133430,8573800373938698102,1,1,dygkt,0.7137353617155724
228417828119088853,6319743179241711738,8573800373938698102,1,1,dygkt,0.701951847374613
228417828119088853,8628686323660025649,300471914551172981,1,1,dygkt,0.7205879267938833
228417828119088853,4378721629787482518,300471914551172981,1,1,dygkt,0.724137442742341
228417828119088853,4813462692425748605,300471914551172981,1,1,dygkt,0.7034432765089663
228417828119088853,4644364625800006675,300471914551172981,1,1,dygkt,0.7142003069127997
228417828119088853,1062464292871659639,8573800373938698102,1,1,dygkt,0.7023585923407423
228417828119088853,5932668873100475470,300471914551172981,1,1,dygkt,0.7268487641540647
228417828119088853,5237822943399727048,8573800373938698102,1,1,dygkt,0.7044684983744905
241971033199468642,300471914551172981,300471914551172981,1,1,dygkt,0.7028749415317669
241971033199468642,8573800373938698102,8573800373938698102,0,1,dygkt,0.6676368640578058
241971033199468642,2014268979504181100,300471914551172981,0,1,dygkt,0.6942338559132072
241971033199468642,2172169907340938753,300471914551172981,0,1,dygkt,0.6948940194208222
241971033199468642,8150806168444344502,300471914551172981,0,1,dygkt,0.7079672133459274
241971033199468642,816286915455981984,8573800373938698102,1,1,dygkt,0.6978668827589709
241971033199468642,1962751598315765836,300471914551172981,0,1,dygkt,0.7106940153884643
241971033199468642,7444476343858270082,300471914551172981,1,1,dygkt,0.7130078462864773
241971033199468642,2537821716777940730,300471914551172981,0,1,dygkt,0.7134851871859096
241971033199468642,1061301253559417093,300471914551172981,1,1,dygkt,0.7024686032740151
241971033199468642,8553379303363759508,300471914551172981,0,1,dygkt,0.6979778399738154
241971033199468642,6440511557387709110,300471914551172981,1,1,dygkt,0.7123706532113054
241971033199468642,7744513373483970787,8573800373938698102,0,1,dygkt,0.6707797992590749
241971033199468642,2971078979906996375,300471914551172981,1,1,dygkt,0.7067594239796433
241971033199468642,5841359775533910823,300471914551172981,1,1,dygkt,0.6900066165340146
241971033199468642,8621262567927479011,300471914551172981,0,1,dygkt,0.7118124178994717
241971033199468642,8434961942249729798,8573800373938698102,1,1,dygkt,0.6898108069615436
241971033199468642,2322042198017538996,8573800373938698102,0,1,dygkt,0.6910163644453529
241971033199468642,1742185772413642127,300471914551172981,1,1,dygkt,0.7153105844799644
241971033199468642,2334639155148655290,8573800373938698102,0,1,dygkt,0.6946586795692022
241971033199468642,7660717256841499384,300471914551172981,1,1,dygkt,0.7234764702781967
241971033199468642,4113615466659810841,300471914551172981,1,1,dygkt,0.7147954214398247
241971033199468642,6125574002232610732,300471914551172981,0,1,dygkt,0.6948527826289086
241971033199468642,2774368076249802464,8573800373938698102,0,1,dygkt,0.6874337423143132
241971033199468642,8903365289186067945,8573800373938698102,0,1,dygkt,0.689102898769302
241971033199468642,6925932688889117475,300471914551172981,1,1,dygkt,0.725688807993312
241971033199468642,8194071366621068887,8573800373938698102,1,1,dygkt,0.6763390293874736
241971033199468642,2986660907093963186,300471914551172981,1,1,dygkt,0.7289289524661072
241971033199468642,7591109345808921544,300471914551172981,1,1,dygkt,0.7149936273661694
241971033199468642,625545550176685521,8573800373938698102,0,1,dygkt,0.6956890288147367
241971033199468642,1761868641361943332,8573800373938698102,1,1,dygkt,0.7001583774438962
241971033199468642,4824259625677886603,300471914551172981,1,1,dygkt,0.7127689977334412
241971033199468642,8450591260754163598,8573800373938698102,0,1,dygkt,0.6876426540668787
241971033199468642,1553079256999111676,300471914551172981,1,1,dygkt,0.7174839087960774
241971033199468642,3220231712819306119,8573800373938698102,0,1,dygkt,0.6916803895285722
241971033199468642,338807275221326836,300471914551172981,1,1,dygkt,0.7104540231562652
241971033199468642,8525319303741530302,8573800373938698102,0,1,dygkt,0.692177888896398
241971033199468642,6587421150596252277,300471914551172981,1,1,dygkt,0.7184684516294454
241971033199468642,5891620578387310353,300471914551172981,1,1,dygkt,0.7086101712472729
241971033199468642,5791250638486922978,300471914551172981,1,1,dygkt,0.7210967093751325
241971033199468642,4031585874086886353,8573800373938698102,0,1,dygkt,0.7008520404487877
241971033199468642,2083452711903133430,8573800373938698102,1,1,dygkt,0.7137353617155724
241971033199468642,6319743179241711738,8573800373938698102,0,1,dygkt,0.701951847374613
241971033199468642,8628686323660025649,300471914551172981,1,1,dygkt,0.7205879267938833
241971033199468642,4378721629787482518,300471914551172981,0,1,dygkt,0.724137442742341
241971033199468642,4813462692425748605,300471914551172981,0,1,dygkt,0.7034432765089663
241971033199468642,4644364625800006675,300471914551172981,1,1,dygkt,0.7142003069127997
241971033199468642,1062464292871659639,8573800373938698102,1,1,dygkt,0.7023585923407423
241971033199468642,5932668873100475470,300471914551172981,1,1,dygkt,0.7268487641540647
241971033199468642,5237822943399727048,8573800373938698102,1,1,dygkt,0.7044684983744905
262972098788613969,300471914551172981,300471914551172981,1,1,dygkt,0.7028749415317669
262972098788613969,8573800373938698102,8573800373938698102,0,1,dygkt,0.6676368640578058
262972098788613969,2014268979504181100,300471914551172981,1,1,dygkt,0.6942338559132072
262972098788613969,2172169907340938753,300471914551172981,1,1,dygkt,0.6948940194208222
262972098788613969,8150806168444344502,300471914551172981,1,1,dygkt,0.7079672133459274
262972098788613969,816286915455981984,8573800373938698102,1,1,dygkt,0.6978668827589709
262972098788613969,1962751598315765836,300471914551172981,1,1,dygkt,0.7106940153884643
262972098788613969,7444476343858270082,300471914551172981,1,1,dygkt,0.7130078462864773
262972098788613969,2537821716777940730,300471914551172981,1,1,dygkt,0.7134851871859096
262972098788613969,1061301253559417093,300471914551172981,1,1,dygkt,0.7024686032740151
262972098788613969,8553379303363759508,300471914551172981,1,1,dygkt,0.6979778399738154
262972098788613969,6440511557387709110,300471914551172981,1,1,dygkt,0.7123706532113054
262972098788613969,7744513373483970787,8573800373938698102,0,1,dygkt,0.6707797992590749
262972098788613969,2971078979906996375,300471914551172981,1,1,dygkt,0.7067594239796433
262972098788613969,5841359775533910823,300471914551172981,1,1,dygkt,0.6900066165340146
262972098788613969,8621262567927479011,300471914551172981,1,1,dygkt,0.7118124178994717
262972098788613969,8434961942249729798,8573800373938698102,1,1,dygkt,0.6898108069615436
262972098788613969,2322042198017538996,8573800373938698102,1,1,dygkt,0.6910163644453529
262972098788613969,1742185772413642127,300471914551172981,1,1,dygkt,0.7153105844799644
262972098788613969,2334639155148655290,8573800373938698102,1,1,dygkt,0.6946586795692022
262972098788613969,7660717256841499384,300471914551172981,1,1,dygkt,0.7234764702781967
262972098788613969,4113615466659810841,300471914551172981,1,1,dygkt,0.7147954214398247
262972098788613969,6125574002232610732,300471914551172981,1,1,dygkt,0.6948527826289086
262972098788613969,2774368076249802464,8573800373938698102,1,1,dygkt,0.6874337423143132
262972098788613969,8903365289186067945,8573800373938698102,1,1,dygkt,0.689102898769302
262972098788613969,6925932688889117475,300471914551172981,1,1,dygkt,0.725688807993312
262972098788613969,8194071366621068887,8573800373938698102,1,1,dygkt,0.6763390293874736
262972098788613969,2986660907093963186,300471914551172981,1,1,dygkt,0.7289289524661072
262972098788613969,7591109345808921544,300471914551172981,1,1,dygkt,0.7149936273661694
262972098788613969,625545550176685521,8573800373938698102,1,1,dygkt,0.6956890288147367
262972098788613969,1761868641361943332,8573800373938698102,1,1,dygkt,0.7001583774438962
262972098788613969,4824259625677886603,300471914551172981,1,1,dygkt,0.7127689977334412
262972098788613969,8450591260754163598,8573800373938698102,1,1,dygkt,0.6876426540668787
262972098788613969,1553079256999111676,300471914551172981,1,1,dygkt,0.7174839087960774
262972098788613969,3220231712819306119,8573800373938698102,1,1,dygkt,0.6916803895285722
262972098788613969,338807275221326836,300471914551172981,1,1,dygkt,0.7104540231562652
262972098788613969,8525319303741530302,8573800373938698102,1,1,dygkt,0.692177888896398
262972098788613969,6587421150596252277,300471914551172981,1,1,dygkt,0.7184684516294454
262972098788613969,5891620578387310353,300471914551172981,1,1,dygkt,0.7086101712472729
262972098788613969,5791250638486922978,300471914551172981,1,1,dygkt,0.7210967093751325
262972098788613969,4031585874086886353,8573800373938698102,1,1,dygkt,0.7008520404487877
262972098788613969,2083452711903133430,8573800373938698102,1,1,dygkt,0.7137353617155724
262972098788613969,6319743179241711738,8573800373938698102,1,1,dygkt,0.701951847374613
262972098788613969,8628686323660025649,300471914551172981,1,1,dygkt,0.7205879267938833
262972098788613969,4378721629787482518,300471914551172981,1,1,dygkt,0.724137442742341
262972098788613969,4813462692425748605,300471914551172981,1,1,dygkt,0.7034432765089663
262972098788613969,4644364625800006675,300471914551172981,1,1,dygkt,0.7142003069127997
262972098788613969,1062464292871659639,8573800373938698102,1,1,dygkt,0.7023585923407423
262972098788613969,5932668873100475470,300471914551172981,1,1,dygkt,0.7268487641540647
262972098788613969,5237822943399727048,8573800373938698102,1,1,dygkt,0.7044684983744905
281238121284840641,300471914551172981,300471914551172981,0,1,dygkt,0.7028749415317669
281238121284840641,8573800373938698102,8573800373938698102,1,1,dygkt,0.6676368640578058
281238121284840641,2014268979504181100,300471914551172981,1,1,dygkt,0.6942338559132072
281238121284840641,2172169907340938753,300471914551172981,0,1,dygkt,0.6948940194208222
281238121284840641,8150806168444344502,300471914551172981,0,1,dygkt,0.7079672133459274
281238121284840641,816286915455981984,8573800373938698102,1,1,dygkt,0.6978668827589709
281238121284840641,1962751598315765836,300471914551172981,0,1,dygkt,0.7106940153884643
281238121284840641,7444476343858270082,300471914551172981,0,1,dygkt,0.7130078462864773
281238121284840641,2537821716777940730,300471914551172981,0,1,dygkt,0.7134851871859096
281238121284840641,1061301253559417093,300471914551172981,1,1,dygkt,0.7024686032740151
281238121284840641,8553379303363759508,300471914551172981,0,1,dygkt,0.6979778399738154
281238121284840641,6440511557387709110,300471914551172981,1,1,dygkt,0.7123706532113054
281238121284840641,7744513373483970787,8573800373938698102,1,1,dygkt,0.6707797992590749
281238121284840641,2971078979906996375,300471914551172981,0,1,dygkt,0.7067594239796433
281238121284840641,5841359775533910823,300471914551172981,0,1,dygkt,0.6900066165340146
281238121284840641,8621262567927479011,300471914551172981,0,1,dygkt,0.7118124178994717
281238121284840641,8434961942249729798,8573800373938698102,1,1,dygkt,0.6898108069615436
281238121284840641,2322042198017538996,8573800373938698102,1,1,dygkt,0.6910163644453529
281238121284840641,1742185772413642127,300471914551172981,1,1,dygkt,0.7153105844799644
281238121284840641,2334639155148655290,8573800373938698102,1,1,dygkt,0.6946586795692022
281238121284840641,7660717256841499384,300471914551172981,1,1,dygkt,0.7234764702781967
281238121284840641,4113615466659810841,300471914551172981,0,1,dygkt,0.7147954214398247
281238121284840641,6125574002232610732,300471914551172981,0,1,dygkt,0.6948527826289086
281238121284840641,2774368076249802464,8573800373938698102,1,1,dygkt,0.6874337423143132
281238121284840641,8903365289186067945,8573800373938698102,1,1,dygkt,0.689102898769302
281238121284840641,6925932688889117475,300471914551172981,1,1,dygkt,0.725688807993312
281238121284840641,8194071366621068887,8573800373938698102,1,1,dygkt,0.6763390293874736
281238121284840641,2986660907093963186,300471914551172981,1,1,dygkt,0.7289289524661072
281238121284840641,7591109345808921544,300471914551172981,1,1,dygkt,0.7149936273661694
281238121284840641,625545550176685521,8573800373938698102,1,1,dygkt,0.6956890288147367
281238121284840641,1761868641361943332,8573800373938698102,1,1,dygkt,0.7001583774438962
281238121284840641,4824259625677886603,300471914551172981,1,1,dygkt,0.7127689977334412
281238121284840641,8450591260754163598,8573800373938698102,1,1,dygkt,0.6876426540668787
281238121284840641,1553079256999111676,300471914551172981,0,1,dygkt,0.7174839087960774
281238121284840641,3220231712819306119,8573800373938698102,1,1,dygkt,0.6916803895285722
281238121284840641,338807275221326836,300471914551172981,0,1,dygkt,0.7104540231562652
281238121284840641,8525319303741530302,8573800373938698102,1,1,dygkt,0.692177888896398
281238121284840641,6587421150596252277,300471914551172981,0,1,dygkt,0.7184684516294454
281238121284840641,5891620578387310353,300471914551172981,0,1,dygkt,0.7086101712472729
281238121284840641,5791250638486922978,300471914551172981,1,1,dygkt,0.7210967093751325
281238121284840641,4031585874086886353,8573800373938698102,1,1,dygkt,0.7008520404487877
281238121284840641,2083452711903133430,8573800373938698102,1,1,dygkt,0.7137353617155724
281238121284840641,6319743179241711738,8573800373938698102,1,1,dygkt,0.701951847374613
281238121284840641,8628686323660025649,300471914551172981,0,1,dygkt,0.7205879267938833
281238121284840641,4378721629787482518,300471914551172981,0,1,dygkt,0.724137442742341
281238121284840641,4813462692425748605,300471914551172981,0,1,dygkt,0.7034432765089663
281238121284840641,4644364625800006675,300471914551172981,1,1,dygkt,0.7142003069127997
281238121284840641,1062464292871659639,8573800373938698102,1,1,dygkt,0.7023585923407423
281238121284840641,5932668873100475470,300471914551172981,0,1,dygkt,0.7268487641540647
281238121284840641,5237822943399727048,8573800373938698102,1,1,dygkt,0.7044684983744905
282468254407962637,300471914551172981,300471914551172981,1,1,dygkt,0.7028749415317669
282468254407962637,8573800373938698102,8573800373938698102,1,1,dygkt,0.6676368640578058
282468254407962637,2014268979504181100,300471914551172981,1,1,dygkt,0.6942338559132072
282468254407962637,2172169907340938753,300471914551172981,1,1,dygkt,0.6948940194208222
282468254407962637,8150806168444344502,300471914551172981,1,1,dygkt,0.7079672133459274
282468254407962637,816286915455981984,8573800373938698102,1,1,dygkt,0.6978668827589709
282468254407962637,1962751598315765836,300471914551172981,1,1,dygkt,0.7106940153884643
282468254407962637,7444476343858270082,300471914551172981,1,1,dygkt,0.7130078462864773
282468254407962637,2537821716777940730,300471914551172981,1,1,dygkt,0.7134851871859096
282468254407962637,1061301253559417093,300471914551172981,1,1,dygkt,0.7024686032740151
282468254407962637,8553379303363759508,300471914551172981,1,1,dygkt,0.6979778399738154
282468254407962637,6440511557387709110,300471914551172981,1,1,dygkt,0.7123706532113054
282468254407962637,7744513373483970787,8573800373938698102,1,1,dygkt,0.6707797992590749
282468254407962637,2971078979906996375,300471914551172981,1,1,dygkt,0.7067594239796433
282468254407962637,5841359775533910823,300471914551172981,0,1,dygkt,0.6900066165340146
282468254407962637,8621262567927479011,300471914551172981,1,1,dygkt,0.7118124178994717
282468254407962637,8434961942249729798,8573800373938698102,1,1,dygkt,0.6898108069615436
282468254407962637,2322042198017538996,8573800373938698102,1,1,dygkt,0.6910163644453529
282468254407962637,1742185772413642127,300471914551172981,1,1,dygkt,0.7153105844799644
282468254407962637,2334639155148655290,8573800373938698102,1,1,dygkt,0.6946586795692022
282468254407962637,7660717256841499384,300471914551172981,1,1,dygkt,0.7234764702781967
282468254407962637,4113615466659810841,300471914551172981,1,1,dygkt,0.7147954214398247
282468254407962637,6125574002232610732,300471914551172981,0,1,dygkt,0.6948527826289086
282468254407962637,2774368076249802464,8573800373938698102,1,1,dygkt,0.6874337423143132
282468254407962637,8903365289186067945,8573800373938698102,1,1,dygkt,0.689102898769302
282468254407962637,6925932688889117475,300471914551172981,1,1,dygkt,0.725688807993312
282468254407962637,8194071366621068887,8573800373938698102,1,1,dygkt,0.6763390293874736
282468254407962637,2986660907093963186,300471914551172981,1,1,dygkt,0.7289289524661072
282468254407962637,7591109345808921544,300471914551172981,1,1,dygkt,0.7149936273661694
282468254407962637,625545550176685521,8573800373938698102,1,1,dygkt,0.6956890288147367
282468254407962637,1761868641361943332,8573800373938698102,1,1,dygkt,0.7001583774438962
282468254407962637,4824259625677886603,300471914551172981,1,1,dygkt,0.7127689977334412
282468254407962637,8450591260754163598,8573800373938698102,1,1,dygkt,0.6876426540668787
282468254407962637,1553079256999111676,300471914551172981,1,1,dygkt,0.7174839087960774
282468254407962637,3220231712819306119,8573800373938698102,0,1,dygkt,0.6916803895285722
282468254407962637,338807275221326836,300471914551172981,1,1,dygkt,0.7104540231562652
282468254407962637,8525319303741530302,8573800373938698102,1,1,dygkt,0.692177888896398
282468254407962637,6587421150596252277,300471914551172981,1,1,dygkt,0.7184684516294454
282468254407962637,5891620578387310353,300471914551172981,1,1,dygkt,0.7086101712472729
282468254407962637,5791250638486922978,300471914551172981,1,1,dygkt,0.7210967093751325
282468254407962637,4031585874086886353,8573800373938698102,1,1,dygkt,0.7008520404487877
282468254407962637,2083452711903133430,8573800373938698102,1,1,dygkt,0.7137353617155724
282468254407962637,6319743179241711738,8573800373938698102,1,1,dygkt,0.701951847374613
282468254407962637,8628686323660025649,300471914551172981,1,1,dygkt,0.7205879267938833
282468254407962637,4378721629787482518,300471914551172981,1,1,dygkt,0.724137442742341
282468254407962637,4813462692425748605,300471914551172981,1,1,dygkt,0.7034432765089663
282468254407962637,4644364625800006675,300471914551172981,1,1,dygkt,0.7142003069127997
282468254407962637,1062464292871659639,8573800373938698102,1,1,dygkt,0.7023585923407423
282468254407962637,5932668873100475470,300471914551172981,1,1,dygkt,0.7268487641540647
282468254407962637,5237822943399727048,8573800373938698102,1,1,dygkt,0.7044684983744905
306023099386028284,300471914551172981,300471914551172981,1,1,dygkt,0.7028749415317669
306023099386028284,8573800373938698102,8573800373938698102,0,1,dygkt,0.6676368640578058
306023099386028284,2014268979504181100,300471914551172981,0,1,dygkt,0.6942338559132072
306023099386028284,2172169907340938753,300471914551172981,0,1,dygkt,0.6948940194208222
306023099386028284,8150806168444344502,300471914551172981,1,1,dygkt,0.7079672133459274
306023099386028284,816286915455981984,8573800373938698102,0,1,dygkt,0.6978668827589709
306023099386028284,1962751598315765836,300471914551172981,0,1,dygkt,0.7106940153884643
306023099386028284,7444476343858270082,300471914551172981,1,1,dygkt,0.7130078462864773
306023099386028284,2537821716777940730,300471914551172981,0,1,dygkt,0.7134851871859096
306023099386028284,1061301253559417093,300471914551172981,0,1,dygkt,0.7024686032740151
306023099386028284,8553379303363759508,300471914551172981,0,1,dygkt,0.6979778399738154
306023099386028284,6440511557387709110,300471914551172981,0,1,dygkt,0.7123706532113054
306023099386028284,7744513373483970787,8573800373938698102,0,1,dygkt,0.6707797992590749
306023099386028284,2971078979906996375,300471914551172981,0,1,dygkt,0.7067594239796433
306023099386028284,5841359775533910823,300471914551172981,0,1,dygkt,0.6900066165340146
306023099386028284,8621262567927479011,300471914551172981,1,1,dygkt,0.7118124178994717
306023099386028284,8434961942249729798,8573800373938698102,1,1,dygkt,0.6898108069615436
306023099386028284,2322042198017538996,8573800373938698102,0,1,dygkt,0.6910163644453529
306023099386028284,1742185772413642127,300471914551172981,0,1,dygkt,0.7153105844799644
306023099386028284,2334639155148655290,8573800373938698102,0,1,dygkt,0.6946586795692022
306023099386028284,7660717256841499384,300471914551172981,1,1,dygkt,0.7234764702781967
306023099386028284,4113615466659810841,300471914551172981,1,1,dygkt,0.7147954214398247
306023099386028284,6125574002232610732,300471914551172981,0,1,dygkt,0.6948527826289086
306023099386028284,2774368076249802464,8573800373938698102,0,1,dygkt,0.6874337423143132
306023099386028284,8903365289186067945,8573800373938698102,0,1,dygkt,0.689102898769302
306023099386028284,6925932688889117475,300471914551172981,1,1,dygkt,0.725688807993312
306023099386028284,8194071366621068887,8573800373938698102,0,1,dygkt,0.6763390293874736
306023099386028284,2986660907093963186,300471914551172981,1,1,dygkt,0.7289289524661072
306023099386028284,7591109345808921544,300471914551172981,1,1,dygkt,0.7149936273661694
306023099386028284,625545550176685521,8573800373938698102,1,1,dygkt,0.6956890288147367
306023099386028284,1761868641361943332,8573800373938698102,0,1,dygkt,0.7001583774438962
306023099386028284,4824259625677886603,300471914551172981,0,1,dygkt,0.7127689977334412
306023099386028284,8450591260754163598,8573800373938698102,1,1,dygkt,0.6876426540668787
306023099386028284,1553079256999111676,300471914551172981,1,1,dygkt,0.7174839087960774
306023099386028284,3220231712819306119,8573800373938698102,0,1,dygkt,0.6916803895285722
306023099386028284,338807275221326836,300471914551172981,0,1,dygkt,0.7104540231562652
306023099386028284,8525319303741530302,8573800373938698102,1,1,dygkt,0.692177888896398
306023099386028284,6587421150596252277,300471914551172981,1,1,dygkt,0.7184684516294454
306023099386028284,5891620578387310353,300471914551172981,0,1,dygkt,0.7086101712472729
306023099386028284,5791250638486922978,300471914551172981,1,1,dygkt,0.7210967093751325
306023099386028284,4031585874086886353,8573800373938698102,0,1,dygkt,0.7008520404487877
306023099386028284,2083452711903133430,8573800373938698102,1,1,dygkt,0.7137353617155724
306023099386028284,6319743179241711738,8573800373938698102,1,1,dygkt,0.701951847374613
306023099386028284,8628686323660025649,300471914551172981,1,1,dygkt,0.7205879267938833
306023099386028284,4378721629787482518,300471914551172981,1,1,dygkt,0.724137442742341
306023099386028284,4813462692425748605,300471914551172981,0,1,dygkt,0.7034432765089663
306023099386028284,4644364625800006675,300471914551172981,0,1,dygkt,0.7142003069127997
306023099386028284,1062464292871659639,8573800373938698102,0,1,dygkt,0.7023585923407423
306023099386028284,5932668873100475470,300471914551172981,0,1,dygkt,0.7268487641540647
306023099386028284,5237822943399727048,8573800373938698102,1,1,dygkt,0.7044684983744905
306816872576014192,300471914551172981,300471914551172981,1,1,dygkt,0.7028749415317669
306816872576014192,8573800373938698102,8573800373938698102,0,1,dygkt,0.6676368640578058
306816872576014192,2014268979504181100,300471914551172981,1,1,dygkt,0.6942338559132072
306816872576014192,2172169907340938753,300471914551172981,1,1,dygkt,0.6948940194208222
306816872576014192,8150806168444344502,300471914551172981,1,1,dygkt,0.7079672133459274
306816872576014192,816286915455981984,8573800373938698102,1,1,dygkt,0.6978668827589709
306816872576014192,1962751598315765836,300471914551172981,1,1,dygkt,0.7106940153884643
306816872576014192,7444476343858270082,300471914551172981,1,1,dygkt,0.7130078462864773
306816872576014192,2537821716777940730,300471914551172981,1,1,dygkt,0.7134851871859096
306816872576014192,1061301253559417093,300471914551172981,1,1,dygkt,0.7024686032740151
306816872576014192,8553379303363759508,300471914551172981,1,1,dygkt,0.6979778399738154
306816872576014192,6440511557387709110,300471914551172981,1,1,dygkt,0.7123706532113054
306816872576014192,7744513373483970787,8573800373938698102,0,1,dygkt,0.6707797992590749
306816872576014192,2971078979906996375,300471914551172981,1,1,dygkt,0.7067594239796433
306816872576014192,5841359775533910823,300471914551172981,1,1,dygkt,0.6900066165340146
306816872576014192,8621262567927479011,300471914551172981,1,1,dygkt,0.7118124178994717
306816872576014192,8434961942249729798,8573800373938698102,1,1,dygkt,0.6898108069615436
306816872576014192,2322042198017538996,8573800373938698102,0,1,dygkt,0.6910163644453529
306816872576014192,1742185772413642127,300471914551172981,1,1,dygkt,0.7153105844799644
306816872576014192,2334639155148655290,8573800373938698102,0,1,dygkt,0.6946586795692022
306816872576014192,7660717256841499384,300471914551172981,1,1,dygkt,0.7234764702781967
306816872576014192,4113615466659810841,300471914551172981,1,1,dygkt,0.7147954214398247
306816872576014192,6125574002232610732,300471914551172981,1,1,dygkt,0.6948527826289086
306816872576014192,2774368076249802464,8573800373938698102,0,1,dygkt,0.6874337423143132
306816872576014192,8903365289186067945,8573800373938698102,1,1,dygkt,0.689102898769302
306816872576014192,6925932688889117475,300471914551172981,1,1,dygkt,0.725688807993312
306816872576014192,8194071366621068887,8573800373938698102,0,1,dygkt,0.6763390293874736
306816872576014192,2986660907093963186,300471914551172981,1,1,dygkt,0.7289289524661072
306816872576014192,7591109345808921544,300471914551172981,1,1,dygkt,0.7149936273661694
306816872576014192,625545550176685521,8573800373938698102,1,1,dygkt,0.6956890288147367
306816872576014192,1761868641361943332,8573800373938698102,1,1,dygkt,0.7001583774438962
306816872576014192,4824259625677886603,300471914551172981,1,1,dygkt,0.7127689977334412
306816872576014192,8450591260754163598,8573800373938698102,0,1,dygkt,0.6876426540668787
306816872576014192,1553079256999111676,300471914551172981,1,1,dygkt,0.7174839087960774
306816872576014192,3220231712819306119,8573800373938698102,1,1,dygkt,0.6916803895285722
306816872576014192,338807275221326836,300471914551172981,0,1,dygkt,0.7104540231562652
306816872576014192,8525319303741530302,8573800373938698102,1,1,dygkt,0.692177888896398
306816872576014192,6587421150596252277,300471914551172981,1,1,dygkt,0.7184684516294454
306816872576014192,5891620578387310353,300471914551172981,1,1,dygkt,0.7086101712472729
306816872576014192,5791250638486922978,300471914551172981,1,1,dygkt,0.7210967093751325
306816872576014192,4031585874086886353,8573800373938698102,0,1,dygkt,0.7008520404487877
306816872576014192,2083452711903133430,8573800373938698102,1,1,dygkt,0.7137353617155724
306816872576014192,6319743179241711738,8573800373938698102,1,1,dygkt,0.701951847374613
306816872576014192,8628686323660025649,300471914551172981,1,1,dygkt,0.7205879267938833
306816872576014192,4378721629787482518,300471914551172981,1,1,dygkt,0.724137442742341
306816872576014192,4813462692425748605,300471914551172981,1,1,dygkt,0.7034432765089663
306816872576014192,4644364625800006675,300471914551172981,1,1,dygkt,0.7142003069127997
306816872576014192,1062464292871659639,8573800373938698102,1,1,dygkt,0.7023585923407423
306816872576014192,5932668873100475470,300471914551172981,1,1,dygkt,0.7268487641540647
306816872576014192,5237822943399727048,8573800373938698102,1,1,dygkt,0.7044684983744905
318029278300626017,300471914551172981,300471914551172981,1,1,dygkt,0.7028749415317669
318029278300626017,8573800373938698102,8573800373938698102,0,1,dygkt,0.6676368640578058
318029278300626017,2014268979504181100,300471914551172981,1,1,dygkt,0.6942338559132072
318029278300626017,2172169907340938753,300471914551172981,1,1,dygkt,0.6948940194208222
318029278300626017,8150806168444344502,300471914551172981,0,1,dygkt,0.7079672133459274
318029278300626017,816286915455981984,8573800373938698102,1,1,dygkt,0.6978668827589709
318029278300626017,1962751598315765836,300471914551172981,1,1,dygkt,0.7106940153884643
318029278300626017,7444476343858270082,300471914551172981,1,1,dygkt,0.7130078462864773
318029278300626017,2537821716777940730,300471914551172981,1,1,dygkt,0.7134851871859096
318029278300626017,1061301253559417093,300471914551172981,1,1,dygkt,0.7024686032740151
318029278300626017,8553379303363759508,300471914551172981,1,1,dygkt,0.6979778399738154
318029278300626017,6440511557387709110,300471914551172981,1,1,dygkt,0.7123706532113054
318029278300626017,7744513373483970787,8573800373938698102,0,1,dygkt,0.6707797992590749
318029278300626017,2971078979906996375,300471914551172981,1,1,dygkt,0.7067594239796433
318029278300626017,5841359775533910823,300471914551172981,0,1,dygkt,0.6900066165340146
318029278300626017,8621262567927479011,300471914551172981,1,1,dygkt,0.7118124178994717
318029278300626017,8434961942249729798,8573800373938698102,0,1,dygkt,0.6898108069615436
318029278300626017,2322042198017538996,8573800373938698102,0,1,dygkt,0.6910163644453529
318029278300626017,1742185772413642127,300471914551172981,1,1,dygkt,0.7153105844799644
318029278300626017,2334639155148655290,8573800373938698102,1,1,dygkt,0.6946586795692022
318029278300626017,7660717256841499384,300471914551172981,1,1,dygkt,0.7234764702781967
318029278300626017,4113615466659810841,300471914551172981,1,1,dygkt,0.7147954214398247
318029278300626017,6125574002232610732,300471914551172981,1,1,dygkt,0.6948527826289086
318029278300626017,2774368076249802464,8573800373938698102,1,1,dygkt,0.6874337423143132
318029278300626017,8903365289186067945,8573800373938698102,0,1,dygkt,0.689102898769302
318029278300626017,6925932688889117475,300471914551172981,1,1,dygkt,0.725688807993312
318029278300626017,8194071366621068887,8573800373938698102,0,1,dygkt,0.6763390293874736
318029278300626017,2986660907093963186,300471914551172981,1,1,dygkt,0.7289289524661072
318029278300626017,7591109345808921544,300471914551172981,1,1,dygkt,0.7149936273661694
318029278300626017,625545550176685521,8573800373938698102,0,1,dygkt,0.6956890288147367
318029278300626017,1761868641361943332,8573800373938698102,1,1,dygkt,0.7001583774438962
318029278300626017,4824259625677886603,300471914551172981,1,1,dygkt,0.7127689977334412
318029278300626017,8450591260754163598,8573800373938698102,0,1,dygkt,0.6876426540668787
318029278300626017,1553079256999111676,300471914551172981,1,1,dygkt,0.7174839087960774
318029278300626017,3220231712819306119,8573800373938698102,0,1,dygkt,0.6916803895285722
318029278300626017,338807275221326836,300471914551172981,1,1,dygkt,0.7104540231562652
318029278300626017,8525319303741530302,8573800373938698102,0,1,dygkt,0.692177888896398
318029278300626017,6587421150596252277,300471914551172981,1,1,dygkt,0.7184684516294454
318029278300626017,5891620578387310353,300471914551172981,1,1,dygkt,0.7086101712472729
318029278300626017,5791250638486922978,300471914551172981,1,1,dygkt,0.7210967093751325
318029278300626017,4031585874086886353,8573800373938698102,0,1,dygkt,0.7008520404487877
318029278300626017,2083452711903133430,8573800373938698102,1,1,dygkt,0.7137353617155724
318029278300626017,6319743179241711738,8573800373938698102,0,1,dygkt,0.701951847374613
318029278300626017,8628686323660025649,300471914551172981,1,1,dygkt,0.7205879267938833
318029278300626017,4378721629787482518,300471914551172981,1,1,dygkt,0.724137442742341
318029278300626017,4813462692425748605,300471914551172981,0,1,dygkt,0.7034432765089663
318029278300626017,4644364625800006675,300471914551172981,1,1,dygkt,0.7142003069127997
318029278300626017,1062464292871659639,8573800373938698102,1,1,dygkt,0.7023585923407423
318029278300626017,5932668873100475470,300471914551172981,1,1,dygkt,0.7268487641540647
318029278300626017,5237822943399727048,8573800373938698102,1,1,dygkt,0.7044684983744905
324624200648221669,300471914551172981,300471914551172981,0,1,dygkt,0.7028749415317669
324624200648221669,8573800373938698102,8573800373938698102,0,1,dygkt,0.6676368640578058
324624200648221669,2014268979504181100,300471914551172981,0,1,dygkt,0.6942338559132072
324624200648221669,2172169907340938753,300471914551172981,1,1,dygkt,0.6948940194208222
324624200648221669,8150806168444344502,300471914551172981,0,1,dygkt,0.7079672133459274
324624200648221669,816286915455981984,8573800373938698102,1,1,dygkt,0.6978668827589709
324624200648221669,1962751598315765836,300471914551172981,0,1,dygkt,0.7106940153884643
324624200648221669,7444476343858270082,300471914551172981,1,1,dygkt,0.7130078462864773
324624200648221669,2537821716777940730,300471914551172981,0,1,dygkt,0.7134851871859096
324624200648221669,1061301253559417093,300471914551172981,0,1,dygkt,0.7024686032740151
324624200648221669,8553379303363759508,300471914551172981,1,1,dygkt,0.6979778399738154
324624200648221669,6440511557387709110,300471914551172981,1,1,dygkt,0.7123706532113054
324624200648221669,7744513373483970787,8573800373938698102,0,1,dygkt,0.6707797992590749
324624200648221669,2971078979906996375,300471914551172981,0,1,dygkt,0.7067594239796433
324624200648221669,5841359775533910823,300471914551172981,0,1,dygkt,0.6900066165340146
324624200648221669,8621262567927479011,300471914551172981,0,1,dygkt,0.7118124178994717
324624200648221669,8434961942249729798,8573800373938698102,1,1,dygkt,0.6898108069615436
324624200648221669,2322042198017538996,8573800373938698102,0,1,dygkt,0.6910163644453529
324624200648221669,1742185772413642127,300471914551172981,0,1,dygkt,0.7153105844799644
324624200648221669,2334639155148655290,8573800373938698102,1,1,dygkt,0.6946586795692022
324624200648221669,7660717256841499384,300471914551172981,0,1,dygkt,0.7234764702781967
324624200648221669,4113615466659810841,300471914551172981,0,1,dygkt,0.7147954214398247
324624200648221669,6125574002232610732,300471914551172981,0,1,dygkt,0.6948527826289086
324624200648221669,2774368076249802464,8573800373938698102,0,1,dygkt,0.6874337423143132
324624200648221669,8903365289186067945,8573800373938698102,1,1,dygkt,0.689102898769302
324624200648221669,6925932688889117475,300471914551172981,1,1,dygkt,0.725688807993312
324624200648221669,8194071366621068887,8573800373938698102,0,1,dygkt,0.6763390293874736
324624200648221669,2986660907093963186,300471914551172981,1,1,dygkt,0.7289289524661072
324624200648221669,7591109345808921544,300471914551172981,1,1,dygkt,0.7149936273661694
324624200648221669,625545550176685521,8573800373938698102,1,1,dygkt,0.6956890288147367
324624200648221669,1761868641361943332,8573800373938698102,0,1,dygkt,0.7001583774438962
324624200648221669,4824259625677886603,300471914551172981,1,1,dygkt,0.7127689977334412
324624200648221669,8450591260754163598,8573800373938698102,1,1,dygkt,0.6876426540668787
324624200648221669,1553079256999111676,300471914551172981,0,1,dygkt,0.7174839087960774
324624200648221669,3220231712819306119,8573800373938698102,1,1,dygkt,0.6916803895285722
324624200648221669,338807275221326836,300471914551172981,0,1,dygkt,0.7104540231562652
324624200648221669,8525319303741530302,8573800373938698102,1,1,dygkt,0.692177888896398
324624200648221669,6587421150596252277,300471914551172981,1,1,dygkt,0.7184684516294454
324624200648221669,5891620578387310353,300471914551172981,0,1,dygkt,0.7086101712472729
324624200648221669,5791250638486922978,300471914551172981,1,1,dygkt,0.7210967093751325
324624200648221669,4031585874086886353,8573800373938698102,0,1,dygkt,0.7008520404487877
324624200648221669,2083452711903133430,8573800373938698102,1,1,dygkt,0.7137353617155724
324624200648221669,6319743179241711738,8573800373938698102,1,1,dygkt,0.701951847374613
324624200648221669,8628686323660025649,300471914551172981,1,1,dygkt,0.7205879267938833
324624200648221669,4378721629787482518,300471914551172981,1,1,dygkt,0.724137442742341
324624200648221669,4813462692425748605,300471914551172981,0,1,dygkt,0.7034432765089663
324624200648221669,4644364625800006675,300471914551172981,0,1,dygkt,0.7142003069127997
324624200648221669,1062464292871659639,8573800373938698102,1,1,dygkt,0.7023585923407423
324624200648221669,5932668873100475470,300471914551172981,0,1,dygkt,0.7268487641540647
324624200648221669,5237822943399727048,8573800373938698102,1,1,dygkt,0.7044684983744905
332087775371550264,300471914551172981,300471914551172981,0,1,dygkt,0.7028749415317669
332087775371550264,8573800373938698102,8573800373938698102,1,1,dygkt,0.6676368640578058
332087775371550264,2014268979504181100,300471914551172981,0,1,dygkt,0.6942338559132072
332087775371550264,2172169907340938753,300471914551172981,0,1,dygkt,0.6948940194208222
332087775371550264,8150806168444344502,300471914551172981,0,1,dygkt,0.7079672133459274
332087775371550264,816286915455981984,8573800373938698102,1,1,dygkt,0.6978668827589709
332087775371550264,1962751598315765836,300471914551172981,0,1,dygkt,0.7106940153884643
332087775371550264,7444476343858270082,300471914551172981,1,1,dygkt,0.7130078462864773
332087775371550264,2537821716777940730,300471914551172981,1,1,dygkt,0.7134851871859096
332087775371550264,1061301253559417093,300471914551172981,0,1,dygkt,0.7024686032740151
332087775371550264,8553379303363759508,300471914551172981,0,1,dygkt,0.6979778399738154
332087775371550264,6440511557387709110,300471914551172981,0,1,dygkt,0.7123706532113054
332087775371550264,7744513373483970787,8573800373938698102,1,1,dygkt,0.6707797992590749
332087775371550264,2971078979906996375,300471914551172981,0,1,dygkt,0.7067594239796433
332087775371550264,5841359775533910823,300471914551172981,0,1,dygkt,0.6900066165340146
332087775371550264,8621262567927479011,300471914551172981,0,1,dygkt,0.7118124178994717
332087775371550264,8434961942249729798,8573800373938698102,1,1,dygkt,0.6898108069615436
332087775371550264,2322042198017538996,8573800373938698102,1,1,dygkt,0.6910163644453529
332087775371550264,1742185772413642127,300471914551172981,0,1,dygkt,0.7153105844799644
332087775371550264,2334639155148655290,8573800373938698102,1,1,dygkt,0.6946586795692022
332087775371550264,7660717256841499384,300471914551172981,1,1,dygkt,0.7234764702781967
332087775371550264,4113615466659810841,300471914551172981,1,1,dygkt,0.7147954214398247
332087775371550264,6125574002232610732,300471914551172981,0,1,dygkt,0.6948527826289086
332087775371550264,2774368076249802464,8573800373938698102,1,1,dygkt,0.6874337423143132
332087775371550264,8903365289186067945,8573800373938698102,1,1,dygkt,0.689102898769302
332087775371550264,6925932688889117475,300471914551172981,0,1,dygkt,0.725688807993312
332087775371550264,8194071366621068887,8573800373938698102,1,1,dygkt,0.6763390293874736
332087775371550264,2986660907093963186,300471914551172981,1,1,dygkt,0.7289289524661072
332087775371550264,7591109345808921544,300471914551172981,0,1,dygkt,0.7149936273661694
332087775371550264,625545550176685521,8573800373938698102,1,1,dygkt,0.6956890288147367
332087775371550264,1761868641361943332,8573800373938698102,1,1,dygkt,0.7001583774438962
332087775371550264,4824259625677886603,300471914551172981,0,1,dygkt,0.7127689977334412
332087775371550264,8450591260754163598,8573800373938698102,1,1,dygkt,0.6876426540668787
332087775371550264,1553079256999111676,300471914551172981,1,1,dygkt,0.7174839087960774
332087775371550264,3220231712819306119,8573800373938698102,1,1,dygkt,0.6916803895285722
332087775371550264,338807275221326836,300471914551172981,0,1,dygkt,0.7104540231562652
332087775371550264,8525319303741530302,8573800373938698102,1,1,dygkt,0.692177888896398
332087775371550264,6587421150596252277,300471914551172981,1,1,dygkt,0.7184684516294454
332087775371550264,5891620578387310353,300471914551172981,1,1,dygkt,0.7086101712472729
332087775371550264,5791250638486922978,300471914551172981,1,1,dygkt,0.7210967093751325
332087775371550264,4031585874086886353,8573800373938698102,1,1,dygkt,0.7008520404487877
332087775371550264,2083452711903133430,8573800373938698102,1,1,dygkt,0.7137353617155724
332087775371550264,6319743179241711738,8573800373938698102,1,1,dygkt,0.701951847374613
332087775371550264,8628686323660025649,300471914551172981,1,1,dygkt,0.7205879267938833
332087775371550264,4378721629787482518,300471914551172981,1,1,dygkt,0.724137442742341
332087775371550264,4813462692425748605,300471914551172981,0,1,dygkt,0.7034432765089663
332087775371550264,4644364625800006675,300471914551172981,0,1,dygkt,0.7142003069127997
332087775371550264,1062464292871659639,8573800373938698102,1,1,dygkt,0.7023585923407423
332087775371550264,5932668873100475470,300471914551172981,1,1,dygkt,0.7268487641540647
332087775371550264,5237822943399727048,8573800373938698102,0,1,dygkt,0.7044684983744905
343876738781606645,300471914551172981,300471914551172981,1,1,dygkt,0.7028749415317669
343876738781606645,8573800373938698102,8573800373938698102,0,1,dygkt,0.6676368640578058
343876738781606645,2014268979504181100,300471914551172981,1,1,dygkt,0.6942338559132072
343876738781606645,2172169907340938753,300471914551172981,0,1,dygkt,0.6948940194208222
343876738781606645,8150806168444344502,300471914551172981,1,1,dygkt,0.7079672133459274
343876738781606645,816286915455981984,8573800373938698102,1,1,dygkt,0.6978668827589709
343876738781606645,1962751598315765836,300471914551172981,1,1,dygkt,0.7106940153884643
343876738781606645,7444476343858270082,300471914551172981,1,1,dygkt,0.7130078462864773
343876738781606645,2537821716777940730,300471914551172981,1,1,dygkt,0.7134851871859096
343876738781606645,1061301253559417093,300471914551172981,1,1,dygkt,0.7024686032740151
343876738781606645,8553379303363759508,300471914551172981,1,1,dygkt,0.6979778399738154
343876738781606645,6440511557387709110,300471914551172981,1,1,dygkt,0.7123706532113054
343876738781606645,7744513373483970787,8573800373938698102,1,1,dygkt,0.6707797992590749
343876738781606645,2971078979906996375,300471914551172981,1,1,dygkt,0.7067594239796433
343876738781606645,5841359775533910823,300471914551172981,1,1,dygkt,0.6900066165340146
343876738781606645,8621262567927479011,300471914551172981,1,1,dygkt,0.7118124178994717
343876738781606645,8434961942249729798,8573800373938698102,1,1,dygkt,0.6898108069615436
343876738781606645,2322042198017538996,8573800373938698102,1,1,dygkt,0.6910163644453529
343876738781606645,1742185772413642127,300471914551172981,1,1,dygkt,0.7153105844799644
343876738781606645,2334639155148655290,8573800373938698102,1,1,dygkt,0.6946586795692022
343876738781606645,7660717256841499384,300471914551172981,1,1,dygkt,0.7234764702781967
343876738781606645,4113615466659810841,300471914551172981,1,1,dygkt,0.7147954214398247
343876738781606645,6125574002232610732,300471914551172981,1,1,dygkt,0.6948527826289086
343876738781606645,2774368076249802464,8573800373938698102,0,1,dygkt,0.6874337423143132
343876738781606645,8903365289186067945,8573800373938698102,0,1,dygkt,0.689102898769302
343876738781606645,6925932688889117475,300471914551172981,1,1,dygkt,0.725688807993312
343876738781606645,8194071366621068887,8573800373938698102,0,1,dygkt,0.6763390293874736
343876738781606645,2986660907093963186,300471914551172981,1,1,dygkt,0.7289289524661072
343876738781606645,7591109345808921544,300471914551172981,1,1,dygkt,0.7149936273661694
343876738781606645,625545550176685521,8573800373938698102,1,1,dygkt,0.6956890288147367
343876738781606645,1761868641361943332,8573800373938698102,1,1,dygkt,0.7001583774438962
343876738781606645,4824259625677886603,300471914551172981,1,1,dygkt,0.7127689977334412
343876738781606645,8450591260754163598,8573800373938698102,1,1,dygkt,0.6876426540668787
343876738781606645,1553079256999111676,300471914551172981,0,1,dygkt,0.7174839087960774
343876738781606645,3220231712819306119,8573800373938698102,0,1,dygkt,0.6916803895285722
343876738781606645,338807275221326836,300471914551172981,1,1,dygkt,0.7104540231562652
343876738781606645,8525319303741530302,8573800373938698102,1,1,dygkt,0.692177888896398
343876738781606645,6587421150596252277,300471914551172981,1,1,dygkt,0.7184684516294454
343876738781606645,5891620578387310353,300471914551172981,1,1,dygkt,0.7086101712472729
343876738781606645,5791250638486922978,300471914551172981,1,1,dygkt,0.7210967093751325
343876738781606645,4031585874086886353,8573800373938698102,1,1,dygkt,0.7008520404487877
343876738781606645,2083452711903133430,8573800373938698102,1,1,dygkt,0.7137353617155724
343876738781606645,6319743179241711738,8573800373938698102,1,1,dygkt,0.701951847374613
343876738781606645,8628686323660025649,300471914551172981,1,1,dygkt,0.7205879267938833
343876738781606645,4378721629787482518,300471914551172981,1,1,dygkt,0.724137442742341
343876738781606645,4813462692425748605,300471914551172981,1,1,dygkt,0.7034432765089663
343876738781606645,4644364625800006675,300471914551172981,1,1,dygkt,0.7142003069127997
343876738781606645,1062464292871659639,8573800373938698102,1,1,dygkt,0.7023585923407423
343876738781606645,5932668873100475470,300471914551172981,1,1,dygkt,0.7268487641540647
343876738781606645,5237822943399727048,8573800373938698102,1,1,dygkt,0.7044684983744905
353461793782294163,300471914551172981,300471914551172981,1,1,dygkt,0.7028749415317669
353461793782294163,8573800373938698102,8573800373938698102,0,1,dygkt,0.6676368640578058
353461793782294163,2014268979504181100,300471914551172981,1,1,dygkt,0.6942338559132072
353461793782294163,2172169907340938753,300471914551172981,1,1,dygkt,0.6948940194208222
353461793782294163,8150806168444344502,300471914551172981,1,1,dygkt,0.7079672133459274
353461793782294163,816286915455981984,8573800373938698102,0,1,dygkt,0.6978668827589709
353461793782294163,1962751598315765836,300471914551172981,1,1,dygkt,0.7106940153884643
353461793782294163,7444476343858270082,300471914551172981,1,1,dygkt,0.7130078462864773
353461793782294163,2537821716777940730,300471914551172981,1,1,dygkt,0.7134851871859096
353461793782294163,1061301253559417093,300471914551172981,1,1,dygkt,0.7024686032740151
353461793782294163,8553379303363759508,300471914551172981,1,1,dygkt,0.6979778399738154
353461793782294163,6440511557387709110,300471914551172981,1,1,dygkt,0.7123706532113054
353461793782294163,7744513373483970787,8573800373938698102,0,1,dygkt,0.6707797992590749
353461793782294163,2971078979906996375,300471914551172981,1,1,dygkt,0.7067594239796433
353461793782294163,5841359775533910823,300471914551172981,1,1,dygkt,0.6900066165340146
353461793782294163,8621262567927479011,300471914551172981,1,1,dygkt,0.7118124178994717
353461793782294163,8434961942249729798,8573800373938698102,0,1,dygkt,0.6898108069615436
353461793782294163,2322042198017538996,8573800373938698102,0,1,dygkt,0.6910163644453529
353461793782294163,1742185772413642127,300471914551172981,1,1,dygkt,0.7153105844799644
353461793782294163,2334639155148655290,8573800373938698102,0,1,dygkt,0.6946586795692022
353461793782294163,7660717256841499384,300471914551172981,1,1,dygkt,0.7234764702781967
353461793782294163,4113615466659810841,300471914551172981,1,1,dygkt,0.7147954214398247
353461793782294163,6125574002232610732,300471914551172981,1,1,dygkt,0.6948527826289086
353461793782294163,2774368076249802464,8573800373938698102,0,1,dygkt,0.6874337423143132
353461793782294163,8903365289186067945,8573800373938698102,0,1,dygkt,0.689102898769302
353461793782294163,6925932688889117475,300471914551172981,1,1,dygkt,0.725688807993312
353461793782294163,8194071366621068887,8573800373938698102,0,1,dygkt,0.6763390293874736
353461793782294163,2986660907093963186,300471914551172981,1,1,dygkt,0.7289289524661072
353461793782294163,7591109345808921544,300471914551172981,1,1,dygkt,0.7149936273661694
353461793782294163,625545550176685521,8573800373938698102,0,1,dygkt,0.6956890288147367
353461793782294163,1761868641361943332,8573800373938698102,0,1,dygkt,0.7001583774438962
353461793782294163,4824259625677886603,300471914551172981,1,1,dygkt,0.7127689977334412
353461793782294163,8450591260754163598,8573800373938698102,0,1,dygkt,0.6876426540668787
353461793782294163,1553079256999111676,300471914551172981,1,1,dygkt,0.7174839087960774
353461793782294163,3220231712819306119,8573800373938698102,1,1,dygkt,0.6916803895285722
353461793782294163,338807275221326836,300471914551172981,1,1,dygkt,0.7104540231562652
353461793782294163,8525319303741530302,8573800373938698102,0,1,dygkt,0.692177888896398
353461793782294163,6587421150596252277,300471914551172981,1,1,dygkt,0.7184684516294454
353461793782294163,5891620578387310353,300471914551172981,1,1,dygkt,0.7086101712472729
353461793782294163,5791250638486922978,300471914551172981,1,1,dygkt,0.7210967093751325
353461793782294163,4031585874086886353,8573800373938698102,0,1,dygkt,0.7008520404487877
353461793782294163,2083452711903133430,8573800373938698102,0,1,dygkt,0.7137353617155724
353461793782294163,6319743179241711738,8573800373938698102,0,1,dygkt,0.701951847374613
353461793782294163,8628686323660025649,300471914551172981,1,1,dygkt,0.7205879267938833
353461793782294163,4378721629787482518,300471914551172981,1,1,dygkt,0.724137442742341
353461793782294163,4813462692425748605,300471914551172981,1,1,dygkt,0.7034432765089663
353461793782294163,4644364625800006675,300471914551172981,1,1,dygkt,0.7142003069127997
353461793782294163,1062464292871659639,8573800373938698102,0,1,dygkt,0.7023585923407423
353461793782294163,5932668873100475470,300471914551172981,1,1,dygkt,0.7268487641540647
353461793782294163,5237822943399727048,8573800373938698102,0,1,dygkt,0.7044684983744905
354411700963014883,300471914551172981,300471914551172981,0,1,dygkt,0.7028749415317669
354411700963014883,8573800373938698102,8573800373938698102,0,1,dygkt,0.6676368640578058
354411700963014883,2014268979504181100,300471914551172981,1,1,dygkt,0.6942338559132072
354411700963014883,2172169907340938753,300471914551172981,0,1,dygkt,0.6948940194208222
354411700963014883,8150806168444344502,300471914551172981,0,1,dygkt,0.7079672133459274
354411700963014883,816286915455981984,8573800373938698102,0,1,dygkt,0.6978668827589709
354411700963014883,1962751598315765836,300471914551172981,1,1,dygkt,0.7106940153884643
354411700963014883,7444476343858270082,300471914551172981,0,1,dygkt,0.7130078462864773
354411700963014883,2537821716777940730,300471914551172981,1,1,dygkt,0.7134851871859096
354411700963014883,1061301253559417093,300471914551172981,0,1,dygkt,0.7024686032740151
354411700963014883,8553379303363759508,300471914551172981,0,1,dygkt,0.6979778399738154
354411700963014883,6440511557387709110,300471914551172981,0,1,dygkt,0.7123706532113054
354411700963014883,7744513373483970787,8573800373938698102,0,1,dygkt,0.6707797992590749
354411700963014883,2971078979906996375,300471914551172981,0,1,dygkt,0.7067594239796433
354411700963014883,5841359775533910823,300471914551172981,0,1,dygkt,0.6900066165340146
354411700963014883,8621262567927479011,300471914551172981,0,1,dygkt,0.7118124178994717
354411700963014883,8434961942249729798,8573800373938698102,0,1,dygkt,0.6898108069615436
354411700963014883,2322042198017538996,8573800373938698102,0,1,dygkt,0.6910163644453529
354411700963014883,1742185772413642127,300471914551172981,0,1,dygkt,0.7153105844799644
354411700963014883,2334639155148655290,8573800373938698102,0,1,dygkt,0.6946586795692022
354411700963014883,7660717256841499384,300471914551172981,0,1,dygkt,0.7234764702781967
354411700963014883,4113615466659810841,300471914551172981,0,1,dygkt,0.7147954214398247
354411700963014883,6125574002232610732,300471914551172981,0,1,dygkt,0.6948527826289086
354411700963014883,2774368076249802464,8573800373938698102,0,1,dygkt,0.6874337423143132
354411700963014883,8903365289186067945,8573800373938698102,0,1,dygkt,0.689102898769302
354411700963014883,6925932688889117475,300471914551172981,0,1,dygkt,0.725688807993312
354411700963014883,8194071366621068887,8573800373938698102,0,1,dygkt,0.6763390293874736
354411700963014883,2986660907093963186,300471914551172981,1,1,dygkt,0.7289289524661072
354411700963014883,7591109345808921544,300471914551172981,0,1,dygkt,0.7149936273661694
354411700963014883,625545550176685521,8573800373938698102,0,1,dygkt,0.6956890288147367
354411700963014883,1761868641361943332,8573800373938698102,0,1,dygkt,0.7001583774438962
354411700963014883,4824259625677886603,300471914551172981,0,1,dygkt,0.7127689977334412
354411700963014883,8450591260754163598,8573800373938698102,0,1,dygkt,0.6876426540668787
354411700963014883,1553079256999111676,300471914551172981,1,1,dygkt,0.7174839087960774
354411700963014883,3220231712819306119,8573800373938698102,1,1,dygkt,0.6916803895285722
354411700963014883,338807275221326836,300471914551172981,1,1,dygkt,0.7104540231562652
354411700963014883,8525319303741530302,8573800373938698102,0,1,dygkt,0.692177888896398
354411700963014883,6587421150596252277,300471914551172981,0,1,dygkt,0.7184684516294454
354411700963014883,5891620578387310353,300471914551172981,0,1,dygkt,0.7086101712472729
354411700963014883,5791250638486922978,300471914551172981,0,1,dygkt,0.7210967093751325
354411700963014883,4031585874086886353,8573800373938698102,0,1,dygkt,0.7008520404487877
354411700963014883,2083452711903133430,8573800373938698102,1,1,dygkt,0.7137353617155724
354411700963014883,6319743179241711738,8573800373938698102,0,1,dygkt,0.701951847374613
354411700963014883,8628686323660025649,300471914551172981,0,1,dygkt,0.7205879267938833
354411700963014883,4378721629787482518,300471914551172981,0,1,dygkt,0.724137442742341
354411700963014883,4813462692425748605,300471914551172981,1,1,dygkt,0.7034432765089663
354411700963014883,4644364625800006675,300471914551172981,1,1,dygkt,0.7142003069127997
354411700963014883,1062464292871659639,8573800373938698102,1,1,dygkt,0.7023585923407423
354411700963014883,5932668873100475470,300471914551172981,1,1,dygkt,0.7268487641540647
354411700963014883,5237822943399727048,8573800373938698102,1,1,dygkt,0.7044684983744905
391500893232447138,300471914551172981,300471914551172981,0,1,dygkt,0.7028749415317669
391500893232447138,8573800373938698102,8573800373938698102,0,1,dygkt,0.6676368640578058
391500893232447138,2014268979504181100,300471914551172981,1,1,dygkt,0.6942338559132072
391500893232447138,2172169907340938753,300471914551172981,1,1,dygkt,0.6948940194208222
391500893232447138,8150806168444344502,300471914551172981,0,1,dygkt,0.7079672133459274
391500893232447138,816286915455981984,8573800373938698102,0,1,dygkt,0.6978668827589709
391500893232447138,1962751598315765836,300471914551172981,1,1,dygkt,0.7106940153884643
391500893232447138,7444476343858270082,300471914551172981,0,1,dygkt,0.7130078462864773
391500893232447138,2537821716777940730,300471914551172981,1,1,dygkt,0.7134851871859096
391500893232447138,1061301253559417093,300471914551172981,0,1,dygkt,0.7024686032740151
391500893232447138,8553379303363759508,300471914551172981,0,1,dygkt,0.6979778399738154
391500893232447138,6440511557387709110,300471914551172981,1,1,dygkt,0.7123706532113054
391500893232447138,7744513373483970787,8573800373938698102,0,1,dygkt,0.6707797992590749
391500893232447138,2971078979906996375,300471914551172981,0,1,dygkt,0.7067594239796433
391500893232447138,5841359775533910823,300471914551172981,0,1,dygkt,0.6900066165340146
391500893232447138,8621262567927479011,300471914551172981,1,1,dygkt,0.7118124178994717
391500893232447138,8434961942249729798,8573800373938698102,0,1,dygkt,0.6898108069615436
391500893232447138,2322042198017538996,8573800373938698102,0,1,dygkt,0.6910163644453529
391500893232447138,1742185772413642127,300471914551172981,0,1,dygkt,0.7153105844799644
391500893232447138,2334639155148655290,8573800373938698102,0,1,dygkt,0.6946586795692022
391500893232447138,7660717256841499384,300471914551172981,1,1,dygkt,0.7234764702781967
391500893232447138,4113615466659810841,300471914551172981,0,1,dygkt,0.7147954214398247
391500893232447138,6125574002232610732,300471914551172981,0,1,dygkt,0.6948527826289086
391500893232447138,2774368076249802464,8573800373938698102,0,1,dygkt,0.6874337423143132
391500893232447138,8903365289186067945,8573800373938698102,0,1,dygkt,0.689102898769302
391500893232447138,6925932688889117475,300471914551172981,1,1,dygkt,0.725688807993312
391500893232447138,8194071366621068887,8573800373938698102,0,1,dygkt,0.6763390293874736
391500893232447138,2986660907093963186,300471914551172981,1,1,dygkt,0.7289289524661072
391500893232447138,7591109345808921544,300471914551172981,1,1,dygkt,0.7149936273661694
391500893232447138,625545550176685521,8573800373938698102,1,1,dygkt,0.6956890288147367
391500893232447138,1761868641361943332,8573800373938698102,1,1,dygkt,0.7001583774438962
391500893232447138,4824259625677886603,300471914551172981,0,1,dygkt,0.7127689977334412
391500893232447138,8450591260754163598,8573800373938698102,0,1,dygkt,0.6876426540668787
391500893232447138,1553079256999111676,300471914551172981,0,1,dygkt,0.7174839087960774
391500893232447138,3220231712819306119,8573800373938698102,0,1,dygkt,0.6916803895285722
391500893232447138,338807275221326836,300471914551172981,1,1,dygkt,0.7104540231562652
391500893232447138,8525319303741530302,8573800373938698102,0,1,dygkt,0.692177888896398
391500893232447138,6587421150596252277,300471914551172981,0,1,dygkt,0.7184684516294454
391500893232447138,5891620578387310353,300471914551172981,1,1,dygkt,0.7086101712472729
391500893232447138,5791250638486922978,300471914551172981,1,1,dygkt,0.7210967093751325
391500893232447138,4031585874086886353,8573800373938698102,0,1,dygkt,0.7008520404487877
391500893232447138,2083452711903133430,8573800373938698102,0,1,dygkt,0.7137353617155724
391500893232447138,6319743179241711738,8573800373938698102,0,1,dygkt,0.701951847374613
391500893232447138,8628686323660025649,300471914551172981,1,1,dygkt,0.7205879267938833
391500893232447138,4378721629787482518,300471914551172981,1,1,dygkt,0.724137442742341
391500893232447138,4813462692425748605,300471914551172981,0,1,dygkt,0.7034432765089663
391500893232447138,4644364625800006675,300471914551172981,1,1,dygkt,0.7142003069127997
391500893232447138,1062464292871659639,8573800373938698102,1,1,dygkt,0.7023585923407423
391500893232447138,5932668873100475470,300471914551172981,1,1,dygkt,0.7268487641540647
391500893232447138,5237822943399727048,8573800373938698102,0,1,dygkt,0.7044684983744905
408067404290575866,300471914551172981,300471914551172981,0,1,dygkt,0.7028749415317669
408067404290575866,8573800373938698102,8573800373938698102,0,1,dygkt,0.6676368640578058
408067404290575866,2014268979504181100,300471914551172981,1,1,dygkt,0.6942338559132072
408067404290575866,2172169907340938753,300471914551172981,0,1,dygkt,0.6948940194208222
408067404290575866,8150806168444344502,300471914551172981,1,1,dygkt,0.7079672133459274
408067404290575866,816286915455981984,8573800373938698102,1,1,dygkt,0.6978668827589709
408067404290575866,1962751598315765836,300471914551172981,1,1,dygkt,0.7106940153884643
408067404290575866,7444476343858270082,300471914551172981,1,1,dygkt,0.7130078462864773
408067404290575866,2537821716777940730,300471914551172981,1,1,dygkt,0.7134851871859096
408067404290575866,1061301253559417093,300471914551172981,1,1,dygkt,0.7024686032740151
408067404290575866,8553379303363759508,300471914551172981,1,1,dygkt,0.6979778399738154
408067404290575866,6440511557387709110,300471914551172981,1,1,dygkt,0.7123706532113054
408067404290575866,7744513373483970787,8573800373938698102,0,1,dygkt,0.6707797992590749
408067404290575866,2971078979906996375,300471914551172981,1,1,dygkt,0.7067594239796433
408067404290575866,5841359775533910823,300471914551172981,0,1,dygkt,0.6900066165340146
408067404290575866,8621262567927479011,300471914551172981,1,1,dygkt,0.7118124178994717
408067404290575866,8434961942249729798,8573800373938698102,0,1,dygkt,0.6898108069615436
408067404290575866,2322042198017538996,8573800373938698102,0,1,dygkt,0.6910163644453529
408067404290575866,1742185772413642127,300471914551172981,1,1,dygkt,0.7153105844799644
408067404290575866,2334639155148655290,8573800373938698102,1,1,dygkt,0.6946586795692022
408067404290575866,7660717256841499384,300471914551172981,1,1,dygkt,0.7234764702781967
408067404290575866,4113615466659810841,300471914551172981,1,1,dygkt,0.7147954214398247
408067404290575866,6125574002232610732,300471914551172981,1,1,dygkt,0.6948527826289086
408067404290575866,2774368076249802464,8573800373938698102,1,1,dygkt,0.6874337423143132
408067404290575866,8903365289186067945,8573800373938698102,0,1,dygkt,0.689102898769302
408067404290575866,6925932688889117475,300471914551172981,1,1,dygkt,0.725688807993312
408067404290575866,8194071366621068887,8573800373938698102,0,1,dygkt,0.6763390293874736
408067404290575866,2986660907093963186,300471914551172981,1,1,dygkt,0.7289289524661072
408067404290575866,7591109345808921544,300471914551172981,1,1,dygkt,0.7149936273661694
408067404290575866,625545550176685521,8573800373938698102,0,1,dygkt,0.6956890288147367
408067404290575866,1761868641361943332,8573800373938698102,1,1,dygkt,0.7001583774438962
408067404290575866,4824259625677886603,300471914551172981,1,1,dygkt,0.7127689977334412
408067404290575866,8450591260754163598,8573800373938698102,0,1,dygkt,0.6876426540668787
408067404290575866,1553079256999111676,300471914551172981,1,1,dygkt,0.7174839087960774
408067404290575866,3220231712819306119,8573800373938698102,0,1,dygkt,0.6916803895285722
408067404290575866,338807275221326836,300471914551172981,1,1,dygkt,0.7104540231562652
408067404290575866,8525319303741530302,8573800373938698102,0,1,dygkt,0.692177888896398
408067404290575866,6587421150596252277,300471914551172981,1,1,dygkt,0.7184684516294454
408067404290575866,5891620578387310353,300471914551172981,1,1,dygkt,0.7086101712472729
408067404290575866,5791250638486922978,300471914551172981,1,1,dygkt,0.7210967093751325
408067404290575866,4031585874086886353,8573800373938698102,0,1,dygkt,0.7008520404487877
408067404290575866,2083452711903133430,8573800373938698102,0,1,dygkt,0.7137353617155724
408067404290575866,6319743179241711738,8573800373938698102,0,1,dygkt,0.701951847374613
408067404290575866,8628686323660025649,300471914551172981,1,1,dygkt,0.7205879267938833
408067404290575866,4378721629787482518,300471914551172981,1,1,dygkt,0.724137442742341
408067404290575866,4813462692425748605,300471914551172981,1,1,dygkt,0.7034432765089663
408067404290575866,4644364625800006675,300471914551172981,1,1,dygkt,0.7142003069127997
408067404290575866,1062464292871659639,8573800373938698102,1,1,dygkt,0.7023585923407423
408067404290575866,5932668873100475470,300471914551172981,1,1,dygkt,0.7268487641540647
408067404290575866,5237822943399727048,8573800373938698102,0,1,dygkt,0.7044684983744905
467689940266541525,300471914551172981,300471914551172981,1,1,dygkt,0.7028749415317669
467689940266541525,8573800373938698102,8573800373938698102,1,1,dygkt,0.6676368640578058
467689940266541525,2014268979504181100,300471914551172981,1,1,dygkt,0.6942338559132072
467689940266541525,2172169907340938753,300471914551172981,1,1,dygkt,0.6948940194208222
467689940266541525,8150806168444344502,300471914551172981,1,1,dygkt,0.7079672133459274
467689940266541525,816286915455981984,8573800373938698102,1,1,dygkt,0.6978668827589709
467689940266541525,1962751598315765836,300471914551172981,1,1,dygkt,0.7106940153884643
467689940266541525,7444476343858270082,300471914551172981,1,1,dygkt,0.7130078462864773
467689940266541525,2537821716777940730,300471914551172981,1,1,dygkt,0.7134851871859096
467689940266541525,1061301253559417093,300471914551172981,1,1,dygkt,0.7024686032740151
467689940266541525,8553379303363759508,300471914551172981,1,1,dygkt,0.6979778399738154
467689940266541525,6440511557387709110,300471914551172981,1,1,dygkt,0.7123706532113054
467689940266541525,7744513373483970787,8573800373938698102,1,1,dygkt,0.6707797992590749
467689940266541525,2971078979906996375,300471914551172981,1,1,dygkt,0.7067594239796433
467689940266541525,5841359775533910823,300471914551172981,1,1,dygkt,0.6900066165340146
467689940266541525,8621262567927479011,300471914551172981,1,1,dygkt,0.7118124178994717
467689940266541525,8434961942249729798,8573800373938698102,1,1,dygkt,0.6898108069615436
467689940266541525,2322042198017538996,8573800373938698102,1,1,dygkt,0.6910163644453529
467689940266541525,1742185772413642127,300471914551172981,1,1,dygkt,0.7153105844799644
467689940266541525,2334639155148655290,8573800373938698102,1,1,dygkt,0.6946586795692022
467689940266541525,7660717256841499384,300471914551172981,1,1,dygkt,0.7234764702781967
467689940266541525,4113615466659810841,300471914551172981,1,1,dygkt,0.7147954214398247
467689940266541525,6125574002232610732,300471914551172981,1,1,dygkt,0.6948527826289086
467689940266541525,2774368076249802464,8573800373938698102,1,1,dygkt,0.6874337423143132
467689940266541525,8903365289186067945,8573800373938698102,1,1,dygkt,0.689102898769302
467689940266541525,6925932688889117475,300471914551172981,1,1,dygkt,0.725688807993312
467689940266541525,8194071366621068887,8573800373938698102,1,1,dygkt,0.6763390293874736
467689940266541525,2986660907093963186,300471914551172981,1,1,dygkt,0.7289289524661072
467689940266541525,7591109345808921544,300471914551172981,1,1,dygkt,0.7149936273661694
467689940266541525,625545550176685521,8573800373938698102,1,1,dygkt,0.6956890288147367
467689940266541525,1761868641361943332,8573800373938698102,1,1,dygkt,0.7001583774438962
467689940266541525,4824259625677886603,300471914551172981,1,1,dygkt,0.7127689977334412
467689940266541525,8450591260754163598,8573800373938698102,1,1,dygkt,0.6876426540668787
467689940266541525,1553079256999111676,300471914551172981,1,1,dygkt,0.7174839087960774
467689940266541525,3220231712819306119,8573800373938698102,1,1,dygkt,0.6916803895285722
467689940266541525,338807275221326836,300471914551172981,1,1,dygkt,0.7104540231562652
467689940266541525,8525319303741530302,8573800373938698102,1,1,dygkt,0.692177888896398
467689940266541525,6587421150596252277,300471914551172981,1,1,dygkt,0.7184684516294454
467689940266541525,5891620578387310353,300471914551172981,1,1,dygkt,0.7086101712472729
467689940266541525,5791250638486922978,300471914551172981,1,1,dygkt,0.7210967093751325
467689940266541525,4031585874086886353,8573800373938698102,1,1,dygkt,0.7008520404487877
467689940266541525,2083452711903133430,8573800373938698102,1,1,dygkt,0.7137353617155724
467689940266541525,6319743179241711738,8573800373938698102,1,1,dygkt,0.701951847374613
467689940266541525,8628686323660025649,300471914551172981,1,1,dygkt,0.7205879267938833
467689940266541525,4378721629787482518,300471914551172981,1,1,dygkt,0.724137442742341
467689940266541525,4813462692425748605,300471914551172981,1,1,dygkt,0.7034432765089663
467689940266541525,4644364625800006675,300471914551172981,1,1,dygkt,0.7142003069127997
467689940266541525,1062464292871659639,8573800373938698102,1,1,dygkt,0.7023585923407423
467689940266541525,5932668873100475470,300471914551172981,1,1,dygkt,0.7268487641540647
467689940266541525,5237822943399727048,8573800373938698102,1,1,dygkt,0.7044684983744905
473886315334742569,300471914551172981,300471914551172981,0,1,dygkt,0.7028749415317669
473886315334742569,8573800373938698102,8573800373938698102,0,1,dygkt,0.6676368640578058
473886315334742569,2014268979504181100,300471914551172981,0,1,dygkt,0.6942338559132072
473886315334742569,2172169907340938753,300471914551172981,0,1,dygkt,0.6948940194208222
473886315334742569,8150806168444344502,300471914551172981,1,1,dygkt,0.7079672133459274
473886315334742569,816286915455981984,8573800373938698102,1,1,dygkt,0.6978668827589709
473886315334742569,1962751598315765836,300471914551172981,0,1,dygkt,0.7106940153884643
473886315334742569,7444476343858270082,300471914551172981,1,1,dygkt,0.7130078462864773
473886315334742569,2537821716777940730,300471914551172981,1,1,dygkt,0.7134851871859096
473886315334742569,1061301253559417093,300471914551172981,1,1,dygkt,0.7024686032740151
473886315334742569,8553379303363759508,300471914551172981,0,1,dygkt,0.6979778399738154
473886315334742569,6440511557387709110,300471914551172981,0,1,dygkt,0.7123706532113054
473886315334742569,7744513373483970787,8573800373938698102,0,1,dygkt,0.6707797992590749
473886315334742569,2971078979906996375,300471914551172981,1,1,dygkt,0.7067594239796433
473886315334742569,5841359775533910823,300471914551172981,0,1,dygkt,0.6900066165340146
473886315334742569,8621262567927479011,300471914551172981,0,1,dygkt,0.7118124178994717
473886315334742569,8434961942249729798,8573800373938698102,1,1,dygkt,0.6898108069615436
473886315334742569,2322042198017538996,8573800373938698102,1,1,dygkt,0.6910163644453529
473886315334742569,1742185772413642127,300471914551172981,1,1,dygkt,0.7153105844799644
473886315334742569,2334639155148655290,8573800373938698102,1,1,dygkt,0.6946586795692022
473886315334742569,7660717256841499384,300471914551172981,1,1,dygkt,0.7234764702781967
473886315334742569,4113615466659810841,300471914551172981,1,1,dygkt,0.7147954214398247
473886315334742569,6125574002232610732,300471914551172981,1,1,dygkt,0.6948527826289086
473886315334742569,2774368076249802464,8573800373938698102,1,1,dygkt,0.6874337423143132
473886315334742569,8903365289186067945,8573800373938698102,1,1,dygkt,0.689102898769302
473886315334742569,6925932688889117475,300471914551172981,1,1,dygkt,0.725688807993312
473886315334742569,8194071366621068887,8573800373938698102,1,1,dygkt,0.6763390293874736
473886315334742569,2986660907093963186,300471914551172981,1,1,dygkt,0.7289289524661072
473886315334742569,7591109345808921544,300471914551172981,0,1,dygkt,0.7149936273661694
473886315334742569,625545550176685521,8573800373938698102,1,1,dygkt,0.6956890288147367
473886315334742569,1761868641361943332,8573800373938698102,1,1,dygkt,0.7001583774438962
473886315334742569,4824259625677886603,300471914551172981,1,1,dygkt,0.7127689977334412
473886315334742569,8450591260754163598,8573800373938698102,1,1,dygkt,0.6876426540668787
473886315334742569,1553079256999111676,300471914551172981,1,1,dygkt,0.7174839087960774
473886315334742569,3220231712819306119,8573800373938698102,1,1,dygkt,0.6916803895285722
473886315334742569,338807275221326836,300471914551172981,1,1,dygkt,0.7104540231562652
473886315334742569,8525319303741530302,8573800373938698102,1,1,dygkt,0.692177888896398
473886315334742569,6587421150596252277,300471914551172981,0,1,dygkt,0.7184684516294454
473886315334742569,5891620578387310353,300471914551172981,1,1,dygkt,0.7086101712472729
473886315334742569,5791250638486922978,300471914551172981,1,1,dygkt,0.7210967093751325
473886315334742569,4031585874086886353,8573800373938698102,1,1,dygkt,0.7008520404487877
473886315334742569,2083452711903133430,8573800373938698102,1,1,dygkt,0.7137353617155724
473886315334742569,6319743179241711738,8573800373938698102,1,1,dygkt,0.701951847374613
473886315334742569,8628686323660025649,300471914551172981,1,1,dygkt,0.7205879267938833
473886315334742569,4378721629787482518,300471914551172981,1,1,dygkt,0.724137442742341
473886315334742569,4813462692425748605,300471914551172981,0,1,dygkt,0.7034432765089663
473886315334742569,4644364625800006675,300471914551172981,0,1,dygkt,0.7142003069127997
473886315334742569,1062464292871659639,8573800373938698102,1,1,dygkt,0.7023585923407423
473886315334742569,5932668873100475470,300471914551172981,1,1,dygkt,0.7268487641540647
473886315334742569,5237822943399727048,8573800373938698102,1,1,dygkt,0.7044684983744905
474633159280968256,300471914551172981,300471914551172981,0,1,dygkt,0.7028749415317669
474633159280968256,8573800373938698102,8573800373938698102,0,1,dygkt,0.6676368640578058
474633159280968256,2014268979504181100,300471914551172981,0,1,dygkt,0.6942338559132072
474633159280968256,2172169907340938753,300471914551172981,0,1,dygkt,0.6948940194208222
474633159280968256,8150806168444344502,300471914551172981,0,1,dygkt,0.7079672133459274
474633159280968256,816286915455981984,8573800373938698102,0,1,dygkt,0.6978668827589709
474633159280968256,1962751598315765836,300471914551172981,0,1,dygkt,0.7106940153884643
474633159280968256,7444476343858270082,300471914551172981,1,1,dygkt,0.7130078462864773
474633159280968256,2537821716777940730,300471914551172981,1,1,dygkt,0.7134851871859096
474633159280968256,1061301253559417093,300471914551172981,0,1,dygkt,0.7024686032740151
474633159280968256,8553379303363759508,300471914551172981,0,1,dygkt,0.6979778399738154
474633159280968256,6440511557387709110,300471914551172981,0,1,dygkt,0.7123706532113054
474633159280968256,7744513373483970787,8573800373938698102,0,1,dygkt,0.6707797992590749
474633159280968256,2971078979906996375,300471914551172981,0,1,dygkt,0.7067594239796433
474633159280968256,5841359775533910823,300471914551172981,0,1,dygkt,0.6900066165340146
474633159280968256,8621262567927479011,300471914551172981,1,1,dygkt,0.7118124178994717
474633159280968256,8434961942249729798,8573800373938698102,0,1,dygkt,0.6898108069615436
474633159280968256,2322042198017538996,8573800373938698102,0,1,dygkt,0.6910163644453529
474633159280968256,1742185772413642127,300471914551172981,1,1,dygkt,0.7153105844799644
474633159280968256,2334639155148655290,8573800373938698102,0,1,dygkt,0.6946586795692022
474633159280968256,7660717256841499384,300471914551172981,0,1,dygkt,0.7234764702781967
474633159280968256,4113615466659810841,300471914551172981,1,1,dygkt,0.7147954214398247
474633159280968256,6125574002232610732,300471914551172981,0,1,dygkt,0.6948527826289086
474633159280968256,2774368076249802464,8573800373938698102,0,1,dygkt,0.6874337423143132
474633159280968256,8903365289186067945,8573800373938698102,1,1,dygkt,0.689102898769302
474633159280968256,6925932688889117475,300471914551172981,1,1,dygkt,0.725688807993312
474633159280968256,8194071366621068887,8573800373938698102,0,1,dygkt,0.6763390293874736
474633159280968256,2986660907093963186,300471914551172981,0,1,dygkt,0.7289289524661072
474633159280968256,7591109345808921544,300471914551172981,0,1,dygkt,0.7149936273661694
474633159280968256,625545550176685521,8573800373938698102,1,1,dygkt,0.6956890288147367
474633159280968256,1761868641361943332,8573800373938698102,0,1,dygkt,0.7001583774438962
474633159280968256,4824259625677886603,300471914551172981,1,1,dygkt,0.7127689977334412
474633159280968256,8450591260754163598,8573800373938698102,0,1,dygkt,0.6876426540668787
474633159280968256,1553079256999111676,300471914551172981,0,1,dygkt,0.7174839087960774
474633159280968256,3220231712819306119,8573800373938698102,0,1,dygkt,0.6916803895285722
474633159280968256,338807275221326836,300471914551172981,0,1,dygkt,0.7104540231562652
474633159280968256,8525319303741530302,8573800373938698102,1,1,dygkt,0.692177888896398
474633159280968256,6587421150596252277,300471914551172981,1,1,dygkt,0.7184684516294454
474633159280968256,5891620578387310353,300471914551172981,1,1,dygkt,0.7086101712472729
474633159280968256,5791250638486922978,300471914551172981,1,1,dygkt,0.7210967093751325
474633159280968256,4031585874086886353,8573800373938698102,0,1,dygkt,0.7008520404487877
474633159280968256,2083452711903133430,8573800373938698102,1,1,dygkt,0.7137353617155724
474633159280968256,6319743179241711738,8573800373938698102,1,1,dygkt,0.701951847374613
474633159280968256,8628686323660025649,300471914551172981,0,1,dygkt,0.7205879267938833
474633159280968256,4378721629787482518,300471914551172981,1,1,dygkt,0.724137442742341
474633159280968256,4813462692425748605,300471914551172981,0,1,dygkt,0.7034432765089663
474633159280968256,4644364625800006675,300471914551172981,1,1,dygkt,0.7142003069127997
474633159280968256,1062464292871659639,8573800373938698102,1,1,dygkt,0.7023585923407423
474633159280968256,5932668873100475470,300471914551172981,0,1,dygkt,0.7268487641540647
474633159280968256,5237822943399727048,8573800373938698102,1,1,dygkt,0.7044684983744905
494021745820447907,300471914551172981,300471914551172981,0,1,dygkt,0.7028749415317669
494021745820447907,8573800373938698102,8573800373938698102,0,1,dygkt,0.6676368640578058
494021745820447907,2014268979504181100,300471914551172981,0,1,dygkt,0.6942338559132072
494021745820447907,2172169907340938753,300471914551172981,0,1,dygkt,0.6948940194208222
494021745820447907,8150806168444344502,300471914551172981,0,1,dygkt,0.7079672133459274
494021745820447907,816286915455981984,8573800373938698102,1,1,dygkt,0.6978668827589709
494021745820447907,1962751598315765836,300471914551172981,1,1,dygkt,0.7106940153884643
494021745820447907,7444476343858270082,300471914551172981,1,1,dygkt,0.7130078462864773
494021745820447907,2537821716777940730,300471914551172981,0,1,dygkt,0.7134851871859096
494021745820447907,1061301253559417093,300471914551172981,1,1,dygkt,0.7024686032740151
494021745820447907,8553379303363759508,300471914551172981,0,1,dygkt,0.6979778399738154
494021745820447907,6440511557387709110,300471914551172981,0,1,dygkt,0.7123706532113054
494021745820447907,7744513373483970787,8573800373938698102,0,1,dygkt,0.6707797992590749
494021745820447907,2971078979906996375,300471914551172981,0,1,dygkt,0.7067594239796433
494021745820447907,5841359775533910823,300471914551172981,0,1,dygkt,0.6900066165340146
494021745820447907,8621262567927479011,300471914551172981,0,1,dygkt,0.7118124178994717
494021745820447907,8434961942249729798,8573800373938698102,1,1,dygkt,0.6898108069615436
494021745820447907,2322042198017538996,8573800373938698102,1,1,dygkt,0.6910163644453529
494021745820447907,1742185772413642127,300471914551172981,0,1,dygkt,0.7153105844799644
494021745820447907,2334639155148655290,8573800373938698102,1,1,dygkt,0.6946586795692022
494021745820447907,7660717256841499384,300471914551172981,0,1,dygkt,0.7234764702781967
494021745820447907,4113615466659810841,300471914551172981,0,1,dygkt,0.7147954214398247
494021745820447907,6125574002232610732,300471914551172981,1,1,dygkt,0.6948527826289086
494021745820447907,2774368076249802464,8573800373938698102,1,1,dygkt,0.6874337423143132
494021745820447907,8903365289186067945,8573800373938698102,1,1,dygkt,0.689102898769302
494021745820447907,6925932688889117475,300471914551172981,0,1,dygkt,0.725688807993312
494021745820447907,8194071366621068887,8573800373938698102,0,1,dygkt,0.6763390293874736
494021745820447907,2986660907093963186,300471914551172981,0,1,dygkt,0.7289289524661072
494021745820447907,7591109345808921544,300471914551172981,0,1,dygkt,0.7149936273661694
494021745820447907,625545550176685521,8573800373938698102,1,1,dygkt,0.6956890288147367
494021745820447907,1761868641361943332,8573800373938698102,1,1,dygkt,0.7001583774438962
494021745820447907,4824259625677886603,300471914551172981,0,1,dygkt,0.7127689977334412
494021745820447907,8450591260754163598,8573800373938698102,1,1,dygkt,0.6876426540668787
494021745820447907,1553079256999111676,300471914551172981,0,1,dygkt,0.7174839087960774
494021745820447907,3220231712819306119,8573800373938698102,1,1,dygkt,0.6916803895285722
494021745820447907,338807275221326836,300471914551172981,0,1,dygkt,0.7104540231562652
494021745820447907,8525319303741530302,8573800373938698102,0,1,dygkt,0.692177888896398
494021745820447907,6587421150596252277,300471914551172981,0,1,dygkt,0.7184684516294454
494021745820447907,5891620578387310353,300471914551172981,0,1,dygkt,0.7086101712472729
494021745820447907,5791250638486922978,300471914551172981,0,1,dygkt,0.7210967093751325
494021745820447907,4031585874086886353,8573800373938698102,1,1,dygkt,0.7008520404487877
494021745820447907,2083452711903133430,8573800373938698102,0,1,dygkt,0.7137353617155724
494021745820447907,6319743179241711738,8573800373938698102,1,1,dygkt,0.701951847374613
494021745820447907,8628686323660025649,300471914551172981,0,1,dygkt,0.7205879267938833
494021745820447907,4378721629787482518,300471914551172981,0,1,dygkt,0.724137442742341
494021745820447907,4813462692425748605,300471914551172981,0,1,dygkt,0.7034432765089663
494021745820447907,4644364625800006675,300471914551172981,1,1,dygkt,0.7142003069127997
494021745820447907,1062464292871659639,8573800373938698102,1,1,dygkt,0.7023585923407423
494021745820447907,5932668873100475470,300471914551172981,0,1,dygkt,0.7268487641540647
494021745820447907,5237822943399727048,8573800373938698102,1,1,dygkt,0.7044684983744905
513429567782826768,300471914551172981,300471914551172981,1,1,dygkt,0.7028749415317669
513429567782826768,8573800373938698102,8573800373938698102,1,1,dygkt,0.6676368640578058
513429567782826768,2014268979504181100,300471914551172981,0,1,dygkt,0.6942338559132072
513429567782826768,2172169907340938753,300471914551172981,0,1,dygkt,0.6948940194208222
513429567782826768,8150806168444344502,300471914551172981,1,1,dygkt,0.7079672133459274
513429567782826768,816286915455981984,8573800373938698102,1,1,dygkt,0.6978668827589709
513429567782826768,1962751598315765836,300471914551172981,0,1,dygkt,0.7106940153884643
513429567782826768,7444476343858270082,300471914551172981,0,1,dygkt,0.7130078462864773
513429567782826768,2537821716777940730,300471914551172981,0,1,dygkt,0.7134851871859096
513429567782826768,1061301253559417093,300471914551172981,1,1,dygkt,0.7024686032740151
513429567782826768,8553379303363759508,300471914551172981,1,1,dygkt,0.6979778399738154
513429567782826768,6440511557387709110,300471914551172981,0,1,dygkt,0.7123706532113054
513429567782826768,7744513373483970787,8573800373938698102,1,1,dygkt,0.6707797992590749
513429567782826768,2971078979906996375,300471914551172981,0,1,dygkt,0.7067594239796433
513429567782826768,5841359775533910823,300471914551172981,0,1,dygkt,0.6900066165340146
513429567782826768,8621262567927479011,300471914551172981,0,1,dygkt,0.7118124178994717
513429567782826768,8434961942249729798,8573800373938698102,1,1,dygkt,0.6898108069615436
513429567782826768,2322042198017538996,8573800373938698102,1,1,dygkt,0.6910163644453529
513429567782826768,1742185772413642127,300471914551172981,1,1,dygkt,0.7153105844799644
513429567782826768,2334639155148655290,8573800373938698102,1,1,dygkt,0.6946586795692022
513429567782826768,7660717256841499384,300471914551172981,0,1,dygkt,0.7234764702781967
513429567782826768,4113615466659810841,300471914551172981,0,1,dygkt,0.7147954214398247
513429567782826768,6125574002232610732,300471914551172981,0,1,dygkt,0.6948527826289086
513429567782826768,2774368076249802464,8573800373938698102,1,1,dygkt,0.6874337423143132
513429567782826768,8903365289186067945,8573800373938698102,1,1,dygkt,0.689102898769302
513429567782826768,6925932688889117475,300471914551172981,0,1,dygkt,0.725688807993312
513429567782826768,8194071366621068887,8573800373938698102,1,1,dygkt,0.6763390293874736
513429567782826768,2986660907093963186,300471914551172981,0,1,dygkt,0.7289289524661072
513429567782826768,7591109345808921544,300471914551172981,0,1,dygkt,0.7149936273661694
513429567782826768,625545550176685521,8573800373938698102,1,1,dygkt,0.6956890288147367
513429567782826768,1761868641361943332,8573800373938698102,1,1,dygkt,0.7001583774438962
513429567782826768,4824259625677886603,300471914551172981,0,1,dygkt,0.7127689977334412
513429567782826768,8450591260754163598,8573800373938698102,1,1,dygkt,0.6876426540668787
513429567782826768,1553079256999111676,300471914551172981,0,1,dygkt,0.7174839087960774
513429567782826768,3220231712819306119,8573800373938698102,1,1,dygkt,0.6916803895285722
513429567782826768,338807275221326836,300471914551172981,0,1,dygkt,0.7104540231562652
513429567782826768,8525319303741530302,8573800373938698102,1,1,dygkt,0.692177888896398
513429567782826768,6587421150596252277,300471914551172981,0,1,dygkt,0.7184684516294454
513429567782826768,5891620578387310353,300471914551172981,0,1,dygkt,0.7086101712472729
513429567782826768,5791250638486922978,300471914551172981,0,1,dygkt,0.7210967093751325
513429567782826768,4031585874086886353,8573800373938698102,1,1,dygkt,0.7008520404487877
513429567782826768,2083452711903133430,8573800373938698102,1,1,dygkt,0.7137353617155724
513429567782826768,6319743179241711738,8573800373938698102,1,1,dygkt,0.701951847374613
513429567782826768,8628686323660025649,300471914551172981,0,1,dygkt,0.7205879267938833
513429567782826768,4378721629787482518,300471914551172981,0,1,dygkt,0.724137442742341
513429567782826768,4813462692425748605,300471914551172981,0,1,dygkt,0.7034432765089663
513429567782826768,4644364625800006675,300471914551172981,0,1,dygkt,0.7142003069127997
513429567782826768,1062464292871659639,8573800373938698102,1,1,dygkt,0.7023585923407423
513429567782826768,5932668873100475470,300471914551172981,0,1,dygkt,0.7268487641540647
513429567782826768,5237822943399727048,8573800373938698102,1,1,dygkt,0.7044684983744905
540704142965175174,300471914551172981,300471914551172981,1,1,dygkt,0.7028749415317669
540704142965175174,8573800373938698102,8573800373938698102,0,1,dygkt,0.6676368640578058
540704142965175174,2014268979504181100,300471914551172981,1,1,dygkt,0.6942338559132072
540704142965175174,2172169907340938753,300471914551172981,1,1,dygkt,0.6948940194208222
540704142965175174,8150806168444344502,300471914551172981,1,1,dygkt,0.7079672133459274
540704142965175174,816286915455981984,8573800373938698102,1,1,dygkt,0.6978668827589709
540704142965175174,1962751598315765836,300471914551172981,1,1,dygkt,0.7106940153884643
540704142965175174,7444476343858270082,300471914551172981,1,1,dygkt,0.7130078462864773
540704142965175174,2537821716777940730,300471914551172981,1,1,dygkt,0.7134851871859096
540704142965175174,1061301253559417093,300471914551172981,0,1,dygkt,0.7024686032740151
540704142965175174,8553379303363759508,300471914551172981,0,1,dygkt,0.6979778399738154
540704142965175174,6440511557387709110,300471914551172981,1,1,dygkt,0.7123706532113054
540704142965175174,7744513373483970787,8573800373938698102,0,1,dygkt,0.6707797992590749
540704142965175174,2971078979906996375,300471914551172981,1,1,dygkt,0.7067594239796433
540704142965175174,5841359775533910823,300471914551172981,1,1,dygkt,0.6900066165340146
540704142965175174,8621262567927479011,300471914551172981,1,1,dygkt,0.7118124178994717
540704142965175174,8434961942249729798,8573800373938698102,1,1,dygkt,0.6898108069615436
540704142965175174,2322042198017538996,8573800373938698102,0,1,dygkt,0.6910163644453529
540704142965175174,1742185772413642127,300471914551172981,1,1,dygkt,0.7153105844799644
540704142965175174,2334639155148655290,8573800373938698102,1,1,dygkt,0.6946586795692022
540704142965175174,7660717256841499384,300471914551172981,1,1,dygkt,0.7234764702781967
540704142965175174,4113615466659810841,300471914551172981,1,1,dygkt,0.7147954214398247
540704142965175174,6125574002232610732,300471914551172981,0,1,dygkt,0.6948527826289086
540704142965175174,2774368076249802464,8573800373938698102,1,1,dygkt,0.6874337423143132
540704142965175174,8903365289186067945,8573800373938698102,1,1,dygkt,0.689102898769302
540704142965175174,6925932688889117475,300471914551172981,1,1,dygkt,0.725688807993312
540704142965175174,8194071366621068887,8573800373938698102,1,1,dygkt,0.6763390293874736
540704142965175174,2986660907093963186,300471914551172981,1,1,dygkt,0.7289289524661072
540704142965175174,7591109345808921544,300471914551172981,1,1,dygkt,0.7149936273661694
540704142965175174,625545550176685521,8573800373938698102,1,1,dygkt,0.6956890288147367
540704142965175174,1761868641361943332,8573800373938698102,1,1,dygkt,0.7001583774438962
540704142965175174,4824259625677886603,300471914551172981,1,1,dygkt,0.7127689977334412
540704142965175174,8450591260754163598,8573800373938698102,0,1,dygkt,0.6876426540668787
540704142965175174,1553079256999111676,300471914551172981,1,1,dygkt,0.7174839087960774
540704142965175174,3220231712819306119,8573800373938698102,0,1,dygkt,0.6916803895285722
540704142965175174,338807275221326836,300471914551172981,1,1,dygkt,0.7104540231562652
540704142965175174,8525319303741530302,8573800373938698102,1,1,dygkt,0.692177888896398
540704142965175174,6587421150596252277,300471914551172981,1,1,dygkt,0.7184684516294454
540704142965175174,5891620578387310353,300471914551172981,1,1,dygkt,0.7086101712472729
540704142965175174,5791250638486922978,300471914551172981,1,1,dygkt,0.7210967093751325
540704142965175174,4031585874086886353,8573800373938698102,1,1,dygkt,0.7008520404487877
540704142965175174,2083452711903133430,8573800373938698102,1,1,dygkt,0.7137353617155724
540704142965175174,6319743179241711738,8573800373938698102,1,1,dygkt,0.701951847374613
540704142965175174,8628686323660025649,300471914551172981,1,1,dygkt,0.7205879267938833
540704142965175174,4378721629787482518,300471914551172981,1,1,dygkt,0.724137442742341
540704142965175174,4813462692425748605,300471914551172981,1,1,dygkt,0.7034432765089663
540704142965175174,4644364625800006675,300471914551172981,0,1,dygkt,0.7142003069127997
540704142965175174,1062464292871659639,8573800373938698102,1,1,dygkt,0.7023585923407423
540704142965175174,5932668873100475470,300471914551172981,1,1,dygkt,0.7268487641540647
540704142965175174,5237822943399727048,8573800373938698102,1,1,dygkt,0.7044684983744905
545945498259535928,300471914551172981,300471914551172981,1,1,dygkt,0.7028749415317669
545945498259535928,8573800373938698102,8573800373938698102,1,1,dygkt,0.6676368640578058
545945498259535928,2014268979504181100,300471914551172981,1,1,dygkt,0.6942338559132072
545945498259535928,2172169907340938753,300471914551172981,1,1,dygkt,0.6948940194208222
545945498259535928,8150806168444344502,300471914551172981,1,1,dygkt,0.7079672133459274
545945498259535928,816286915455981984,8573800373938698102,1,1,dygkt,0.6978668827589709
545945498259535928,1962751598315765836,300471914551172981,1,1,dygkt,0.7106940153884643
545945498259535928,7444476343858270082,300471914551172981,1,1,dygkt,0.7130078462864773
545945498259535928,2537821716777940730,300471914551172981,1,1,dygkt,0.7134851871859096
545945498259535928,1061301253559417093,300471914551172981,1,1,dygkt,0.7024686032740151
545945498259535928,8553379303363759508,300471914551172981,0,1,dygkt,0.6979778399738154
545945498259535928,6440511557387709110,300471914551172981,1,1,dygkt,0.7123706532113054
545945498259535928,7744513373483970787,8573800373938698102,1,1,dygkt,0.6707797992590749
545945498259535928,2971078979906996375,300471914551172981,1,1,dygkt,0.7067594239796433
545945498259535928,5841359775533910823,300471914551172981,1,1,dygkt,0.6900066165340146
545945498259535928,8621262567927479011,300471914551172981,0,1,dygkt,0.7118124178994717
545945498259535928,8434961942249729798,8573800373938698102,1,1,dygkt,0.6898108069615436
545945498259535928,2322042198017538996,8573800373938698102,1,1,dygkt,0.6910163644453529
545945498259535928,1742185772413642127,300471914551172981,1,1,dygkt,0.7153105844799644
545945498259535928,2334639155148655290,8573800373938698102,1,1,dygkt,0.6946586795692022
545945498259535928,7660717256841499384,300471914551172981,1,1,dygkt,0.7234764702781967
545945498259535928,4113615466659810841,300471914551172981,1,1,dygkt,0.7147954214398247
545945498259535928,6125574002232610732,300471914551172981,1,1,dygkt,0.6948527826289086
545945498259535928,2774368076249802464,8573800373938698102,1,1,dygkt,0.6874337423143132
545945498259535928,8903365289186067945,8573800373938698102,1,1,dygkt,0.689102898769302
545945498259535928,6925932688889117475,300471914551172981,1,1,dygkt,0.725688807993312
545945498259535928,8194071366621068887,8573800373938698102,1,1,dygkt,0.6763390293874736
545945498259535928,2986660907093963186,300471914551172981,1,1,dygkt,0.7289289524661072
545945498259535928,7591109345808921544,300471914551172981,1,1,dygkt,0.7149936273661694
545945498259535928,625545550176685521,8573800373938698102,1,1,dygkt,0.6956890288147367
545945498259535928,1761868641361943332,8573800373938698102,1,1,dygkt,0.7001583774438962
545945498259535928,4824259625677886603,300471914551172981,0,1,dygkt,0.7127689977334412
545945498259535928,8450591260754163598,8573800373938698102,1,1,dygkt,0.6876426540668787
545945498259535928,1553079256999111676,300471914551172981,1,1,dygkt,0.7174839087960774
545945498259535928,3220231712819306119,8573800373938698102,1,1,dygkt,0.6916803895285722
545945498259535928,338807275221326836,300471914551172981,1,1,dygkt,0.7104540231562652
545945498259535928,8525319303741530302,8573800373938698102,1,1,dygkt,0.692177888896398
545945498259535928,6587421150596252277,300471914551172981,1,1,dygkt,0.7184684516294454
545945498259535928,5891620578387310353,300471914551172981,1,1,dygkt,0.7086101712472729
545945498259535928,5791250638486922978,300471914551172981,1,1,dygkt,0.7210967093751325
545945498259535928,4031585874086886353,8573800373938698102,1,1,dygkt,0.7008520404487877
545945498259535928,2083452711903133430,8573800373938698102,1,1,dygkt,0.7137353617155724
545945498259535928,6319743179241711738,8573800373938698102,1,1,dygkt,0.701951847374613
545945498259535928,8628686323660025649,300471914551172981,1,1,dygkt,0.7205879267938833
545945498259535928,4378721629787482518,300471914551172981,1,1,dygkt,0.724137442742341
545945498259535928,4813462692425748605,300471914551172981,1,1,dygkt,0.7034432765089663
545945498259535928,4644364625800006675,300471914551172981,1,1,dygkt,0.7142003069127997
545945498259535928,1062464292871659639,8573800373938698102,1,1,dygkt,0.7023585923407423
545945498259535928,5932668873100475470,300471914551172981,1,1,dygkt,0.7268487641540647
545945498259535928,5237822943399727048,8573800373938698102,1,1,dygkt,0.7044684983744905
555625984027262014,300471914551172981,300471914551172981,0,1,dygkt,0.7028749415317669
555625984027262014,8573800373938698102,8573800373938698102,1,1,dygkt,0.6676368640578058
555625984027262014,2014268979504181100,300471914551172981,0,1,dygkt,0.6942338559132072
555625984027262014,2172169907340938753,300471914551172981,0,1,dygkt,0.6948940194208222
555625984027262014,8150806168444344502,300471914551172981,0,1,dygkt,0.7079672133459274
555625984027262014,816286915455981984,8573800373938698102,1,1,dygkt,0.6978668827589709
555625984027262014,1962751598315765836,300471914551172981,0,1,dygkt,0.7106940153884643
555625984027262014,7444476343858270082,300471914551172981,1,1,dygkt,0.7130078462864773
555625984027262014,2537821716777940730,300471914551172981,1,1,dygkt,0.7134851871859096
555625984027262014,1061301253559417093,300471914551172981,1,1,dygkt,0.7024686032740151
555625984027262014,8553379303363759508,300471914551172981,0,1,dygkt,0.6979778399738154
555625984027262014,6440511557387709110,300471914551172981,0,1,dygkt,0.7123706532113054
555625984027262014,7744513373483970787,8573800373938698102,0,1,dygkt,0.6707797992590749
555625984027262014,2971078979906996375,300471914551172981,1,1,dygkt,0.7067594239796433
555625984027262014,5841359775533910823,300471914551172981,0,1,dygkt,0.6900066165340146
555625984027262014,8621262567927479011,300471914551172981,0,1,dygkt,0.7118124178994717
555625984027262014,8434961942249729798,8573800373938698102,0,1,dygkt,0.6898108069615436
555625984027262014,2322042198017538996,8573800373938698102,1,1,dygkt,0.6910163644453529
555625984027262014,1742185772413642127,300471914551172981,0,1,dygkt,0.7153105844799644
555625984027262014,2334639155148655290,8573800373938698102,1,1,dygkt,0.6946586795692022
555625984027262014,7660717256841499384,300471914551172981,1,1,dygkt,0.7234764702781967
555625984027262014,4113615466659810841,300471914551172981,0,1,dygkt,0.7147954214398247
555625984027262014,6125574002232610732,300471914551172981,1,1,dygkt,0.6948527826289086
555625984027262014,2774368076249802464,8573800373938698102,0,1,dygkt,0.6874337423143132
555625984027262014,8903365289186067945,8573800373938698102,1,1,dygkt,0.689102898769302
555625984027262014,6925932688889117475,300471914551172981,1,1,dygkt,0.725688807993312
555625984027262014,8194071366621068887,8573800373938698102,1,1,dygkt,0.6763390293874736
555625984027262014,2986660907093963186,300471914551172981,1,1,dygkt,0.7289289524661072
555625984027262014,7591109345808921544,300471914551172981,0,1,dygkt,0.7149936273661694
555625984027262014,625545550176685521,8573800373938698102,1,1,dygkt,0.6956890288147367
555625984027262014,1761868641361943332,8573800373938698102,1,1,dygkt,0.7001583774438962
555625984027262014,4824259625677886603,300471914551172981,0,1,dygkt,0.7127689977334412
555625984027262014,8450591260754163598,8573800373938698102,1,1,dygkt,0.6876426540668787
555625984027262014,1553079256999111676,300471914551172981,0,1,dygkt,0.7174839087960774
555625984027262014,3220231712819306119,8573800373938698102,1,1,dygkt,0.6916803895285722
555625984027262014,338807275221326836,300471914551172981,1,1,dygkt,0.7104540231562652
555625984027262014,8525319303741530302,8573800373938698102,1,1,dygkt,0.692177888896398
555625984027262014,6587421150596252277,300471914551172981,1,1,dygkt,0.7184684516294454
555625984027262014,5891620578387310353,300471914551172981,0,1,dygkt,0.7086101712472729
555625984027262014,5791250638486922978,300471914551172981,0,1,dygkt,0.7210967093751325
555625984027262014,4031585874086886353,8573800373938698102,1,1,dygkt,0.7008520404487877
555625984027262014,2083452711903133430,8573800373938698102,1,1,dygkt,0.7137353617155724
555625984027262014,6319743179241711738,8573800373938698102,1,1,dygkt,0.701951847374613
555625984027262014,8628686323660025649,300471914551172981,1,1,dygkt,0.7205879267938833
555625984027262014,4378721629787482518,300471914551172981,1,1,dygkt,0.724137442742341
555625984027262014,4813462692425748605,300471914551172981,1,1,dygkt,0.7034432765089663
555625984027262014,4644364625800006675,300471914551172981,0,1,dygkt,0.7142003069127997
555625984027262014,1062464292871659639,8573800373938698102,1,1,dygkt,0.7023585923407423
555625984027262014,5932668873100475470,300471914551172981,1,1,dygkt,0.7268487641540647
555625984027262014,5237822943399727048,8573800373938698102,1,1,dygkt,0.7044684983744905
556718787073374141,300471914551172981,300471914551172981,1,1,dygkt,0.7028749415317669
556718787073374141,8573800373938698102,8573800373938698102,0,1,dygkt,0.6676368640578058
556718787073374141,2014268979504181100,300471914551172981,1,1,dygkt,0.6942338559132072
556718787073374141,2172169907340938753,300471914551172981,1,1,dygkt,0.6948940194208222
556718787073374141,8150806168444344502,300471914551172981,1,1,dygkt,0.7079672133459274
556718787073374141,816286915455981984,8573800373938698102,0,1,dygkt,0.6978668827589709
556718787073374141,1962751598315765836,300471914551172981,1,1,dygkt,0.7106940153884643
556718787073374141,7444476343858270082,300471914551172981,1,1,dygkt,0.7130078462864773
556718787073374141,2537821716777940730,300471914551172981,1,1,dygkt,0.7134851871859096
556718787073374141,1061301253559417093,300471914551172981,1,1,dygkt,0.7024686032740151
556718787073374141,8553379303363759508,300471914551172981,1,1,dygkt,0.6979778399738154
556718787073374141,6440511557387709110,300471914551172981,1,1,dygkt,0.7123706532113054
556718787073374141,7744513373483970787,8573800373938698102,0,1,dygkt,0.6707797992590749
556718787073374141,2971078979906996375,300471914551172981,1,1,dygkt,0.7067594239796433
556718787073374141,5841359775533910823,300471914551172981,1,1,dygkt,0.6900066165340146
556718787073374141,8621262567927479011,300471914551172981,1,1,dygkt,0.7118124178994717
556718787073374141,8434961942249729798,8573800373938698102,0,1,dygkt,0.6898108069615436
556718787073374141,2322042198017538996,8573800373938698102,0,1,dygkt,0.6910163644453529
556718787073374141,1742185772413642127,300471914551172981,1,1,dygkt,0.7153105844799644
556718787073374141,2334639155148655290,8573800373938698102,0,1,dygkt,0.6946586795692022
556718787073374141,7660717256841499384,300471914551172981,1,1,dygkt,0.7234764702781967
556718787073374141,4113615466659810841,300471914551172981,1,1,dygkt,0.7147954214398247
556718787073374141,6125574002232610732,300471914551172981,1,1,dygkt,0.6948527826289086
556718787073374141,2774368076249802464,8573800373938698102,0,1,dygkt,0.6874337423143132
556718787073374141,8903365289186067945,8573800373938698102,0,1,dygkt,0.689102898769302
556718787073374141,6925932688889117475,300471914551172981,1,1,dygkt,0.725688807993312
556718787073374141,8194071366621068887,8573800373938698102,0,1,dygkt,0.6763390293874736
556718787073374141,2986660907093963186,300471914551172981,1,1,dygkt,0.7289289524661072
556718787073374141,7591109345808921544,300471914551172981,1,1,dygkt,0.7149936273661694
556718787073374141,625545550176685521,8573800373938698102,1,1,dygkt,0.6956890288147367
556718787073374141,1761868641361943332,8573800373938698102,0,1,dygkt,0.7001583774438962
556718787073374141,4824259625677886603,300471914551172981,1,1,dygkt,0.7127689977334412
556718787073374141,8450591260754163598,8573800373938698102,0,1,dygkt,0.6876426540668787
556718787073374141,1553079256999111676,300471914551172981,1,1,dygkt,0.7174839087960774
556718787073374141,3220231712819306119,8573800373938698102,0,1,dygkt,0.6916803895285722
556718787073374141,338807275221326836,300471914551172981,1,1,dygkt,0.7104540231562652
556718787073374141,8525319303741530302,8573800373938698102,0,1,dygkt,0.692177888896398
556718787073374141,6587421150596252277,300471914551172981,1,1,dygkt,0.7184684516294454
556718787073374141,5891620578387310353,300471914551172981,1,1,dygkt,0.7086101712472729
556718787073374141,5791250638486922978,300471914551172981,1,1,dygkt,0.7210967093751325
556718787073374141,4031585874086886353,8573800373938698102,0,1,dygkt,0.7008520404487877
556718787073374141,2083452711903133430,8573800373938698102,1,1,dygkt,0.7137353617155724
556718787073374141,6319743179241711738,8573800373938698102,0,1,dygkt,0.701951847374613
556718787073374141,8628686323660025649,300471914551172981,1,1,dygkt,0.7205879267938833
556718787073374141,4378721629787482518,300471914551172981,1,1,dygkt,0.724137442742341
556718787073374141,4813462692425748605,300471914551172981,1,1,dygkt,0.7034432765089663
556718787073374141,4644364625800006675,300471914551172981,1,1,dygkt,0.7142003069127997
556718787073374141,1062464292871659639,8573800373938698102,0,1,dygkt,0.7023585923407423
556718787073374141,5932668873100475470,300471914551172981,1,1,dygkt,0.7268487641540647
556718787073374141,5237822943399727048,8573800373938698102,1,1,dygkt,0.7044684983744905
566486936713534793,300471914551172981,300471914551172981,1,1,dygkt,0.7028749415317669
566486936713534793,8573800373938698102,8573800373938698102,1,1,dygkt,0.6676368640578058
566486936713534793,2014268979504181100,300471914551172981,1,1,dygkt,0.6942338559132072
566486936713534793,2172169907340938753,300471914551172981,0,1,dygkt,0.6948940194208222
566486936713534793,8150806168444344502,300471914551172981,1,1,dygkt,0.7079672133459274
566486936713534793,816286915455981984,8573800373938698102,1,1,dygkt,0.6978668827589709
566486936713534793,1962751598315765836,300471914551172981,0,1,dygkt,0.7106940153884643
566486936713534793,7444476343858270082,300471914551172981,1,1,dygkt,0.7130078462864773
566486936713534793,2537821716777940730,300471914551172981,1,1,dygkt,0.7134851871859096
566486936713534793,1061301253559417093,300471914551172981,1,1,dygkt,0.7024686032740151
566486936713534793,8553379303363759508,300471914551172981,1,1,dygkt,0.6979778399738154
566486936713534793,6440511557387709110,300471914551172981,1,1,dygkt,0.7123706532113054
566486936713534793,7744513373483970787,8573800373938698102,0,1,dygkt,0.6707797992590749
566486936713534793,2971078979906996375,300471914551172981,1,1,dygkt,0.7067594239796433
566486936713534793,5841359775533910823,300471914551172981,0,1,dygkt,0.6900066165340146
566486936713534793,8621262567927479011,300471914551172981,1,1,dygkt,0.7118124178994717
566486936713534793,8434961942249729798,8573800373938698102,0,1,dygkt,0.6898108069615436
566486936713534793,2322042198017538996,8573800373938698102,1,1,dygkt,0.6910163644453529
566486936713534793,1742185772413642127,300471914551172981,1,1,dygkt,0.7153105844799644
566486936713534793,2334639155148655290,8573800373938698102,1,1,dygkt,0.6946586795692022
566486936713534793,7660717256841499384,300471914551172981,1,1,dygkt,0.7234764702781967
566486936713534793,4113615466659810841,300471914551172981,1,1,dygkt,0.7147954214398247
566486936713534793,6125574002232610732,300471914551172981,0,1,dygkt,0.6948527826289086
566486936713534793,2774368076249802464,8573800373938698102,0,1,dygkt,0.6874337423143132
566486936713534793,8903365289186067945,8573800373938698102,0,1,dygkt,0.689102898769302
566486936713534793,6925932688889117475,300471914551172981,1,1,dygkt,0.725688807993312
566486936713534793,8194071366621068887,8573800373938698102,1,1,dygkt,0.6763390293874736
566486936713534793,2986660907093963186,300471914551172981,1,1,dygkt,0.7289289524661072
566486936713534793,7591109345808921544,300471914551172981,1,1,dygkt,0.7149936273661694
566486936713534793,625545550176685521,8573800373938698102,1,1,dygkt,0.6956890288147367
566486936713534793,1761868641361943332,8573800373938698102,1,1,dygkt,0.7001583774438962
566486936713534793,4824259625677886603,300471914551172981,0,1,dygkt,0.7127689977334412
566486936713534793,8450591260754163598,8573800373938698102,0,1,dygkt,0.6876426540668787
566486936713534793,1553079256999111676,300471914551172981,0,1,dygkt,0.7174839087960774
566486936713534793,3220231712819306119,8573800373938698102,1,1,dygkt,0.6916803895285722
566486936713534793,338807275221326836,300471914551172981,1,1,dygkt,0.7104540231562652
566486936713534793,8525319303741530302,8573800373938698102,1,1,dygkt,0.692177888896398
566486936713534793,6587421150596252277,300471914551172981,0,1,dygkt,0.7184684516294454
566486936713534793,5891620578387310353,300471914551172981,1,1,dygkt,0.7086101712472729
566486936713534793,5791250638486922978,300471914551172981,1,1,dygkt,0.7210967093751325
566486936713534793,4031585874086886353,8573800373938698102,1,1,dygkt,0.7008520404487877
566486936713534793,2083452711903133430,8573800373938698102,1,1,dygkt,0.7137353617155724
566486936713534793,6319743179241711738,8573800373938698102,1,1,dygkt,0.701951847374613
566486936713534793,8628686323660025649,300471914551172981,1,1,dygkt,0.7205879267938833
566486936713534793,4378721629787482518,300471914551172981,1,1,dygkt,0.724137442742341
566486936713534793,4813462692425748605,300471914551172981,1,1,dygkt,0.7034432765089663
566486936713534793,4644364625800006675,300471914551172981,1,1,dygkt,0.7142003069127997
566486936713534793,1062464292871659639,8573800373938698102,0,1,dygkt,0.7023585923407423
566486936713534793,5932668873100475470,300471914551172981,1,1,dygkt,0.7268487641540647
566486936713534793,5237822943399727048,8573800373938698102,1,1,dygkt,0.7044684983744905
574497919089983469,300471914551172981,300471914551172981,1,1,dygkt,0.7028749415317669
574497919089983469,8573800373938698102,8573800373938698102,1,1,dygkt,0.6676368640578058
574497919089983469,2014268979504181100,300471914551172981,0,1,dygkt,0.6942338559132072
574497919089983469,2172169907340938753,300471914551172981,1,1,dygkt,0.6948940194208222
574497919089983469,8150806168444344502,300471914551172981,1,1,dygkt,0.7079672133459274
574497919089983469,816286915455981984,8573800373938698102,1,1,dygkt,0.6978668827589709
574497919089983469,1962751598315765836,300471914551172981,1,1,dygkt,0.7106940153884643
574497919089983469,7444476343858270082,300471914551172981,1,1,dygkt,0.7130078462864773
574497919089983469,2537821716777940730,300471914551172981,1,1,dygkt,0.7134851871859096
574497919089983469,1061301253559417093,300471914551172981,1,1,dygkt,0.7024686032740151
574497919089983469,8553379303363759508,300471914551172981,0,1,dygkt,0.6979778399738154
574497919089983469,6440511557387709110,300471914551172981,1,1,dygkt,0.7123706532113054
574497919089983469,7744513373483970787,8573800373938698102,1,1,dygkt,0.6707797992590749
574497919089983469,2971078979906996375,300471914551172981,1,1,dygkt,0.7067594239796433
574497919089983469,5841359775533910823,300471914551172981,0,1,dygkt,0.6900066165340146
574497919089983469,8621262567927479011,300471914551172981,1,1,dygkt,0.7118124178994717
574497919089983469,8434961942249729798,8573800373938698102,1,1,dygkt,0.6898108069615436
574497919089983469,2322042198017538996,8573800373938698102,1,1,dygkt,0.6910163644453529
574497919089983469,1742185772413642127,300471914551172981,1,1,dygkt,0.7153105844799644
574497919089983469,2334639155148655290,8573800373938698102,1,1,dygkt,0.6946586795692022
574497919089983469,7660717256841499384,300471914551172981,1,1,dygkt,0.7234764702781967
574497919089983469,4113615466659810841,300471914551172981,1,1,dygkt,0.7147954214398247
574497919089983469,6125574002232610732,300471914551172981,1,1,dygkt,0.6948527826289086
574497919089983469,2774368076249802464,8573800373938698102,1,1,dygkt,0.6874337423143132
574497919089983469,8903365289186067945,8573800373938698102,1,1,dygkt,0.689102898769302
574497919089983469,6925932688889117475,300471914551172981,1,1,dygkt,0.725688807993312
574497919089983469,8194071366621068887,8573800373938698102,1,1,dygkt,0.6763390293874736
574497919089983469,2986660907093963186,300471914551172981,1,1,dygkt,0.7289289524661072
574497919089983469,7591109345808921544,300471914551172981,1,1,dygkt,0.7149936273661694
574497919089983469,625545550176685521,8573800373938698102,1,1,dygkt,0.6956890288147367
574497919089983469,1761868641361943332,8573800373938698102,1,1,dygkt,0.7001583774438962
574497919089983469,4824259625677886603,300471914551172981,1,1,dygkt,0.7127689977334412
574497919089983469,8450591260754163598,8573800373938698102,1,1,dygkt,0.6876426540668787
574497919089983469,1553079256999111676,300471914551172981,1,1,dygkt,0.7174839087960774
574497919089983469,3220231712819306119,8573800373938698102,1,1,dygkt,0.6916803895285722
574497919089983469,338807275221326836,300471914551172981,1,1,dygkt,0.7104540231562652
574497919089983469,8525319303741530302,8573800373938698102,1,1,dygkt,0.692177888896398
574497919089983469,6587421150596252277,300471914551172981,1,1,dygkt,0.7184684516294454
574497919089983469,5891620578387310353,300471914551172981,1,1,dygkt,0.7086101712472729
574497919089983469,5791250638486922978,300471914551172981,1,1,dygkt,0.7210967093751325
574497919089983469,4031585874086886353,8573800373938698102,1,1,dygkt,0.7008520404487877
574497919089983469,2083452711903133430,8573800373938698102,1,1,dygkt,0.7137353617155724
574497919089983469,6319743179241711738,8573800373938698102,1,1,dygkt,0.701951847374613
574497919089983469,8628686323660025649,300471914551172981,1,1,dygkt,0.7205879267938833
574497919089983469,4378721629787482518,300471914551172981,1,1,dygkt,0.724137442742341
574497919089983469,4813462692425748605,300471914551172981,1,1,dygkt,0.7034432765089663
574497919089983469,4644364625800006675,300471914551172981,1,1,dygkt,0.7142003069127997
574497919089983469,1062464292871659639,8573800373938698102,1,1,dygkt,0.7023585923407423
574497919089983469,5932668873100475470,300471914551172981,0,1,dygkt,0.7268487641540647
574497919089983469,5237822943399727048,8573800373938698102,1,1,dygkt,0.7044684983744905
584959704596436633,300471914551172981,300471914551172981,0,1,dygkt,0.7028749415317669
584959704596436633,8573800373938698102,8573800373938698102,1,1,dygkt,0.6676368640578058
584959704596436633,2014268979504181100,300471914551172981,0,1,dygkt,0.6942338559132072
584959704596436633,2172169907340938753,300471914551172981,0,1,dygkt,0.6948940194208222
584959704596436633,8150806168444344502,300471914551172981,0,1,dygkt,0.7079672133459274
584959704596436633,816286915455981984,8573800373938698102,1,1,dygkt,0.6978668827589709
584959704596436633,1962751598315765836,300471914551172981,0,1,dygkt,0.7106940153884643
584959704596436633,7444476343858270082,300471914551172981,0,1,dygkt,0.7130078462864773
584959704596436633,2537821716777940730,300471914551172981,0,1,dygkt,0.7134851871859096
584959704596436633,1061301253559417093,300471914551172981,0,1,dygkt,0.7024686032740151
584959704596436633,8553379303363759508,300471914551172981,0,1,dygkt,0.6979778399738154
584959704596436633,6440511557387709110,300471914551172981,0,1,dygkt,0.7123706532113054
584959704596436633,7744513373483970787,8573800373938698102,1,1,dygkt,0.6707797992590749
584959704596436633,2971078979906996375,300471914551172981,0,1,dygkt,0.7067594239796433
584959704596436633,5841359775533910823,300471914551172981,0,1,dygkt,0.6900066165340146
584959704596436633,8621262567927479011,300471914551172981,0,1,dygkt,0.7118124178994717
584959704596436633,8434961942249729798,8573800373938698102,0,1,dygkt,0.6898108069615436
584959704596436633,2322042198017538996,8573800373938698102,0,1,dygkt,0.6910163644453529
584959704596436633,1742185772413642127,300471914551172981,0,1,dygkt,0.7153105844799644
584959704596436633,2334639155148655290,8573800373938698102,0,1,dygkt,0.6946586795692022
584959704596436633,7660717256841499384,300471914551172981,0,1,dygkt,0.7234764702781967
584959704596436633,4113615466659810841,300471914551172981,0,1,dygkt,0.7147954214398247
584959704596436633,6125574002232610732,300471914551172981,0,1,dygkt,0.6948527826289086
584959704596436633,2774368076249802464,8573800373938698102,1,1,dygkt,0.6874337423143132
584959704596436633,8903365289186067945,8573800373938698102,1,1,dygkt,0.689102898769302
584959704596436633,6925932688889117475,300471914551172981,1,1,dygkt,0.725688807993312
584959704596436633,8194071366621068887,8573800373938698102,0,1,dygkt,0.6763390293874736
584959704596436633,2986660907093963186,300471914551172981,0,1,dygkt,0.7289289524661072
584959704596436633,7591109345808921544,300471914551172981,0,1,dygkt,0.7149936273661694
584959704596436633,625545550176685521,8573800373938698102,1,1,dygkt,0.6956890288147367
584959704596436633,1761868641361943332,8573800373938698102,1,1,dygkt,0.7001583774438962
584959704596436633,4824259625677886603,300471914551172981,0,1,dygkt,0.7127689977334412
584959704596436633,8450591260754163598,8573800373938698102,1,1,dygkt,0.6876426540668787
584959704596436633,1553079256999111676,300471914551172981,0,1,dygkt,0.7174839087960774
584959704596436633,3220231712819306119,8573800373938698102,0,1,dygkt,0.6916803895285722
584959704596436633,338807275221326836,300471914551172981,0,1,dygkt,0.7104540231562652
584959704596436633,8525319303741530302,8573800373938698102,1,1,dygkt,0.692177888896398
584959704596436633,6587421150596252277,300471914551172981,0,1,dygkt,0.7184684516294454
584959704596436633,5891620578387310353,300471914551172981,0,1,dygkt,0.7086101712472729
584959704596436633,5791250638486922978,300471914551172981,0,1,dygkt,0.7210967093751325
584959704596436633,4031585874086886353,8573800373938698102,0,1,dygkt,0.7008520404487877
584959704596436633,2083452711903133430,8573800373938698102,1,1,dygkt,0.7137353617155724
584959704596436633,6319743179241711738,8573800373938698102,1,1,dygkt,0.701951847374613
584959704596436633,8628686323660025649,300471914551172981,0,1,dygkt,0.7205879267938833
584959704596436633,4378721629787482518,300471914551172981,0,1,dygkt,0.724137442742341
584959704596436633,4813462692425748605,300471914551172981,0,1,dygkt,0.7034432765089663
584959704596436633,4644364625800006675,300471914551172981,0,1,dygkt,0.7142003069127997
584959704596436633,1062464292871659639,8573800373938698102,1,1,dygkt,0.7023585923407423
584959704596436633,5932668873100475470,300471914551172981,0,1,dygkt,0.7268487641540647
584959704596436633,5237822943399727048,8573800373938698102,1,1,dygkt,0.7044684983744905
669415714538453650,300471914551172981,300471914551172981,1,1,dygkt,0.7028749415317669
669415714538453650,8573800373938698102,8573800373938698102,1,1,dygkt,0.6676368640578058
669415714538453650,2014268979504181100,300471914551172981,1,1,dygkt,0.6942338559132072
669415714538453650,2172169907340938753,300471914551172981,1,1,dygkt,0.6948940194208222
669415714538453650,8150806168444344502,300471914551172981,1,1,dygkt,0.7079672133459274
669415714538453650,816286915455981984,8573800373938698102,1,1,dygkt,0.6978668827589709
669415714538453650,1962751598315765836,300471914551172981,1,1,dygkt,0.7106940153884643
669415714538453650,7444476343858270082,300471914551172981,1,1,dygkt,0.7130078462864773
669415714538453650,2537821716777940730,300471914551172981,1,1,dygkt,0.7134851871859096
669415714538453650,1061301253559417093,300471914551172981,1,1,dygkt,0.7024686032740151
669415714538453650,8553379303363759508,300471914551172981,1,1,dygkt,0.6979778399738154
669415714538453650,6440511557387709110,300471914551172981,1,1,dygkt,0.7123706532113054
669415714538453650,7744513373483970787,8573800373938698102,1,1,dygkt,0.6707797992590749
669415714538453650,2971078979906996375,300471914551172981,1,1,dygkt,0.7067594239796433
669415714538453650,5841359775533910823,300471914551172981,1,1,dygkt,0.6900066165340146
669415714538453650,8621262567927479011,300471914551172981,1,1,dygkt,0.7118124178994717
669415714538453650,8434961942249729798,8573800373938698102,1,1,dygkt,0.6898108069615436
669415714538453650,2322042198017538996,8573800373938698102,1,1,dygkt,0.6910163644453529
669415714538453650,1742185772413642127,300471914551172981,1,1,dygkt,0.7153105844799644
669415714538453650,2334639155148655290,8573800373938698102,1,1,dygkt,0.6946586795692022
669415714538453650,7660717256841499384,300471914551172981,1,1,dygkt,0.7234764702781967
669415714538453650,4113615466659810841,300471914551172981,1,1,dygkt,0.7147954214398247
669415714538453650,6125574002232610732,300471914551172981,1,1,dygkt,0.6948527826289086
669415714538453650,2774368076249802464,8573800373938698102,1,1,dygkt,0.6874337423143132
669415714538453650,8903365289186067945,8573800373938698102,1,1,dygkt,0.689102898769302
669415714538453650,6925932688889117475,300471914551172981,1,1,dygkt,0.725688807993312
669415714538453650,8194071366621068887,8573800373938698102,1,1,dygkt,0.6763390293874736
669415714538453650,2986660907093963186,300471914551172981,1,1,dygkt,0.7289289524661072
669415714538453650,7591109345808921544,300471914551172981,1,1,dygkt,0.7149936273661694
669415714538453650,625545550176685521,8573800373938698102,1,1,dygkt,0.6956890288147367
669415714538453650,1761868641361943332,8573800373938698102,1,1,dygkt,0.7001583774438962
669415714538453650,4824259625677886603,300471914551172981,1,1,dygkt,0.7127689977334412
669415714538453650,8450591260754163598,8573800373938698102,1,1,dygkt,0.6876426540668787
669415714538453650,1553079256999111676,300471914551172981,1,1,dygkt,0.7174839087960774
669415714538453650,3220231712819306119,8573800373938698102,1,1,dygkt,0.6916803895285722
669415714538453650,338807275221326836,300471914551172981,1,1,dygkt,0.7104540231562652
669415714538453650,8525319303741530302,8573800373938698102,1,1,dygkt,0.692177888896398
669415714538453650,6587421150596252277,300471914551172981,1,1,dygkt,0.7184684516294454
669415714538453650,5891620578387310353,300471914551172981,1,1,dygkt,0.7086101712472729
669415714538453650,5791250638486922978,300471914551172981,1,1,dygkt,0.7210967093751325
669415714538453650,4031585874086886353,8573800373938698102,1,1,dygkt,0.7008520404487877
669415714538453650,2083452711903133430,8573800373938698102,1,1,dygkt,0.7137353617155724
669415714538453650,6319743179241711738,8573800373938698102,1,1,dygkt,0.701951847374613
669415714538453650,8628686323660025649,300471914551172981,1,1,dygkt,0.7205879267938833
669415714538453650,4378721629787482518,300471914551172981,1,1,dygkt,0.724137442742341
669415714538453650,4813462692425748605,300471914551172981,1,1,dygkt,0.7034432765089663
669415714538453650,4644364625800006675,300471914551172981,1,1,dygkt,0.7142003069127997
669415714538453650,1062464292871659639,8573800373938698102,1,1,dygkt,0.7023585923407423
669415714538453650,5932668873100475470,300471914551172981,1,1,dygkt,0.7268487641540647
669415714538453650,5237822943399727048,8573800373938698102,1,1,dygkt,0.7044684983744905
678576571551846666,300471914551172981,300471914551172981,1,1,dygkt,0.7028749415317669
678576571551846666,8573800373938698102,8573800373938698102,0,1,dygkt,0.6676368640578058
678576571551846666,2014268979504181100,300471914551172981,1,1,dygkt,0.6942338559132072
678576571551846666,2172169907340938753,300471914551172981,1,1,dygkt,0.6948940194208222
678576571551846666,8150806168444344502,300471914551172981,1,1,dygkt,0.7079672133459274
678576571551846666,816286915455981984,8573800373938698102,1,1,dygkt,0.6978668827589709
678576571551846666,1962751598315765836,300471914551172981,1,1,dygkt,0.7106940153884643
678576571551846666,7444476343858270082,300471914551172981,1,1,dygkt,0.7130078462864773
678576571551846666,2537821716777940730,300471914551172981,1,1,dygkt,0.7134851871859096
678576571551846666,1061301253559417093,300471914551172981,1,1,dygkt,0.7024686032740151
678576571551846666,8553379303363759508,300471914551172981,1,1,dygkt,0.6979778399738154
678576571551846666,6440511557387709110,300471914551172981,1,1,dygkt,0.7123706532113054
678576571551846666,7744513373483970787,8573800373938698102,0,1,dygkt,0.6707797992590749
678576571551846666,2971078979906996375,300471914551172981,1,1,dygkt,0.7067594239796433
678576571551846666,5841359775533910823,300471914551172981,1,1,dygkt,0.6900066165340146
678576571551846666,8621262567927479011,300471914551172981,1,1,dygkt,0.7118124178994717
678576571551846666,8434961942249729798,8573800373938698102,0,1,dygkt,0.6898108069615436
678576571551846666,2322042198017538996,8573800373938698102,1,1,dygkt,0.6910163644453529
678576571551846666,1742185772413642127,300471914551172981,1,1,dygkt,0.7153105844799644
678576571551846666,2334639155148655290,8573800373938698102,0,1,dygkt,0.6946586795692022
678576571551846666,7660717256841499384,300471914551172981,1,1,dygkt,0.7234764702781967
678576571551846666,4113615466659810841,300471914551172981,1,1,dygkt,0.7147954214398247
678576571551846666,6125574002232610732,300471914551172981,0,1,dygkt,0.6948527826289086
678576571551846666,2774368076249802464,8573800373938698102,0,1,dygkt,0.6874337423143132
678576571551846666,8903365289186067945,8573800373938698102,0,1,dygkt,0.689102898769302
678576571551846666,6925932688889117475,300471914551172981,1,1,dygkt,0.725688807993312
678576571551846666,8194071366621068887,8573800373938698102,0,1,dygkt,0.6763390293874736
678576571551846666,2986660907093963186,300471914551172981,1,1,dygkt,0.7289289524661072
678576571551846666,7591109345808921544,300471914551172981,1,1,dygkt,0.7149936273661694
678576571551846666,625545550176685521,8573800373938698102,0,1,dygkt,0.6956890288147367
678576571551846666,1761868641361943332,8573800373938698102,0,1,dygkt,0.7001583774438962
678576571551846666,4824259625677886603,300471914551172981,1,1,dygkt,0.7127689977334412
678576571551846666,8450591260754163598,8573800373938698102,0,1,dygkt,0.6876426540668787
678576571551846666,1553079256999111676,300471914551172981,1,1,dygkt,0.7174839087960774
678576571551846666,3220231712819306119,8573800373938698102,0,1,dygkt,0.6916803895285722
678576571551846666,338807275221326836,300471914551172981,0,1,dygkt,0.7104540231562652
678576571551846666,8525319303741530302,8573800373938698102,0,1,dygkt,0.692177888896398
678576571551846666,6587421150596252277,300471914551172981,1,1,dygkt,0.7184684516294454
678576571551846666,5891620578387310353,300471914551172981,1,1,dygkt,0.7086101712472729
678576571551846666,5791250638486922978,300471914551172981,1,1,dygkt,0.7210967093751325
678576571551846666,4031585874086886353,8573800373938698102,0,1,dygkt,0.7008520404487877
678576571551846666,2083452711903133430,8573800373938698102,1,1,dygkt,0.7137353617155724
678576571551846666,6319743179241711738,8573800373938698102,0,1,dygkt,0.701951847374613
678576571551846666,8628686323660025649,300471914551172981,1,1,dygkt,0.7205879267938833
678576571551846666,4378721629787482518,300471914551172981,1,1,dygkt,0.724137442742341
678576571551846666,4813462692425748605,300471914551172981,1,1,dygkt,0.7034432765089663
678576571551846666,4644364625800006675,300471914551172981,1,1,dygkt,0.7142003069127997
678576571551846666,1062464292871659639,8573800373938698102,1,1,dygkt,0.7023585923407423
678576571551846666,5932668873100475470,300471914551172981,1,1,dygkt,0.7268487641540647
678576571551846666,5237822943399727048,8573800373938698102,0,1,dygkt,0.7044684983744905
695874287010115223,300471914551172981,300471914551172981,1,1,dygkt,0.7028749415317669
695874287010115223,8573800373938698102,8573800373938698102,1,1,dygkt,0.6676368640578058
695874287010115223,2014268979504181100,300471914551172981,1,1,dygkt,0.6942338559132072
695874287010115223,2172169907340938753,300471914551172981,1,1,dygkt,0.6948940194208222
695874287010115223,8150806168444344502,300471914551172981,1,1,dygkt,0.7079672133459274
695874287010115223,816286915455981984,8573800373938698102,1,1,dygkt,0.6978668827589709
695874287010115223,1962751598315765836,300471914551172981,1,1,dygkt,0.7106940153884643
695874287010115223,7444476343858270082,300471914551172981,1,1,dygkt,0.7130078462864773
695874287010115223,2537821716777940730,300471914551172981,1,1,dygkt,0.7134851871859096
695874287010115223,1061301253559417093,300471914551172981,1,1,dygkt,0.7024686032740151
695874287010115223,8553379303363759508,300471914551172981,1,1,dygkt,0.6979778399738154
695874287010115223,6440511557387709110,300471914551172981,1,1,dygkt,0.7123706532113054
695874287010115223,7744513373483970787,8573800373938698102,1,1,dygkt,0.6707797992590749
695874287010115223,2971078979906996375,300471914551172981,1,1,dygkt,0.7067594239796433
695874287010115223,5841359775533910823,300471914551172981,1,1,dygkt,0.6900066165340146
695874287010115223,8621262567927479011,300471914551172981,1,1,dygkt,0.7118124178994717
695874287010115223,8434961942249729798,8573800373938698102,1,1,dygkt,0.6898108069615436
695874287010115223,2322042198017538996,8573800373938698102,1,1,dygkt,0.6910163644453529
695874287010115223,1742185772413642127,300471914551172981,1,1,dygkt,0.7153105844799644
695874287010115223,2334639155148655290,8573800373938698102,1,1,dygkt,0.6946586795692022
695874287010115223,7660717256841499384,300471914551172981,1,1,dygkt,0.7234764702781967
695874287010115223,4113615466659810841,300471914551172981,1,1,dygkt,0.7147954214398247
695874287010115223,6125574002232610732,300471914551172981,1,1,dygkt,0.6948527826289086
695874287010115223,2774368076249802464,8573800373938698102,1,1,dygkt,0.6874337423143132
695874287010115223,8903365289186067945,8573800373938698102,1,1,dygkt,0.689102898769302
695874287010115223,6925932688889117475,300471914551172981,1,1,dygkt,0.725688807993312
695874287010115223,8194071366621068887,8573800373938698102,1,1,dygkt,0.6763390293874736
695874287010115223,2986660907093963186,300471914551172981,1,1,dygkt,0.7289289524661072
695874287010115223,7591109345808921544,300471914551172981,1,1,dygkt,0.7149936273661694
695874287010115223,625545550176685521,8573800373938698102,1,1,dygkt,0.6956890288147367
695874287010115223,1761868641361943332,8573800373938698102,1,1,dygkt,0.7001583774438962
695874287010115223,4824259625677886603,300471914551172981,1,1,dygkt,0.7127689977334412
695874287010115223,8450591260754163598,8573800373938698102,1,1,dygkt,0.6876426540668787
695874287010115223,1553079256999111676,300471914551172981,1,1,dygkt,0.7174839087960774
695874287010115223,3220231712819306119,8573800373938698102,1,1,dygkt,0.6916803895285722
695874287010115223,338807275221326836,300471914551172981,1,1,dygkt,0.7104540231562652
695874287010115223,8525319303741530302,8573800373938698102,1,1,dygkt,0.692177888896398
695874287010115223,6587421150596252277,300471914551172981,1,1,dygkt,0.7184684516294454
695874287010115223,5891620578387310353,300471914551172981,1,1,dygkt,0.7086101712472729
695874287010115223,5791250638486922978,300471914551172981,1,1,dygkt,0.7210967093751325
695874287010115223,4031585874086886353,8573800373938698102,1,1,dygkt,0.7008520404487877
695874287010115223,2083452711903133430,8573800373938698102,1,1,dygkt,0.7137353617155724
695874287010115223,6319743179241711738,8573800373938698102,1,1,dygkt,0.701951847374613
695874287010115223,8628686323660025649,300471914551172981,1,1,dygkt,0.7205879267938833
695874287010115223,4378721629787482518,300471914551172981,1,1,dygkt,0.724137442742341
695874287010115223,4813462692425748605,300471914551172981,1,1,dygkt,0.7034432765089663
695874287010115223,4644364625800006675,300471914551172981,1,1,dygkt,0.7142003069127997
695874287010115223,1062464292871659639,8573800373938698102,1,1,dygkt,0.7023585923407423
695874287010115223,5932668873100475470,300471914551172981,1,1,dygkt,0.7268487641540647
695874287010115223,5237822943399727048,8573800373938698102,1,1,dygkt,0.7044684983744905
724934922726023477,300471914551172981,300471914551172981,0,1,dygkt,0.7028749415317669
724934922726023477,8573800373938698102,8573800373938698102,0,1,dygkt,0.6676368640578058
724934922726023477,2014268979504181100,300471914551172981,1,1,dygkt,0.6942338559132072
724934922726023477,2172169907340938753,300471914551172981,0,1,dygkt,0.6948940194208222
724934922726023477,8150806168444344502,300471914551172981,0,1,dygkt,0.7079672133459274
724934922726023477,816286915455981984,8573800373938698102,0,1,dygkt,0.6978668827589709
724934922726023477,1962751598315765836,300471914551172981,0,1,dygkt,0.7106940153884643
724934922726023477,7444476343858270082,300471914551172981,0,1,dygkt,0.7130078462864773
724934922726023477,2537821716777940730,300471914551172981,1,1,dygkt,0.7134851871859096
724934922726023477,1061301253559417093,300471914551172981,0,1,dygkt,0.7024686032740151
724934922726023477,8553379303363759508,300471914551172981,0,1,dygkt,0.6979778399738154
724934922726023477,6440511557387709110,300471914551172981,0,1,dygkt,0.7123706532113054
724934922726023477,7744513373483970787,8573800373938698102,0,1,dygkt,0.6707797992590749
724934922726023477,2971078979906996375,300471914551172981,0,1,dygkt,0.7067594239796433
724934922726023477,5841359775533910823,300471914551172981,0,1,dygkt,0.6900066165340146
724934922726023477,8621262567927479011,300471914551172981,0,1,dygkt,0.7118124178994717
724934922726023477,8434961942249729798,8573800373938698102,1,1,dygkt,0.6898108069615436
724934922726023477,2322042198017538996,8573800373938698102,1,1,dygkt,0.6910163644453529
724934922726023477,1742185772413642127,300471914551172981,0,1,dygkt,0.7153105844799644
724934922726023477,2334639155148655290,8573800373938698102,1,1,dygkt,0.6946586795692022
724934922726023477,7660717256841499384,300471914551172981,1,1,dygkt,0.7234764702781967
724934922726023477,4113615466659810841,300471914551172981,0,1,dygkt,0.7147954214398247
724934922726023477,6125574002232610732,300471914551172981,0,1,dygkt,0.6948527826289086
724934922726023477,2774368076249802464,8573800373938698102,1,1,dygkt,0.6874337423143132
724934922726023477,8903365289186067945,8573800373938698102,1,1,dygkt,0.689102898769302
724934922726023477,6925932688889117475,300471914551172981,1,1,dygkt,0.725688807993312
724934922726023477,8194071366621068887,8573800373938698102,0,1,dygkt,0.6763390293874736
724934922726023477,2986660907093963186,300471914551172981,1,1,dygkt,0.7289289524661072
724934922726023477,7591109345808921544,300471914551172981,1,1,dygkt,0.7149936273661694
724934922726023477,625545550176685521,8573800373938698102,1,1,dygkt,0.6956890288147367
724934922726023477,1761868641361943332,8573800373938698102,1,1,dygkt,0.7001583774438962
724934922726023477,4824259625677886603,300471914551172981,0,1,dygkt,0.7127689977334412
724934922726023477,8450591260754163598,8573800373938698102,1,1,dygkt,0.6876426540668787
724934922726023477,1553079256999111676,300471914551172981,1,1,dygkt,0.7174839087960774
724934922726023477,3220231712819306119,8573800373938698102,1,1,dygkt,0.6916803895285722
724934922726023477,338807275221326836,300471914551172981,0,1,dygkt,0.7104540231562652
724934922726023477,8525319303741530302,8573800373938698102,1,1,dygkt,0.692177888896398
724934922726023477,6587421150596252277,300471914551172981,1,1,dygkt,0.7184684516294454
724934922726023477,5891620578387310353,300471914551172981,0,1,dygkt,0.7086101712472729
724934922726023477,5791250638486922978,300471914551172981,0,1,dygkt,0.7210967093751325
724934922726023477,4031585874086886353,8573800373938698102,1,1,dygkt,0.7008520404487877
724934922726023477,2083452711903133430,8573800373938698102,0,1,dygkt,0.7137353617155724
724934922726023477,6319743179241711738,8573800373938698102,1,1,dygkt,0.701951847374613
724934922726023477,8628686323660025649,300471914551172981,0,1,dygkt,0.7205879267938833
724934922726023477,4378721629787482518,300471914551172981,0,1,dygkt,0.724137442742341
724934922726023477,4813462692425748605,300471914551172981,0,1,dygkt,0.7034432765089663
724934922726023477,4644364625800006675,300471914551172981,0,1,dygkt,0.7142003069127997
724934922726023477,1062464292871659639,8573800373938698102,1,1,dygkt,0.7023585923407423
724934922726023477,5932668873100475470,300471914551172981,0,1,dygkt,0.7268487641540647
724934922726023477,5237822943399727048,8573800373938698102,1,1,dygkt,0.7044684983744905
739960140181601896,300471914551172981,300471914551172981,0,1,dygkt,0.7028749415317669
739960140181601896,8573800373938698102,8573800373938698102,0,1,dygkt,0.6676368640578058
739960140181601896,2014268979504181100,300471914551172981,1,1,dygkt,0.6942338559132072
739960140181601896,2172169907340938753,300471914551172981,0,1,dygkt,0.6948940194208222
739960140181601896,8150806168444344502,300471914551172981,0,1,dygkt,0.7079672133459274
739960140181601896,816286915455981984,8573800373938698102,0,1,dygkt,0.6978668827589709
739960140181601896,1962751598315765836,300471914551172981,0,1,dygkt,0.7106940153884643
739960140181601896,7444476343858270082,300471914551172981,1,1,dygkt,0.7130078462864773
739960140181601896,2537821716777940730,300471914551172981,1,1,dygkt,0.7134851871859096
739960140181601896,1061301253559417093,300471914551172981,1,1,dygkt,0.7024686032740151
739960140181601896,8553379303363759508,300471914551172981,1,1,dygkt,0.6979778399738154
739960140181601896,6440511557387709110,300471914551172981,1,1,dygkt,0.7123706532113054
739960140181601896,7744513373483970787,8573800373938698102,0,1,dygkt,0.6707797992590749
739960140181601896,2971078979906996375,300471914551172981,0,1,dygkt,0.7067594239796433
739960140181601896,5841359775533910823,300471914551172981,0,1,dygkt,0.6900066165340146
739960140181601896,8621262567927479011,300471914551172981,1,1,dygkt,0.7118124178994717
739960140181601896,8434961942249729798,8573800373938698102,0,1,dygkt,0.6898108069615436
739960140181601896,2322042198017538996,8573800373938698102,0,1,dygkt,0.6910163644453529
739960140181601896,1742185772413642127,300471914551172981,1,1,dygkt,0.7153105844799644
739960140181601896,2334639155148655290,8573800373938698102,1,1,dygkt,0.6946586795692022
739960140181601896,7660717256841499384,300471914551172981,1,1,dygkt,0.7234764702781967
739960140181601896,4113615466659810841,300471914551172981,1,1,dygkt,0.7147954214398247
739960140181601896,6125574002232610732,300471914551172981,1,1,dygkt,0.6948527826289086
739960140181601896,2774368076249802464,8573800373938698102,0,1,dygkt,0.6874337423143132
739960140181601896,8903365289186067945,8573800373938698102,0,1,dygkt,0.689102898769302
739960140181601896,6925932688889117475,300471914551172981,1,1,dygkt,0.725688807993312
739960140181601896,8194071366621068887,8573800373938698102,0,1,dygkt,0.6763390293874736
739960140181601896,2986660907093963186,300471914551172981,1,1,dygkt,0.7289289524661072
739960140181601896,7591109345808921544,300471914551172981,1,1,dygkt,0.7149936273661694
739960140181601896,625545550176685521,8573800373938698102,0,1,dygkt,0.6956890288147367
739960140181601896,1761868641361943332,8573800373938698102,0,1,dygkt,0.7001583774438962
739960140181601896,4824259625677886603,300471914551172981,1,1,dygkt,0.7127689977334412
739960140181601896,8450591260754163598,8573800373938698102,0,1,dygkt,0.6876426540668787
739960140181601896,1553079256999111676,300471914551172981,0,1,dygkt,0.7174839087960774
739960140181601896,3220231712819306119,8573800373938698102,1,1,dygkt,0.6916803895285722
739960140181601896,338807275221326836,300471914551172981,1,1,dygkt,0.7104540231562652
739960140181601896,8525319303741530302,8573800373938698102,0,1,dygkt,0.692177888896398
739960140181601896,6587421150596252277,300471914551172981,1,1,dygkt,0.7184684516294454
739960140181601896,5891620578387310353,300471914551172981,1,1,dygkt,0.7086101712472729
739960140181601896,5791250638486922978,300471914551172981,1,1,dygkt,0.7210967093751325
739960140181601896,4031585874086886353,8573800373938698102,0,1,dygkt,0.7008520404487877
739960140181601896,2083452711903133430,8573800373938698102,0,1,dygkt,0.7137353617155724
739960140181601896,6319743179241711738,8573800373938698102,0,1,dygkt,0.701951847374613
739960140181601896,8628686323660025649,300471914551172981,1,1,dygkt,0.7205879267938833
739960140181601896,4378721629787482518,300471914551172981,1,1,dygkt,0.724137442742341
739960140181601896,4813462692425748605,300471914551172981,0,1,dygkt,0.7034432765089663
739960140181601896,4644364625800006675,300471914551172981,0,1,dygkt,0.7142003069127997
739960140181601896,1062464292871659639,8573800373938698102,1,1,dygkt,0.7023585923407423
739960140181601896,5932668873100475470,300471914551172981,1,1,dygkt,0.7268487641540647
739960140181601896,5237822943399727048,8573800373938698102,0,1,dygkt,0.7044684983744905
765686451306091390,300471914551172981,300471914551172981,1,1,dygkt,0.7028749415317669
765686451306091390,8573800373938698102,8573800373938698102,0,1,dygkt,0.6676368640578058
765686451306091390,2014268979504181100,300471914551172981,1,1,dygkt,0.6942338559132072
765686451306091390,2172169907340938753,300471914551172981,1,1,dygkt,0.6948940194208222
765686451306091390,8150806168444344502,300471914551172981,1,1,dygkt,0.7079672133459274
765686451306091390,816286915455981984,8573800373938698102,1,1,dygkt,0.6978668827589709
765686451306091390,1962751598315765836,300471914551172981,1,1,dygkt,0.7106940153884643
765686451306091390,7444476343858270082,300471914551172981,1,1,dygkt,0.7130078462864773
765686451306091390,2537821716777940730,300471914551172981,0,1,dygkt,0.7134851871859096
765686451306091390,1061301253559417093,300471914551172981,0,1,dygkt,0.7024686032740151
765686451306091390,8553379303363759508,300471914551172981,1,1,dygkt,0.6979778399738154
765686451306091390,6440511557387709110,300471914551172981,1,1,dygkt,0.7123706532113054
765686451306091390,7744513373483970787,8573800373938698102,1,1,dygkt,0.6707797992590749
765686451306091390,2971078979906996375,300471914551172981,1,1,dygkt,0.7067594239796433
765686451306091390,5841359775533910823,300471914551172981,1,1,dygkt,0.6900066165340146
765686451306091390,8621262567927479011,300471914551172981,1,1,dygkt,0.7118124178994717
765686451306091390,8434961942249729798,8573800373938698102,1,1,dygkt,0.6898108069615436
765686451306091390,2322042198017538996,8573800373938698102,1,1,dygkt,0.6910163644453529
765686451306091390,1742185772413642127,300471914551172981,1,1,dygkt,0.7153105844799644
765686451306091390,2334639155148655290,8573800373938698102,1,1,dygkt,0.6946586795692022
765686451306091390,7660717256841499384,300471914551172981,1,1,dygkt,0.7234764702781967
765686451306091390,4113615466659810841,300471914551172981,1,1,dygkt,0.7147954214398247
765686451306091390,6125574002232610732,300471914551172981,1,1,dygkt,0.6948527826289086
765686451306091390,2774368076249802464,8573800373938698102,1,1,dygkt,0.6874337423143132
765686451306091390,8903365289186067945,8573800373938698102,1,1,dygkt,0.689102898769302
765686451306091390,6925932688889117475,300471914551172981,1,1,dygkt,0.725688807993312
765686451306091390,8194071366621068887,8573800373938698102,1,1,dygkt,0.6763390293874736
765686451306091390,2986660907093963186,300471914551172981,1,1,dygkt,0.7289289524661072
765686451306091390,7591109345808921544,300471914551172981,1,1,dygkt,0.7149936273661694
765686451306091390,625545550176685521,8573800373938698102,1,1,dygkt,0.6956890288147367
765686451306091390,1761868641361943332,8573800373938698102,1,1,dygkt,0.7001583774438962
765686451306091390,4824259625677886603,300471914551172981,1,1,dygkt,0.7127689977334412
765686451306091390,8450591260754163598,8573800373938698102,1,1,dygkt,0.6876426540668787
765686451306091390,1553079256999111676,300471914551172981,1,1,dygkt,0.7174839087960774
765686451306091390,3220231712819306119,8573800373938698102,1,1,dygkt,0.6916803895285722
765686451306091390,338807275221326836,300471914551172981,1,1,dygkt,0.7104540231562652
765686451306091390,8525319303741530302,8573800373938698102,1,1,dygkt,0.692177888896398
765686451306091390,6587421150596252277,300471914551172981,1,1,dygkt,0.7184684516294454
765686451306091390,5891620578387310353,300471914551172981,1,1,dygkt,0.7086101712472729
765686451306091390,5791250638486922978,300471914551172981,1,1,dygkt,0.7210967093751325
765686451306091390,4031585874086886353,8573800373938698102,1,1,dygkt,0.7008520404487877
765686451306091390,2083452711903133430,8573800373938698102,1,1,dygkt,0.7137353617155724
765686451306091390,6319743179241711738,8573800373938698102,1,1,dygkt,0.701951847374613
765686451306091390,8628686323660025649,300471914551172981,1,1,dygkt,0.7205879267938833
765686451306091390,4378721629787482518,300471914551172981,1,1,dygkt,0.724137442742341
765686451306091390,4813462692425748605,300471914551172981,1,1,dygkt,0.7034432765089663
765686451306091390,4644364625800006675,300471914551172981,1,1,dygkt,0.7142003069127997
765686451306091390,1062464292871659639,8573800373938698102,1,1,dygkt,0.7023585923407423
765686451306091390,5932668873100475470,300471914551172981,1,1,dygkt,0.7268487641540647
765686451306091390,5237822943399727048,8573800373938698102,1,1,dygkt,0.7044684983744905
776567062519242352,300471914551172981,300471914551172981,0,1,dygkt,0.7028749415317669
776567062519242352,8573800373938698102,8573800373938698102,1,1,dygkt,0.6676368640578058
776567062519242352,2014268979504181100,300471914551172981,0,1,dygkt,0.6942338559132072
776567062519242352,2172169907340938753,300471914551172981,1,1,dygkt,0.6948940194208222
776567062519242352,8150806168444344502,300471914551172981,0,1,dygkt,0.7079672133459274
776567062519242352,816286915455981984,8573800373938698102,1,1,dygkt,0.6978668827589709
776567062519242352,1962751598315765836,300471914551172981,0,1,dygkt,0.7106940153884643
776567062519242352,7444476343858270082,300471914551172981,0,1,dygkt,0.7130078462864773
776567062519242352,2537821716777940730,300471914551172981,0,1,dygkt,0.7134851871859096
776567062519242352,1061301253559417093,300471914551172981,0,1,dygkt,0.7024686032740151
776567062519242352,8553379303363759508,300471914551172981,0,1,dygkt,0.6979778399738154
776567062519242352,6440511557387709110,300471914551172981,1,1,dygkt,0.7123706532113054
776567062519242352,7744513373483970787,8573800373938698102,1,1,dygkt,0.6707797992590749
776567062519242352,2971078979906996375,300471914551172981,0,1,dygkt,0.7067594239796433
776567062519242352,5841359775533910823,300471914551172981,0,1,dygkt,0.6900066165340146
776567062519242352,8621262567927479011,300471914551172981,1,1,dygkt,0.7118124178994717
776567062519242352,8434961942249729798,8573800373938698102,0,1,dygkt,0.6898108069615436
776567062519242352,2322042198017538996,8573800373938698102,1,1,dygkt,0.6910163644453529
776567062519242352,1742185772413642127,300471914551172981,1,1,dygkt,0.7153105844799644
776567062519242352,2334639155148655290,8573800373938698102,1,1,dygkt,0.6946586795692022
776567062519242352,7660717256841499384,300471914551172981,0,1,dygkt,0.7234764702781967
776567062519242352,4113615466659810841,300471914551172981,0,1,dygkt,0.7147954214398247
776567062519242352,6125574002232610732,300471914551172981,0,1,dygkt,0.6948527826289086
776567062519242352,2774368076249802464,8573800373938698102,1,1,dygkt,0.6874337423143132
776567062519242352,8903365289186067945,8573800373938698102,1,1,dygkt,0.689102898769302
776567062519242352,6925932688889117475,300471914551172981,1,1,dygkt,0.725688807993312
776567062519242352,8194071366621068887,8573800373938698102,1,1,dygkt,0.6763390293874736
776567062519242352,2986660907093963186,300471914551172981,1,1,dygkt,0.7289289524661072
776567062519242352,7591109345808921544,300471914551172981,1,1,dygkt,0.7149936273661694
776567062519242352,625545550176685521,8573800373938698102,1,1,dygkt,0.6956890288147367
776567062519242352,1761868641361943332,8573800373938698102,1,1,dygkt,0.7001583774438962
776567062519242352,4824259625677886603,300471914551172981,0,1,dygkt,0.7127689977334412
776567062519242352,8450591260754163598,8573800373938698102,1,1,dygkt,0.6876426540668787
776567062519242352,1553079256999111676,300471914551172981,0,1,dygkt,0.7174839087960774
776567062519242352,3220231712819306119,8573800373938698102,1,1,dygkt,0.6916803895285722
776567062519242352,338807275221326836,300471914551172981,0,1,dygkt,0.7104540231562652
776567062519242352,8525319303741530302,8573800373938698102,1,1,dygkt,0.692177888896398
776567062519242352,6587421150596252277,300471914551172981,0,1,dygkt,0.7184684516294454
776567062519242352,5891620578387310353,300471914551172981,0,1,dygkt,0.7086101712472729
776567062519242352,5791250638486922978,300471914551172981,1,1,dygkt,0.7210967093751325
776567062519242352,4031585874086886353,8573800373938698102,1,1,dygkt,0.7008520404487877
776567062519242352,2083452711903133430,8573800373938698102,1,1,dygkt,0.7137353617155724
776567062519242352,6319743179241711738,8573800373938698102,1,1,dygkt,0.701951847374613
776567062519242352,8628686323660025649,300471914551172981,0,1,dygkt,0.7205879267938833
776567062519242352,4378721629787482518,300471914551172981,0,1,dygkt,0.724137442742341
776567062519242352,4813462692425748605,300471914551172981,0,1,dygkt,0.7034432765089663
776567062519242352,4644364625800006675,300471914551172981,0,1,dygkt,0.7142003069127997
776567062519242352,1062464292871659639,8573800373938698102,1,1,dygkt,0.7023585923407423
776567062519242352,5932668873100475470,300471914551172981,0,1,dygkt,0.7268487641540647
776567062519242352,5237822943399727048,8573800373938698102,1,1,dygkt,0.7044684983744905
778563495851264148,300471914551172981,300471914551172981,1,1,dygkt,0.7028749415317669
778563495851264148,8573800373938698102,8573800373938698102,1,1,dygkt,0.6676368640578058
778563495851264148,2014268979504181100,300471914551172981,1,1,dygkt,0.6942338559132072
778563495851264148,2172169907340938753,300471914551172981,1,1,dygkt,0.6948940194208222
778563495851264148,8150806168444344502,300471914551172981,0,1,dygkt,0.7079672133459274
778563495851264148,816286915455981984,8573800373938698102,1,1,dygkt,0.6978668827589709
778563495851264148,1962751598315765836,300471914551172981,1,1,dygkt,0.7106940153884643
778563495851264148,7444476343858270082,300471914551172981,1,1,dygkt,0.7130078462864773
778563495851264148,2537821716777940730,300471914551172981,1,1,dygkt,0.7134851871859096
778563495851264148,1061301253559417093,300471914551172981,1,1,dygkt,0.7024686032740151
778563495851264148,8553379303363759508,300471914551172981,0,1,dygkt,0.6979778399738154
778563495851264148,6440511557387709110,300471914551172981,1,1,dygkt,0.7123706532113054
778563495851264148,7744513373483970787,8573800373938698102,1,1,dygkt,0.6707797992590749
778563495851264148,2971078979906996375,300471914551172981,1,1,dygkt,0.7067594239796433
778563495851264148,5841359775533910823,300471914551172981,0,1,dygkt,0.6900066165340146
778563495851264148,8621262567927479011,300471914551172981,1,1,dygkt,0.7118124178994717
778563495851264148,8434961942249729798,8573800373938698102,1,1,dygkt,0.6898108069615436
778563495851264148,2322042198017538996,8573800373938698102,1,1,dygkt,0.6910163644453529
778563495851264148,1742185772413642127,300471914551172981,1,1,dygkt,0.7153105844799644
778563495851264148,2334639155148655290,8573800373938698102,1,1,dygkt,0.6946586795692022
778563495851264148,7660717256841499384,300471914551172981,1,1,dygkt,0.7234764702781967
778563495851264148,4113615466659810841,300471914551172981,1,1,dygkt,0.7147954214398247
778563495851264148,6125574002232610732,300471914551172981,1,1,dygkt,0.6948527826289086
778563495851264148,2774368076249802464,8573800373938698102,1,1,dygkt,0.6874337423143132
778563495851264148,8903365289186067945,8573800373938698102,1,1,dygkt,0.689102898769302
778563495851264148,6925932688889117475,300471914551172981,1,1,dygkt,0.725688807993312
778563495851264148,8194071366621068887,8573800373938698102,1,1,dygkt,0.6763390293874736
778563495851264148,2986660907093963186,300471914551172981,1,1,dygkt,0.7289289524661072
778563495851264148,7591109345808921544,300471914551172981,1,1,dygkt,0.7149936273661694
778563495851264148,625545550176685521,8573800373938698102,1,1,dygkt,0.6956890288147367
778563495851264148,1761868641361943332,8573800373938698102,1,1,dygkt,0.7001583774438962
778563495851264148,4824259625677886603,300471914551172981,1,1,dygkt,0.7127689977334412
778563495851264148,8450591260754163598,8573800373938698102,1,1,dygkt,0.6876426540668787
778563495851264148,1553079256999111676,300471914551172981,1,1,dygkt,0.7174839087960774
778563495851264148,3220231712819306119,8573800373938698102,1,1,dygkt,0.6916803895285722
778563495851264148,338807275221326836,300471914551172981,1,1,dygkt,0.7104540231562652
778563495851264148,8525319303741530302,8573800373938698102,1,1,dygkt,0.692177888896398
778563495851264148,6587421150596252277,300471914551172981,1,1,dygkt,0.7184684516294454
778563495851264148,5891620578387310353,300471914551172981,1,1,dygkt,0.7086101712472729
778563495851264148,5791250638486922978,300471914551172981,1,1,dygkt,0.7210967093751325
778563495851264148,4031585874086886353,8573800373938698102,1,1,dygkt,0.7008520404487877
778563495851264148,2083452711903133430,8573800373938698102,1,1,dygkt,0.7137353617155724
778563495851264148,6319743179241711738,8573800373938698102,1,1,dygkt,0.701951847374613
778563495851264148,8628686323660025649,300471914551172981,0,1,dygkt,0.7205879267938833
778563495851264148,4378721629787482518,300471914551172981,1,1,dygkt,0.724137442742341
778563495851264148,4813462692425748605,300471914551172981,1,1,dygkt,0.7034432765089663
778563495851264148,4644364625800006675,300471914551172981,1,1,dygkt,0.7142003069127997
778563495851264148,1062464292871659639,8573800373938698102,1,1,dygkt,0.7023585923407423
778563495851264148,5932668873100475470,300471914551172981,1,1,dygkt,0.7268487641540647
778563495851264148,5237822943399727048,8573800373938698102,1,1,dygkt,0.7044684983744905
792014443860280347,300471914551172981,300471914551172981,1,1,dygkt,0.7028749415317669
792014443860280347,8573800373938698102,8573800373938698102,0,1,dygkt,0.6676368640578058
792014443860280347,2014268979504181100,300471914551172981,0,1,dygkt,0.6942338559132072
792014443860280347,2172169907340938753,300471914551172981,0,1,dygkt,0.6948940194208222
792014443860280347,8150806168444344502,300471914551172981,1,1,dygkt,0.7079672133459274
792014443860280347,816286915455981984,8573800373938698102,1,1,dygkt,0.6978668827589709
792014443860280347,1962751598315765836,300471914551172981,0,1,dygkt,0.7106940153884643
792014443860280347,7444476343858270082,300471914551172981,0,1,dygkt,0.7130078462864773
792014443860280347,2537821716777940730,300471914551172981,0,1,dygkt,0.7134851871859096
792014443860280347,1061301253559417093,300471914551172981,1,1,dygkt,0.7024686032740151
792014443860280347,8553379303363759508,300471914551172981,1,1,dygkt,0.6979778399738154
792014443860280347,6440511557387709110,300471914551172981,1,1,dygkt,0.7123706532113054
792014443860280347,7744513373483970787,8573800373938698102,0,1,dygkt,0.6707797992590749
792014443860280347,2971078979906996375,300471914551172981,1,1,dygkt,0.7067594239796433
792014443860280347,5841359775533910823,300471914551172981,1,1,dygkt,0.6900066165340146
792014443860280347,8621262567927479011,300471914551172981,1,1,dygkt,0.7118124178994717
792014443860280347,8434961942249729798,8573800373938698102,1,1,dygkt,0.6898108069615436
792014443860280347,2322042198017538996,8573800373938698102,0,1,dygkt,0.6910163644453529
792014443860280347,1742185772413642127,300471914551172981,1,1,dygkt,0.7153105844799644
792014443860280347,2334639155148655290,8573800373938698102,1,1,dygkt,0.6946586795692022
792014443860280347,7660717256841499384,300471914551172981,1,1,dygkt,0.7234764702781967
792014443860280347,4113615466659810841,300471914551172981,1,1,dygkt,0.7147954214398247
792014443860280347,6125574002232610732,300471914551172981,1,1,dygkt,0.6948527826289086
792014443860280347,2774368076249802464,8573800373938698102,1,1,dygkt,0.6874337423143132
792014443860280347,8903365289186067945,8573800373938698102,0,1,dygkt,0.689102898769302
792014443860280347,6925932688889117475,300471914551172981,1,1,dygkt,0.725688807993312
792014443860280347,8194071366621068887,8573800373938698102,0,1,dygkt,0.6763390293874736
792014443860280347,2986660907093963186,300471914551172981,1,1,dygkt,0.7289289524661072
792014443860280347,7591109345808921544,300471914551172981,1,1,dygkt,0.7149936273661694
792014443860280347,625545550176685521,8573800373938698102,0,1,dygkt,0.6956890288147367
792014443860280347,1761868641361943332,8573800373938698102,1,1,dygkt,0.7001583774438962
792014443860280347,4824259625677886603,300471914551172981,1,1,dygkt,0.7127689977334412
792014443860280347,8450591260754163598,8573800373938698102,1,1,dygkt,0.6876426540668787
792014443860280347,1553079256999111676,300471914551172981,1,1,dygkt,0.7174839087960774
792014443860280347,3220231712819306119,8573800373938698102,1,1,dygkt,0.6916803895285722
792014443860280347,338807275221326836,300471914551172981,1,1,dygkt,0.7104540231562652
792014443860280347,8525319303741530302,8573800373938698102,1,1,dygkt,0.692177888896398
792014443860280347,6587421150596252277,300471914551172981,1,1,dygkt,0.7184684516294454
792014443860280347,5891620578387310353,300471914551172981,0,1,dygkt,0.7086101712472729
792014443860280347,5791250638486922978,300471914551172981,1,1,dygkt,0.7210967093751325
792014443860280347,4031585874086886353,8573800373938698102,1,1,dygkt,0.7008520404487877
792014443860280347,2083452711903133430,8573800373938698102,1,1,dygkt,0.7137353617155724
792014443860280347,6319743179241711738,8573800373938698102,1,1,dygkt,0.701951847374613
792014443860280347,8628686323660025649,300471914551172981,1,1,dygkt,0.7205879267938833
792014443860280347,4378721629787482518,300471914551172981,1,1,dygkt,0.724137442742341
792014443860280347,4813462692425748605,300471914551172981,0,1,dygkt,0.7034432765089663
792014443860280347,4644364625800006675,300471914551172981,1,1,dygkt,0.7142003069127997
792014443860280347,1062464292871659639,8573800373938698102,1,1,dygkt,0.7023585923407423
792014443860280347,5932668873100475470,300471914551172981,1,1,dygkt,0.7268487641540647
792014443860280347,5237822943399727048,8573800373938698102,1,1,dygkt,0.7044684983744905
792446419317429246,300471914551172981,300471914551172981,1,1,dygkt,0.7028749415317669
792446419317429246,8573800373938698102,8573800373938698102,1,1,dygkt,0.6676368640578058
792446419317429246,2014268979504181100,300471914551172981,0,1,dygkt,0.6942338559132072
792446419317429246,2172169907340938753,300471914551172981,1,1,dygkt,0.6948940194208222
792446419317429246,8150806168444344502,300471914551172981,1,1,dygkt,0.7079672133459274
792446419317429246,816286915455981984,8573800373938698102,1,1,dygkt,0.6978668827589709
792446419317429246,1962751598315765836,300471914551172981,1,1,dygkt,0.7106940153884643
792446419317429246,7444476343858270082,300471914551172981,1,1,dygkt,0.7130078462864773
792446419317429246,2537821716777940730,300471914551172981,1,1,dygkt,0.7134851871859096
792446419317429246,1061301253559417093,300471914551172981,1,1,dygkt,0.7024686032740151
792446419317429246,8553379303363759508,300471914551172981,1,1,dygkt,0.6979778399738154
792446419317429246,6440511557387709110,300471914551172981,1,1,dygkt,0.7123706532113054
792446419317429246,7744513373483970787,8573800373938698102,1,1,dygkt,0.6707797992590749
792446419317429246,2971078979906996375,300471914551172981,1,1,dygkt,0.7067594239796433
792446419317429246,5841359775533910823,300471914551172981,0,1,dygkt,0.6900066165340146
792446419317429246,8621262567927479011,300471914551172981,1,1,dygkt,0.7118124178994717
792446419317429246,8434961942249729798,8573800373938698102,1,1,dygkt,0.6898108069615436
792446419317429246,2322042198017538996,8573800373938698102,1,1,dygkt,0.6910163644453529
792446419317429246,1742185772413642127,300471914551172981,1,1,dygkt,0.7153105844799644
792446419317429246,2334639155148655290,8573800373938698102,0,1,dygkt,0.6946586795692022
792446419317429246,7660717256841499384,300471914551172981,1,1,dygkt,0.7234764702781967
792446419317429246,4113615466659810841,300471914551172981,1,1,dygkt,0.7147954214398247
792446419317429246,6125574002232610732,300471914551172981,1,1,dygkt,0.6948527826289086
792446419317429246,2774368076249802464,8573800373938698102,1,1,dygkt,0.6874337423143132
792446419317429246,8903365289186067945,8573800373938698102,0,1,dygkt,0.689102898769302
792446419317429246,6925932688889117475,300471914551172981,0,1,dygkt,0.725688807993312
792446419317429246,8194071366621068887,8573800373938698102,0,1,dygkt,0.6763390293874736
792446419317429246,2986660907093963186,300471914551172981,1,1,dygkt,0.7289289524661072
792446419317429246,7591109345808921544,300471914551172981,1,1,dygkt,0.7149936273661694
792446419317429246,625545550176685521,8573800373938698102,1,1,dygkt,0.6956890288147367
792446419317429246,1761868641361943332,8573800373938698102,1,1,dygkt,0.7001583774438962
792446419317429246,4824259625677886603,300471914551172981,1,1,dygkt,0.7127689977334412
792446419317429246,8450591260754163598,8573800373938698102,1,1,dygkt,0.6876426540668787
792446419317429246,1553079256999111676,300471914551172981,1,1,dygkt,0.7174839087960774
792446419317429246,3220231712819306119,8573800373938698102,0,1,dygkt,0.6916803895285722
792446419317429246,338807275221326836,300471914551172981,1,1,dygkt,0.7104540231562652
792446419317429246,8525319303741530302,8573800373938698102,0,1,dygkt,0.692177888896398
792446419317429246,6587421150596252277,300471914551172981,1,1,dygkt,0.7184684516294454
792446419317429246,5891620578387310353,300471914551172981,1,1,dygkt,0.7086101712472729
792446419317429246,5791250638486922978,300471914551172981,1,1,dygkt,0.7210967093751325
792446419317429246,4031585874086886353,8573800373938698102,1,1,dygkt,0.7008520404487877
792446419317429246,2083452711903133430,8573800373938698102,1,1,dygkt,0.7137353617155724
792446419317429246,6319743179241711738,8573800373938698102,0,1,dygkt,0.701951847374613
792446419317429246,8628686323660025649,300471914551172981,1,1,dygkt,0.7205879267938833
792446419317429246,4378721629787482518,300471914551172981,1,1,dygkt,0.724137442742341
792446419317429246,4813462692425748605,300471914551172981,0,1,dygkt,0.7034432765089663
792446419317429246,4644364625800006675,300471914551172981,1,1,dygkt,0.7142003069127997
792446419317429246,1062464292871659639,8573800373938698102,1,1,dygkt,0.7023585923407423
792446419317429246,5932668873100475470,300471914551172981,1,1,dygkt,0.7268487641540647
792446419317429246,5237822943399727048,8573800373938698102,1,1,dygkt,0.7044684983744905
815543896097949188,300471914551172981,300471914551172981,1,1,dygkt,0.7028749415317669
815543896097949188,8573800373938698102,8573800373938698102,1,1,dygkt,0.6676368640578058
815543896097949188,2014268979504181100,300471914551172981,1,1,dygkt,0.6942338559132072
815543896097949188,2172169907340938753,300471914551172981,1,1,dygkt,0.6948940194208222
815543896097949188,8150806168444344502,300471914551172981,1,1,dygkt,0.7079672133459274
815543896097949188,816286915455981984,8573800373938698102,1,1,dygkt,0.6978668827589709
815543896097949188,1962751598315765836,300471914551172981,1,1,dygkt,0.7106940153884643
815543896097949188,7444476343858270082,300471914551172981,1,1,dygkt,0.7130078462864773
815543896097949188,2537821716777940730,300471914551172981,1,1,dygkt,0.7134851871859096
815543896097949188,1061301253559417093,300471914551172981,1,1,dygkt,0.7024686032740151
815543896097949188,8553379303363759508,300471914551172981,1,1,dygkt,0.6979778399738154
815543896097949188,6440511557387709110,300471914551172981,1,1,dygkt,0.7123706532113054
815543896097949188,7744513373483970787,8573800373938698102,1,1,dygkt,0.6707797992590749
815543896097949188,2971078979906996375,300471914551172981,1,1,dygkt,0.7067594239796433
815543896097949188,5841359775533910823,300471914551172981,1,1,dygkt,0.6900066165340146
815543896097949188,8621262567927479011,300471914551172981,1,1,dygkt,0.7118124178994717
815543896097949188,8434961942249729798,8573800373938698102,1,1,dygkt,0.6898108069615436
815543896097949188,2322042198017538996,8573800373938698102,1,1,dygkt,0.6910163644453529
815543896097949188,1742185772413642127,300471914551172981,1,1,dygkt,0.7153105844799644
815543896097949188,2334639155148655290,8573800373938698102,0,1,dygkt,0.6946586795692022
815543896097949188,7660717256841499384,300471914551172981,1,1,dygkt,0.7234764702781967
815543896097949188,4113615466659810841,300471914551172981,1,1,dygkt,0.7147954214398247
815543896097949188,6125574002232610732,300471914551172981,1,1,dygkt,0.6948527826289086
815543896097949188,2774368076249802464,8573800373938698102,0,1,dygkt,0.6874337423143132
815543896097949188,8903365289186067945,8573800373938698102,0,1,dygkt,0.689102898769302
815543896097949188,6925932688889117475,300471914551172981,1,1,dygkt,0.725688807993312
815543896097949188,8194071366621068887,8573800373938698102,0,1,dygkt,0.6763390293874736
815543896097949188,2986660907093963186,300471914551172981,1,1,dygkt,0.7289289524661072
815543896097949188,7591109345808921544,300471914551172981,1,1,dygkt,0.7149936273661694
815543896097949188,625545550176685521,8573800373938698102,0,1,dygkt,0.6956890288147367
815543896097949188,1761868641361943332,8573800373938698102,1,1,dygkt,0.7001583774438962
815543896097949188,4824259625677886603,300471914551172981,1,1,dygkt,0.7127689977334412
815543896097949188,8450591260754163598,8573800373938698102,1,1,dygkt,0.6876426540668787
815543896097949188,1553079256999111676,300471914551172981,1,1,dygkt,0.7174839087960774
815543896097949188,3220231712819306119,8573800373938698102,1,1,dygkt,0.6916803895285722
815543896097949188,338807275221326836,300471914551172981,1,1,dygkt,0.7104540231562652
815543896097949188,8525319303741530302,8573800373938698102,1,1,dygkt,0.692177888896398
815543896097949188,6587421150596252277,300471914551172981,1,1,dygkt,0.7184684516294454
815543896097949188,5891620578387310353,300471914551172981,1,1,dygkt,0.7086101712472729
815543896097949188,5791250638486922978,300471914551172981,1,1,dygkt,0.7210967093751325
815543896097949188,4031585874086886353,8573800373938698102,1,1,dygkt,0.7008520404487877
815543896097949188,2083452711903133430,8573800373938698102,1,1,dygkt,0.7137353617155724
815543896097949188,6319743179241711738,8573800373938698102,1,1,dygkt,0.701951847374613
815543896097949188,8628686323660025649,300471914551172981,1,1,dygkt,0.7205879267938833
815543896097949188,4378721629787482518,300471914551172981,1,1,dygkt,0.724137442742341
815543896097949188,4813462692425748605,300471914551172981,1,1,dygkt,0.7034432765089663
815543896097949188,4644364625800006675,300471914551172981,0,1,dygkt,0.7142003069127997
815543896097949188,1062464292871659639,8573800373938698102,0,1,dygkt,0.7023585923407423
815543896097949188,5932668873100475470,300471914551172981,1,1,dygkt,0.7268487641540647
815543896097949188,5237822943399727048,8573800373938698102,1,1,dygkt,0.7044684983744905
816596308256074087,300471914551172981,300471914551172981,1,1,dygkt,0.7028749415317669
816596308256074087,8573800373938698102,8573800373938698102,0,1,dygkt,0.6676368640578058
816596308256074087,2014268979504181100,300471914551172981,1,1,dygkt,0.6942338559132072
816596308256074087,2172169907340938753,300471914551172981,1,1,dygkt,0.6948940194208222
816596308256074087,8150806168444344502,300471914551172981,1,1,dygkt,0.7079672133459274
816596308256074087,816286915455981984,8573800373938698102,1,1,dygkt,0.6978668827589709
816596308256074087,1962751598315765836,300471914551172981,1,1,dygkt,0.7106940153884643
816596308256074087,7444476343858270082,300471914551172981,1,1,dygkt,0.7130078462864773
816596308256074087,2537821716777940730,300471914551172981,1,1,dygkt,0.7134851871859096
816596308256074087,1061301253559417093,300471914551172981,1,1,dygkt,0.7024686032740151
816596308256074087,8553379303363759508,300471914551172981,1,1,dygkt,0.6979778399738154
816596308256074087,6440511557387709110,300471914551172981,1,1,dygkt,0.7123706532113054
816596308256074087,7744513373483970787,8573800373938698102,1,1,dygkt,0.6707797992590749
816596308256074087,2971078979906996375,300471914551172981,1,1,dygkt,0.7067594239796433
816596308256074087,5841359775533910823,300471914551172981,1,1,dygkt,0.6900066165340146
816596308256074087,8621262567927479011,300471914551172981,1,1,dygkt,0.7118124178994717
816596308256074087,8434961942249729798,8573800373938698102,1,1,dygkt,0.6898108069615436
816596308256074087,2322042198017538996,8573800373938698102,1,1,dygkt,0.6910163644453529
816596308256074087,1742185772413642127,300471914551172981,1,1,dygkt,0.7153105844799644
816596308256074087,2334639155148655290,8573800373938698102,1,1,dygkt,0.6946586795692022
816596308256074087,7660717256841499384,300471914551172981,1,1,dygkt,0.7234764702781967
816596308256074087,4113615466659810841,300471914551172981,1,1,dygkt,0.7147954214398247
816596308256074087,6125574002232610732,300471914551172981,1,1,dygkt,0.6948527826289086
816596308256074087,2774368076249802464,8573800373938698102,1,1,dygkt,0.6874337423143132
816596308256074087,8903365289186067945,8573800373938698102,1,1,dygkt,0.689102898769302
816596308256074087,6925932688889117475,300471914551172981,1,1,dygkt,0.725688807993312
816596308256074087,8194071366621068887,8573800373938698102,1,1,dygkt,0.6763390293874736
816596308256074087,2986660907093963186,300471914551172981,1,1,dygkt,0.7289289524661072
816596308256074087,7591109345808921544,300471914551172981,1,1,dygkt,0.7149936273661694
816596308256074087,625545550176685521,8573800373938698102,1,1,dygkt,0.6956890288147367
816596308256074087,1761868641361943332,8573800373938698102,1,1,dygkt,0.7001583774438962
816596308256074087,4824259625677886603,300471914551172981,1,1,dygkt,0.7127689977334412
816596308256074087,8450591260754163598,8573800373938698102,1,1,dygkt,0.6876426540668787
816596308256074087,1553079256999111676,300471914551172981,1,1,dygkt,0.7174839087960774
816596308256074087,3220231712819306119,8573800373938698102,1,1,dygkt,0.6916803895285722
816596308256074087,338807275221326836,300471914551172981,1,1,dygkt,0.7104540231562652
816596308256074087,8525319303741530302,8573800373938698102,1,1,dygkt,0.692177888896398
816596308256074087,6587421150596252277,300471914551172981,1,1,dygkt,0.7184684516294454
816596308256074087,5891620578387310353,300471914551172981,1,1,dygkt,0.7086101712472729
816596308256074087,5791250638486922978,300471914551172981,1,1,dygkt,0.7210967093751325
816596308256074087,4031585874086886353,8573800373938698102,1,1,dygkt,0.7008520404487877
816596308256074087,2083452711903133430,8573800373938698102,1,1,dygkt,0.7137353617155724
816596308256074087,6319743179241711738,8573800373938698102,1,1,dygkt,0.701951847374613
816596308256074087,8628686323660025649,300471914551172981,1,1,dygkt,0.7205879267938833
816596308256074087,4378721629787482518,300471914551172981,1,1,dygkt,0.724137442742341
816596308256074087,4813462692425748605,300471914551172981,1,1,dygkt,0.7034432765089663
816596308256074087,4644364625800006675,300471914551172981,1,1,dygkt,0.7142003069127997
816596308256074087,1062464292871659639,8573800373938698102,0,1,dygkt,0.7023585923407423
816596308256074087,5932668873100475470,300471914551172981,1,1,dygkt,0.7268487641540647
816596308256074087,5237822943399727048,8573800373938698102,1,1,dygkt,0.7044684983744905
837249346332151142,300471914551172981,300471914551172981,1,1,dygkt,0.7028749415317669
837249346332151142,8573800373938698102,8573800373938698102,1,1,dygkt,0.6676368640578058
837249346332151142,2014268979504181100,300471914551172981,0,1,dygkt,0.6942338559132072
837249346332151142,2172169907340938753,300471914551172981,1,1,dygkt,0.6948940194208222
837249346332151142,8150806168444344502,300471914551172981,1,1,dygkt,0.7079672133459274
837249346332151142,816286915455981984,8573800373938698102,1,1,dygkt,0.6978668827589709
837249346332151142,1962751598315765836,300471914551172981,1,1,dygkt,0.7106940153884643
837249346332151142,7444476343858270082,300471914551172981,1,1,dygkt,0.7130078462864773
837249346332151142,2537821716777940730,300471914551172981,1,1,dygkt,0.7134851871859096
837249346332151142,1061301253559417093,300471914551172981,0,1,dygkt,0.7024686032740151
837249346332151142,8553379303363759508,300471914551172981,0,1,dygkt,0.6979778399738154
837249346332151142,6440511557387709110,300471914551172981,1,1,dygkt,0.7123706532113054
837249346332151142,7744513373483970787,8573800373938698102,1,1,dygkt,0.6707797992590749
837249346332151142,2971078979906996375,300471914551172981,1,1,dygkt,0.7067594239796433
837249346332151142,5841359775533910823,300471914551172981,0,1,dygkt,0.6900066165340146
837249346332151142,8621262567927479011,300471914551172981,1,1,dygkt,0.7118124178994717
837249346332151142,8434961942249729798,8573800373938698102,1,1,dygkt,0.6898108069615436
837249346332151142,2322042198017538996,8573800373938698102,1,1,dygkt,0.6910163644453529
837249346332151142,1742185772413642127,300471914551172981,1,1,dygkt,0.7153105844799644
837249346332151142,2334639155148655290,8573800373938698102,1,1,dygkt,0.6946586795692022
837249346332151142,7660717256841499384,300471914551172981,1,1,dygkt,0.7234764702781967
837249346332151142,4113615466659810841,300471914551172981,1,1,dygkt,0.7147954214398247
837249346332151142,6125574002232610732,300471914551172981,1,1,dygkt,0.6948527826289086
837249346332151142,2774368076249802464,8573800373938698102,1,1,dygkt,0.6874337423143132
837249346332151142,8903365289186067945,8573800373938698102,1,1,dygkt,0.689102898769302
837249346332151142,6925932688889117475,300471914551172981,1,1,dygkt,0.725688807993312
837249346332151142,8194071366621068887,8573800373938698102,1,1,dygkt,0.6763390293874736
837249346332151142,2986660907093963186,300471914551172981,1,1,dygkt,0.7289289524661072
837249346332151142,7591109345808921544,300471914551172981,0,1,dygkt,0.7149936273661694
837249346332151142,625545550176685521,8573800373938698102,1,1,dygkt,0.6956890288147367
837249346332151142,1761868641361943332,8573800373938698102,1,1,dygkt,0.7001583774438962
837249346332151142,4824259625677886603,300471914551172981,0,1,dygkt,0.7127689977334412
837249346332151142,8450591260754163598,8573800373938698102,1,1,dygkt,0.6876426540668787
837249346332151142,1553079256999111676,300471914551172981,0,1,dygkt,0.7174839087960774
837249346332151142,3220231712819306119,8573800373938698102,1,1,dygkt,0.6916803895285722
837249346332151142,338807275221326836,300471914551172981,0,1,dygkt,0.7104540231562652
837249346332151142,8525319303741530302,8573800373938698102,1,1,dygkt,0.692177888896398
837249346332151142,6587421150596252277,300471914551172981,1,1,dygkt,0.7184684516294454
837249346332151142,5891620578387310353,300471914551172981,0,1,dygkt,0.7086101712472729
837249346332151142,5791250638486922978,300471914551172981,0,1,dygkt,0.7210967093751325
837249346332151142,4031585874086886353,8573800373938698102,1,1,dygkt,0.7008520404487877
837249346332151142,2083452711903133430,8573800373938698102,1,1,dygkt,0.7137353617155724
837249346332151142,6319743179241711738,8573800373938698102,1,1,dygkt,0.701951847374613
837249346332151142,8628686323660025649,300471914551172981,1,1,dygkt,0.7205879267938833
837249346332151142,4378721629787482518,300471914551172981,1,1,dygkt,0.724137442742341
837249346332151142,4813462692425748605,300471914551172981,0,1,dygkt,0.7034432765089663
837249346332151142,4644364625800006675,300471914551172981,1,1,dygkt,0.7142003069127997
837249346332151142,1062464292871659639,8573800373938698102,1,1,dygkt,0.7023585923407423
837249346332151142,5932668873100475470,300471914551172981,1,1,dygkt,0.7268487641540647
837249346332151142,5237822943399727048,8573800373938698102,1,1,dygkt,0.7044684983744905
862177479803381102,300471914551172981,300471914551172981,0,1,dygkt,0.7028749415317669
862177479803381102,8573800373938698102,8573800373938698102,0,1,dygkt,0.6676368640578058
862177479803381102,2014268979504181100,300471914551172981,0,1,dygkt,0.6942338559132072
862177479803381102,2172169907340938753,300471914551172981,1,1,dygkt,0.6948940194208222
862177479803381102,8150806168444344502,300471914551172981,0,1,dygkt,0.7079672133459274
862177479803381102,816286915455981984,8573800373938698102,1,1,dygkt,0.6978668827589709
862177479803381102,1962751598315765836,300471914551172981,1,1,dygkt,0.7106940153884643
862177479803381102,7444476343858270082,300471914551172981,1,1,dygkt,0.7130078462864773
862177479803381102,2537821716777940730,300471914551172981,1,1,dygkt,0.7134851871859096
862177479803381102,1061301253559417093,300471914551172981,0,1,dygkt,0.7024686032740151
862177479803381102,8553379303363759508,300471914551172981,0,1,dygkt,0.6979778399738154
862177479803381102,6440511557387709110,300471914551172981,1,1,dygkt,0.7123706532113054
862177479803381102,7744513373483970787,8573800373938698102,1,1,dygkt,0.6707797992590749
862177479803381102,2971078979906996375,300471914551172981,0,1,dygkt,0.7067594239796433
862177479803381102,5841359775533910823,300471914551172981,0,1,dygkt,0.6900066165340146
862177479803381102,8621262567927479011,300471914551172981,0,1,dygkt,0.7118124178994717
862177479803381102,8434961942249729798,8573800373938698102,1,1,dygkt,0.6898108069615436
862177479803381102,2322042198017538996,8573800373938698102,1,1,dygkt,0.6910163644453529
862177479803381102,1742185772413642127,300471914551172981,1,1,dygkt,0.7153105844799644
862177479803381102,2334639155148655290,8573800373938698102,1,1,dygkt,0.6946586795692022
862177479803381102,7660717256841499384,300471914551172981,1,1,dygkt,0.7234764702781967
862177479803381102,4113615466659810841,300471914551172981,1,1,dygkt,0.7147954214398247
862177479803381102,6125574002232610732,300471914551172981,0,1,dygkt,0.6948527826289086
862177479803381102,2774368076249802464,8573800373938698102,1,1,dygkt,0.6874337423143132
862177479803381102,8903365289186067945,8573800373938698102,1,1,dygkt,0.689102898769302
862177479803381102,6925932688889117475,300471914551172981,1,1,dygkt,0.725688807993312
862177479803381102,8194071366621068887,8573800373938698102,0,1,dygkt,0.6763390293874736
862177479803381102,2986660907093963186,300471914551172981,1,1,dygkt,0.7289289524661072
862177479803381102,7591109345808921544,300471914551172981,0,1,dygkt,0.7149936273661694
862177479803381102,625545550176685521,8573800373938698102,0,1,dygkt,0.6956890288147367
862177479803381102,1761868641361943332,8573800373938698102,1,1,dygkt,0.7001583774438962
862177479803381102,4824259625677886603,300471914551172981,0,1,dygkt,0.7127689977334412
862177479803381102,8450591260754163598,8573800373938698102,1,1,dygkt,0.6876426540668787
862177479803381102,1553079256999111676,300471914551172981,1,1,dygkt,0.7174839087960774
862177479803381102,3220231712819306119,8573800373938698102,1,1,dygkt,0.6916803895285722
862177479803381102,338807275221326836,300471914551172981,0,1,dygkt,0.7104540231562652
862177479803381102,8525319303741530302,8573800373938698102,1,1,dygkt,0.692177888896398
862177479803381102,6587421150596252277,300471914551172981,1,1,dygkt,0.7184684516294454
862177479803381102,5891620578387310353,300471914551172981,0,1,dygkt,0.7086101712472729
862177479803381102,5791250638486922978,300471914551172981,1,1,dygkt,0.7210967093751325
862177479803381102,4031585874086886353,8573800373938698102,1,1,dygkt,0.7008520404487877
862177479803381102,2083452711903133430,8573800373938698102,1,1,dygkt,0.7137353617155724
862177479803381102,6319743179241711738,8573800373938698102,1,1,dygkt,0.701951847374613
862177479803381102,8628686323660025649,300471914551172981,1,1,dygkt,0.7205879267938833
862177479803381102,4378721629787482518,300471914551172981,0,1,dygkt,0.724137442742341
862177479803381102,4813462692425748605,300471914551172981,0,1,dygkt,0.7034432765089663
862177479803381102,4644364625800006675,300471914551172981,0,1,dygkt,0.7142003069127997
862177479803381102,1062464292871659639,8573800373938698102,1,1,dygkt,0.7023585923407423
862177479803381102,5932668873100475470,300471914551172981,1,1,dygkt,0.7268487641540647
862177479803381102,5237822943399727048,8573800373938698102,1,1,dygkt,0.7044684983744905
942706140549317669,300471914551172981,300471914551172981,1,1,dygkt,0.7028749415317669
942706140549317669,8573800373938698102,8573800373938698102,0,1,dygkt,0.6676368640578058
942706140549317669,2014268979504181100,300471914551172981,0,1,dygkt,0.6942338559132072
942706140549317669,2172169907340938753,300471914551172981,1,1,dygkt,0.6948940194208222
942706140549317669,8150806168444344502,300471914551172981,1,1,dygkt,0.7079672133459274
942706140549317669,816286915455981984,8573800373938698102,0,1,dygkt,0.6978668827589709
942706140549317669,1962751598315765836,300471914551172981,1,1,dygkt,0.7106940153884643
942706140549317669,7444476343858270082,300471914551172981,1,1,dygkt,0.7130078462864773
942706140549317669,2537821716777940730,300471914551172981,1,1,dygkt,0.7134851871859096
942706140549317669,1061301253559417093,300471914551172981,1,1,dygkt,0.7024686032740151
942706140549317669,8553379303363759508,300471914551172981,1,1,dygkt,0.6979778399738154
942706140549317669,6440511557387709110,300471914551172981,1,1,dygkt,0.7123706532113054
942706140549317669,7744513373483970787,8573800373938698102,0,1,dygkt,0.6707797992590749
942706140549317669,2971078979906996375,300471914551172981,1,1,dygkt,0.7067594239796433
942706140549317669,5841359775533910823,300471914551172981,1,1,dygkt,0.6900066165340146
942706140549317669,8621262567927479011,300471914551172981,1,1,dygkt,0.7118124178994717
942706140549317669,8434961942249729798,8573800373938698102,0,1,dygkt,0.6898108069615436
942706140549317669,2322042198017538996,8573800373938698102,0,1,dygkt,0.6910163644453529
942706140549317669,1742185772413642127,300471914551172981,1,1,dygkt,0.7153105844799644
942706140549317669,2334639155148655290,8573800373938698102,0,1,dygkt,0.6946586795692022
942706140549317669,7660717256841499384,300471914551172981,1,1,dygkt,0.7234764702781967
942706140549317669,4113615466659810841,300471914551172981,1,1,dygkt,0.7147954214398247
942706140549317669,6125574002232610732,300471914551172981,1,1,dygkt,0.6948527826289086
942706140549317669,2774368076249802464,8573800373938698102,0,1,dygkt,0.6874337423143132
942706140549317669,8903365289186067945,8573800373938698102,0,1,dygkt,0.689102898769302
942706140549317669,6925932688889117475,300471914551172981,1,1,dygkt,0.725688807993312
942706140549317669,8194071366621068887,8573800373938698102,0,1,dygkt,0.6763390293874736
942706140549317669,2986660907093963186,300471914551172981,1,1,dygkt,0.7289289524661072
942706140549317669,7591109345808921544,300471914551172981,1,1,dygkt,0.7149936273661694
942706140549317669,625545550176685521,8573800373938698102,0,1,dygkt,0.6956890288147367
942706140549317669,1761868641361943332,8573800373938698102,0,1,dygkt,0.7001583774438962
942706140549317669,4824259625677886603,300471914551172981,1,1,dygkt,0.7127689977334412
942706140549317669,8450591260754163598,8573800373938698102,0,1,dygkt,0.6876426540668787
942706140549317669,1553079256999111676,300471914551172981,1,1,dygkt,0.7174839087960774
942706140549317669,3220231712819306119,8573800373938698102,1,1,dygkt,0.6916803895285722
942706140549317669,338807275221326836,300471914551172981,1,1,dygkt,0.7104540231562652
942706140549317669,8525319303741530302,8573800373938698102,0,1,dygkt,0.692177888896398
942706140549317669,6587421150596252277,300471914551172981,1,1,dygkt,0.7184684516294454
942706140549317669,5891620578387310353,300471914551172981,1,1,dygkt,0.7086101712472729
942706140549317669,5791250638486922978,300471914551172981,1,1,dygkt,0.7210967093751325
942706140549317669,4031585874086886353,8573800373938698102,0,1,dygkt,0.7008520404487877
942706140549317669,2083452711903133430,8573800373938698102,1,1,dygkt,0.7137353617155724
942706140549317669,6319743179241711738,8573800373938698102,0,1,dygkt,0.701951847374613
942706140549317669,8628686323660025649,300471914551172981,1,1,dygkt,0.7205879267938833
942706140549317669,4378721629787482518,300471914551172981,1,1,dygkt,0.724137442742341
942706140549317669,4813462692425748605,300471914551172981,1,1,dygkt,0.7034432765089663
942706140549317669,4644364625800006675,300471914551172981,1,1,dygkt,0.7142003069127997
942706140549317669,1062464292871659639,8573800373938698102,0,1,dygkt,0.7023585923407423
942706140549317669,5932668873100475470,300471914551172981,1,1,dygkt,0.7268487641540647
942706140549317669,5237822943399727048,8573800373938698102,0,1,dygkt,0.7044684983744905
948515507813699733,300471914551172981,300471914551172981,1,1,dygkt,0.7028749415317669
948515507813699733,8573800373938698102,8573800373938698102,1,1,dygkt,0.6676368640578058
948515507813699733,2014268979504181100,300471914551172981,0,1,dygkt,0.6942338559132072
948515507813699733,2172169907340938753,300471914551172981,0,1,dygkt,0.6948940194208222
948515507813699733,8150806168444344502,300471914551172981,1,1,dygkt,0.7079672133459274
948515507813699733,816286915455981984,8573800373938698102,1,1,dygkt,0.6978668827589709
948515507813699733,1962751598315765836,300471914551172981,0,1,dygkt,0.7106940153884643
948515507813699733,7444476343858270082,300471914551172981,1,1,dygkt,0.7130078462864773
948515507813699733,2537821716777940730,300471914551172981,1,1,dygkt,0.7134851871859096
948515507813699733,1061301253559417093,300471914551172981,1,1,dygkt,0.7024686032740151
948515507813699733,8553379303363759508,300471914551172981,1,1,dygkt,0.6979778399738154
948515507813699733,6440511557387709110,300471914551172981,1,1,dygkt,0.7123706532113054
948515507813699733,7744513373483970787,8573800373938698102,1,1,dygkt,0.6707797992590749
948515507813699733,2971078979906996375,300471914551172981,1,1,dygkt,0.7067594239796433
948515507813699733,5841359775533910823,300471914551172981,1,1,dygkt,0.6900066165340146
948515507813699733,8621262567927479011,300471914551172981,1,1,dygkt,0.7118124178994717
948515507813699733,8434961942249729798,8573800373938698102,1,1,dygkt,0.6898108069615436
948515507813699733,2322042198017538996,8573800373938698102,1,1,dygkt,0.6910163644453529
948515507813699733,1742185772413642127,300471914551172981,1,1,dygkt,0.7153105844799644
948515507813699733,2334639155148655290,8573800373938698102,1,1,dygkt,0.6946586795692022
948515507813699733,7660717256841499384,300471914551172981,1,1,dygkt,0.7234764702781967
948515507813699733,4113615466659810841,300471914551172981,1,1,dygkt,0.7147954214398247
948515507813699733,6125574002232610732,300471914551172981,0,1,dygkt,0.6948527826289086
948515507813699733,2774368076249802464,8573800373938698102,1,1,dygkt,0.6874337423143132
948515507813699733,8903365289186067945,8573800373938698102,0,1,dygkt,0.689102898769302
948515507813699733,6925932688889117475,300471914551172981,1,1,dygkt,0.725688807993312
948515507813699733,8194071366621068887,8573800373938698102,1,1,dygkt,0.6763390293874736
948515507813699733,2986660907093963186,300471914551172981,1,1,dygkt,0.7289289524661072
948515507813699733,7591109345808921544,300471914551172981,1,1,dygkt,0.7149936273661694
948515507813699733,625545550176685521,8573800373938698102,1,1,dygkt,0.6956890288147367
948515507813699733,1761868641361943332,8573800373938698102,1,1,dygkt,0.7001583774438962
948515507813699733,4824259625677886603,300471914551172981,1,1,dygkt,0.7127689977334412
948515507813699733,8450591260754163598,8573800373938698102,1,1,dygkt,0.6876426540668787
948515507813699733,1553079256999111676,300471914551172981,1,1,dygkt,0.7174839087960774
948515507813699733,3220231712819306119,8573800373938698102,1,1,dygkt,0.6916803895285722
948515507813699733,338807275221326836,300471914551172981,1,1,dygkt,0.7104540231562652
948515507813699733,8525319303741530302,8573800373938698102,1,1,dygkt,0.692177888896398
948515507813699733,6587421150596252277,300471914551172981,1,1,dygkt,0.7184684516294454
948515507813699733,5891620578387310353,300471914551172981,1,1,dygkt,0.7086101712472729
948515507813699733,5791250638486922978,300471914551172981,1,1,dygkt,0.7210967093751325
948515507813699733,4031585874086886353,8573800373938698102,1,1,dygkt,0.7008520404487877
948515507813699733,2083452711903133430,8573800373938698102,1,1,dygkt,0.7137353617155724
948515507813699733,6319743179241711738,8573800373938698102,1,1,dygkt,0.701951847374613
948515507813699733,8628686323660025649,300471914551172981,1,1,dygkt,0.7205879267938833
948515507813699733,4378721629787482518,300471914551172981,1,1,dygkt,0.724137442742341
948515507813699733,4813462692425748605,300471914551172981,1,1,dygkt,0.7034432765089663
948515507813699733,4644364625800006675,300471914551172981,0,1,dygkt,0.7142003069127997
948515507813699733,1062464292871659639,8573800373938698102,1,1,dygkt,0.7023585923407423
948515507813699733,5932668873100475470,300471914551172981,1,1,dygkt,0.7268487641540647
948515507813699733,5237822943399727048,8573800373938698102,1,1,dygkt,0.7044684983744905
958813039069687279,300471914551172981,300471914551172981,1,1,dygkt,0.7028749415317669
958813039069687279,8573800373938698102,8573800373938698102,1,1,dygkt,0.6676368640578058
958813039069687279,2014268979504181100,300471914551172981,1,1,dygkt,0.6942338559132072
958813039069687279,2172169907340938753,300471914551172981,1,1,dygkt,0.6948940194208222
958813039069687279,8150806168444344502,300471914551172981,1,1,dygkt,0.7079672133459274
958813039069687279,816286915455981984,8573800373938698102,1,1,dygkt,0.6978668827589709
958813039069687279,1962751598315765836,300471914551172981,1,1,dygkt,0.7106940153884643
958813039069687279,7444476343858270082,300471914551172981,1,1,dygkt,0.7130078462864773
958813039069687279,2537821716777940730,300471914551172981,1,1,dygkt,0.7134851871859096
958813039069687279,1061301253559417093,300471914551172981,1,1,dygkt,0.7024686032740151
958813039069687279,8553379303363759508,300471914551172981,1,1,dygkt,0.6979778399738154
958813039069687279,6440511557387709110,300471914551172981,1,1,dygkt,0.7123706532113054
958813039069687279,7744513373483970787,8573800373938698102,1,1,dygkt,0.6707797992590749
958813039069687279,2971078979906996375,300471914551172981,1,1,dygkt,0.7067594239796433
958813039069687279,5841359775533910823,300471914551172981,0,1,dygkt,0.6900066165340146
958813039069687279,8621262567927479011,300471914551172981,1,1,dygkt,0.7118124178994717
958813039069687279,8434961942249729798,8573800373938698102,1,1,dygkt,0.6898108069615436
958813039069687279,2322042198017538996,8573800373938698102,1,1,dygkt,0.6910163644453529
958813039069687279,1742185772413642127,300471914551172981,1,1,dygkt,0.7153105844799644
958813039069687279,2334639155148655290,8573800373938698102,1,1,dygkt,0.6946586795692022
958813039069687279,7660717256841499384,300471914551172981,1,1,dygkt,0.7234764702781967
958813039069687279,4113615466659810841,300471914551172981,1,1,dygkt,0.7147954214398247
958813039069687279,6125574002232610732,300471914551172981,1,1,dygkt,0.6948527826289086
958813039069687279,2774368076249802464,8573800373938698102,1,1,dygkt,0.6874337423143132
958813039069687279,8903365289186067945,8573800373938698102,1,1,dygkt,0.689102898769302
958813039069687279,6925932688889117475,300471914551172981,1,1,dygkt,0.725688807993312
958813039069687279,8194071366621068887,8573800373938698102,1,1,dygkt,0.6763390293874736
958813039069687279,2986660907093963186,300471914551172981,1,1,dygkt,0.7289289524661072
958813039069687279,7591109345808921544,300471914551172981,1,1,dygkt,0.7149936273661694
958813039069687279,625545550176685521,8573800373938698102,1,1,dygkt,0.6956890288147367
958813039069687279,1761868641361943332,8573800373938698102,1,1,dygkt,0.7001583774438962
958813039069687279,4824259625677886603,300471914551172981,1,1,dygkt,0.7127689977334412
958813039069687279,8450591260754163598,8573800373938698102,1,1,dygkt,0.6876426540668787
958813039069687279,1553079256999111676,300471914551172981,1,1,dygkt,0.7174839087960774
958813039069687279,3220231712819306119,8573800373938698102,1,1,dygkt,0.6916803895285722
958813039069687279,338807275221326836,300471914551172981,1,1,dygkt,0.7104540231562652
958813039069687279,8525319303741530302,8573800373938698102,1,1,dygkt,0.692177888896398
958813039069687279,6587421150596252277,300471914551172981,1,1,dygkt,0.7184684516294454
958813039069687279,5891620578387310353,300471914551172981,1,1,dygkt,0.7086101712472729
958813039069687279,5791250638486922978,300471914551172981,1,1,dygkt,0.7210967093751325
958813039069687279,4031585874086886353,8573800373938698102,1,1,dygkt,0.7008520404487877
958813039069687279,2083452711903133430,8573800373938698102,1,1,dygkt,0.7137353617155724
958813039069687279,6319743179241711738,8573800373938698102,1,1,dygkt,0.701951847374613
958813039069687279,8628686323660025649,300471914551172981,1,1,dygkt,0.7205879267938833
958813039069687279,4378721629787482518,300471914551172981,1,1,dygkt,0.724137442742341
958813039069687279,4813462692425748605,300471914551172981,1,1,dygkt,0.7034432765089663
958813039069687279,4644364625800006675,300471914551172981,1,1,dygkt,0.7142003069127997
958813039069687279,1062464292871659639,8573800373938698102,1,1,dygkt,0.7023585923407423
958813039069687279,5932668873100475470,300471914551172981,1,1,dygkt,0.7268487641540647
958813039069687279,5237822943399727048,8573800373938698102,1,1,dygkt,0.7044684983744905
1008649928653191505,300471914551172981,300471914551172981,0,1,dygkt,0.7028749415317669
1008649928653191505,8573800373938698102,8573800373938698102,0,1,dygkt,0.6676368640578058
1008649928653191505,2014268979504181100,300471914551172981,0,1,dygkt,0.6942338559132072
1008649928653191505,2172169907340938753,300471914551172981,0,1,dygkt,0.6948940194208222
1008649928653191505,8150806168444344502,300471914551172981,0,1,dygkt,0.7079672133459274
1008649928653191505,816286915455981984,8573800373938698102,0,1,dygkt,0.6978668827589709
1008649928653191505,1962751598315765836,300471914551172981,0,1,dygkt,0.7106940153884643
1008649928653191505,7444476343858270082,300471914551172981,1,1,dygkt,0.7130078462864773
1008649928653191505,2537821716777940730,300471914551172981,0,1,dygkt,0.7134851871859096
1008649928653191505,1061301253559417093,300471914551172981,0,1,dygkt,0.7024686032740151
1008649928653191505,8553379303363759508,300471914551172981,0,1,dygkt,0.6979778399738154
1008649928653191505,6440511557387709110,300471914551172981,0,1,dygkt,0.7123706532113054
1008649928653191505,7744513373483970787,8573800373938698102,0,1,dygkt,0.6707797992590749
1008649928653191505,2971078979906996375,300471914551172981,0,1,dygkt,0.7067594239796433
1008649928653191505,5841359775533910823,300471914551172981,0,1,dygkt,0.6900066165340146
1008649928653191505,8621262567927479011,300471914551172981,0,1,dygkt,0.7118124178994717
1008649928653191505,8434961942249729798,8573800373938698102,1,1,dygkt,0.6898108069615436
1008649928653191505,2322042198017538996,8573800373938698102,0,1,dygkt,0.6910163644453529
1008649928653191505,1742185772413642127,300471914551172981,0,1,dygkt,0.7153105844799644
1008649928653191505,2334639155148655290,8573800373938698102,0,1,dygkt,0.6946586795692022
1008649928653191505,7660717256841499384,300471914551172981,1,1,dygkt,0.7234764702781967
1008649928653191505,4113615466659810841,300471914551172981,0,1,dygkt,0.7147954214398247
1008649928653191505,6125574002232610732,300471914551172981,1,1,dygkt,0.6948527826289086
1008649928653191505,2774368076249802464,8573800373938698102,0,1,dygkt,0.6874337423143132
1008649928653191505,8903365289186067945,8573800373938698102,0,1,dygkt,0.689102898769302
1008649928653191505,6925932688889117475,300471914551172981,0,1,dygkt,0.725688807993312
1008649928653191505,8194071366621068887,8573800373938698102,0,1,dygkt,0.6763390293874736
1008649928653191505,2986660907093963186,300471914551172981,0,1,dygkt,0.7289289524661072
1008649928653191505,7591109345808921544,300471914551172981,0,1,dygkt,0.7149936273661694
1008649928653191505,625545550176685521,8573800373938698102,0,1,dygkt,0.6956890288147367
1008649928653191505,1761868641361943332,8573800373938698102,0,1,dygkt,0.7001583774438962
1008649928653191505,4824259625677886603,300471914551172981,0,1,dygkt,0.7127689977334412
1008649928653191505,8450591260754163598,8573800373938698102,0,1,dygkt,0.6876426540668787
1008649928653191505,1553079256999111676,300471914551172981,0,1,dygkt,0.7174839087960774
1008649928653191505,3220231712819306119,8573800373938698102,0,1,dygkt,0.6916803895285722
1008649928653191505,338807275221326836,300471914551172981,0,1,dygkt,0.7104540231562652
1008649928653191505,8525319303741530302,8573800373938698102,0,1,dygkt,0.692177888896398
1008649928653191505,6587421150596252277,300471914551172981,1,1,dygkt,0.7184684516294454
1008649928653191505,5891620578387310353,300471914551172981,0,1,dygkt,0.7086101712472729
1008649928653191505,5791250638486922978,300471914551172981,0,1,dygkt,0.7210967093751325
1008649928653191505,4031585874086886353,8573800373938698102,0,1,dygkt,0.7008520404487877
1008649928653191505,2083452711903133430,8573800373938698102,0,1,dygkt,0.7137353617155724
1008649928653191505,6319743179241711738,8573800373938698102,0,1,dygkt,0.701951847374613
1008649928653191505,8628686323660025649,300471914551172981,0,1,dygkt,0.7205879267938833
1008649928653191505,4378721629787482518,300471914551172981,1,1,dygkt,0.724137442742341
1008649928653191505,4813462692425748605,300471914551172981,0,1,dygkt,0.7034432765089663
1008649928653191505,4644364625800006675,300471914551172981,0,1,dygkt,0.7142003069127997
1008649928653191505,1062464292871659639,8573800373938698102,0,1,dygkt,0.7023585923407423
1008649928653191505,5932668873100475470,300471914551172981,1,1,dygkt,0.7268487641540647
1008649928653191505,5237822943399727048,8573800373938698102,0,1,dygkt,0.7044684983744905
1072626616993255500,300471914551172981,300471914551172981,1,1,dygkt,0.7028749415317669
1072626616993255500,8573800373938698102,8573800373938698102,1,1,dygkt,0.6676368640578058
1072626616993255500,2014268979504181100,300471914551172981,0,1,dygkt,0.6942338559132072
1072626616993255500,2172169907340938753,300471914551172981,1,1,dygkt,0.6948940194208222
1072626616993255500,8150806168444344502,300471914551172981,1,1,dygkt,0.7079672133459274
1072626616993255500,816286915455981984,8573800373938698102,1,1,dygkt,0.6978668827589709
1072626616993255500,1962751598315765836,300471914551172981,1,1,dygkt,0.7106940153884643
1072626616993255500,7444476343858270082,300471914551172981,1,1,dygkt,0.7130078462864773
1072626616993255500,2537821716777940730,300471914551172981,1,1,dygkt,0.7134851871859096
1072626616993255500,1061301253559417093,300471914551172981,1,1,dygkt,0.7024686032740151
1072626616993255500,8553379303363759508,300471914551172981,1,1,dygkt,0.6979778399738154
1072626616993255500,6440511557387709110,300471914551172981,1,1,dygkt,0.7123706532113054
1072626616993255500,7744513373483970787,8573800373938698102,1,1,dygkt,0.6707797992590749
1072626616993255500,2971078979906996375,300471914551172981,1,1,dygkt,0.7067594239796433
1072626616993255500,5841359775533910823,300471914551172981,1,1,dygkt,0.6900066165340146
1072626616993255500,8621262567927479011,300471914551172981,1,1,dygkt,0.7118124178994717
1072626616993255500,8434961942249729798,8573800373938698102,1,1,dygkt,0.6898108069615436
1072626616993255500,2322042198017538996,8573800373938698102,1,1,dygkt,0.6910163644453529
1072626616993255500,1742185772413642127,300471914551172981,1,1,dygkt,0.7153105844799644
1072626616993255500,2334639155148655290,8573800373938698102,1,1,dygkt,0.6946586795692022
1072626616993255500,7660717256841499384,300471914551172981,1,1,dygkt,0.7234764702781967
1072626616993255500,4113615466659810841,300471914551172981,1,1,dygkt,0.7147954214398247
1072626616993255500,6125574002232610732,300471914551172981,1,1,dygkt,0.6948527826289086
1072626616993255500,2774368076249802464,8573800373938698102,1,1,dygkt,0.6874337423143132
1072626616993255500,8903365289186067945,8573800373938698102,1,1,dygkt,0.689102898769302
1072626616993255500,6925932688889117475,300471914551172981,1,1,dygkt,0.725688807993312
1072626616993255500,8194071366621068887,8573800373938698102,1,1,dygkt,0.6763390293874736
1072626616993255500,2986660907093963186,300471914551172981,1,1,dygkt,0.7289289524661072
1072626616993255500,7591109345808921544,300471914551172981,1,1,dygkt,0.7149936273661694
1072626616993255500,625545550176685521,8573800373938698102,1,1,dygkt,0.6956890288147367
1072626616993255500,1761868641361943332,8573800373938698102,1,1,dygkt,0.7001583774438962
1072626616993255500,4824259625677886603,300471914551172981,1,1,dygkt,0.7127689977334412
1072626616993255500,8450591260754163598,8573800373938698102,1,1,dygkt,0.6876426540668787
1072626616993255500,1553079256999111676,300471914551172981,1,1,dygkt,0.7174839087960774
1072626616993255500,3220231712819306119,8573800373938698102,1,1,dygkt,0.6916803895285722
1072626616993255500,338807275221326836,300471914551172981,1,1,dygkt,0.7104540231562652
1072626616993255500,8525319303741530302,8573800373938698102,1,1,dygkt,0.692177888896398
1072626616993255500,6587421150596252277,300471914551172981,1,1,dygkt,0.7184684516294454
1072626616993255500,5891620578387310353,300471914551172981,1,1,dygkt,0.7086101712472729
1072626616993255500,5791250638486922978,300471914551172981,1,1,dygkt,0.7210967093751325
1072626616993255500,4031585874086886353,8573800373938698102,1,1,dygkt,0.7008520404487877
1072626616993255500,2083452711903133430,8573800373938698102,1,1,dygkt,0.7137353617155724
1072626616993255500,6319743179241711738,8573800373938698102,1,1,dygkt,0.701951847374613
1072626616993255500,8628686323660025649,300471914551172981,1,1,dygkt,0.7205879267938833
1072626616993255500,4378721629787482518,300471914551172981,1,1,dygkt,0.724137442742341
1072626616993255500,4813462692425748605,300471914551172981,1,1,dygkt,0.7034432765089663
1072626616993255500,4644364625800006675,300471914551172981,1,1,dygkt,0.7142003069127997
1072626616993255500,1062464292871659639,8573800373938698102,1,1,dygkt,0.7023585923407423
1072626616993255500,5932668873100475470,300471914551172981,1,1,dygkt,0.7268487641540647
1072626616993255500,5237822943399727048,8573800373938698102,1,1,dygkt,0.7044684983744905
1073629390141817738,300471914551172981,300471914551172981,1,1,dygkt,0.7028749415317669
1073629390141817738,8573800373938698102,8573800373938698102,0,1,dygkt,0.6676368640578058
1073629390141817738,2014268979504181100,300471914551172981,0,1,dygkt,0.6942338559132072
1073629390141817738,2172169907340938753,300471914551172981,1,1,dygkt,0.6948940194208222
1073629390141817738,8150806168444344502,300471914551172981,1,1,dygkt,0.7079672133459274
1073629390141817738,816286915455981984,8573800373938698102,1,1,dygkt,0.6978668827589709
1073629390141817738,1962751598315765836,300471914551172981,0,1,dygkt,0.7106940153884643
1073629390141817738,7444476343858270082,300471914551172981,0,1,dygkt,0.7130078462864773
1073629390141817738,2537821716777940730,300471914551172981,0,1,dygkt,0.7134851871859096
1073629390141817738,1061301253559417093,300471914551172981,1,1,dygkt,0.7024686032740151
1073629390141817738,8553379303363759508,300471914551172981,0,1,dygkt,0.6979778399738154
1073629390141817738,6440511557387709110,300471914551172981,0,1,dygkt,0.7123706532113054
1073629390141817738,7744513373483970787,8573800373938698102,0,1,dygkt,0.6707797992590749
1073629390141817738,2971078979906996375,300471914551172981,1,1,dygkt,0.7067594239796433
1073629390141817738,5841359775533910823,300471914551172981,0,1,dygkt,0.6900066165340146
1073629390141817738,8621262567927479011,300471914551172981,1,1,dygkt,0.7118124178994717
1073629390141817738,8434961942249729798,8573800373938698102,0,1,dygkt,0.6898108069615436
1073629390141817738,2322042198017538996,8573800373938698102,1,1,dygkt,0.6910163644453529
1073629390141817738,1742185772413642127,300471914551172981,1,1,dygkt,0.7153105844799644
1073629390141817738,2334639155148655290,8573800373938698102,1,1,dygkt,0.6946586795692022
1073629390141817738,7660717256841499384,300471914551172981,0,1,dygkt,0.7234764702781967
1073629390141817738,4113615466659810841,300471914551172981,0,1,dygkt,0.7147954214398247
1073629390141817738,6125574002232610732,300471914551172981,0,1,dygkt,0.6948527826289086
1073629390141817738,2774368076249802464,8573800373938698102,1,1,dygkt,0.6874337423143132
1073629390141817738,8903365289186067945,8573800373938698102,0,1,dygkt,0.689102898769302
1073629390141817738,6925932688889117475,300471914551172981,1,1,dygkt,0.725688807993312
1073629390141817738,8194071366621068887,8573800373938698102,0,1,dygkt,0.6763390293874736
1073629390141817738,2986660907093963186,300471914551172981,1,1,dygkt,0.7289289524661072
1073629390141817738,7591109345808921544,300471914551172981,1,1,dygkt,0.7149936273661694
1073629390141817738,625545550176685521,8573800373938698102,0,1,dygkt,0.6956890288147367
1073629390141817738,1761868641361943332,8573800373938698102,0,1,dygkt,0.7001583774438962
1073629390141817738,4824259625677886603,300471914551172981,1,1,dygkt,0.7127689977334412
1073629390141817738,8450591260754163598,8573800373938698102,1,1,dygkt,0.6876426540668787
1073629390141817738,1553079256999111676,300471914551172981,0,1,dygkt,0.7174839087960774
1073629390141817738,3220231712819306119,8573800373938698102,1,1,dygkt,0.6916803895285722
1073629390141817738,338807275221326836,300471914551172981,0,1,dygkt,0.7104540231562652
1073629390141817738,8525319303741530302,8573800373938698102,1,1,dygkt,0.692177888896398
1073629390141817738,6587421150596252277,300471914551172981,1,1,dygkt,0.7184684516294454
1073629390141817738,5891620578387310353,300471914551172981,0,1,dygkt,0.7086101712472729
1073629390141817738,5791250638486922978,300471914551172981,1,1,dygkt,0.7210967093751325
1073629390141817738,4031585874086886353,8573800373938698102,1,1,dygkt,0.7008520404487877
1073629390141817738,2083452711903133430,8573800373938698102,1,1,dygkt,0.7137353617155724
1073629390141817738,6319743179241711738,8573800373938698102,1,1,dygkt,0.701951847374613
1073629390141817738,8628686323660025649,300471914551172981,1,1,dygkt,0.7205879267938833
1073629390141817738,4378721629787482518,300471914551172981,1,1,dygkt,0.724137442742341
1073629390141817738,4813462692425748605,300471914551172981,0,1,dygkt,0.7034432765089663
1073629390141817738,4644364625800006675,300471914551172981,0,1,dygkt,0.7142003069127997
1073629390141817738,1062464292871659639,8573800373938698102,0,1,dygkt,0.7023585923407423
1073629390141817738,5932668873100475470,300471914551172981,1,1,dygkt,0.7268487641540647
1073629390141817738,5237822943399727048,8573800373938698102,1,1,dygkt,0.7044684983744905
1081461703883789378,300471914551172981,300471914551172981,0,1,dygkt,0.7028749415317669
1081461703883789378,8573800373938698102,8573800373938698102,1,1,dygkt,0.6676368640578058
1081461703883789378,2014268979504181100,300471914551172981,0,1,dygkt,0.6942338559132072
1081461703883789378,2172169907340938753,300471914551172981,0,1,dygkt,0.6948940194208222
1081461703883789378,8150806168444344502,300471914551172981,0,1,dygkt,0.7079672133459274
1081461703883789378,816286915455981984,8573800373938698102,1,1,dygkt,0.6978668827589709
1081461703883789378,1962751598315765836,300471914551172981,0,1,dygkt,0.7106940153884643
1081461703883789378,7444476343858270082,300471914551172981,0,1,dygkt,0.7130078462864773
1081461703883789378,2537821716777940730,300471914551172981,0,1,dygkt,0.7134851871859096
1081461703883789378,1061301253559417093,300471914551172981,0,1,dygkt,0.7024686032740151
1081461703883789378,8553379303363759508,300471914551172981,0,1,dygkt,0.6979778399738154
1081461703883789378,6440511557387709110,300471914551172981,0,1,dygkt,0.7123706532113054
1081461703883789378,7744513373483970787,8573800373938698102,1,1,dygkt,0.6707797992590749
1081461703883789378,2971078979906996375,300471914551172981,0,1,dygkt,0.7067594239796433
1081461703883789378,5841359775533910823,300471914551172981,1,1,dygkt,0.6900066165340146
1081461703883789378,8621262567927479011,300471914551172981,0,1,dygkt,0.7118124178994717
1081461703883789378,8434961942249729798,8573800373938698102,1,1,dygkt,0.6898108069615436
1081461703883789378,2322042198017538996,8573800373938698102,1,1,dygkt,0.6910163644453529
1081461703883789378,1742185772413642127,300471914551172981,0,1,dygkt,0.7153105844799644
1081461703883789378,2334639155148655290,8573800373938698102,1,1,dygkt,0.6946586795692022
1081461703883789378,7660717256841499384,300471914551172981,0,1,dygkt,0.7234764702781967
1081461703883789378,4113615466659810841,300471914551172981,0,1,dygkt,0.7147954214398247
1081461703883789378,6125574002232610732,300471914551172981,0,1,dygkt,0.6948527826289086
1081461703883789378,2774368076249802464,8573800373938698102,1,1,dygkt,0.6874337423143132
1081461703883789378,8903365289186067945,8573800373938698102,1,1,dygkt,0.689102898769302
1081461703883789378,6925932688889117475,300471914551172981,0,1,dygkt,0.725688807993312
1081461703883789378,8194071366621068887,8573800373938698102,1,1,dygkt,0.6763390293874736
1081461703883789378,2986660907093963186,300471914551172981,0,1,dygkt,0.7289289524661072
1081461703883789378,7591109345808921544,300471914551172981,0,1,dygkt,0.7149936273661694
1081461703883789378,625545550176685521,8573800373938698102,1,1,dygkt,0.6956890288147367
1081461703883789378,1761868641361943332,8573800373938698102,1,1,dygkt,0.7001583774438962
1081461703883789378,4824259625677886603,300471914551172981,0,1,dygkt,0.7127689977334412
1081461703883789378,8450591260754163598,8573800373938698102,1,1,dygkt,0.6876426540668787
1081461703883789378,1553079256999111676,300471914551172981,0,1,dygkt,0.7174839087960774
1081461703883789378,3220231712819306119,8573800373938698102,1,1,dygkt,0.6916803895285722
1081461703883789378,338807275221326836,300471914551172981,1,1,dygkt,0.7104540231562652
1081461703883789378,8525319303741530302,8573800373938698102,1,1,dygkt,0.692177888896398
1081461703883789378,6587421150596252277,300471914551172981,0,1,dygkt,0.7184684516294454
1081461703883789378,5891620578387310353,300471914551172981,0,1,dygkt,0.7086101712472729
1081461703883789378,5791250638486922978,300471914551172981,0,1,dygkt,0.7210967093751325
1081461703883789378,4031585874086886353,8573800373938698102,1,1,dygkt,0.7008520404487877
1081461703883789378,2083452711903133430,8573800373938698102,1,1,dygkt,0.7137353617155724
1081461703883789378,6319743179241711738,8573800373938698102,1,1,dygkt,0.701951847374613
1081461703883789378,8628686323660025649,300471914551172981,0,1,dygkt,0.7205879267938833
1081461703883789378,4378721629787482518,300471914551172981,0,1,dygkt,0.724137442742341
1081461703883789378,4813462692425748605,300471914551172981,0,1,dygkt,0.7034432765089663
1081461703883789378,4644364625800006675,300471914551172981,0,1,dygkt,0.7142003069127997
1081461703883789378,1062464292871659639,8573800373938698102,1,1,dygkt,0.7023585923407423
1081461703883789378,5932668873100475470,300471914551172981,1,1,dygkt,0.7268487641540647
1081461703883789378,5237822943399727048,8573800373938698102,1,1,dygkt,0.7044684983744905
1083012887492014885,300471914551172981,300471914551172981,0,1,dygkt,0.7028749415317669
1083012887492014885,8573800373938698102,8573800373938698102,1,1,dygkt,0.6676368640578058
1083012887492014885,2014268979504181100,300471914551172981,0,1,dygkt,0.6942338559132072
1083012887492014885,2172169907340938753,300471914551172981,0,1,dygkt,0.6948940194208222
1083012887492014885,8150806168444344502,300471914551172981,0,1,dygkt,0.7079672133459274
1083012887492014885,816286915455981984,8573800373938698102,1,1,dygkt,0.6978668827589709
1083012887492014885,1962751598315765836,300471914551172981,1,1,dygkt,0.7106940153884643
1083012887492014885,7444476343858270082,300471914551172981,0,1,dygkt,0.7130078462864773
1083012887492014885,2537821716777940730,300471914551172981,0,1,dygkt,0.7134851871859096
1083012887492014885,1061301253559417093,300471914551172981,0,1,dygkt,0.7024686032740151
1083012887492014885,8553379303363759508,300471914551172981,0,1,dygkt,0.6979778399738154
1083012887492014885,6440511557387709110,300471914551172981,0,1,dygkt,0.7123706532113054
1083012887492014885,7744513373483970787,8573800373938698102,0,1,dygkt,0.6707797992590749
1083012887492014885,2971078979906996375,300471914551172981,0,1,dygkt,0.7067594239796433
1083012887492014885,5841359775533910823,300471914551172981,0,1,dygkt,0.6900066165340146
1083012887492014885,8621262567927479011,300471914551172981,0,1,dygkt,0.7118124178994717
1083012887492014885,8434961942249729798,8573800373938698102,1,1,dygkt,0.6898108069615436
1083012887492014885,2322042198017538996,8573800373938698102,1,1,dygkt,0.6910163644453529
1083012887492014885,1742185772413642127,300471914551172981,0,1,dygkt,0.7153105844799644
1083012887492014885,2334639155148655290,8573800373938698102,1,1,dygkt,0.6946586795692022
1083012887492014885,7660717256841499384,300471914551172981,0,1,dygkt,0.7234764702781967
1083012887492014885,4113615466659810841,300471914551172981,0,1,dygkt,0.7147954214398247
1083012887492014885,6125574002232610732,300471914551172981,0,1,dygkt,0.6948527826289086
1083012887492014885,2774368076249802464,8573800373938698102,1,1,dygkt,0.6874337423143132
1083012887492014885,8903365289186067945,8573800373938698102,1,1,dygkt,0.689102898769302
1083012887492014885,6925932688889117475,300471914551172981,1,1,dygkt,0.725688807993312
1083012887492014885,8194071366621068887,8573800373938698102,1,1,dygkt,0.6763390293874736
1083012887492014885,2986660907093963186,300471914551172981,0,1,dygkt,0.7289289524661072
1083012887492014885,7591109345808921544,300471914551172981,0,1,dygkt,0.7149936273661694
1083012887492014885,625545550176685521,8573800373938698102,1,1,dygkt,0.6956890288147367
1083012887492014885,1761868641361943332,8573800373938698102,1,1,dygkt,0.7001583774438962
1083012887492014885,4824259625677886603,300471914551172981,0,1,dygkt,0.7127689977334412
1083012887492014885,8450591260754163598,8573800373938698102,1,1,dygkt,0.6876426540668787
1083012887492014885,1553079256999111676,300471914551172981,0,1,dygkt,0.7174839087960774
1083012887492014885,3220231712819306119,8573800373938698102,1,1,dygkt,0.6916803895285722
1083012887492014885,338807275221326836,300471914551172981,1,1,dygkt,0.7104540231562652
1083012887492014885,8525319303741530302,8573800373938698102,1,1,dygkt,0.692177888896398
1083012887492014885,6587421150596252277,300471914551172981,0,1,dygkt,0.7184684516294454
1083012887492014885,5891620578387310353,300471914551172981,0,1,dygkt,0.7086101712472729
1083012887492014885,5791250638486922978,300471914551172981,0,1,dygkt,0.7210967093751325
1083012887492014885,4031585874086886353,8573800373938698102,1,1,dygkt,0.7008520404487877
1083012887492014885,2083452711903133430,8573800373938698102,1,1,dygkt,0.7137353617155724
1083012887492014885,6319743179241711738,8573800373938698102,1,1,dygkt,0.701951847374613
1083012887492014885,8628686323660025649,300471914551172981,0,1,dygkt,0.7205879267938833
1083012887492014885,4378721629787482518,300471914551172981,0,1,dygkt,0.724137442742341
1083012887492014885,4813462692425748605,300471914551172981,0,1,dygkt,0.7034432765089663
1083012887492014885,4644364625800006675,300471914551172981,0,1,dygkt,0.7142003069127997
1083012887492014885,1062464292871659639,8573800373938698102,1,1,dygkt,0.7023585923407423
1083012887492014885,5932668873100475470,300471914551172981,0,1,dygkt,0.7268487641540647
1083012887492014885,5237822943399727048,8573800373938698102,1,1,dygkt,0.7044684983744905
1121364116392304820,300471914551172981,300471914551172981,1,1,dygkt,0.7028749415317669
1121364116392304820,8573800373938698102,8573800373938698102,1,1,dygkt,0.6676368640578058
1121364116392304820,2014268979504181100,300471914551172981,0,1,dygkt,0.6942338559132072
1121364116392304820,2172169907340938753,300471914551172981,0,1,dygkt,0.6948940194208222
1121364116392304820,8150806168444344502,300471914551172981,0,1,dygkt,0.7079672133459274
1121364116392304820,816286915455981984,8573800373938698102,0,1,dygkt,0.6978668827589709
1121364116392304820,1962751598315765836,300471914551172981,1,1,dygkt,0.7106940153884643
1121364116392304820,7444476343858270082,300471914551172981,1,1,dygkt,0.7130078462864773
1121364116392304820,2537821716777940730,300471914551172981,1,1,dygkt,0.7134851871859096
1121364116392304820,1061301253559417093,300471914551172981,0,1,dygkt,0.7024686032740151
1121364116392304820,8553379303363759508,300471914551172981,1,1,dygkt,0.6979778399738154
1121364116392304820,6440511557387709110,300471914551172981,0,1,dygkt,0.7123706532113054
1121364116392304820,7744513373483970787,8573800373938698102,1,1,dygkt,0.6707797992590749
1121364116392304820,2971078979906996375,300471914551172981,1,1,dygkt,0.7067594239796433
1121364116392304820,5841359775533910823,300471914551172981,0,1,dygkt,0.6900066165340146
1121364116392304820,8621262567927479011,300471914551172981,1,1,dygkt,0.7118124178994717
1121364116392304820,8434961942249729798,8573800373938698102,0,1,dygkt,0.6898108069615436
1121364116392304820,2322042198017538996,8573800373938698102,1,1,dygkt,0.6910163644453529
1121364116392304820,1742185772413642127,300471914551172981,1,1,dygkt,0.7153105844799644
1121364116392304820,2334639155148655290,8573800373938698102,1,1,dygkt,0.6946586795692022
1121364116392304820,7660717256841499384,300471914551172981,1,1,dygkt,0.7234764702781967
1121364116392304820,4113615466659810841,300471914551172981,0,1,dygkt,0.7147954214398247
1121364116392304820,6125574002232610732,300471914551172981,0,1,dygkt,0.6948527826289086
1121364116392304820,2774368076249802464,8573800373938698102,1,1,dygkt,0.6874337423143132
1121364116392304820,8903365289186067945,8573800373938698102,0,1,dygkt,0.689102898769302
1121364116392304820,6925932688889117475,300471914551172981,1,1,dygkt,0.725688807993312
1121364116392304820,8194071366621068887,8573800373938698102,1,1,dygkt,0.6763390293874736
1121364116392304820,2986660907093963186,300471914551172981,1,1,dygkt,0.7289289524661072
1121364116392304820,7591109345808921544,300471914551172981,1,1,dygkt,0.7149936273661694
1121364116392304820,625545550176685521,8573800373938698102,1,1,dygkt,0.6956890288147367
1121364116392304820,1761868641361943332,8573800373938698102,1,1,dygkt,0.7001583774438962
1121364116392304820,4824259625677886603,300471914551172981,1,1,dygkt,0.7127689977334412
1121364116392304820,8450591260754163598,8573800373938698102,0,1,dygkt,0.6876426540668787
1121364116392304820,1553079256999111676,300471914551172981,1,1,dygkt,0.7174839087960774
1121364116392304820,3220231712819306119,8573800373938698102,1,1,dygkt,0.6916803895285722
1121364116392304820,338807275221326836,300471914551172981,0,1,dygkt,0.7104540231562652
1121364116392304820,8525319303741530302,8573800373938698102,1,1,dygkt,0.692177888896398
1121364116392304820,6587421150596252277,300471914551172981,0,1,dygkt,0.7184684516294454
1121364116392304820,5891620578387310353,300471914551172981,1,1,dygkt,0.7086101712472729
1121364116392304820,5791250638486922978,300471914551172981,1,1,dygkt,0.7210967093751325
1121364116392304820,4031585874086886353,8573800373938698102,1,1,dygkt,0.7008520404487877
1121364116392304820,2083452711903133430,8573800373938698102,1,1,dygkt,0.7137353617155724
1121364116392304820,6319743179241711738,8573800373938698102,1,1,dygkt,0.701951847374613
1121364116392304820,8628686323660025649,300471914551172981,1,1,dygkt,0.7205879267938833
1121364116392304820,4378721629787482518,300471914551172981,1,1,dygkt,0.724137442742341
1121364116392304820,4813462692425748605,300471914551172981,0,1,dygkt,0.7034432765089663
1121364116392304820,4644364625800006675,300471914551172981,1,1,dygkt,0.7142003069127997
1121364116392304820,1062464292871659639,8573800373938698102,1,1,dygkt,0.7023585923407423
1121364116392304820,5932668873100475470,300471914551172981,0,1,dygkt,0.7268487641540647
1121364116392304820,5237822943399727048,8573800373938698102,0,1,dygkt,0.7044684983744905
1121940775251872465,300471914551172981,300471914551172981,0,1,dygkt,0.7028749415317669
1121940775251872465,8573800373938698102,8573800373938698102,1,1,dygkt,0.6676368640578058
1121940775251872465,2014268979504181100,300471914551172981,0,1,dygkt,0.6942338559132072
1121940775251872465,2172169907340938753,300471914551172981,1,1,dygkt,0.6948940194208222
1121940775251872465,8150806168444344502,300471914551172981,0,1,dygkt,0.7079672133459274
1121940775251872465,816286915455981984,8573800373938698102,1,1,dygkt,0.6978668827589709
1121940775251872465,1962751598315765836,300471914551172981,1,1,dygkt,0.7106940153884643
1121940775251872465,7444476343858270082,300471914551172981,0,1,dygkt,0.7130078462864773
1121940775251872465,2537821716777940730,300471914551172981,0,1,dygkt,0.7134851871859096
1121940775251872465,1061301253559417093,300471914551172981,1,1,dygkt,0.7024686032740151
1121940775251872465,8553379303363759508,300471914551172981,1,1,dygkt,0.6979778399738154
1121940775251872465,6440511557387709110,300471914551172981,0,1,dygkt,0.7123706532113054
1121940775251872465,7744513373483970787,8573800373938698102,1,1,dygkt,0.6707797992590749
1121940775251872465,2971078979906996375,300471914551172981,0,1,dygkt,0.7067594239796433
1121940775251872465,5841359775533910823,300471914551172981,0,1,dygkt,0.6900066165340146
1121940775251872465,8621262567927479011,300471914551172981,0,1,dygkt,0.7118124178994717
1121940775251872465,8434961942249729798,8573800373938698102,1,1,dygkt,0.6898108069615436
1121940775251872465,2322042198017538996,8573800373938698102,1,1,dygkt,0.6910163644453529
1121940775251872465,1742185772413642127,300471914551172981,1,1,dygkt,0.7153105844799644
1121940775251872465,2334639155148655290,8573800373938698102,1,1,dygkt,0.6946586795692022
1121940775251872465,7660717256841499384,300471914551172981,1,1,dygkt,0.7234764702781967
1121940775251872465,4113615466659810841,300471914551172981,0,1,dygkt,0.7147954214398247
1121940775251872465,6125574002232610732,300471914551172981,0,1,dygkt,0.6948527826289086
1121940775251872465,2774368076249802464,8573800373938698102,1,1,dygkt,0.6874337423143132
1121940775251872465,8903365289186067945,8573800373938698102,1,1,dygkt,0.689102898769302
1121940775251872465,6925932688889117475,300471914551172981,1,1,dygkt,0.725688807993312
1121940775251872465,8194071366621068887,8573800373938698102,1,1,dygkt,0.6763390293874736
1121940775251872465,2986660907093963186,300471914551172981,1,1,dygkt,0.7289289524661072
1121940775251872465,7591109345808921544,300471914551172981,1,1,dygkt,0.7149936273661694
1121940775251872465,625545550176685521,8573800373938698102,1,1,dygkt,0.6956890288147367
1121940775251872465,1761868641361943332,8573800373938698102,1,1,dygkt,0.7001583774438962
1121940775251872465,4824259625677886603,300471914551172981,1,1,dygkt,0.7127689977334412
1121940775251872465,8450591260754163598,8573800373938698102,1,1,dygkt,0.6876426540668787
1121940775251872465,1553079256999111676,300471914551172981,1,1,dygkt,0.7174839087960774
1121940775251872465,3220231712819306119,8573800373938698102,1,1,dygkt,0.6916803895285722
1121940775251872465,338807275221326836,300471914551172981,0,1,dygkt,0.7104540231562652
1121940775251872465,8525319303741530302,8573800373938698102,1,1,dygkt,0.692177888896398
1121940775251872465,6587421150596252277,300471914551172981,1,1,dygkt,0.7184684516294454
1121940775251872465,5891620578387310353,300471914551172981,0,1,dygkt,0.7086101712472729
1121940775251872465,5791250638486922978,300471914551172981,1,1,dygkt,0.7210967093751325
1121940775251872465,4031585874086886353,8573800373938698102,1,1,dygkt,0.7008520404487877
1121940775251872465,2083452711903133430,8573800373938698102,1,1,dygkt,0.7137353617155724
1121940775251872465,6319743179241711738,8573800373938698102,1,1,dygkt,0.701951847374613
1121940775251872465,8628686323660025649,300471914551172981,0,1,dygkt,0.7205879267938833
1121940775251872465,4378721629787482518,300471914551172981,1,1,dygkt,0.724137442742341
1121940775251872465,4813462692425748605,300471914551172981,1,1,dygkt,0.7034432765089663
1121940775251872465,4644364625800006675,300471914551172981,1,1,dygkt,0.7142003069127997
1121940775251872465,1062464292871659639,8573800373938698102,0,1,dygkt,0.7023585923407423
1121940775251872465,5932668873100475470,300471914551172981,1,1,dygkt,0.7268487641540647
1121940775251872465,5237822943399727048,8573800373938698102,1,1,dygkt,0.7044684983744905
1252546747542146942,300471914551172981,300471914551172981,1,1,dygkt,0.7028749415317669
1252546747542146942,8573800373938698102,8573800373938698102,1,1,dygkt,0.6676368640578058
1252546747542146942,2014268979504181100,300471914551172981,1,1,dygkt,0.6942338559132072
1252546747542146942,2172169907340938753,300471914551172981,1,1,dygkt,0.6948940194208222
1252546747542146942,8150806168444344502,300471914551172981,1,1,dygkt,0.7079672133459274
1252546747542146942,816286915455981984,8573800373938698102,1,1,dygkt,0.6978668827589709
1252546747542146942,1962751598315765836,300471914551172981,1,1,dygkt,0.7106940153884643
1252546747542146942,7444476343858270082,300471914551172981,1,1,dygkt,0.7130078462864773
1252546747542146942,2537821716777940730,300471914551172981,1,1,dygkt,0.7134851871859096
1252546747542146942,1061301253559417093,300471914551172981,1,1,dygkt,0.7024686032740151
1252546747542146942,8553379303363759508,300471914551172981,1,1,dygkt,0.6979778399738154
1252546747542146942,6440511557387709110,300471914551172981,1,1,dygkt,0.7123706532113054
1252546747542146942,7744513373483970787,8573800373938698102,0,1,dygkt,0.6707797992590749
1252546747542146942,2971078979906996375,300471914551172981,1,1,dygkt,0.7067594239796433
1252546747542146942,5841359775533910823,300471914551172981,1,1,dygkt,0.6900066165340146
1252546747542146942,8621262567927479011,300471914551172981,1,1,dygkt,0.7118124178994717
1252546747542146942,8434961942249729798,8573800373938698102,0,1,dygkt,0.6898108069615436
1252546747542146942,2322042198017538996,8573800373938698102,0,1,dygkt,0.6910163644453529
1252546747542146942,1742185772413642127,300471914551172981,1,1,dygkt,0.7153105844799644
1252546747542146942,2334639155148655290,8573800373938698102,0,1,dygkt,0.6946586795692022
1252546747542146942,7660717256841499384,300471914551172981,1,1,dygkt,0.7234764702781967
1252546747542146942,4113615466659810841,300471914551172981,1,1,dygkt,0.7147954214398247
1252546747542146942,6125574002232610732,300471914551172981,1,1,dygkt,0.6948527826289086
1252546747542146942,2774368076249802464,8573800373938698102,1,1,dygkt,0.6874337423143132
1252546747542146942,8903365289186067945,8573800373938698102,0,1,dygkt,0.689102898769302
1252546747542146942,6925932688889117475,300471914551172981,1,1,dygkt,0.725688807993312
1252546747542146942,8194071366621068887,8573800373938698102,0,1,dygkt,0.6763390293874736
1252546747542146942,2986660907093963186,300471914551172981,1,1,dygkt,0.7289289524661072
1252546747542146942,7591109345808921544,300471914551172981,1,1,dygkt,0.7149936273661694
1252546747542146942,625545550176685521,8573800373938698102,0,1,dygkt,0.6956890288147367
1252546747542146942,1761868641361943332,8573800373938698102,1,1,dygkt,0.7001583774438962
1252546747542146942,4824259625677886603,300471914551172981,1,1,dygkt,0.7127689977334412
1252546747542146942,8450591260754163598,8573800373938698102,0,1,dygkt,0.6876426540668787
1252546747542146942,1553079256999111676,300471914551172981,1,1,dygkt,0.7174839087960774
1252546747542146942,3220231712819306119,8573800373938698102,0,1,dygkt,0.6916803895285722
1252546747542146942,338807275221326836,300471914551172981,1,1,dygkt,0.7104540231562652
1252546747542146942,8525319303741530302,8573800373938698102,0,1,dygkt,0.692177888896398
1252546747542146942,6587421150596252277,300471914551172981,1,1,dygkt,0.7184684516294454
1252546747542146942,5891620578387310353,300471914551172981,1,1,dygkt,0.7086101712472729
1252546747542146942,5791250638486922978,300471914551172981,1,1,dygkt,0.7210967093751325
1252546747542146942,4031585874086886353,8573800373938698102,0,1,dygkt,0.7008520404487877
1252546747542146942,2083452711903133430,8573800373938698102,1,1,dygkt,0.7137353617155724
1252546747542146942,6319743179241711738,8573800373938698102,0,1,dygkt,0.701951847374613
1252546747542146942,8628686323660025649,300471914551172981,1,1,dygkt,0.7205879267938833
1252546747542146942,4378721629787482518,300471914551172981,1,1,dygkt,0.724137442742341
1252546747542146942,4813462692425748605,300471914551172981,1,1,dygkt,0.7034432765089663
1252546747542146942,4644364625800006675,300471914551172981,1,1,dygkt,0.7142003069127997
1252546747542146942,1062464292871659639,8573800373938698102,0,1,dygkt,0.7023585923407423
1252546747542146942,5932668873100475470,300471914551172981,1,1,dygkt,0.7268487641540647
1252546747542146942,5237822943399727048,8573800373938698102,1,1,dygkt,0.7044684983744905
1257891084249187722,300471914551172981,300471914551172981,1,1,dygkt,0.7028749415317669
1257891084249187722,8573800373938698102,8573800373938698102,0,1,dygkt,0.6676368640578058
1257891084249187722,2014268979504181100,300471914551172981,0,1,dygkt,0.6942338559132072
1257891084249187722,2172169907340938753,300471914551172981,0,1,dygkt,0.6948940194208222
1257891084249187722,8150806168444344502,300471914551172981,1,1,dygkt,0.7079672133459274
1257891084249187722,816286915455981984,8573800373938698102,0,1,dygkt,0.6978668827589709
1257891084249187722,1962751598315765836,300471914551172981,0,1,dygkt,0.7106940153884643
1257891084249187722,7444476343858270082,300471914551172981,1,1,dygkt,0.7130078462864773
1257891084249187722,2537821716777940730,300471914551172981,1,1,dygkt,0.7134851871859096
1257891084249187722,1061301253559417093,300471914551172981,0,1,dygkt,0.7024686032740151
1257891084249187722,8553379303363759508,300471914551172981,0,1,dygkt,0.6979778399738154
1257891084249187722,6440511557387709110,300471914551172981,1,1,dygkt,0.7123706532113054
1257891084249187722,7744513373483970787,8573800373938698102,0,1,dygkt,0.6707797992590749
1257891084249187722,2971078979906996375,300471914551172981,1,1,dygkt,0.7067594239796433
1257891084249187722,5841359775533910823,300471914551172981,1,1,dygkt,0.6900066165340146
1257891084249187722,8621262567927479011,300471914551172981,1,1,dygkt,0.7118124178994717
1257891084249187722,8434961942249729798,8573800373938698102,1,1,dygkt,0.6898108069615436
1257891084249187722,2322042198017538996,8573800373938698102,0,1,dygkt,0.6910163644453529
1257891084249187722,1742185772413642127,300471914551172981,1,1,dygkt,0.7153105844799644
1257891084249187722,2334639155148655290,8573800373938698102,0,1,dygkt,0.6946586795692022
1257891084249187722,7660717256841499384,300471914551172981,1,1,dygkt,0.7234764702781967
1257891084249187722,4113615466659810841,300471914551172981,1,1,dygkt,0.7147954214398247
1257891084249187722,6125574002232610732,300471914551172981,1,1,dygkt,0.6948527826289086
1257891084249187722,2774368076249802464,8573800373938698102,0,1,dygkt,0.6874337423143132
1257891084249187722,8903365289186067945,8573800373938698102,1,1,dygkt,0.689102898769302
1257891084249187722,6925932688889117475,300471914551172981,1,1,dygkt,0.725688807993312
1257891084249187722,8194071366621068887,8573800373938698102,0,1,dygkt,0.6763390293874736
1257891084249187722,2986660907093963186,300471914551172981,0,1,dygkt,0.7289289524661072
1257891084249187722,7591109345808921544,300471914551172981,1,1,dygkt,0.7149936273661694
1257891084249187722,625545550176685521,8573800373938698102,0,1,dygkt,0.6956890288147367
1257891084249187722,1761868641361943332,8573800373938698102,1,1,dygkt,0.7001583774438962
1257891084249187722,4824259625677886603,300471914551172981,1,1,dygkt,0.7127689977334412
1257891084249187722,8450591260754163598,8573800373938698102,0,1,dygkt,0.6876426540668787
1257891084249187722,1553079256999111676,300471914551172981,0,1,dygkt,0.7174839087960774
1257891084249187722,3220231712819306119,8573800373938698102,0,1,dygkt,0.6916803895285722
1257891084249187722,338807275221326836,300471914551172981,1,1,dygkt,0.7104540231562652
1257891084249187722,8525319303741530302,8573800373938698102,1,1,dygkt,0.692177888896398
1257891084249187722,6587421150596252277,300471914551172981,1,1,dygkt,0.7184684516294454
1257891084249187722,5891620578387310353,300471914551172981,1,1,dygkt,0.7086101712472729
1257891084249187722,5791250638486922978,300471914551172981,1,1,dygkt,0.7210967093751325
1257891084249187722,4031585874086886353,8573800373938698102,0,1,dygkt,0.7008520404487877
1257891084249187722,2083452711903133430,8573800373938698102,1,1,dygkt,0.7137353617155724
1257891084249187722,6319743179241711738,8573800373938698102,0,1,dygkt,0.701951847374613
1257891084249187722,8628686323660025649,300471914551172981,1,1,dygkt,0.7205879267938833
1257891084249187722,4378721629787482518,300471914551172981,1,1,dygkt,0.724137442742341
1257891084249187722,4813462692425748605,300471914551172981,1,1,dygkt,0.7034432765089663
1257891084249187722,4644364625800006675,300471914551172981,1,1,dygkt,0.7142003069127997
1257891084249187722,1062464292871659639,8573800373938698102,0,1,dygkt,0.7023585923407423
1257891084249187722,5932668873100475470,300471914551172981,1,1,dygkt,0.7268487641540647
1257891084249187722,5237822943399727048,8573800373938698102,0,1,dygkt,0.7044684983744905
1292659649092941673,300471914551172981,300471914551172981,1,1,dygkt,0.7028749415317669
1292659649092941673,8573800373938698102,8573800373938698102,0,1,dygkt,0.6676368640578058
1292659649092941673,2014268979504181100,300471914551172981,1,1,dygkt,0.6942338559132072
1292659649092941673,2172169907340938753,300471914551172981,1,1,dygkt,0.6948940194208222
1292659649092941673,8150806168444344502,300471914551172981,1,1,dygkt,0.7079672133459274
1292659649092941673,816286915455981984,8573800373938698102,1,1,dygkt,0.6978668827589709
1292659649092941673,1962751598315765836,300471914551172981,1,1,dygkt,0.7106940153884643
1292659649092941673,7444476343858270082,300471914551172981,1,1,dygkt,0.7130078462864773
1292659649092941673,2537821716777940730,300471914551172981,1,1,dygkt,0.7134851871859096
1292659649092941673,1061301253559417093,300471914551172981,1,1,dygkt,0.7024686032740151
1292659649092941673,8553379303363759508,300471914551172981,1,1,dygkt,0.6979778399738154
1292659649092941673,6440511557387709110,300471914551172981,1,1,dygkt,0.7123706532113054
1292659649092941673,7744513373483970787,8573800373938698102,0,1,dygkt,0.6707797992590749
1292659649092941673,2971078979906996375,300471914551172981,1,1,dygkt,0.7067594239796433
1292659649092941673,5841359775533910823,300471914551172981,1,1,dygkt,0.6900066165340146
1292659649092941673,8621262567927479011,300471914551172981,1,1,dygkt,0.7118124178994717
1292659649092941673,8434961942249729798,8573800373938698102,0,1,dygkt,0.6898108069615436
1292659649092941673,2322042198017538996,8573800373938698102,0,1,dygkt,0.6910163644453529
1292659649092941673,1742185772413642127,300471914551172981,1,1,dygkt,0.7153105844799644
1292659649092941673,2334639155148655290,8573800373938698102,0,1,dygkt,0.6946586795692022
1292659649092941673,7660717256841499384,300471914551172981,1,1,dygkt,0.7234764702781967
1292659649092941673,4113615466659810841,300471914551172981,1,1,dygkt,0.7147954214398247
1292659649092941673,6125574002232610732,300471914551172981,1,1,dygkt,0.6948527826289086
1292659649092941673,2774368076249802464,8573800373938698102,0,1,dygkt,0.6874337423143132
1292659649092941673,8903365289186067945,8573800373938698102,0,1,dygkt,0.689102898769302
1292659649092941673,6925932688889117475,300471914551172981,1,1,dygkt,0.725688807993312
1292659649092941673,8194071366621068887,8573800373938698102,0,1,dygkt,0.6763390293874736
1292659649092941673,2986660907093963186,300471914551172981,1,1,dygkt,0.7289289524661072
1292659649092941673,7591109345808921544,300471914551172981,1,1,dygkt,0.7149936273661694
1292659649092941673,625545550176685521,8573800373938698102,0,1,dygkt,0.6956890288147367
1292659649092941673,1761868641361943332,8573800373938698102,0,1,dygkt,0.7001583774438962
1292659649092941673,4824259625677886603,300471914551172981,1,1,dygkt,0.7127689977334412
1292659649092941673,8450591260754163598,8573800373938698102,0,1,dygkt,0.6876426540668787
1292659649092941673,1553079256999111676,300471914551172981,1,1,dygkt,0.7174839087960774
1292659649092941673,3220231712819306119,8573800373938698102,0,1,dygkt,0.6916803895285722
1292659649092941673,338807275221326836,300471914551172981,1,1,dygkt,0.7104540231562652
1292659649092941673,8525319303741530302,8573800373938698102,0,1,dygkt,0.692177888896398
1292659649092941673,6587421150596252277,300471914551172981,1,1,dygkt,0.7184684516294454
1292659649092941673,5891620578387310353,300471914551172981,1,1,dygkt,0.7086101712472729
1292659649092941673,5791250638486922978,300471914551172981,1,1,dygkt,0.7210967093751325
1292659649092941673,4031585874086886353,8573800373938698102,0,1,dygkt,0.7008520404487877
1292659649092941673,2083452711903133430,8573800373938698102,1,1,dygkt,0.7137353617155724
1292659649092941673,6319743179241711738,8573800373938698102,1,1,dygkt,0.701951847374613
1292659649092941673,8628686323660025649,300471914551172981,1,1,dygkt,0.7205879267938833
1292659649092941673,4378721629787482518,300471914551172981,1,1,dygkt,0.724137442742341
1292659649092941673,4813462692425748605,300471914551172981,0,1,dygkt,0.7034432765089663
1292659649092941673,4644364625800006675,300471914551172981,1,1,dygkt,0.7142003069127997
1292659649092941673,1062464292871659639,8573800373938698102,0,1,dygkt,0.7023585923407423
1292659649092941673,5932668873100475470,300471914551172981,1,1,dygkt,0.7268487641540647
1292659649092941673,5237822943399727048,8573800373938698102,0,1,dygkt,0.7044684983744905
1314274021776008685,300471914551172981,300471914551172981,1,1,dygkt,0.7028749415317669
1314274021776008685,8573800373938698102,8573800373938698102,0,1,dygkt,0.6676368640578058
1314274021776008685,2014268979504181100,300471914551172981,1,1,dygkt,0.6942338559132072
1314274021776008685,2172169907340938753,300471914551172981,1,1,dygkt,0.6948940194208222
1314274021776008685,8150806168444344502,300471914551172981,1,1,dygkt,0.7079672133459274
1314274021776008685,816286915455981984,8573800373938698102,1,1,dygkt,0.6978668827589709
1314274021776008685,1962751598315765836,300471914551172981,1,1,dygkt,0.7106940153884643
1314274021776008685,7444476343858270082,300471914551172981,1,1,dygkt,0.7130078462864773
1314274021776008685,2537821716777940730,300471914551172981,1,1,dygkt,0.7134851871859096
1314274021776008685,1061301253559417093,300471914551172981,1,1,dygkt,0.7024686032740151
1314274021776008685,8553379303363759508,300471914551172981,1,1,dygkt,0.6979778399738154
1314274021776008685,6440511557387709110,300471914551172981,1,1,dygkt,0.7123706532113054
1314274021776008685,7744513373483970787,8573800373938698102,0,1,dygkt,0.6707797992590749
1314274021776008685,2971078979906996375,300471914551172981,1,1,dygkt,0.7067594239796433
1314274021776008685,5841359775533910823,300471914551172981,1,1,dygkt,0.6900066165340146
1314274021776008685,8621262567927479011,300471914551172981,1,1,dygkt,0.7118124178994717
1314274021776008685,8434961942249729798,8573800373938698102,1,1,dygkt,0.6898108069615436
1314274021776008685,2322042198017538996,8573800373938698102,1,1,dygkt,0.6910163644453529
1314274021776008685,1742185772413642127,300471914551172981,1,1,dygkt,0.7153105844799644
1314274021776008685,2334639155148655290,8573800373938698102,1,1,dygkt,0.6946586795692022
1314274021776008685,7660717256841499384,300471914551172981,1,1,dygkt,0.7234764702781967
1314274021776008685,4113615466659810841,300471914551172981,1,1,dygkt,0.7147954214398247
1314274021776008685,6125574002232610732,300471914551172981,1,1,dygkt,0.6948527826289086
1314274021776008685,2774368076249802464,8573800373938698102,1,1,dygkt,0.6874337423143132
1314274021776008685,8903365289186067945,8573800373938698102,1,1,dygkt,0.689102898769302
1314274021776008685,6925932688889117475,300471914551172981,1,1,dygkt,0.725688807993312
1314274021776008685,8194071366621068887,8573800373938698102,0,1,dygkt,0.6763390293874736
1314274021776008685,2986660907093963186,300471914551172981,1,1,dygkt,0.7289289524661072
1314274021776008685,7591109345808921544,300471914551172981,1,1,dygkt,0.7149936273661694
1314274021776008685,625545550176685521,8573800373938698102,1,1,dygkt,0.6956890288147367
1314274021776008685,1761868641361943332,8573800373938698102,0,1,dygkt,0.7001583774438962
1314274021776008685,4824259625677886603,300471914551172981,1,1,dygkt,0.7127689977334412
1314274021776008685,8450591260754163598,8573800373938698102,0,1,dygkt,0.6876426540668787
1314274021776008685,1553079256999111676,300471914551172981,1,1,dygkt,0.7174839087960774
1314274021776008685,3220231712819306119,8573800373938698102,1,1,dygkt,0.6916803895285722
1314274021776008685,338807275221326836,300471914551172981,1,1,dygkt,0.7104540231562652
1314274021776008685,8525319303741530302,8573800373938698102,1,1,dygkt,0.692177888896398
1314274021776008685,6587421150596252277,300471914551172981,1,1,dygkt,0.7184684516294454
1314274021776008685,5891620578387310353,300471914551172981,1,1,dygkt,0.7086101712472729
1314274021776008685,5791250638486922978,300471914551172981,1,1,dygkt,0.7210967093751325
1314274021776008685,4031585874086886353,8573800373938698102,1,1,dygkt,0.7008520404487877
1314274021776008685,2083452711903133430,8573800373938698102,1,1,dygkt,0.7137353617155724
1314274021776008685,6319743179241711738,8573800373938698102,1,1,dygkt,0.701951847374613
1314274021776008685,8628686323660025649,300471914551172981,1,1,dygkt,0.7205879267938833
1314274021776008685,4378721629787482518,300471914551172981,1,1,dygkt,0.724137442742341
1314274021776008685,4813462692425748605,300471914551172981,1,1,dygkt,0.7034432765089663
1314274021776008685,4644364625800006675,300471914551172981,1,1,dygkt,0.7142003069127997
1314274021776008685,1062464292871659639,8573800373938698102,1,1,dygkt,0.7023585923407423
1314274021776008685,5932668873100475470,300471914551172981,1,1,dygkt,0.7268487641540647
1314274021776008685,5237822943399727048,8573800373938698102,1,1,dygkt,0.7044684983744905
1323516988765165119,300471914551172981,300471914551172981,1,1,dygkt,0.7028749415317669
1323516988765165119,8573800373938698102,8573800373938698102,1,1,dygkt,0.6676368640578058
1323516988765165119,2014268979504181100,300471914551172981,0,1,dygkt,0.6942338559132072
1323516988765165119,2172169907340938753,300471914551172981,1,1,dygkt,0.6948940194208222
1323516988765165119,8150806168444344502,300471914551172981,1,1,dygkt,0.7079672133459274
1323516988765165119,816286915455981984,8573800373938698102,1,1,dygkt,0.6978668827589709
1323516988765165119,1962751598315765836,300471914551172981,1,1,dygkt,0.7106940153884643
1323516988765165119,7444476343858270082,300471914551172981,1,1,dygkt,0.7130078462864773
1323516988765165119,2537821716777940730,300471914551172981,0,1,dygkt,0.7134851871859096
1323516988765165119,1061301253559417093,300471914551172981,0,1,dygkt,0.7024686032740151
1323516988765165119,8553379303363759508,300471914551172981,0,1,dygkt,0.6979778399738154
1323516988765165119,6440511557387709110,300471914551172981,1,1,dygkt,0.7123706532113054
1323516988765165119,7744513373483970787,8573800373938698102,1,1,dygkt,0.6707797992590749
1323516988765165119,2971078979906996375,300471914551172981,1,1,dygkt,0.7067594239796433
1323516988765165119,5841359775533910823,300471914551172981,0,1,dygkt,0.6900066165340146
1323516988765165119,8621262567927479011,300471914551172981,1,1,dygkt,0.7118124178994717
1323516988765165119,8434961942249729798,8573800373938698102,1,1,dygkt,0.6898108069615436
1323516988765165119,2322042198017538996,8573800373938698102,1,1,dygkt,0.6910163644453529
1323516988765165119,1742185772413642127,300471914551172981,1,1,dygkt,0.7153105844799644
1323516988765165119,2334639155148655290,8573800373938698102,0,1,dygkt,0.6946586795692022
1323516988765165119,7660717256841499384,300471914551172981,1,1,dygkt,0.7234764702781967
1323516988765165119,4113615466659810841,300471914551172981,1,1,dygkt,0.7147954214398247
1323516988765165119,6125574002232610732,300471914551172981,0,1,dygkt,0.6948527826289086
1323516988765165119,2774368076249802464,8573800373938698102,1,1,dygkt,0.6874337423143132
1323516988765165119,8903365289186067945,8573800373938698102,1,1,dygkt,0.689102898769302
1323516988765165119,6925932688889117475,300471914551172981,1,1,dygkt,0.725688807993312
1323516988765165119,8194071366621068887,8573800373938698102,0,1,dygkt,0.6763390293874736
1323516988765165119,2986660907093963186,300471914551172981,1,1,dygkt,0.7289289524661072
1323516988765165119,7591109345808921544,300471914551172981,1,1,dygkt,0.7149936273661694
1323516988765165119,625545550176685521,8573800373938698102,1,1,dygkt,0.6956890288147367
1323516988765165119,1761868641361943332,8573800373938698102,1,1,dygkt,0.7001583774438962
1323516988765165119,4824259625677886603,300471914551172981,1,1,dygkt,0.7127689977334412
1323516988765165119,8450591260754163598,8573800373938698102,1,1,dygkt,0.6876426540668787
1323516988765165119,1553079256999111676,300471914551172981,1,1,dygkt,0.7174839087960774
1323516988765165119,3220231712819306119,8573800373938698102,1,1,dygkt,0.6916803895285722
1323516988765165119,338807275221326836,300471914551172981,1,1,dygkt,0.7104540231562652
1323516988765165119,8525319303741530302,8573800373938698102,1,1,dygkt,0.692177888896398
1323516988765165119,6587421150596252277,300471914551172981,1,1,dygkt,0.7184684516294454
1323516988765165119,5891620578387310353,300471914551172981,1,1,dygkt,0.7086101712472729
1323516988765165119,5791250638486922978,300471914551172981,1,1,dygkt,0.7210967093751325
1323516988765165119,4031585874086886353,8573800373938698102,1,1,dygkt,0.7008520404487877
1323516988765165119,2083452711903133430,8573800373938698102,1,1,dygkt,0.7137353617155724
1323516988765165119,6319743179241711738,8573800373938698102,1,1,dygkt,0.701951847374613
1323516988765165119,8628686323660025649,300471914551172981,1,1,dygkt,0.7205879267938833
1323516988765165119,4378721629787482518,300471914551172981,1,1,dygkt,0.724137442742341
1323516988765165119,4813462692425748605,300471914551172981,1,1,dygkt,0.7034432765089663
1323516988765165119,4644364625800006675,300471914551172981,1,1,dygkt,0.7142003069127997
1323516988765165119,1062464292871659639,8573800373938698102,1,1,dygkt,0.7023585923407423
1323516988765165119,5932668873100475470,300471914551172981,1,1,dygkt,0.7268487641540647
1323516988765165119,5237822943399727048,8573800373938698102,1,1,dygkt,0.7044684983744905
1327066424004720614,300471914551172981,300471914551172981,1,1,dygkt,0.7028749415317669
1327066424004720614,8573800373938698102,8573800373938698102,0,1,dygkt,0.6676368640578058
1327066424004720614,2014268979504181100,300471914551172981,1,1,dygkt,0.6942338559132072
1327066424004720614,2172169907340938753,300471914551172981,1,1,dygkt,0.6948940194208222
1327066424004720614,8150806168444344502,300471914551172981,1,1,dygkt,0.7079672133459274
1327066424004720614,816286915455981984,8573800373938698102,0,1,dygkt,0.6978668827589709
1327066424004720614,1962751598315765836,300471914551172981,1,1,dygkt,0.7106940153884643
1327066424004720614,7444476343858270082,300471914551172981,1,1,dygkt,0.7130078462864773
1327066424004720614,2537821716777940730,300471914551172981,1,1,dygkt,0.7134851871859096
1327066424004720614,1061301253559417093,300471914551172981,1,1,dygkt,0.7024686032740151
1327066424004720614,8553379303363759508,300471914551172981,1,1,dygkt,0.6979778399738154
1327066424004720614,6440511557387709110,300471914551172981,1,1,dygkt,0.7123706532113054
1327066424004720614,7744513373483970787,8573800373938698102,0,1,dygkt,0.6707797992590749
1327066424004720614,2971078979906996375,300471914551172981,1,1,dygkt,0.7067594239796433
1327066424004720614,5841359775533910823,300471914551172981,1,1,dygkt,0.6900066165340146
1327066424004720614,8621262567927479011,300471914551172981,1,1,dygkt,0.7118124178994717
1327066424004720614,8434961942249729798,8573800373938698102,0,1,dygkt,0.6898108069615436
1327066424004720614,2322042198017538996,8573800373938698102,0,1,dygkt,0.6910163644453529
1327066424004720614,1742185772413642127,300471914551172981,1,1,dygkt,0.7153105844799644
1327066424004720614,2334639155148655290,8573800373938698102,0,1,dygkt,0.6946586795692022
1327066424004720614,7660717256841499384,300471914551172981,1,1,dygkt,0.7234764702781967
1327066424004720614,4113615466659810841,300471914551172981,1,1,dygkt,0.7147954214398247
1327066424004720614,6125574002232610732,300471914551172981,1,1,dygkt,0.6948527826289086
1327066424004720614,2774368076249802464,8573800373938698102,0,1,dygkt,0.6874337423143132
1327066424004720614,8903365289186067945,8573800373938698102,0,1,dygkt,0.689102898769302
1327066424004720614,6925932688889117475,300471914551172981,1,1,dygkt,0.725688807993312
1327066424004720614,8194071366621068887,8573800373938698102,0,1,dygkt,0.6763390293874736
1327066424004720614,2986660907093963186,300471914551172981,1,1,dygkt,0.7289289524661072
1327066424004720614,7591109345808921544,300471914551172981,1,1,dygkt,0.7149936273661694
1327066424004720614,625545550176685521,8573800373938698102,0,1,dygkt,0.6956890288147367
1327066424004720614,1761868641361943332,8573800373938698102,1,1,dygkt,0.7001583774438962
1327066424004720614,4824259625677886603,300471914551172981,1,1,dygkt,0.7127689977334412
1327066424004720614,8450591260754163598,8573800373938698102,1,1,dygkt,0.6876426540668787
1327066424004720614,1553079256999111676,300471914551172981,1,1,dygkt,0.7174839087960774
1327066424004720614,3220231712819306119,8573800373938698102,0,1,dygkt,0.6916803895285722
1327066424004720614,338807275221326836,300471914551172981,1,1,dygkt,0.7104540231562652
1327066424004720614,8525319303741530302,8573800373938698102,0,1,dygkt,0.692177888896398
1327066424004720614,6587421150596252277,300471914551172981,1,1,dygkt,0.7184684516294454
1327066424004720614,5891620578387310353,300471914551172981,1,1,dygkt,0.7086101712472729
1327066424004720614,5791250638486922978,300471914551172981,1,1,dygkt,0.7210967093751325
1327066424004720614,4031585874086886353,8573800373938698102,1,1,dygkt,0.7008520404487877
1327066424004720614,2083452711903133430,8573800373938698102,1,1,dygkt,0.7137353617155724
1327066424004720614,6319743179241711738,8573800373938698102,0,1,dygkt,0.701951847374613
1327066424004720614,8628686323660025649,300471914551172981,1,1,dygkt,0.7205879267938833
1327066424004720614,4378721629787482518,300471914551172981,1,1,dygkt,0.724137442742341
1327066424004720614,4813462692425748605,300471914551172981,1,1,dygkt,0.7034432765089663
1327066424004720614,4644364625800006675,300471914551172981,1,1,dygkt,0.7142003069127997
1327066424004720614,1062464292871659639,8573800373938698102,0,1,dygkt,0.7023585923407423
1327066424004720614,5932668873100475470,300471914551172981,1,1,dygkt,0.7268487641540647
1327066424004720614,5237822943399727048,8573800373938698102,0,1,dygkt,0.7044684983744905
1376334605523658368,300471914551172981,300471914551172981,1,1,dygkt,0.7028749415317669
1376334605523658368,8573800373938698102,8573800373938698102,0,1,dygkt,0.6676368640578058
1376334605523658368,2014268979504181100,300471914551172981,1,1,dygkt,0.6942338559132072
1376334605523658368,2172169907340938753,300471914551172981,1,1,dygkt,0.6948940194208222
1376334605523658368,8150806168444344502,300471914551172981,1,1,dygkt,0.7079672133459274
1376334605523658368,816286915455981984,8573800373938698102,0,1,dygkt,0.6978668827589709
1376334605523658368,1962751598315765836,300471914551172981,1,1,dygkt,0.7106940153884643
1376334605523658368,7444476343858270082,300471914551172981,1,1,dygkt,0.7130078462864773
1376334605523658368,2537821716777940730,300471914551172981,1,1,dygkt,0.7134851871859096
1376334605523658368,1061301253559417093,300471914551172981,1,1,dygkt,0.7024686032740151
1376334605523658368,8553379303363759508,300471914551172981,1,1,dygkt,0.6979778399738154
1376334605523658368,6440511557387709110,300471914551172981,1,1,dygkt,0.7123706532113054
1376334605523658368,7744513373483970787,8573800373938698102,0,1,dygkt,0.6707797992590749
1376334605523658368,2971078979906996375,300471914551172981,0,1,dygkt,0.7067594239796433
1376334605523658368,5841359775533910823,300471914551172981,1,1,dygkt,0.6900066165340146
1376334605523658368,8621262567927479011,300471914551172981,1,1,dygkt,0.7118124178994717
1376334605523658368,8434961942249729798,8573800373938698102,0,1,dygkt,0.6898108069615436
1376334605523658368,2322042198017538996,8573800373938698102,0,1,dygkt,0.6910163644453529
1376334605523658368,1742185772413642127,300471914551172981,1,1,dygkt,0.7153105844799644
1376334605523658368,2334639155148655290,8573800373938698102,1,1,dygkt,0.6946586795692022
1376334605523658368,7660717256841499384,300471914551172981,1,1,dygkt,0.7234764702781967
1376334605523658368,4113615466659810841,300471914551172981,1,1,dygkt,0.7147954214398247
1376334605523658368,6125574002232610732,300471914551172981,0,1,dygkt,0.6948527826289086
1376334605523658368,2774368076249802464,8573800373938698102,1,1,dygkt,0.6874337423143132
1376334605523658368,8903365289186067945,8573800373938698102,0,1,dygkt,0.689102898769302
1376334605523658368,6925932688889117475,300471914551172981,1,1,dygkt,0.725688807993312
1376334605523658368,8194071366621068887,8573800373938698102,0,1,dygkt,0.6763390293874736
1376334605523658368,2986660907093963186,300471914551172981,1,1,dygkt,0.7289289524661072
1376334605523658368,7591109345808921544,300471914551172981,1,1,dygkt,0.7149936273661694
1376334605523658368,625545550176685521,8573800373938698102,0,1,dygkt,0.6956890288147367
1376334605523658368,1761868641361943332,8573800373938698102,0,1,dygkt,0.7001583774438962
1376334605523658368,4824259625677886603,300471914551172981,1,1,dygkt,0.7127689977334412
1376334605523658368,8450591260754163598,8573800373938698102,0,1,dygkt,0.6876426540668787
1376334605523658368,1553079256999111676,300471914551172981,0,1,dygkt,0.7174839087960774
1376334605523658368,3220231712819306119,8573800373938698102,0,1,dygkt,0.6916803895285722
1376334605523658368,338807275221326836,300471914551172981,1,1,dygkt,0.7104540231562652
1376334605523658368,8525319303741530302,8573800373938698102,0,1,dygkt,0.692177888896398
1376334605523658368,6587421150596252277,300471914551172981,0,1,dygkt,0.7184684516294454
1376334605523658368,5891620578387310353,300471914551172981,0,1,dygkt,0.7086101712472729
1376334605523658368,5791250638486922978,300471914551172981,1,1,dygkt,0.7210967093751325
1376334605523658368,4031585874086886353,8573800373938698102,0,1,dygkt,0.7008520404487877
1376334605523658368,2083452711903133430,8573800373938698102,1,1,dygkt,0.7137353617155724
1376334605523658368,6319743179241711738,8573800373938698102,0,1,dygkt,0.701951847374613
1376334605523658368,8628686323660025649,300471914551172981,1,1,dygkt,0.7205879267938833
1376334605523658368,4378721629787482518,300471914551172981,1,1,dygkt,0.724137442742341
1376334605523658368,4813462692425748605,300471914551172981,0,1,dygkt,0.7034432765089663
1376334605523658368,4644364625800006675,300471914551172981,1,1,dygkt,0.7142003069127997
1376334605523658368,1062464292871659639,8573800373938698102,0,1,dygkt,0.7023585923407423
1376334605523658368,5932668873100475470,300471914551172981,1,1,dygkt,0.7268487641540647
1376334605523658368,5237822943399727048,8573800373938698102,0,1,dygkt,0.7044684983744905
1387778011818191444,300471914551172981,300471914551172981,1,1,dygkt,0.7028749415317669
1387778011818191444,8573800373938698102,8573800373938698102,0,1,dygkt,0.6676368640578058
1387778011818191444,2014268979504181100,300471914551172981,1,1,dygkt,0.6942338559132072
1387778011818191444,2172169907340938753,300471914551172981,0,1,dygkt,0.6948940194208222
1387778011818191444,8150806168444344502,300471914551172981,1,1,dygkt,0.7079672133459274
1387778011818191444,816286915455981984,8573800373938698102,1,1,dygkt,0.6978668827589709
1387778011818191444,1962751598315765836,300471914551172981,1,1,dygkt,0.7106940153884643
1387778011818191444,7444476343858270082,300471914551172981,0,1,dygkt,0.7130078462864773
1387778011818191444,2537821716777940730,300471914551172981,0,1,dygkt,0.7134851871859096
1387778011818191444,1061301253559417093,300471914551172981,0,1,dygkt,0.7024686032740151
1387778011818191444,8553379303363759508,300471914551172981,0,1,dygkt,0.6979778399738154
1387778011818191444,6440511557387709110,300471914551172981,1,1,dygkt,0.7123706532113054
1387778011818191444,7744513373483970787,8573800373938698102,1,1,dygkt,0.6707797992590749
1387778011818191444,2971078979906996375,300471914551172981,0,1,dygkt,0.7067594239796433
1387778011818191444,5841359775533910823,300471914551172981,0,1,dygkt,0.6900066165340146
1387778011818191444,8621262567927479011,300471914551172981,1,1,dygkt,0.7118124178994717
1387778011818191444,8434961942249729798,8573800373938698102,1,1,dygkt,0.6898108069615436
1387778011818191444,2322042198017538996,8573800373938698102,1,1,dygkt,0.6910163644453529
1387778011818191444,1742185772413642127,300471914551172981,1,1,dygkt,0.7153105844799644
1387778011818191444,2334639155148655290,8573800373938698102,1,1,dygkt,0.6946586795692022
1387778011818191444,7660717256841499384,300471914551172981,1,1,dygkt,0.7234764702781967
1387778011818191444,4113615466659810841,300471914551172981,1,1,dygkt,0.7147954214398247
1387778011818191444,6125574002232610732,300471914551172981,1,1,dygkt,0.6948527826289086
1387778011818191444,2774368076249802464,8573800373938698102,1,1,dygkt,0.6874337423143132
1387778011818191444,8903365289186067945,8573800373938698102,1,1,dygkt,0.689102898769302
1387778011818191444,6925932688889117475,300471914551172981,1,1,dygkt,0.725688807993312
1387778011818191444,8194071366621068887,8573800373938698102,1,1,dygkt,0.6763390293874736
1387778011818191444,2986660907093963186,300471914551172981,1,1,dygkt,0.7289289524661072
1387778011818191444,7591109345808921544,300471914551172981,1,1,dygkt,0.7149936273661694
1387778011818191444,625545550176685521,8573800373938698102,1,1,dygkt,0.6956890288147367
1387778011818191444,1761868641361943332,8573800373938698102,1,1,dygkt,0.7001583774438962
1387778011818191444,4824259625677886603,300471914551172981,1,1,dygkt,0.7127689977334412
1387778011818191444,8450591260754163598,8573800373938698102,1,1,dygkt,0.6876426540668787
1387778011818191444,1553079256999111676,300471914551172981,0,1,dygkt,0.7174839087960774
1387778011818191444,3220231712819306119,8573800373938698102,1,1,dygkt,0.6916803895285722
1387778011818191444,338807275221326836,300471914551172981,1,1,dygkt,0.7104540231562652
1387778011818191444,8525319303741530302,8573800373938698102,1,1,dygkt,0.692177888896398
1387778011818191444,6587421150596252277,300471914551172981,1,1,dygkt,0.7184684516294454
1387778011818191444,5891620578387310353,300471914551172981,0,1,dygkt,0.7086101712472729
1387778011818191444,5791250638486922978,300471914551172981,0,1,dygkt,0.7210967093751325
1387778011818191444,4031585874086886353,8573800373938698102,1,1,dygkt,0.7008520404487877
1387778011818191444,2083452711903133430,8573800373938698102,1,1,dygkt,0.7137353617155724
1387778011818191444,6319743179241711738,8573800373938698102,1,1,dygkt,0.701951847374613
1387778011818191444,8628686323660025649,300471914551172981,1,1,dygkt,0.7205879267938833
1387778011818191444,4378721629787482518,300471914551172981,1,1,dygkt,0.724137442742341
1387778011818191444,4813462692425748605,300471914551172981,0,1,dygkt,0.7034432765089663
1387778011818191444,4644364625800006675,300471914551172981,1,1,dygkt,0.7142003069127997
1387778011818191444,1062464292871659639,8573800373938698102,1,1,dygkt,0.7023585923407423
1387778011818191444,5932668873100475470,300471914551172981,1,1,dygkt,0.7268487641540647
1387778011818191444,5237822943399727048,8573800373938698102,1,1,dygkt,0.7044684983744905
1411612469887479054,300471914551172981,300471914551172981,0,1,dygkt,0.7028749415317669
1411612469887479054,8573800373938698102,8573800373938698102,0,1,dygkt,0.6676368640578058
1411612469887479054,2014268979504181100,300471914551172981,0,1,dygkt,0.6942338559132072
1411612469887479054,2172169907340938753,300471914551172981,0,1,dygkt,0.6948940194208222
1411612469887479054,8150806168444344502,300471914551172981,0,1,dygkt,0.7079672133459274
1411612469887479054,816286915455981984,8573800373938698102,0,1,dygkt,0.6978668827589709
1411612469887479054,1962751598315765836,300471914551172981,1,1,dygkt,0.7106940153884643
1411612469887479054,7444476343858270082,300471914551172981,0,1,dygkt,0.7130078462864773
1411612469887479054,2537821716777940730,300471914551172981,0,1,dygkt,0.7134851871859096
1411612469887479054,1061301253559417093,300471914551172981,1,1,dygkt,0.7024686032740151
1411612469887479054,8553379303363759508,300471914551172981,0,1,dygkt,0.6979778399738154
1411612469887479054,6440511557387709110,300471914551172981,1,1,dygkt,0.7123706532113054
1411612469887479054,7744513373483970787,8573800373938698102,0,1,dygkt,0.6707797992590749
1411612469887479054,2971078979906996375,300471914551172981,0,1,dygkt,0.7067594239796433
1411612469887479054,5841359775533910823,300471914551172981,1,1,dygkt,0.6900066165340146
1411612469887479054,8621262567927479011,300471914551172981,1,1,dygkt,0.7118124178994717
1411612469887479054,8434961942249729798,8573800373938698102,0,1,dygkt,0.6898108069615436
1411612469887479054,2322042198017538996,8573800373938698102,0,1,dygkt,0.6910163644453529
1411612469887479054,1742185772413642127,300471914551172981,1,1,dygkt,0.7153105844799644
1411612469887479054,2334639155148655290,8573800373938698102,0,1,dygkt,0.6946586795692022
1411612469887479054,7660717256841499384,300471914551172981,1,1,dygkt,0.7234764702781967
1411612469887479054,4113615466659810841,300471914551172981,0,1,dygkt,0.7147954214398247
1411612469887479054,6125574002232610732,300471914551172981,0,1,dygkt,0.6948527826289086
1411612469887479054,2774368076249802464,8573800373938698102,0,1,dygkt,0.6874337423143132
1411612469887479054,8903365289186067945,8573800373938698102,0,1,dygkt,0.689102898769302
1411612469887479054,6925932688889117475,300471914551172981,1,1,dygkt,0.725688807993312
1411612469887479054,8194071366621068887,8573800373938698102,0,1,dygkt,0.6763390293874736
1411612469887479054,2986660907093963186,300471914551172981,0,1,dygkt,0.7289289524661072
1411612469887479054,7591109345808921544,300471914551172981,1,1,dygkt,0.7149936273661694
1411612469887479054,625545550176685521,8573800373938698102,0,1,dygkt,0.6956890288147367
1411612469887479054,1761868641361943332,8573800373938698102,0,1,dygkt,0.7001583774438962
1411612469887479054,4824259625677886603,300471914551172981,0,1,dygkt,0.7127689977334412
1411612469887479054,8450591260754163598,8573800373938698102,1,1,dygkt,0.6876426540668787
1411612469887479054,1553079256999111676,300471914551172981,0,1,dygkt,0.7174839087960774
1411612469887479054,3220231712819306119,8573800373938698102,0,1,dygkt,0.6916803895285722
1411612469887479054,338807275221326836,300471914551172981,0,1,dygkt,0.7104540231562652
1411612469887479054,8525319303741530302,8573800373938698102,0,1,dygkt,0.692177888896398
1411612469887479054,6587421150596252277,300471914551172981,1,1,dygkt,0.7184684516294454
1411612469887479054,5891620578387310353,300471914551172981,0,1,dygkt,0.7086101712472729
1411612469887479054,5791250638486922978,300471914551172981,1,1,dygkt,0.7210967093751325
1411612469887479054,4031585874086886353,8573800373938698102,0,1,dygkt,0.7008520404487877
1411612469887479054,2083452711903133430,8573800373938698102,0,1,dygkt,0.7137353617155724
1411612469887479054,6319743179241711738,8573800373938698102,1,1,dygkt,0.701951847374613
1411612469887479054,8628686323660025649,300471914551172981,0,1,dygkt,0.7205879267938833
1411612469887479054,4378721629787482518,300471914551172981,1,1,dygkt,0.724137442742341
1411612469887479054,4813462692425748605,300471914551172981,0,1,dygkt,0.7034432765089663
1411612469887479054,4644364625800006675,300471914551172981,0,1,dygkt,0.7142003069127997
1411612469887479054,1062464292871659639,8573800373938698102,0,1,dygkt,0.7023585923407423
1411612469887479054,5932668873100475470,300471914551172981,0,1,dygkt,0.7268487641540647
1411612469887479054,5237822943399727048,8573800373938698102,0,1,dygkt,0.7044684983744905
1483669095355523038,300471914551172981,300471914551172981,0,1,dygkt,0.7028749415317669
1483669095355523038,8573800373938698102,8573800373938698102,0,1,dygkt,0.6676368640578058
1483669095355523038,2014268979504181100,300471914551172981,0,1,dygkt,0.6942338559132072
1483669095355523038,2172169907340938753,300471914551172981,0,1,dygkt,0.6948940194208222
1483669095355523038,8150806168444344502,300471914551172981,0,1,dygkt,0.7079672133459274
1483669095355523038,816286915455981984,8573800373938698102,1,1,dygkt,0.6978668827589709
1483669095355523038,1962751598315765836,300471914551172981,1,1,dygkt,0.7106940153884643
1483669095355523038,7444476343858270082,300471914551172981,1,1,dygkt,0.7130078462864773
1483669095355523038,2537821716777940730,300471914551172981,1,1,dygkt,0.7134851871859096
1483669095355523038,1061301253559417093,300471914551172981,0,1,dygkt,0.7024686032740151
1483669095355523038,8553379303363759508,300471914551172981,0,1,dygkt,0.6979778399738154
1483669095355523038,6440511557387709110,300471914551172981,0,1,dygkt,0.7123706532113054
1483669095355523038,7744513373483970787,8573800373938698102,0,1,dygkt,0.6707797992590749
1483669095355523038,2971078979906996375,300471914551172981,0,1,dygkt,0.7067594239796433
1483669095355523038,5841359775533910823,300471914551172981,0,1,dygkt,0.6900066165340146
1483669095355523038,8621262567927479011,300471914551172981,1,1,dygkt,0.7118124178994717
1483669095355523038,8434961942249729798,8573800373938698102,1,1,dygkt,0.6898108069615436
1483669095355523038,2322042198017538996,8573800373938698102,0,1,dygkt,0.6910163644453529
1483669095355523038,1742185772413642127,300471914551172981,1,1,dygkt,0.7153105844799644
1483669095355523038,2334639155148655290,8573800373938698102,1,1,dygkt,0.6946586795692022
1483669095355523038,7660717256841499384,300471914551172981,1,1,dygkt,0.7234764702781967
1483669095355523038,4113615466659810841,300471914551172981,0,1,dygkt,0.7147954214398247
1483669095355523038,6125574002232610732,300471914551172981,0,1,dygkt,0.6948527826289086
1483669095355523038,2774368076249802464,8573800373938698102,1,1,dygkt,0.6874337423143132
1483669095355523038,8903365289186067945,8573800373938698102,1,1,dygkt,0.689102898769302
1483669095355523038,6925932688889117475,300471914551172981,0,1,dygkt,0.725688807993312
1483669095355523038,8194071366621068887,8573800373938698102,0,1,dygkt,0.6763390293874736
1483669095355523038,2986660907093963186,300471914551172981,0,1,dygkt,0.7289289524661072
1483669095355523038,7591109345808921544,300471914551172981,0,1,dygkt,0.7149936273661694
1483669095355523038,625545550176685521,8573800373938698102,1,1,dygkt,0.6956890288147367
1483669095355523038,1761868641361943332,8573800373938698102,0,1,dygkt,0.7001583774438962
1483669095355523038,4824259625677886603,300471914551172981,0,1,dygkt,0.7127689977334412
1483669095355523038,8450591260754163598,8573800373938698102,0,1,dygkt,0.6876426540668787
1483669095355523038,1553079256999111676,300471914551172981,0,1,dygkt,0.7174839087960774
1483669095355523038,3220231712819306119,8573800373938698102,1,1,dygkt,0.6916803895285722
1483669095355523038,338807275221326836,300471914551172981,1,1,dygkt,0.7104540231562652
1483669095355523038,8525319303741530302,8573800373938698102,0,1,dygkt,0.692177888896398
1483669095355523038,6587421150596252277,300471914551172981,0,1,dygkt,0.7184684516294454
1483669095355523038,5891620578387310353,300471914551172981,0,1,dygkt,0.7086101712472729
1483669095355523038,5791250638486922978,300471914551172981,0,1,dygkt,0.7210967093751325
1483669095355523038,4031585874086886353,8573800373938698102,0,1,dygkt,0.7008520404487877
1483669095355523038,2083452711903133430,8573800373938698102,1,1,dygkt,0.7137353617155724
1483669095355523038,6319743179241711738,8573800373938698102,1,1,dygkt,0.701951847374613
1483669095355523038,8628686323660025649,300471914551172981,1,1,dygkt,0.7205879267938833
1483669095355523038,4378721629787482518,300471914551172981,0,1,dygkt,0.724137442742341
1483669095355523038,4813462692425748605,300471914551172981,0,1,dygkt,0.7034432765089663
1483669095355523038,4644364625800006675,300471914551172981,1,1,dygkt,0.7142003069127997
1483669095355523038,1062464292871659639,8573800373938698102,1,1,dygkt,0.7023585923407423
1483669095355523038,5932668873100475470,300471914551172981,1,1,dygkt,0.7268487641540647
1483669095355523038,5237822943399727048,8573800373938698102,1,1,dygkt,0.7044684983744905
1490828910013531872,300471914551172981,300471914551172981,1,1,dygkt,0.7028749415317669
1490828910013531872,8573800373938698102,8573800373938698102,0,1,dygkt,0.6676368640578058
1490828910013531872,2014268979504181100,300471914551172981,1,1,dygkt,0.6942338559132072
1490828910013531872,2172169907340938753,300471914551172981,1,1,dygkt,0.6948940194208222
1490828910013531872,8150806168444344502,300471914551172981,1,1,dygkt,0.7079672133459274
1490828910013531872,816286915455981984,8573800373938698102,0,1,dygkt,0.6978668827589709
1490828910013531872,1962751598315765836,300471914551172981,1,1,dygkt,0.7106940153884643
1490828910013531872,7444476343858270082,300471914551172981,1,1,dygkt,0.7130078462864773
1490828910013531872,2537821716777940730,300471914551172981,1,1,dygkt,0.7134851871859096
1490828910013531872,1061301253559417093,300471914551172981,1,1,dygkt,0.7024686032740151
1490828910013531872,8553379303363759508,300471914551172981,1,1,dygkt,0.6979778399738154
1490828910013531872,6440511557387709110,300471914551172981,1,1,dygkt,0.7123706532113054
1490828910013531872,7744513373483970787,8573800373938698102,0,1,dygkt,0.6707797992590749
1490828910013531872,2971078979906996375,300471914551172981,1,1,dygkt,0.7067594239796433
1490828910013531872,5841359775533910823,300471914551172981,1,1,dygkt,0.6900066165340146
1490828910013531872,8621262567927479011,300471914551172981,1,1,dygkt,0.7118124178994717
1490828910013531872,8434961942249729798,8573800373938698102,1,1,dygkt,0.6898108069615436
1490828910013531872,2322042198017538996,8573800373938698102,1,1,dygkt,0.6910163644453529
1490828910013531872,1742185772413642127,300471914551172981,1,1,dygkt,0.7153105844799644
1490828910013531872,2334639155148655290,8573800373938698102,1,1,dygkt,0.6946586795692022
1490828910013531872,7660717256841499384,300471914551172981,1,1,dygkt,0.7234764702781967
1490828910013531872,4113615466659810841,300471914551172981,1,1,dygkt,0.7147954214398247
1490828910013531872,6125574002232610732,300471914551172981,1,1,dygkt,0.6948527826289086
1490828910013531872,2774368076249802464,8573800373938698102,1,1,dygkt,0.6874337423143132
1490828910013531872,8903365289186067945,8573800373938698102,1,1,dygkt,0.689102898769302
1490828910013531872,6925932688889117475,300471914551172981,1,1,dygkt,0.725688807993312
1490828910013531872,8194071366621068887,8573800373938698102,0,1,dygkt,0.6763390293874736
1490828910013531872,2986660907093963186,300471914551172981,1,1,dygkt,0.7289289524661072
1490828910013531872,7591109345808921544,300471914551172981,1,1,dygkt,0.7149936273661694
1490828910013531872,625545550176685521,8573800373938698102,1,1,dygkt,0.6956890288147367
1490828910013531872,1761868641361943332,8573800373938698102,0,1,dygkt,0.7001583774438962
1490828910013531872,4824259625677886603,300471914551172981,1,1,dygkt,0.7127689977334412
1490828910013531872,8450591260754163598,8573800373938698102,0,1,dygkt,0.6876426540668787
1490828910013531872,1553079256999111676,300471914551172981,1,1,dygkt,0.7174839087960774
1490828910013531872,3220231712819306119,8573800373938698102,0,1,dygkt,0.6916803895285722
1490828910013531872,338807275221326836,300471914551172981,1,1,dygkt,0.7104540231562652
1490828910013531872,8525319303741530302,8573800373938698102,0,1,dygkt,0.692177888896398
1490828910013531872,6587421150596252277,300471914551172981,1,1,dygkt,0.7184684516294454
1490828910013531872,5891620578387310353,300471914551172981,1,1,dygkt,0.7086101712472729
1490828910013531872,5791250638486922978,300471914551172981,1,1,dygkt,0.7210967093751325
1490828910013531872,4031585874086886353,8573800373938698102,1,1,dygkt,0.7008520404487877
1490828910013531872,2083452711903133430,8573800373938698102,1,1,dygkt,0.7137353617155724
1490828910013531872,6319743179241711738,8573800373938698102,1,1,dygkt,0.701951847374613
1490828910013531872,8628686323660025649,300471914551172981,1,1,dygkt,0.7205879267938833
1490828910013531872,4378721629787482518,300471914551172981,1,1,dygkt,0.724137442742341
1490828910013531872,4813462692425748605,300471914551172981,1,1,dygkt,0.7034432765089663
1490828910013531872,4644364625800006675,300471914551172981,0,1,dygkt,0.7142003069127997
1490828910013531872,1062464292871659639,8573800373938698102,1,1,dygkt,0.7023585923407423
1490828910013531872,5932668873100475470,300471914551172981,1,1,dygkt,0.7268487641540647
1490828910013531872,5237822943399727048,8573800373938698102,1,1,dygkt,0.7044684983744905
1520947013988716706,300471914551172981,300471914551172981,0,1,dygkt,0.7028749415317669
1520947013988716706,8573800373938698102,8573800373938698102,1,1,dygkt,0.6676368640578058
1520947013988716706,2014268979504181100,300471914551172981,0,1,dygkt,0.6942338559132072
1520947013988716706,2172169907340938753,300471914551172981,0,1,dygkt,0.6948940194208222
1520947013988716706,8150806168444344502,300471914551172981,0,1,dygkt,0.7079672133459274
1520947013988716706,816286915455981984,8573800373938698102,1,1,dygkt,0.6978668827589709
1520947013988716706,1962751598315765836,300471914551172981,0,1,dygkt,0.7106940153884643
1520947013988716706,7444476343858270082,300471914551172981,0,1,dygkt,0.7130078462864773
1520947013988716706,2537821716777940730,300471914551172981,0,1,dygkt,0.7134851871859096
1520947013988716706,1061301253559417093,300471914551172981,0,1,dygkt,0.7024686032740151
1520947013988716706,8553379303363759508,300471914551172981,0,1,dygkt,0.6979778399738154
1520947013988716706,6440511557387709110,300471914551172981,1,1,dygkt,0.7123706532113054
1520947013988716706,7744513373483970787,8573800373938698102,0,1,dygkt,0.6707797992590749
1520947013988716706,2971078979906996375,300471914551172981,0,1,dygkt,0.7067594239796433
1520947013988716706,5841359775533910823,300471914551172981,0,1,dygkt,0.6900066165340146
1520947013988716706,8621262567927479011,300471914551172981,0,1,dygkt,0.7118124178994717
1520947013988716706,8434961942249729798,8573800373938698102,1,1,dygkt,0.6898108069615436
1520947013988716706,2322042198017538996,8573800373938698102,1,1,dygkt,0.6910163644453529
1520947013988716706,1742185772413642127,300471914551172981,0,1,dygkt,0.7153105844799644
1520947013988716706,2334639155148655290,8573800373938698102,1,1,dygkt,0.6946586795692022
1520947013988716706,7660717256841499384,300471914551172981,1,1,dygkt,0.7234764702781967
1520947013988716706,4113615466659810841,300471914551172981,0,1,dygkt,0.7147954214398247
1520947013988716706,6125574002232610732,300471914551172981,1,1,dygkt,0.6948527826289086
1520947013988716706,2774368076249802464,8573800373938698102,0,1,dygkt,0.6874337423143132
1520947013988716706,8903365289186067945,8573800373938698102,0,1,dygkt,0.689102898769302
1520947013988716706,6925932688889117475,300471914551172981,0,1,dygkt,0.725688807993312
1520947013988716706,8194071366621068887,8573800373938698102,0,1,dygkt,0.6763390293874736
1520947013988716706,2986660907093963186,300471914551172981,0,1,dygkt,0.7289289524661072
1520947013988716706,7591109345808921544,300471914551172981,0,1,dygkt,0.7149936273661694
1520947013988716706,625545550176685521,8573800373938698102,1,1,dygkt,0.6956890288147367
1520947013988716706,1761868641361943332,8573800373938698102,0,1,dygkt,0.7001583774438962
1520947013988716706,4824259625677886603,300471914551172981,0,1,dygkt,0.7127689977334412
1520947013988716706,8450591260754163598,8573800373938698102,0,1,dygkt,0.6876426540668787
1520947013988716706,1553079256999111676,300471914551172981,0,1,dygkt,0.7174839087960774
1520947013988716706,3220231712819306119,8573800373938698102,1,1,dygkt,0.6916803895285722
1520947013988716706,338807275221326836,300471914551172981,0,1,dygkt,0.7104540231562652
1520947013988716706,8525319303741530302,8573800373938698102,1,1,dygkt,0.692177888896398
1520947013988716706,6587421150596252277,300471914551172981,0,1,dygkt,0.7184684516294454
1520947013988716706,5891620578387310353,300471914551172981,0,1,dygkt,0.7086101712472729
1520947013988716706,5791250638486922978,300471914551172981,0,1,dygkt,0.7210967093751325
1520947013988716706,4031585874086886353,8573800373938698102,1,1,dygkt,0.7008520404487877
1520947013988716706,2083452711903133430,8573800373938698102,1,1,dygkt,0.7137353617155724
1520947013988716706,6319743179241711738,8573800373938698102,1,1,dygkt,0.701951847374613
1520947013988716706,8628686323660025649,300471914551172981,1,1,dygkt,0.7205879267938833
1520947013988716706,4378721629787482518,300471914551172981,1,1,dygkt,0.724137442742341
1520947013988716706,4813462692425748605,300471914551172981,0,1,dygkt,0.7034432765089663
1520947013988716706,4644364625800006675,300471914551172981,0,1,dygkt,0.7142003069127997
1520947013988716706,1062464292871659639,8573800373938698102,1,1,dygkt,0.7023585923407423
1520947013988716706,5932668873100475470,300471914551172981,1,1,dygkt,0.7268487641540647
1520947013988716706,5237822943399727048,8573800373938698102,1,1,dygkt,0.7044684983744905
1599557129054865395,300471914551172981,300471914551172981,1,1,dygkt,0.7028749415317669
1599557129054865395,8573800373938698102,8573800373938698102,0,1,dygkt,0.6676368640578058
1599557129054865395,2014268979504181100,300471914551172981,0,1,dygkt,0.6942338559132072
1599557129054865395,2172169907340938753,300471914551172981,0,1,dygkt,0.6948940194208222
1599557129054865395,8150806168444344502,300471914551172981,1,1,dygkt,0.7079672133459274
1599557129054865395,816286915455981984,8573800373938698102,1,1,dygkt,0.6978668827589709
1599557129054865395,1962751598315765836,300471914551172981,1,1,dygkt,0.7106940153884643
1599557129054865395,7444476343858270082,300471914551172981,1,1,dygkt,0.7130078462864773
1599557129054865395,2537821716777940730,300471914551172981,1,1,dygkt,0.7134851871859096
1599557129054865395,1061301253559417093,300471914551172981,1,1,dygkt,0.7024686032740151
1599557129054865395,8553379303363759508,300471914551172981,1,1,dygkt,0.6979778399738154
1599557129054865395,6440511557387709110,300471914551172981,1,1,dygkt,0.7123706532113054
1599557129054865395,7744513373483970787,8573800373938698102,0,1,dygkt,0.6707797992590749
1599557129054865395,2971078979906996375,300471914551172981,1,1,dygkt,0.7067594239796433
1599557129054865395,5841359775533910823,300471914551172981,0,1,dygkt,0.6900066165340146
1599557129054865395,8621262567927479011,300471914551172981,1,1,dygkt,0.7118124178994717
1599557129054865395,8434961942249729798,8573800373938698102,0,1,dygkt,0.6898108069615436
1599557129054865395,2322042198017538996,8573800373938698102,1,1,dygkt,0.6910163644453529
1599557129054865395,1742185772413642127,300471914551172981,1,1,dygkt,0.7153105844799644
1599557129054865395,2334639155148655290,8573800373938698102,1,1,dygkt,0.6946586795692022
1599557129054865395,7660717256841499384,300471914551172981,1,1,dygkt,0.7234764702781967
1599557129054865395,4113615466659810841,300471914551172981,1,1,dygkt,0.7147954214398247
1599557129054865395,6125574002232610732,300471914551172981,1,1,dygkt,0.6948527826289086
1599557129054865395,2774368076249802464,8573800373938698102,0,1,dygkt,0.6874337423143132
1599557129054865395,8903365289186067945,8573800373938698102,0,1,dygkt,0.689102898769302
1599557129054865395,6925932688889117475,300471914551172981,1,1,dygkt,0.725688807993312
1599557129054865395,8194071366621068887,8573800373938698102,1,1,dygkt,0.6763390293874736
1599557129054865395,2986660907093963186,300471914551172981,1,1,dygkt,0.7289289524661072
1599557129054865395,7591109345808921544,300471914551172981,1,1,dygkt,0.7149936273661694
1599557129054865395,625545550176685521,8573800373938698102,0,1,dygkt,0.6956890288147367
1599557129054865395,1761868641361943332,8573800373938698102,1,1,dygkt,0.7001583774438962
1599557129054865395,4824259625677886603,300471914551172981,1,1,dygkt,0.7127689977334412
1599557129054865395,8450591260754163598,8573800373938698102,0,1,dygkt,0.6876426540668787
1599557129054865395,1553079256999111676,300471914551172981,1,1,dygkt,0.7174839087960774
1599557129054865395,3220231712819306119,8573800373938698102,0,1,dygkt,0.6916803895285722
1599557129054865395,338807275221326836,300471914551172981,1,1,dygkt,0.7104540231562652
1599557129054865395,8525319303741530302,8573800373938698102,1,1,dygkt,0.692177888896398
1599557129054865395,6587421150596252277,300471914551172981,1,1,dygkt,0.7184684516294454
1599557129054865395,5891620578387310353,300471914551172981,1,1,dygkt,0.7086101712472729
1599557129054865395,5791250638486922978,300471914551172981,1,1,dygkt,0.7210967093751325
1599557129054865395,4031585874086886353,8573800373938698102,1,1,dygkt,0.7008520404487877
1599557129054865395,2083452711903133430,8573800373938698102,1,1,dygkt,0.7137353617155724
1599557129054865395,6319743179241711738,8573800373938698102,0,1,dygkt,0.701951847374613
1599557129054865395,8628686323660025649,300471914551172981,1,1,dygkt,0.7205879267938833
1599557129054865395,4378721629787482518,300471914551172981,1,1,dygkt,0.724137442742341
1599557129054865395,4813462692425748605,300471914551172981,1,1,dygkt,0.7034432765089663
1599557129054865395,4644364625800006675,300471914551172981,1,1,dygkt,0.7142003069127997
1599557129054865395,1062464292871659639,8573800373938698102,1,1,dygkt,0.7023585923407423
1599557129054865395,5932668873100475470,300471914551172981,1,1,dygkt,0.7268487641540647
1599557129054865395,5237822943399727048,8573800373938698102,0,1,dygkt,0.7044684983744905
1618903412314909053,300471914551172981,300471914551172981,1,1,dygkt,0.7028749415317669
1618903412314909053,8573800373938698102,8573800373938698102,1,1,dygkt,0.6676368640578058
1618903412314909053,2014268979504181100,300471914551172981,1,1,dygkt,0.6942338559132072
1618903412314909053,2172169907340938753,300471914551172981,1,1,dygkt,0.6948940194208222
1618903412314909053,8150806168444344502,300471914551172981,1,1,dygkt,0.7079672133459274
1618903412314909053,816286915455981984,8573800373938698102,1,1,dygkt,0.6978668827589709
1618903412314909053,1962751598315765836,300471914551172981,1,1,dygkt,0.7106940153884643
1618903412314909053,7444476343858270082,300471914551172981,1,1,dygkt,0.7130078462864773
1618903412314909053,2537821716777940730,300471914551172981,1,1,dygkt,0.7134851871859096
1618903412314909053,1061301253559417093,300471914551172981,1,1,dygkt,0.7024686032740151
1618903412314909053,8553379303363759508,300471914551172981,1,1,dygkt,0.6979778399738154
1618903412314909053,6440511557387709110,300471914551172981,1,1,dygkt,0.7123706532113054
1618903412314909053,7744513373483970787,8573800373938698102,1,1,dygkt,0.6707797992590749
1618903412314909053,2971078979906996375,300471914551172981,1,1,dygkt,0.7067594239796433
1618903412314909053,5841359775533910823,300471914551172981,1,1,dygkt,0.6900066165340146
1618903412314909053,8621262567927479011,300471914551172981,1,1,dygkt,0.7118124178994717
1618903412314909053,8434961942249729798,8573800373938698102,0,1,dygkt,0.6898108069615436
1618903412314909053,2322042198017538996,8573800373938698102,0,1,dygkt,0.6910163644453529
1618903412314909053,1742185772413642127,300471914551172981,1,1,dygkt,0.7153105844799644
1618903412314909053,2334639155148655290,8573800373938698102,0,1,dygkt,0.6946586795692022
1618903412314909053,7660717256841499384,300471914551172981,1,1,dygkt,0.7234764702781967
1618903412314909053,4113615466659810841,300471914551172981,1,1,dygkt,0.7147954214398247
1618903412314909053,6125574002232610732,300471914551172981,1,1,dygkt,0.6948527826289086
1618903412314909053,2774368076249802464,8573800373938698102,0,1,dygkt,0.6874337423143132
1618903412314909053,8903365289186067945,8573800373938698102,0,1,dygkt,0.689102898769302
1618903412314909053,6925932688889117475,300471914551172981,1,1,dygkt,0.725688807993312
1618903412314909053,8194071366621068887,8573800373938698102,0,1,dygkt,0.6763390293874736
1618903412314909053,2986660907093963186,300471914551172981,1,1,dygkt,0.7289289524661072
1618903412314909053,7591109345808921544,300471914551172981,1,1,dygkt,0.7149936273661694
1618903412314909053,625545550176685521,8573800373938698102,0,1,dygkt,0.6956890288147367
1618903412314909053,1761868641361943332,8573800373938698102,0,1,dygkt,0.7001583774438962
1618903412314909053,4824259625677886603,300471914551172981,1,1,dygkt,0.7127689977334412
1618903412314909053,8450591260754163598,8573800373938698102,0,1,dygkt,0.6876426540668787
1618903412314909053,1553079256999111676,300471914551172981,1,1,dygkt,0.7174839087960774
1618903412314909053,3220231712819306119,8573800373938698102,0,1,dygkt,0.6916803895285722
1618903412314909053,338807275221326836,300471914551172981,1,1,dygkt,0.7104540231562652
1618903412314909053,8525319303741530302,8573800373938698102,0,1,dygkt,0.692177888896398
1618903412314909053,6587421150596252277,300471914551172981,1,1,dygkt,0.7184684516294454
1618903412314909053,5891620578387310353,300471914551172981,1,1,dygkt,0.7086101712472729
1618903412314909053,5791250638486922978,300471914551172981,1,1,dygkt,0.7210967093751325
1618903412314909053,4031585874086886353,8573800373938698102,0,1,dygkt,0.7008520404487877
1618903412314909053,2083452711903133430,8573800373938698102,0,1,dygkt,0.7137353617155724
1618903412314909053,6319743179241711738,8573800373938698102,0,1,dygkt,0.701951847374613
1618903412314909053,8628686323660025649,300471914551172981,1,1,dygkt,0.7205879267938833
1618903412314909053,4378721629787482518,300471914551172981,1,1,dygkt,0.724137442742341
1618903412314909053,4813462692425748605,300471914551172981,1,1,dygkt,0.7034432765089663
1618903412314909053,4644364625800006675,300471914551172981,1,1,dygkt,0.7142003069127997
1618903412314909053,1062464292871659639,8573800373938698102,1,1,dygkt,0.7023585923407423
1618903412314909053,5932668873100475470,300471914551172981,1,1,dygkt,0.7268487641540647
1618903412314909053,5237822943399727048,8573800373938698102,0,1,dygkt,0.7044684983744905
1625359377637083757,300471914551172981,300471914551172981,1,1,dygkt,0.7028749415317669
1625359377637083757,8573800373938698102,8573800373938698102,1,1,dygkt,0.6676368640578058
1625359377637083757,2014268979504181100,300471914551172981,0,1,dygkt,0.6942338559132072
1625359377637083757,2172169907340938753,300471914551172981,0,1,dygkt,0.6948940194208222
1625359377637083757,8150806168444344502,300471914551172981,1,1,dygkt,0.7079672133459274
1625359377637083757,816286915455981984,8573800373938698102,1,1,dygkt,0.6978668827589709
1625359377637083757,1962751598315765836,300471914551172981,0,1,dygkt,0.7106940153884643
1625359377637083757,7444476343858270082,300471914551172981,0,1,dygkt,0.7130078462864773
1625359377637083757,2537821716777940730,300471914551172981,0,1,dygkt,0.7134851871859096
1625359377637083757,1061301253559417093,300471914551172981,0,1,dygkt,0.7024686032740151
1625359377637083757,8553379303363759508,300471914551172981,0,1,dygkt,0.6979778399738154
1625359377637083757,6440511557387709110,300471914551172981,0,1,dygkt,0.7123706532113054
1625359377637083757,7744513373483970787,8573800373938698102,1,1,dygkt,0.6707797992590749
1625359377637083757,2971078979906996375,300471914551172981,0,1,dygkt,0.7067594239796433
1625359377637083757,5841359775533910823,300471914551172981,0,1,dygkt,0.6900066165340146
1625359377637083757,8621262567927479011,300471914551172981,1,1,dygkt,0.7118124178994717
1625359377637083757,8434961942249729798,8573800373938698102,1,1,dygkt,0.6898108069615436
1625359377637083757,2322042198017538996,8573800373938698102,1,1,dygkt,0.6910163644453529
1625359377637083757,1742185772413642127,300471914551172981,1,1,dygkt,0.7153105844799644
1625359377637083757,2334639155148655290,8573800373938698102,1,1,dygkt,0.6946586795692022
1625359377637083757,7660717256841499384,300471914551172981,0,1,dygkt,0.7234764702781967
1625359377637083757,4113615466659810841,300471914551172981,0,1,dygkt,0.7147954214398247
1625359377637083757,6125574002232610732,300471914551172981,1,1,dygkt,0.6948527826289086
1625359377637083757,2774368076249802464,8573800373938698102,1,1,dygkt,0.6874337423143132
1625359377637083757,8903365289186067945,8573800373938698102,1,1,dygkt,0.689102898769302
1625359377637083757,6925932688889117475,300471914551172981,1,1,dygkt,0.725688807993312
1625359377637083757,8194071366621068887,8573800373938698102,1,1,dygkt,0.6763390293874736
1625359377637083757,2986660907093963186,300471914551172981,1,1,dygkt,0.7289289524661072
1625359377637083757,7591109345808921544,300471914551172981,1,1,dygkt,0.7149936273661694
1625359377637083757,625545550176685521,8573800373938698102,1,1,dygkt,0.6956890288147367
1625359377637083757,1761868641361943332,8573800373938698102,1,1,dygkt,0.7001583774438962
1625359377637083757,4824259625677886603,300471914551172981,0,1,dygkt,0.7127689977334412
1625359377637083757,8450591260754163598,8573800373938698102,1,1,dygkt,0.6876426540668787
1625359377637083757,1553079256999111676,300471914551172981,0,1,dygkt,0.7174839087960774
1625359377637083757,3220231712819306119,8573800373938698102,1,1,dygkt,0.6916803895285722
1625359377637083757,338807275221326836,300471914551172981,1,1,dygkt,0.7104540231562652
1625359377637083757,8525319303741530302,8573800373938698102,1,1,dygkt,0.692177888896398
1625359377637083757,6587421150596252277,300471914551172981,1,1,dygkt,0.7184684516294454
1625359377637083757,5891620578387310353,300471914551172981,1,1,dygkt,0.7086101712472729
1625359377637083757,5791250638486922978,300471914551172981,0,1,dygkt,0.7210967093751325
1625359377637083757,4031585874086886353,8573800373938698102,1,1,dygkt,0.7008520404487877
1625359377637083757,2083452711903133430,8573800373938698102,1,1,dygkt,0.7137353617155724
1625359377637083757,6319743179241711738,8573800373938698102,1,1,dygkt,0.701951847374613
1625359377637083757,8628686323660025649,300471914551172981,1,1,dygkt,0.7205879267938833
1625359377637083757,4378721629787482518,300471914551172981,1,1,dygkt,0.724137442742341
1625359377637083757,4813462692425748605,300471914551172981,0,1,dygkt,0.7034432765089663
1625359377637083757,4644364625800006675,300471914551172981,1,1,dygkt,0.7142003069127997
1625359377637083757,1062464292871659639,8573800373938698102,1,1,dygkt,0.7023585923407423
1625359377637083757,5932668873100475470,300471914551172981,1,1,dygkt,0.7268487641540647
1625359377637083757,5237822943399727048,8573800373938698102,1,1,dygkt,0.7044684983744905
1679548879296628523,300471914551172981,300471914551172981,1,1,dygkt,0.7028749415317669
1679548879296628523,8573800373938698102,8573800373938698102,0,1,dygkt,0.6676368640578058
1679548879296628523,2014268979504181100,300471914551172981,1,1,dygkt,0.6942338559132072
1679548879296628523,2172169907340938753,300471914551172981,1,1,dygkt,0.6948940194208222
1679548879296628523,8150806168444344502,300471914551172981,1,1,dygkt,0.7079672133459274
1679548879296628523,816286915455981984,8573800373938698102,0,1,dygkt,0.6978668827589709
1679548879296628523,1962751598315765836,300471914551172981,1,1,dygkt,0.7106940153884643
1679548879296628523,7444476343858270082,300471914551172981,1,1,dygkt,0.7130078462864773
1679548879296628523,2537821716777940730,300471914551172981,1,1,dygkt,0.7134851871859096
1679548879296628523,1061301253559417093,300471914551172981,1,1,dygkt,0.7024686032740151
1679548879296628523,8553379303363759508,300471914551172981,1,1,dygkt,0.6979778399738154
1679548879296628523,6440511557387709110,300471914551172981,1,1,dygkt,0.7123706532113054
1679548879296628523,7744513373483970787,8573800373938698102,0,1,dygkt,0.6707797992590749
1679548879296628523,2971078979906996375,300471914551172981,1,1,dygkt,0.7067594239796433
1679548879296628523,5841359775533910823,300471914551172981,1,1,dygkt,0.6900066165340146
1679548879296628523,8621262567927479011,300471914551172981,1,1,dygkt,0.7118124178994717
1679548879296628523,8434961942249729798,8573800373938698102,0,1,dygkt,0.6898108069615436
1679548879296628523,2322042198017538996,8573800373938698102,0,1,dygkt,0.6910163644453529
1679548879296628523,1742185772413642127,300471914551172981,1,1,dygkt,0.7153105844799644
1679548879296628523,2334639155148655290,8573800373938698102,0,1,dygkt,0.6946586795692022
1679548879296628523,7660717256841499384,300471914551172981,1,1,dygkt,0.7234764702781967
1679548879296628523,4113615466659810841,300471914551172981,1,1,dygkt,0.7147954214398247
1679548879296628523,6125574002232610732,300471914551172981,1,1,dygkt,0.6948527826289086
1679548879296628523,2774368076249802464,8573800373938698102,0,1,dygkt,0.6874337423143132
1679548879296628523,8903365289186067945,8573800373938698102,0,1,dygkt,0.689102898769302
1679548879296628523,6925932688889117475,300471914551172981,1,1,dygkt,0.725688807993312
1679548879296628523,8194071366621068887,8573800373938698102,1,1,dygkt,0.6763390293874736
1679548879296628523,2986660907093963186,300471914551172981,1,1,dygkt,0.7289289524661072
1679548879296628523,7591109345808921544,300471914551172981,1,1,dygkt,0.7149936273661694
1679548879296628523,625545550176685521,8573800373938698102,0,1,dygkt,0.6956890288147367
1679548879296628523,1761868641361943332,8573800373938698102,0,1,dygkt,0.7001583774438962
1679548879296628523,4824259625677886603,300471914551172981,1,1,dygkt,0.7127689977334412
1679548879296628523,8450591260754163598,8573800373938698102,0,1,dygkt,0.6876426540668787
1679548879296628523,1553079256999111676,300471914551172981,1,1,dygkt,0.7174839087960774
1679548879296628523,3220231712819306119,8573800373938698102,1,1,dygkt,0.6916803895285722
1679548879296628523,338807275221326836,300471914551172981,1,1,dygkt,0.7104540231562652
1679548879296628523,8525319303741530302,8573800373938698102,1,1,dygkt,0.692177888896398
1679548879296628523,6587421150596252277,300471914551172981,1,1,dygkt,0.7184684516294454
1679548879296628523,5891620578387310353,300471914551172981,1,1,dygkt,0.7086101712472729
1679548879296628523,5791250638486922978,300471914551172981,1,1,dygkt,0.7210967093751325
1679548879296628523,4031585874086886353,8573800373938698102,0,1,dygkt,0.7008520404487877
1679548879296628523,2083452711903133430,8573800373938698102,0,1,dygkt,0.7137353617155724
1679548879296628523,6319743179241711738,8573800373938698102,1,1,dygkt,0.701951847374613
1679548879296628523,8628686323660025649,300471914551172981,1,1,dygkt,0.7205879267938833
1679548879296628523,4378721629787482518,300471914551172981,1,1,dygkt,0.724137442742341
1679548879296628523,4813462692425748605,300471914551172981,1,1,dygkt,0.7034432765089663
1679548879296628523,4644364625800006675,300471914551172981,1,1,dygkt,0.7142003069127997
1679548879296628523,1062464292871659639,8573800373938698102,0,1,dygkt,0.7023585923407423
1679548879296628523,5932668873100475470,300471914551172981,1,1,dygkt,0.7268487641540647
1679548879296628523,5237822943399727048,8573800373938698102,0,1,dygkt,0.7044684983744905
1688411048883114356,300471914551172981,300471914551172981,1,1,dygkt,0.7028749415317669
1688411048883114356,8573800373938698102,8573800373938698102,0,1,dygkt,0.6676368640578058
1688411048883114356,2014268979504181100,300471914551172981,1,1,dygkt,0.6942338559132072
1688411048883114356,2172169907340938753,300471914551172981,1,1,dygkt,0.6948940194208222
1688411048883114356,8150806168444344502,300471914551172981,1,1,dygkt,0.7079672133459274
1688411048883114356,816286915455981984,8573800373938698102,1,1,dygkt,0.6978668827589709
1688411048883114356,1962751598315765836,300471914551172981,1,1,dygkt,0.7106940153884643
1688411048883114356,7444476343858270082,300471914551172981,1,1,dygkt,0.7130078462864773
1688411048883114356,2537821716777940730,300471914551172981,1,1,dygkt,0.7134851871859096
1688411048883114356,1061301253559417093,300471914551172981,1,1,dygkt,0.7024686032740151
1688411048883114356,8553379303363759508,300471914551172981,1,1,dygkt,0.6979778399738154
1688411048883114356,6440511557387709110,300471914551172981,1,1,dygkt,0.7123706532113054
1688411048883114356,7744513373483970787,8573800373938698102,1,1,dygkt,0.6707797992590749
1688411048883114356,2971078979906996375,300471914551172981,1,1,dygkt,0.7067594239796433
1688411048883114356,5841359775533910823,300471914551172981,1,1,dygkt,0.6900066165340146
1688411048883114356,8621262567927479011,300471914551172981,1,1,dygkt,0.7118124178994717
1688411048883114356,8434961942249729798,8573800373938698102,1,1,dygkt,0.6898108069615436
1688411048883114356,2322042198017538996,8573800373938698102,1,1,dygkt,0.6910163644453529
1688411048883114356,1742185772413642127,300471914551172981,1,1,dygkt,0.7153105844799644
1688411048883114356,2334639155148655290,8573800373938698102,1,1,dygkt,0.6946586795692022
1688411048883114356,7660717256841499384,300471914551172981,1,1,dygkt,0.7234764702781967
1688411048883114356,4113615466659810841,300471914551172981,1,1,dygkt,0.7147954214398247
1688411048883114356,6125574002232610732,300471914551172981,1,1,dygkt,0.6948527826289086
1688411048883114356,2774368076249802464,8573800373938698102,1,1,dygkt,0.6874337423143132
1688411048883114356,8903365289186067945,8573800373938698102,1,1,dygkt,0.689102898769302
1688411048883114356,6925932688889117475,300471914551172981,1,1,dygkt,0.725688807993312
1688411048883114356,8194071366621068887,8573800373938698102,1,1,dygkt,0.6763390293874736
1688411048883114356,2986660907093963186,300471914551172981,1,1,dygkt,0.7289289524661072
1688411048883114356,7591109345808921544,300471914551172981,1,1,dygkt,0.7149936273661694
1688411048883114356,625545550176685521,8573800373938698102,1,1,dygkt,0.6956890288147367
1688411048883114356,1761868641361943332,8573800373938698102,1,1,dygkt,0.7001583774438962
1688411048883114356,4824259625677886603,300471914551172981,1,1,dygkt,0.7127689977334412
1688411048883114356,8450591260754163598,8573800373938698102,1,1,dygkt,0.6876426540668787
1688411048883114356,1553079256999111676,300471914551172981,1,1,dygkt,0.7174839087960774
1688411048883114356,3220231712819306119,8573800373938698102,1,1,dygkt,0.6916803895285722
1688411048883114356,338807275221326836,300471914551172981,1,1,dygkt,0.7104540231562652
1688411048883114356,8525319303741530302,8573800373938698102,1,1,dygkt,0.692177888896398
1688411048883114356,6587421150596252277,300471914551172981,1,1,dygkt,0.7184684516294454
1688411048883114356,5891620578387310353,300471914551172981,1,1,dygkt,0.7086101712472729
1688411048883114356,5791250638486922978,300471914551172981,1,1,dygkt,0.7210967093751325
1688411048883114356,4031585874086886353,8573800373938698102,1,1,dygkt,0.7008520404487877
1688411048883114356,2083452711903133430,8573800373938698102,1,1,dygkt,0.7137353617155724
1688411048883114356,6319743179241711738,8573800373938698102,1,1,dygkt,0.701951847374613
1688411048883114356,8628686323660025649,300471914551172981,1,1,dygkt,0.7205879267938833
1688411048883114356,4378721629787482518,300471914551172981,1,1,dygkt,0.724137442742341
1688411048883114356,4813462692425748605,300471914551172981,1,1,dygkt,0.7034432765089663
1688411048883114356,4644364625800006675,300471914551172981,1,1,dygkt,0.7142003069127997
1688411048883114356,1062464292871659639,8573800373938698102,1,1,dygkt,0.7023585923407423
1688411048883114356,5932668873100475470,300471914551172981,1,1,dygkt,0.7268487641540647
1688411048883114356,5237822943399727048,8573800373938698102,1,1,dygkt,0.7044684983744905
1785030393691810266,300471914551172981,300471914551172981,1,1,dygkt,0.7028749415317669
1785030393691810266,8573800373938698102,8573800373938698102,0,1,dygkt,0.6676368640578058
1785030393691810266,2014268979504181100,300471914551172981,0,1,dygkt,0.6942338559132072
1785030393691810266,2172169907340938753,300471914551172981,1,1,dygkt,0.6948940194208222
1785030393691810266,8150806168444344502,300471914551172981,1,1,dygkt,0.7079672133459274
1785030393691810266,816286915455981984,8573800373938698102,1,1,dygkt,0.6978668827589709
1785030393691810266,1962751598315765836,300471914551172981,1,1,dygkt,0.7106940153884643
1785030393691810266,7444476343858270082,300471914551172981,0,1,dygkt,0.7130078462864773
1785030393691810266,2537821716777940730,300471914551172981,0,1,dygkt,0.7134851871859096
1785030393691810266,1061301253559417093,300471914551172981,0,1,dygkt,0.7024686032740151
1785030393691810266,8553379303363759508,300471914551172981,1,1,dygkt,0.6979778399738154
1785030393691810266,6440511557387709110,300471914551172981,1,1,dygkt,0.7123706532113054
1785030393691810266,7744513373483970787,8573800373938698102,1,1,dygkt,0.6707797992590749
1785030393691810266,2971078979906996375,300471914551172981,0,1,dygkt,0.7067594239796433
1785030393691810266,5841359775533910823,300471914551172981,0,1,dygkt,0.6900066165340146
1785030393691810266,8621262567927479011,300471914551172981,1,1,dygkt,0.7118124178994717
1785030393691810266,8434961942249729798,8573800373938698102,1,1,dygkt,0.6898108069615436
1785030393691810266,2322042198017538996,8573800373938698102,1,1,dygkt,0.6910163644453529
1785030393691810266,1742185772413642127,300471914551172981,1,1,dygkt,0.7153105844799644
1785030393691810266,2334639155148655290,8573800373938698102,0,1,dygkt,0.6946586795692022
1785030393691810266,7660717256841499384,300471914551172981,1,1,dygkt,0.7234764702781967
1785030393691810266,4113615466659810841,300471914551172981,1,1,dygkt,0.7147954214398247
1785030393691810266,6125574002232610732,300471914551172981,1,1,dygkt,0.6948527826289086
1785030393691810266,2774368076249802464,8573800373938698102,1,1,dygkt,0.6874337423143132
1785030393691810266,8903365289186067945,8573800373938698102,1,1,dygkt,0.689102898769302
1785030393691810266,6925932688889117475,300471914551172981,1,1,dygkt,0.725688807993312
1785030393691810266,8194071366621068887,8573800373938698102,1,1,dygkt,0.6763390293874736
1785030393691810266,2986660907093963186,300471914551172981,1,1,dygkt,0.7289289524661072
1785030393691810266,7591109345808921544,300471914551172981,1,1,dygkt,0.7149936273661694
1785030393691810266,625545550176685521,8573800373938698102,1,1,dygkt,0.6956890288147367
1785030393691810266,1761868641361943332,8573800373938698102,1,1,dygkt,0.7001583774438962
1785030393691810266,4824259625677886603,300471914551172981,1,1,dygkt,0.7127689977334412
1785030393691810266,8450591260754163598,8573800373938698102,1,1,dygkt,0.6876426540668787
1785030393691810266,1553079256999111676,300471914551172981,1,1,dygkt,0.7174839087960774
1785030393691810266,3220231712819306119,8573800373938698102,1,1,dygkt,0.6916803895285722
1785030393691810266,338807275221326836,300471914551172981,1,1,dygkt,0.7104540231562652
1785030393691810266,8525319303741530302,8573800373938698102,1,1,dygkt,0.692177888896398
1785030393691810266,6587421150596252277,300471914551172981,1,1,dygkt,0.7184684516294454
1785030393691810266,5891620578387310353,300471914551172981,0,1,dygkt,0.7086101712472729
1785030393691810266,5791250638486922978,300471914551172981,1,1,dygkt,0.7210967093751325
1785030393691810266,4031585874086886353,8573800373938698102,1,1,dygkt,0.7008520404487877
1785030393691810266,2083452711903133430,8573800373938698102,1,1,dygkt,0.7137353617155724
1785030393691810266,6319743179241711738,8573800373938698102,1,1,dygkt,0.701951847374613
1785030393691810266,8628686323660025649,300471914551172981,1,1,dygkt,0.7205879267938833
1785030393691810266,4378721629787482518,300471914551172981,1,1,dygkt,0.724137442742341
1785030393691810266,4813462692425748605,300471914551172981,1,1,dygkt,0.7034432765089663
1785030393691810266,4644364625800006675,300471914551172981,1,1,dygkt,0.7142003069127997
1785030393691810266,1062464292871659639,8573800373938698102,1,1,dygkt,0.7023585923407423
1785030393691810266,5932668873100475470,300471914551172981,1,1,dygkt,0.7268487641540647
1785030393691810266,5237822943399727048,8573800373938698102,1,1,dygkt,0.7044684983744905
1808587128641117349,300471914551172981,300471914551172981,0,1,dygkt,0.7028749415317669
1808587128641117349,8573800373938698102,8573800373938698102,0,1,dygkt,0.6676368640578058
1808587128641117349,2014268979504181100,300471914551172981,0,1,dygkt,0.6942338559132072
1808587128641117349,2172169907340938753,300471914551172981,0,1,dygkt,0.6948940194208222
1808587128641117349,8150806168444344502,300471914551172981,1,1,dygkt,0.7079672133459274
1808587128641117349,816286915455981984,8573800373938698102,0,1,dygkt,0.6978668827589709
1808587128641117349,1962751598315765836,300471914551172981,1,1,dygkt,0.7106940153884643
1808587128641117349,7444476343858270082,300471914551172981,0,1,dygkt,0.7130078462864773
1808587128641117349,2537821716777940730,300471914551172981,0,1,dygkt,0.7134851871859096
1808587128641117349,1061301253559417093,300471914551172981,1,1,dygkt,0.7024686032740151
1808587128641117349,8553379303363759508,300471914551172981,0,1,dygkt,0.6979778399738154
1808587128641117349,6440511557387709110,300471914551172981,1,1,dygkt,0.7123706532113054
1808587128641117349,7744513373483970787,8573800373938698102,0,1,dygkt,0.6707797992590749
1808587128641117349,2971078979906996375,300471914551172981,0,1,dygkt,0.7067594239796433
1808587128641117349,5841359775533910823,300471914551172981,0,1,dygkt,0.6900066165340146
1808587128641117349,8621262567927479011,300471914551172981,0,1,dygkt,0.7118124178994717
1808587128641117349,8434961942249729798,8573800373938698102,0,1,dygkt,0.6898108069615436
1808587128641117349,2322042198017538996,8573800373938698102,0,1,dygkt,0.6910163644453529
1808587128641117349,1742185772413642127,300471914551172981,0,1,dygkt,0.7153105844799644
1808587128641117349,2334639155148655290,8573800373938698102,0,1,dygkt,0.6946586795692022
1808587128641117349,7660717256841499384,300471914551172981,1,1,dygkt,0.7234764702781967
1808587128641117349,4113615466659810841,300471914551172981,1,1,dygkt,0.7147954214398247
1808587128641117349,6125574002232610732,300471914551172981,0,1,dygkt,0.6948527826289086
1808587128641117349,2774368076249802464,8573800373938698102,0,1,dygkt,0.6874337423143132
1808587128641117349,8903365289186067945,8573800373938698102,0,1,dygkt,0.689102898769302
1808587128641117349,6925932688889117475,300471914551172981,1,1,dygkt,0.725688807993312
1808587128641117349,8194071366621068887,8573800373938698102,0,1,dygkt,0.6763390293874736
1808587128641117349,2986660907093963186,300471914551172981,1,1,dygkt,0.7289289524661072
1808587128641117349,7591109345808921544,300471914551172981,1,1,dygkt,0.7149936273661694
1808587128641117349,625545550176685521,8573800373938698102,0,1,dygkt,0.6956890288147367
1808587128641117349,1761868641361943332,8573800373938698102,1,1,dygkt,0.7001583774438962
1808587128641117349,4824259625677886603,300471914551172981,0,1,dygkt,0.7127689977334412
1808587128641117349,8450591260754163598,8573800373938698102,0,1,dygkt,0.6876426540668787
1808587128641117349,1553079256999111676,300471914551172981,0,1,dygkt,0.7174839087960774
1808587128641117349,3220231712819306119,8573800373938698102,0,1,dygkt,0.6916803895285722
1808587128641117349,338807275221326836,300471914551172981,0,1,dygkt,0.7104540231562652
1808587128641117349,8525319303741530302,8573800373938698102,0,1,dygkt,0.692177888896398
1808587128641117349,6587421150596252277,300471914551172981,1,1,dygkt,0.7184684516294454
1808587128641117349,5891620578387310353,300471914551172981,1,1,dygkt,0.7086101712472729
1808587128641117349,5791250638486922978,300471914551172981,0,1,dygkt,0.7210967093751325
1808587128641117349,4031585874086886353,8573800373938698102,0,1,dygkt,0.7008520404487877
1808587128641117349,2083452711903133430,8573800373938698102,0,1,dygkt,0.7137353617155724
1808587128641117349,6319743179241711738,8573800373938698102,0,1,dygkt,0.701951847374613
1808587128641117349,8628686323660025649,300471914551172981,0,1,dygkt,0.7205879267938833
1808587128641117349,4378721629787482518,300471914551172981,0,1,dygkt,0.724137442742341
1808587128641117349,4813462692425748605,300471914551172981,0,1,dygkt,0.7034432765089663
1808587128641117349,4644364625800006675,300471914551172981,0,1,dygkt,0.7142003069127997
1808587128641117349,1062464292871659639,8573800373938698102,0,1,dygkt,0.7023585923407423
1808587128641117349,5932668873100475470,300471914551172981,1,1,dygkt,0.7268487641540647
1808587128641117349,5237822943399727048,8573800373938698102,0,1,dygkt,0.7044684983744905
1809111747278392846,300471914551172981,300471914551172981,0,1,dygkt,0.7028749415317669
1809111747278392846,8573800373938698102,8573800373938698102,0,1,dygkt,0.6676368640578058
1809111747278392846,2014268979504181100,300471914551172981,0,1,dygkt,0.6942338559132072
1809111747278392846,2172169907340938753,300471914551172981,0,1,dygkt,0.6948940194208222
1809111747278392846,8150806168444344502,300471914551172981,0,1,dygkt,0.7079672133459274
1809111747278392846,816286915455981984,8573800373938698102,0,1,dygkt,0.6978668827589709
1809111747278392846,1962751598315765836,300471914551172981,1,1,dygkt,0.7106940153884643
1809111747278392846,7444476343858270082,300471914551172981,1,1,dygkt,0.7130078462864773
1809111747278392846,2537821716777940730,300471914551172981,1,1,dygkt,0.7134851871859096
1809111747278392846,1061301253559417093,300471914551172981,0,1,dygkt,0.7024686032740151
1809111747278392846,8553379303363759508,300471914551172981,0,1,dygkt,0.6979778399738154
1809111747278392846,6440511557387709110,300471914551172981,0,1,dygkt,0.7123706532113054
1809111747278392846,7744513373483970787,8573800373938698102,0,1,dygkt,0.6707797992590749
1809111747278392846,2971078979906996375,300471914551172981,1,1,dygkt,0.7067594239796433
1809111747278392846,5841359775533910823,300471914551172981,0,1,dygkt,0.6900066165340146
1809111747278392846,8621262567927479011,300471914551172981,1,1,dygkt,0.7118124178994717
1809111747278392846,8434961942249729798,8573800373938698102,0,1,dygkt,0.6898108069615436
1809111747278392846,2322042198017538996,8573800373938698102,0,1,dygkt,0.6910163644453529
1809111747278392846,1742185772413642127,300471914551172981,1,1,dygkt,0.7153105844799644
1809111747278392846,2334639155148655290,8573800373938698102,1,1,dygkt,0.6946586795692022
1809111747278392846,7660717256841499384,300471914551172981,1,1,dygkt,0.7234764702781967
1809111747278392846,4113615466659810841,300471914551172981,1,1,dygkt,0.7147954214398247
1809111747278392846,6125574002232610732,300471914551172981,0,1,dygkt,0.6948527826289086
1809111747278392846,2774368076249802464,8573800373938698102,0,1,dygkt,0.6874337423143132
1809111747278392846,8903365289186067945,8573800373938698102,1,1,dygkt,0.689102898769302
1809111747278392846,6925932688889117475,300471914551172981,1,1,dygkt,0.725688807993312
1809111747278392846,8194071366621068887,8573800373938698102,0,1,dygkt,0.6763390293874736
1809111747278392846,2986660907093963186,300471914551172981,1,1,dygkt,0.7289289524661072
1809111747278392846,7591109345808921544,300471914551172981,0,1,dygkt,0.7149936273661694
1809111747278392846,625545550176685521,8573800373938698102,0,1,dygkt,0.6956890288147367
1809111747278392846,1761868641361943332,8573800373938698102,1,1,dygkt,0.7001583774438962
1809111747278392846,4824259625677886603,300471914551172981,1,1,dygkt,0.7127689977334412
1809111747278392846,8450591260754163598,8573800373938698102,0,1,dygkt,0.6876426540668787
1809111747278392846,1553079256999111676,300471914551172981,0,1,dygkt,0.7174839087960774
1809111747278392846,3220231712819306119,8573800373938698102,0,1,dygkt,0.6916803895285722
1809111747278392846,338807275221326836,300471914551172981,1,1,dygkt,0.7104540231562652
1809111747278392846,8525319303741530302,8573800373938698102,0,1,dygkt,0.692177888896398
1809111747278392846,6587421150596252277,300471914551172981,0,1,dygkt,0.7184684516294454
1809111747278392846,5891620578387310353,300471914551172981,1,1,dygkt,0.7086101712472729
1809111747278392846,5791250638486922978,300471914551172981,1,1,dygkt,0.7210967093751325
1809111747278392846,4031585874086886353,8573800373938698102,0,1,dygkt,0.7008520404487877
1809111747278392846,2083452711903133430,8573800373938698102,1,1,dygkt,0.7137353617155724
1809111747278392846,6319743179241711738,8573800373938698102,1,1,dygkt,0.701951847374613
1809111747278392846,8628686323660025649,300471914551172981,0,1,dygkt,0.7205879267938833
1809111747278392846,4378721629787482518,300471914551172981,0,1,dygkt,0.724137442742341
1809111747278392846,4813462692425748605,300471914551172981,0,1,dygkt,0.7034432765089663
1809111747278392846,4644364625800006675,300471914551172981,1,1,dygkt,0.7142003069127997
1809111747278392846,1062464292871659639,8573800373938698102,1,1,dygkt,0.7023585923407423
1809111747278392846,5932668873100475470,300471914551172981,1,1,dygkt,0.7268487641540647
1809111747278392846,5237822943399727048,8573800373938698102,1,1,dygkt,0.7044684983744905
1956906990095827881,300471914551172981,300471914551172981,0,1,dygkt,0.7028749415317669
1956906990095827881,8573800373938698102,8573800373938698102,1,1,dygkt,0.6676368640578058
1956906990095827881,2014268979504181100,300471914551172981,1,1,dygkt,0.6942338559132072
1956906990095827881,2172169907340938753,300471914551172981,1,1,dygkt,0.6948940194208222
1956906990095827881,8150806168444344502,300471914551172981,1,1,dygkt,0.7079672133459274
1956906990095827881,816286915455981984,8573800373938698102,1,1,dygkt,0.6978668827589709
1956906990095827881,1962751598315765836,300471914551172981,1,1,dygkt,0.7106940153884643
1956906990095827881,7444476343858270082,300471914551172981,0,1,dygkt,0.7130078462864773
1956906990095827881,2537821716777940730,300471914551172981,1,1,dygkt,0.7134851871859096
1956906990095827881,1061301253559417093,300471914551172981,0,1,dygkt,0.7024686032740151
1956906990095827881,8553379303363759508,300471914551172981,0,1,dygkt,0.6979778399738154
1956906990095827881,6440511557387709110,300471914551172981,1,1,dygkt,0.7123706532113054
1956906990095827881,7744513373483970787,8573800373938698102,1,1,dygkt,0.6707797992590749
1956906990095827881,2971078979906996375,300471914551172981,1,1,dygkt,0.7067594239796433
1956906990095827881,5841359775533910823,300471914551172981,1,1,dygkt,0.6900066165340146
1956906990095827881,8621262567927479011,300471914551172981,1,1,dygkt,0.7118124178994717
1956906990095827881,8434961942249729798,8573800373938698102,0,1,dygkt,0.6898108069615436
1956906990095827881,2322042198017538996,8573800373938698102,1,1,dygkt,0.6910163644453529
1956906990095827881,1742185772413642127,300471914551172981,0,1,dygkt,0.7153105844799644
1956906990095827881,2334639155148655290,8573800373938698102,1,1,dygkt,0.6946586795692022
1956906990095827881,7660717256841499384,300471914551172981,1,1,dygkt,0.7234764702781967
1956906990095827881,4113615466659810841,300471914551172981,0,1,dygkt,0.7147954214398247
1956906990095827881,6125574002232610732,300471914551172981,0,1,dygkt,0.6948527826289086
1956906990095827881,2774368076249802464,8573800373938698102,1,1,dygkt,0.6874337423143132
1956906990095827881,8903365289186067945,8573800373938698102,1,1,dygkt,0.689102898769302
1956906990095827881,6925932688889117475,300471914551172981,1,1,dygkt,0.725688807993312
1956906990095827881,8194071366621068887,8573800373938698102,0,1,dygkt,0.6763390293874736
1956906990095827881,2986660907093963186,300471914551172981,1,1,dygkt,0.7289289524661072
1956906990095827881,7591109345808921544,300471914551172981,0,1,dygkt,0.7149936273661694
1956906990095827881,625545550176685521,8573800373938698102,1,1,dygkt,0.6956890288147367
1956906990095827881,1761868641361943332,8573800373938698102,1,1,dygkt,0.7001583774438962
1956906990095827881,4824259625677886603,300471914551172981,0,1,dygkt,0.7127689977334412
1956906990095827881,8450591260754163598,8573800373938698102,1,1,dygkt,0.6876426540668787
1956906990095827881,1553079256999111676,300471914551172981,0,1,dygkt,0.7174839087960774
1956906990095827881,3220231712819306119,8573800373938698102,0,1,dygkt,0.6916803895285722
1956906990095827881,338807275221326836,300471914551172981,1,1,dygkt,0.7104540231562652
1956906990095827881,8525319303741530302,8573800373938698102,1,1,dygkt,0.692177888896398
1956906990095827881,6587421150596252277,300471914551172981,1,1,dygkt,0.7184684516294454
1956906990095827881,5891620578387310353,300471914551172981,0,1,dygkt,0.7086101712472729
1956906990095827881,5791250638486922978,300471914551172981,0,1,dygkt,0.7210967093751325
1956906990095827881,4031585874086886353,8573800373938698102,1,1,dygkt,0.7008520404487877
1956906990095827881,2083452711903133430,8573800373938698102,1,1,dygkt,0.7137353617155724
1956906990095827881,6319743179241711738,8573800373938698102,0,1,dygkt,0.701951847374613
1956906990095827881,8628686323660025649,300471914551172981,1,1,dygkt,0.7205879267938833
1956906990095827881,4378721629787482518,300471914551172981,1,1,dygkt,0.724137442742341
1956906990095827881,4813462692425748605,300471914551172981,0,1,dygkt,0.7034432765089663
1956906990095827881,4644364625800006675,300471914551172981,1,1,dygkt,0.7142003069127997
1956906990095827881,1062464292871659639,8573800373938698102,1,1,dygkt,0.7023585923407423
1956906990095827881,5932668873100475470,300471914551172981,1,1,dygkt,0.7268487641540647
1956906990095827881,5237822943399727048,8573800373938698102,0,1,dygkt,0.7044684983744905
1964666005942285859,300471914551172981,300471914551172981,1,1,dygkt,0.7028749415317669
1964666005942285859,8573800373938698102,8573800373938698102,1,1,dygkt,0.6676368640578058
1964666005942285859,2014268979504181100,300471914551172981,0,1,dygkt,0.6942338559132072
1964666005942285859,2172169907340938753,300471914551172981,1,1,dygkt,0.6948940194208222
1964666005942285859,8150806168444344502,300471914551172981,1,1,dygkt,0.7079672133459274
1964666005942285859,816286915455981984,8573800373938698102,1,1,dygkt,0.6978668827589709
1964666005942285859,1962751598315765836,300471914551172981,0,1,dygkt,0.7106940153884643
1964666005942285859,7444476343858270082,300471914551172981,1,1,dygkt,0.7130078462864773
1964666005942285859,2537821716777940730,300471914551172981,1,1,dygkt,0.7134851871859096
1964666005942285859,1061301253559417093,300471914551172981,1,1,dygkt,0.7024686032740151
1964666005942285859,8553379303363759508,300471914551172981,1,1,dygkt,0.6979778399738154
1964666005942285859,6440511557387709110,300471914551172981,1,1,dygkt,0.7123706532113054
1964666005942285859,7744513373483970787,8573800373938698102,1,1,dygkt,0.6707797992590749
1964666005942285859,2971078979906996375,300471914551172981,1,1,dygkt,0.7067594239796433
1964666005942285859,5841359775533910823,300471914551172981,0,1,dygkt,0.6900066165340146
1964666005942285859,8621262567927479011,300471914551172981,1,1,dygkt,0.7118124178994717
1964666005942285859,8434961942249729798,8573800373938698102,1,1,dygkt,0.6898108069615436
1964666005942285859,2322042198017538996,8573800373938698102,1,1,dygkt,0.6910163644453529
1964666005942285859,1742185772413642127,300471914551172981,1,1,dygkt,0.7153105844799644
1964666005942285859,2334639155148655290,8573800373938698102,1,1,dygkt,0.6946586795692022
1964666005942285859,7660717256841499384,300471914551172981,1,1,dygkt,0.7234764702781967
1964666005942285859,4113615466659810841,300471914551172981,0,1,dygkt,0.7147954214398247
1964666005942285859,6125574002232610732,300471914551172981,1,1,dygkt,0.6948527826289086
1964666005942285859,2774368076249802464,8573800373938698102,1,1,dygkt,0.6874337423143132
1964666005942285859,8903365289186067945,8573800373938698102,1,1,dygkt,0.689102898769302
1964666005942285859,6925932688889117475,300471914551172981,1,1,dygkt,0.725688807993312
1964666005942285859,8194071366621068887,8573800373938698102,1,1,dygkt,0.6763390293874736
1964666005942285859,2986660907093963186,300471914551172981,1,1,dygkt,0.7289289524661072
1964666005942285859,7591109345808921544,300471914551172981,1,1,dygkt,0.7149936273661694
1964666005942285859,625545550176685521,8573800373938698102,1,1,dygkt,0.6956890288147367
1964666005942285859,1761868641361943332,8573800373938698102,1,1,dygkt,0.7001583774438962
1964666005942285859,4824259625677886603,300471914551172981,1,1,dygkt,0.7127689977334412
1964666005942285859,8450591260754163598,8573800373938698102,1,1,dygkt,0.6876426540668787
1964666005942285859,1553079256999111676,300471914551172981,1,1,dygkt,0.7174839087960774
1964666005942285859,3220231712819306119,8573800373938698102,1,1,dygkt,0.6916803895285722
1964666005942285859,338807275221326836,300471914551172981,0,1,dygkt,0.7104540231562652
1964666005942285859,8525319303741530302,8573800373938698102,1,1,dygkt,0.692177888896398
1964666005942285859,6587421150596252277,300471914551172981,1,1,dygkt,0.7184684516294454
1964666005942285859,5891620578387310353,300471914551172981,1,1,dygkt,0.7086101712472729
1964666005942285859,5791250638486922978,300471914551172981,1,1,dygkt,0.7210967093751325
1964666005942285859,4031585874086886353,8573800373938698102,1,1,dygkt,0.7008520404487877
1964666005942285859,2083452711903133430,8573800373938698102,1,1,dygkt,0.7137353617155724
1964666005942285859,6319743179241711738,8573800373938698102,1,1,dygkt,0.701951847374613
1964666005942285859,8628686323660025649,300471914551172981,1,1,dygkt,0.7205879267938833
1964666005942285859,4378721629787482518,300471914551172981,1,1,dygkt,0.724137442742341
1964666005942285859,4813462692425748605,300471914551172981,1,1,dygkt,0.7034432765089663
1964666005942285859,4644364625800006675,300471914551172981,1,1,dygkt,0.7142003069127997
1964666005942285859,1062464292871659639,8573800373938698102,1,1,dygkt,0.7023585923407423
1964666005942285859,5932668873100475470,300471914551172981,1,1,dygkt,0.7268487641540647
1964666005942285859,5237822943399727048,8573800373938698102,1,1,dygkt,0.7044684983744905
1967334056118598654,300471914551172981,300471914551172981,0,1,dygkt,0.7028749415317669
1967334056118598654,8573800373938698102,8573800373938698102,0,1,dygkt,0.6676368640578058
1967334056118598654,2014268979504181100,300471914551172981,0,1,dygkt,0.6942338559132072
1967334056118598654,2172169907340938753,300471914551172981,0,1,dygkt,0.6948940194208222
1967334056118598654,8150806168444344502,300471914551172981,0,1,dygkt,0.7079672133459274
1967334056118598654,816286915455981984,8573800373938698102,1,1,dygkt,0.6978668827589709
1967334056118598654,1962751598315765836,300471914551172981,0,1,dygkt,0.7106940153884643
1967334056118598654,7444476343858270082,300471914551172981,1,1,dygkt,0.7130078462864773
1967334056118598654,2537821716777940730,300471914551172981,0,1,dygkt,0.7134851871859096
1967334056118598654,1061301253559417093,300471914551172981,0,1,dygkt,0.7024686032740151
1967334056118598654,8553379303363759508,300471914551172981,0,1,dygkt,0.6979778399738154
1967334056118598654,6440511557387709110,300471914551172981,1,1,dygkt,0.7123706532113054
1967334056118598654,7744513373483970787,8573800373938698102,0,1,dygkt,0.6707797992590749
1967334056118598654,2971078979906996375,300471914551172981,0,1,dygkt,0.7067594239796433
1967334056118598654,5841359775533910823,300471914551172981,1,1,dygkt,0.6900066165340146
1967334056118598654,8621262567927479011,300471914551172981,1,1,dygkt,0.7118124178994717
1967334056118598654,8434961942249729798,8573800373938698102,1,1,dygkt,0.6898108069615436
1967334056118598654,2322042198017538996,8573800373938698102,1,1,dygkt,0.6910163644453529
1967334056118598654,1742185772413642127,300471914551172981,1,1,dygkt,0.7153105844799644
1967334056118598654,2334639155148655290,8573800373938698102,0,1,dygkt,0.6946586795692022
1967334056118598654,7660717256841499384,300471914551172981,1,1,dygkt,0.7234764702781967
1967334056118598654,4113615466659810841,300471914551172981,0,1,dygkt,0.7147954214398247
1967334056118598654,6125574002232610732,300471914551172981,0,1,dygkt,0.6948527826289086
1967334056118598654,2774368076249802464,8573800373938698102,1,1,dygkt,0.6874337423143132
1967334056118598654,8903365289186067945,8573800373938698102,1,1,dygkt,0.689102898769302
1967334056118598654,6925932688889117475,300471914551172981,1,1,dygkt,0.725688807993312
1967334056118598654,8194071366621068887,8573800373938698102,0,1,dygkt,0.6763390293874736
1967334056118598654,2986660907093963186,300471914551172981,0,1,dygkt,0.7289289524661072
1967334056118598654,7591109345808921544,300471914551172981,1,1,dygkt,0.7149936273661694
1967334056118598654,625545550176685521,8573800373938698102,0,1,dygkt,0.6956890288147367
1967334056118598654,1761868641361943332,8573800373938698102,1,1,dygkt,0.7001583774438962
1967334056118598654,4824259625677886603,300471914551172981,0,1,dygkt,0.7127689977334412
1967334056118598654,8450591260754163598,8573800373938698102,1,1,dygkt,0.6876426540668787
1967334056118598654,1553079256999111676,300471914551172981,0,1,dygkt,0.7174839087960774
1967334056118598654,3220231712819306119,8573800373938698102,1,1,dygkt,0.6916803895285722
1967334056118598654,338807275221326836,300471914551172981,0,1,dygkt,0.7104540231562652
1967334056118598654,8525319303741530302,8573800373938698102,1,1,dygkt,0.692177888896398
1967334056118598654,6587421150596252277,300471914551172981,1,1,dygkt,0.7184684516294454
1967334056118598654,5891620578387310353,300471914551172981,0,1,dygkt,0.7086101712472729
1967334056118598654,5791250638486922978,300471914551172981,1,1,dygkt,0.7210967093751325
1967334056118598654,4031585874086886353,8573800373938698102,1,1,dygkt,0.7008520404487877
1967334056118598654,2083452711903133430,8573800373938698102,1,1,dygkt,0.7137353617155724
1967334056118598654,6319743179241711738,8573800373938698102,1,1,dygkt,0.701951847374613
1967334056118598654,8628686323660025649,300471914551172981,1,1,dygkt,0.7205879267938833
1967334056118598654,4378721629787482518,300471914551172981,1,1,dygkt,0.724137442742341
1967334056118598654,4813462692425748605,300471914551172981,1,1,dygkt,0.7034432765089663
1967334056118598654,4644364625800006675,300471914551172981,1,1,dygkt,0.7142003069127997
1967334056118598654,1062464292871659639,8573800373938698102,1,1,dygkt,0.7023585923407423
1967334056118598654,5932668873100475470,300471914551172981,1,1,dygkt,0.7268487641540647
1967334056118598654,5237822943399727048,8573800373938698102,1,1,dygkt,0.7044684983744905
2006404817126484696,300471914551172981,300471914551172981,1,1,dygkt,0.7028749415317669
2006404817126484696,8573800373938698102,8573800373938698102,0,1,dygkt,0.6676368640578058
2006404817126484696,2014268979504181100,300471914551172981,1,1,dygkt,0.6942338559132072
2006404817126484696,2172169907340938753,300471914551172981,0,1,dygkt,0.6948940194208222
2006404817126484696,8150806168444344502,300471914551172981,0,1,dygkt,0.7079672133459274
2006404817126484696,816286915455981984,8573800373938698102,1,1,dygkt,0.6978668827589709
2006404817126484696,1962751598315765836,300471914551172981,0,1,dygkt,0.7106940153884643
2006404817126484696,7444476343858270082,300471914551172981,1,1,dygkt,0.7130078462864773
2006404817126484696,2537821716777940730,300471914551172981,1,1,dygkt,0.7134851871859096
2006404817126484696,1061301253559417093,300471914551172981,1,1,dygkt,0.7024686032740151
2006404817126484696,8553379303363759508,300471914551172981,1,1,dygkt,0.6979778399738154
2006404817126484696,6440511557387709110,300471914551172981,1,1,dygkt,0.7123706532113054
2006404817126484696,7744513373483970787,8573800373938698102,0,1,dygkt,0.6707797992590749
2006404817126484696,2971078979906996375,300471914551172981,1,1,dygkt,0.7067594239796433
2006404817126484696,5841359775533910823,300471914551172981,0,1,dygkt,0.6900066165340146
2006404817126484696,8621262567927479011,300471914551172981,1,1,dygkt,0.7118124178994717
2006404817126484696,8434961942249729798,8573800373938698102,1,1,dygkt,0.6898108069615436
2006404817126484696,2322042198017538996,8573800373938698102,1,1,dygkt,0.6910163644453529
2006404817126484696,1742185772413642127,300471914551172981,1,1,dygkt,0.7153105844799644
2006404817126484696,2334639155148655290,8573800373938698102,0,1,dygkt,0.6946586795692022
2006404817126484696,7660717256841499384,300471914551172981,1,1,dygkt,0.7234764702781967
2006404817126484696,4113615466659810841,300471914551172981,1,1,dygkt,0.7147954214398247
2006404817126484696,6125574002232610732,300471914551172981,1,1,dygkt,0.6948527826289086
2006404817126484696,2774368076249802464,8573800373938698102,1,1,dygkt,0.6874337423143132
2006404817126484696,8903365289186067945,8573800373938698102,0,1,dygkt,0.689102898769302
2006404817126484696,6925932688889117475,300471914551172981,1,1,dygkt,0.725688807993312
2006404817126484696,8194071366621068887,8573800373938698102,0,1,dygkt,0.6763390293874736
2006404817126484696,2986660907093963186,300471914551172981,0,1,dygkt,0.7289289524661072
2006404817126484696,7591109345808921544,300471914551172981,1,1,dygkt,0.7149936273661694
2006404817126484696,625545550176685521,8573800373938698102,1,1,dygkt,0.6956890288147367
2006404817126484696,1761868641361943332,8573800373938698102,1,1,dygkt,0.7001583774438962
2006404817126484696,4824259625677886603,300471914551172981,1,1,dygkt,0.7127689977334412
2006404817126484696,8450591260754163598,8573800373938698102,1,1,dygkt,0.6876426540668787
2006404817126484696,1553079256999111676,300471914551172981,1,1,dygkt,0.7174839087960774
2006404817126484696,3220231712819306119,8573800373938698102,0,1,dygkt,0.6916803895285722
2006404817126484696,338807275221326836,300471914551172981,1,1,dygkt,0.7104540231562652
2006404817126484696,8525319303741530302,8573800373938698102,1,1,dygkt,0.692177888896398
2006404817126484696,6587421150596252277,300471914551172981,1,1,dygkt,0.7184684516294454
2006404817126484696,5891620578387310353,300471914551172981,1,1,dygkt,0.7086101712472729
2006404817126484696,5791250638486922978,300471914551172981,1,1,dygkt,0.7210967093751325
2006404817126484696,4031585874086886353,8573800373938698102,1,1,dygkt,0.7008520404487877
2006404817126484696,2083452711903133430,8573800373938698102,1,1,dygkt,0.7137353617155724
2006404817126484696,6319743179241711738,8573800373938698102,1,1,dygkt,0.701951847374613
2006404817126484696,8628686323660025649,300471914551172981,1,1,dygkt,0.7205879267938833
2006404817126484696,4378721629787482518,300471914551172981,1,1,dygkt,0.724137442742341
2006404817126484696,4813462692425748605,300471914551172981,1,1,dygkt,0.7034432765089663
2006404817126484696,4644364625800006675,300471914551172981,1,1,dygkt,0.7142003069127997
2006404817126484696,1062464292871659639,8573800373938698102,0,1,dygkt,0.7023585923407423
2006404817126484696,5932668873100475470,300471914551172981,1,1,dygkt,0.7268487641540647
2006404817126484696,5237822943399727048,8573800373938698102,1,1,dygkt,0.7044684983744905
2033945201824530036,300471914551172981,300471914551172981,1,1,dygkt,0.7028749415317669
2033945201824530036,8573800373938698102,8573800373938698102,0,1,dygkt,0.6676368640578058
2033945201824530036,2014268979504181100,300471914551172981,1,1,dygkt,0.6942338559132072
2033945201824530036,2172169907340938753,300471914551172981,1,1,dygkt,0.6948940194208222
2033945201824530036,8150806168444344502,300471914551172981,1,1,dygkt,0.7079672133459274
2033945201824530036,816286915455981984,8573800373938698102,0,1,dygkt,0.6978668827589709
2033945201824530036,1962751598315765836,300471914551172981,1,1,dygkt,0.7106940153884643
2033945201824530036,7444476343858270082,300471914551172981,1,1,dygkt,0.7130078462864773
2033945201824530036,2537821716777940730,300471914551172981,1,1,dygkt,0.7134851871859096
2033945201824530036,1061301253559417093,300471914551172981,1,1,dygkt,0.7024686032740151
2033945201824530036,8553379303363759508,300471914551172981,1,1,dygkt,0.6979778399738154
2033945201824530036,6440511557387709110,300471914551172981,1,1,dygkt,0.7123706532113054
2033945201824530036,7744513373483970787,8573800373938698102,0,1,dygkt,0.6707797992590749
2033945201824530036,2971078979906996375,300471914551172981,1,1,dygkt,0.7067594239796433
2033945201824530036,5841359775533910823,300471914551172981,1,1,dygkt,0.6900066165340146
2033945201824530036,8621262567927479011,300471914551172981,1,1,dygkt,0.7118124178994717
2033945201824530036,8434961942249729798,8573800373938698102,0,1,dygkt,0.6898108069615436
2033945201824530036,2322042198017538996,8573800373938698102,0,1,dygkt,0.6910163644453529
2033945201824530036,1742185772413642127,300471914551172981,1,1,dygkt,0.7153105844799644
2033945201824530036,2334639155148655290,8573800373938698102,0,1,dygkt,0.6946586795692022
2033945201824530036,7660717256841499384,300471914551172981,1,1,dygkt,0.7234764702781967
2033945201824530036,4113615466659810841,300471914551172981,1,1,dygkt,0.7147954214398247
2033945201824530036,6125574002232610732,300471914551172981,1,1,dygkt,0.6948527826289086
2033945201824530036,2774368076249802464,8573800373938698102,1,1,dygkt,0.6874337423143132
2033945201824530036,8903365289186067945,8573800373938698102,0,1,dygkt,0.689102898769302
2033945201824530036,6925932688889117475,300471914551172981,1,1,dygkt,0.725688807993312
2033945201824530036,8194071366621068887,8573800373938698102,0,1,dygkt,0.6763390293874736
2033945201824530036,2986660907093963186,300471914551172981,1,1,dygkt,0.7289289524661072
2033945201824530036,7591109345808921544,300471914551172981,1,1,dygkt,0.7149936273661694
2033945201824530036,625545550176685521,8573800373938698102,0,1,dygkt,0.6956890288147367
2033945201824530036,1761868641361943332,8573800373938698102,1,1,dygkt,0.7001583774438962
2033945201824530036,4824259625677886603,300471914551172981,1,1,dygkt,0.7127689977334412
2033945201824530036,8450591260754163598,8573800373938698102,0,1,dygkt,0.6876426540668787
2033945201824530036,1553079256999111676,300471914551172981,1,1,dygkt,0.7174839087960774
2033945201824530036,3220231712819306119,8573800373938698102,0,1,dygkt,0.6916803895285722
2033945201824530036,338807275221326836,300471914551172981,1,1,dygkt,0.7104540231562652
2033945201824530036,8525319303741530302,8573800373938698102,0,1,dygkt,0.692177888896398
2033945201824530036,6587421150596252277,300471914551172981,1,1,dygkt,0.7184684516294454
2033945201824530036,5891620578387310353,300471914551172981,1,1,dygkt,0.7086101712472729
2033945201824530036,5791250638486922978,300471914551172981,1,1,dygkt,0.7210967093751325
2033945201824530036,4031585874086886353,8573800373938698102,0,1,dygkt,0.7008520404487877
2033945201824530036,2083452711903133430,8573800373938698102,1,1,dygkt,0.7137353617155724
2033945201824530036,6319743179241711738,8573800373938698102,0,1,dygkt,0.701951847374613
2033945201824530036,8628686323660025649,300471914551172981,1,1,dygkt,0.7205879267938833
2033945201824530036,4378721629787482518,300471914551172981,1,1,dygkt,0.724137442742341
2033945201824530036,4813462692425748605,300471914551172981,1,1,dygkt,0.7034432765089663
2033945201824530036,4644364625800006675,300471914551172981,1,1,dygkt,0.7142003069127997
2033945201824530036,1062464292871659639,8573800373938698102,0,1,dygkt,0.7023585923407423
2033945201824530036,5932668873100475470,300471914551172981,1,1,dygkt,0.7268487641540647
2033945201824530036,5237822943399727048,8573800373938698102,0,1,dygkt,0.7044684983744905
2054716444235427843,300471914551172981,300471914551172981,0,1,dygkt,0.7028749415317669
2054716444235427843,8573800373938698102,8573800373938698102,1,1,dygkt,0.6676368640578058
2054716444235427843,2014268979504181100,300471914551172981,0,1,dygkt,0.6942338559132072
2054716444235427843,2172169907340938753,300471914551172981,0,1,dygkt,0.6948940194208222
2054716444235427843,8150806168444344502,300471914551172981,1,1,dygkt,0.7079672133459274
2054716444235427843,816286915455981984,8573800373938698102,1,1,dygkt,0.6978668827589709
2054716444235427843,1962751598315765836,300471914551172981,1,1,dygkt,0.7106940153884643
2054716444235427843,7444476343858270082,300471914551172981,1,1,dygkt,0.7130078462864773
2054716444235427843,2537821716777940730,300471914551172981,1,1,dygkt,0.7134851871859096
2054716444235427843,1061301253559417093,300471914551172981,0,1,dygkt,0.7024686032740151
2054716444235427843,8553379303363759508,300471914551172981,1,1,dygkt,0.6979778399738154
2054716444235427843,6440511557387709110,300471914551172981,1,1,dygkt,0.7123706532113054
2054716444235427843,7744513373483970787,8573800373938698102,1,1,dygkt,0.6707797992590749
2054716444235427843,2971078979906996375,300471914551172981,1,1,dygkt,0.7067594239796433
2054716444235427843,5841359775533910823,300471914551172981,1,1,dygkt,0.6900066165340146
2054716444235427843,8621262567927479011,300471914551172981,1,1,dygkt,0.7118124178994717
2054716444235427843,8434961942249729798,8573800373938698102,0,1,dygkt,0.6898108069615436
2054716444235427843,2322042198017538996,8573800373938698102,1,1,dygkt,0.6910163644453529
2054716444235427843,1742185772413642127,300471914551172981,1,1,dygkt,0.7153105844799644
2054716444235427843,2334639155148655290,8573800373938698102,1,1,dygkt,0.6946586795692022
2054716444235427843,7660717256841499384,300471914551172981,1,1,dygkt,0.7234764702781967
2054716444235427843,4113615466659810841,300471914551172981,0,1,dygkt,0.7147954214398247
2054716444235427843,6125574002232610732,300471914551172981,0,1,dygkt,0.6948527826289086
2054716444235427843,2774368076249802464,8573800373938698102,1,1,dygkt,0.6874337423143132
2054716444235427843,8903365289186067945,8573800373938698102,1,1,dygkt,0.689102898769302
2054716444235427843,6925932688889117475,300471914551172981,1,1,dygkt,0.725688807993312
2054716444235427843,8194071366621068887,8573800373938698102,1,1,dygkt,0.6763390293874736
2054716444235427843,2986660907093963186,300471914551172981,1,1,dygkt,0.7289289524661072
2054716444235427843,7591109345808921544,300471914551172981,1,1,dygkt,0.7149936273661694
2054716444235427843,625545550176685521,8573800373938698102,0,1,dygkt,0.6956890288147367
2054716444235427843,1761868641361943332,8573800373938698102,1,1,dygkt,0.7001583774438962
2054716444235427843,4824259625677886603,300471914551172981,1,1,dygkt,0.7127689977334412
2054716444235427843,8450591260754163598,8573800373938698102,1,1,dygkt,0.6876426540668787
2054716444235427843,1553079256999111676,300471914551172981,1,1,dygkt,0.7174839087960774
2054716444235427843,3220231712819306119,8573800373938698102,1,1,dygkt,0.6916803895285722
2054716444235427843,338807275221326836,300471914551172981,1,1,dygkt,0.7104540231562652
2054716444235427843,8525319303741530302,8573800373938698102,1,1,dygkt,0.692177888896398
2054716444235427843,6587421150596252277,300471914551172981,0,1,dygkt,0.7184684516294454
2054716444235427843,5891620578387310353,300471914551172981,1,1,dygkt,0.7086101712472729
2054716444235427843,5791250638486922978,300471914551172981,1,1,dygkt,0.7210967093751325
2054716444235427843,4031585874086886353,8573800373938698102,1,1,dygkt,0.7008520404487877
2054716444235427843,2083452711903133430,8573800373938698102,1,1,dygkt,0.7137353617155724
2054716444235427843,6319743179241711738,8573800373938698102,1,1,dygkt,0.701951847374613
2054716444235427843,8628686323660025649,300471914551172981,1,1,dygkt,0.7205879267938833
2054716444235427843,4378721629787482518,300471914551172981,1,1,dygkt,0.724137442742341
2054716444235427843,4813462692425748605,300471914551172981,0,1,dygkt,0.7034432765089663
2054716444235427843,4644364625800006675,300471914551172981,1,1,dygkt,0.7142003069127997
2054716444235427843,1062464292871659639,8573800373938698102,1,1,dygkt,0.7023585923407423
2054716444235427843,5932668873100475470,300471914551172981,1,1,dygkt,0.7268487641540647
2054716444235427843,5237822943399727048,8573800373938698102,1,1,dygkt,0.7044684983744905
2077889144686882393,300471914551172981,300471914551172981,1,1,dygkt,0.7028749415317669
2077889144686882393,8573800373938698102,8573800373938698102,0,1,dygkt,0.6676368640578058
2077889144686882393,2014268979504181100,300471914551172981,0,1,dygkt,0.6942338559132072
2077889144686882393,2172169907340938753,300471914551172981,0,1,dygkt,0.6948940194208222
2077889144686882393,8150806168444344502,300471914551172981,1,1,dygkt,0.7079672133459274
2077889144686882393,816286915455981984,8573800373938698102,0,1,dygkt,0.6978668827589709
2077889144686882393,1962751598315765836,300471914551172981,1,1,dygkt,0.7106940153884643
2077889144686882393,7444476343858270082,300471914551172981,1,1,dygkt,0.7130078462864773
2077889144686882393,2537821716777940730,300471914551172981,0,1,dygkt,0.7134851871859096
2077889144686882393,1061301253559417093,300471914551172981,1,1,dygkt,0.7024686032740151
2077889144686882393,8553379303363759508,300471914551172981,1,1,dygkt,0.6979778399738154
2077889144686882393,6440511557387709110,300471914551172981,0,1,dygkt,0.7123706532113054
2077889144686882393,7744513373483970787,8573800373938698102,0,1,dygkt,0.6707797992590749
2077889144686882393,2971078979906996375,300471914551172981,0,1,dygkt,0.7067594239796433
2077889144686882393,5841359775533910823,300471914551172981,0,1,dygkt,0.6900066165340146
2077889144686882393,8621262567927479011,300471914551172981,0,1,dygkt,0.7118124178994717
2077889144686882393,8434961942249729798,8573800373938698102,0,1,dygkt,0.6898108069615436
2077889144686882393,2322042198017538996,8573800373938698102,0,1,dygkt,0.6910163644453529
2077889144686882393,1742185772413642127,300471914551172981,1,1,dygkt,0.7153105844799644
2077889144686882393,2334639155148655290,8573800373938698102,1,1,dygkt,0.6946586795692022
2077889144686882393,7660717256841499384,300471914551172981,1,1,dygkt,0.7234764702781967
2077889144686882393,4113615466659810841,300471914551172981,1,1,dygkt,0.7147954214398247
2077889144686882393,6125574002232610732,300471914551172981,0,1,dygkt,0.6948527826289086
2077889144686882393,2774368076249802464,8573800373938698102,1,1,dygkt,0.6874337423143132
2077889144686882393,8903365289186067945,8573800373938698102,0,1,dygkt,0.689102898769302
2077889144686882393,6925932688889117475,300471914551172981,1,1,dygkt,0.725688807993312
2077889144686882393,8194071366621068887,8573800373938698102,0,1,dygkt,0.6763390293874736
2077889144686882393,2986660907093963186,300471914551172981,1,1,dygkt,0.7289289524661072
2077889144686882393,7591109345808921544,300471914551172981,1,1,dygkt,0.7149936273661694
2077889144686882393,625545550176685521,8573800373938698102,0,1,dygkt,0.6956890288147367
2077889144686882393,1761868641361943332,8573800373938698102,0,1,dygkt,0.7001583774438962
2077889144686882393,4824259625677886603,300471914551172981,1,1,dygkt,0.7127689977334412
2077889144686882393,8450591260754163598,8573800373938698102,0,1,dygkt,0.6876426540668787
2077889144686882393,1553079256999111676,300471914551172981,1,1,dygkt,0.7174839087960774
2077889144686882393,3220231712819306119,8573800373938698102,0,1,dygkt,0.6916803895285722
2077889144686882393,338807275221326836,300471914551172981,1,1,dygkt,0.7104540231562652
2077889144686882393,8525319303741530302,8573800373938698102,0,1,dygkt,0.692177888896398
2077889144686882393,6587421150596252277,300471914551172981,1,1,dygkt,0.7184684516294454
2077889144686882393,5891620578387310353,300471914551172981,1,1,dygkt,0.7086101712472729
2077889144686882393,5791250638486922978,300471914551172981,0,1,dygkt,0.7210967093751325
2077889144686882393,4031585874086886353,8573800373938698102,0,1,dygkt,0.7008520404487877
2077889144686882393,2083452711903133430,8573800373938698102,0,1,dygkt,0.7137353617155724
2077889144686882393,6319743179241711738,8573800373938698102,1,1,dygkt,0.701951847374613
2077889144686882393,8628686323660025649,300471914551172981,0,1,dygkt,0.7205879267938833
2077889144686882393,4378721629787482518,300471914551172981,1,1,dygkt,0.724137442742341
2077889144686882393,4813462692425748605,300471914551172981,0,1,dygkt,0.7034432765089663
2077889144686882393,4644364625800006675,300471914551172981,1,1,dygkt,0.7142003069127997
2077889144686882393,1062464292871659639,8573800373938698102,0,1,dygkt,0.7023585923407423
2077889144686882393,5932668873100475470,300471914551172981,1,1,dygkt,0.7268487641540647
2077889144686882393,5237822943399727048,8573800373938698102,0,1,dygkt,0.7044684983744905
2097205535333367492,300471914551172981,300471914551172981,1,1,dygkt,0.7028749415317669
2097205535333367492,8573800373938698102,8573800373938698102,0,1,dygkt,0.6676368640578058
2097205535333367492,2014268979504181100,300471914551172981,1,1,dygkt,0.6942338559132072
2097205535333367492,2172169907340938753,300471914551172981,1,1,dygkt,0.6948940194208222
2097205535333367492,8150806168444344502,300471914551172981,1,1,dygkt,0.7079672133459274
2097205535333367492,816286915455981984,8573800373938698102,0,1,dygkt,0.6978668827589709
2097205535333367492,1962751598315765836,300471914551172981,1,1,dygkt,0.7106940153884643
2097205535333367492,7444476343858270082,300471914551172981,1,1,dygkt,0.7130078462864773
2097205535333367492,2537821716777940730,300471914551172981,1,1,dygkt,0.7134851871859096
2097205535333367492,1061301253559417093,300471914551172981,1,1,dygkt,0.7024686032740151
2097205535333367492,8553379303363759508,300471914551172981,1,1,dygkt,0.6979778399738154
2097205535333367492,6440511557387709110,300471914551172981,1,1,dygkt,0.7123706532113054
2097205535333367492,7744513373483970787,8573800373938698102,0,1,dygkt,0.6707797992590749
2097205535333367492,2971078979906996375,300471914551172981,1,1,dygkt,0.7067594239796433
2097205535333367492,5841359775533910823,300471914551172981,1,1,dygkt,0.6900066165340146
2097205535333367492,8621262567927479011,300471914551172981,1,1,dygkt,0.7118124178994717
2097205535333367492,8434961942249729798,8573800373938698102,1,1,dygkt,0.6898108069615436
2097205535333367492,2322042198017538996,8573800373938698102,1,1,dygkt,0.6910163644453529
2097205535333367492,1742185772413642127,300471914551172981,1,1,dygkt,0.7153105844799644
2097205535333367492,2334639155148655290,8573800373938698102,1,1,dygkt,0.6946586795692022
2097205535333367492,7660717256841499384,300471914551172981,1,1,dygkt,0.7234764702781967
2097205535333367492,4113615466659810841,300471914551172981,1,1,dygkt,0.7147954214398247
2097205535333367492,6125574002232610732,300471914551172981,1,1,dygkt,0.6948527826289086
2097205535333367492,2774368076249802464,8573800373938698102,0,1,dygkt,0.6874337423143132
2097205535333367492,8903365289186067945,8573800373938698102,0,1,dygkt,0.689102898769302
2097205535333367492,6925932688889117475,300471914551172981,1,1,dygkt,0.725688807993312
2097205535333367492,8194071366621068887,8573800373938698102,0,1,dygkt,0.6763390293874736
2097205535333367492,2986660907093963186,300471914551172981,1,1,dygkt,0.7289289524661072
2097205535333367492,7591109345808921544,300471914551172981,1,1,dygkt,0.7149936273661694
2097205535333367492,625545550176685521,8573800373938698102,1,1,dygkt,0.6956890288147367
2097205535333367492,1761868641361943332,8573800373938698102,0,1,dygkt,0.7001583774438962
2097205535333367492,4824259625677886603,300471914551172981,1,1,dygkt,0.7127689977334412
2097205535333367492,8450591260754163598,8573800373938698102,0,1,dygkt,0.6876426540668787
2097205535333367492,1553079256999111676,300471914551172981,1,1,dygkt,0.7174839087960774
2097205535333367492,3220231712819306119,8573800373938698102,0,1,dygkt,0.6916803895285722
2097205535333367492,338807275221326836,300471914551172981,1,1,dygkt,0.7104540231562652
2097205535333367492,8525319303741530302,8573800373938698102,1,1,dygkt,0.692177888896398
2097205535333367492,6587421150596252277,300471914551172981,1,1,dygkt,0.7184684516294454
2097205535333367492,5891620578387310353,300471914551172981,1,1,dygkt,0.7086101712472729
2097205535333367492,5791250638486922978,300471914551172981,1,1,dygkt,0.7210967093751325
2097205535333367492,4031585874086886353,8573800373938698102,1,1,dygkt,0.7008520404487877
2097205535333367492,2083452711903133430,8573800373938698102,1,1,dygkt,0.7137353617155724
2097205535333367492,6319743179241711738,8573800373938698102,0,1,dygkt,0.701951847374613
2097205535333367492,8628686323660025649,300471914551172981,1,1,dygkt,0.7205879267938833
2097205535333367492,4378721629787482518,300471914551172981,1,1,dygkt,0.724137442742341
2097205535333367492,4813462692425748605,300471914551172981,1,1,dygkt,0.7034432765089663
2097205535333367492,4644364625800006675,300471914551172981,1,1,dygkt,0.7142003069127997
2097205535333367492,1062464292871659639,8573800373938698102,1,1,dygkt,0.7023585923407423
2097205535333367492,5932668873100475470,300471914551172981,1,1,dygkt,0.7268487641540647
2097205535333367492,5237822943399727048,8573800373938698102,0,1,dygkt,0.7044684983744905
2101903094258896526,300471914551172981,300471914551172981,0,1,dygkt,0.7028749415317669
2101903094258896526,8573800373938698102,8573800373938698102,0,1,dygkt,0.6676368640578058
2101903094258896526,2014268979504181100,300471914551172981,0,1,dygkt,0.6942338559132072
2101903094258896526,2172169907340938753,300471914551172981,0,1,dygkt,0.6948940194208222
2101903094258896526,8150806168444344502,300471914551172981,0,1,dygkt,0.7079672133459274
2101903094258896526,816286915455981984,8573800373938698102,0,1,dygkt,0.6978668827589709
2101903094258896526,1962751598315765836,300471914551172981,0,1,dygkt,0.7106940153884643
2101903094258896526,7444476343858270082,300471914551172981,1,1,dygkt,0.7130078462864773
2101903094258896526,2537821716777940730,300471914551172981,0,1,dygkt,0.7134851871859096
2101903094258896526,1061301253559417093,300471914551172981,1,1,dygkt,0.7024686032740151
2101903094258896526,8553379303363759508,300471914551172981,1,1,dygkt,0.6979778399738154
2101903094258896526,6440511557387709110,300471914551172981,0,1,dygkt,0.7123706532113054
2101903094258896526,7744513373483970787,8573800373938698102,0,1,dygkt,0.6707797992590749
2101903094258896526,2971078979906996375,300471914551172981,0,1,dygkt,0.7067594239796433
2101903094258896526,5841359775533910823,300471914551172981,0,1,dygkt,0.6900066165340146
2101903094258896526,8621262567927479011,300471914551172981,1,1,dygkt,0.7118124178994717
2101903094258896526,8434961942249729798,8573800373938698102,0,1,dygkt,0.6898108069615436
2101903094258896526,2322042198017538996,8573800373938698102,0,1,dygkt,0.6910163644453529
2101903094258896526,1742185772413642127,300471914551172981,0,1,dygkt,0.7153105844799644
2101903094258896526,2334639155148655290,8573800373938698102,0,1,dygkt,0.6946586795692022
2101903094258896526,7660717256841499384,300471914551172981,1,1,dygkt,0.7234764702781967
2101903094258896526,4113615466659810841,300471914551172981,0,1,dygkt,0.7147954214398247
2101903094258896526,6125574002232610732,300471914551172981,0,1,dygkt,0.6948527826289086
2101903094258896526,2774368076249802464,8573800373938698102,0,1,dygkt,0.6874337423143132
2101903094258896526,8903365289186067945,8573800373938698102,1,1,dygkt,0.689102898769302
2101903094258896526,6925932688889117475,300471914551172981,1,1,dygkt,0.725688807993312
2101903094258896526,8194071366621068887,8573800373938698102,1,1,dygkt,0.6763390293874736
2101903094258896526,2986660907093963186,300471914551172981,1,1,dygkt,0.7289289524661072
2101903094258896526,7591109345808921544,300471914551172981,0,1,dygkt,0.7149936273661694
2101903094258896526,625545550176685521,8573800373938698102,1,1,dygkt,0.6956890288147367
2101903094258896526,1761868641361943332,8573800373938698102,0,1,dygkt,0.7001583774438962
2101903094258896526,4824259625677886603,300471914551172981,0,1,dygkt,0.7127689977334412
2101903094258896526,8450591260754163598,8573800373938698102,0,1,dygkt,0.6876426540668787
2101903094258896526,1553079256999111676,300471914551172981,0,1,dygkt,0.7174839087960774
2101903094258896526,3220231712819306119,8573800373938698102,0,1,dygkt,0.6916803895285722
2101903094258896526,338807275221326836,300471914551172981,0,1,dygkt,0.7104540231562652
2101903094258896526,8525319303741530302,8573800373938698102,0,1,dygkt,0.692177888896398
2101903094258896526,6587421150596252277,300471914551172981,0,1,dygkt,0.7184684516294454
2101903094258896526,5891620578387310353,300471914551172981,0,1,dygkt,0.7086101712472729
2101903094258896526,5791250638486922978,300471914551172981,0,1,dygkt,0.7210967093751325
2101903094258896526,4031585874086886353,8573800373938698102,1,1,dygkt,0.7008520404487877
2101903094258896526,2083452711903133430,8573800373938698102,1,1,dygkt,0.7137353617155724
2101903094258896526,6319743179241711738,8573800373938698102,1,1,dygkt,0.701951847374613
2101903094258896526,8628686323660025649,300471914551172981,0,1,dygkt,0.7205879267938833
2101903094258896526,4378721629787482518,300471914551172981,0,1,dygkt,0.724137442742341
2101903094258896526,4813462692425748605,300471914551172981,0,1,dygkt,0.7034432765089663
2101903094258896526,4644364625800006675,300471914551172981,1,1,dygkt,0.7142003069127997
2101903094258896526,1062464292871659639,8573800373938698102,1,1,dygkt,0.7023585923407423
2101903094258896526,5932668873100475470,300471914551172981,0,1,dygkt,0.7268487641540647
2101903094258896526,5237822943399727048,8573800373938698102,1,1,dygkt,0.7044684983744905
2108936159450159022,300471914551172981,300471914551172981,1,1,dygkt,0.7028749415317669
2108936159450159022,8573800373938698102,8573800373938698102,0,1,dygkt,0.6676368640578058
2108936159450159022,2014268979504181100,300471914551172981,1,1,dygkt,0.6942338559132072
2108936159450159022,2172169907340938753,300471914551172981,1,1,dygkt,0.6948940194208222
2108936159450159022,8150806168444344502,300471914551172981,1,1,dygkt,0.7079672133459274
2108936159450159022,816286915455981984,8573800373938698102,0,1,dygkt,0.6978668827589709
2108936159450159022,1962751598315765836,300471914551172981,0,1,dygkt,0.7106940153884643
2108936159450159022,7444476343858270082,300471914551172981,1,1,dygkt,0.7130078462864773
2108936159450159022,2537821716777940730,300471914551172981,1,1,dygkt,0.7134851871859096
2108936159450159022,1061301253559417093,300471914551172981,1,1,dygkt,0.7024686032740151
2108936159450159022,8553379303363759508,300471914551172981,1,1,dygkt,0.6979778399738154
2108936159450159022,6440511557387709110,300471914551172981,1,1,dygkt,0.7123706532113054
2108936159450159022,7744513373483970787,8573800373938698102,0,1,dygkt,0.6707797992590749
2108936159450159022,2971078979906996375,300471914551172981,1,1,dygkt,0.7067594239796433
2108936159450159022,5841359775533910823,300471914551172981,0,1,dygkt,0.6900066165340146
2108936159450159022,8621262567927479011,300471914551172981,1,1,dygkt,0.7118124178994717
2108936159450159022,8434961942249729798,8573800373938698102,1,1,dygkt,0.6898108069615436
2108936159450159022,2322042198017538996,8573800373938698102,1,1,dygkt,0.6910163644453529
2108936159450159022,1742185772413642127,300471914551172981,1,1,dygkt,0.7153105844799644
2108936159450159022,2334639155148655290,8573800373938698102,1,1,dygkt,0.6946586795692022
2108936159450159022,7660717256841499384,300471914551172981,1,1,dygkt,0.7234764702781967
2108936159450159022,4113615466659810841,300471914551172981,1,1,dygkt,0.7147954214398247
2108936159450159022,6125574002232610732,300471914551172981,0,1,dygkt,0.6948527826289086
2108936159450159022,2774368076249802464,8573800373938698102,0,1,dygkt,0.6874337423143132
2108936159450159022,8903365289186067945,8573800373938698102,1,1,dygkt,0.689102898769302
2108936159450159022,6925932688889117475,300471914551172981,1,1,dygkt,0.725688807993312
2108936159450159022,8194071366621068887,8573800373938698102,1,1,dygkt,0.6763390293874736
2108936159450159022,2986660907093963186,300471914551172981,1,1,dygkt,0.7289289524661072
2108936159450159022,7591109345808921544,300471914551172981,1,1,dygkt,0.7149936273661694
2108936159450159022,625545550176685521,8573800373938698102,1,1,dygkt,0.6956890288147367
2108936159450159022,1761868641361943332,8573800373938698102,1,1,dygkt,0.7001583774438962
2108936159450159022,4824259625677886603,300471914551172981,1,1,dygkt,0.7127689977334412
2108936159450159022,8450591260754163598,8573800373938698102,0,1,dygkt,0.6876426540668787
2108936159450159022,1553079256999111676,300471914551172981,1,1,dygkt,0.7174839087960774
2108936159450159022,3220231712819306119,8573800373938698102,1,1,dygkt,0.6916803895285722
2108936159450159022,338807275221326836,300471914551172981,1,1,dygkt,0.7104540231562652
2108936159450159022,8525319303741530302,8573800373938698102,0,1,dygkt,0.692177888896398
2108936159450159022,6587421150596252277,300471914551172981,1,1,dygkt,0.7184684516294454
2108936159450159022,5891620578387310353,300471914551172981,0,1,dygkt,0.7086101712472729
2108936159450159022,5791250638486922978,300471914551172981,1,1,dygkt,0.7210967093751325
2108936159450159022,4031585874086886353,8573800373938698102,1,1,dygkt,0.7008520404487877
2108936159450159022,2083452711903133430,8573800373938698102,1,1,dygkt,0.7137353617155724
2108936159450159022,6319743179241711738,8573800373938698102,0,1,dygkt,0.701951847374613
2108936159450159022,8628686323660025649,300471914551172981,1,1,dygkt,0.7205879267938833
2108936159450159022,4378721629787482518,300471914551172981,1,1,dygkt,0.724137442742341
2108936159450159022,4813462692425748605,300471914551172981,0,1,dygkt,0.7034432765089663
2108936159450159022,4644364625800006675,300471914551172981,1,1,dygkt,0.7142003069127997
2108936159450159022,1062464292871659639,8573800373938698102,0,1,dygkt,0.7023585923407423
2108936159450159022,5932668873100475470,300471914551172981,1,1,dygkt,0.7268487641540647
2108936159450159022,5237822943399727048,8573800373938698102,1,1,dygkt,0.7044684983744905
2131821587328919271,300471914551172981,300471914551172981,1,1,dygkt,0.7028749415317669
2131821587328919271,8573800373938698102,8573800373938698102,0,1,dygkt,0.6676368640578058
2131821587328919271,2014268979504181100,300471914551172981,1,1,dygkt,0.6942338559132072
2131821587328919271,2172169907340938753,300471914551172981,1,1,dygkt,0.6948940194208222
2131821587328919271,8150806168444344502,300471914551172981,1,1,dygkt,0.7079672133459274
2131821587328919271,816286915455981984,8573800373938698102,1,1,dygkt,0.6978668827589709
2131821587328919271,1962751598315765836,300471914551172981,1,1,dygkt,0.7106940153884643
2131821587328919271,7444476343858270082,300471914551172981,1,1,dygkt,0.7130078462864773
2131821587328919271,2537821716777940730,300471914551172981,1,1,dygkt,0.7134851871859096
2131821587328919271,1061301253559417093,300471914551172981,1,1,dygkt,0.7024686032740151
2131821587328919271,8553379303363759508,300471914551172981,1,1,dygkt,0.6979778399738154
2131821587328919271,6440511557387709110,300471914551172981,1,1,dygkt,0.7123706532113054
2131821587328919271,7744513373483970787,8573800373938698102,0,1,dygkt,0.6707797992590749
2131821587328919271,2971078979906996375,300471914551172981,1,1,dygkt,0.7067594239796433
2131821587328919271,5841359775533910823,300471914551172981,1,1,dygkt,0.6900066165340146
2131821587328919271,8621262567927479011,300471914551172981,1,1,dygkt,0.7118124178994717
2131821587328919271,8434961942249729798,8573800373938698102,1,1,dygkt,0.6898108069615436
2131821587328919271,2322042198017538996,8573800373938698102,0,1,dygkt,0.6910163644453529
2131821587328919271,1742185772413642127,300471914551172981,1,1,dygkt,0.7153105844799644
2131821587328919271,2334639155148655290,8573800373938698102,0,1,dygkt,0.6946586795692022
2131821587328919271,7660717256841499384,300471914551172981,1,1,dygkt,0.7234764702781967
2131821587328919271,4113615466659810841,300471914551172981,1,1,dygkt,0.7147954214398247
2131821587328919271,6125574002232610732,300471914551172981,1,1,dygkt,0.6948527826289086
2131821587328919271,2774368076249802464,8573800373938698102,0,1,dygkt,0.6874337423143132
2131821587328919271,8903365289186067945,8573800373938698102,0,1,dygkt,0.689102898769302
2131821587328919271,6925932688889117475,300471914551172981,1,1,dygkt,0.725688807993312
2131821587328919271,8194071366621068887,8573800373938698102,0,1,dygkt,0.6763390293874736
2131821587328919271,2986660907093963186,300471914551172981,1,1,dygkt,0.7289289524661072
2131821587328919271,7591109345808921544,300471914551172981,1,1,dygkt,0.7149936273661694
2131821587328919271,625545550176685521,8573800373938698102,0,1,dygkt,0.6956890288147367
2131821587328919271,1761868641361943332,8573800373938698102,0,1,dygkt,0.7001583774438962
2131821587328919271,4824259625677886603,300471914551172981,1,1,dygkt,0.7127689977334412
2131821587328919271,8450591260754163598,8573800373938698102,0,1,dygkt,0.6876426540668787
2131821587328919271,1553079256999111676,300471914551172981,1,1,dygkt,0.7174839087960774
2131821587328919271,3220231712819306119,8573800373938698102,0,1,dygkt,0.6916803895285722
2131821587328919271,338807275221326836,300471914551172981,1,1,dygkt,0.7104540231562652
2131821587328919271,8525319303741530302,8573800373938698102,1,1,dygkt,0.692177888896398
2131821587328919271,6587421150596252277,300471914551172981,1,1,dygkt,0.7184684516294454
2131821587328919271,5891620578387310353,300471914551172981,1,1,dygkt,0.7086101712472729
2131821587328919271,5791250638486922978,300471914551172981,1,1,dygkt,0.7210967093751325
2131821587328919271,4031585874086886353,8573800373938698102,0,1,dygkt,0.7008520404487877
2131821587328919271,2083452711903133430,8573800373938698102,1,1,dygkt,0.7137353617155724
2131821587328919271,6319743179241711738,8573800373938698102,0,1,dygkt,0.701951847374613
2131821587328919271,8628686323660025649,300471914551172981,1,1,dygkt,0.7205879267938833
2131821587328919271,4378721629787482518,300471914551172981,1,1,dygkt,0.724137442742341
2131821587328919271,4813462692425748605,300471914551172981,1,1,dygkt,0.7034432765089663
2131821587328919271,4644364625800006675,300471914551172981,1,1,dygkt,0.7142003069127997
2131821587328919271,1062464292871659639,8573800373938698102,0,1,dygkt,0.7023585923407423
2131821587328919271,5932668873100475470,300471914551172981,1,1,dygkt,0.7268487641540647
2131821587328919271,5237822943399727048,8573800373938698102,1,1,dygkt,0.7044684983744905
2143430672656358050,300471914551172981,300471914551172981,1,1,dygkt,0.7028749415317669
2143430672656358050,8573800373938698102,8573800373938698102,1,1,dygkt,0.6676368640578058
2143430672656358050,2014268979504181100,300471914551172981,1,1,dygkt,0.6942338559132072
2143430672656358050,2172169907340938753,300471914551172981,1,1,dygkt,0.6948940194208222
2143430672656358050,8150806168444344502,300471914551172981,1,1,dygkt,0.7079672133459274
2143430672656358050,816286915455981984,8573800373938698102,1,1,dygkt,0.6978668827589709
2143430672656358050,1962751598315765836,300471914551172981,1,1,dygkt,0.7106940153884643
2143430672656358050,7444476343858270082,300471914551172981,1,1,dygkt,0.7130078462864773
2143430672656358050,2537821716777940730,300471914551172981,1,1,dygkt,0.7134851871859096
2143430672656358050,1061301253559417093,300471914551172981,1,1,dygkt,0.7024686032740151
2143430672656358050,8553379303363759508,300471914551172981,1,1,dygkt,0.6979778399738154
2143430672656358050,6440511557387709110,300471914551172981,1,1,dygkt,0.7123706532113054
2143430672656358050,7744513373483970787,8573800373938698102,1,1,dygkt,0.6707797992590749
2143430672656358050,2971078979906996375,300471914551172981,1,1,dygkt,0.7067594239796433
2143430672656358050,5841359775533910823,300471914551172981,1,1,dygkt,0.6900066165340146
2143430672656358050,8621262567927479011,300471914551172981,1,1,dygkt,0.7118124178994717
2143430672656358050,8434961942249729798,8573800373938698102,1,1,dygkt,0.6898108069615436
2143430672656358050,2322042198017538996,8573800373938698102,1,1,dygkt,0.6910163644453529
2143430672656358050,1742185772413642127,300471914551172981,1,1,dygkt,0.7153105844799644
2143430672656358050,2334639155148655290,8573800373938698102,1,1,dygkt,0.6946586795692022
2143430672656358050,7660717256841499384,300471914551172981,1,1,dygkt,0.7234764702781967
2143430672656358050,4113615466659810841,300471914551172981,1,1,dygkt,0.7147954214398247
2143430672656358050,6125574002232610732,300471914551172981,1,1,dygkt,0.6948527826289086
2143430672656358050,2774368076249802464,8573800373938698102,1,1,dygkt,0.6874337423143132
2143430672656358050,8903365289186067945,8573800373938698102,1,1,dygkt,0.689102898769302
2143430672656358050,6925932688889117475,300471914551172981,1,1,dygkt,0.725688807993312
2143430672656358050,8194071366621068887,8573800373938698102,1,1,dygkt,0.6763390293874736
2143430672656358050,2986660907093963186,300471914551172981,1,1,dygkt,0.7289289524661072
2143430672656358050,7591109345808921544,300471914551172981,1,1,dygkt,0.7149936273661694
2143430672656358050,625545550176685521,8573800373938698102,1,1,dygkt,0.6956890288147367
2143430672656358050,1761868641361943332,8573800373938698102,1,1,dygkt,0.7001583774438962
2143430672656358050,4824259625677886603,300471914551172981,1,1,dygkt,0.7127689977334412
2143430672656358050,8450591260754163598,8573800373938698102,1,1,dygkt,0.6876426540668787
2143430672656358050,1553079256999111676,300471914551172981,1,1,dygkt,0.7174839087960774
2143430672656358050,3220231712819306119,8573800373938698102,1,1,dygkt,0.6916803895285722
2143430672656358050,338807275221326836,300471914551172981,1,1,dygkt,0.7104540231562652
2143430672656358050,8525319303741530302,8573800373938698102,1,1,dygkt,0.692177888896398
2143430672656358050,6587421150596252277,300471914551172981,1,1,dygkt,0.7184684516294454
2143430672656358050,5891620578387310353,300471914551172981,1,1,dygkt,0.7086101712472729
2143430672656358050,5791250638486922978,300471914551172981,1,1,dygkt,0.7210967093751325
2143430672656358050,4031585874086886353,8573800373938698102,1,1,dygkt,0.7008520404487877
2143430672656358050,2083452711903133430,8573800373938698102,1,1,dygkt,0.7137353617155724
2143430672656358050,6319743179241711738,8573800373938698102,1,1,dygkt,0.701951847374613
2143430672656358050,8628686323660025649,300471914551172981,1,1,dygkt,0.7205879267938833
2143430672656358050,4378721629787482518,300471914551172981,1,1,dygkt,0.724137442742341
2143430672656358050,4813462692425748605,300471914551172981,1,1,dygkt,0.7034432765089663
2143430672656358050,4644364625800006675,300471914551172981,1,1,dygkt,0.7142003069127997
2143430672656358050,1062464292871659639,8573800373938698102,1,1,dygkt,0.7023585923407423
2143430672656358050,5932668873100475470,300471914551172981,1,1,dygkt,0.7268487641540647
2143430672656358050,5237822943399727048,8573800373938698102,1,1,dygkt,0.7044684983744905
2160797765405831572,300471914551172981,300471914551172981,0,1,dygkt,0.7028749415317669
2160797765405831572,8573800373938698102,8573800373938698102,0,1,dygkt,0.6676368640578058
2160797765405831572,2014268979504181100,300471914551172981,0,1,dygkt,0.6942338559132072
2160797765405831572,2172169907340938753,300471914551172981,0,1,dygkt,0.6948940194208222
2160797765405831572,8150806168444344502,300471914551172981,0,1,dygkt,0.7079672133459274
2160797765405831572,816286915455981984,8573800373938698102,0,1,dygkt,0.6978668827589709
2160797765405831572,1962751598315765836,300471914551172981,0,1,dygkt,0.7106940153884643
2160797765405831572,7444476343858270082,300471914551172981,0,1,dygkt,0.7130078462864773
2160797765405831572,2537821716777940730,300471914551172981,0,1,dygkt,0.7134851871859096
2160797765405831572,1061301253559417093,300471914551172981,0,1,dygkt,0.7024686032740151
2160797765405831572,8553379303363759508,300471914551172981,0,1,dygkt,0.6979778399738154
2160797765405831572,6440511557387709110,300471914551172981,0,1,dygkt,0.7123706532113054
2160797765405831572,7744513373483970787,8573800373938698102,0,1,dygkt,0.6707797992590749
2160797765405831572,2971078979906996375,300471914551172981,0,1,dygkt,0.7067594239796433
2160797765405831572,5841359775533910823,300471914551172981,0,1,dygkt,0.6900066165340146
2160797765405831572,8621262567927479011,300471914551172981,0,1,dygkt,0.7118124178994717
2160797765405831572,8434961942249729798,8573800373938698102,0,1,dygkt,0.6898108069615436
2160797765405831572,2322042198017538996,8573800373938698102,0,1,dygkt,0.6910163644453529
2160797765405831572,1742185772413642127,300471914551172981,1,1,dygkt,0.7153105844799644
2160797765405831572,2334639155148655290,8573800373938698102,0,1,dygkt,0.6946586795692022
2160797765405831572,7660717256841499384,300471914551172981,0,1,dygkt,0.7234764702781967
2160797765405831572,4113615466659810841,300471914551172981,0,1,dygkt,0.7147954214398247
2160797765405831572,6125574002232610732,300471914551172981,0,1,dygkt,0.6948527826289086
2160797765405831572,2774368076249802464,8573800373938698102,0,1,dygkt,0.6874337423143132
2160797765405831572,8903365289186067945,8573800373938698102,0,1,dygkt,0.689102898769302
2160797765405831572,6925932688889117475,300471914551172981,0,1,dygkt,0.725688807993312
2160797765405831572,8194071366621068887,8573800373938698102,0,1,dygkt,0.6763390293874736
2160797765405831572,2986660907093963186,300471914551172981,0,1,dygkt,0.7289289524661072
2160797765405831572,7591109345808921544,300471914551172981,1,1,dygkt,0.7149936273661694
2160797765405831572,625545550176685521,8573800373938698102,0,1,dygkt,0.6956890288147367
2160797765405831572,1761868641361943332,8573800373938698102,0,1,dygkt,0.7001583774438962
2160797765405831572,4824259625677886603,300471914551172981,0,1,dygkt,0.7127689977334412
2160797765405831572,8450591260754163598,8573800373938698102,0,1,dygkt,0.6876426540668787
2160797765405831572,1553079256999111676,300471914551172981,0,1,dygkt,0.7174839087960774
2160797765405831572,3220231712819306119,8573800373938698102,1,1,dygkt,0.6916803895285722
2160797765405831572,338807275221326836,300471914551172981,0,1,dygkt,0.7104540231562652
2160797765405831572,8525319303741530302,8573800373938698102,0,1,dygkt,0.692177888896398
2160797765405831572,6587421150596252277,300471914551172981,0,1,dygkt,0.7184684516294454
2160797765405831572,5891620578387310353,300471914551172981,0,1,dygkt,0.7086101712472729
2160797765405831572,5791250638486922978,300471914551172981,0,1,dygkt,0.7210967093751325
2160797765405831572,4031585874086886353,8573800373938698102,0,1,dygkt,0.7008520404487877
2160797765405831572,2083452711903133430,8573800373938698102,1,1,dygkt,0.7137353617155724
2160797765405831572,6319743179241711738,8573800373938698102,0,1,dygkt,0.701951847374613
2160797765405831572,8628686323660025649,300471914551172981,0,1,dygkt,0.7205879267938833
2160797765405831572,4378721629787482518,300471914551172981,0,1,dygkt,0.724137442742341
2160797765405831572,4813462692425748605,300471914551172981,0,1,dygkt,0.7034432765089663
2160797765405831572,4644364625800006675,300471914551172981,0,1,dygkt,0.7142003069127997
2160797765405831572,1062464292871659639,8573800373938698102,0,1,dygkt,0.7023585923407423
2160797765405831572,5932668873100475470,300471914551172981,0,1,dygkt,0.7268487641540647
2160797765405831572,5237822943399727048,8573800373938698102,0,1,dygkt,0.7044684983744905
2231500381287999366,300471914551172981,300471914551172981,0,1,dygkt,0.7028749415317669
2231500381287999366,8573800373938698102,8573800373938698102,1,1,dygkt,0.6676368640578058
2231500381287999366,2014268979504181100,300471914551172981,0,1,dygkt,0.6942338559132072
2231500381287999366,2172169907340938753,300471914551172981,0,1,dygkt,0.6948940194208222
2231500381287999366,8150806168444344502,300471914551172981,0,1,dygkt,0.7079672133459274
2231500381287999366,816286915455981984,8573800373938698102,1,1,dygkt,0.6978668827589709
2231500381287999366,1962751598315765836,300471914551172981,1,1,dygkt,0.7106940153884643
2231500381287999366,7444476343858270082,300471914551172981,0,1,dygkt,0.7130078462864773
2231500381287999366,2537821716777940730,300471914551172981,1,1,dygkt,0.7134851871859096
2231500381287999366,1061301253559417093,300471914551172981,0,1,dygkt,0.7024686032740151
2231500381287999366,8553379303363759508,300471914551172981,0,1,dygkt,0.6979778399738154
2231500381287999366,6440511557387709110,300471914551172981,0,1,dygkt,0.7123706532113054
2231500381287999366,7744513373483970787,8573800373938698102,0,1,dygkt,0.6707797992590749
2231500381287999366,2971078979906996375,300471914551172981,1,1,dygkt,0.7067594239796433
2231500381287999366,5841359775533910823,300471914551172981,0,1,dygkt,0.6900066165340146
2231500381287999366,8621262567927479011,300471914551172981,1,1,dygkt,0.7118124178994717
2231500381287999366,8434961942249729798,8573800373938698102,1,1,dygkt,0.6898108069615436
2231500381287999366,2322042198017538996,8573800373938698102,1,1,dygkt,0.6910163644453529
2231500381287999366,1742185772413642127,300471914551172981,0,1,dygkt,0.7153105844799644
2231500381287999366,2334639155148655290,8573800373938698102,1,1,dygkt,0.6946586795692022
2231500381287999366,7660717256841499384,300471914551172981,0,1,dygkt,0.7234764702781967
2231500381287999366,4113615466659810841,300471914551172981,1,1,dygkt,0.7147954214398247
2231500381287999366,6125574002232610732,300471914551172981,0,1,dygkt,0.6948527826289086
2231500381287999366,2774368076249802464,8573800373938698102,1,1,dygkt,0.6874337423143132
2231500381287999366,8903365289186067945,8573800373938698102,1,1,dygkt,0.689102898769302
2231500381287999366,6925932688889117475,300471914551172981,1,1,dygkt,0.725688807993312
2231500381287999366,8194071366621068887,8573800373938698102,1,1,dygkt,0.6763390293874736
2231500381287999366,2986660907093963186,300471914551172981,1,1,dygkt,0.7289289524661072
2231500381287999366,7591109345808921544,300471914551172981,0,1,dygkt,0.7149936273661694
2231500381287999366,625545550176685521,8573800373938698102,1,1,dygkt,0.6956890288147367
2231500381287999366,1761868641361943332,8573800373938698102,1,1,dygkt,0.7001583774438962
2231500381287999366,4824259625677886603,300471914551172981,0,1,dygkt,0.7127689977334412
2231500381287999366,8450591260754163598,8573800373938698102,1,1,dygkt,0.6876426540668787
2231500381287999366,1553079256999111676,300471914551172981,0,1,dygkt,0.7174839087960774
2231500381287999366,3220231712819306119,8573800373938698102,1,1,dygkt,0.6916803895285722
2231500381287999366,338807275221326836,300471914551172981,1,1,dygkt,0.7104540231562652
2231500381287999366,8525319303741530302,8573800373938698102,1,1,dygkt,0.692177888896398
2231500381287999366,6587421150596252277,300471914551172981,0,1,dygkt,0.7184684516294454
2231500381287999366,5891620578387310353,300471914551172981,0,1,dygkt,0.7086101712472729
2231500381287999366,5791250638486922978,300471914551172981,1,1,dygkt,0.7210967093751325
2231500381287999366,4031585874086886353,8573800373938698102,1,1,dygkt,0.7008520404487877
2231500381287999366,2083452711903133430,8573800373938698102,1,1,dygkt,0.7137353617155724
2231500381287999366,6319743179241711738,8573800373938698102,1,1,dygkt,0.701951847374613
2231500381287999366,8628686323660025649,300471914551172981,1,1,dygkt,0.7205879267938833
2231500381287999366,4378721629787482518,300471914551172981,0,1,dygkt,0.724137442742341
2231500381287999366,4813462692425748605,300471914551172981,0,1,dygkt,0.7034432765089663
2231500381287999366,4644364625800006675,300471914551172981,0,1,dygkt,0.7142003069127997
2231500381287999366,1062464292871659639,8573800373938698102,1,1,dygkt,0.7023585923407423
2231500381287999366,5932668873100475470,300471914551172981,0,1,dygkt,0.7268487641540647
2231500381287999366,5237822943399727048,8573800373938698102,1,1,dygkt,0.7044684983744905
2235089003639397232,300471914551172981,300471914551172981,1,1,dygkt,0.7028749415317669
2235089003639397232,8573800373938698102,8573800373938698102,1,1,dygkt,0.6676368640578058
2235089003639397232,2014268979504181100,300471914551172981,1,1,dygkt,0.6942338559132072
2235089003639397232,2172169907340938753,300471914551172981,0,1,dygkt,0.6948940194208222
2235089003639397232,8150806168444344502,300471914551172981,0,1,dygkt,0.7079672133459274
2235089003639397232,816286915455981984,8573800373938698102,1,1,dygkt,0.6978668827589709
2235089003639397232,1962751598315765836,300471914551172981,0,1,dygkt,0.7106940153884643
2235089003639397232,7444476343858270082,300471914551172981,1,1,dygkt,0.7130078462864773
2235089003639397232,2537821716777940730,300471914551172981,0,1,dygkt,0.7134851871859096
2235089003639397232,1061301253559417093,300471914551172981,0,1,dygkt,0.7024686032740151
2235089003639397232,8553379303363759508,300471914551172981,0,1,dygkt,0.6979778399738154
2235089003639397232,6440511557387709110,300471914551172981,0,1,dygkt,0.7123706532113054
2235089003639397232,7744513373483970787,8573800373938698102,0,1,dygkt,0.6707797992590749
2235089003639397232,2971078979906996375,300471914551172981,0,1,dygkt,0.7067594239796433
2235089003639397232,5841359775533910823,300471914551172981,1,1,dygkt,0.6900066165340146
2235089003639397232,8621262567927479011,300471914551172981,0,1,dygkt,0.7118124178994717
2235089003639397232,8434961942249729798,8573800373938698102,1,1,dygkt,0.6898108069615436
2235089003639397232,2322042198017538996,8573800373938698102,1,1,dygkt,0.6910163644453529
2235089003639397232,1742185772413642127,300471914551172981,1,1,dygkt,0.7153105844799644
2235089003639397232,2334639155148655290,8573800373938698102,1,1,dygkt,0.6946586795692022
2235089003639397232,7660717256841499384,300471914551172981,1,1,dygkt,0.7234764702781967
2235089003639397232,4113615466659810841,300471914551172981,1,1,dygkt,0.7147954214398247
2235089003639397232,6125574002232610732,300471914551172981,0,1,dygkt,0.6948527826289086
2235089003639397232,2774368076249802464,8573800373938698102,1,1,dygkt,0.6874337423143132
2235089003639397232,8903365289186067945,8573800373938698102,0,1,dygkt,0.689102898769302
2235089003639397232,6925932688889117475,300471914551172981,1,1,dygkt,0.725688807993312
2235089003639397232,8194071366621068887,8573800373938698102,1,1,dygkt,0.6763390293874736
2235089003639397232,2986660907093963186,300471914551172981,1,1,dygkt,0.7289289524661072
2235089003639397232,7591109345808921544,300471914551172981,1,1,dygkt,0.7149936273661694
2235089003639397232,625545550176685521,8573800373938698102,1,1,dygkt,0.6956890288147367
2235089003639397232,1761868641361943332,8573800373938698102,1,1,dygkt,0.7001583774438962
2235089003639397232,4824259625677886603,300471914551172981,1,1,dygkt,0.7127689977334412
2235089003639397232,8450591260754163598,8573800373938698102,0,1,dygkt,0.6876426540668787
2235089003639397232,1553079256999111676,300471914551172981,0,1,dygkt,0.7174839087960774
2235089003639397232,3220231712819306119,8573800373938698102,1,1,dygkt,0.6916803895285722
2235089003639397232,338807275221326836,300471914551172981,1,1,dygkt,0.7104540231562652
2235089003639397232,8525319303741530302,8573800373938698102,1,1,dygkt,0.692177888896398
2235089003639397232,6587421150596252277,300471914551172981,1,1,dygkt,0.7184684516294454
2235089003639397232,5891620578387310353,300471914551172981,1,1,dygkt,0.7086101712472729
2235089003639397232,5791250638486922978,300471914551172981,1,1,dygkt,0.7210967093751325
2235089003639397232,4031585874086886353,8573800373938698102,1,1,dygkt,0.7008520404487877
2235089003639397232,2083452711903133430,8573800373938698102,1,1,dygkt,0.7137353617155724
2235089003639397232,6319743179241711738,8573800373938698102,1,1,dygkt,0.701951847374613
2235089003639397232,8628686323660025649,300471914551172981,1,1,dygkt,0.7205879267938833
2235089003639397232,4378721629787482518,300471914551172981,1,1,dygkt,0.724137442742341
2235089003639397232,4813462692425748605,300471914551172981,1,1,dygkt,0.7034432765089663
2235089003639397232,4644364625800006675,300471914551172981,1,1,dygkt,0.7142003069127997
2235089003639397232,1062464292871659639,8573800373938698102,1,1,dygkt,0.7023585923407423
2235089003639397232,5932668873100475470,300471914551172981,1,1,dygkt,0.7268487641540647
2235089003639397232,5237822943399727048,8573800373938698102,1,1,dygkt,0.7044684983744905
2269114235205956810,300471914551172981,300471914551172981,1,1,dygkt,0.7028749415317669
2269114235205956810,8573800373938698102,8573800373938698102,0,1,dygkt,0.6676368640578058
2269114235205956810,2014268979504181100,300471914551172981,0,1,dygkt,0.6942338559132072
2269114235205956810,2172169907340938753,300471914551172981,0,1,dygkt,0.6948940194208222
2269114235205956810,8150806168444344502,300471914551172981,0,1,dygkt,0.7079672133459274
2269114235205956810,816286915455981984,8573800373938698102,1,1,dygkt,0.6978668827589709
2269114235205956810,1962751598315765836,300471914551172981,0,1,dygkt,0.7106940153884643
2269114235205956810,7444476343858270082,300471914551172981,0,1,dygkt,0.7130078462864773
2269114235205956810,2537821716777940730,300471914551172981,0,1,dygkt,0.7134851871859096
2269114235205956810,1061301253559417093,300471914551172981,1,1,dygkt,0.7024686032740151
2269114235205956810,8553379303363759508,300471914551172981,0,1,dygkt,0.6979778399738154
2269114235205956810,6440511557387709110,300471914551172981,0,1,dygkt,0.7123706532113054
2269114235205956810,7744513373483970787,8573800373938698102,1,1,dygkt,0.6707797992590749
2269114235205956810,2971078979906996375,300471914551172981,0,1,dygkt,0.7067594239796433
2269114235205956810,5841359775533910823,300471914551172981,0,1,dygkt,0.6900066165340146
2269114235205956810,8621262567927479011,300471914551172981,0,1,dygkt,0.7118124178994717
2269114235205956810,8434961942249729798,8573800373938698102,1,1,dygkt,0.6898108069615436
2269114235205956810,2322042198017538996,8573800373938698102,1,1,dygkt,0.6910163644453529
2269114235205956810,1742185772413642127,300471914551172981,0,1,dygkt,0.7153105844799644
2269114235205956810,2334639155148655290,8573800373938698102,1,1,dygkt,0.6946586795692022
2269114235205956810,7660717256841499384,300471914551172981,0,1,dygkt,0.7234764702781967
2269114235205956810,4113615466659810841,300471914551172981,0,1,dygkt,0.7147954214398247
2269114235205956810,6125574002232610732,300471914551172981,0,1,dygkt,0.6948527826289086
2269114235205956810,2774368076249802464,8573800373938698102,1,1,dygkt,0.6874337423143132
2269114235205956810,8903365289186067945,8573800373938698102,1,1,dygkt,0.689102898769302
2269114235205956810,6925932688889117475,300471914551172981,1,1,dygkt,0.725688807993312
2269114235205956810,8194071366621068887,8573800373938698102,1,1,dygkt,0.6763390293874736
2269114235205956810,2986660907093963186,300471914551172981,0,1,dygkt,0.7289289524661072
2269114235205956810,7591109345808921544,300471914551172981,0,1,dygkt,0.7149936273661694
2269114235205956810,625545550176685521,8573800373938698102,1,1,dygkt,0.6956890288147367
2269114235205956810,1761868641361943332,8573800373938698102,1,1,dygkt,0.7001583774438962
2269114235205956810,4824259625677886603,300471914551172981,0,1,dygkt,0.7127689977334412
2269114235205956810,8450591260754163598,8573800373938698102,1,1,dygkt,0.6876426540668787
2269114235205956810,1553079256999111676,300471914551172981,0,1,dygkt,0.7174839087960774
2269114235205956810,3220231712819306119,8573800373938698102,0,1,dygkt,0.6916803895285722
2269114235205956810,338807275221326836,300471914551172981,0,1,dygkt,0.7104540231562652
2269114235205956810,8525319303741530302,8573800373938698102,1,1,dygkt,0.692177888896398
2269114235205956810,6587421150596252277,300471914551172981,0,1,dygkt,0.7184684516294454
2269114235205956810,5891620578387310353,300471914551172981,0,1,dygkt,0.7086101712472729
2269114235205956810,5791250638486922978,300471914551172981,1,1,dygkt,0.7210967093751325
2269114235205956810,4031585874086886353,8573800373938698102,1,1,dygkt,0.7008520404487877
2269114235205956810,2083452711903133430,8573800373938698102,1,1,dygkt,0.7137353617155724
2269114235205956810,6319743179241711738,8573800373938698102,1,1,dygkt,0.701951847374613
2269114235205956810,8628686323660025649,300471914551172981,1,1,dygkt,0.7205879267938833
2269114235205956810,4378721629787482518,300471914551172981,0,1,dygkt,0.724137442742341
2269114235205956810,4813462692425748605,300471914551172981,1,1,dygkt,0.7034432765089663
2269114235205956810,4644364625800006675,300471914551172981,0,1,dygkt,0.7142003069127997
2269114235205956810,1062464292871659639,8573800373938698102,0,1,dygkt,0.7023585923407423
2269114235205956810,5932668873100475470,300471914551172981,0,1,dygkt,0.7268487641540647
2269114235205956810,5237822943399727048,8573800373938698102,1,1,dygkt,0.7044684983744905
2290358221148407258,300471914551172981,300471914551172981,1,1,dygkt,0.7028749415317669
2290358221148407258,8573800373938698102,8573800373938698102,0,1,dygkt,0.6676368640578058
2290358221148407258,2014268979504181100,300471914551172981,1,1,dygkt,0.6942338559132072
2290358221148407258,2172169907340938753,300471914551172981,1,1,dygkt,0.6948940194208222
2290358221148407258,8150806168444344502,300471914551172981,1,1,dygkt,0.7079672133459274
2290358221148407258,816286915455981984,8573800373938698102,1,1,dygkt,0.6978668827589709
2290358221148407258,1962751598315765836,300471914551172981,1,1,dygkt,0.7106940153884643
2290358221148407258,7444476343858270082,300471914551172981,1,1,dygkt,0.7130078462864773
2290358221148407258,2537821716777940730,300471914551172981,1,1,dygkt,0.7134851871859096
2290358221148407258,1061301253559417093,300471914551172981,1,1,dygkt,0.7024686032740151
2290358221148407258,8553379303363759508,300471914551172981,1,1,dygkt,0.6979778399738154
2290358221148407258,6440511557387709110,300471914551172981,1,1,dygkt,0.7123706532113054
2290358221148407258,7744513373483970787,8573800373938698102,0,1,dygkt,0.6707797992590749
2290358221148407258,2971078979906996375,300471914551172981,1,1,dygkt,0.7067594239796433
2290358221148407258,5841359775533910823,300471914551172981,1,1,dygkt,0.6900066165340146
2290358221148407258,8621262567927479011,300471914551172981,1,1,dygkt,0.7118124178994717
2290358221148407258,8434961942249729798,8573800373938698102,1,1,dygkt,0.6898108069615436
2290358221148407258,2322042198017538996,8573800373938698102,0,1,dygkt,0.6910163644453529
2290358221148407258,1742185772413642127,300471914551172981,1,1,dygkt,0.7153105844799644
2290358221148407258,2334639155148655290,8573800373938698102,0,1,dygkt,0.6946586795692022
2290358221148407258,7660717256841499384,300471914551172981,1,1,dygkt,0.7234764702781967
2290358221148407258,4113615466659810841,300471914551172981,1,1,dygkt,0.7147954214398247
2290358221148407258,6125574002232610732,300471914551172981,0,1,dygkt,0.6948527826289086
2290358221148407258,2774368076249802464,8573800373938698102,0,1,dygkt,0.6874337423143132
2290358221148407258,8903365289186067945,8573800373938698102,0,1,dygkt,0.689102898769302
2290358221148407258,6925932688889117475,300471914551172981,1,1,dygkt,0.725688807993312
2290358221148407258,8194071366621068887,8573800373938698102,0,1,dygkt,0.6763390293874736
2290358221148407258,2986660907093963186,300471914551172981,1,1,dygkt,0.7289289524661072
2290358221148407258,7591109345808921544,300471914551172981,1,1,dygkt,0.7149936273661694
2290358221148407258,625545550176685521,8573800373938698102,1,1,dygkt,0.6956890288147367
2290358221148407258,1761868641361943332,8573800373938698102,1,1,dygkt,0.7001583774438962
2290358221148407258,4824259625677886603,300471914551172981,1,1,dygkt,0.7127689977334412
2290358221148407258,8450591260754163598,8573800373938698102,0,1,dygkt,0.6876426540668787
2290358221148407258,1553079256999111676,300471914551172981,1,1,dygkt,0.7174839087960774
2290358221148407258,3220231712819306119,8573800373938698102,1,1,dygkt,0.6916803895285722
2290358221148407258,338807275221326836,300471914551172981,1,1,dygkt,0.7104540231562652
2290358221148407258,8525319303741530302,8573800373938698102,1,1,dygkt,0.692177888896398
2290358221148407258,6587421150596252277,300471914551172981,1,1,dygkt,0.7184684516294454
2290358221148407258,5891620578387310353,300471914551172981,1,1,dygkt,0.7086101712472729
2290358221148407258,5791250638486922978,300471914551172981,1,1,dygkt,0.7210967093751325
2290358221148407258,4031585874086886353,8573800373938698102,0,1,dygkt,0.7008520404487877
2290358221148407258,2083452711903133430,8573800373938698102,1,1,dygkt,0.7137353617155724
2290358221148407258,6319743179241711738,8573800373938698102,0,1,dygkt,0.701951847374613
2290358221148407258,8628686323660025649,300471914551172981,1,1,dygkt,0.7205879267938833
2290358221148407258,4378721629787482518,300471914551172981,1,1,dygkt,0.724137442742341
2290358221148407258,4813462692425748605,300471914551172981,1,1,dygkt,0.7034432765089663
2290358221148407258,4644364625800006675,300471914551172981,1,1,dygkt,0.7142003069127997
2290358221148407258,1062464292871659639,8573800373938698102,0,1,dygkt,0.7023585923407423
2290358221148407258,5932668873100475470,300471914551172981,1,1,dygkt,0.7268487641540647
2290358221148407258,5237822943399727048,8573800373938698102,0,1,dygkt,0.7044684983744905
2312793360970709803,300471914551172981,300471914551172981,1,1,dygkt,0.7028749415317669
2312793360970709803,8573800373938698102,8573800373938698102,0,1,dygkt,0.6676368640578058
2312793360970709803,2014268979504181100,300471914551172981,0,1,dygkt,0.6942338559132072
2312793360970709803,2172169907340938753,300471914551172981,1,1,dygkt,0.6948940194208222
2312793360970709803,8150806168444344502,300471914551172981,1,1,dygkt,0.7079672133459274
2312793360970709803,816286915455981984,8573800373938698102,0,1,dygkt,0.6978668827589709
2312793360970709803,1962751598315765836,300471914551172981,0,1,dygkt,0.7106940153884643
2312793360970709803,7444476343858270082,300471914551172981,1,1,dygkt,0.7130078462864773
2312793360970709803,2537821716777940730,300471914551172981,1,1,dygkt,0.7134851871859096
2312793360970709803,1061301253559417093,300471914551172981,0,1,dygkt,0.7024686032740151
2312793360970709803,8553379303363759508,300471914551172981,0,1,dygkt,0.6979778399738154
2312793360970709803,6440511557387709110,300471914551172981,1,1,dygkt,0.7123706532113054
2312793360970709803,7744513373483970787,8573800373938698102,0,1,dygkt,0.6707797992590749
2312793360970709803,2971078979906996375,300471914551172981,1,1,dygkt,0.7067594239796433
2312793360970709803,5841359775533910823,300471914551172981,0,1,dygkt,0.6900066165340146
2312793360970709803,8621262567927479011,300471914551172981,1,1,dygkt,0.7118124178994717
2312793360970709803,8434961942249729798,8573800373938698102,0,1,dygkt,0.6898108069615436
2312793360970709803,2322042198017538996,8573800373938698102,0,1,dygkt,0.6910163644453529
2312793360970709803,1742185772413642127,300471914551172981,1,1,dygkt,0.7153105844799644
2312793360970709803,2334639155148655290,8573800373938698102,0,1,dygkt,0.6946586795692022
2312793360970709803,7660717256841499384,300471914551172981,1,1,dygkt,0.7234764702781967
2312793360970709803,4113615466659810841,300471914551172981,1,1,dygkt,0.7147954214398247
2312793360970709803,6125574002232610732,300471914551172981,0,1,dygkt,0.6948527826289086
2312793360970709803,2774368076249802464,8573800373938698102,0,1,dygkt,0.6874337423143132
2312793360970709803,8903365289186067945,8573800373938698102,0,1,dygkt,0.689102898769302
2312793360970709803,6925932688889117475,300471914551172981,1,1,dygkt,0.725688807993312
2312793360970709803,8194071366621068887,8573800373938698102,0,1,dygkt,0.6763390293874736
2312793360970709803,2986660907093963186,300471914551172981,1,1,dygkt,0.7289289524661072
2312793360970709803,7591109345808921544,300471914551172981,1,1,dygkt,0.7149936273661694
2312793360970709803,625545550176685521,8573800373938698102,1,1,dygkt,0.6956890288147367
2312793360970709803,1761868641361943332,8573800373938698102,0,1,dygkt,0.7001583774438962
2312793360970709803,4824259625677886603,300471914551172981,0,1,dygkt,0.7127689977334412
2312793360970709803,8450591260754163598,8573800373938698102,0,1,dygkt,0.6876426540668787
2312793360970709803,1553079256999111676,300471914551172981,1,1,dygkt,0.7174839087960774
2312793360970709803,3220231712819306119,8573800373938698102,0,1,dygkt,0.6916803895285722
2312793360970709803,338807275221326836,300471914551172981,1,1,dygkt,0.7104540231562652
2312793360970709803,8525319303741530302,8573800373938698102,0,1,dygkt,0.692177888896398
2312793360970709803,6587421150596252277,300471914551172981,1,1,dygkt,0.7184684516294454
2312793360970709803,5891620578387310353,300471914551172981,1,1,dygkt,0.7086101712472729
2312793360970709803,5791250638486922978,300471914551172981,1,1,dygkt,0.7210967093751325
2312793360970709803,4031585874086886353,8573800373938698102,0,1,dygkt,0.7008520404487877
2312793360970709803,2083452711903133430,8573800373938698102,0,1,dygkt,0.7137353617155724
2312793360970709803,6319743179241711738,8573800373938698102,0,1,dygkt,0.701951847374613
2312793360970709803,8628686323660025649,300471914551172981,1,1,dygkt,0.7205879267938833
2312793360970709803,4378721629787482518,300471914551172981,1,1,dygkt,0.724137442742341
2312793360970709803,4813462692425748605,300471914551172981,0,1,dygkt,0.7034432765089663
2312793360970709803,4644364625800006675,300471914551172981,0,1,dygkt,0.7142003069127997
2312793360970709803,1062464292871659639,8573800373938698102,0,1,dygkt,0.7023585923407423
2312793360970709803,5932668873100475470,300471914551172981,1,1,dygkt,0.7268487641540647
2312793360970709803,5237822943399727048,8573800373938698102,1,1,dygkt,0.7044684983744905
2315071760320444279,300471914551172981,300471914551172981,1,1,dygkt,0.7028749415317669
2315071760320444279,8573800373938698102,8573800373938698102,1,1,dygkt,0.6676368640578058
2315071760320444279,2014268979504181100,300471914551172981,1,1,dygkt,0.6942338559132072
2315071760320444279,2172169907340938753,300471914551172981,1,1,dygkt,0.6948940194208222
2315071760320444279,8150806168444344502,300471914551172981,1,1,dygkt,0.7079672133459274
2315071760320444279,816286915455981984,8573800373938698102,1,1,dygkt,0.6978668827589709
2315071760320444279,1962751598315765836,300471914551172981,1,1,dygkt,0.7106940153884643
2315071760320444279,7444476343858270082,300471914551172981,1,1,dygkt,0.7130078462864773
2315071760320444279,2537821716777940730,300471914551172981,1,1,dygkt,0.7134851871859096
2315071760320444279,1061301253559417093,300471914551172981,1,1,dygkt,0.7024686032740151
2315071760320444279,8553379303363759508,300471914551172981,1,1,dygkt,0.6979778399738154
2315071760320444279,6440511557387709110,300471914551172981,1,1,dygkt,0.7123706532113054
2315071760320444279,7744513373483970787,8573800373938698102,0,1,dygkt,0.6707797992590749
2315071760320444279,2971078979906996375,300471914551172981,1,1,dygkt,0.7067594239796433
2315071760320444279,5841359775533910823,300471914551172981,1,1,dygkt,0.6900066165340146
2315071760320444279,8621262567927479011,300471914551172981,1,1,dygkt,0.7118124178994717
2315071760320444279,8434961942249729798,8573800373938698102,1,1,dygkt,0.6898108069615436
2315071760320444279,2322042198017538996,8573800373938698102,1,1,dygkt,0.6910163644453529
2315071760320444279,1742185772413642127,300471914551172981,1,1,dygkt,0.7153105844799644
2315071760320444279,2334639155148655290,8573800373938698102,1,1,dygkt,0.6946586795692022
2315071760320444279,7660717256841499384,300471914551172981,1,1,dygkt,0.7234764702781967
2315071760320444279,4113615466659810841,300471914551172981,1,1,dygkt,0.7147954214398247
2315071760320444279,6125574002232610732,300471914551172981,1,1,dygkt,0.6948527826289086
2315071760320444279,2774368076249802464,8573800373938698102,1,1,dygkt,0.6874337423143132
2315071760320444279,8903365289186067945,8573800373938698102,1,1,dygkt,0.689102898769302
2315071760320444279,6925932688889117475,300471914551172981,1,1,dygkt,0.725688807993312
2315071760320444279,8194071366621068887,8573800373938698102,1,1,dygkt,0.6763390293874736
2315071760320444279,2986660907093963186,300471914551172981,1,1,dygkt,0.7289289524661072
2315071760320444279,7591109345808921544,300471914551172981,1,1,dygkt,0.7149936273661694
2315071760320444279,625545550176685521,8573800373938698102,1,1,dygkt,0.6956890288147367
2315071760320444279,1761868641361943332,8573800373938698102,1,1,dygkt,0.7001583774438962
2315071760320444279,4824259625677886603,300471914551172981,1,1,dygkt,0.7127689977334412
2315071760320444279,8450591260754163598,8573800373938698102,1,1,dygkt,0.6876426540668787
2315071760320444279,1553079256999111676,300471914551172981,1,1,dygkt,0.7174839087960774
2315071760320444279,3220231712819306119,8573800373938698102,0,1,dygkt,0.6916803895285722
2315071760320444279,338807275221326836,300471914551172981,1,1,dygkt,0.7104540231562652
2315071760320444279,8525319303741530302,8573800373938698102,1,1,dygkt,0.692177888896398
2315071760320444279,6587421150596252277,300471914551172981,1,1,dygkt,0.7184684516294454
2315071760320444279,5891620578387310353,300471914551172981,1,1,dygkt,0.7086101712472729
2315071760320444279,5791250638486922978,300471914551172981,1,1,dygkt,0.7210967093751325
2315071760320444279,4031585874086886353,8573800373938698102,1,1,dygkt,0.7008520404487877
2315071760320444279,2083452711903133430,8573800373938698102,1,1,dygkt,0.7137353617155724
2315071760320444279,6319743179241711738,8573800373938698102,1,1,dygkt,0.701951847374613
2315071760320444279,8628686323660025649,300471914551172981,1,1,dygkt,0.7205879267938833
2315071760320444279,4378721629787482518,300471914551172981,1,1,dygkt,0.724137442742341
2315071760320444279,4813462692425748605,300471914551172981,1,1,dygkt,0.7034432765089663
2315071760320444279,4644364625800006675,300471914551172981,1,1,dygkt,0.7142003069127997
2315071760320444279,1062464292871659639,8573800373938698102,1,1,dygkt,0.7023585923407423
2315071760320444279,5932668873100475470,300471914551172981,1,1,dygkt,0.7268487641540647
2315071760320444279,5237822943399727048,8573800373938698102,1,1,dygkt,0.7044684983744905
2333712986867476897,300471914551172981,300471914551172981,1,1,dygkt,0.7028749415317669
2333712986867476897,8573800373938698102,8573800373938698102,0,1,dygkt,0.6676368640578058
2333712986867476897,2014268979504181100,300471914551172981,1,1,dygkt,0.6942338559132072
2333712986867476897,2172169907340938753,300471914551172981,0,1,dygkt,0.6948940194208222
2333712986867476897,8150806168444344502,300471914551172981,1,1,dygkt,0.7079672133459274
2333712986867476897,816286915455981984,8573800373938698102,0,1,dygkt,0.6978668827589709
2333712986867476897,1962751598315765836,300471914551172981,1,1,dygkt,0.7106940153884643
2333712986867476897,7444476343858270082,300471914551172981,1,1,dygkt,0.7130078462864773
2333712986867476897,2537821716777940730,300471914551172981,1,1,dygkt,0.7134851871859096
2333712986867476897,1061301253559417093,300471914551172981,1,1,dygkt,0.7024686032740151
2333712986867476897,8553379303363759508,300471914551172981,1,1,dygkt,0.6979778399738154
2333712986867476897,6440511557387709110,300471914551172981,1,1,dygkt,0.7123706532113054
2333712986867476897,7744513373483970787,8573800373938698102,1,1,dygkt,0.6707797992590749
2333712986867476897,2971078979906996375,300471914551172981,1,1,dygkt,0.7067594239796433
2333712986867476897,5841359775533910823,300471914551172981,1,1,dygkt,0.6900066165340146
2333712986867476897,8621262567927479011,300471914551172981,1,1,dygkt,0.7118124178994717
2333712986867476897,8434961942249729798,8573800373938698102,1,1,dygkt,0.6898108069615436
2333712986867476897,2322042198017538996,8573800373938698102,0,1,dygkt,0.6910163644453529
2333712986867476897,1742185772413642127,300471914551172981,1,1,dygkt,0.7153105844799644
2333712986867476897,2334639155148655290,8573800373938698102,1,1,dygkt,0.6946586795692022
2333712986867476897,7660717256841499384,300471914551172981,1,1,dygkt,0.7234764702781967
2333712986867476897,4113615466659810841,300471914551172981,1,1,dygkt,0.7147954214398247
2333712986867476897,6125574002232610732,300471914551172981,0,1,dygkt,0.6948527826289086
2333712986867476897,2774368076249802464,8573800373938698102,0,1,dygkt,0.6874337423143132
2333712986867476897,8903365289186067945,8573800373938698102,1,1,dygkt,0.689102898769302
2333712986867476897,6925932688889117475,300471914551172981,1,1,dygkt,0.725688807993312
2333712986867476897,8194071366621068887,8573800373938698102,1,1,dygkt,0.6763390293874736
2333712986867476897,2986660907093963186,300471914551172981,1,1,dygkt,0.7289289524661072
2333712986867476897,7591109345808921544,300471914551172981,1,1,dygkt,0.7149936273661694
2333712986867476897,625545550176685521,8573800373938698102,1,1,dygkt,0.6956890288147367
2333712986867476897,1761868641361943332,8573800373938698102,1,1,dygkt,0.7001583774438962
2333712986867476897,4824259625677886603,300471914551172981,1,1,dygkt,0.7127689977334412
2333712986867476897,8450591260754163598,8573800373938698102,1,1,dygkt,0.6876426540668787
2333712986867476897,1553079256999111676,300471914551172981,1,1,dygkt,0.7174839087960774
2333712986867476897,3220231712819306119,8573800373938698102,1,1,dygkt,0.6916803895285722
2333712986867476897,338807275221326836,300471914551172981,1,1,dygkt,0.7104540231562652
2333712986867476897,8525319303741530302,8573800373938698102,1,1,dygkt,0.692177888896398
2333712986867476897,6587421150596252277,300471914551172981,1,1,dygkt,0.7184684516294454
2333712986867476897,5891620578387310353,300471914551172981,1,1,dygkt,0.7086101712472729
2333712986867476897,5791250638486922978,300471914551172981,1,1,dygkt,0.7210967093751325
2333712986867476897,4031585874086886353,8573800373938698102,1,1,dygkt,0.7008520404487877
2333712986867476897,2083452711903133430,8573800373938698102,1,1,dygkt,0.7137353617155724
2333712986867476897,6319743179241711738,8573800373938698102,1,1,dygkt,0.701951847374613
2333712986867476897,8628686323660025649,300471914551172981,1,1,dygkt,0.7205879267938833
2333712986867476897,4378721629787482518,300471914551172981,1,1,dygkt,0.724137442742341
2333712986867476897,4813462692425748605,300471914551172981,1,1,dygkt,0.7034432765089663
2333712986867476897,4644364625800006675,300471914551172981,1,1,dygkt,0.7142003069127997
2333712986867476897,1062464292871659639,8573800373938698102,1,1,dygkt,0.7023585923407423
2333712986867476897,5932668873100475470,300471914551172981,1,1,dygkt,0.7268487641540647
2333712986867476897,5237822943399727048,8573800373938698102,0,1,dygkt,0.7044684983744905
2345271181557191207,300471914551172981,300471914551172981,1,1,dygkt,0.7028749415317669
2345271181557191207,8573800373938698102,8573800373938698102,0,1,dygkt,0.6676368640578058
2345271181557191207,2014268979504181100,300471914551172981,1,1,dygkt,0.6942338559132072
2345271181557191207,2172169907340938753,300471914551172981,0,1,dygkt,0.6948940194208222
2345271181557191207,8150806168444344502,300471914551172981,1,1,dygkt,0.7079672133459274
2345271181557191207,816286915455981984,8573800373938698102,1,1,dygkt,0.6978668827589709
2345271181557191207,1962751598315765836,300471914551172981,1,1,dygkt,0.7106940153884643
2345271181557191207,7444476343858270082,300471914551172981,1,1,dygkt,0.7130078462864773
2345271181557191207,2537821716777940730,300471914551172981,1,1,dygkt,0.7134851871859096
2345271181557191207,1061301253559417093,300471914551172981,1,1,dygkt,0.7024686032740151
2345271181557191207,8553379303363759508,300471914551172981,1,1,dygkt,0.6979778399738154
2345271181557191207,6440511557387709110,300471914551172981,1,1,dygkt,0.7123706532113054
2345271181557191207,7744513373483970787,8573800373938698102,0,1,dygkt,0.6707797992590749
2345271181557191207,2971078979906996375,300471914551172981,1,1,dygkt,0.7067594239796433
2345271181557191207,5841359775533910823,300471914551172981,1,1,dygkt,0.6900066165340146
2345271181557191207,8621262567927479011,300471914551172981,1,1,dygkt,0.7118124178994717
2345271181557191207,8434961942249729798,8573800373938698102,1,1,dygkt,0.6898108069615436
2345271181557191207,2322042198017538996,8573800373938698102,0,1,dygkt,0.6910163644453529
2345271181557191207,1742185772413642127,300471914551172981,1,1,dygkt,0.7153105844799644
2345271181557191207,2334639155148655290,8573800373938698102,1,1,dygkt,0.6946586795692022
2345271181557191207,7660717256841499384,300471914551172981,1,1,dygkt,0.7234764702781967
2345271181557191207,4113615466659810841,300471914551172981,1,1,dygkt,0.7147954214398247
2345271181557191207,6125574002232610732,300471914551172981,1,1,dygkt,0.6948527826289086
2345271181557191207,2774368076249802464,8573800373938698102,1,1,dygkt,0.6874337423143132
2345271181557191207,8903365289186067945,8573800373938698102,0,1,dygkt,0.689102898769302
2345271181557191207,6925932688889117475,300471914551172981,1,1,dygkt,0.725688807993312
2345271181557191207,8194071366621068887,8573800373938698102,0,1,dygkt,0.6763390293874736
2345271181557191207,2986660907093963186,300471914551172981,1,1,dygkt,0.7289289524661072
2345271181557191207,7591109345808921544,300471914551172981,1,1,dygkt,0.7149936273661694
2345271181557191207,625545550176685521,8573800373938698102,1,1,dygkt,0.6956890288147367
2345271181557191207,1761868641361943332,8573800373938698102,1,1,dygkt,0.7001583774438962
2345271181557191207,4824259625677886603,300471914551172981,1,1,dygkt,0.7127689977334412
2345271181557191207,8450591260754163598,8573800373938698102,1,1,dygkt,0.6876426540668787
2345271181557191207,1553079256999111676,300471914551172981,1,1,dygkt,0.7174839087960774
2345271181557191207,3220231712819306119,8573800373938698102,0,1,dygkt,0.6916803895285722
2345271181557191207,338807275221326836,300471914551172981,1,1,dygkt,0.7104540231562652
2345271181557191207,8525319303741530302,8573800373938698102,0,1,dygkt,0.692177888896398
2345271181557191207,6587421150596252277,300471914551172981,1,1,dygkt,0.7184684516294454
2345271181557191207,5891620578387310353,300471914551172981,1,1,dygkt,0.7086101712472729
2345271181557191207,5791250638486922978,300471914551172981,1,1,dygkt,0.7210967093751325
2345271181557191207,4031585874086886353,8573800373938698102,1,1,dygkt,0.7008520404487877
2345271181557191207,2083452711903133430,8573800373938698102,1,1,dygkt,0.7137353617155724
2345271181557191207,6319743179241711738,8573800373938698102,0,1,dygkt,0.701951847374613
2345271181557191207,8628686323660025649,300471914551172981,1,1,dygkt,0.7205879267938833
2345271181557191207,4378721629787482518,300471914551172981,1,1,dygkt,0.724137442742341
2345271181557191207,4813462692425748605,300471914551172981,1,1,dygkt,0.7034432765089663
2345271181557191207,4644364625800006675,300471914551172981,1,1,dygkt,0.7142003069127997
2345271181557191207,1062464292871659639,8573800373938698102,1,1,dygkt,0.7023585923407423
2345271181557191207,5932668873100475470,300471914551172981,1,1,dygkt,0.7268487641540647
2345271181557191207,5237822943399727048,8573800373938698102,1,1,dygkt,0.7044684983744905
2378784820448656684,300471914551172981,300471914551172981,1,1,dygkt,0.7028749415317669
2378784820448656684,8573800373938698102,8573800373938698102,1,1,dygkt,0.6676368640578058
2378784820448656684,2014268979504181100,300471914551172981,1,1,dygkt,0.6942338559132072
2378784820448656684,2172169907340938753,300471914551172981,1,1,dygkt,0.6948940194208222
2378784820448656684,8150806168444344502,300471914551172981,1,1,dygkt,0.7079672133459274
2378784820448656684,816286915455981984,8573800373938698102,1,1,dygkt,0.6978668827589709
2378784820448656684,1962751598315765836,300471914551172981,1,1,dygkt,0.7106940153884643
2378784820448656684,7444476343858270082,300471914551172981,1,1,dygkt,0.7130078462864773
2378784820448656684,2537821716777940730,300471914551172981,1,1,dygkt,0.7134851871859096
2378784820448656684,1061301253559417093,300471914551172981,1,1,dygkt,0.7024686032740151
2378784820448656684,8553379303363759508,300471914551172981,1,1,dygkt,0.6979778399738154
2378784820448656684,6440511557387709110,300471914551172981,1,1,dygkt,0.7123706532113054
2378784820448656684,7744513373483970787,8573800373938698102,1,1,dygkt,0.6707797992590749
2378784820448656684,2971078979906996375,300471914551172981,1,1,dygkt,0.7067594239796433
2378784820448656684,5841359775533910823,300471914551172981,1,1,dygkt,0.6900066165340146
2378784820448656684,8621262567927479011,300471914551172981,1,1,dygkt,0.7118124178994717
2378784820448656684,8434961942249729798,8573800373938698102,1,1,dygkt,0.6898108069615436
2378784820448656684,2322042198017538996,8573800373938698102,1,1,dygkt,0.6910163644453529
2378784820448656684,1742185772413642127,300471914551172981,1,1,dygkt,0.7153105844799644
2378784820448656684,2334639155148655290,8573800373938698102,1,1,dygkt,0.6946586795692022
2378784820448656684,7660717256841499384,300471914551172981,1,1,dygkt,0.7234764702781967
2378784820448656684,4113615466659810841,300471914551172981,1,1,dygkt,0.7147954214398247
2378784820448656684,6125574002232610732,300471914551172981,1,1,dygkt,0.6948527826289086
2378784820448656684,2774368076249802464,8573800373938698102,1,1,dygkt,0.6874337423143132
2378784820448656684,8903365289186067945,8573800373938698102,1,1,dygkt,0.689102898769302
2378784820448656684,6925932688889117475,300471914551172981,1,1,dygkt,0.725688807993312
2378784820448656684,8194071366621068887,8573800373938698102,1,1,dygkt,0.6763390293874736
2378784820448656684,2986660907093963186,300471914551172981,1,1,dygkt,0.7289289524661072
2378784820448656684,7591109345808921544,300471914551172981,1,1,dygkt,0.7149936273661694
2378784820448656684,625545550176685521,8573800373938698102,1,1,dygkt,0.6956890288147367
2378784820448656684,1761868641361943332,8573800373938698102,1,1,dygkt,0.7001583774438962
2378784820448656684,4824259625677886603,300471914551172981,1,1,dygkt,0.7127689977334412
2378784820448656684,8450591260754163598,8573800373938698102,1,1,dygkt,0.6876426540668787
2378784820448656684,1553079256999111676,300471914551172981,1,1,dygkt,0.7174839087960774
2378784820448656684,3220231712819306119,8573800373938698102,1,1,dygkt,0.6916803895285722
2378784820448656684,338807275221326836,300471914551172981,1,1,dygkt,0.7104540231562652
2378784820448656684,8525319303741530302,8573800373938698102,1,1,dygkt,0.692177888896398
2378784820448656684,6587421150596252277,300471914551172981,1,1,dygkt,0.7184684516294454
2378784820448656684,5891620578387310353,300471914551172981,1,1,dygkt,0.7086101712472729
2378784820448656684,5791250638486922978,300471914551172981,1,1,dygkt,0.7210967093751325
2378784820448656684,4031585874086886353,8573800373938698102,1,1,dygkt,0.7008520404487877
2378784820448656684,2083452711903133430,8573800373938698102,1,1,dygkt,0.7137353617155724
2378784820448656684,6319743179241711738,8573800373938698102,1,1,dygkt,0.701951847374613
2378784820448656684,8628686323660025649,300471914551172981,1,1,dygkt,0.7205879267938833
2378784820448656684,4378721629787482518,300471914551172981,1,1,dygkt,0.724137442742341
2378784820448656684,4813462692425748605,300471914551172981,1,1,dygkt,0.7034432765089663
2378784820448656684,4644364625800006675,300471914551172981,1,1,dygkt,0.7142003069127997
2378784820448656684,1062464292871659639,8573800373938698102,1,1,dygkt,0.7023585923407423
2378784820448656684,5932668873100475470,300471914551172981,1,1,dygkt,0.7268487641540647
2378784820448656684,5237822943399727048,8573800373938698102,1,1,dygkt,0.7044684983744905
2395692954183291712,300471914551172981,300471914551172981,0,1,dygkt,0.7028749415317669
2395692954183291712,8573800373938698102,8573800373938698102,0,1,dygkt,0.6676368640578058
2395692954183291712,2014268979504181100,300471914551172981,0,1,dygkt,0.6942338559132072
2395692954183291712,2172169907340938753,300471914551172981,0,1,dygkt,0.6948940194208222
2395692954183291712,8150806168444344502,300471914551172981,1,1,dygkt,0.7079672133459274
2395692954183291712,816286915455981984,8573800373938698102,1,1,dygkt,0.6978668827589709
2395692954183291712,1962751598315765836,300471914551172981,1,1,dygkt,0.7106940153884643
2395692954183291712,7444476343858270082,300471914551172981,0,1,dygkt,0.7130078462864773
2395692954183291712,2537821716777940730,300471914551172981,0,1,dygkt,0.7134851871859096
2395692954183291712,1061301253559417093,300471914551172981,0,1,dygkt,0.7024686032740151
2395692954183291712,8553379303363759508,300471914551172981,0,1,dygkt,0.6979778399738154
2395692954183291712,6440511557387709110,300471914551172981,0,1,dygkt,0.7123706532113054
2395692954183291712,7744513373483970787,8573800373938698102,1,1,dygkt,0.6707797992590749
2395692954183291712,2971078979906996375,300471914551172981,1,1,dygkt,0.7067594239796433
2395692954183291712,5841359775533910823,300471914551172981,0,1,dygkt,0.6900066165340146
2395692954183291712,8621262567927479011,300471914551172981,1,1,dygkt,0.7118124178994717
2395692954183291712,8434961942249729798,8573800373938698102,1,1,dygkt,0.6898108069615436
2395692954183291712,2322042198017538996,8573800373938698102,1,1,dygkt,0.6910163644453529
2395692954183291712,1742185772413642127,300471914551172981,0,1,dygkt,0.7153105844799644
2395692954183291712,2334639155148655290,8573800373938698102,1,1,dygkt,0.6946586795692022
2395692954183291712,7660717256841499384,300471914551172981,1,1,dygkt,0.7234764702781967
2395692954183291712,4113615466659810841,300471914551172981,0,1,dygkt,0.7147954214398247
2395692954183291712,6125574002232610732,300471914551172981,0,1,dygkt,0.6948527826289086
2395692954183291712,2774368076249802464,8573800373938698102,1,1,dygkt,0.6874337423143132
2395692954183291712,8903365289186067945,8573800373938698102,1,1,dygkt,0.689102898769302
2395692954183291712,6925932688889117475,300471914551172981,0,1,dygkt,0.725688807993312
2395692954183291712,8194071366621068887,8573800373938698102,1,1,dygkt,0.6763390293874736
2395692954183291712,2986660907093963186,300471914551172981,1,1,dygkt,0.7289289524661072
2395692954183291712,7591109345808921544,300471914551172981,0,1,dygkt,0.7149936273661694
2395692954183291712,625545550176685521,8573800373938698102,1,1,dygkt,0.6956890288147367
2395692954183291712,1761868641361943332,8573800373938698102,1,1,dygkt,0.7001583774438962
2395692954183291712,4824259625677886603,300471914551172981,0,1,dygkt,0.7127689977334412
2395692954183291712,8450591260754163598,8573800373938698102,1,1,dygkt,0.6876426540668787
2395692954183291712,1553079256999111676,300471914551172981,0,1,dygkt,0.7174839087960774
2395692954183291712,3220231712819306119,8573800373938698102,1,1,dygkt,0.6916803895285722
2395692954183291712,338807275221326836,300471914551172981,1,1,dygkt,0.7104540231562652
2395692954183291712,8525319303741530302,8573800373938698102,1,1,dygkt,0.692177888896398
2395692954183291712,6587421150596252277,300471914551172981,0,1,dygkt,0.7184684516294454
2395692954183291712,5891620578387310353,300471914551172981,0,1,dygkt,0.7086101712472729
2395692954183291712,5791250638486922978,300471914551172981,0,1,dygkt,0.7210967093751325
2395692954183291712,4031585874086886353,8573800373938698102,1,1,dygkt,0.7008520404487877
2395692954183291712,2083452711903133430,8573800373938698102,1,1,dygkt,0.7137353617155724
2395692954183291712,6319743179241711738,8573800373938698102,1,1,dygkt,0.701951847374613
2395692954183291712,8628686323660025649,300471914551172981,0,1,dygkt,0.7205879267938833
2395692954183291712,4378721629787482518,300471914551172981,0,1,dygkt,0.724137442742341
2395692954183291712,4813462692425748605,300471914551172981,1,1,dygkt,0.7034432765089663
2395692954183291712,4644364625800006675,300471914551172981,0,1,dygkt,0.7142003069127997
2395692954183291712,1062464292871659639,8573800373938698102,1,1,dygkt,0.7023585923407423
2395692954183291712,5932668873100475470,300471914551172981,1,1,dygkt,0.7268487641540647
2395692954183291712,5237822943399727048,8573800373938698102,1,1,dygkt,0.7044684983744905
2402076814771229691,300471914551172981,300471914551172981,1,1,dygkt,0.7028749415317669
2402076814771229691,8573800373938698102,8573800373938698102,1,1,dygkt,0.6676368640578058
2402076814771229691,2014268979504181100,300471914551172981,1,1,dygkt,0.6942338559132072
2402076814771229691,2172169907340938753,300471914551172981,1,1,dygkt,0.6948940194208222
2402076814771229691,8150806168444344502,300471914551172981,1,1,dygkt,0.7079672133459274
2402076814771229691,816286915455981984,8573800373938698102,1,1,dygkt,0.6978668827589709
2402076814771229691,1962751598315765836,300471914551172981,1,1,dygkt,0.7106940153884643
2402076814771229691,7444476343858270082,300471914551172981,1,1,dygkt,0.7130078462864773
2402076814771229691,2537821716777940730,300471914551172981,1,1,dygkt,0.7134851871859096
2402076814771229691,1061301253559417093,300471914551172981,1,1,dygkt,0.7024686032740151
2402076814771229691,8553379303363759508,300471914551172981,1,1,dygkt,0.6979778399738154
2402076814771229691,6440511557387709110,300471914551172981,1,1,dygkt,0.7123706532113054
2402076814771229691,7744513373483970787,8573800373938698102,1,1,dygkt,0.6707797992590749
2402076814771229691,2971078979906996375,300471914551172981,1,1,dygkt,0.7067594239796433
2402076814771229691,5841359775533910823,300471914551172981,1,1,dygkt,0.6900066165340146
2402076814771229691,8621262567927479011,300471914551172981,1,1,dygkt,0.7118124178994717
2402076814771229691,8434961942249729798,8573800373938698102,1,1,dygkt,0.6898108069615436
2402076814771229691,2322042198017538996,8573800373938698102,1,1,dygkt,0.6910163644453529
2402076814771229691,1742185772413642127,300471914551172981,1,1,dygkt,0.7153105844799644
2402076814771229691,2334639155148655290,8573800373938698102,1,1,dygkt,0.6946586795692022
2402076814771229691,7660717256841499384,300471914551172981,1,1,dygkt,0.7234764702781967
2402076814771229691,4113615466659810841,300471914551172981,1,1,dygkt,0.7147954214398247
2402076814771229691,6125574002232610732,300471914551172981,1,1,dygkt,0.6948527826289086
2402076814771229691,2774368076249802464,8573800373938698102,1,1,dygkt,0.6874337423143132
2402076814771229691,8903365289186067945,8573800373938698102,1,1,dygkt,0.689102898769302
2402076814771229691,6925932688889117475,300471914551172981,1,1,dygkt,0.725688807993312
2402076814771229691,8194071366621068887,8573800373938698102,1,1,dygkt,0.6763390293874736
2402076814771229691,2986660907093963186,300471914551172981,1,1,dygkt,0.7289289524661072
2402076814771229691,7591109345808921544,300471914551172981,1,1,dygkt,0.7149936273661694
2402076814771229691,625545550176685521,8573800373938698102,1,1,dygkt,0.6956890288147367
2402076814771229691,1761868641361943332,8573800373938698102,1,1,dygkt,0.7001583774438962
2402076814771229691,4824259625677886603,300471914551172981,1,1,dygkt,0.7127689977334412
2402076814771229691,8450591260754163598,8573800373938698102,1,1,dygkt,0.6876426540668787
2402076814771229691,1553079256999111676,300471914551172981,1,1,dygkt,0.7174839087960774
2402076814771229691,3220231712819306119,8573800373938698102,1,1,dygkt,0.6916803895285722
2402076814771229691,338807275221326836,300471914551172981,1,1,dygkt,0.7104540231562652
2402076814771229691,8525319303741530302,8573800373938698102,1,1,dygkt,0.692177888896398
2402076814771229691,6587421150596252277,300471914551172981,1,1,dygkt,0.7184684516294454
2402076814771229691,5891620578387310353,300471914551172981,1,1,dygkt,0.7086101712472729
2402076814771229691,5791250638486922978,300471914551172981,1,1,dygkt,0.7210967093751325
2402076814771229691,4031585874086886353,8573800373938698102,1,1,dygkt,0.7008520404487877
2402076814771229691,2083452711903133430,8573800373938698102,1,1,dygkt,0.7137353617155724
2402076814771229691,6319743179241711738,8573800373938698102,1,1,dygkt,0.701951847374613
2402076814771229691,8628686323660025649,300471914551172981,1,1,dygkt,0.7205879267938833
2402076814771229691,4378721629787482518,300471914551172981,1,1,dygkt,0.724137442742341
2402076814771229691,4813462692425748605,300471914551172981,1,1,dygkt,0.7034432765089663
2402076814771229691,4644364625800006675,300471914551172981,1,1,dygkt,0.7142003069127997
2402076814771229691,1062464292871659639,8573800373938698102,1,1,dygkt,0.7023585923407423
2402076814771229691,5932668873100475470,300471914551172981,1,1,dygkt,0.7268487641540647
2402076814771229691,5237822943399727048,8573800373938698102,1,1,dygkt,0.7044684983744905
