user_id,y_true,y_prob,fold,model
6738131373471165,0.0,0.7485686,5,simplekt
6738131373471165,0.0,0.001216494,5,simplekt
6738131373471165,1.0,0.890938,5,simplekt
6738131373471165,1.0,0.99999046,5,simplekt
6738131373471165,1.0,0.89640754,5,simplekt
6738131373471165,1.0,0.9999988,5,simplekt
6738131373471165,1.0,0.7613639,5,simplekt
6738131373471165,0.0,0.7429286,5,simplekt
6738131373471165,0.0,0.0006468281,5,simplekt
6738131373471165,0.0,0.68823254,5,simplekt
6738131373471165,0.0,1.5439431e-05,5,simplekt
6738131373471165,0.0,0.33221814,5,simplekt
6738131373471165,0.0,5.3244294e-05,5,simplekt
6738131373471165,1.0,0.59567136,5,simplekt
6738131373471165,1.0,0.9999815,5,simplekt
6738131373471165,1.0,0.68109506,5,simplekt
6738131373471165,0.0,0.64445055,5,simplekt
6738131373471165,1.0,0.97686553,5,simplekt
6738131373471165,1.0,0.6851564,5,simplekt
6738131373471165,1.0,0.60905623,5,simplekt
6738131373471165,1.0,0.6439204,5,simplekt
6738131373471165,1.0,0.8300431,5,simplekt
6738131373471165,1.0,0.58463544,5,simplekt
6738131373471165,1.0,0.9659588,5,simplekt
6738131373471165,1.0,0.98768413,5,simplekt
6738131373471165,1.0,0.9895216,5,simplekt
6738131373471165,1.0,0.9225467,5,simplekt
6738131373471165,0.0,0.8173067,5,simplekt
6738131373471165,0.0,0.9201945,5,simplekt
6738131373471165,0.0,0.8005301,5,simplekt
6738131373471165,0.0,0.4296648,5,simplekt
6738131373471165,1.0,0.53722376,5,simplekt
6738131373471165,1.0,0.5673891,5,simplekt
6738131373471165,0.0,0.48640317,5,simplekt
6738131373471165,0.0,0.30492115,5,simplekt
6738131373471165,0.0,0.5395029,5,simplekt
6738131373471165,1.0,0.80102473,5,simplekt
6738131373471165,1.0,0.88680726,5,simplekt
6738131373471165,1.0,0.20854227,5,simplekt
6738131373471165,1.0,0.8503028,5,simplekt
6738131373471165,0.0,0.88421905,5,simplekt
6738131373471165,1.0,0.48534793,5,simplekt
6738131373471165,1.0,0.75680184,5,simplekt
6738131373471165,1.0,0.8816122,5,simplekt
6738131373471165,1.0,0.5973175,5,simplekt
6738131373471165,1.0,0.5996202,5,simplekt
6738131373471165,1.0,0.91324437,5,simplekt
6738131373471165,1.0,0.95348006,5,simplekt
6738131373471165,1.0,0.97400045,5,simplekt
6738131373471165,1.0,0.9999728,5,simplekt
6738131373471165,1.0,0.9623005,5,simplekt
6738131373471165,1.0,0.9998839,5,simplekt
6738131373471165,1.0,0.96877486,5,simplekt
6738131373471165,1.0,0.9999871,5,simplekt
6738131373471165,1.0,0.98238856,5,simplekt
6738131373471165,1.0,0.9999782,5,simplekt
6738131373471165,0.0,0.8190415,5,simplekt
6738131373471165,0.0,8.4946936e-05,5,simplekt
6738131373471165,1.0,0.7002701,5,simplekt
6738131373471165,1.0,0.99994755,5,simplekt
6738131373471165,1.0,0.89992994,5,simplekt
6738131373471165,1.0,0.968037,5,simplekt
6738131373471165,1.0,0.94244343,5,simplekt
6738131373471165,1.0,0.99997306,5,simplekt
6738131373471165,1.0,0.9442838,5,simplekt
6738131373471165,1.0,0.9520653,5,simplekt
6738131373471165,1.0,0.9121527,5,simplekt
6738131373471165,1.0,0.9500187,5,simplekt
6738131373471165,1.0,0.7639438,5,simplekt
6738131373471165,1.0,0.81947947,5,simplekt
6738131373471165,1.0,0.834853,5,simplekt
6738131373471165,1.0,0.9999845,5,simplekt
6738131373471165,0.0,0.8134899,5,simplekt
6738131373471165,0.0,1.3107043e-05,5,simplekt
6738131373471165,0.0,1.1300347e-06,5,simplekt
6738131373471165,1.0,0.92195433,5,simplekt
6738131373471165,1.0,0.9386893,5,simplekt
6738131373471165,1.0,0.9999925,5,simplekt
6738131373471165,1.0,0.9623304,5,simplekt
6738131373471165,0.0,0.79005855,5,simplekt
6738131373471165,1.0,0.83082885,5,simplekt
6738131373471165,1.0,0.95458513,5,simplekt
6738131373471165,1.0,0.9384379,5,simplekt
6738131373471165,1.0,0.9997906,5,simplekt
6738131373471165,1.0,0.87905645,5,simplekt
6738131373471165,0.0,0.9467429,5,simplekt
6738131373471165,0.0,0.00041699983,5,simplekt
6738131373471165,0.0,1.5184002e-05,5,simplekt
6738131373471165,0.0,0.5290157,5,simplekt
6738131373471165,0.0,6.420822e-07,5,simplekt
6738131373471165,1.0,0.9779237,5,simplekt
6738131373471165,1.0,0.99999213,5,simplekt
6738131373471165,1.0,0.9392436,5,simplekt
6738131373471165,1.0,0.9999621,5,simplekt
6738131373471165,0.0,0.6143003,5,simplekt
6738131373471165,1.0,0.6667233,5,simplekt
6738131373471165,0.0,0.5216204,5,simplekt
6738131373471165,1.0,0.3649866,5,simplekt
6738131373471165,1.0,0.54566115,5,simplekt
6738131373471165,1.0,0.83712184,5,simplekt
6738131373471165,1.0,0.77629685,5,simplekt
6738131373471165,1.0,0.7608995,5,simplekt
6738131373471165,0.0,0.8265728,5,simplekt
6738131373471165,1.0,0.7690982,5,simplekt
6738131373471165,1.0,0.86885166,5,simplekt
6738131373471165,1.0,0.54122084,5,simplekt
6738131373471165,1.0,0.9321415,5,simplekt
6738131373471165,1.0,0.75085616,5,simplekt
6738131373471165,1.0,0.8699394,5,simplekt
6738131373471165,1.0,0.9795282,5,simplekt
6738131373471165,1.0,0.981108,5,simplekt
6738131373471165,1.0,0.8992928,5,simplekt
6738131373471165,1.0,0.82417274,5,simplekt
6738131373471165,1.0,0.7029987,5,simplekt
6738131373471165,1.0,0.99978405,5,simplekt
6738131373471165,1.0,0.65046304,5,simplekt
6738131373471165,1.0,0.999938,5,simplekt
6738131373471165,1.0,0.8661668,5,simplekt
6738131373471165,1.0,0.99995816,5,simplekt
6738131373471165,1.0,0.83926415,5,simplekt
6738131373471165,1.0,0.9999852,5,simplekt
6738131373471165,0.0,0.7031356,5,simplekt
6738131373471165,0.0,5.413128e-05,5,simplekt
6738131373471165,1.0,0.8886498,5,simplekt
6738131373471165,0.0,0.9225499,5,simplekt
6738131373471165,0.0,0.32661542,5,simplekt
6738131373471165,1.0,0.7904547,5,simplekt
6738131373471165,0.0,0.319351,5,simplekt
6738131373471165,0.0,0.48779804,5,simplekt
6738131373471165,1.0,0.7174327,5,simplekt
6738131373471165,1.0,0.74594843,5,simplekt
6738131373471165,1.0,0.7714786,5,simplekt
6738131373471165,0.0,0.628962,5,simplekt
6738131373471165,1.0,0.87251186,5,simplekt
6738131373471165,1.0,0.90284127,5,simplekt
6738131373471165,1.0,0.846746,5,simplekt
6738131373471165,0.0,0.33810952,5,simplekt
6738131373471165,1.0,0.58798003,5,simplekt
6738131373471165,0.0,0.8542394,5,simplekt
6738131373471165,1.0,0.5858972,5,simplekt
6738131373471165,0.0,0.60269725,5,simplekt
6738131373471165,1.0,0.7034604,5,simplekt
6738131373471165,1.0,0.9020373,5,simplekt
6738131373471165,0.0,0.73639214,5,simplekt
6738131373471165,1.0,0.8913375,5,simplekt
6738131373471165,1.0,0.93705904,5,simplekt
6738131373471165,1.0,0.64779234,5,simplekt
6738131373471165,0.0,0.58335084,5,simplekt
6738131373471165,0.0,8.1259583e-07,5,simplekt
6738131373471165,1.0,0.90622103,5,simplekt
6738131373471165,1.0,0.99998415,5,simplekt
6738131373471165,0.0,0.6295775,5,simplekt
6738131373471165,0.0,0.048011154,5,simplekt
6738131373471165,0.0,0.3827066,5,simplekt
6738131373471165,0.0,0.00024797133,5,simplekt
6738131373471165,0.0,0.008350126,5,simplekt
6738131373471165,0.0,0.0009002811,5,simplekt
6738131373471165,1.0,0.5326077,5,simplekt
6738131373471165,1.0,0.41351318,5,simplekt
6738131373471165,1.0,0.822155,5,simplekt
6738131373471165,1.0,0.9235348,5,simplekt
6738131373471165,1.0,0.8039583,5,simplekt
6738131373471165,1.0,0.9848732,5,simplekt
6738131373471165,1.0,0.8237417,5,simplekt
6738131373471165,1.0,0.4386972,5,simplekt
6738131373471165,1.0,0.91053134,5,simplekt
6738131373471165,1.0,0.8488849,5,simplekt
6738131373471165,1.0,0.9687765,5,simplekt
6738131373471165,1.0,0.81933457,5,simplekt
6738131373471165,1.0,0.8349166,5,simplekt
6738131373471165,1.0,0.99994206,5,simplekt
6738131373471165,1.0,0.90930223,5,simplekt
6738131373471165,1.0,0.911832,5,simplekt
6738131373471165,1.0,0.98269457,5,simplekt
6738131373471165,1.0,0.99979264,5,simplekt
6738131373471165,0.0,0.7091797,5,simplekt
6738131373471165,1.0,0.7018761,5,simplekt
6738131373471165,1.0,0.9997712,5,simplekt
6738131373471165,0.0,0.7102764,5,simplekt
6738131373471165,1.0,0.73710436,5,simplekt
6738131373471165,1.0,0.6035359,5,simplekt
6738131373471165,1.0,0.6690744,5,simplekt
6738131373471165,1.0,0.74111164,5,simplekt
6738131373471165,1.0,0.7928077,5,simplekt
6738131373471165,1.0,0.87498236,5,simplekt
6738131373471165,1.0,0.7841722,5,simplekt
6738131373471165,1.0,0.99991286,5,simplekt
6738131373471165,1.0,0.84066343,5,simplekt
6738131373471165,1.0,0.82107234,5,simplekt
6738131373471165,1.0,0.7358313,5,simplekt
6738131373471165,0.0,0.92365104,5,simplekt
6738131373471165,0.0,0.0004615434,5,simplekt
6738131373471165,1.0,0.7469069,5,simplekt
6738131373471165,1.0,0.90853196,5,simplekt
6738131373471165,0.0,0.8358199,5,simplekt
6738131373471165,0.0,0.00011214819,5,simplekt
6738131373471165,1.0,0.79865885,5,simplekt
6738131373471165,1.0,0.8806722,5,simplekt
6738131373471165,0.0,0.0010096254,5,simplekt
6951595394086971,1.0,0.8696323,5,simplekt
6951595394086971,0.0,0.8252682,5,simplekt
6951595394086971,1.0,0.75492287,5,simplekt
6951595394086971,0.0,0.57150215,5,simplekt
6951595394086971,1.0,0.8873937,5,simplekt
6951595394086971,1.0,0.9999858,5,simplekt
6951595394086971,1.0,0.95910436,5,simplekt
6951595394086971,1.0,0.95743203,5,simplekt
6951595394086971,1.0,0.8409458,5,simplekt
6951595394086971,1.0,0.8707434,5,simplekt
6951595394086971,1.0,0.96893746,5,simplekt
6951595394086971,1.0,0.92972887,5,simplekt
6951595394086971,1.0,0.95567477,5,simplekt
6951595394086971,1.0,0.94945073,5,simplekt
6951595394086971,0.0,0.8041893,5,simplekt
6951595394086971,1.0,0.98152876,5,simplekt
6951595394086971,1.0,0.99999166,5,simplekt
6951595394086971,1.0,0.9437875,5,simplekt
6951595394086971,0.0,0.8679145,5,simplekt
6951595394086971,0.0,0.6603821,5,simplekt
6951595394086971,1.0,0.75046974,5,simplekt
6951595394086971,1.0,0.8334716,5,simplekt
6951595394086971,1.0,0.79512084,5,simplekt
6951595394086971,1.0,0.74691015,5,simplekt
6951595394086971,1.0,0.91821265,5,simplekt
6951595394086971,1.0,0.94644606,5,simplekt
6951595394086971,1.0,0.9275677,5,simplekt
6951595394086971,1.0,0.9573239,5,simplekt
6951595394086971,1.0,0.9999778,5,simplekt
6951595394086971,1.0,0.9684175,5,simplekt
6951595394086971,1.0,0.95251876,5,simplekt
6951595394086971,1.0,0.9286775,5,simplekt
6951595394086971,1.0,0.883527,5,simplekt
6951595394086971,1.0,0.948774,5,simplekt
6951595394086971,1.0,0.9255011,5,simplekt
6951595394086971,1.0,0.99999845,5,simplekt
6951595394086971,1.0,0.93582207,5,simplekt
6951595394086971,0.0,0.63926727,5,simplekt
6951595394086971,1.0,0.55602443,5,simplekt
6951595394086971,1.0,0.9999937,5,simplekt
6951595394086971,0.0,0.70172966,5,simplekt
6951595394086971,1.0,0.8497922,5,simplekt
6951595394086971,1.0,0.9161924,5,simplekt
6951595394086971,1.0,0.9999989,5,simplekt
6951595394086971,1.0,0.78582,5,simplekt
6951595394086971,1.0,0.9255908,5,simplekt
6951595394086971,1.0,0.9403994,5,simplekt
6951595394086971,1.0,0.89204305,5,simplekt
6951595394086971,1.0,0.93491966,5,simplekt
6951595394086971,1.0,0.99999976,5,simplekt
6951595394086971,1.0,0.9633364,5,simplekt
6951595394086971,1.0,0.96659106,5,simplekt
6951595394086971,1.0,0.97529286,5,simplekt
6951595394086971,1.0,0.9791351,5,simplekt
6951595394086971,1.0,0.96792185,5,simplekt
6951595394086971,1.0,0.9566714,5,simplekt
6951595394086971,1.0,0.9870912,5,simplekt
6951595394086971,1.0,0.93759865,5,simplekt
6951595394086971,1.0,0.99999595,5,simplekt
6951595394086971,0.0,0.9122381,5,simplekt
6951595394086971,0.0,1.2292464e-06,5,simplekt
6951595394086971,1.0,0.839532,5,simplekt
6951595394086971,1.0,0.9999726,5,simplekt
6951595394086971,0.0,0.95157766,5,simplekt
6951595394086971,0.0,1.3164329e-06,5,simplekt
6951595394086971,1.0,0.84616977,5,simplekt
6951595394086971,1.0,0.9999918,5,simplekt
6951595394086971,1.0,0.97973216,5,simplekt
6951595394086971,1.0,0.99996066,5,simplekt
6951595394086971,1.0,0.95351964,5,simplekt
6951595394086971,1.0,0.9999957,5,simplekt
6951595394086971,1.0,0.8882386,5,simplekt
6951595394086971,1.0,0.94285506,5,simplekt
6951595394086971,1.0,0.9999976,5,simplekt
6951595394086971,1.0,0.99999917,5,simplekt
6951595394086971,1.0,0.9999795,5,simplekt
6951595394086971,1.0,0.97987396,5,simplekt
6951595394086971,1.0,0.9110726,5,simplekt
6951595394086971,1.0,0.9831633,5,simplekt
6951595394086971,1.0,0.9999999,5,simplekt
6951595394086971,1.0,0.9448467,5,simplekt
6951595394086971,1.0,0.9783166,5,simplekt
6951595394086971,1.0,0.9318347,5,simplekt
6951595394086971,1.0,0.4814356,5,simplekt
6951595394086971,1.0,0.9999976,5,simplekt
6951595394086971,1.0,0.9803703,5,simplekt
6951595394086971,1.0,0.97555023,5,simplekt
6951595394086971,1.0,0.8130084,5,simplekt
6951595394086971,0.0,0.84308946,5,simplekt
6951595394086971,1.0,0.8254475,5,simplekt
6951595394086971,1.0,0.9036967,5,simplekt
6951595394086971,1.0,0.9874018,5,simplekt
6951595394086971,1.0,0.9297204,5,simplekt
6951595394086971,1.0,0.9999747,5,simplekt
6951595394086971,1.0,0.9333494,5,simplekt
6951595394086971,1.0,0.9361711,5,simplekt
6951595394086971,1.0,0.9258381,5,simplekt
6951595394086971,1.0,0.9369865,5,simplekt
6951595394086971,1.0,0.9999994,5,simplekt
6951595394086971,1.0,0.9999999,5,simplekt
6951595394086971,1.0,0.9738393,5,simplekt
6951595394086971,1.0,0.9999893,5,simplekt
6951595394086971,1.0,0.9911243,5,simplekt
6951595394086971,1.0,0.9238746,5,simplekt
6951595394086971,1.0,0.99999917,5,simplekt
6951595394086971,1.0,1.0,5,simplekt
6951595394086971,1.0,0.9879089,5,simplekt
6951595394086971,1.0,0.9999964,5,simplekt
6951595394086971,1.0,0.97594404,5,simplekt
6951595394086971,0.0,0.7433001,5,simplekt
6951595394086971,1.0,0.7011987,5,simplekt
6951595394086971,1.0,0.7968646,5,simplekt
6951595394086971,1.0,0.79287094,5,simplekt
6951595394086971,1.0,0.87719667,5,simplekt
6951595394086971,1.0,0.92473316,5,simplekt
6951595394086971,0.0,0.86158013,5,simplekt
6951595394086971,0.0,1.175925e-05,5,simplekt
6951595394086971,1.0,0.97617257,5,simplekt
6951595394086971,1.0,0.9831814,5,simplekt
6951595394086971,1.0,0.99998856,5,simplekt
6951595394086971,1.0,0.97580236,5,simplekt
6951595394086971,1.0,0.927827,5,simplekt
6951595394086971,1.0,0.96022016,5,simplekt
6951595394086971,1.0,0.98196673,5,simplekt
6951595394086971,1.0,0.93933606,5,simplekt
6951595394086971,1.0,0.96413845,5,simplekt
6951595394086971,1.0,0.8512892,5,simplekt
6951595394086971,1.0,0.9627053,5,simplekt
6951595394086971,1.0,0.9970638,5,simplekt
6951595394086971,1.0,0.99999976,5,simplekt
6951595394086971,1.0,0.999998,5,simplekt
6951595394086971,1.0,0.99999774,5,simplekt
6951595394086971,1.0,0.97332245,5,simplekt
6951595394086971,1.0,0.976239,5,simplekt
6951595394086971,0.0,0.99252194,5,simplekt
6951595394086971,1.0,0.8681677,5,simplekt
6951595394086971,1.0,0.9662045,5,simplekt
6951595394086971,1.0,0.9810817,5,simplekt
6951595394086971,1.0,0.9014388,5,simplekt
6951595394086971,1.0,0.93026894,5,simplekt
6951595394086971,1.0,0.9797662,5,simplekt
6951595394086971,1.0,0.95916516,5,simplekt
6951595394086971,1.0,0.9549996,5,simplekt
6951595394086971,1.0,0.9999969,5,simplekt
6951595394086971,1.0,0.959428,5,simplekt
6951595394086971,1.0,0.99999976,5,simplekt
6951595394086971,1.0,0.9878428,5,simplekt
6951595394086971,1.0,0.9609731,5,simplekt
6951595394086971,1.0,0.99999833,5,simplekt
6951595394086971,1.0,0.9850584,5,simplekt
6951595394086971,1.0,0.9940123,5,simplekt
6951595394086971,1.0,0.9854004,5,simplekt
6951595394086971,1.0,0.9475014,5,simplekt
6951595394086971,1.0,0.9028707,5,simplekt
6951595394086971,0.0,0.9076822,5,simplekt
6951595394086971,0.0,0.7227987,5,simplekt
6951595394086971,1.0,0.8788018,5,simplekt
6951595394086971,1.0,0.83212763,5,simplekt
6951595394086971,1.0,0.9017149,5,simplekt
6951595394086971,1.0,0.9837594,5,simplekt
6951595394086971,1.0,0.99997735,5,simplekt
6951595394086971,1.0,0.87803483,5,simplekt
6951595394086971,1.0,0.9644527,5,simplekt
6951595394086971,1.0,0.9999583,5,simplekt
6951595394086971,1.0,0.94747317,5,simplekt
6951595394086971,1.0,0.9999895,5,simplekt
6951595394086971,1.0,0.9999956,5,simplekt
6951595394086971,1.0,0.948522,5,simplekt
6951595394086971,1.0,0.97212964,5,simplekt
6951595394086971,1.0,0.99994147,5,simplekt
6951595394086971,1.0,0.91972184,5,simplekt
6951595394086971,1.0,0.9897368,5,simplekt
6951595394086971,1.0,0.9778561,5,simplekt
6951595394086971,1.0,0.9999814,5,simplekt
6951595394086971,1.0,0.95169705,5,simplekt
6951595394086971,1.0,0.98500973,5,simplekt
6951595394086971,0.0,0.76925254,5,simplekt
6951595394086971,1.0,0.850111,5,simplekt
6951595394086971,0.0,0.89312816,5,simplekt
6951595394086971,0.0,0.0010248681,5,simplekt
6951595394086971,1.0,0.91396415,5,simplekt
6951595394086971,1.0,0.944207,5,simplekt
6951595394086971,1.0,0.9773048,5,simplekt
6951595394086971,1.0,0.99999094,5,simplekt
6951595394086971,1.0,0.96860313,5,simplekt
6951595394086971,1.0,0.9826638,5,simplekt
6951595394086971,1.0,0.935904,5,simplekt
6951595394086971,1.0,0.9999578,5,simplekt
6951595394086971,1.0,0.9661966,5,simplekt
6951595394086971,1.0,0.98881835,5,simplekt
6951595394086971,1.0,0.9432908,5,simplekt
6951595394086971,1.0,0.9999653,5,simplekt
6951595394086971,1.0,0.97303075,5,simplekt
6951595394086971,1.0,0.90284216,5,simplekt
6951595394086971,1.0,0.96998894,5,simplekt
6951595394086971,1.0,0.95091015,5,simplekt
6951595394086971,1.0,0.99995244,5,simplekt
6951595394086971,1.0,0.96470445,5,simplekt
6951595394086971,1.0,0.94888,5,simplekt
7266416483702173,1.0,0.8631503,5,simplekt
7266416483702173,1.0,0.9058824,5,simplekt
7266416483702173,1.0,0.95139265,5,simplekt
7266416483702173,0.0,0.9504456,5,simplekt
7266416483702173,1.0,0.7183752,5,simplekt
7266416483702173,0.0,0.9101368,5,simplekt
7266416483702173,1.0,0.89859617,5,simplekt
7266416483702173,1.0,0.6400586,5,simplekt
7266416483702173,0.0,0.60109097,5,simplekt
7266416483702173,1.0,0.3916648,5,simplekt
7266416483702173,1.0,0.8333517,5,simplekt
7266416483702173,1.0,0.6286134,5,simplekt
7266416483702173,1.0,0.83210236,5,simplekt
7266416483702173,1.0,0.9999993,5,simplekt
7266416483702173,1.0,1.0,5,simplekt
7266416483702173,1.0,0.99999917,5,simplekt
7266416483702173,1.0,0.9137523,5,simplekt
7266416483702173,1.0,0.99993575,5,simplekt
7266416483702173,1.0,0.79526985,5,simplekt
7266416483702173,1.0,0.94070035,5,simplekt
7266416483702173,1.0,0.89642394,5,simplekt
7266416483702173,1.0,0.9127197,5,simplekt
7266416483702173,1.0,0.9317544,5,simplekt
7266416483702173,1.0,0.89563453,5,simplekt
7266416483702173,1.0,0.94428366,5,simplekt
7266416483702173,1.0,0.9587285,5,simplekt
7266416483702173,1.0,0.9886091,5,simplekt
7266416483702173,0.0,0.8736732,5,simplekt
7266416483702173,0.0,0.634944,5,simplekt
7266416483702173,0.0,0.366529,5,simplekt
7266416483702173,1.0,0.76593274,5,simplekt
7266416483702173,1.0,0.75424373,5,simplekt
7266416483702173,1.0,0.5372133,5,simplekt
7266416483702173,0.0,0.83960897,5,simplekt
7266416483702173,0.0,0.6225348,5,simplekt
7266416483702173,0.0,0.48501328,5,simplekt
7266416483702173,1.0,0.7576303,5,simplekt
7266416483702173,1.0,0.7574974,5,simplekt
7266416483702173,1.0,0.8039085,5,simplekt
7266416483702173,1.0,0.9273512,5,simplekt
7266416483702173,1.0,0.8887609,5,simplekt
7266416483702173,1.0,0.9021914,5,simplekt
7266416483702173,1.0,0.916808,5,simplekt
7266416483702173,1.0,0.9580426,5,simplekt
7266416483702173,1.0,0.9241447,5,simplekt
7266416483702173,1.0,0.90966374,5,simplekt
7266416483702173,1.0,0.9463773,5,simplekt
7266416483702173,1.0,0.96344393,5,simplekt
7266416483702173,1.0,0.9999995,5,simplekt
7266416483702173,1.0,0.97238255,5,simplekt
7266416483702173,1.0,0.9257298,5,simplekt
7266416483702173,1.0,0.6974845,5,simplekt
7266416483702173,1.0,0.91381603,5,simplekt
7266416483702173,1.0,0.8016248,5,simplekt
7266416483702173,1.0,0.97843915,5,simplekt
7266416483702173,1.0,0.98069936,5,simplekt
7266416483702173,1.0,0.9721676,5,simplekt
7266416483702173,1.0,0.96631604,5,simplekt
7266416483702173,1.0,0.9392431,5,simplekt
7266416483702173,0.0,0.96620977,5,simplekt
7266416483702173,0.0,0.71512526,5,simplekt
7266416483702173,1.0,0.3945973,5,simplekt
7266416483702173,0.0,0.41664845,5,simplekt
7266416483702173,1.0,0.86035734,5,simplekt
7266416483702173,1.0,0.6291642,5,simplekt
7266416483702173,1.0,0.9088984,5,simplekt
7266416483702173,1.0,0.9261581,5,simplekt
7266416483702173,1.0,0.9658779,5,simplekt
7266416483702173,1.0,0.96649987,5,simplekt
7266416483702173,1.0,0.87160116,5,simplekt
7266416483702173,1.0,0.93176347,5,simplekt
7266416483702173,1.0,0.9448581,5,simplekt
7266416483702173,0.0,0.9659358,5,simplekt
7266416483702173,0.0,0.8720886,5,simplekt
7266416483702173,1.0,0.5018382,5,simplekt
7266416483702173,1.0,0.48549208,5,simplekt
7266416483702173,1.0,0.8902381,5,simplekt
7266416483702173,1.0,0.9999987,5,simplekt
7266416483702173,0.0,0.502331,5,simplekt
7266416483702173,1.0,0.6005014,5,simplekt
7266416483702173,1.0,0.6121484,5,simplekt
7266416483702173,1.0,0.9993293,5,simplekt
7266416483702173,1.0,0.49442813,5,simplekt
7266416483702173,1.0,0.16869144,5,simplekt
7266416483702173,1.0,0.95314825,5,simplekt
7266416483702173,1.0,0.9999875,5,simplekt
7266416483702173,1.0,0.9852756,5,simplekt
7266416483702173,1.0,0.9999769,5,simplekt
7266416483702173,1.0,0.92534745,5,simplekt
7266416483702173,1.0,0.9999987,5,simplekt
7266416483702173,1.0,0.97996706,5,simplekt
7266416483702173,1.0,0.5453473,5,simplekt
7266416483702173,1.0,0.9999994,5,simplekt
7266416483702173,1.0,0.99999833,5,simplekt
7266416483702173,1.0,0.99999976,5,simplekt
7266416483702173,1.0,0.98771983,5,simplekt
7266416483702173,1.0,0.9873028,5,simplekt
7266416483702173,1.0,0.8779323,5,simplekt
7266416483702173,1.0,0.928845,5,simplekt
7266416483702173,1.0,0.9718944,5,simplekt
7266416483702173,1.0,0.42776725,5,simplekt
7266416483702173,1.0,0.98698795,5,simplekt
7266416483702173,1.0,0.90367585,5,simplekt
7266416483702173,1.0,0.96664846,5,simplekt
7266416483702173,1.0,0.9905736,5,simplekt
7266416483702173,1.0,0.9913167,5,simplekt
7266416483702173,1.0,0.9482953,5,simplekt
7266416483702173,1.0,0.9268837,5,simplekt
7266416483702173,0.0,0.9279466,5,simplekt
7266416483702173,1.0,0.78111506,5,simplekt
7266416483702173,0.0,0.5064417,5,simplekt
7266416483702173,1.0,0.8354363,5,simplekt
7266416483702173,1.0,0.80082077,5,simplekt
7266416483702173,1.0,0.8713238,5,simplekt
7266416483702173,1.0,0.88940555,5,simplekt
7266416483702173,1.0,0.96457225,5,simplekt
7266416483702173,1.0,0.90024674,5,simplekt
7266416483702173,1.0,0.9532017,5,simplekt
7266416483702173,1.0,0.9964245,5,simplekt
7266416483702173,0.0,0.85314023,5,simplekt
7266416483702173,1.0,0.70293236,5,simplekt
7266416483702173,0.0,0.41429135,5,simplekt
7266416483702173,0.0,0.27983642,5,simplekt
7266416483702173,1.0,0.86836255,5,simplekt
7266416483702173,1.0,0.89414257,5,simplekt
7266416483702173,1.0,0.9591238,5,simplekt
7266416483702173,1.0,0.9949765,5,simplekt
7266416483702173,1.0,0.75970685,5,simplekt
7266416483702173,0.0,0.47078884,5,simplekt
7266416483702173,1.0,0.61063987,5,simplekt
7266416483702173,1.0,0.9534912,5,simplekt
7266416483702173,1.0,0.84572715,5,simplekt
7266416483702173,1.0,0.9831556,5,simplekt
7266416483702173,1.0,0.9249436,5,simplekt
7266416483702173,1.0,0.9858737,5,simplekt
7266416483702173,1.0,0.9999949,5,simplekt
7266416483702173,1.0,0.9356484,5,simplekt
7266416483702173,1.0,0.7486299,5,simplekt
7266416483702173,0.0,0.88519305,5,simplekt
7266416483702173,0.0,0.7807096,5,simplekt
7266416483702173,0.0,0.49116996,5,simplekt
7266416483702173,0.0,0.406668,5,simplekt
7266416483702173,0.0,0.23594311,5,simplekt
7266416483702173,0.0,0.16435172,5,simplekt
7266416483702173,1.0,0.7044613,5,simplekt
7266416483702173,1.0,0.38827822,5,simplekt
7266416483702173,1.0,0.9543546,5,simplekt
7266416483702173,1.0,0.8232673,5,simplekt
7266416483702173,1.0,0.96967626,5,simplekt
7266416483702173,1.0,0.99999964,5,simplekt
7266416483702173,1.0,0.5321255,5,simplekt
7266416483702173,1.0,0.9986916,5,simplekt
7266416483702173,1.0,0.9488887,5,simplekt
7266416483702173,1.0,0.9128327,5,simplekt
7266416483702173,1.0,0.4238579,5,simplekt
7266416483702173,1.0,0.6101341,5,simplekt
7266416483702173,1.0,0.97031087,5,simplekt
7266416483702173,1.0,0.8631164,5,simplekt
7266416483702173,1.0,0.95766354,5,simplekt
7266416483702173,1.0,0.99961495,5,simplekt
7266416483702173,1.0,0.91422004,5,simplekt
7266416483702173,1.0,0.9996922,5,simplekt
7266416483702173,1.0,0.8609336,5,simplekt
7266416483702173,1.0,0.9999943,5,simplekt
7266416483702173,1.0,0.9999989,5,simplekt
7266416483702173,1.0,0.6846008,5,simplekt
7266416483702173,1.0,0.99997437,5,simplekt
7266416483702173,1.0,0.99999845,5,simplekt
7266416483702173,0.0,0.617228,5,simplekt
7266416483702173,0.0,0.67170614,5,simplekt
7266416483702173,0.0,0.45524487,5,simplekt
7266416483702173,1.0,0.88339335,5,simplekt
7266416483702173,1.0,0.87232274,5,simplekt
7266416483702173,1.0,0.7869152,5,simplekt
7266416483702173,1.0,0.93125975,5,simplekt
7266416483702173,1.0,0.88779366,5,simplekt
7266416483702173,1.0,0.9581655,5,simplekt
7266416483702173,1.0,0.999899,5,simplekt
7266416483702173,1.0,0.9214591,5,simplekt
7266416483702173,1.0,0.95769495,5,simplekt
7266416483702173,1.0,0.9827489,5,simplekt
7266416483702173,1.0,0.7314755,5,simplekt
7266416483702173,1.0,0.9999752,5,simplekt
7266416483702173,1.0,0.9999294,5,simplekt
7266416483702173,0.0,0.867818,5,simplekt
7266416483702173,0.0,0.612706,5,simplekt
7266416483702173,0.0,0.5113384,5,simplekt
7266416483702173,1.0,0.73414654,5,simplekt
7266416483702173,1.0,0.99964654,5,simplekt
7266416483702173,1.0,0.9554415,5,simplekt
7266416483702173,1.0,0.87395525,5,simplekt
7266416483702173,1.0,0.9999248,5,simplekt
7266416483702173,1.0,0.9461293,5,simplekt
7266416483702173,1.0,0.8640271,5,simplekt
7266416483702173,1.0,0.9547449,5,simplekt
7266416483702173,1.0,0.85678744,5,simplekt
7266416483702173,0.0,0.4953738,5,simplekt
7266416483702173,1.0,0.95433515,5,simplekt
7266416483702173,1.0,0.999902,5,simplekt
8105460108394914,1.0,0.63872397,5,simplekt
8105460108394914,1.0,0.6468711,5,simplekt
8105460108394914,1.0,0.7861417,5,simplekt
8105460108394914,1.0,0.95674694,5,simplekt
8105460108394914,1.0,0.9373645,5,simplekt
8105460108394914,0.0,0.9519809,5,simplekt
8105460108394914,1.0,0.7810541,5,simplekt
8105460108394914,1.0,0.9985701,5,simplekt
8105460108394914,1.0,0.9996606,5,simplekt
8105460108394914,1.0,0.7928219,5,simplekt
8105460108394914,1.0,0.9673785,5,simplekt
8105460108394914,1.0,0.99125344,5,simplekt
8105460108394914,1.0,0.8709692,5,simplekt
8105460108394914,1.0,0.97209024,5,simplekt
8105460108394914,1.0,0.79090124,5,simplekt
8105460108394914,1.0,0.9221545,5,simplekt
8105460108394914,1.0,0.97381103,5,simplekt
8105460108394914,1.0,0.94421446,5,simplekt
8105460108394914,1.0,0.90256286,5,simplekt
8105460108394914,1.0,0.99995244,5,simplekt
8105460108394914,1.0,0.9075974,5,simplekt
8105460108394914,1.0,0.94701344,5,simplekt
8105460108394914,1.0,0.7758068,5,simplekt
8105460108394914,0.0,0.8903742,5,simplekt
8105460108394914,0.0,0.95290416,5,simplekt
8105460108394914,0.0,0.55098224,5,simplekt
8105460108394914,1.0,0.526336,5,simplekt
8105460108394914,1.0,0.78667176,5,simplekt
8105460108394914,1.0,0.8841632,5,simplekt
8105460108394914,1.0,0.98889714,5,simplekt
8105460108394914,1.0,0.898123,5,simplekt
8105460108394914,1.0,0.9351224,5,simplekt
8105460108394914,1.0,0.91612375,5,simplekt
8105460108394914,1.0,0.94415164,5,simplekt
8105460108394914,1.0,0.8996057,5,simplekt
8105460108394914,1.0,0.7998787,5,simplekt
8105460108394914,1.0,0.96530384,5,simplekt
8105460108394914,0.0,0.9586461,5,simplekt
8105460108394914,0.0,0.8148046,5,simplekt
8105460108394914,1.0,0.7676848,5,simplekt
8105460108394914,1.0,0.76764244,5,simplekt
8105460108394914,1.0,0.8253299,5,simplekt
8105460108394914,1.0,0.70901227,5,simplekt
8105460108394914,1.0,0.8796511,5,simplekt
8105460108394914,1.0,0.8774996,5,simplekt
8105460108394914,1.0,0.9243912,5,simplekt
8105460108394914,1.0,0.80908567,5,simplekt
8105460108394914,1.0,0.9496438,5,simplekt
8105460108394914,0.0,0.8307179,5,simplekt
8105460108394914,1.0,0.842487,5,simplekt
8105460108394914,1.0,0.81000423,5,simplekt
8105460108394914,1.0,0.9246487,5,simplekt
8105460108394914,0.0,0.93478197,5,simplekt
8105460108394914,1.0,0.72668874,5,simplekt
8105460108394914,1.0,0.88356525,5,simplekt
8105460108394914,1.0,0.79579794,5,simplekt
8105460108394914,1.0,0.89081234,5,simplekt
8105460108394914,1.0,0.7808991,5,simplekt
8105460108394914,1.0,0.80923676,5,simplekt
8105460108394914,1.0,0.9291314,5,simplekt
8105460108394914,1.0,0.976383,5,simplekt
8105460108394914,1.0,0.977548,5,simplekt
8105460108394914,1.0,0.80325854,5,simplekt
8105460108394914,1.0,0.9999999,5,simplekt
8105460108394914,1.0,0.99997056,5,simplekt
8105460108394914,1.0,0.9466756,5,simplekt
8105460108394914,1.0,0.92504513,5,simplekt
8105460108394914,1.0,0.82651913,5,simplekt
8105460108394914,1.0,0.9999628,5,simplekt
8105460108394914,1.0,0.8493066,5,simplekt
8105460108394914,1.0,0.8724081,5,simplekt
8105460108394914,1.0,0.9174984,5,simplekt
8105460108394914,1.0,0.91723216,5,simplekt
8105460108394914,0.0,0.7281509,5,simplekt
8105460108394914,0.0,0.82284266,5,simplekt
8105460108394914,1.0,0.8490539,5,simplekt
8105460108394914,1.0,0.9785774,5,simplekt
8105460108394914,1.0,0.72157073,5,simplekt
8105460108394914,1.0,0.8409462,5,simplekt
8105460108394914,0.0,0.81066257,5,simplekt
8105460108394914,1.0,0.7772607,5,simplekt
8105460108394914,1.0,0.8469905,5,simplekt
8105460108394914,1.0,0.90794086,5,simplekt
8105460108394914,1.0,0.9616858,5,simplekt
8105460108394914,1.0,0.8799927,5,simplekt
8105460108394914,1.0,0.6677805,5,simplekt
8105460108394914,0.0,0.9023802,5,simplekt
8105460108394914,1.0,0.7225286,5,simplekt
8105460108394914,1.0,0.9284764,5,simplekt
8105460108394914,1.0,0.7917836,5,simplekt
8105460108394914,1.0,0.9488063,5,simplekt
8105460108394914,1.0,0.99999714,5,simplekt
8105460108394914,1.0,0.8916895,5,simplekt
8105460108394914,1.0,0.9999478,5,simplekt
8105460108394914,1.0,0.7672451,5,simplekt
8105460108394914,1.0,0.9999155,5,simplekt
8105460108394914,1.0,0.8527529,5,simplekt
8105460108394914,1.0,0.85399,5,simplekt
8105460108394914,1.0,0.89379656,5,simplekt
8105460108394914,1.0,0.9251392,5,simplekt
8105460108394914,1.0,0.96558607,5,simplekt
8105460108394914,1.0,0.95796335,5,simplekt
8105460108394914,1.0,0.8535999,5,simplekt
8105460108394914,1.0,0.89368325,5,simplekt
8105460108394914,1.0,0.9999993,5,simplekt
8105460108394914,1.0,1.0,5,simplekt
8105460108394914,1.0,0.7354514,5,simplekt
8105460108394914,1.0,0.99993587,5,simplekt
8105460108394914,1.0,0.81488246,5,simplekt
8105460108394914,1.0,0.9999914,5,simplekt
8105460108394914,1.0,0.9957788,5,simplekt
8105460108394914,1.0,0.9222116,5,simplekt
8105460108394914,1.0,0.8664376,5,simplekt
8105460108394914,1.0,0.98894995,5,simplekt
8105460108394914,1.0,0.8645236,5,simplekt
8105460108394914,1.0,0.89552766,5,simplekt
8105460108394914,1.0,0.77479666,5,simplekt
8105460108394914,1.0,0.7813344,5,simplekt
8105460108394914,1.0,0.91309893,5,simplekt
8105460108394914,1.0,0.93441856,5,simplekt
8105460108394914,1.0,0.9541314,5,simplekt
8105460108394914,1.0,0.96388584,5,simplekt
8105460108394914,1.0,0.99252534,5,simplekt
8105460108394914,0.0,0.9864049,5,simplekt
8105460108394914,0.0,5.6007044e-05,5,simplekt
8105460108394914,1.0,0.7246051,5,simplekt
8105460108394914,1.0,0.74705243,5,simplekt
8105460108394914,1.0,0.93862605,5,simplekt
8105460108394914,1.0,0.9230468,5,simplekt
8105460108394914,1.0,0.94730306,5,simplekt
8105460108394914,1.0,0.93980485,5,simplekt
8105460108394914,1.0,0.8615657,5,simplekt
8105460108394914,1.0,0.7527095,5,simplekt
8105460108394914,1.0,0.8930959,5,simplekt
8105460108394914,1.0,0.93966717,5,simplekt
8105460108394914,1.0,0.9999962,5,simplekt
8105460108394914,1.0,0.94091254,5,simplekt
8105460108394914,1.0,0.9999925,5,simplekt
8105460108394914,1.0,0.88586944,5,simplekt
8105460108394914,1.0,0.8367002,5,simplekt
8105460108394914,1.0,0.9946702,5,simplekt
8105460108394914,1.0,0.9780975,5,simplekt
8105460108394914,1.0,0.7914079,5,simplekt
8105460108394914,1.0,0.95436645,5,simplekt
8105460108394914,0.0,0.8258037,5,simplekt
8105460108394914,1.0,0.7611702,5,simplekt
8105460108394914,1.0,0.81680185,5,simplekt
8105460108394914,1.0,0.93422085,5,simplekt
8105460108394914,1.0,0.77682203,5,simplekt
8105460108394914,1.0,0.82133144,5,simplekt
8105460108394914,1.0,0.914854,5,simplekt
8105460108394914,1.0,0.95605713,5,simplekt
8105460108394914,0.0,0.8152207,5,simplekt
8105460108394914,0.0,0.7462445,5,simplekt
8105460108394914,0.0,0.77704984,5,simplekt
8105460108394914,0.0,0.72896737,5,simplekt
8105460108394914,0.0,0.7001195,5,simplekt
8105460108394914,0.0,0.00030530294,5,simplekt
8105460108394914,1.0,0.9236833,5,simplekt
8105460108394914,1.0,0.9296594,5,simplekt
8105460108394914,1.0,0.9138225,5,simplekt
8105460108394914,1.0,0.98060715,5,simplekt
8105460108394914,1.0,0.9466473,5,simplekt
8105460108394914,1.0,0.73538333,5,simplekt
8105460108394914,1.0,0.64394563,5,simplekt
8105460108394914,1.0,0.8606618,5,simplekt
8105460108394914,1.0,0.9675048,5,simplekt
8105460108394914,1.0,0.99998116,5,simplekt
8105460108394914,0.0,0.890704,5,simplekt
8105460108394914,0.0,9.786349e-05,5,simplekt
8105460108394914,1.0,0.9562738,5,simplekt
8105460108394914,0.0,0.72652555,5,simplekt
8105460108394914,1.0,0.85122293,5,simplekt
8105460108394914,1.0,0.86511177,5,simplekt
8105460108394914,1.0,0.6735185,5,simplekt
8105460108394914,1.0,0.90787894,5,simplekt
8105460108394914,1.0,0.8619573,5,simplekt
8105460108394914,1.0,0.888102,5,simplekt
8105460108394914,1.0,0.9999976,5,simplekt
8105460108394914,1.0,0.9188033,5,simplekt
8105460108394914,0.0,0.79660594,5,simplekt
8105460108394914,1.0,0.7927224,5,simplekt
8105460108394914,1.0,0.88406175,5,simplekt
8105460108394914,1.0,0.95671856,5,simplekt
8105460108394914,1.0,0.965492,5,simplekt
8105460108394914,0.0,0.7461141,5,simplekt
8105460108394914,1.0,0.93372387,5,simplekt
8105460108394914,1.0,0.99997175,5,simplekt
8105460108394914,1.0,0.8042509,5,simplekt
8105460108394914,1.0,0.74090266,5,simplekt
8105460108394914,1.0,0.78672826,5,simplekt
8105460108394914,1.0,0.76267254,5,simplekt
8105460108394914,1.0,0.8135945,5,simplekt
8105460108394914,0.0,0.8473019,5,simplekt
8105460108394914,1.0,0.805968,5,simplekt
8105460108394914,1.0,0.89275795,5,simplekt
8105460108394914,0.0,0.4024927,5,simplekt
8105460108394914,0.0,0.62283486,5,simplekt
8105460108394914,0.0,0.52507156,5,simplekt
13416541380785019,0.0,0.538975,5,simplekt
13416541380785019,1.0,0.72250956,5,simplekt
13416541380785019,1.0,0.84879285,5,simplekt
13416541380785019,1.0,0.53746885,5,simplekt
13416541380785019,0.0,0.33609217,5,simplekt
13416541380785019,0.0,0.17573598,5,simplekt
13416541380785019,0.0,0.19974345,5,simplekt
13416541380785019,1.0,0.66107625,5,simplekt
13416541380785019,1.0,0.80147046,5,simplekt
13416541380785019,1.0,0.87073094,5,simplekt
13416541380785019,1.0,0.9278902,5,simplekt
13416541380785019,1.0,0.8049535,5,simplekt
13416541380785019,1.0,0.9997354,5,simplekt
13416541380785019,1.0,0.9999571,5,simplekt
13416541380785019,1.0,0.88761866,5,simplekt
13416541380785019,1.0,0.78138006,5,simplekt
13416541380785019,0.0,0.6827036,5,simplekt
13416541380785019,1.0,0.78325343,5,simplekt
13416541380785019,1.0,0.64735204,5,simplekt
13416541380785019,0.0,0.80363524,5,simplekt
13416541380785019,1.0,0.3549707,5,simplekt
13416541380785019,0.0,0.78669965,5,simplekt
13416541380785019,0.0,0.08307168,5,simplekt
13416541380785019,1.0,0.8462388,5,simplekt
13416541380785019,1.0,0.7515464,5,simplekt
13416541380785019,1.0,0.7812879,5,simplekt
13416541380785019,0.0,0.66823596,5,simplekt
13416541380785019,0.0,0.76485366,5,simplekt
13416541380785019,1.0,0.67382014,5,simplekt
13416541380785019,1.0,0.73558295,5,simplekt
13416541380785019,0.0,0.63737893,5,simplekt
13416541380785019,1.0,0.62932247,5,simplekt
13416541380785019,1.0,0.71170765,5,simplekt
13416541380785019,1.0,0.6030358,5,simplekt
13416541380785019,1.0,0.5169867,5,simplekt
13416541380785019,1.0,0.6952768,5,simplekt
13416541380785019,1.0,0.78744066,5,simplekt
13416541380785019,1.0,0.64048576,5,simplekt
13416541380785019,1.0,0.65765786,5,simplekt
13416541380785019,1.0,0.82695025,5,simplekt
13416541380785019,1.0,0.9544876,5,simplekt
13416541380785019,1.0,0.55877876,5,simplekt
13416541380785019,1.0,0.9595115,5,simplekt
13416541380785019,0.0,0.82347023,5,simplekt
13416541380785019,0.0,0.0069203745,5,simplekt
13416541380785019,1.0,0.827111,5,simplekt
13416541380785019,1.0,0.9997178,5,simplekt
13416541380785019,0.0,0.9164952,5,simplekt
13416541380785019,0.0,0.00016601155,5,simplekt
13416541380785019,1.0,0.7609976,5,simplekt
13416541380785019,1.0,0.99975866,5,simplekt
13416541380785019,1.0,0.60822064,5,simplekt
13416541380785019,1.0,0.9996731,5,simplekt
13416541380785019,1.0,0.945112,5,simplekt
13416541380785019,1.0,0.9999951,5,simplekt
13416541380785019,1.0,0.91030705,5,simplekt
13416541380785019,1.0,0.99999833,5,simplekt
13416541380785019,0.0,0.7606358,5,simplekt
13416541380785019,1.0,0.6870037,5,simplekt
13416541380785019,1.0,0.9999926,5,simplekt
13416541380785019,0.0,0.763198,5,simplekt
13416541380785019,1.0,0.9318754,5,simplekt
13416541380785019,1.0,0.9999677,5,simplekt
13416541380785019,1.0,0.67251194,5,simplekt
13416541380785019,1.0,0.6277193,5,simplekt
13416541380785019,1.0,0.59662896,5,simplekt
13416541380785019,1.0,0.78737557,5,simplekt
13416541380785019,1.0,0.8503907,5,simplekt
13416541380785019,1.0,0.6560451,5,simplekt
13416541380785019,0.0,0.61170524,5,simplekt
13416541380785019,1.0,0.961849,5,simplekt
13416541380785019,1.0,0.98609424,5,simplekt
13416541380785019,0.0,0.92596495,5,simplekt
13416541380785019,0.0,0.63113594,5,simplekt
13416541380785019,0.0,0.7242509,5,simplekt
13416541380785019,0.0,0.86786765,5,simplekt
13416541380785019,0.0,0.46505138,5,simplekt
13416541380785019,0.0,0.38434818,5,simplekt
13416541380785019,0.0,0.21557558,5,simplekt
13416541380785019,0.0,0.44439963,5,simplekt
13416541380785019,1.0,0.43434584,5,simplekt
13416541380785019,0.0,0.49738383,5,simplekt
13416541380785019,0.0,0.49758863,5,simplekt
13416541380785019,1.0,0.79645216,5,simplekt
13416541380785019,1.0,0.890866,5,simplekt
13416541380785019,0.0,0.8852301,5,simplekt
13416541380785019,0.0,1.1732786e-06,5,simplekt
13416541380785019,1.0,0.8604565,5,simplekt
13416541380785019,1.0,0.76603097,5,simplekt
13416541380785019,1.0,0.8486993,5,simplekt
13416541380785019,1.0,0.83923376,5,simplekt
13416541380785019,1.0,0.8369041,5,simplekt
13416541380785019,1.0,0.87866366,5,simplekt
13416541380785019,1.0,0.7680666,5,simplekt
13416541380785019,1.0,0.99999547,5,simplekt
13416541380785019,0.0,0.66267645,5,simplekt
13416541380785019,0.0,0.0001196652,5,simplekt
13416541380785019,0.0,0.58853024,5,simplekt
13416541380785019,0.0,3.342875e-05,5,simplekt
13416541380785019,1.0,0.59490037,5,simplekt
13416541380785019,1.0,0.45701435,5,simplekt
13416541380785019,1.0,0.99996495,5,simplekt
13416541380785019,1.0,0.99999607,5,simplekt
13416541380785019,1.0,0.6680015,5,simplekt
13416541380785019,1.0,0.99998736,5,simplekt
13416541380785019,1.0,0.99999917,5,simplekt
13416541380785019,1.0,0.75720966,5,simplekt
13416541380785019,1.0,0.5909846,5,simplekt
13416541380785019,0.0,0.7606292,5,simplekt
13416541380785019,1.0,0.41075766,5,simplekt
13416541380785019,1.0,0.88886386,5,simplekt
13416541380785019,1.0,0.93849164,5,simplekt
13416541380785019,1.0,0.89502674,5,simplekt
13416541380785019,1.0,0.9775563,5,simplekt
13416541380785019,1.0,0.87573403,5,simplekt
13416541380785019,1.0,0.93026936,5,simplekt
13416541380785019,1.0,0.9997938,5,simplekt
13416541380785019,1.0,0.43163303,5,simplekt
13416541380785019,1.0,0.90872604,5,simplekt
13416541380785019,1.0,0.7963085,5,simplekt
13416541380785019,1.0,0.99997365,5,simplekt
13416541380785019,1.0,0.9575183,5,simplekt
13416541380785019,1.0,0.9999949,5,simplekt
13416541380785019,1.0,0.9999989,5,simplekt
13416541380785019,0.0,0.6479583,5,simplekt
13416541380785019,0.0,9.682076e-07,5,simplekt
13416541380785019,1.0,0.97716004,5,simplekt
13416541380785019,1.0,0.99999046,5,simplekt
13416541380785019,1.0,0.9278546,5,simplekt
13416541380785019,1.0,0.9999727,5,simplekt
13416541380785019,1.0,0.72371376,5,simplekt
13416541380785019,1.0,0.7527676,5,simplekt
13416541380785019,1.0,0.7567451,5,simplekt
13416541380785019,1.0,0.42626718,5,simplekt
13416541380785019,0.0,0.92037976,5,simplekt
13416541380785019,1.0,0.613021,5,simplekt
13416541380785019,1.0,0.9049358,5,simplekt
13416541380785019,0.0,0.77067614,5,simplekt
13416541380785019,1.0,0.5954281,5,simplekt
13416541380785019,0.0,0.9267379,5,simplekt
13416541380785019,1.0,0.82873636,5,simplekt
13416541380785019,0.0,0.7139889,5,simplekt
13416541380785019,0.0,0.6183322,5,simplekt
13416541380785019,0.0,0.7988748,5,simplekt
13416541380785019,1.0,0.6649976,5,simplekt
13416541380785019,0.0,0.29130122,5,simplekt
13416541380785019,1.0,0.9225347,5,simplekt
13416541380785019,1.0,0.9998803,5,simplekt
13416541380785019,0.0,0.5757536,5,simplekt
13416541380785019,0.0,2.6191341e-05,5,simplekt
13416541380785019,0.0,0.44417766,5,simplekt
13416541380785019,0.0,0.4966367,5,simplekt
13416541380785019,0.0,0.3743247,5,simplekt
13416541380785019,1.0,0.36521187,5,simplekt
13416541380785019,0.0,0.4631768,5,simplekt
13416541380785019,0.0,0.6105813,5,simplekt
13416541380785019,1.0,0.7624976,5,simplekt
13416541380785019,1.0,0.66124433,5,simplekt
13416541380785019,0.0,0.46431324,5,simplekt
13416541380785019,1.0,0.76583433,5,simplekt
13416541380785019,1.0,0.8428038,5,simplekt
13416541380785019,1.0,0.8905645,5,simplekt
13416541380785019,1.0,0.4772921,5,simplekt
13416541380785019,0.0,0.443988,5,simplekt
13416541380785019,0.0,5.5197943e-06,5,simplekt
13416541380785019,1.0,0.70742196,5,simplekt
13416541380785019,0.0,0.79449224,5,simplekt
13416541380785019,0.0,0.55507034,5,simplekt
13416541380785019,1.0,0.5976998,5,simplekt
13416541380785019,1.0,0.37491944,5,simplekt
13416541380785019,0.0,0.34752664,5,simplekt
13416541380785019,0.0,0.37830037,5,simplekt
13416541380785019,0.0,0.28938088,5,simplekt
13416541380785019,1.0,0.23577374,5,simplekt
13416541380785019,0.0,0.38117027,5,simplekt
13416541380785019,0.0,0.0024834056,5,simplekt
13416541380785019,0.0,0.42011544,5,simplekt
13416541380785019,1.0,0.41521588,5,simplekt
13416541380785019,1.0,0.71135604,5,simplekt
13416541380785019,0.0,0.3333347,5,simplekt
13416541380785019,0.0,0.16242707,5,simplekt
13416541380785019,0.0,1.4643752e-05,5,simplekt
13416541380785019,0.0,0.21564561,5,simplekt
13416541380785019,1.0,0.20343415,5,simplekt
13416541380785019,1.0,0.62200636,5,simplekt
13416541380785019,1.0,0.5371182,5,simplekt
13416541380785019,0.0,0.57556736,5,simplekt
13416541380785019,1.0,0.6878041,5,simplekt
13416541380785019,0.0,0.74624723,5,simplekt
13416541380785019,0.0,0.23635091,5,simplekt
13416541380785019,1.0,0.7807501,5,simplekt
13416541380785019,0.0,0.47236967,5,simplekt
13416541380785019,0.0,0.1877162,5,simplekt
13416541380785019,0.0,0.1868819,5,simplekt
13416541380785019,0.0,0.4384534,5,simplekt
13416541380785019,1.0,0.49762017,5,simplekt
13416541380785019,1.0,0.6943846,5,simplekt
13416541380785019,1.0,0.74624604,5,simplekt
13416541380785019,1.0,0.99980646,5,simplekt
13621766976834353,1.0,0.5447532,5,simplekt
13621766976834353,1.0,0.6628885,5,simplekt
13621766976834353,1.0,0.7737512,5,simplekt
13621766976834353,0.0,0.61990213,5,simplekt
13621766976834353,1.0,0.669719,5,simplekt
13621766976834353,1.0,0.9986695,5,simplekt
13621766976834353,1.0,0.6732338,5,simplekt
13621766976834353,1.0,0.451766,5,simplekt
13621766976834353,1.0,0.99999046,5,simplekt
13621766976834353,0.0,0.48548225,5,simplekt
13621766976834353,0.0,0.016976507,5,simplekt
13621766976834353,0.0,0.3939344,5,simplekt
13621766976834353,1.0,0.19879897,5,simplekt
13621766976834353,1.0,0.8574096,5,simplekt
13621766976834353,1.0,0.99994195,5,simplekt
13621766976834353,1.0,0.9201169,5,simplekt
13621766976834353,1.0,0.9999608,5,simplekt
13621766976834353,1.0,0.9052581,5,simplekt
13621766976834353,1.0,0.99994266,5,simplekt
13621766976834353,1.0,0.81164664,5,simplekt
13621766976834353,1.0,0.9998116,5,simplekt
13621766976834353,1.0,0.74607664,5,simplekt
13621766976834353,1.0,0.99992025,5,simplekt
13621766976834353,1.0,0.84430957,5,simplekt
13621766976834353,1.0,0.8015906,5,simplekt
13621766976834353,1.0,0.8042929,5,simplekt
13621766976834353,1.0,0.8294024,5,simplekt
13621766976834353,1.0,0.8262998,5,simplekt
13621766976834353,1.0,0.99999964,5,simplekt
13621766976834353,0.0,0.88982075,5,simplekt
13621766976834353,1.0,0.84729797,5,simplekt
13621766976834353,1.0,0.63082916,5,simplekt
13621766976834353,0.0,0.77603894,5,simplekt
13621766976834353,1.0,0.6344251,5,simplekt
13621766976834353,1.0,0.77218103,5,simplekt
13621766976834353,1.0,0.8706257,5,simplekt
13621766976834353,1.0,0.9732947,5,simplekt
13621766976834353,0.0,0.7994031,5,simplekt
13621766976834353,0.0,0.010457524,5,simplekt
13621766976834353,1.0,0.8380923,5,simplekt
13621766976834353,1.0,0.78052014,5,simplekt
13621766976834353,1.0,0.6805143,5,simplekt
13621766976834353,1.0,0.7735845,5,simplekt
13621766976834353,1.0,0.95776623,5,simplekt
13621766976834353,1.0,0.9711708,5,simplekt
13621766976834353,1.0,0.98147756,5,simplekt
13621766976834353,1.0,0.9883143,5,simplekt
13621766976834353,1.0,0.94776654,5,simplekt
13621766976834353,1.0,0.78038967,5,simplekt
13621766976834353,1.0,0.8637389,5,simplekt
13621766976834353,1.0,0.96582365,5,simplekt
13621766976834353,1.0,0.9028832,5,simplekt
13621766976834353,1.0,0.97262573,5,simplekt
13621766976834353,1.0,0.8737185,5,simplekt
13621766976834353,1.0,0.91283536,5,simplekt
13621766976834353,1.0,0.7652693,5,simplekt
13621766976834353,1.0,0.8480068,5,simplekt
13621766976834353,1.0,0.6190837,5,simplekt
13621766976834353,1.0,0.9293423,5,simplekt
13621766976834353,1.0,0.96781546,5,simplekt
13621766976834353,1.0,0.72280455,5,simplekt
13621766976834353,1.0,0.8194042,5,simplekt
13621766976834353,1.0,0.87809265,5,simplekt
13621766976834353,1.0,0.9389564,5,simplekt
13621766976834353,1.0,0.9784898,5,simplekt
13621766976834353,1.0,0.93785024,5,simplekt
13621766976834353,1.0,0.9490233,5,simplekt
13621766976834353,0.0,0.9016871,5,simplekt
13621766976834353,1.0,0.72486633,5,simplekt
13621766976834353,1.0,0.7849569,5,simplekt
13621766976834353,1.0,0.88697374,5,simplekt
13621766976834353,0.0,0.7226712,5,simplekt
13621766976834353,1.0,0.7188189,5,simplekt
13621766976834353,1.0,0.87181324,5,simplekt
13621766976834353,1.0,0.96076256,5,simplekt
13621766976834353,1.0,0.9999597,5,simplekt
13621766976834353,1.0,0.8948677,5,simplekt
13621766976834353,1.0,0.99997246,5,simplekt
13621766976834353,1.0,0.9880435,5,simplekt
13621766976834353,1.0,0.9600494,5,simplekt
13621766976834353,1.0,0.94786036,5,simplekt
13621766976834353,1.0,0.9606727,5,simplekt
13621766976834353,1.0,0.99223125,5,simplekt
13621766976834353,1.0,0.96956486,5,simplekt
13621766976834353,1.0,0.98577964,5,simplekt
13621766976834353,1.0,0.94281006,5,simplekt
13621766976834353,1.0,0.9751154,5,simplekt
13621766976834353,1.0,0.99994814,5,simplekt
13621766976834353,1.0,0.48397434,5,simplekt
13621766976834353,1.0,0.9999753,5,simplekt
13621766976834353,1.0,0.99999857,5,simplekt
13621766976834353,1.0,0.9762132,5,simplekt
13621766976834353,1.0,0.9999995,5,simplekt
13621766976834353,1.0,0.9999999,5,simplekt
13621766976834353,1.0,0.98618174,5,simplekt
13621766976834353,1.0,0.9999907,5,simplekt
13621766976834353,1.0,0.78767043,5,simplekt
13621766976834353,1.0,0.9999994,5,simplekt
13621766976834353,1.0,0.9232783,5,simplekt
13621766976834353,1.0,0.99999976,5,simplekt
13621766976834353,1.0,0.99677855,5,simplekt
13621766976834353,1.0,0.99999905,5,simplekt
13621766976834353,0.0,0.5319037,5,simplekt
13621766976834353,1.0,0.9437784,5,simplekt
13621766976834353,1.0,0.8698856,5,simplekt
13621766976834353,1.0,0.85491204,5,simplekt
13621766976834353,0.0,0.74196434,5,simplekt
13621766976834353,0.0,1.7826836e-05,5,simplekt
13621766976834353,0.0,3.6057957e-09,5,simplekt
13621766976834353,0.0,5.428198e-10,5,simplekt
13621766976834353,0.0,3.6566225e-10,5,simplekt
13621766976834353,0.0,3.348519e-05,5,simplekt
13621766976834353,0.0,0.66549605,5,simplekt
13621766976834353,1.0,0.7831007,5,simplekt
13621766976834353,1.0,0.7710068,5,simplekt
13621766976834353,0.0,0.82438856,5,simplekt
13621766976834353,1.0,0.34529695,5,simplekt
13621766976834353,0.0,0.28341454,5,simplekt
13621766976834353,1.0,0.875041,5,simplekt
13621766976834353,1.0,0.99998844,5,simplekt
13621766976834353,1.0,0.82905996,5,simplekt
13621766976834353,0.0,0.7612303,5,simplekt
13621766976834353,1.0,0.2781445,5,simplekt
13621766976834353,1.0,0.90247643,5,simplekt
13621766976834353,1.0,0.60208267,5,simplekt
13621766976834353,1.0,0.8468913,5,simplekt
13621766976834353,1.0,0.98096484,5,simplekt
13621766976834353,1.0,0.98112684,5,simplekt
13621766976834353,0.0,0.8983513,5,simplekt
13621766976834353,0.0,0.40471253,5,simplekt
13621766976834353,1.0,0.47267666,5,simplekt
13621766976834353,1.0,0.900852,5,simplekt
13621766976834353,1.0,0.8402189,5,simplekt
13621766976834353,1.0,0.83551407,5,simplekt
13621766976834353,1.0,0.9998491,5,simplekt
13621766976834353,1.0,0.8242087,5,simplekt
13621766976834353,1.0,0.99995065,5,simplekt
13621766976834353,1.0,0.7043329,5,simplekt
13621766976834353,1.0,0.9999888,5,simplekt
13621766976834353,1.0,0.82218945,5,simplekt
13621766976834353,1.0,0.99998796,5,simplekt
13621766976834353,1.0,0.8717421,5,simplekt
13621766976834353,1.0,0.9999914,5,simplekt
13621766976834353,1.0,0.750568,5,simplekt
13621766976834353,1.0,0.9998418,5,simplekt
13621766976834353,1.0,0.794021,5,simplekt
13621766976834353,1.0,0.99993634,5,simplekt
13621766976834353,1.0,0.88196135,5,simplekt
13621766976834353,1.0,0.9999777,5,simplekt
13621766976834353,1.0,0.9171874,5,simplekt
13621766976834353,1.0,0.79613334,5,simplekt
13621766976834353,0.0,0.8616719,5,simplekt
13621766976834353,1.0,0.85768825,5,simplekt
13621766976834353,1.0,0.9888832,5,simplekt
13621766976834353,1.0,0.7134418,5,simplekt
13621766976834353,0.0,0.27537057,5,simplekt
13621766976834353,1.0,0.95821446,5,simplekt
13621766976834353,1.0,0.81112045,5,simplekt
13621766976834353,1.0,0.79566,5,simplekt
13621766976834353,1.0,0.9424441,5,simplekt
13621766976834353,1.0,0.9592948,5,simplekt
13621766976834353,0.0,0.35970092,5,simplekt
13621766976834353,0.0,0.6470775,5,simplekt
13621766976834353,1.0,0.7779812,5,simplekt
13621766976834353,1.0,0.77702457,5,simplekt
13621766976834353,0.0,0.5929281,5,simplekt
13621766976834353,1.0,0.74052286,5,simplekt
13621766976834353,0.0,0.69726557,5,simplekt
13621766976834353,1.0,0.9161798,5,simplekt
13621766976834353,1.0,0.9400498,5,simplekt
13621766976834353,1.0,0.941862,5,simplekt
13621766976834353,1.0,0.92550653,5,simplekt
13621766976834353,1.0,0.8741065,5,simplekt
13621766976834353,0.0,0.68822426,5,simplekt
13621766976834353,1.0,0.76133424,5,simplekt
13621766976834353,1.0,0.9996692,5,simplekt
13621766976834353,0.0,0.7316982,5,simplekt
13621766976834353,0.0,4.0785294e-06,5,simplekt
13621766976834353,0.0,0.922855,5,simplekt
13621766976834353,0.0,0.5962161,5,simplekt
13621766976834353,1.0,0.89437044,5,simplekt
13621766976834353,1.0,0.9999645,5,simplekt
13621766976834353,1.0,0.7170385,5,simplekt
13621766976834353,1.0,0.67424196,5,simplekt
13621766976834353,1.0,0.67518175,5,simplekt
13621766976834353,1.0,0.77673304,5,simplekt
13621766976834353,1.0,0.88625926,5,simplekt
13621766976834353,1.0,0.8270057,5,simplekt
13621766976834353,1.0,0.99991107,5,simplekt
13621766976834353,1.0,0.63536847,5,simplekt
13621766976834353,1.0,0.999987,5,simplekt
13621766976834353,0.0,0.7763807,5,simplekt
13621766976834353,1.0,0.8254611,5,simplekt
13621766976834353,1.0,0.9999429,5,simplekt
13621766976834353,1.0,0.86993766,5,simplekt
13621766976834353,1.0,0.96169657,5,simplekt
13621766976834353,0.0,0.93339485,5,simplekt
13621766976834353,0.0,6.1845974e-05,5,simplekt
13621766976834353,1.0,0.855507,5,simplekt
17368298824386454,0.0,0.88565296,5,simplekt
17368298824386454,1.0,0.8209318,5,simplekt
17368298824386454,0.0,0.85786456,5,simplekt
17368298824386454,0.0,0.79848534,5,simplekt
17368298824386454,0.0,0.5491186,5,simplekt
17368298824386454,0.0,0.48584616,5,simplekt
17368298824386454,1.0,0.23264936,5,simplekt
17368298824386454,0.0,0.28371903,5,simplekt
17368298824386454,0.0,0.048005924,5,simplekt
17368298824386454,0.0,0.35699037,5,simplekt
17368298824386454,0.0,0.462652,5,simplekt
17368298824386454,0.0,0.10630714,5,simplekt
17368298824386454,0.0,0.29073343,5,simplekt
17368298824386454,0.0,0.22048596,5,simplekt
17368298824386454,0.0,0.24928181,5,simplekt
17368298824386454,0.0,0.17959934,5,simplekt
17368298824386454,0.0,0.03864667,5,simplekt
17368298824386454,1.0,0.46595323,5,simplekt
17368298824386454,1.0,0.8088862,5,simplekt
17368298824386454,1.0,0.69634145,5,simplekt
17368298824386454,1.0,0.9999263,5,simplekt
17368298824386454,0.0,0.38605815,5,simplekt
17368298824386454,1.0,0.57434857,5,simplekt
17368298824386454,0.0,0.5240859,5,simplekt
17368298824386454,0.0,0.47312865,5,simplekt
17368298824386454,0.0,0.40492135,5,simplekt
17368298824386454,1.0,0.3081691,5,simplekt
17368298824386454,1.0,0.72550803,5,simplekt
17368298824386454,1.0,0.78110784,5,simplekt
17368298824386454,1.0,0.907405,5,simplekt
17368298824386454,1.0,0.9899204,5,simplekt
17368298824386454,1.0,0.8377092,5,simplekt
17368298824386454,0.0,0.5786168,5,simplekt
17368298824386454,0.0,0.19832957,5,simplekt
17368298824386454,0.0,0.55080533,5,simplekt
17368298824386454,0.0,0.28072035,5,simplekt
17368298824386454,1.0,0.85708886,5,simplekt
17368298824386454,1.0,0.6305524,5,simplekt
17368298824386454,0.0,0.40435523,5,simplekt
17368298824386454,0.0,9.06478e-06,5,simplekt
17368298824386454,0.0,0.42758566,5,simplekt
17368298824386454,1.0,0.39782164,5,simplekt
17368298824386454,0.0,0.19405343,5,simplekt
17368298824386454,0.0,0.0002093253,5,simplekt
17368298824386454,0.0,0.43157607,5,simplekt
17368298824386454,0.0,0.20707327,5,simplekt
17368298824386454,1.0,0.27504826,5,simplekt
17368298824386454,1.0,0.6071385,5,simplekt
17368298824386454,1.0,0.702392,5,simplekt
17368298824386454,0.0,0.7922858,5,simplekt
17368298824386454,1.0,0.43566585,5,simplekt
17368298824386454,1.0,0.999992,5,simplekt
17368298824386454,1.0,0.42007834,5,simplekt
17368298824386454,1.0,0.58722234,5,simplekt
17368298824386454,1.0,0.7972693,5,simplekt
17368298824386454,1.0,0.827566,5,simplekt
17368298824386454,0.0,0.84401727,5,simplekt
17368298824386454,1.0,0.7431232,5,simplekt
17368298824386454,0.0,0.17984524,5,simplekt
17368298824386454,0.0,0.11033744,5,simplekt
17368298824386454,0.0,0.210717,5,simplekt
17368298824386454,0.0,4.9644627e-06,5,simplekt
17368298824386454,1.0,0.4058905,5,simplekt
17368298824386454,0.0,0.59295094,5,simplekt
17368298824386454,1.0,0.40060508,5,simplekt
17368298824386454,1.0,0.5018064,5,simplekt
17368298824386454,0.0,0.65587384,5,simplekt
17368298824386454,0.0,0.66068834,5,simplekt
17368298824386454,1.0,0.56720376,5,simplekt
17368298824386454,0.0,0.54479086,5,simplekt
17368298824386454,0.0,0.22171359,5,simplekt
17368298824386454,1.0,0.27148515,5,simplekt
17368298824386454,1.0,0.9997646,5,simplekt
17368298824386454,0.0,0.61145836,5,simplekt
17368298824386454,0.0,0.4281018,5,simplekt
17368298824386454,0.0,0.11128474,5,simplekt
17368298824386454,0.0,0.27462205,5,simplekt
17368298824386454,0.0,0.022816703,5,simplekt
17368298824386454,1.0,0.5017518,5,simplekt
17368298824386454,1.0,0.9999745,5,simplekt
17368298824386454,1.0,0.79868805,5,simplekt
17368298824386454,0.0,0.72323215,5,simplekt
17368298824386454,1.0,0.9136482,5,simplekt
17368298824386454,0.0,0.4053091,5,simplekt
17368298824386454,1.0,0.81811345,5,simplekt
17368298824386454,1.0,0.82904434,5,simplekt
17368298824386454,1.0,0.8967978,5,simplekt
17368298824386454,1.0,0.9999831,5,simplekt
17368298824386454,0.0,0.2985833,5,simplekt
17368298824386454,0.0,0.4638038,5,simplekt
17368298824386454,1.0,0.33644497,5,simplekt
17368298824386454,0.0,0.22863978,5,simplekt
17368298824386454,0.0,0.24654607,5,simplekt
17368298824386454,0.0,0.36920774,5,simplekt
17368298824386454,0.0,0.15679796,5,simplekt
17368298824386454,0.0,0.33855376,5,simplekt
17368298824386454,0.0,0.52373946,5,simplekt
17368298824386454,1.0,0.44912454,5,simplekt
17368298824386454,0.0,0.49040276,5,simplekt
17368298824386454,0.0,0.4098915,5,simplekt
17368298824386454,0.0,0.41112992,5,simplekt
17368298824386454,1.0,0.5209692,5,simplekt
17368298824386454,0.0,0.60291874,5,simplekt
17368298824386454,0.0,0.0003874331,5,simplekt
17368298824386454,0.0,0.517268,5,simplekt
17368298824386454,0.0,7.791322e-06,5,simplekt
17368298824386454,0.0,0.32497135,5,simplekt
17368298824386454,0.0,3.0722083e-05,5,simplekt
17368298824386454,0.0,0.03924544,5,simplekt
17368298824386454,0.0,0.049316213,5,simplekt
17368298824386454,0.0,7.443814e-06,5,simplekt
17368298824386454,0.0,0.026635323,5,simplekt
17368298824386454,0.0,0.1778235,5,simplekt
17368298824386454,0.0,0.09002943,5,simplekt
17368298824386454,0.0,0.108591735,5,simplekt
17368298824386454,0.0,7.100518e-05,5,simplekt
17368298824386454,0.0,1.4926526e-06,5,simplekt
17368298824386454,0.0,5.029702e-06,5,simplekt
17368298824386454,1.0,0.3072667,5,simplekt
17368298824386454,1.0,0.42092687,5,simplekt
17368298824386454,1.0,0.7732398,5,simplekt
17368298824386454,1.0,0.6021734,5,simplekt
17368298824386454,1.0,0.65374935,5,simplekt
17368298824386454,1.0,0.7158456,5,simplekt
17368298824386454,1.0,0.88357353,5,simplekt
17368298824386454,1.0,0.99998474,5,simplekt
17368298824386454,1.0,0.572683,5,simplekt
17368298824386454,1.0,0.78835857,5,simplekt
17368298824386454,1.0,0.52383506,5,simplekt
17368298824386454,0.0,0.89769924,5,simplekt
17368298824386454,0.0,2.966908e-06,5,simplekt
17368298824386454,1.0,0.6840924,5,simplekt
17368298824386454,1.0,0.42494258,5,simplekt
17368298824386454,1.0,0.7479736,5,simplekt
17368298824386454,1.0,0.69967896,5,simplekt
17368298824386454,1.0,0.890495,5,simplekt
17368298824386454,1.0,0.9180199,5,simplekt
17368298824386454,1.0,0.59473085,5,simplekt
17368298824386454,1.0,0.6995184,5,simplekt
17368298824386454,1.0,0.7556689,5,simplekt
17368298824386454,1.0,0.9999919,5,simplekt
17368298824386454,1.0,0.99999726,5,simplekt
17368298824386454,1.0,0.93515545,5,simplekt
17368298824386454,1.0,0.68578875,5,simplekt
17368298824386454,1.0,0.99997747,5,simplekt
17368298824386454,1.0,0.99999785,5,simplekt
17368298824386454,1.0,0.8970407,5,simplekt
17368298824386454,1.0,0.99998796,5,simplekt
17368298824386454,0.0,0.83642024,5,simplekt
17368298824386454,1.0,0.52682275,5,simplekt
17368298824386454,1.0,0.71185285,5,simplekt
17368298824386454,1.0,0.841387,5,simplekt
17368298824386454,0.0,0.8026728,5,simplekt
17368298824386454,0.0,0.71119046,5,simplekt
17368298824386454,0.0,0.50112677,5,simplekt
17368298824386454,1.0,0.8210179,5,simplekt
17368298824386454,1.0,0.99996734,5,simplekt
17368298824386454,1.0,0.9999589,5,simplekt
17368298824386454,1.0,0.99995327,5,simplekt
17368298824386454,1.0,0.3098804,5,simplekt
17368298824386454,1.0,0.4992182,5,simplekt
17368298824386454,1.0,0.73692846,5,simplekt
17368298824386454,1.0,0.9999852,5,simplekt
17368298824386454,1.0,0.99999475,5,simplekt
17368298824386454,0.0,0.7899735,5,simplekt
17368298824386454,0.0,0.000681487,5,simplekt
17368298824386454,0.0,0.297116,5,simplekt
17368298824386454,0.0,0.8566216,5,simplekt
17368298824386454,0.0,0.021174151,5,simplekt
17368298824386454,0.0,0.008015227,5,simplekt
17368298824386454,1.0,0.2429805,5,simplekt
17368298824386454,1.0,0.9895835,5,simplekt
17368298824386454,1.0,0.9997638,5,simplekt
17368298824386454,1.0,0.998841,5,simplekt
17368298824386454,0.0,0.64172995,5,simplekt
17368298824386454,0.0,0.5603402,5,simplekt
17368298824386454,0.0,0.50740165,5,simplekt
17368298824386454,0.0,0.00073126605,5,simplekt
17368298824386454,0.0,0.43731838,5,simplekt
17368298824386454,1.0,0.75662297,5,simplekt
17368298824386454,0.0,0.8420713,5,simplekt
17368298824386454,0.0,0.40966648,5,simplekt
17368298824386454,1.0,0.87943137,5,simplekt
17368298824386454,0.0,0.51159716,5,simplekt
17368298824386454,1.0,0.6718785,5,simplekt
17368298824386454,1.0,0.56101173,5,simplekt
17368298824386454,1.0,0.999928,5,simplekt
17368298824386454,0.0,0.23031321,5,simplekt
17368298824386454,0.0,0.00087647303,5,simplekt
17368298824386454,0.0,0.41428784,5,simplekt
17368298824386454,1.0,0.60623825,5,simplekt
17368298824386454,0.0,0.304137,5,simplekt
17368298824386454,1.0,0.19159405,5,simplekt
17368298824386454,1.0,0.9942392,5,simplekt
17368298824386454,0.0,0.5490441,5,simplekt
17368298824386454,1.0,0.4171706,5,simplekt
17368298824386454,0.0,0.46945968,5,simplekt
17368298824386454,1.0,0.24892017,5,simplekt
17368298824386454,1.0,0.43006593,5,simplekt
22422891625274796,1.0,0.999987,5,simplekt
22422891625274796,1.0,0.8708586,5,simplekt
22422891625274796,1.0,0.99994004,5,simplekt
22422891625274796,1.0,0.75874096,5,simplekt
22422891625274796,1.0,0.9999763,5,simplekt
22422891625274796,0.0,0.77961314,5,simplekt
22422891625274796,0.0,0.0006422502,5,simplekt
22422891625274796,0.0,0.79507107,5,simplekt
22422891625274796,1.0,0.73825043,5,simplekt
22422891625274796,1.0,0.8129781,5,simplekt
22422891625274796,0.0,0.62943,5,simplekt
22422891625274796,1.0,0.8906539,5,simplekt
22422891625274796,1.0,0.9344753,5,simplekt
22422891625274796,0.0,0.72356343,5,simplekt
22422891625274796,1.0,0.8999743,5,simplekt
22422891625274796,1.0,0.68728006,5,simplekt
22422891625274796,0.0,0.49211153,5,simplekt
22422891625274796,1.0,0.9059872,5,simplekt
22422891625274796,0.0,0.92215014,5,simplekt
22422891625274796,1.0,0.7849257,5,simplekt
22422891625274796,1.0,0.68001616,5,simplekt
22422891625274796,1.0,0.80345464,5,simplekt
22422891625274796,1.0,0.99999595,5,simplekt
22422891625274796,1.0,0.9999999,5,simplekt
22422891625274796,1.0,0.72887135,5,simplekt
22422891625274796,1.0,0.98856294,5,simplekt
22422891625274796,1.0,0.86078984,5,simplekt
22422891625274796,1.0,0.83034503,5,simplekt
22422891625274796,1.0,0.8267058,5,simplekt
22422891625274796,1.0,0.66228765,5,simplekt
22422891625274796,0.0,0.86027455,5,simplekt
22422891625274796,1.0,0.86731684,5,simplekt
22422891625274796,1.0,0.8707943,5,simplekt
22422891625274796,1.0,0.98599696,5,simplekt
22422891625274796,1.0,0.9747146,5,simplekt
22422891625274796,1.0,0.9999558,5,simplekt
22422891625274796,0.0,0.109110154,5,simplekt
22422891625274796,0.0,0.6098298,5,simplekt
22422891625274796,0.0,0.84250855,5,simplekt
22422891625274796,0.0,0.008626918,5,simplekt
22422891625274796,1.0,0.74072313,5,simplekt
22422891625274796,1.0,0.7676216,5,simplekt
22422891625274796,1.0,0.8650147,5,simplekt
22422891625274796,1.0,0.9134278,5,simplekt
22422891625274796,1.0,0.67578375,5,simplekt
22422891625274796,0.0,0.72851187,5,simplekt
22422891625274796,0.0,0.6769205,5,simplekt
22422891625274796,0.0,0.55144805,5,simplekt
22422891625274796,1.0,0.4723791,5,simplekt
22422891625274796,0.0,0.543004,5,simplekt
22422891625274796,1.0,0.6881704,5,simplekt
22422891625274796,1.0,0.8189273,5,simplekt
22422891625274796,1.0,0.7830599,5,simplekt
22422891625274796,1.0,0.87842655,5,simplekt
22422891625274796,0.0,0.6936947,5,simplekt
22422891625274796,1.0,0.7864651,5,simplekt
22422891625274796,0.0,0.17365904,5,simplekt
22422891625274796,0.0,8.665901e-06,5,simplekt
22422891625274796,0.0,0.4459302,5,simplekt
22422891625274796,1.0,0.57776374,5,simplekt
22422891625274796,0.0,0.7586826,5,simplekt
22422891625274796,0.0,0.43910876,5,simplekt
22422891625274796,0.0,0.41067562,5,simplekt
22422891625274796,0.0,0.5043379,5,simplekt
22422891625274796,0.0,0.3856517,5,simplekt
22422891625274796,0.0,0.33929986,5,simplekt
22422891625274796,0.0,0.41408333,5,simplekt
22422891625274796,1.0,0.29562795,5,simplekt
22422891625274796,0.0,0.5718872,5,simplekt
22422891625274796,1.0,0.65051645,5,simplekt
22422891625274796,1.0,0.99993765,5,simplekt
22422891625274796,1.0,0.92188907,5,simplekt
22422891625274796,0.0,0.22081004,5,simplekt
22422891625274796,0.0,0.025927084,5,simplekt
22422891625274796,0.0,0.18352677,5,simplekt
22422891625274796,0.0,0.03992395,5,simplekt
22422891625274796,1.0,0.735243,5,simplekt
22422891625274796,1.0,0.9998456,5,simplekt
22422891625274796,1.0,0.83823806,5,simplekt
22422891625274796,1.0,0.99981076,5,simplekt
22422891625274796,1.0,0.8286023,5,simplekt
22422891625274796,1.0,0.99986863,5,simplekt
22422891625274796,1.0,0.68188405,5,simplekt
22422891625274796,1.0,0.99979323,5,simplekt
22422891625274796,1.0,0.5863381,5,simplekt
22422891625274796,1.0,0.9998765,5,simplekt
22422891625274796,1.0,0.7209818,5,simplekt
22422891625274796,0.0,0.7074785,5,simplekt
22422891625274796,1.0,0.59855735,5,simplekt
22422891625274796,0.0,0.55362856,5,simplekt
22422891625274796,0.0,8.723729e-06,5,simplekt
22422891625274796,1.0,0.64435935,5,simplekt
22422891625274796,1.0,0.99999547,5,simplekt
22422891625274796,1.0,0.74094087,5,simplekt
22422891625274796,0.0,0.5469275,5,simplekt
22422891625274796,0.0,0.6143112,5,simplekt
22422891625274796,1.0,0.9796029,5,simplekt
22422891625274796,1.0,0.92909867,5,simplekt
22422891625274796,0.0,0.31785247,5,simplekt
22422891625274796,0.0,0.49242133,5,simplekt
22422891625274796,1.0,0.5136898,5,simplekt
22422891625274796,1.0,0.9998385,5,simplekt
22422891625274796,1.0,0.8934956,5,simplekt
22422891625274796,1.0,0.9438458,5,simplekt
22422891625274796,1.0,0.89469564,5,simplekt
22422891625274796,1.0,0.9999956,5,simplekt
22422891625274796,0.0,0.46733817,5,simplekt
22422891625274796,0.0,0.46420532,5,simplekt
22422891625274796,0.0,0.828516,5,simplekt
22422891625274796,1.0,0.8808429,5,simplekt
22422891625274796,1.0,0.9998259,5,simplekt
22422891625274796,1.0,0.7471718,5,simplekt
22422891625274796,1.0,0.99989486,5,simplekt
22422891625274796,1.0,0.5461842,5,simplekt
22422891625274796,1.0,0.721922,5,simplekt
22422891625274796,1.0,0.54915863,5,simplekt
22422891625274796,1.0,0.9622002,5,simplekt
22422891625274796,1.0,0.9258304,5,simplekt
22422891625274796,1.0,0.9999188,5,simplekt
22422891625274796,0.0,0.29548272,5,simplekt
22422891625274796,0.0,1.935534e-05,5,simplekt
22422891625274796,0.0,1.8392834e-07,5,simplekt
22422891625274796,1.0,0.9054826,5,simplekt
22422891625274796,1.0,0.9999653,5,simplekt
22422891625274796,1.0,0.9999927,5,simplekt
22422891625274796,1.0,0.9298412,5,simplekt
22422891625274796,1.0,0.99992895,5,simplekt
22422891625274796,0.0,0.48881894,5,simplekt
22422891625274796,0.0,8.124763e-06,5,simplekt
22422891625274796,0.0,0.72767794,5,simplekt
22422891625274796,0.0,1.52725e-05,5,simplekt
22422891625274796,1.0,0.9624189,5,simplekt
22422891625274796,1.0,0.9999596,5,simplekt
22422891625274796,1.0,0.54925746,5,simplekt
22422891625274796,1.0,0.6814299,5,simplekt
22422891625274796,1.0,0.83422536,5,simplekt
22422891625274796,1.0,0.665955,5,simplekt
22422891625274796,1.0,0.6984141,5,simplekt
22422891625274796,1.0,0.7232244,5,simplekt
22422891625274796,1.0,0.8197084,5,simplekt
22422891625274796,1.0,0.8364333,5,simplekt
22422891625274796,0.0,0.5072994,5,simplekt
22422891625274796,1.0,0.8475688,5,simplekt
22422891625274796,1.0,0.8351842,5,simplekt
22422891625274796,1.0,0.97951174,5,simplekt
22422891625274796,1.0,0.9771363,5,simplekt
22422891625274796,1.0,0.8647519,5,simplekt
22422891625274796,1.0,0.822669,5,simplekt
22422891625274796,1.0,0.546815,5,simplekt
22422891625274796,1.0,0.99981886,5,simplekt
22422891625274796,1.0,0.8154207,5,simplekt
22422891625274796,0.0,0.69805795,5,simplekt
22422891625274796,1.0,0.92222285,5,simplekt
22422891625274796,1.0,0.8607605,5,simplekt
22422891625274796,1.0,0.73510075,5,simplekt
22422891625274796,0.0,0.59105194,5,simplekt
22422891625274796,1.0,0.50819236,5,simplekt
22422891625274796,1.0,0.8300404,5,simplekt
22422891625274796,1.0,0.9119172,5,simplekt
22422891625274796,0.0,0.68139684,5,simplekt
22422891625274796,0.0,0.2936248,5,simplekt
22422891625274796,0.0,0.53358084,5,simplekt
22422891625274796,0.0,0.3413979,5,simplekt
22422891625274796,1.0,0.7112298,5,simplekt
22422891625274796,1.0,0.7887541,5,simplekt
22422891625274796,1.0,0.67674196,5,simplekt
22422891625274796,0.0,0.54375535,5,simplekt
22422891625274796,1.0,0.4489489,5,simplekt
22422891625274796,1.0,0.99958545,5,simplekt
22422891625274796,0.0,0.47023627,5,simplekt
22422891625274796,0.0,1.2584388e-05,5,simplekt
22422891625274796,0.0,0.079660565,5,simplekt
22422891625274796,0.0,7.782048e-06,5,simplekt
22422891625274796,1.0,0.637322,5,simplekt
22422891625274796,0.0,0.84824204,5,simplekt
22422891625274796,0.0,0.4538414,5,simplekt
22422891625274796,1.0,0.83177143,5,simplekt
22422891625274796,0.0,0.5155676,5,simplekt
22422891625274796,1.0,0.9094184,5,simplekt
22422891625274796,1.0,0.99996686,5,simplekt
22422891625274796,0.0,0.7559931,5,simplekt
22422891625274796,1.0,0.70206815,5,simplekt
22422891625274796,1.0,0.9992637,5,simplekt
22422891625274796,1.0,0.80892134,5,simplekt
22422891625274796,1.0,0.7023622,5,simplekt
22422891625274796,1.0,0.9654029,5,simplekt
22422891625274796,1.0,0.99977773,5,simplekt
22422891625274796,0.0,0.26079303,5,simplekt
22422891625274796,0.0,1.8436332e-06,5,simplekt
22422891625274796,0.0,0.59145874,5,simplekt
22422891625274796,0.0,0.57593954,5,simplekt
22422891625274796,0.0,0.0003465148,5,simplekt
22422891625274796,0.0,0.6489174,5,simplekt
22422891625274796,0.0,0.002002971,5,simplekt
22422891625274796,1.0,0.4652507,5,simplekt
22422891625274796,1.0,0.6627863,5,simplekt
22422891625274796,1.0,0.87104005,5,simplekt
22422891625274796,0.0,0.7523761,5,simplekt
22422891625274796,1.0,0.5644894,5,simplekt
22429752720588708,1.0,0.84465563,5,simplekt
22429752720588708,1.0,0.8483925,5,simplekt
22429752720588708,1.0,0.812845,5,simplekt
22429752720588708,0.0,0.808256,5,simplekt
22429752720588708,1.0,0.6407297,5,simplekt
22429752720588708,1.0,0.7445155,5,simplekt
22429752720588708,1.0,0.59816545,5,simplekt
22429752720588708,1.0,0.911941,5,simplekt
22429752720588708,1.0,0.9421008,5,simplekt
22429752720588708,1.0,0.87798226,5,simplekt
22429752720588708,1.0,0.93890214,5,simplekt
22429752720588708,1.0,0.9999424,5,simplekt
22429752720588708,1.0,0.96411616,5,simplekt
22429752720588708,1.0,0.75408995,5,simplekt
22429752720588708,1.0,0.7750226,5,simplekt
22429752720588708,1.0,0.8117378,5,simplekt
22429752720588708,1.0,0.7978305,5,simplekt
22429752720588708,1.0,0.8640226,5,simplekt
22429752720588708,1.0,0.8956899,5,simplekt
22429752720588708,1.0,0.8145258,5,simplekt
22429752720588708,1.0,0.9136931,5,simplekt
22429752720588708,1.0,0.8881331,5,simplekt
22429752720588708,0.0,0.94459957,5,simplekt
22429752720588708,1.0,0.80536836,5,simplekt
22429752720588708,1.0,0.9128866,5,simplekt
22429752720588708,1.0,0.95244503,5,simplekt
22429752720588708,1.0,0.9102707,5,simplekt
22429752720588708,1.0,0.91993564,5,simplekt
22429752720588708,1.0,0.9945315,5,simplekt
22429752720588708,1.0,0.9194195,5,simplekt
22429752720588708,1.0,0.9430917,5,simplekt
22429752720588708,1.0,0.7846163,5,simplekt
22429752720588708,1.0,0.8258305,5,simplekt
22429752720588708,1.0,0.77778596,5,simplekt
22429752720588708,1.0,0.9999883,5,simplekt
22429752720588708,1.0,0.99998534,5,simplekt
22429752720588708,1.0,0.9999963,5,simplekt
22429752720588708,1.0,1.0,5,simplekt
22429752720588708,1.0,0.999998,5,simplekt
22429752720588708,1.0,0.9999876,5,simplekt
22429752720588708,1.0,0.94854987,5,simplekt
22429752720588708,1.0,0.92814624,5,simplekt
22429752720588708,1.0,0.87455744,5,simplekt
22429752720588708,1.0,0.97254306,5,simplekt
22429752720588708,1.0,0.99407107,5,simplekt
22429752720588708,0.0,0.9130216,5,simplekt
22429752720588708,0.0,1.9478943e-05,5,simplekt
22429752720588708,1.0,0.73109,5,simplekt
22429752720588708,1.0,0.6385492,5,simplekt
22429752720588708,1.0,0.6670143,5,simplekt
22429752720588708,0.0,0.5136961,5,simplekt
22429752720588708,1.0,0.35900983,5,simplekt
22429752720588708,0.0,0.56629103,5,simplekt
22429752720588708,0.0,0.25311345,5,simplekt
22429752720588708,1.0,0.8439604,5,simplekt
22429752720588708,1.0,0.92381316,5,simplekt
22429752720588708,1.0,0.93490237,5,simplekt
22429752720588708,1.0,0.93744665,5,simplekt
22429752720588708,1.0,0.9501924,5,simplekt
22429752720588708,1.0,0.9530601,5,simplekt
22429752720588708,1.0,0.9695957,5,simplekt
22429752720588708,1.0,0.9705052,5,simplekt
22429752720588708,0.0,0.8740772,5,simplekt
22429752720588708,0.0,1.2406585e-05,5,simplekt
22429752720588708,0.0,7.141364e-05,5,simplekt
22429752720588708,0.0,0.53884447,5,simplekt
22429752720588708,0.0,2.8361343e-05,5,simplekt
22429752720588708,0.0,1.4403107e-05,5,simplekt
22429752720588708,1.0,0.85413516,5,simplekt
22429752720588708,1.0,0.92077297,5,simplekt
22429752720588708,0.0,0.67668414,5,simplekt
22429752720588708,0.0,0.33127233,5,simplekt
22429752720588708,1.0,0.64623433,5,simplekt
22429752720588708,1.0,0.8312876,5,simplekt
22429752720588708,1.0,0.72178984,5,simplekt
22429752720588708,1.0,0.8781442,5,simplekt
22429752720588708,1.0,0.91092896,5,simplekt
22429752720588708,1.0,0.89557743,5,simplekt
22429752720588708,1.0,0.5875789,5,simplekt
22429752720588708,0.0,0.91611594,5,simplekt
22429752720588708,0.0,0.1132138,5,simplekt
22429752720588708,1.0,0.92279905,5,simplekt
22429752720588708,1.0,0.87537175,5,simplekt
22429752720588708,1.0,0.86959285,5,simplekt
22429752720588708,1.0,0.7800362,5,simplekt
22429752720588708,1.0,0.90353256,5,simplekt
22429752720588708,1.0,0.80591816,5,simplekt
22429752720588708,0.0,0.7236651,5,simplekt
22429752720588708,0.0,0.49992716,5,simplekt
22429752720588708,1.0,0.61198384,5,simplekt
22429752720588708,1.0,0.79594785,5,simplekt
22429752720588708,1.0,0.81919354,5,simplekt
22429752720588708,1.0,0.82857865,5,simplekt
22429752720588708,1.0,0.79040486,5,simplekt
22429752720588708,1.0,0.8009301,5,simplekt
22429752720588708,1.0,0.8891253,5,simplekt
22429752720588708,0.0,0.051972024,5,simplekt
22429752720588708,1.0,0.68169725,5,simplekt
22429752720588708,1.0,0.84381515,5,simplekt
22429752720588708,1.0,0.8545612,5,simplekt
22429752720588708,1.0,0.7671051,5,simplekt
22429752720588708,1.0,0.41885316,5,simplekt
22429752720588708,1.0,0.8560237,5,simplekt
22429752720588708,1.0,0.9778277,5,simplekt
22429752720588708,1.0,0.91453004,5,simplekt
22429752720588708,1.0,0.98459804,5,simplekt
22429752720588708,1.0,0.9862666,5,simplekt
22429752720588708,0.0,0.7068478,5,simplekt
22429752720588708,1.0,0.8715872,5,simplekt
22429752720588708,1.0,0.89118236,5,simplekt
22429752720588708,1.0,0.8533926,5,simplekt
22429752720588708,1.0,0.999987,5,simplekt
22429752720588708,1.0,0.9104356,5,simplekt
22429752720588708,1.0,0.88938576,5,simplekt
22429752720588708,1.0,0.731411,5,simplekt
22429752720588708,0.0,0.93368125,5,simplekt
22429752720588708,1.0,0.68149763,5,simplekt
22429752720588708,1.0,0.9615425,5,simplekt
22429752720588708,1.0,0.93989015,5,simplekt
22429752720588708,1.0,0.9606447,5,simplekt
22429752720588708,1.0,0.96256447,5,simplekt
22429752720588708,0.0,0.9150331,5,simplekt
22429752720588708,1.0,0.9108552,5,simplekt
22429752720588708,1.0,0.76071924,5,simplekt
22429752720588708,1.0,0.97634596,5,simplekt
22429752720588708,0.0,0.8855086,5,simplekt
22429752720588708,0.0,0.016413793,5,simplekt
22429752720588708,1.0,0.8890307,5,simplekt
22429752720588708,1.0,0.9999664,5,simplekt
22429752720588708,1.0,0.9248386,5,simplekt
22429752720588708,1.0,0.99996173,5,simplekt
22429752720588708,1.0,0.92728174,5,simplekt
22429752720588708,1.0,0.9999237,5,simplekt
22429752720588708,1.0,0.9168383,5,simplekt
22429752720588708,1.0,0.9999435,5,simplekt
22429752720588708,1.0,0.6879582,5,simplekt
22429752720588708,1.0,0.99990773,5,simplekt
22429752720588708,1.0,0.8123928,5,simplekt
22429752720588708,1.0,0.9999664,5,simplekt
22429752720588708,1.0,0.91114926,5,simplekt
22429752720588708,1.0,0.99999976,5,simplekt
22429752720588708,1.0,0.9879672,5,simplekt
22429752720588708,1.0,0.99999976,5,simplekt
22429752720588708,1.0,0.98817015,5,simplekt
22429752720588708,1.0,0.99999964,5,simplekt
22429752720588708,1.0,0.865719,5,simplekt
22429752720588708,1.0,0.9014158,5,simplekt
22429752720588708,1.0,0.8357575,5,simplekt
22429752720588708,1.0,0.9999068,5,simplekt
22429752720588708,1.0,0.8958618,5,simplekt
22429752720588708,1.0,0.99998796,5,simplekt
22429752720588708,1.0,0.9425709,5,simplekt
22429752720588708,1.0,0.9999974,5,simplekt
22429752720588708,1.0,0.9910433,5,simplekt
22429752720588708,1.0,0.94216263,5,simplekt
22429752720588708,1.0,0.928805,5,simplekt
22429752720588708,1.0,0.9810774,5,simplekt
22429752720588708,1.0,0.9843875,5,simplekt
22429752720588708,1.0,0.9573253,5,simplekt
22429752720588708,1.0,0.96520865,5,simplekt
22429752720588708,1.0,0.9677628,5,simplekt
22429752720588708,1.0,0.95379704,5,simplekt
22429752720588708,0.0,0.9490783,5,simplekt
22429752720588708,1.0,0.96162534,5,simplekt
22429752720588708,1.0,0.8444664,5,simplekt
22429752720588708,1.0,0.82362276,5,simplekt
22429752720588708,1.0,0.80389935,5,simplekt
22429752720588708,1.0,0.9394126,5,simplekt
22429752720588708,1.0,0.99992526,5,simplekt
22429752720588708,1.0,0.8821066,5,simplekt
22429752720588708,1.0,0.9372028,5,simplekt
22429752720588708,0.0,0.7945494,5,simplekt
22429752720588708,0.0,0.7273746,5,simplekt
22429752720588708,1.0,0.8959322,5,simplekt
22429752720588708,1.0,0.85182697,5,simplekt
22429752720588708,1.0,0.79863137,5,simplekt
22429752720588708,0.0,0.92774665,5,simplekt
22429752720588708,1.0,0.9560134,5,simplekt
22429752720588708,1.0,0.9999032,5,simplekt
22429752720588708,1.0,0.9603285,5,simplekt
22429752720588708,1.0,0.99981016,5,simplekt
22429752720588708,0.0,0.9609805,5,simplekt
22429752720588708,0.0,1.0401968e-05,5,simplekt
22429752720588708,1.0,0.8886924,5,simplekt
22429752720588708,1.0,0.99985623,5,simplekt
22429752720588708,1.0,0.87021786,5,simplekt
22429752720588708,1.0,0.9999064,5,simplekt
22429752720588708,1.0,0.8965783,5,simplekt
22429752720588708,1.0,0.94107836,5,simplekt
22429752720588708,1.0,0.76832676,5,simplekt
22429752720588708,1.0,0.81546223,5,simplekt
22429752720588708,1.0,0.83273154,5,simplekt
22429752720588708,1.0,0.9999684,5,simplekt
22429752720588708,1.0,0.73766106,5,simplekt
22429752720588708,1.0,0.99976903,5,simplekt
22429752720588708,1.0,0.9999596,5,simplekt
22429752720588708,1.0,0.8311928,5,simplekt
22429752720588708,1.0,0.999926,5,simplekt
22429752720588708,1.0,0.9999926,5,simplekt
23996820269779715,1.0,0.96035635,5,simplekt
23996820269779715,1.0,0.861559,5,simplekt
23996820269779715,1.0,0.92239714,5,simplekt
23996820269779715,1.0,0.95011055,5,simplekt
23996820269779715,1.0,0.91561747,5,simplekt
23996820269779715,1.0,0.90768373,5,simplekt
23996820269779715,1.0,0.98469687,5,simplekt
23996820269779715,1.0,0.97282875,5,simplekt
23996820269779715,1.0,0.89652157,5,simplekt
23996820269779715,1.0,0.93223786,5,simplekt
23996820269779715,1.0,0.98354024,5,simplekt
23996820269779715,1.0,0.9433251,5,simplekt
23996820269779715,1.0,0.9226039,5,simplekt
23996820269779715,1.0,0.81622934,5,simplekt
23996820269779715,1.0,0.99934584,5,simplekt
23996820269779715,1.0,0.9551116,5,simplekt
23996820269779715,1.0,0.98963916,5,simplekt
23996820269779715,1.0,0.93865293,5,simplekt
23996820269779715,1.0,0.9952975,5,simplekt
23996820269779715,1.0,0.81545323,5,simplekt
23996820269779715,1.0,0.9999999,5,simplekt
23996820269779715,1.0,0.999918,5,simplekt
23996820269779715,1.0,0.9835722,5,simplekt
23996820269779715,1.0,0.99990904,5,simplekt
23996820269779715,1.0,0.9998542,5,simplekt
23996820269779715,1.0,0.999853,5,simplekt
23996820269779715,1.0,0.9957995,5,simplekt
23996820269779715,1.0,0.999281,5,simplekt
23996820269779715,1.0,0.99999714,5,simplekt
23996820269779715,1.0,0.9999471,5,simplekt
23996820269779715,1.0,0.99999654,5,simplekt
23996820269779715,1.0,0.99188226,5,simplekt
23996820269779715,1.0,0.9988856,5,simplekt
23996820269779715,1.0,0.9999672,5,simplekt
23996820269779715,1.0,0.99615484,5,simplekt
23996820269779715,1.0,0.9999906,5,simplekt
23996820269779715,0.0,0.67420805,5,simplekt
23996820269779715,1.0,0.86890626,5,simplekt
23996820269779715,0.0,0.93761396,5,simplekt
23996820269779715,1.0,0.9106129,5,simplekt
23996820269779715,1.0,0.99042666,5,simplekt
23996820269779715,0.0,0.5841921,5,simplekt
23996820269779715,1.0,0.8118463,5,simplekt
23996820269779715,1.0,0.8801394,5,simplekt
23996820269779715,1.0,0.45516908,5,simplekt
23996820269779715,1.0,0.9803861,5,simplekt
23996820269779715,1.0,0.97349596,5,simplekt
23996820269779715,1.0,0.99992406,5,simplekt
23996820269779715,1.0,0.97082293,5,simplekt
23996820269779715,1.0,0.9959292,5,simplekt
23996820269779715,1.0,0.9996056,5,simplekt
23996820269779715,1.0,0.9906757,5,simplekt
23996820269779715,1.0,0.98342067,5,simplekt
23996820269779715,1.0,0.96077704,5,simplekt
23996820269779715,1.0,0.9486039,5,simplekt
23996820269779715,1.0,0.99997795,5,simplekt
23996820269779715,1.0,0.7602876,5,simplekt
23996820269779715,1.0,0.8950176,5,simplekt
23996820269779715,1.0,0.9160367,5,simplekt
23996820269779715,1.0,0.9721996,5,simplekt
23996820269779715,1.0,0.98872966,5,simplekt
23996820269779715,1.0,0.9961701,5,simplekt
23996820269779715,1.0,0.9859607,5,simplekt
23996820269779715,1.0,0.9966222,5,simplekt
23996820269779715,1.0,0.8645456,5,simplekt
23996820269779715,1.0,0.72353774,5,simplekt
23996820269779715,1.0,0.99582964,5,simplekt
23996820269779715,1.0,0.9994271,5,simplekt
23996820269779715,1.0,0.99572206,5,simplekt
23996820269779715,1.0,0.996042,5,simplekt
23996820269779715,1.0,0.9446987,5,simplekt
23996820269779715,1.0,0.99491763,5,simplekt
23996820269779715,1.0,0.8655013,5,simplekt
23996820269779715,1.0,0.9450444,5,simplekt
23996820269779715,1.0,0.9089955,5,simplekt
23996820269779715,1.0,0.8917855,5,simplekt
23996820269779715,1.0,0.85832286,5,simplekt
23996820269779715,1.0,0.8893339,5,simplekt
23996820269779715,1.0,0.99999666,5,simplekt
23996820269779715,1.0,0.933679,5,simplekt
23996820269779715,1.0,0.9330821,5,simplekt
23996820269779715,1.0,0.9973341,5,simplekt
23996820269779715,1.0,0.97557133,5,simplekt
23996820269779715,1.0,0.9991666,5,simplekt
23996820269779715,1.0,0.99835455,5,simplekt
23996820269779715,1.0,0.9996147,5,simplekt
23996820269779715,1.0,0.8547433,5,simplekt
23996820269779715,1.0,0.9638865,5,simplekt
23996820269779715,1.0,0.9935474,5,simplekt
23996820269779715,1.0,0.9999908,5,simplekt
23996820269779715,1.0,0.9883414,5,simplekt
23996820269779715,1.0,0.9882781,5,simplekt
23996820269779715,1.0,0.9975694,5,simplekt
23996820269779715,1.0,0.9999639,5,simplekt
23996820269779715,1.0,0.9870292,5,simplekt
23996820269779715,1.0,0.99998164,5,simplekt
23996820269779715,1.0,0.91692334,5,simplekt
23996820269779715,1.0,0.9790471,5,simplekt
23996820269779715,1.0,0.9971179,5,simplekt
23996820269779715,1.0,0.96585023,5,simplekt
23996820269779715,1.0,0.9977975,5,simplekt
23996820269779715,1.0,0.99640024,5,simplekt
23996820269779715,1.0,0.9167,5,simplekt
23996820269779715,1.0,0.9710606,5,simplekt
23996820269779715,1.0,0.82222044,5,simplekt
23996820269779715,1.0,0.9933013,5,simplekt
23996820269779715,1.0,0.977089,5,simplekt
23996820269779715,1.0,0.9960743,5,simplekt
23996820269779715,1.0,0.98941493,5,simplekt
23996820269779715,1.0,0.99017847,5,simplekt
23996820269779715,1.0,0.9891115,5,simplekt
23996820269779715,1.0,0.9996177,5,simplekt
23996820269779715,1.0,0.9965134,5,simplekt
23996820269779715,0.0,0.7359676,5,simplekt
23996820269779715,1.0,0.90118796,5,simplekt
23996820269779715,1.0,0.9453135,5,simplekt
23996820269779715,1.0,0.9428589,5,simplekt
23996820269779715,0.0,0.7484985,5,simplekt
23996820269779715,1.0,0.9971896,5,simplekt
23996820269779715,1.0,0.9964192,5,simplekt
23996820269779715,1.0,0.96331304,5,simplekt
23996820269779715,1.0,0.9952251,5,simplekt
23996820269779715,1.0,0.9918218,5,simplekt
23996820269779715,1.0,0.9193125,5,simplekt
23996820269779715,1.0,0.99222785,5,simplekt
23996820269779715,1.0,0.98818177,5,simplekt
23996820269779715,1.0,0.95941186,5,simplekt
23996820269779715,1.0,0.976379,5,simplekt
23996820269779715,1.0,0.9884547,5,simplekt
23996820269779715,1.0,0.98947865,5,simplekt
23996820269779715,1.0,0.9936609,5,simplekt
23996820269779715,1.0,0.99073875,5,simplekt
23996820269779715,1.0,0.98329264,5,simplekt
23996820269779715,1.0,0.99950206,5,simplekt
23996820269779715,1.0,0.9728205,5,simplekt
23996820269779715,1.0,0.9482703,5,simplekt
23996820269779715,1.0,0.915172,5,simplekt
23996820269779715,1.0,0.98250854,5,simplekt
23996820269779715,1.0,0.9996575,5,simplekt
23996820269779715,1.0,0.8248196,5,simplekt
23996820269779715,0.0,0.9359978,5,simplekt
23996820269779715,1.0,0.98430693,5,simplekt
23996820269779715,1.0,0.9931037,5,simplekt
23996820269779715,1.0,0.88424605,5,simplekt
23996820269779715,1.0,0.9090346,5,simplekt
23996820269779715,1.0,0.99861944,5,simplekt
23996820269779715,1.0,0.99985754,5,simplekt
23996820269779715,1.0,0.9922144,5,simplekt
23996820269779715,1.0,0.97992456,5,simplekt
23996820269779715,1.0,0.9999912,5,simplekt
23996820269779715,1.0,0.9978992,5,simplekt
23996820269779715,1.0,0.9954293,5,simplekt
23996820269779715,1.0,0.9999956,5,simplekt
23996820269779715,1.0,0.989698,5,simplekt
23996820269779715,1.0,0.9682183,5,simplekt
23996820269779715,1.0,0.99143815,5,simplekt
23996820269779715,1.0,0.9193395,5,simplekt
23996820269779715,1.0,0.9445466,5,simplekt
23996820269779715,1.0,0.9999707,5,simplekt
23996820269779715,1.0,0.94402754,5,simplekt
23996820269779715,1.0,0.9999839,5,simplekt
23996820269779715,1.0,0.9525704,5,simplekt
23996820269779715,1.0,0.99997795,5,simplekt
23996820269779715,1.0,0.916325,5,simplekt
23996820269779715,1.0,0.9836963,5,simplekt
23996820269779715,1.0,0.9767305,5,simplekt
23996820269779715,1.0,0.99993706,5,simplekt
23996820269779715,1.0,0.93130934,5,simplekt
23996820269779715,1.0,0.9936034,5,simplekt
23996820269779715,1.0,0.99985003,5,simplekt
23996820269779715,0.0,0.41230708,5,simplekt
23996820269779715,0.0,0.00017241004,5,simplekt
23996820269779715,1.0,0.9111097,5,simplekt
23996820269779715,1.0,0.99459946,5,simplekt
23996820269779715,1.0,0.991577,5,simplekt
23996820269779715,1.0,0.99970216,5,simplekt
23996820269779715,1.0,0.9879993,5,simplekt
23996820269779715,1.0,0.9305795,5,simplekt
23996820269779715,1.0,0.83523613,5,simplekt
23996820269779715,1.0,0.9488544,5,simplekt
23996820269779715,1.0,0.92687225,5,simplekt
23996820269779715,1.0,0.68887746,5,simplekt
23996820269779715,1.0,0.90810597,5,simplekt
23996820269779715,1.0,0.96842504,5,simplekt
23996820269779715,1.0,0.9543975,5,simplekt
23996820269779715,1.0,0.9523292,5,simplekt
23996820269779715,1.0,0.98886603,5,simplekt
23996820269779715,1.0,0.99989474,5,simplekt
23996820269779715,1.0,0.99987185,5,simplekt
23996820269779715,1.0,0.98703915,5,simplekt
23996820269779715,1.0,0.99999475,5,simplekt
23996820269779715,1.0,0.99460477,5,simplekt
23996820269779715,1.0,0.9879623,5,simplekt
23996820269779715,1.0,0.97681606,5,simplekt
23996820269779715,1.0,0.99471766,5,simplekt
23996820269779715,1.0,0.9999801,5,simplekt
23996820269779715,1.0,0.98380005,5,simplekt
23996820269779715,1.0,0.8592579,5,simplekt
23996820269779715,1.0,0.9937416,5,simplekt
24745337111358066,1.0,0.9323462,5,simplekt
24745337111358066,1.0,0.8332292,5,simplekt
24745337111358066,0.0,0.8781208,5,simplekt
24745337111358066,0.0,0.49024102,5,simplekt
24745337111358066,1.0,0.7463373,5,simplekt
24745337111358066,1.0,0.8762311,5,simplekt
24745337111358066,1.0,0.81352675,5,simplekt
24745337111358066,1.0,0.94610184,5,simplekt
24745337111358066,0.0,0.9420544,5,simplekt
24745337111358066,1.0,0.81323564,5,simplekt
24745337111358066,0.0,0.47941938,5,simplekt
24745337111358066,0.0,1.5471784e-05,5,simplekt
24745337111358066,0.0,0.4844612,5,simplekt
24745337111358066,1.0,0.85006887,5,simplekt
24745337111358066,0.0,0.5281431,5,simplekt
24745337111358066,0.0,0.53754574,5,simplekt
24745337111358066,0.0,0.05330264,5,simplekt
24745337111358066,1.0,0.37843457,5,simplekt
24745337111358066,1.0,0.73405683,5,simplekt
24745337111358066,0.0,0.8101853,5,simplekt
24745337111358066,0.0,0.6421335,5,simplekt
24745337111358066,0.0,0.3676971,5,simplekt
24745337111358066,0.0,0.2935044,5,simplekt
24745337111358066,1.0,0.5443479,5,simplekt
24745337111358066,1.0,0.48201647,5,simplekt
24745337111358066,1.0,0.68111336,5,simplekt
24745337111358066,1.0,0.71547306,5,simplekt
24745337111358066,1.0,0.89952743,5,simplekt
24745337111358066,1.0,0.9502536,5,simplekt
24745337111358066,1.0,0.8714499,5,simplekt
24745337111358066,1.0,0.91877633,5,simplekt
24745337111358066,0.0,0.5430422,5,simplekt
24745337111358066,1.0,0.71321875,5,simplekt
24745337111358066,1.0,0.92950326,5,simplekt
24745337111358066,1.0,0.94050545,5,simplekt
24745337111358066,1.0,0.8540482,5,simplekt
24745337111358066,1.0,0.91777885,5,simplekt
24745337111358066,1.0,0.9671249,5,simplekt
24745337111358066,0.0,0.86208034,5,simplekt
24745337111358066,0.0,0.68380225,5,simplekt
24745337111358066,1.0,0.5851831,5,simplekt
24745337111358066,1.0,0.48566344,5,simplekt
24745337111358066,1.0,0.99999475,5,simplekt
24745337111358066,1.0,0.9999702,5,simplekt
24745337111358066,1.0,0.9999938,5,simplekt
24745337111358066,1.0,0.95739424,5,simplekt
24745337111358066,0.0,0.7800022,5,simplekt
24745337111358066,1.0,0.5349775,5,simplekt
24745337111358066,1.0,0.9999943,5,simplekt
24745337111358066,1.0,0.9999789,5,simplekt
24745337111358066,1.0,0.9999956,5,simplekt
24745337111358066,1.0,0.96506006,5,simplekt
24745337111358066,1.0,0.78403735,5,simplekt
24745337111358066,1.0,0.7021531,5,simplekt
24745337111358066,1.0,0.5929673,5,simplekt
24745337111358066,0.0,0.63068897,5,simplekt
24745337111358066,0.0,0.43087938,5,simplekt
24745337111358066,0.0,0.56093323,5,simplekt
24745337111358066,0.0,0.00091879384,5,simplekt
24745337111358066,0.0,0.6600434,5,simplekt
24745337111358066,1.0,0.42096448,5,simplekt
24745337111358066,1.0,0.44093218,5,simplekt
24745337111358066,1.0,0.48715442,5,simplekt
24745337111358066,1.0,0.8226078,5,simplekt
24745337111358066,0.0,0.72688806,5,simplekt
24745337111358066,1.0,0.63203037,5,simplekt
24745337111358066,0.0,0.8988989,5,simplekt
24745337111358066,1.0,0.8140921,5,simplekt
24745337111358066,1.0,0.8377164,5,simplekt
24745337111358066,1.0,0.7586315,5,simplekt
24745337111358066,1.0,0.8014784,5,simplekt
24745337111358066,0.0,0.36963522,5,simplekt
24745337111358066,1.0,0.73767453,5,simplekt
24745337111358066,1.0,0.99987483,5,simplekt
24745337111358066,1.0,0.7592839,5,simplekt
24745337111358066,0.0,0.8521907,5,simplekt
24745337111358066,1.0,0.8304097,5,simplekt
24745337111358066,0.0,0.52577984,5,simplekt
24745337111358066,1.0,0.7988425,5,simplekt
24745337111358066,1.0,0.91407603,5,simplekt
24745337111358066,1.0,0.64170086,5,simplekt
24745337111358066,0.0,0.37518847,5,simplekt
24745337111358066,1.0,0.2995377,5,simplekt
24745337111358066,0.0,0.5791424,5,simplekt
24745337111358066,0.0,0.57392704,5,simplekt
24745337111358066,1.0,0.50522983,5,simplekt
24745337111358066,1.0,0.55529684,5,simplekt
24745337111358066,1.0,0.70969766,5,simplekt
24745337111358066,0.0,0.80935794,5,simplekt
24745337111358066,1.0,0.7329575,5,simplekt
24745337111358066,1.0,0.95594525,5,simplekt
24745337111358066,0.0,0.2698328,5,simplekt
24745337111358066,1.0,0.42802417,5,simplekt
24745337111358066,1.0,0.6752444,5,simplekt
24745337111358066,0.0,0.88001573,5,simplekt
24745337111358066,1.0,0.7473696,5,simplekt
24745337111358066,1.0,0.76302946,5,simplekt
24745337111358066,1.0,0.7282745,5,simplekt
24745337111358066,1.0,0.9681478,5,simplekt
24745337111358066,1.0,0.8916272,5,simplekt
24745337111358066,1.0,0.9999914,5,simplekt
24745337111358066,1.0,0.92689955,5,simplekt
24745337111358066,1.0,0.97324646,5,simplekt
24745337111358066,1.0,0.90221363,5,simplekt
24745337111358066,1.0,0.9999962,5,simplekt
24745337111358066,0.0,0.67027384,5,simplekt
24745337111358066,0.0,0.21536739,5,simplekt
24745337111358066,1.0,0.7604339,5,simplekt
24745337111358066,1.0,0.62168413,5,simplekt
24745337111358066,1.0,0.833259,5,simplekt
24745337111358066,1.0,0.89643633,5,simplekt
24745337111358066,1.0,0.5232336,5,simplekt
24745337111358066,1.0,0.71598905,5,simplekt
24745337111358066,1.0,0.88140166,5,simplekt
24745337111358066,1.0,0.92052865,5,simplekt
24745337111358066,0.0,0.48356393,5,simplekt
24745337111358066,1.0,0.70575935,5,simplekt
24745337111358066,0.0,0.57749426,5,simplekt
24745337111358066,0.0,0.6468537,5,simplekt
24745337111358066,0.0,0.60066897,5,simplekt
24745337111358066,1.0,0.557068,5,simplekt
24745337111358066,1.0,0.55236334,5,simplekt
24745337111358066,1.0,0.408961,5,simplekt
24745337111358066,1.0,0.7435146,5,simplekt
24745337111358066,1.0,0.61611426,5,simplekt
24745337111358066,0.0,0.41783586,5,simplekt
24745337111358066,0.0,0.57382464,5,simplekt
24745337111358066,0.0,0.51476663,5,simplekt
24745337111358066,0.0,0.251378,5,simplekt
24745337111358066,0.0,0.16731812,5,simplekt
24745337111358066,0.0,0.36710963,5,simplekt
24745337111358066,0.0,0.44154957,5,simplekt
24745337111358066,0.0,3.1774118e-05,5,simplekt
24745337111358066,1.0,0.42219263,5,simplekt
24745337111358066,1.0,0.41315424,5,simplekt
24745337111358066,1.0,0.7048507,5,simplekt
24745337111358066,1.0,0.99995315,5,simplekt
24745337111358066,1.0,0.84225947,5,simplekt
24745337111358066,1.0,0.9999945,5,simplekt
24745337111358066,1.0,0.82816064,5,simplekt
24745337111358066,1.0,0.9999962,5,simplekt
24745337111358066,1.0,0.89721453,5,simplekt
24745337111358066,1.0,0.9999908,5,simplekt
24745337111358066,1.0,0.86762005,5,simplekt
24745337111358066,1.0,0.9999975,5,simplekt
24745337111358066,1.0,0.8501192,5,simplekt
24745337111358066,1.0,0.9999956,5,simplekt
24745337111358066,0.0,0.6243178,5,simplekt
24745337111358066,0.0,0.22550534,5,simplekt
24745337111358066,0.0,0.12772934,5,simplekt
24745337111358066,0.0,0.18369874,5,simplekt
24745337111358066,0.0,2.1730179e-05,5,simplekt
24745337111358066,0.0,0.54898304,5,simplekt
24745337111358066,0.0,0.5902588,5,simplekt
24745337111358066,1.0,0.5869119,5,simplekt
24745337111358066,0.0,0.44170037,5,simplekt
24745337111358066,0.0,0.28650984,5,simplekt
24745337111358066,0.0,0.32229748,5,simplekt
24745337111358066,1.0,0.48596632,5,simplekt
24745337111358066,1.0,0.7733111,5,simplekt
24745337111358066,0.0,0.7883717,5,simplekt
24745337111358066,1.0,0.5657552,5,simplekt
24745337111358066,1.0,0.77775127,5,simplekt
24745337111358066,1.0,0.84224224,5,simplekt
24745337111358066,0.0,0.29629967,5,simplekt
24745337111358066,0.0,0.596389,5,simplekt
24745337111358066,0.0,0.45806116,5,simplekt
24745337111358066,0.0,0.5873492,5,simplekt
24745337111358066,1.0,0.80787975,5,simplekt
24745337111358066,1.0,0.8510644,5,simplekt
24745337111358066,1.0,0.9257503,5,simplekt
24745337111358066,1.0,0.868993,5,simplekt
24745337111358066,1.0,0.91265893,5,simplekt
24745337111358066,1.0,0.9524332,5,simplekt
24745337111358066,1.0,0.69791937,5,simplekt
24745337111358066,0.0,0.5046148,5,simplekt
24745337111358066,0.0,0.6158541,5,simplekt
24745337111358066,1.0,0.55108494,5,simplekt
24745337111358066,1.0,0.9999753,5,simplekt
24745337111358066,1.0,0.9999763,5,simplekt
24745337111358066,0.0,0.56541085,5,simplekt
24745337111358066,1.0,0.60146797,5,simplekt
24745337111358066,1.0,0.622469,5,simplekt
24745337111358066,1.0,0.94597495,5,simplekt
24745337111358066,1.0,0.7458299,5,simplekt
24745337111358066,0.0,0.36397323,5,simplekt
24745337111358066,0.0,0.0012203243,5,simplekt
24745337111358066,0.0,0.66517484,5,simplekt
24745337111358066,0.0,0.00046728418,5,simplekt
24745337111358066,1.0,0.8894047,5,simplekt
24745337111358066,1.0,0.82788813,5,simplekt
24745337111358066,1.0,0.6361293,5,simplekt
24745337111358066,1.0,0.999706,5,simplekt
24745337111358066,1.0,0.5468678,5,simplekt
24745337111358066,1.0,0.9272547,5,simplekt
24745337111358066,1.0,0.76214355,5,simplekt
24745337111358066,1.0,0.8970948,5,simplekt
24745337111358066,1.0,0.78215504,5,simplekt
24745337111358066,1.0,0.92835575,5,simplekt
26097883113034782,1.0,0.9999654,5,simplekt
26097883113034782,1.0,0.86450267,5,simplekt
26097883113034782,1.0,0.9999602,5,simplekt
26097883113034782,1.0,0.88613176,5,simplekt
26097883113034782,1.0,0.9110332,5,simplekt
26097883113034782,1.0,0.9380945,5,simplekt
26097883113034782,1.0,0.99997747,5,simplekt
26097883113034782,1.0,0.9919229,5,simplekt
26097883113034782,1.0,0.9826796,5,simplekt
26097883113034782,1.0,0.97058153,5,simplekt
26097883113034782,1.0,0.9999989,5,simplekt
26097883113034782,1.0,0.84771407,5,simplekt
26097883113034782,1.0,0.9369448,5,simplekt
26097883113034782,1.0,0.9736598,5,simplekt
26097883113034782,1.0,0.9881621,5,simplekt
26097883113034782,1.0,0.9666675,5,simplekt
26097883113034782,1.0,0.9717857,5,simplekt
26097883113034782,0.0,0.946568,5,simplekt
26097883113034782,1.0,0.8030547,5,simplekt
26097883113034782,1.0,0.8483441,5,simplekt
26097883113034782,1.0,0.93328476,5,simplekt
26097883113034782,1.0,0.7780602,5,simplekt
26097883113034782,1.0,0.79682887,5,simplekt
26097883113034782,1.0,0.9047865,5,simplekt
26097883113034782,1.0,0.9819387,5,simplekt
26097883113034782,1.0,0.99997807,5,simplekt
26097883113034782,1.0,0.8647808,5,simplekt
26097883113034782,0.0,0.8480689,5,simplekt
26097883113034782,0.0,8.146598e-07,5,simplekt
26097883113034782,0.0,7.0955252e-06,5,simplekt
26097883113034782,0.0,0.54862535,5,simplekt
26097883113034782,1.0,0.9425723,5,simplekt
26097883113034782,1.0,0.8602756,5,simplekt
26097883113034782,1.0,0.92571265,5,simplekt
26097883113034782,1.0,0.8369916,5,simplekt
26097883113034782,1.0,0.84478563,5,simplekt
26097883113034782,1.0,0.94689393,5,simplekt
26097883113034782,1.0,0.9866072,5,simplekt
26097883113034782,1.0,0.9735656,5,simplekt
26097883113034782,1.0,0.9489248,5,simplekt
26097883113034782,1.0,0.9757234,5,simplekt
26097883113034782,1.0,0.99525106,5,simplekt
26097883113034782,1.0,0.97971076,5,simplekt
26097883113034782,1.0,0.99024034,5,simplekt
26097883113034782,1.0,0.9561539,5,simplekt
26097883113034782,1.0,0.9753945,5,simplekt
26097883113034782,1.0,0.99996316,5,simplekt
26097883113034782,1.0,0.6230136,5,simplekt
26097883113034782,1.0,0.9999745,5,simplekt
26097883113034782,1.0,0.9999987,5,simplekt
26097883113034782,1.0,0.98057324,5,simplekt
26097883113034782,1.0,0.9999995,5,simplekt
26097883113034782,1.0,0.99999905,5,simplekt
26097883113034782,1.0,0.9883293,5,simplekt
26097883113034782,1.0,0.99999774,5,simplekt
26097883113034782,1.0,0.8626644,5,simplekt
26097883113034782,1.0,0.99999964,5,simplekt
26097883113034782,1.0,0.94211185,5,simplekt
26097883113034782,1.0,0.99999976,5,simplekt
26097883113034782,1.0,0.9972759,5,simplekt
26097883113034782,1.0,0.99999917,5,simplekt
26097883113034782,0.0,0.51070267,5,simplekt
26097883113034782,1.0,0.9424475,5,simplekt
26097883113034782,1.0,0.8828564,5,simplekt
26097883113034782,1.0,0.9060795,5,simplekt
26097883113034782,1.0,0.8687521,5,simplekt
26097883113034782,1.0,0.92160934,5,simplekt
26097883113034782,1.0,0.92011446,5,simplekt
26097883113034782,0.0,0.8547461,5,simplekt
26097883113034782,0.0,4.9360755e-05,5,simplekt
26097883113034782,0.0,1.2041489e-09,5,simplekt
26097883113034782,0.0,2.5143898e-10,5,simplekt
26097883113034782,0.0,1.4636907e-10,5,simplekt
26097883113034782,0.0,3.3098248e-05,5,simplekt
26097883113034782,1.0,0.60208887,5,simplekt
26097883113034782,1.0,0.99999166,5,simplekt
26097883113034782,1.0,1.0,5,simplekt
26097883113034782,1.0,1.0,5,simplekt
26097883113034782,1.0,1.0,5,simplekt
26097883113034782,1.0,0.99999917,5,simplekt
26097883113034782,1.0,0.6516107,5,simplekt
26097883113034782,1.0,0.7585898,5,simplekt
26097883113034782,1.0,0.9341896,5,simplekt
26097883113034782,1.0,0.8997465,5,simplekt
26097883113034782,1.0,0.8858019,5,simplekt
26097883113034782,0.0,0.6818383,5,simplekt
26097883113034782,1.0,0.4742042,5,simplekt
26097883113034782,0.0,0.62148476,5,simplekt
26097883113034782,1.0,0.9210105,5,simplekt
26097883113034782,1.0,0.9148858,5,simplekt
26097883113034782,1.0,0.9999989,5,simplekt
26097883113034782,1.0,0.87991935,5,simplekt
26097883113034782,1.0,0.8832634,5,simplekt
26097883113034782,0.0,0.47859433,5,simplekt
26097883113034782,1.0,0.97249156,5,simplekt
26097883113034782,1.0,0.821758,5,simplekt
26097883113034782,1.0,0.9422982,5,simplekt
26097883113034782,1.0,0.9949818,5,simplekt
26097883113034782,1.0,0.99664515,5,simplekt
26097883113034782,1.0,0.9670117,5,simplekt
26097883113034782,1.0,0.7891441,5,simplekt
26097883113034782,1.0,0.95057493,5,simplekt
26097883113034782,1.0,0.936204,5,simplekt
26097883113034782,1.0,0.9150345,5,simplekt
26097883113034782,1.0,0.99996054,5,simplekt
26097883113034782,1.0,0.9022344,5,simplekt
26097883113034782,1.0,0.9999621,5,simplekt
26097883113034782,1.0,0.8526726,5,simplekt
26097883113034782,1.0,0.99999225,5,simplekt
26097883113034782,1.0,0.9111778,5,simplekt
26097883113034782,1.0,0.9999907,5,simplekt
26097883113034782,1.0,0.9275107,5,simplekt
26097883113034782,1.0,0.9999862,5,simplekt
26097883113034782,1.0,0.82648134,5,simplekt
26097883113034782,1.0,0.99984455,5,simplekt
26097883113034782,1.0,0.8663523,5,simplekt
26097883113034782,1.0,0.9999795,5,simplekt
26097883113034782,1.0,0.92420083,5,simplekt
26097883113034782,1.0,0.9999907,5,simplekt
26097883113034782,1.0,0.93930984,5,simplekt
26097883113034782,0.0,0.92710197,5,simplekt
26097883113034782,1.0,0.61888015,5,simplekt
26097883113034782,1.0,0.7807307,5,simplekt
26097883113034782,0.0,0.8331564,5,simplekt
26097883113034782,0.0,0.84699416,5,simplekt
26097883113034782,1.0,0.8496056,5,simplekt
26097883113034782,1.0,0.990954,5,simplekt
26097883113034782,1.0,0.7808556,5,simplekt
26097883113034782,0.0,0.34912312,5,simplekt
26097883113034782,1.0,0.9732073,5,simplekt
26097883113034782,1.0,0.8705748,5,simplekt
26097883113034782,1.0,0.8484516,5,simplekt
26097883113034782,1.0,0.85296416,5,simplekt
26097883113034782,1.0,0.9357161,5,simplekt
26097883113034782,1.0,0.9373585,5,simplekt
26097883113034782,1.0,0.890793,5,simplekt
26097883113034782,1.0,0.9232098,5,simplekt
26097883113034782,0.0,0.5020512,5,simplekt
26097883113034782,1.0,0.7062516,5,simplekt
26097883113034782,1.0,0.86865634,5,simplekt
26097883113034782,0.0,0.82907104,5,simplekt
26097883113034782,0.0,0.574215,5,simplekt
26097883113034782,1.0,0.7133345,5,simplekt
26097883113034782,1.0,0.7133268,5,simplekt
26097883113034782,1.0,0.9307118,5,simplekt
26097883113034782,1.0,0.9566219,5,simplekt
26097883113034782,0.0,0.5553799,5,simplekt
26097883113034782,1.0,0.8316008,5,simplekt
26097883113034782,1.0,0.79172504,5,simplekt
26097883113034782,1.0,0.9392948,5,simplekt
26097883113034782,1.0,0.9349702,5,simplekt
26097883113034782,1.0,0.88797224,5,simplekt
26097883113034782,1.0,0.748237,5,simplekt
26097883113034782,1.0,0.87800676,5,simplekt
26097883113034782,1.0,0.9999838,5,simplekt
26097883113034782,1.0,0.8102942,5,simplekt
26097883113034782,1.0,0.9999969,5,simplekt
26097883113034782,0.0,0.8361268,5,simplekt
26097883113034782,1.0,0.9164483,5,simplekt
26097883113034782,1.0,0.76373076,5,simplekt
26097883113034782,1.0,0.957629,5,simplekt
26097883113034782,1.0,0.97582054,5,simplekt
26097883113034782,1.0,0.8100374,5,simplekt
26097883113034782,1.0,0.6966567,5,simplekt
26097883113034782,1.0,0.99999976,5,simplekt
26097883113034782,1.0,0.97952944,5,simplekt
26097883113034782,1.0,0.9999975,5,simplekt
26097883113034782,1.0,0.7666612,5,simplekt
26097883113034782,1.0,0.99995995,5,simplekt
26097883113034782,1.0,0.8807073,5,simplekt
26097883113034782,0.0,0.86300796,5,simplekt
26097883113034782,1.0,0.9147969,5,simplekt
26097883113034782,1.0,0.9999827,5,simplekt
26097883113034782,1.0,0.99999976,5,simplekt
26097883113034782,0.0,0.6711111,5,simplekt
26097883113034782,1.0,0.5289328,5,simplekt
26097883113034782,1.0,0.8135231,5,simplekt
26097883113034782,1.0,0.718676,5,simplekt
26097883113034782,1.0,0.8089181,5,simplekt
26097883113034782,1.0,0.73644286,5,simplekt
26097883113034782,1.0,0.75283116,5,simplekt
26097883113034782,0.0,0.79637945,5,simplekt
26097883113034782,0.0,0.76758707,5,simplekt
26097883113034782,1.0,0.6857394,5,simplekt
26097883113034782,1.0,0.9997868,5,simplekt
26097883113034782,0.0,0.6641878,5,simplekt
26097883113034782,0.0,0.0002334586,5,simplekt
26097883113034782,1.0,0.8920021,5,simplekt
26097883113034782,1.0,0.8180197,5,simplekt
26097883113034782,0.0,0.781619,5,simplekt
26097883113034782,1.0,0.7823988,5,simplekt
26097883113034782,1.0,0.8791976,5,simplekt
26097883113034782,1.0,0.9999914,5,simplekt
26097883113034782,0.0,0.8759321,5,simplekt
26097883113034782,1.0,0.8965728,5,simplekt
26097883113034782,1.0,0.9110653,5,simplekt
26097883113034782,1.0,0.9999602,5,simplekt
26097883113034782,1.0,0.87970436,5,simplekt
26097883113034782,1.0,0.90924597,5,simplekt
26580852065289574,1.0,0.7806919,5,simplekt
26580852065289574,1.0,0.99997175,5,simplekt
26580852065289574,1.0,0.7966859,5,simplekt
26580852065289574,0.0,0.6293092,5,simplekt
26580852065289574,0.0,0.740069,5,simplekt
26580852065289574,1.0,0.7531271,5,simplekt
26580852065289574,1.0,0.93728805,5,simplekt
26580852065289574,1.0,0.71820027,5,simplekt
26580852065289574,1.0,0.6529567,5,simplekt
26580852065289574,1.0,0.93623245,5,simplekt
26580852065289574,1.0,0.95542854,5,simplekt
26580852065289574,1.0,0.7948042,5,simplekt
26580852065289574,1.0,0.59947824,5,simplekt
26580852065289574,1.0,0.8425345,5,simplekt
26580852065289574,1.0,0.7792365,5,simplekt
26580852065289574,1.0,0.7586686,5,simplekt
26580852065289574,1.0,0.8558901,5,simplekt
26580852065289574,1.0,0.8804916,5,simplekt
26580852065289574,1.0,0.9300193,5,simplekt
26580852065289574,1.0,0.88974744,5,simplekt
26580852065289574,1.0,0.9558112,5,simplekt
26580852065289574,0.0,0.81267613,5,simplekt
26580852065289574,1.0,0.7797348,5,simplekt
26580852065289574,0.0,0.8593404,5,simplekt
26580852065289574,0.0,0.0003349156,5,simplekt
26580852065289574,0.0,2.0199364e-05,5,simplekt
26580852065289574,1.0,0.61637783,5,simplekt
26580852065289574,1.0,0.8863739,5,simplekt
26580852065289574,1.0,0.87504697,5,simplekt
26580852065289574,1.0,0.83061266,5,simplekt
26580852065289574,1.0,0.999979,5,simplekt
26580852065289574,1.0,0.76816267,5,simplekt
26580852065289574,1.0,0.9999778,5,simplekt
26580852065289574,1.0,0.7090238,5,simplekt
26580852065289574,1.0,0.94212604,5,simplekt
26580852065289574,1.0,0.9543461,5,simplekt
26580852065289574,1.0,0.94357127,5,simplekt
26580852065289574,1.0,0.9504599,5,simplekt
26580852065289574,1.0,0.93373185,5,simplekt
26580852065289574,1.0,0.9999385,5,simplekt
26580852065289574,1.0,0.95887506,5,simplekt
26580852065289574,1.0,0.93303853,5,simplekt
26580852065289574,1.0,0.905436,5,simplekt
26580852065289574,0.0,0.93735486,5,simplekt
26580852065289574,1.0,0.8153009,5,simplekt
26580852065289574,1.0,0.8140536,5,simplekt
26580852065289574,1.0,0.99999845,5,simplekt
26580852065289574,1.0,0.99999976,5,simplekt
26580852065289574,1.0,0.8120525,5,simplekt
26580852065289574,1.0,0.74003243,5,simplekt
26580852065289574,1.0,0.9999504,5,simplekt
26580852065289574,0.0,0.5090027,5,simplekt
26580852065289574,0.0,0.6190549,5,simplekt
26580852065289574,1.0,0.90690136,5,simplekt
26580852065289574,1.0,0.89439934,5,simplekt
26580852065289574,1.0,0.99986756,5,simplekt
26580852065289574,1.0,0.93856955,5,simplekt
26580852065289574,1.0,0.9450967,5,simplekt
26580852065289574,1.0,0.9539756,5,simplekt
26580852065289574,1.0,0.94616616,5,simplekt
26580852065289574,1.0,0.99984443,5,simplekt
26580852065289574,1.0,0.890826,5,simplekt
26580852065289574,1.0,0.9652152,5,simplekt
26580852065289574,1.0,0.9999324,5,simplekt
26580852065289574,1.0,0.8521371,5,simplekt
26580852065289574,1.0,0.99979514,5,simplekt
26580852065289574,1.0,0.9543128,5,simplekt
26580852065289574,1.0,0.89343077,5,simplekt
26580852065289574,1.0,0.9508599,5,simplekt
26580852065289574,1.0,0.93177086,5,simplekt
26580852065289574,1.0,0.9411651,5,simplekt
26580852065289574,1.0,0.9656997,5,simplekt
26580852065289574,0.0,0.9196595,5,simplekt
26580852065289574,1.0,0.93324685,5,simplekt
26580852065289574,1.0,0.9823712,5,simplekt
26580852065289574,0.0,0.60583127,5,simplekt
26580852065289574,1.0,0.6143645,5,simplekt
26580852065289574,0.0,0.84075475,5,simplekt
26580852065289574,0.0,3.6056946e-07,5,simplekt
26580852065289574,0.0,5.2406357e-11,5,simplekt
26580852065289574,0.0,2.0537339e-06,5,simplekt
26580852065289574,1.0,0.91653526,5,simplekt
26580852065289574,1.0,0.9998661,5,simplekt
26580852065289574,1.0,0.6312292,5,simplekt
26580852065289574,0.0,0.5777522,5,simplekt
26580852065289574,0.0,4.7040217e-07,5,simplekt
26580852065289574,0.0,0.539881,5,simplekt
26580852065289574,1.0,0.880989,5,simplekt
26580852065289574,1.0,0.81715804,5,simplekt
26580852065289574,1.0,0.9426636,5,simplekt
26580852065289574,1.0,0.7763957,5,simplekt
26580852065289574,1.0,0.93834674,5,simplekt
26580852065289574,1.0,0.9540464,5,simplekt
26580852065289574,1.0,0.9999938,5,simplekt
26580852065289574,1.0,0.9999683,5,simplekt
26580852065289574,1.0,0.95280343,5,simplekt
26580852065289574,1.0,0.81978184,5,simplekt
26580852065289574,1.0,0.7989249,5,simplekt
26580852065289574,0.0,0.61005026,5,simplekt
26580852065289574,0.0,0.50513923,5,simplekt
26580852065289574,0.0,0.75940555,5,simplekt
26580852065289574,0.0,0.15171303,5,simplekt
26580852065289574,0.0,0.13659282,5,simplekt
26580852065289574,1.0,0.8414417,5,simplekt
26580852065289574,1.0,0.90101403,5,simplekt
26580852065289574,1.0,0.9453457,5,simplekt
26580852065289574,1.0,0.9333081,5,simplekt
26580852065289574,1.0,0.98532987,5,simplekt
26580852065289574,1.0,0.9681558,5,simplekt
26580852065289574,1.0,0.8805136,5,simplekt
26580852065289574,1.0,0.9365982,5,simplekt
26580852065289574,1.0,0.91830915,5,simplekt
26580852065289574,1.0,0.9997372,5,simplekt
26580852065289574,1.0,0.9778651,5,simplekt
26580852065289574,1.0,0.99996126,5,simplekt
26580852065289574,1.0,0.9306192,5,simplekt
26580852065289574,1.0,0.9433286,5,simplekt
26580852065289574,1.0,0.999998,5,simplekt
26580852065289574,1.0,0.98346347,5,simplekt
26580852065289574,1.0,0.91337395,5,simplekt
26580852065289574,1.0,0.94397175,5,simplekt
26580852065289574,1.0,0.9999995,5,simplekt
26580852065289574,1.0,0.6227614,5,simplekt
26580852065289574,1.0,0.90220004,5,simplekt
26580852065289574,1.0,0.74335647,5,simplekt
26580852065289574,0.0,0.28771576,5,simplekt
26580852065289574,1.0,0.96643007,5,simplekt
26580852065289574,1.0,0.99998975,5,simplekt
26580852065289574,1.0,0.7811028,5,simplekt
26580852065289574,1.0,0.9999969,5,simplekt
26580852065289574,1.0,0.9720405,5,simplekt
26580852065289574,1.0,0.99999654,5,simplekt
26580852065289574,1.0,0.8272422,5,simplekt
26580852065289574,0.0,0.9637287,5,simplekt
26580852065289574,1.0,0.97034174,5,simplekt
26580852065289574,0.0,0.27953047,5,simplekt
26580852065289574,1.0,0.92529035,5,simplekt
26580852065289574,1.0,0.9069067,5,simplekt
26580852065289574,1.0,0.97834146,5,simplekt
26580852065289574,1.0,0.93006843,5,simplekt
26580852065289574,0.0,0.93574995,5,simplekt
26580852065289574,1.0,0.86182696,5,simplekt
26580852065289574,1.0,0.96586645,5,simplekt
26580852065289574,1.0,0.99999774,5,simplekt
26580852065289574,0.0,0.7678614,5,simplekt
26580852065289574,1.0,0.9377504,5,simplekt
26580852065289574,1.0,0.99998295,5,simplekt
26580852065289574,1.0,0.9824861,5,simplekt
26580852065289574,1.0,0.9928145,5,simplekt
26580852065289574,1.0,0.9384721,5,simplekt
26580852065289574,1.0,0.97710866,5,simplekt
26580852065289574,0.0,0.6209665,5,simplekt
26580852065289574,0.0,0.7638861,5,simplekt
26580852065289574,1.0,0.8447595,5,simplekt
26580852065289574,1.0,0.9759217,5,simplekt
26580852065289574,1.0,0.86244065,5,simplekt
26580852065289574,1.0,0.88692963,5,simplekt
26580852065289574,1.0,0.7815333,5,simplekt
26580852065289574,0.0,0.53895026,5,simplekt
26580852065289574,1.0,0.8820748,5,simplekt
26580852065289574,1.0,0.9713724,5,simplekt
26580852065289574,1.0,0.9999541,5,simplekt
26580852065289574,1.0,0.9289332,5,simplekt
26580852065289574,1.0,0.90772784,5,simplekt
26580852065289574,1.0,0.98787814,5,simplekt
26580852065289574,1.0,0.8974826,5,simplekt
26580852065289574,1.0,0.94129527,5,simplekt
26580852065289574,1.0,0.9396995,5,simplekt
26580852065289574,1.0,0.91627383,5,simplekt
26580852065289574,1.0,0.9649782,5,simplekt
26580852065289574,1.0,0.98596966,5,simplekt
26580852065289574,1.0,0.9874551,5,simplekt
26580852065289574,1.0,0.9529528,5,simplekt
26580852065289574,1.0,0.95502454,5,simplekt
26580852065289574,1.0,0.9888925,5,simplekt
26580852065289574,0.0,0.7461061,5,simplekt
26580852065289574,1.0,0.983687,5,simplekt
26580852065289574,1.0,0.9656141,5,simplekt
26580852065289574,1.0,0.999956,5,simplekt
26580852065289574,1.0,0.9839765,5,simplekt
26580852065289574,1.0,0.99159557,5,simplekt
26580852065289574,1.0,0.9078583,5,simplekt
26580852065289574,0.0,0.9438814,5,simplekt
26580852065289574,0.0,0.70748144,5,simplekt
26580852065289574,1.0,0.5286835,5,simplekt
26580852065289574,1.0,0.76605743,5,simplekt
26580852065289574,0.0,0.46403635,5,simplekt
26580852065289574,1.0,0.8957628,5,simplekt
26580852065289574,1.0,0.9747005,5,simplekt
26580852065289574,1.0,0.8540731,5,simplekt
26580852065289574,1.0,0.87564975,5,simplekt
26580852065289574,1.0,0.9625951,5,simplekt
26580852065289574,0.0,0.90400344,5,simplekt
26580852065289574,1.0,0.7832806,5,simplekt
26580852065289574,1.0,0.9307669,5,simplekt
26580852065289574,1.0,0.7875317,5,simplekt
26580852065289574,1.0,0.87580293,5,simplekt
26580852065289574,1.0,0.7153804,5,simplekt
26580852065289574,1.0,0.9029154,5,simplekt
30608412826348719,1.0,0.9999269,5,simplekt
30608412826348719,1.0,0.746508,5,simplekt
30608412826348719,1.0,0.999964,5,simplekt
30608412826348719,1.0,0.7625814,5,simplekt
30608412826348719,1.0,0.9999372,5,simplekt
30608412826348719,1.0,0.87167376,5,simplekt
30608412826348719,1.0,0.8605871,5,simplekt
30608412826348719,0.0,0.8764637,5,simplekt
30608412826348719,1.0,0.9078363,5,simplekt
30608412826348719,1.0,0.9500873,5,simplekt
30608412826348719,1.0,0.9523145,5,simplekt
30608412826348719,1.0,0.7457897,5,simplekt
30608412826348719,1.0,0.63626826,5,simplekt
30608412826348719,1.0,0.9552063,5,simplekt
30608412826348719,1.0,0.83317447,5,simplekt
30608412826348719,1.0,0.76120704,5,simplekt
30608412826348719,1.0,0.87193894,5,simplekt
30608412826348719,1.0,0.9999974,5,simplekt
30608412826348719,1.0,1.0,5,simplekt
30608412826348719,0.0,0.7827199,5,simplekt
30608412826348719,0.0,4.161614e-05,5,simplekt
30608412826348719,1.0,0.6818791,5,simplekt
30608412826348719,1.0,0.9999418,5,simplekt
30608412826348719,1.0,0.76053095,5,simplekt
30608412826348719,1.0,0.9911772,5,simplekt
30608412826348719,1.0,0.8878386,5,simplekt
30608412826348719,1.0,0.78757626,5,simplekt
30608412826348719,1.0,0.82714266,5,simplekt
30608412826348719,1.0,0.836749,5,simplekt
30608412826348719,1.0,0.8442555,5,simplekt
30608412826348719,1.0,0.98758674,5,simplekt
30608412826348719,1.0,0.68816817,5,simplekt
30608412826348719,1.0,0.704558,5,simplekt
30608412826348719,1.0,0.88328314,5,simplekt
30608412826348719,1.0,0.9040706,5,simplekt
30608412826348719,1.0,0.92349935,5,simplekt
30608412826348719,1.0,0.9460827,5,simplekt
30608412826348719,1.0,0.8515589,5,simplekt
30608412826348719,1.0,0.87943053,5,simplekt
30608412826348719,1.0,0.9195075,5,simplekt
30608412826348719,1.0,0.9238812,5,simplekt
30608412826348719,1.0,0.99297124,5,simplekt
30608412826348719,1.0,0.98812485,5,simplekt
30608412826348719,1.0,0.99999213,5,simplekt
30608412826348719,0.0,0.17499591,5,simplekt
30608412826348719,1.0,0.68967,5,simplekt
30608412826348719,1.0,0.97252166,5,simplekt
30608412826348719,1.0,0.9985488,5,simplekt
30608412826348719,1.0,0.85399777,5,simplekt
30608412826348719,1.0,0.9791501,5,simplekt
30608412826348719,1.0,0.8980216,5,simplekt
30608412826348719,0.0,0.7930193,5,simplekt
30608412826348719,0.0,0.79173875,5,simplekt
30608412826348719,1.0,0.7814263,5,simplekt
30608412826348719,1.0,0.82136464,5,simplekt
30608412826348719,1.0,0.82049805,5,simplekt
30608412826348719,1.0,0.74135685,5,simplekt
30608412826348719,1.0,0.94497085,5,simplekt
30608412826348719,1.0,0.9258813,5,simplekt
30608412826348719,1.0,0.88341236,5,simplekt
30608412826348719,1.0,0.95145124,5,simplekt
30608412826348719,1.0,0.9405464,5,simplekt
30608412826348719,0.0,0.83506674,5,simplekt
30608412826348719,1.0,0.6807314,5,simplekt
30608412826348719,0.0,0.7906496,5,simplekt
30608412826348719,1.0,0.8443195,5,simplekt
30608412826348719,1.0,0.74925447,5,simplekt
30608412826348719,1.0,0.7341704,5,simplekt
30608412826348719,1.0,0.59954274,5,simplekt
30608412826348719,1.0,0.828157,5,simplekt
30608412826348719,1.0,0.54165727,5,simplekt
30608412826348719,1.0,0.999962,5,simplekt
30608412826348719,1.0,0.9362525,5,simplekt
30608412826348719,1.0,0.9999677,5,simplekt
30608412826348719,1.0,0.94956464,5,simplekt
30608412826348719,1.0,0.99989843,5,simplekt
30608412826348719,1.0,0.94193524,5,simplekt
30608412826348719,1.0,0.999946,5,simplekt
30608412826348719,1.0,0.8715007,5,simplekt
30608412826348719,1.0,0.9998702,5,simplekt
30608412826348719,0.0,0.81319577,5,simplekt
30608412826348719,0.0,5.553255e-05,5,simplekt
30608412826348719,1.0,0.8317205,5,simplekt
30608412826348719,1.0,0.8445502,5,simplekt
30608412826348719,1.0,0.7564889,5,simplekt
30608412826348719,1.0,0.86441416,5,simplekt
30608412826348719,0.0,0.7060286,5,simplekt
30608412826348719,0.0,4.759689e-06,5,simplekt
30608412826348719,1.0,0.7824086,5,simplekt
30608412826348719,1.0,0.9999989,5,simplekt
30608412826348719,1.0,0.8839925,5,simplekt
30608412826348719,1.0,0.9009217,5,simplekt
30608412826348719,1.0,0.72018963,5,simplekt
30608412826348719,1.0,0.8441426,5,simplekt
30608412826348719,1.0,0.9939188,5,simplekt
30608412826348719,1.0,0.9679998,5,simplekt
30608412826348719,1.0,0.98528844,5,simplekt
30608412826348719,1.0,0.96819174,5,simplekt
30608412826348719,1.0,0.99987197,5,simplekt
30608412826348719,0.0,0.48456493,5,simplekt
30608412826348719,0.0,3.0620831e-06,5,simplekt
30608412826348719,0.0,1.4172613e-07,5,simplekt
30608412826348719,1.0,0.96619564,5,simplekt
30608412826348719,1.0,0.99999857,5,simplekt
30608412826348719,1.0,0.99999976,5,simplekt
30608412826348719,1.0,0.97775424,5,simplekt
30608412826348719,1.0,0.99995065,5,simplekt
30608412826348719,1.0,0.7248344,5,simplekt
30608412826348719,1.0,0.99999726,5,simplekt
30608412826348719,1.0,0.90707874,5,simplekt
30608412826348719,1.0,0.99999976,5,simplekt
30608412826348719,1.0,0.995698,5,simplekt
30608412826348719,1.0,0.9999981,5,simplekt
30608412826348719,0.0,0.54373085,5,simplekt
30608412826348719,1.0,0.8960061,5,simplekt
30608412826348719,1.0,0.8225469,5,simplekt
30608412826348719,1.0,0.820052,5,simplekt
30608412826348719,1.0,0.6732097,5,simplekt
30608412826348719,1.0,0.99999094,5,simplekt
30608412826348719,1.0,1.0,5,simplekt
30608412826348719,1.0,1.0,5,simplekt
30608412826348719,1.0,1.0,5,simplekt
30608412826348719,1.0,0.9999987,5,simplekt
30608412826348719,0.0,0.8167516,5,simplekt
30608412826348719,0.0,1.6791671e-05,5,simplekt
30608412826348719,0.0,9.378959e-10,5,simplekt
30608412826348719,0.0,1.3435501e-10,5,simplekt
30608412826348719,0.0,7.7205554e-11,5,simplekt
30608412826348719,0.0,2.635946e-06,5,simplekt
30608412826348719,1.0,0.56500965,5,simplekt
30608412826348719,1.0,0.7106937,5,simplekt
30608412826348719,0.0,0.920106,5,simplekt
30608412826348719,1.0,0.80261,5,simplekt
30608412826348719,1.0,0.8265149,5,simplekt
30608412826348719,0.0,0.5372189,5,simplekt
30608412826348719,0.0,0.33501816,5,simplekt
30608412826348719,1.0,0.4496697,5,simplekt
30608412826348719,1.0,0.88438433,5,simplekt
30608412826348719,1.0,0.99997544,5,simplekt
30608412826348719,1.0,0.828751,5,simplekt
30608412826348719,1.0,0.9214819,5,simplekt
30608412826348719,1.0,0.86225843,5,simplekt
30608412826348719,1.0,0.9875628,5,simplekt
30608412826348719,1.0,0.9823705,5,simplekt
30608412826348719,1.0,0.89635324,5,simplekt
30608412826348719,1.0,0.9093836,5,simplekt
30608412826348719,1.0,0.85259795,5,simplekt
30608412826348719,1.0,0.9999019,5,simplekt
30608412826348719,1.0,0.8273382,5,simplekt
30608412826348719,1.0,0.9999589,5,simplekt
30608412826348719,1.0,0.8468818,5,simplekt
30608412826348719,1.0,0.9999665,5,simplekt
30608412826348719,0.0,0.7413329,5,simplekt
30608412826348719,0.0,0.00017483282,5,simplekt
30608412826348719,1.0,0.6291902,5,simplekt
30608412826348719,1.0,0.99965763,5,simplekt
30608412826348719,1.0,0.83339214,5,simplekt
30608412826348719,1.0,0.9999294,5,simplekt
30608412826348719,1.0,0.90732306,5,simplekt
30608412826348719,1.0,0.6113485,5,simplekt
30608412826348719,1.0,0.86864024,5,simplekt
30608412826348719,1.0,0.7794325,5,simplekt
30608412826348719,1.0,0.80117446,5,simplekt
30608412826348719,1.0,0.83952284,5,simplekt
30608412826348719,1.0,0.8944124,5,simplekt
30608412826348719,1.0,0.9900081,5,simplekt
30608412826348719,1.0,0.39318997,5,simplekt
30608412826348719,1.0,0.9083115,5,simplekt
30608412826348719,1.0,0.937697,5,simplekt
30608412826348719,1.0,0.4986932,5,simplekt
30608412826348719,0.0,0.8717334,5,simplekt
30608412826348719,0.0,0.7220618,5,simplekt
30608412826348719,0.0,0.7890403,5,simplekt
30608412826348719,1.0,0.7091073,5,simplekt
30608412826348719,1.0,0.91843504,5,simplekt
30608412826348719,1.0,0.9533726,5,simplekt
30608412826348719,1.0,0.9510045,5,simplekt
30608412826348719,1.0,0.97393996,5,simplekt
30608412826348719,1.0,0.80798525,5,simplekt
30608412826348719,1.0,0.83720934,5,simplekt
30608412826348719,1.0,0.9548343,5,simplekt
30608412826348719,1.0,0.9999789,5,simplekt
30608412826348719,1.0,0.99999964,5,simplekt
30608412826348719,0.0,0.012851141,5,simplekt
30608412826348719,0.0,0.0006293836,5,simplekt
30608412826348719,0.0,0.44852957,5,simplekt
30608412826348719,0.0,5.7652082e-06,5,simplekt
30608412826348719,0.0,0.5331291,5,simplekt
30608412826348719,1.0,0.5450586,5,simplekt
30608412826348719,1.0,0.67940426,5,simplekt
30608412826348719,1.0,0.6999165,5,simplekt
30608412826348719,1.0,0.7955729,5,simplekt
30608412826348719,0.0,0.78315336,5,simplekt
30608412826348719,1.0,0.7462471,5,simplekt
30608412826348719,0.0,0.7868368,5,simplekt
30608412826348719,1.0,0.73433423,5,simplekt
30608412826348719,1.0,0.8770155,5,simplekt
30608412826348719,1.0,0.87691385,5,simplekt
30608412826348719,0.0,0.012818233,5,simplekt
32261392583187374,1.0,0.99988794,5,simplekt
32261392583187374,1.0,0.94487363,5,simplekt
32261392583187374,1.0,0.91516864,5,simplekt
32261392583187374,1.0,0.8599222,5,simplekt
32261392583187374,1.0,0.99997735,5,simplekt
32261392583187374,1.0,0.9999924,5,simplekt
32261392583187374,1.0,0.99998415,5,simplekt
32261392583187374,1.0,0.99999833,5,simplekt
32261392583187374,1.0,0.97363347,5,simplekt
32261392583187374,1.0,0.9592473,5,simplekt
32261392583187374,1.0,0.82181704,5,simplekt
32261392583187374,1.0,0.9703727,5,simplekt
32261392583187374,1.0,0.91206664,5,simplekt
32261392583187374,1.0,0.8138712,5,simplekt
32261392583187374,1.0,0.9907935,5,simplekt
32261392583187374,1.0,0.9999958,5,simplekt
32261392583187374,1.0,0.97855204,5,simplekt
32261392583187374,1.0,0.99122846,5,simplekt
32261392583187374,1.0,0.90603846,5,simplekt
32261392583187374,1.0,0.9655447,5,simplekt
32261392583187374,1.0,0.9999964,5,simplekt
32261392583187374,1.0,0.97653186,5,simplekt
32261392583187374,1.0,0.99999213,5,simplekt
32261392583187374,1.0,0.98448044,5,simplekt
32261392583187374,1.0,0.98316413,5,simplekt
32261392583187374,1.0,0.9928871,5,simplekt
32261392583187374,1.0,0.91684085,5,simplekt
32261392583187374,1.0,0.8842207,5,simplekt
32261392583187374,0.0,0.764046,5,simplekt
32261392583187374,1.0,0.5962431,5,simplekt
32261392583187374,1.0,0.96593004,5,simplekt
32261392583187374,1.0,0.96788514,5,simplekt
32261392583187374,1.0,0.99057835,5,simplekt
32261392583187374,1.0,0.97837937,5,simplekt
32261392583187374,1.0,0.9999734,5,simplekt
32261392583187374,0.0,0.8305878,5,simplekt
32261392583187374,0.0,1.2361353e-05,5,simplekt
32261392583187374,1.0,0.8799375,5,simplekt
32261392583187374,1.0,0.9650593,5,simplekt
32261392583187374,1.0,0.872795,5,simplekt
32261392583187374,1.0,0.9081515,5,simplekt
32261392583187374,1.0,0.9380786,5,simplekt
32261392583187374,1.0,0.93933773,5,simplekt
32261392583187374,1.0,0.9841636,5,simplekt
32261392583187374,1.0,0.99468297,5,simplekt
32261392583187374,1.0,0.95727766,5,simplekt
32261392583187374,1.0,0.9077295,5,simplekt
32261392583187374,1.0,0.8634845,5,simplekt
32261392583187374,0.0,0.9355579,5,simplekt
32261392583187374,1.0,0.703618,5,simplekt
32261392583187374,0.0,0.48018566,5,simplekt
32261392583187374,1.0,0.7008055,5,simplekt
32261392583187374,1.0,0.7357278,5,simplekt
32261392583187374,1.0,0.9365912,5,simplekt
32261392583187374,1.0,0.9502185,5,simplekt
32261392583187374,1.0,0.90940017,5,simplekt
32261392583187374,1.0,0.9766212,5,simplekt
32261392583187374,1.0,0.9844007,5,simplekt
32261392583187374,1.0,0.97254,5,simplekt
32261392583187374,1.0,0.96529025,5,simplekt
32261392583187374,1.0,0.9790485,5,simplekt
32261392583187374,1.0,0.98023546,5,simplekt
32261392583187374,1.0,0.97276026,5,simplekt
32261392583187374,1.0,0.9350717,5,simplekt
32261392583187374,1.0,0.99033594,5,simplekt
32261392583187374,1.0,0.94400567,5,simplekt
32261392583187374,1.0,0.99999905,5,simplekt
32261392583187374,1.0,0.9268269,5,simplekt
32261392583187374,1.0,0.975943,5,simplekt
32261392583187374,1.0,0.9937902,5,simplekt
32261392583187374,1.0,0.96542704,5,simplekt
32261392583187374,1.0,0.9999989,5,simplekt
32261392583187374,1.0,0.9257082,5,simplekt
32261392583187374,1.0,0.82934505,5,simplekt
32261392583187374,1.0,0.9910194,5,simplekt
32261392583187374,1.0,0.98928726,5,simplekt
32261392583187374,1.0,0.9950488,5,simplekt
32261392583187374,1.0,0.7346819,5,simplekt
32261392583187374,1.0,0.91007924,5,simplekt
32261392583187374,1.0,0.98808426,5,simplekt
32261392583187374,1.0,0.98853195,5,simplekt
32261392583187374,1.0,0.92095745,5,simplekt
32261392583187374,1.0,0.9925303,5,simplekt
32261392583187374,1.0,0.9175802,5,simplekt
32261392583187374,1.0,0.9902412,5,simplekt
32261392583187374,1.0,0.9890911,5,simplekt
32261392583187374,1.0,0.81322336,5,simplekt
32261392583187374,1.0,0.96844965,5,simplekt
32261392583187374,1.0,0.9696241,5,simplekt
32261392583187374,1.0,0.96746784,5,simplekt
32261392583187374,1.0,0.9865411,5,simplekt
32261392583187374,1.0,0.99819946,5,simplekt
32261392583187374,1.0,0.9741805,5,simplekt
32261392583187374,1.0,0.9857496,5,simplekt
32261392583187374,1.0,0.7401205,5,simplekt
32261392583187374,1.0,0.9460234,5,simplekt
32261392583187374,0.0,0.90041196,5,simplekt
32261392583187374,1.0,0.93821245,5,simplekt
32261392583187374,1.0,0.87229955,5,simplekt
32261392583187374,1.0,0.78050303,5,simplekt
32261392583187374,1.0,0.98860687,5,simplekt
32261392583187374,1.0,0.9999993,5,simplekt
32261392583187374,1.0,0.9906759,5,simplekt
32261392583187374,1.0,0.9600468,5,simplekt
32261392583187374,1.0,0.866401,5,simplekt
32261392583187374,1.0,0.9957552,5,simplekt
32261392583187374,1.0,0.9850323,5,simplekt
32261392583187374,1.0,0.98850304,5,simplekt
32261392583187374,1.0,0.92911595,5,simplekt
32261392583187374,1.0,0.98148566,5,simplekt
32261392583187374,1.0,0.9431851,5,simplekt
32261392583187374,0.0,0.96115136,5,simplekt
32261392583187374,1.0,0.91150314,5,simplekt
32261392583187374,0.0,0.40488577,5,simplekt
32261392583187374,1.0,0.8861111,5,simplekt
32261392583187374,1.0,0.9338719,5,simplekt
32261392583187374,1.0,0.948682,5,simplekt
32261392583187374,1.0,0.9380053,5,simplekt
32261392583187374,1.0,0.73012894,5,simplekt
32261392583187374,1.0,0.83418554,5,simplekt
32261392583187374,1.0,0.9999989,5,simplekt
32261392583187374,0.0,0.86479306,5,simplekt
32261392583187374,1.0,0.95701253,5,simplekt
32261392583187374,1.0,0.96486104,5,simplekt
32261392583187374,1.0,0.9322386,5,simplekt
32261392583187374,1.0,0.9999989,5,simplekt
32261392583187374,1.0,0.9892469,5,simplekt
32261392583187374,1.0,0.9999925,5,simplekt
32261392583187374,1.0,0.9722564,5,simplekt
32261392583187374,1.0,0.9999999,5,simplekt
32261392583187374,1.0,0.9423054,5,simplekt
32261392583187374,1.0,0.99040973,5,simplekt
32261392583187374,1.0,0.7571442,5,simplekt
32261392583187374,1.0,0.8888481,5,simplekt
32261392583187374,1.0,0.9250453,5,simplekt
32261392583187374,1.0,0.984845,5,simplekt
32261392583187374,1.0,0.9929588,5,simplekt
32261392583187374,1.0,0.9999968,5,simplekt
32261392583187374,1.0,0.58317065,5,simplekt
32261392583187374,1.0,0.98893166,5,simplekt
32261392583187374,1.0,0.99532217,5,simplekt
32261392583187374,1.0,0.98154205,5,simplekt
32261392583187374,1.0,0.99289906,5,simplekt
32261392583187374,1.0,0.98680776,5,simplekt
32261392583187374,1.0,0.9817801,5,simplekt
32261392583187374,1.0,0.999995,5,simplekt
32261392583187374,1.0,0.98361385,5,simplekt
32261392583187374,1.0,0.9999999,5,simplekt
32261392583187374,1.0,0.9949361,5,simplekt
32261392583187374,1.0,0.9796779,5,simplekt
32261392583187374,1.0,0.99999917,5,simplekt
32261392583187374,1.0,0.9938239,5,simplekt
32261392583187374,1.0,0.9979557,5,simplekt
32261392583187374,1.0,0.9947659,5,simplekt
32261392583187374,1.0,0.97183716,5,simplekt
32261392583187374,0.0,0.7266703,5,simplekt
32261392583187374,0.0,0.93533176,5,simplekt
32261392583187374,0.0,0.55571854,5,simplekt
32261392583187374,1.0,0.8547969,5,simplekt
32261392583187374,1.0,0.9998592,5,simplekt
32261392583187374,1.0,0.9162339,5,simplekt
32261392583187374,1.0,0.862218,5,simplekt
32261392583187374,1.0,0.9496889,5,simplekt
32261392583187374,1.0,0.8840353,5,simplekt
32261392583187374,1.0,0.8878994,5,simplekt
32261392583187374,1.0,0.940481,5,simplekt
32261392583187374,1.0,0.9272844,5,simplekt
32261392583187374,1.0,0.9224977,5,simplekt
32261392583187374,1.0,0.9535602,5,simplekt
32261392583187374,1.0,0.8681882,5,simplekt
32261392583187374,1.0,0.7852526,5,simplekt
32261392583187374,1.0,0.7041928,5,simplekt
32261392583187374,1.0,0.99994123,5,simplekt
32261392583187374,1.0,0.9907516,5,simplekt
32261392583187374,1.0,0.99998856,5,simplekt
32261392583187374,1.0,0.9619596,5,simplekt
32261392583187374,1.0,0.98121107,5,simplekt
32261392583187374,1.0,0.9999764,5,simplekt
32261392583187374,1.0,0.9658274,5,simplekt
32261392583187374,1.0,0.99998987,5,simplekt
32261392583187374,1.0,0.99999714,5,simplekt
32261392583187374,1.0,0.97255313,5,simplekt
32261392583187374,1.0,0.9833731,5,simplekt
32261392583187374,1.0,0.9999759,5,simplekt
32261392583187374,1.0,0.95314825,5,simplekt
32261392583187374,1.0,0.99492127,5,simplekt
32261392583187374,1.0,0.9842,5,simplekt
32261392583187374,1.0,0.9999831,5,simplekt
32261392583187374,1.0,0.9693673,5,simplekt
32261392583187374,1.0,0.98731357,5,simplekt
32261392583187374,1.0,0.8000076,5,simplekt
32261392583187374,1.0,0.9999697,5,simplekt
32261392583187374,0.0,0.82827765,5,simplekt
32261392583187374,1.0,0.5145802,5,simplekt
32261392583187374,1.0,0.9783157,5,simplekt
32261392583187374,1.0,0.8262099,5,simplekt
32261392583187374,1.0,0.95622486,5,simplekt
32261392583187374,1.0,0.99004245,5,simplekt
32261392583187374,1.0,0.99998033,5,simplekt
34052752110184022,1.0,1.0,5,simplekt
34052752110184022,1.0,0.99998736,5,simplekt
34052752110184022,1.0,0.9040971,5,simplekt
34052752110184022,1.0,0.9999095,5,simplekt
34052752110184022,1.0,0.59069556,5,simplekt
34052752110184022,1.0,0.6415052,5,simplekt
34052752110184022,1.0,0.9999956,5,simplekt
34052752110184022,1.0,0.7348236,5,simplekt
34052752110184022,1.0,0.6661086,5,simplekt
34052752110184022,1.0,0.8550026,5,simplekt
34052752110184022,1.0,0.8512929,5,simplekt
34052752110184022,1.0,0.6418758,5,simplekt
34052752110184022,1.0,0.8794863,5,simplekt
34052752110184022,1.0,0.8573849,5,simplekt
34052752110184022,1.0,0.6363008,5,simplekt
34052752110184022,1.0,0.8735441,5,simplekt
34052752110184022,1.0,0.78550464,5,simplekt
34052752110184022,1.0,0.8955665,5,simplekt
34052752110184022,1.0,0.98710674,5,simplekt
34052752110184022,1.0,0.944468,5,simplekt
34052752110184022,1.0,0.96722275,5,simplekt
34052752110184022,1.0,0.9566367,5,simplekt
34052752110184022,1.0,0.99996114,5,simplekt
34052752110184022,1.0,0.9834426,5,simplekt
34052752110184022,1.0,0.9399931,5,simplekt
34052752110184022,1.0,0.98496103,5,simplekt
34052752110184022,1.0,0.9622654,5,simplekt
34052752110184022,1.0,0.9779825,5,simplekt
34052752110184022,1.0,0.9901192,5,simplekt
34052752110184022,1.0,0.9638761,5,simplekt
34052752110184022,1.0,0.98087585,5,simplekt
34052752110184022,1.0,0.99585944,5,simplekt
34052752110184022,0.0,0.64849424,5,simplekt
34052752110184022,1.0,0.93806756,5,simplekt
34052752110184022,1.0,0.9121621,5,simplekt
34052752110184022,1.0,0.9492889,5,simplekt
34052752110184022,0.0,0.9570351,5,simplekt
34052752110184022,1.0,0.82163334,5,simplekt
34052752110184022,0.0,0.69831973,5,simplekt
34052752110184022,1.0,0.96258116,5,simplekt
34052752110184022,1.0,0.92271686,5,simplekt
34052752110184022,1.0,0.97391135,5,simplekt
34052752110184022,1.0,0.9845999,5,simplekt
34052752110184022,1.0,0.925315,5,simplekt
34052752110184022,1.0,0.976398,5,simplekt
34052752110184022,1.0,0.9865724,5,simplekt
34052752110184022,0.0,0.7534157,5,simplekt
34052752110184022,1.0,0.22398487,5,simplekt
34052752110184022,1.0,0.8462265,5,simplekt
34052752110184022,1.0,0.9818224,5,simplekt
34052752110184022,1.0,0.75447994,5,simplekt
34052752110184022,1.0,0.85727865,5,simplekt
34052752110184022,1.0,0.97895765,5,simplekt
34052752110184022,1.0,0.9986186,5,simplekt
34052752110184022,1.0,0.9773291,5,simplekt
34052752110184022,1.0,0.9239237,5,simplekt
34052752110184022,1.0,0.98781407,5,simplekt
34052752110184022,1.0,0.9600799,5,simplekt
34052752110184022,1.0,0.9189744,5,simplekt
34052752110184022,1.0,0.9903003,5,simplekt
34052752110184022,1.0,0.98943883,5,simplekt
34052752110184022,0.0,0.80253404,5,simplekt
34052752110184022,0.0,0.62446606,5,simplekt
34052752110184022,1.0,0.78836745,5,simplekt
34052752110184022,1.0,0.835905,5,simplekt
34052752110184022,1.0,0.9314853,5,simplekt
34052752110184022,1.0,0.9981559,5,simplekt
34052752110184022,1.0,0.80322385,5,simplekt
34052752110184022,1.0,0.94128305,5,simplekt
34052752110184022,1.0,0.9435395,5,simplekt
34052752110184022,0.0,0.90138733,5,simplekt
34052752110184022,1.0,0.9205682,5,simplekt
34052752110184022,1.0,0.7852625,5,simplekt
34052752110184022,1.0,0.6812296,5,simplekt
34052752110184022,1.0,0.9309418,5,simplekt
34052752110184022,1.0,0.95539194,5,simplekt
34052752110184022,1.0,0.60810566,5,simplekt
34052752110184022,1.0,0.892868,5,simplekt
34052752110184022,1.0,0.9672833,5,simplekt
34052752110184022,1.0,0.62228525,5,simplekt
34052752110184022,1.0,0.91701525,5,simplekt
34052752110184022,1.0,0.9140556,5,simplekt
34052752110184022,1.0,0.725064,5,simplekt
34052752110184022,1.0,0.9054285,5,simplekt
34052752110184022,1.0,0.94014615,5,simplekt
34052752110184022,1.0,0.97446096,5,simplekt
34052752110184022,1.0,0.9512863,5,simplekt
34052752110184022,1.0,0.9855623,5,simplekt
34052752110184022,1.0,0.9879965,5,simplekt
34052752110184022,1.0,0.9701763,5,simplekt
34052752110184022,1.0,0.95309633,5,simplekt
34052752110184022,1.0,0.8547412,5,simplekt
34052752110184022,1.0,0.98826885,5,simplekt
34052752110184022,0.0,0.9764494,5,simplekt
34052752110184022,0.0,0.8852056,5,simplekt
34052752110184022,1.0,0.95554805,5,simplekt
34052752110184022,1.0,0.9998882,5,simplekt
34052752110184022,1.0,0.9061145,5,simplekt
34052752110184022,1.0,0.93950415,5,simplekt
34052752110184022,1.0,0.9999975,5,simplekt
34052752110184022,1.0,0.9850375,5,simplekt
34052752110184022,1.0,0.9316603,5,simplekt
34052752110184022,1.0,0.9799406,5,simplekt
34052752110184022,1.0,0.6109208,5,simplekt
34052752110184022,1.0,0.9573843,5,simplekt
34052752110184022,1.0,0.9999907,5,simplekt
34052752110184022,1.0,0.99045056,5,simplekt
34052752110184022,1.0,0.99583673,5,simplekt
34052752110184022,1.0,0.99008614,5,simplekt
34052752110184022,1.0,0.91836995,5,simplekt
34052752110184022,1.0,0.9853188,5,simplekt
34052752110184022,1.0,0.9999993,5,simplekt
34052752110184022,0.0,0.80269176,5,simplekt
34052752110184022,1.0,0.9111964,5,simplekt
34052752110184022,1.0,0.9810368,5,simplekt
34052752110184022,1.0,0.9999572,5,simplekt
34052752110184022,1.0,0.93252057,5,simplekt
34052752110184022,1.0,0.9443553,5,simplekt
34052752110184022,1.0,0.98962563,5,simplekt
34052752110184022,1.0,0.9028707,5,simplekt
34052752110184022,1.0,0.99207157,5,simplekt
34052752110184022,1.0,0.98997575,5,simplekt
34052752110184022,1.0,0.91812694,5,simplekt
34052752110184022,1.0,0.99318945,5,simplekt
34052752110184022,1.0,0.91172266,5,simplekt
34052752110184022,1.0,0.94183576,5,simplekt
34052752110184022,0.0,0.87527287,5,simplekt
34052752110184022,0.0,0.42729318,5,simplekt
34052752110184022,0.0,0.6689871,5,simplekt
34052752110184022,1.0,0.9438886,5,simplekt
34052752110184022,1.0,0.9874758,5,simplekt
34052752110184022,1.0,0.9446338,5,simplekt
34052752110184022,1.0,0.98121876,5,simplekt
34052752110184022,1.0,0.88068694,5,simplekt
34052752110184022,1.0,0.97871256,5,simplekt
34052752110184022,1.0,0.96692175,5,simplekt
34052752110184022,1.0,0.9693084,5,simplekt
34052752110184022,1.0,0.96288735,5,simplekt
34052752110184022,1.0,0.86780083,5,simplekt
34052752110184022,1.0,0.92246,5,simplekt
34052752110184022,1.0,0.9753336,5,simplekt
34052752110184022,1.0,0.77733123,5,simplekt
34052752110184022,1.0,0.9510921,5,simplekt
34052752110184022,1.0,0.99999607,5,simplekt
34052752110184022,1.0,0.9778621,5,simplekt
34052752110184022,1.0,0.9403982,5,simplekt
34052752110184022,1.0,0.99999344,5,simplekt
34052752110184022,1.0,0.9763316,5,simplekt
34052752110184022,1.0,0.87475413,5,simplekt
34052752110184022,1.0,0.93567157,5,simplekt
34052752110184022,1.0,0.95821357,5,simplekt
34052752110184022,1.0,0.9361256,5,simplekt
34052752110184022,1.0,0.811446,5,simplekt
34052752110184022,0.0,0.77807105,5,simplekt
34052752110184022,1.0,0.9039651,5,simplekt
34052752110184022,1.0,0.989408,5,simplekt
34052752110184022,1.0,0.9568597,5,simplekt
34052752110184022,1.0,0.9522607,5,simplekt
34052752110184022,1.0,0.9530756,5,simplekt
34052752110184022,1.0,0.9797233,5,simplekt
34052752110184022,1.0,0.9971616,5,simplekt
34052752110184022,1.0,0.95483863,5,simplekt
34052752110184022,1.0,0.9138556,5,simplekt
34052752110184022,1.0,0.9832218,5,simplekt
34052752110184022,0.0,0.9869034,5,simplekt
34052752110184022,0.0,0.6709282,5,simplekt
34052752110184022,0.0,0.42814735,5,simplekt
34052752110184022,0.0,0.41018495,5,simplekt
34052752110184022,0.0,1.4431911e-05,5,simplekt
34052752110184022,0.0,0.19557083,5,simplekt
34052752110184022,1.0,0.8703236,5,simplekt
34052752110184022,1.0,0.99998224,5,simplekt
34052752110184022,1.0,0.9698585,5,simplekt
34052752110184022,1.0,0.9999505,5,simplekt
34052752110184022,0.0,0.9355619,5,simplekt
34052752110184022,0.0,2.5777863e-06,5,simplekt
34052752110184022,1.0,0.7200906,5,simplekt
34052752110184022,0.0,0.79182756,5,simplekt
34052752110184022,1.0,0.52708405,5,simplekt
34052752110184022,1.0,0.8558435,5,simplekt
34052752110184022,1.0,0.6279765,5,simplekt
34052752110184022,1.0,0.7718325,5,simplekt
34052752110184022,0.0,0.7552105,5,simplekt
34052752110184022,0.0,0.40061986,5,simplekt
34052752110184022,1.0,0.5850465,5,simplekt
34052752110184022,1.0,0.48197317,5,simplekt
34052752110184022,1.0,0.9996921,5,simplekt
34052752110184022,1.0,0.60072905,5,simplekt
34052752110184022,1.0,0.6601599,5,simplekt
34052752110184022,1.0,0.9661464,5,simplekt
34052752110184022,0.0,0.74282837,5,simplekt
34052752110184022,0.0,0.5381102,5,simplekt
34052752110184022,0.0,0.37883025,5,simplekt
34052752110184022,0.0,0.45684335,5,simplekt
34052752110184022,1.0,0.7023749,5,simplekt
34052752110184022,1.0,0.81946766,5,simplekt
34052752110184022,1.0,0.99950945,5,simplekt
34052752110184022,0.0,0.53395265,5,simplekt
34052752110184022,1.0,0.78459793,5,simplekt
36883651420153627,1.0,0.9539243,5,simplekt
36883651420153627,1.0,0.9566066,5,simplekt
36883651420153627,0.0,0.83754385,5,simplekt
36883651420153627,1.0,0.9562551,5,simplekt
36883651420153627,1.0,0.99993324,5,simplekt
36883651420153627,1.0,0.936852,5,simplekt
36883651420153627,1.0,0.89126295,5,simplekt
36883651420153627,1.0,0.6949123,5,simplekt
36883651420153627,1.0,0.9891733,5,simplekt
36883651420153627,1.0,0.960748,5,simplekt
36883651420153627,1.0,0.9680066,5,simplekt
36883651420153627,1.0,0.8828808,5,simplekt
36883651420153627,1.0,0.9480249,5,simplekt
36883651420153627,0.0,0.8835164,5,simplekt
36883651420153627,0.0,0.75097585,5,simplekt
36883651420153627,1.0,0.3562384,5,simplekt
36883651420153627,1.0,0.8503766,5,simplekt
36883651420153627,1.0,0.41020474,5,simplekt
36883651420153627,1.0,0.81182706,5,simplekt
36883651420153627,1.0,0.90387034,5,simplekt
36883651420153627,1.0,0.92528564,5,simplekt
36883651420153627,1.0,0.5388226,5,simplekt
36883651420153627,1.0,0.59492224,5,simplekt
36883651420153627,1.0,0.74790317,5,simplekt
36883651420153627,1.0,0.999998,5,simplekt
36883651420153627,1.0,0.96081185,5,simplekt
36883651420153627,1.0,0.96249515,5,simplekt
36883651420153627,1.0,0.99998236,5,simplekt
36883651420153627,1.0,0.94329447,5,simplekt
36883651420153627,0.0,0.91991436,5,simplekt
36883651420153627,0.0,4.0229854e-05,5,simplekt
36883651420153627,1.0,0.5056197,5,simplekt
36883651420153627,0.0,0.9163498,5,simplekt
36883651420153627,0.0,1.354291e-05,5,simplekt
36883651420153627,1.0,0.81116456,5,simplekt
36883651420153627,1.0,0.9281762,5,simplekt
36883651420153627,0.0,0.8796928,5,simplekt
36883651420153627,1.0,0.8384549,5,simplekt
36883651420153627,1.0,0.9512755,5,simplekt
36883651420153627,1.0,0.86696327,5,simplekt
36883651420153627,1.0,0.99999857,5,simplekt
36883651420153627,1.0,0.972968,5,simplekt
36883651420153627,1.0,0.9999832,5,simplekt
36883651420153627,1.0,0.949029,5,simplekt
36883651420153627,1.0,0.99999785,5,simplekt
36883651420153627,1.0,0.4872444,5,simplekt
36883651420153627,1.0,0.62387645,5,simplekt
36883651420153627,1.0,0.99999106,5,simplekt
36883651420153627,1.0,0.6150685,5,simplekt
36883651420153627,1.0,0.9069246,5,simplekt
36883651420153627,1.0,0.9399797,5,simplekt
36883651420153627,1.0,0.9584825,5,simplekt
36883651420153627,1.0,0.99999547,5,simplekt
36883651420153627,1.0,0.96112615,5,simplekt
36883651420153627,1.0,0.9999995,5,simplekt
36883651420153627,1.0,0.99999917,5,simplekt
36883651420153627,1.0,0.99999404,5,simplekt
36883651420153627,1.0,0.9911596,5,simplekt
36883651420153627,1.0,0.94517493,5,simplekt
36883651420153627,1.0,0.98801404,5,simplekt
36883651420153627,1.0,0.99999976,5,simplekt
36883651420153627,1.0,0.9730319,5,simplekt
36883651420153627,1.0,0.9599271,5,simplekt
36883651420153627,1.0,0.9812098,5,simplekt
36883651420153627,1.0,0.950489,5,simplekt
36883651420153627,1.0,0.9880569,5,simplekt
36883651420153627,1.0,0.9799454,5,simplekt
36883651420153627,1.0,0.9905872,5,simplekt
36883651420153627,1.0,0.9798565,5,simplekt
36883651420153627,1.0,0.96311927,5,simplekt
36883651420153627,1.0,0.98430485,5,simplekt
36883651420153627,1.0,0.9683235,5,simplekt
36883651420153627,1.0,0.99599236,5,simplekt
36883651420153627,1.0,0.9999964,5,simplekt
36883651420153627,1.0,0.93539226,5,simplekt
36883651420153627,1.0,0.8992688,5,simplekt
36883651420153627,1.0,0.9999989,5,simplekt
36883651420153627,1.0,0.9500675,5,simplekt
36883651420153627,1.0,0.9914944,5,simplekt
36883651420153627,1.0,0.856236,5,simplekt
36883651420153627,1.0,0.8919193,5,simplekt
36883651420153627,0.0,0.72838223,5,simplekt
36883651420153627,1.0,0.64480484,5,simplekt
36883651420153627,1.0,0.67465943,5,simplekt
36883651420153627,1.0,0.93202424,5,simplekt
36883651420153627,1.0,0.7076654,5,simplekt
36883651420153627,1.0,0.9456578,5,simplekt
36883651420153627,1.0,0.99999666,5,simplekt
36883651420153627,1.0,0.95771235,5,simplekt
36883651420153627,1.0,0.9965228,5,simplekt
36883651420153627,1.0,0.9989446,5,simplekt
36883651420153627,1.0,0.9828347,5,simplekt
36883651420153627,1.0,0.9803311,5,simplekt
36883651420153627,1.0,0.9697889,5,simplekt
36883651420153627,1.0,0.9760356,5,simplekt
36883651420153627,1.0,0.9999995,5,simplekt
36883651420153627,1.0,0.9999999,5,simplekt
36883651420153627,1.0,0.98206526,5,simplekt
36883651420153627,1.0,0.99999404,5,simplekt
36883651420153627,1.0,0.9951433,5,simplekt
36883651420153627,1.0,0.9482847,5,simplekt
36883651420153627,1.0,0.9999994,5,simplekt
36883651420153627,1.0,1.0,5,simplekt
36883651420153627,1.0,0.9923515,5,simplekt
36883651420153627,1.0,0.9999989,5,simplekt
36883651420153627,0.0,0.80232793,5,simplekt
36883651420153627,0.0,7.560221e-06,5,simplekt
36883651420153627,1.0,0.8056952,5,simplekt
36883651420153627,1.0,0.98963976,5,simplekt
36883651420153627,1.0,0.79694885,5,simplekt
36883651420153627,0.0,0.83210874,5,simplekt
36883651420153627,1.0,0.7077303,5,simplekt
36883651420153627,1.0,0.87832326,5,simplekt
36883651420153627,1.0,0.8822015,5,simplekt
36883651420153627,1.0,0.9207707,5,simplekt
36883651420153627,1.0,0.97403675,5,simplekt
36883651420153627,1.0,0.99082047,5,simplekt
36883651420153627,1.0,0.98399067,5,simplekt
36883651420153627,1.0,0.98761344,5,simplekt
36883651420153627,1.0,0.99999726,5,simplekt
36883651420153627,1.0,0.9854166,5,simplekt
36883651420153627,1.0,0.9615769,5,simplekt
36883651420153627,1.0,0.97439945,5,simplekt
36883651420153627,1.0,0.9933716,5,simplekt
36883651420153627,1.0,0.9615411,5,simplekt
36883651420153627,1.0,0.9938899,5,simplekt
36883651420153627,1.0,0.889835,5,simplekt
36883651420153627,1.0,0.97093225,5,simplekt
36883651420153627,1.0,0.9980387,5,simplekt
36883651420153627,1.0,0.9999999,5,simplekt
36883651420153627,1.0,0.9999993,5,simplekt
36883651420153627,1.0,0.9999993,5,simplekt
36883651420153627,1.0,0.98428625,5,simplekt
36883651420153627,1.0,0.86293,5,simplekt
36883651420153627,1.0,0.5467407,5,simplekt
36883651420153627,1.0,0.9642677,5,simplekt
36883651420153627,1.0,0.97270364,5,simplekt
36883651420153627,1.0,0.97803843,5,simplekt
36883651420153627,1.0,0.99180156,5,simplekt
36883651420153627,1.0,0.9880667,5,simplekt
36883651420153627,1.0,0.9799169,5,simplekt
36883651420153627,1.0,0.99999857,5,simplekt
36883651420153627,1.0,0.99612856,5,simplekt
36883651420153627,1.0,0.9868667,5,simplekt
36883651420153627,1.0,0.9985721,5,simplekt
36883651420153627,1.0,0.9711047,5,simplekt
36883651420153627,1.0,0.98859334,5,simplekt
36883651420153627,1.0,0.94968086,5,simplekt
36883651420153627,1.0,0.9747251,5,simplekt
36883651420153627,1.0,0.99276114,5,simplekt
36883651420153627,1.0,0.99519557,5,simplekt
36883651420153627,1.0,0.9907803,5,simplekt
36883651420153627,0.0,0.7544864,5,simplekt
36883651420153627,1.0,0.9350018,5,simplekt
36883651420153627,1.0,0.91865426,5,simplekt
36883651420153627,1.0,0.9671303,5,simplekt
36883651420153627,1.0,0.79580337,5,simplekt
36883651420153627,1.0,0.99998593,5,simplekt
36883651420153627,1.0,0.8527031,5,simplekt
36883651420153627,1.0,0.89491946,5,simplekt
36883651420153627,1.0,0.99409497,5,simplekt
36883651420153627,1.0,0.99999404,5,simplekt
36883651420153627,1.0,0.9743449,5,simplekt
36883651420153627,0.0,0.98659724,5,simplekt
36883651420153627,0.0,0.001058013,5,simplekt
36883651420153627,1.0,0.9209316,5,simplekt
36883651420153627,1.0,0.9801033,5,simplekt
36883651420153627,1.0,0.99997544,5,simplekt
36883651420153627,1.0,0.9548391,5,simplekt
36883651420153627,1.0,0.99609035,5,simplekt
36883651420153627,1.0,0.9862316,5,simplekt
36883651420153627,1.0,0.9999883,5,simplekt
36883651420153627,1.0,0.9782818,5,simplekt
36883651420153627,1.0,0.993472,5,simplekt
36883651420153627,1.0,0.8824887,5,simplekt
36883651420153627,1.0,0.9903438,5,simplekt
36883651420153627,1.0,0.9086523,5,simplekt
36883651420153627,1.0,0.9640765,5,simplekt
36883651420153627,1.0,0.99554765,5,simplekt
36883651420153627,1.0,0.99999785,5,simplekt
36883651420153627,1.0,0.8146851,5,simplekt
36883651420153627,1.0,0.9958346,5,simplekt
36883651420153627,1.0,0.9944056,5,simplekt
36883651420153627,1.0,0.9961456,5,simplekt
36883651420153627,1.0,0.92826396,5,simplekt
36883651420153627,1.0,0.9888158,5,simplekt
36883651420153627,1.0,0.97992504,5,simplekt
36883651420153627,1.0,0.999987,5,simplekt
36883651420153627,1.0,0.98672163,5,simplekt
36883651420153627,1.0,0.99661356,5,simplekt
36883651420153627,1.0,0.97604054,5,simplekt
36883651420153627,1.0,0.99999034,5,simplekt
36883651420153627,1.0,0.9861784,5,simplekt
36883651420153627,1.0,0.96177286,5,simplekt
36883651420153627,1.0,0.9896421,5,simplekt
36883651420153627,1.0,0.9775134,5,simplekt
36883651420153627,1.0,0.9999869,5,simplekt
36883651420153627,1.0,0.98583615,5,simplekt
36883651420153627,1.0,0.97947466,5,simplekt
39423441529846051,1.0,0.96562773,5,simplekt
39423441529846051,1.0,0.8919859,5,simplekt
39423441529846051,1.0,0.9767308,5,simplekt
39423441529846051,1.0,0.9709708,5,simplekt
39423441529846051,1.0,0.8756969,5,simplekt
39423441529846051,1.0,0.6488644,5,simplekt
39423441529846051,1.0,0.9539993,5,simplekt
39423441529846051,1.0,0.873328,5,simplekt
39423441529846051,1.0,0.9230669,5,simplekt
39423441529846051,1.0,0.89656824,5,simplekt
39423441529846051,1.0,0.98481816,5,simplekt
39423441529846051,1.0,0.94677377,5,simplekt
39423441529846051,1.0,0.9592178,5,simplekt
39423441529846051,1.0,0.8815817,5,simplekt
39423441529846051,1.0,0.98332363,5,simplekt
39423441529846051,1.0,0.8263825,5,simplekt
39423441529846051,1.0,0.7340881,5,simplekt
39423441529846051,1.0,0.9698842,5,simplekt
39423441529846051,1.0,0.9728775,5,simplekt
39423441529846051,1.0,0.9999678,5,simplekt
39423441529846051,1.0,0.9060339,5,simplekt
39423441529846051,1.0,0.96111965,5,simplekt
39423441529846051,1.0,0.9952272,5,simplekt
39423441529846051,1.0,0.9277915,5,simplekt
39423441529846051,1.0,0.9682768,5,simplekt
39423441529846051,1.0,0.995488,5,simplekt
39423441529846051,0.0,0.7824769,5,simplekt
39423441529846051,1.0,0.88299865,5,simplekt
39423441529846051,1.0,0.9488808,5,simplekt
39423441529846051,0.0,0.8527836,5,simplekt
39423441529846051,0.0,0.8626792,5,simplekt
39423441529846051,1.0,0.90386206,5,simplekt
39423441529846051,1.0,0.8042803,5,simplekt
39423441529846051,1.0,0.8825843,5,simplekt
39423441529846051,1.0,0.8502985,5,simplekt
39423441529846051,1.0,0.99987733,5,simplekt
39423441529846051,1.0,0.9420447,5,simplekt
39423441529846051,1.0,0.95091695,5,simplekt
39423441529846051,1.0,0.9717443,5,simplekt
39423441529846051,1.0,0.96755934,5,simplekt
39423441529846051,1.0,0.96851325,5,simplekt
39423441529846051,1.0,0.9794509,5,simplekt
39423441529846051,1.0,0.9248441,5,simplekt
39423441529846051,1.0,0.97674483,5,simplekt
39423441529846051,1.0,0.94864136,5,simplekt
39423441529846051,1.0,0.9904896,5,simplekt
39423441529846051,1.0,0.9254431,5,simplekt
39423441529846051,1.0,0.9908528,5,simplekt
39423441529846051,1.0,0.94517267,5,simplekt
39423441529846051,1.0,0.9367032,5,simplekt
39423441529846051,1.0,0.90399176,5,simplekt
39423441529846051,1.0,0.92322063,5,simplekt
39423441529846051,1.0,0.7427162,5,simplekt
39423441529846051,1.0,0.98839694,5,simplekt
39423441529846051,1.0,0.96549124,5,simplekt
39423441529846051,1.0,0.8065373,5,simplekt
39423441529846051,1.0,0.9124178,5,simplekt
39423441529846051,1.0,0.9905105,5,simplekt
39423441529846051,1.0,0.9910052,5,simplekt
39423441529846051,1.0,0.97894317,5,simplekt
39423441529846051,1.0,0.990368,5,simplekt
39423441529846051,1.0,0.9607491,5,simplekt
39423441529846051,1.0,0.9742133,5,simplekt
39423441529846051,1.0,0.9804063,5,simplekt
39423441529846051,1.0,0.9846007,5,simplekt
39423441529846051,1.0,0.9821291,5,simplekt
39423441529846051,1.0,0.9901562,5,simplekt
39423441529846051,1.0,0.98842025,5,simplekt
39423441529846051,1.0,0.9692945,5,simplekt
39423441529846051,1.0,0.99563,5,simplekt
39423441529846051,1.0,0.9992311,5,simplekt
39423441529846051,0.0,0.95757884,5,simplekt
39423441529846051,1.0,0.9423507,5,simplekt
39423441529846051,1.0,0.94170135,5,simplekt
39423441529846051,1.0,0.9529267,5,simplekt
39423441529846051,1.0,0.8763786,5,simplekt
39423441529846051,1.0,0.95350003,5,simplekt
39423441529846051,1.0,0.94704777,5,simplekt
39423441529846051,1.0,0.9787354,5,simplekt
39423441529846051,1.0,0.97434795,5,simplekt
39423441529846051,1.0,0.97843766,5,simplekt
39423441529846051,1.0,0.98386294,5,simplekt
39423441529846051,1.0,0.9999988,5,simplekt
39423441529846051,1.0,0.99999297,5,simplekt
39423441529846051,1.0,0.98305315,5,simplekt
39423441529846051,1.0,0.95543474,5,simplekt
39423441529846051,1.0,0.81977963,5,simplekt
39423441529846051,1.0,0.9931039,5,simplekt
39423441529846051,1.0,0.9900594,5,simplekt
39423441529846051,1.0,0.9725831,5,simplekt
39423441529846051,1.0,0.9783554,5,simplekt
39423441529846051,1.0,0.9999993,5,simplekt
39423441529846051,1.0,0.9971871,5,simplekt
39423441529846051,1.0,0.9988538,5,simplekt
39423441529846051,0.0,0.27883556,5,simplekt
39423441529846051,1.0,0.9947206,5,simplekt
39423441529846051,1.0,0.98447305,5,simplekt
39423441529846051,1.0,0.99700075,5,simplekt
39423441529846051,1.0,0.98301595,5,simplekt
39423441529846051,1.0,0.98275375,5,simplekt
39423441529846051,1.0,0.9687241,5,simplekt
39423441529846051,1.0,0.995093,5,simplekt
39423441529846051,1.0,0.99999976,5,simplekt
39423441529846051,1.0,0.9823614,5,simplekt
39423441529846051,1.0,0.9933373,5,simplekt
39423441529846051,1.0,0.9401584,5,simplekt
39423441529846051,1.0,0.996421,5,simplekt
39423441529846051,1.0,0.98461807,5,simplekt
39423441529846051,1.0,0.9801271,5,simplekt
39423441529846051,1.0,0.97673357,5,simplekt
39423441529846051,1.0,0.98991233,5,simplekt
39423441529846051,1.0,0.9985091,5,simplekt
39423441529846051,1.0,0.9810388,5,simplekt
39423441529846051,1.0,0.948541,5,simplekt
39423441529846051,0.0,0.8873807,5,simplekt
39423441529846051,0.0,0.72396463,5,simplekt
39423441529846051,1.0,0.94590724,5,simplekt
39423441529846051,1.0,0.96989655,5,simplekt
39423441529846051,1.0,0.96250606,5,simplekt
39423441529846051,1.0,0.98186684,5,simplekt
39423441529846051,1.0,0.96248883,5,simplekt
39423441529846051,1.0,0.96514136,5,simplekt
39423441529846051,1.0,0.9999999,5,simplekt
39423441529846051,1.0,0.9858372,5,simplekt
39423441529846051,1.0,0.98556536,5,simplekt
39423441529846051,1.0,0.9887552,5,simplekt
39423441529846051,1.0,0.9908731,5,simplekt
39423441529846051,1.0,0.981324,5,simplekt
39423441529846051,1.0,0.9788083,5,simplekt
39423441529846051,1.0,0.9937196,5,simplekt
39423441529846051,1.0,0.9557684,5,simplekt
39423441529846051,1.0,0.99999845,5,simplekt
39423441529846051,1.0,0.9550926,5,simplekt
39423441529846051,1.0,0.97237355,5,simplekt
39423441529846051,1.0,0.9552664,5,simplekt
39423441529846051,1.0,0.8216138,5,simplekt
39423441529846051,0.0,0.80040294,5,simplekt
39423441529846051,1.0,0.57166255,5,simplekt
39423441529846051,1.0,0.9999826,5,simplekt
39423441529846051,1.0,0.63539153,5,simplekt
39423441529846051,1.0,0.38178802,5,simplekt
39423441529846051,1.0,0.6735113,5,simplekt
39423441529846051,0.0,0.717395,5,simplekt
39423441529846051,0.0,0.78748024,5,simplekt
39423441529846051,0.0,2.066664e-06,5,simplekt
39423441529846051,1.0,0.7994957,5,simplekt
39423441529846051,1.0,0.9017765,5,simplekt
39423441529846051,1.0,0.91443074,5,simplekt
39423441529846051,1.0,0.7945728,5,simplekt
39423441529846051,1.0,0.951783,5,simplekt
39423441529846051,1.0,0.9334872,5,simplekt
39423441529846051,1.0,0.957988,5,simplekt
39423441529846051,1.0,0.9666793,5,simplekt
39423441529846051,1.0,0.99999964,5,simplekt
39423441529846051,1.0,0.9196359,5,simplekt
39423441529846051,1.0,0.9536495,5,simplekt
39423441529846051,1.0,0.9627128,5,simplekt
39423441529846051,1.0,0.9999933,5,simplekt
39423441529846051,1.0,0.9643908,5,simplekt
39423441529846051,1.0,0.9999988,5,simplekt
39423441529846051,1.0,0.9999999,5,simplekt
39423441529846051,1.0,0.9999969,5,simplekt
39423441529846051,1.0,0.990571,5,simplekt
39423441529846051,1.0,0.9439906,5,simplekt
39423441529846051,1.0,0.98552066,5,simplekt
39423441529846051,1.0,0.9999999,5,simplekt
39423441529846051,1.0,0.9765803,5,simplekt
39423441529846051,1.0,0.95234454,5,simplekt
39423441529846051,1.0,0.97853523,5,simplekt
39423441529846051,1.0,0.9417019,5,simplekt
39423441529846051,1.0,0.9860598,5,simplekt
39423441529846051,1.0,0.9832744,5,simplekt
39423441529846051,1.0,0.8354637,5,simplekt
39423441529846051,1.0,0.99999654,5,simplekt
39423441529846051,1.0,0.9590444,5,simplekt
39423441529846051,1.0,0.9896695,5,simplekt
39423441529846051,1.0,0.95873773,5,simplekt
39423441529846051,1.0,0.97808003,5,simplekt
39423441529846051,1.0,0.9921252,5,simplekt
39423441529846051,1.0,0.9682243,5,simplekt
39423441529846051,1.0,0.99433124,5,simplekt
39423441529846051,1.0,0.91920954,5,simplekt
39423441529846051,1.0,0.9684184,5,simplekt
39423441529846051,1.0,0.99775034,5,simplekt
39423441529846051,1.0,0.99999964,5,simplekt
39423441529846051,1.0,0.99999726,5,simplekt
39423441529846051,1.0,0.9999949,5,simplekt
39423441529846051,1.0,0.9808394,5,simplekt
39423441529846051,1.0,0.86013365,5,simplekt
39423441529846051,1.0,0.99993515,5,simplekt
39423441529846051,1.0,0.99987125,5,simplekt
39423441529846051,1.0,0.89898354,5,simplekt
39423441529846051,1.0,0.9690596,5,simplekt
39423441529846051,0.0,0.709357,5,simplekt
39423441529846051,0.0,0.86462086,5,simplekt
39423441529846051,1.0,0.64820313,5,simplekt
39423441529846051,0.0,0.7747896,5,simplekt
39423441529846051,1.0,0.5745676,5,simplekt
39423441529846051,1.0,0.9999969,5,simplekt
39942382374193683,1.0,0.9999802,5,simplekt
39942382374193683,1.0,0.9759891,5,simplekt
39942382374193683,1.0,0.9445603,5,simplekt
39942382374193683,1.0,0.99999964,5,simplekt
39942382374193683,1.0,0.8898612,5,simplekt
39942382374193683,1.0,0.9411034,5,simplekt
39942382374193683,1.0,0.82328004,5,simplekt
39942382374193683,1.0,0.9062564,5,simplekt
39942382374193683,1.0,0.81413674,5,simplekt
39942382374193683,0.0,0.34903812,5,simplekt
39942382374193683,1.0,0.9284944,5,simplekt
39942382374193683,1.0,0.87776935,5,simplekt
39942382374193683,1.0,0.9766759,5,simplekt
39942382374193683,1.0,0.92917234,5,simplekt
39942382374193683,1.0,0.9347473,5,simplekt
39942382374193683,1.0,0.87891203,5,simplekt
39942382374193683,1.0,0.97856665,5,simplekt
39942382374193683,1.0,0.9999956,5,simplekt
39942382374193683,1.0,0.9471562,5,simplekt
39942382374193683,1.0,0.44046345,5,simplekt
39942382374193683,0.0,0.4071813,5,simplekt
39942382374193683,1.0,0.89897597,5,simplekt
39942382374193683,1.0,0.9178596,5,simplekt
39942382374193683,1.0,0.9401733,5,simplekt
39942382374193683,1.0,0.9876611,5,simplekt
39942382374193683,1.0,0.8995807,5,simplekt
39942382374193683,1.0,0.9308088,5,simplekt
39942382374193683,1.0,0.9911213,5,simplekt
39942382374193683,1.0,0.9917557,5,simplekt
39942382374193683,1.0,0.9731339,5,simplekt
39942382374193683,1.0,0.9734115,5,simplekt
39942382374193683,0.0,0.836321,5,simplekt
39942382374193683,1.0,0.8968759,5,simplekt
39942382374193683,0.0,0.76197,5,simplekt
39942382374193683,0.0,0.427823,5,simplekt
39942382374193683,1.0,0.7206896,5,simplekt
39942382374193683,1.0,0.7694151,5,simplekt
39942382374193683,1.0,0.83431625,5,simplekt
39942382374193683,1.0,0.8248922,5,simplekt
39942382374193683,1.0,0.9352522,5,simplekt
39942382374193683,1.0,0.98272645,5,simplekt
39942382374193683,1.0,0.89802504,5,simplekt
39942382374193683,1.0,0.9342348,5,simplekt
39942382374193683,1.0,0.91815156,5,simplekt
39942382374193683,1.0,0.87188095,5,simplekt
39942382374193683,1.0,0.95760417,5,simplekt
39942382374193683,1.0,0.9708407,5,simplekt
39942382374193683,1.0,0.96160793,5,simplekt
39942382374193683,1.0,0.9340718,5,simplekt
39942382374193683,1.0,0.9615128,5,simplekt
39942382374193683,1.0,0.974708,5,simplekt
39942382374193683,1.0,0.96540916,5,simplekt
39942382374193683,1.0,0.89257973,5,simplekt
39942382374193683,1.0,0.99066836,5,simplekt
39942382374193683,1.0,0.96421194,5,simplekt
39942382374193683,0.0,0.9626659,5,simplekt
39942382374193683,1.0,0.82540536,5,simplekt
39942382374193683,1.0,0.94690025,5,simplekt
39942382374193683,1.0,0.9918777,5,simplekt
39942382374193683,1.0,0.8799523,5,simplekt
39942382374193683,1.0,0.57948697,5,simplekt
39942382374193683,1.0,0.9644498,5,simplekt
39942382374193683,1.0,0.99999714,5,simplekt
39942382374193683,1.0,0.97889906,5,simplekt
39942382374193683,1.0,0.93022025,5,simplekt
39942382374193683,1.0,0.9370968,5,simplekt
39942382374193683,1.0,0.98044074,5,simplekt
39942382374193683,1.0,0.9114651,5,simplekt
39942382374193683,1.0,0.928116,5,simplekt
39942382374193683,1.0,0.98390317,5,simplekt
39942382374193683,1.0,0.956172,5,simplekt
39942382374193683,1.0,0.9766799,5,simplekt
39942382374193683,1.0,0.97962576,5,simplekt
39942382374193683,1.0,0.8653719,5,simplekt
39942382374193683,1.0,0.9930709,5,simplekt
39942382374193683,1.0,0.99999785,5,simplekt
39942382374193683,1.0,0.976703,5,simplekt
39942382374193683,1.0,0.9314178,5,simplekt
39942382374193683,1.0,0.9455301,5,simplekt
39942382374193683,1.0,0.85674393,5,simplekt
39942382374193683,1.0,0.96771073,5,simplekt
39942382374193683,0.0,0.95168525,5,simplekt
39942382374193683,1.0,0.93272024,5,simplekt
39942382374193683,0.0,0.53874177,5,simplekt
39942382374193683,0.0,0.32510847,5,simplekt
39942382374193683,0.0,0.414357,5,simplekt
39942382374193683,0.0,3.6471406e-06,5,simplekt
39942382374193683,1.0,0.9247592,5,simplekt
39942382374193683,0.0,0.91846097,5,simplekt
39942382374193683,0.0,6.277518e-05,5,simplekt
39942382374193683,1.0,0.53437907,5,simplekt
39942382374193683,0.0,0.63536316,5,simplekt
39942382374193683,0.0,2.1738924e-05,5,simplekt
39942382374193683,1.0,0.6112048,5,simplekt
39942382374193683,1.0,0.7949967,5,simplekt
39942382374193683,1.0,0.9999987,5,simplekt
39942382374193683,1.0,0.805169,5,simplekt
39942382374193683,0.0,0.904508,5,simplekt
39942382374193683,1.0,0.81965643,5,simplekt
39942382374193683,1.0,0.9999943,5,simplekt
39942382374193683,0.0,0.74234444,5,simplekt
39942382374193683,0.0,0.501275,5,simplekt
39942382374193683,0.0,0.4632443,5,simplekt
39942382374193683,1.0,0.593708,5,simplekt
39942382374193683,1.0,0.6758913,5,simplekt
39942382374193683,1.0,0.51253444,5,simplekt
39942382374193683,1.0,0.7944783,5,simplekt
39942382374193683,1.0,0.49723047,5,simplekt
39942382374193683,1.0,0.99981827,5,simplekt
39942382374193683,0.0,0.76581407,5,simplekt
39942382374193683,0.0,0.28888372,5,simplekt
39942382374193683,0.0,0.005625806,5,simplekt
39942382374193683,0.0,0.56260437,5,simplekt
39942382374193683,1.0,0.47899204,5,simplekt
39942382374193683,1.0,0.7711033,5,simplekt
39942382374193683,1.0,0.82082504,5,simplekt
39942382374193683,0.0,0.7510855,5,simplekt
39942382374193683,0.0,6.675531e-06,5,simplekt
39942382374193683,1.0,0.7200734,5,simplekt
39942382374193683,1.0,0.9999747,5,simplekt
39942382374193683,1.0,0.8668431,5,simplekt
39942382374193683,1.0,0.9999919,5,simplekt
39942382374193683,1.0,0.9084237,5,simplekt
39942382374193683,0.0,0.25190154,5,simplekt
39942382374193683,0.0,0.16682893,5,simplekt
39942382374193683,0.0,9.564902e-06,5,simplekt
39942382374193683,0.0,0.1266243,5,simplekt
39942382374193683,1.0,0.6991274,5,simplekt
39942382374193683,1.0,0.8315135,5,simplekt
39942382374193683,1.0,0.8378405,5,simplekt
39942382374193683,1.0,0.9999808,5,simplekt
39942382374193683,1.0,0.8841849,5,simplekt
39942382374193683,1.0,0.99999523,5,simplekt
39942382374193683,1.0,0.99999905,5,simplekt
39942382374193683,1.0,0.99998784,5,simplekt
39942382374193683,1.0,0.9452432,5,simplekt
39942382374193683,1.0,0.7992855,5,simplekt
39942382374193683,1.0,0.9609939,5,simplekt
39942382374193683,1.0,0.9999995,5,simplekt
39942382374193683,1.0,0.9099633,5,simplekt
39942382374193683,1.0,0.8068122,5,simplekt
39942382374193683,1.0,0.9376891,5,simplekt
39942382374193683,1.0,0.81875736,5,simplekt
39942382374193683,1.0,0.94322157,5,simplekt
39942382374193683,0.0,0.94583607,5,simplekt
39942382374193683,1.0,0.73415303,5,simplekt
39942382374193683,0.0,0.61478823,5,simplekt
39942382374193683,1.0,0.57577693,5,simplekt
39942382374193683,1.0,0.70491034,5,simplekt
39942382374193683,1.0,0.97003293,5,simplekt
39942382374193683,0.0,0.91532165,5,simplekt
39942382374193683,1.0,0.8519448,5,simplekt
39942382374193683,1.0,0.9000883,5,simplekt
39942382374193683,0.0,0.93297625,5,simplekt
39942382374193683,0.0,0.00010782941,5,simplekt
39942382374193683,1.0,0.8655524,5,simplekt
39942382374193683,1.0,0.8119449,5,simplekt
39942382374193683,1.0,0.9372565,5,simplekt
39942382374193683,1.0,0.9690782,5,simplekt
39942382374193683,1.0,0.87035185,5,simplekt
39942382374193683,1.0,0.9789565,5,simplekt
39942382374193683,1.0,0.72120076,5,simplekt
39942382374193683,1.0,0.9349026,5,simplekt
39942382374193683,1.0,0.9921274,5,simplekt
39942382374193683,1.0,0.99999857,5,simplekt
39942382374193683,1.0,0.9999881,5,simplekt
39942382374193683,1.0,0.99996316,5,simplekt
39942382374193683,1.0,0.9201775,5,simplekt
39942382374193683,1.0,0.94447446,5,simplekt
39942382374193683,1.0,0.9831934,5,simplekt
39942382374193683,1.0,0.8761529,5,simplekt
39942382374193683,0.0,0.6423192,5,simplekt
39942382374193683,1.0,0.76882607,5,simplekt
39942382374193683,1.0,0.8007372,5,simplekt
39942382374193683,0.0,0.5629652,5,simplekt
39942382374193683,1.0,0.82334316,5,simplekt
39942382374193683,1.0,0.95019,5,simplekt
39942382374193683,1.0,0.99995196,5,simplekt
39942382374193683,1.0,0.9475637,5,simplekt
39942382374193683,1.0,0.97530013,5,simplekt
39942382374193683,1.0,0.72043234,5,simplekt
39942382374193683,1.0,0.94369215,5,simplekt
39942382374193683,0.0,0.89542705,5,simplekt
39942382374193683,0.0,0.00026395507,5,simplekt
39942382374193683,0.0,0.85037464,5,simplekt
39942382374193683,1.0,0.91625035,5,simplekt
39942382374193683,1.0,0.803304,5,simplekt
39942382374193683,1.0,0.9994923,5,simplekt
39942382374193683,1.0,0.8779306,5,simplekt
39942382374193683,0.0,0.6571329,5,simplekt
39942382374193683,1.0,0.60052824,5,simplekt
39942382374193683,0.0,0.76510113,5,simplekt
39942382374193683,0.0,0.00045220638,5,simplekt
39942382374193683,0.0,0.6883553,5,simplekt
39942382374193683,1.0,0.3615616,5,simplekt
39942382374193683,0.0,0.61931896,5,simplekt
39942382374193683,0.0,0.0033197557,5,simplekt
39942382374193683,0.0,0.58876586,5,simplekt
39942382374193683,1.0,0.71263033,5,simplekt
44187218572548475,0.0,0.7988924,5,simplekt
44187218572548475,1.0,0.6918867,5,simplekt
44187218572548475,0.0,0.6848212,5,simplekt
44187218572548475,0.0,0.73196226,5,simplekt
44187218572548475,1.0,0.40189707,5,simplekt
44187218572548475,1.0,0.7291997,5,simplekt
44187218572548475,1.0,0.6922091,5,simplekt
44187218572548475,1.0,0.79507357,5,simplekt
44187218572548475,1.0,0.89072126,5,simplekt
44187218572548475,1.0,0.5476036,5,simplekt
44187218572548475,0.0,0.70275396,5,simplekt
44187218572548475,1.0,0.64180213,5,simplekt
44187218572548475,1.0,0.6343294,5,simplekt
44187218572548475,0.0,0.5749536,5,simplekt
44187218572548475,1.0,0.675056,5,simplekt
44187218572548475,0.0,0.78550565,5,simplekt
44187218572548475,0.0,0.75576353,5,simplekt
44187218572548475,1.0,0.666008,5,simplekt
44187218572548475,0.0,0.5697078,5,simplekt
44187218572548475,1.0,0.8631509,5,simplekt
44187218572548475,0.0,0.8609135,5,simplekt
44187218572548475,0.0,0.6515871,5,simplekt
44187218572548475,1.0,0.549128,5,simplekt
44187218572548475,1.0,0.3538464,5,simplekt
44187218572548475,1.0,0.9974154,5,simplekt
44187218572548475,1.0,0.9314659,5,simplekt
44187218572548475,1.0,0.9989396,5,simplekt
44187218572548475,0.0,0.19446254,5,simplekt
44187218572548475,0.0,0.5737807,5,simplekt
44187218572548475,0.0,0.43796948,5,simplekt
44187218572548475,0.0,0.37485337,5,simplekt
44187218572548475,1.0,0.35864606,5,simplekt
44187218572548475,0.0,0.41692254,5,simplekt
44187218572548475,1.0,0.58107936,5,simplekt
44187218572548475,1.0,0.9200628,5,simplekt
44187218572548475,0.0,0.8134365,5,simplekt
44187218572548475,1.0,0.60437524,5,simplekt
44187218572548475,1.0,0.640371,5,simplekt
44187218572548475,0.0,0.731421,5,simplekt
44187218572548475,0.0,1.3464125e-05,5,simplekt
44187218572548475,1.0,0.45110622,5,simplekt
44187218572548475,0.0,0.46970174,5,simplekt
44187218572548475,1.0,0.5526712,5,simplekt
44187218572548475,1.0,0.74876446,5,simplekt
44187218572548475,1.0,0.93220305,5,simplekt
44187218572548475,1.0,0.93937516,5,simplekt
44187218572548475,1.0,0.8597972,5,simplekt
44187218572548475,1.0,0.9999994,5,simplekt
44187218572548475,0.0,0.53776383,5,simplekt
44187218572548475,0.0,0.52880144,5,simplekt
44187218572548475,0.0,0.45133618,5,simplekt
44187218572548475,0.0,0.4425162,5,simplekt
44187218572548475,1.0,0.45097458,5,simplekt
44187218572548475,1.0,0.90550506,5,simplekt
44187218572548475,1.0,0.8730745,5,simplekt
44187218572548475,1.0,0.9998605,5,simplekt
44187218572548475,1.0,0.74277085,5,simplekt
44187218572548475,1.0,0.58736455,5,simplekt
44187218572548475,1.0,0.9519768,5,simplekt
44187218572548475,1.0,0.74568164,5,simplekt
44187218572548475,1.0,0.7671058,5,simplekt
44187218572548475,1.0,0.777184,5,simplekt
44187218572548475,1.0,0.92253256,5,simplekt
44187218572548475,1.0,0.77318305,5,simplekt
44187218572548475,1.0,0.9999794,5,simplekt
44187218572548475,1.0,0.59667337,5,simplekt
44187218572548475,0.0,0.473784,5,simplekt
44187218572548475,1.0,0.86154705,5,simplekt
44187218572548475,1.0,0.65333223,5,simplekt
44187218572548475,0.0,0.54996973,5,simplekt
44187218572548475,0.0,0.23625603,5,simplekt
44187218572548475,0.0,0.3898376,5,simplekt
44187218572548475,0.0,0.05638558,5,simplekt
44187218572548475,1.0,0.78173906,5,simplekt
44187218572548475,1.0,0.9999707,5,simplekt
44187218572548475,1.0,0.88053566,5,simplekt
44187218572548475,0.0,0.7950249,5,simplekt
44187218572548475,0.0,0.17206988,5,simplekt
44187218572548475,0.0,0.27082905,5,simplekt
44187218572548475,0.0,0.118370384,5,simplekt
44187218572548475,0.0,0.6419484,5,simplekt
44187218572548475,0.0,0.52638525,5,simplekt
44187218572548475,0.0,0.6774869,5,simplekt
44187218572548475,1.0,0.5745455,5,simplekt
44187218572548475,1.0,0.54050833,5,simplekt
44187218572548475,1.0,0.9996427,5,simplekt
44187218572548475,1.0,0.8135655,5,simplekt
44187218572548475,1.0,0.9999033,5,simplekt
44187218572548475,1.0,0.7699381,5,simplekt
44187218572548475,1.0,0.9999925,5,simplekt
44187218572548475,1.0,0.8260561,5,simplekt
44187218572548475,1.0,0.9999908,5,simplekt
44187218572548475,0.0,0.11527714,5,simplekt
44187218572548475,0.0,0.129779,5,simplekt
44187218572548475,0.0,3.4029945e-05,5,simplekt
44187218572548475,1.0,0.0972974,5,simplekt
44187218572548475,0.0,0.6471576,5,simplekt
44187218572548475,0.0,0.43526247,5,simplekt
44187218572548475,1.0,0.33936304,5,simplekt
44187218572548475,1.0,0.99995124,5,simplekt
44187218572548475,1.0,0.9999845,5,simplekt
44187218572548475,1.0,0.9998173,5,simplekt
44187218572548475,0.0,0.48013514,5,simplekt
44187218572548475,0.0,0.44512016,5,simplekt
44187218572548475,0.0,0.2608145,5,simplekt
44187218572548475,0.0,0.16426271,5,simplekt
44187218572548475,0.0,0.1291646,5,simplekt
44187218572548475,0.0,0.107842684,5,simplekt
44187218572548475,0.0,2.0342863e-05,5,simplekt
44187218572548475,0.0,0.3657282,5,simplekt
44187218572548475,0.0,0.33140284,5,simplekt
44187218572548475,1.0,0.5246142,5,simplekt
44187218572548475,1.0,0.8199233,5,simplekt
44187218572548475,1.0,0.7050505,5,simplekt
44187218572548475,0.0,0.41680446,5,simplekt
44187218572548475,0.0,1.1915565e-05,5,simplekt
44187218572548475,0.0,0.4388363,5,simplekt
44187218572548475,1.0,0.4054068,5,simplekt
44187218572548475,1.0,0.21786627,5,simplekt
44187218572548475,1.0,0.99882394,5,simplekt
44187218572548475,1.0,0.7351405,5,simplekt
44187218572548475,1.0,0.77189964,5,simplekt
44187218572548475,1.0,0.7043231,5,simplekt
44187218572548475,1.0,0.77921546,5,simplekt
44187218572548475,1.0,0.88670236,5,simplekt
44187218572548475,0.0,0.70473754,5,simplekt
44187218572548475,0.0,0.23710231,5,simplekt
44187218572548475,0.0,0.40408295,5,simplekt
44187218572548475,0.0,0.10987275,5,simplekt
44187218572548475,0.0,0.26930067,5,simplekt
44187218572548475,0.0,0.16659012,5,simplekt
44187218572548475,0.0,0.48001063,5,simplekt
44187218572548475,0.0,0.28290373,5,simplekt
44187218572548475,0.0,0.5301704,5,simplekt
44187218572548475,1.0,0.49379423,5,simplekt
44187218572548475,1.0,0.40281966,5,simplekt
44187218572548475,0.0,0.27409014,5,simplekt
44187218572548475,0.0,0.2907508,5,simplekt
44187218572548475,1.0,0.46788785,5,simplekt
44187218572548475,0.0,0.5576451,5,simplekt
44187218572548475,0.0,0.7043891,5,simplekt
44187218572548475,1.0,0.93671376,5,simplekt
44187218572548475,0.0,0.36852947,5,simplekt
44187218572548475,1.0,0.8606859,5,simplekt
44187218572548475,1.0,0.81685424,5,simplekt
44187218572548475,1.0,0.900952,5,simplekt
44187218572548475,1.0,0.917253,5,simplekt
44187218572548475,1.0,0.99998736,5,simplekt
44187218572548475,1.0,0.4229176,5,simplekt
44187218572548475,1.0,0.6573146,5,simplekt
44187218572548475,1.0,0.7780466,5,simplekt
44187218572548475,0.0,0.6404959,5,simplekt
44187218572548475,0.0,0.47539327,5,simplekt
44187218572548475,1.0,0.64499646,5,simplekt
44187218572548475,0.0,0.855812,5,simplekt
44187218572548475,0.0,0.49462298,5,simplekt
44187218572548475,1.0,0.7463527,5,simplekt
44187218572548475,1.0,0.81238806,5,simplekt
44187218572548475,1.0,0.892023,5,simplekt
44187218572548475,1.0,0.9532621,5,simplekt
44187218572548475,1.0,0.5745324,5,simplekt
44187218572548475,0.0,0.7577179,5,simplekt
44187218572548475,0.0,0.64242107,5,simplekt
44187218572548475,0.0,8.1079515e-06,5,simplekt
44187218572548475,0.0,8.8264505e-06,5,simplekt
44187218572548475,1.0,0.4135082,5,simplekt
44187218572548475,0.0,0.63927954,5,simplekt
44187218572548475,0.0,0.52036124,5,simplekt
44187218572548475,0.0,0.22546613,5,simplekt
44187218572548475,1.0,0.28780222,5,simplekt
44187218572548475,1.0,0.21086857,5,simplekt
44187218572548475,1.0,0.9975902,5,simplekt
44187218572548475,0.0,0.6433481,5,simplekt
44187218572548475,0.0,0.4898925,5,simplekt
44187218572548475,1.0,0.6666656,5,simplekt
44187218572548475,1.0,0.87464,5,simplekt
44187218572548475,1.0,0.45414674,5,simplekt
44187218572548475,0.0,0.14978202,5,simplekt
44187218572548475,0.0,0.24365234,5,simplekt
44187218572548475,1.0,0.39533877,5,simplekt
44187218572548475,0.0,0.380449,5,simplekt
44187218572548475,1.0,0.8003059,5,simplekt
44187218572548475,1.0,0.74267507,5,simplekt
44187218572548475,0.0,0.4046555,5,simplekt
44187218572548475,1.0,0.38039425,5,simplekt
44187218572548475,0.0,0.79974854,5,simplekt
44187218572548475,1.0,0.748532,5,simplekt
44187218572548475,1.0,0.9996797,5,simplekt
44187218572548475,1.0,0.24114348,5,simplekt
44187218572548475,1.0,0.997936,5,simplekt
44187218572548475,1.0,0.54405975,5,simplekt
44187218572548475,1.0,0.9345,5,simplekt
44187218572548475,1.0,0.89392877,5,simplekt
44187218572548475,1.0,0.90067095,5,simplekt
44187218572548475,1.0,0.85377955,5,simplekt
44187218572548475,1.0,0.8384029,5,simplekt
44187218572548475,0.0,0.61542326,5,simplekt
44187218572548475,0.0,6.5389206e-05,5,simplekt
44187218572548475,1.0,0.89026904,5,simplekt
45174813258656205,0.0,0.0014416161,5,simplekt
45174813258656205,0.0,0.00087854115,5,simplekt
45174813258656205,1.0,0.7943036,5,simplekt
45174813258656205,1.0,0.79424083,5,simplekt
45174813258656205,0.0,0.57374096,5,simplekt
45174813258656205,0.0,0.79977375,5,simplekt
45174813258656205,0.0,0.0022922428,5,simplekt
45174813258656205,0.0,0.49542177,5,simplekt
45174813258656205,0.0,0.45726237,5,simplekt
45174813258656205,0.0,0.4966821,5,simplekt
45174813258656205,0.0,0.6853613,5,simplekt
45174813258656205,0.0,0.42960635,5,simplekt
45174813258656205,0.0,0.37394366,5,simplekt
45174813258656205,0.0,0.021843145,5,simplekt
45174813258656205,0.0,0.4109311,5,simplekt
45174813258656205,0.0,0.37218657,5,simplekt
45174813258656205,0.0,0.1894848,5,simplekt
45174813258656205,1.0,0.5873479,5,simplekt
45174813258656205,0.0,0.7545821,5,simplekt
45174813258656205,0.0,0.16487823,5,simplekt
45174813258656205,1.0,0.5053784,5,simplekt
45174813258656205,1.0,0.3273109,5,simplekt
45174813258656205,1.0,0.35534313,5,simplekt
45174813258656205,1.0,0.74725085,5,simplekt
45174813258656205,1.0,0.8486039,5,simplekt
45174813258656205,1.0,0.53392035,5,simplekt
45174813258656205,1.0,0.9101753,5,simplekt
45174813258656205,1.0,0.8162038,5,simplekt
45174813258656205,0.0,0.19069758,5,simplekt
45174813258656205,0.0,0.46173564,5,simplekt
45174813258656205,1.0,0.51468414,5,simplekt
45174813258656205,1.0,0.82110924,5,simplekt
45174813258656205,1.0,0.7033244,5,simplekt
45174813258656205,1.0,0.9999484,5,simplekt
45174813258656205,1.0,0.8024705,5,simplekt
45174813258656205,0.0,0.39424062,5,simplekt
45174813258656205,0.0,0.4434378,5,simplekt
45174813258656205,0.0,0.5196583,5,simplekt
45174813258656205,1.0,0.42832658,5,simplekt
45174813258656205,0.0,0.33895037,5,simplekt
45174813258656205,1.0,0.34311154,5,simplekt
45174813258656205,1.0,0.7974808,5,simplekt
45174813258656205,1.0,0.84331715,5,simplekt
45174813258656205,1.0,0.92443734,5,simplekt
45174813258656205,1.0,0.9907794,5,simplekt
45174813258656205,1.0,0.86157876,5,simplekt
45174813258656205,0.0,0.35647896,5,simplekt
45174813258656205,0.0,0.6570878,5,simplekt
45174813258656205,0.0,0.4077397,5,simplekt
45174813258656205,0.0,0.24385919,5,simplekt
45174813258656205,1.0,0.5550986,5,simplekt
45174813258656205,1.0,0.6179292,5,simplekt
45174813258656205,1.0,0.51447356,5,simplekt
45174813258656205,0.0,0.71571577,5,simplekt
45174813258656205,0.0,0.50957304,5,simplekt
45174813258656205,0.0,0.16818815,5,simplekt
45174813258656205,0.0,0.7105681,5,simplekt
45174813258656205,0.0,0.00016537802,5,simplekt
45174813258656205,1.0,0.42582276,5,simplekt
45174813258656205,0.0,0.592458,5,simplekt
45174813258656205,0.0,0.12918147,5,simplekt
45174813258656205,1.0,0.712052,5,simplekt
45174813258656205,1.0,0.5648613,5,simplekt
45174813258656205,1.0,0.6697016,5,simplekt
45174813258656205,1.0,0.8768555,5,simplekt
45174813258656205,1.0,0.8745738,5,simplekt
45174813258656205,1.0,0.84426403,5,simplekt
45174813258656205,1.0,0.80269253,5,simplekt
45174813258656205,1.0,0.62131417,5,simplekt
45174813258656205,1.0,0.95051396,5,simplekt
45174813258656205,1.0,0.99999034,5,simplekt
45174813258656205,1.0,0.8276049,5,simplekt
45174813258656205,0.0,0.42639753,5,simplekt
45174813258656205,0.0,0.3901869,5,simplekt
45174813258656205,0.0,7.0996475e-06,5,simplekt
45174813258656205,0.0,0.40019143,5,simplekt
45174813258656205,0.0,0.52798367,5,simplekt
45174813258656205,1.0,0.23372646,5,simplekt
45174813258656205,1.0,0.8690364,5,simplekt
45174813258656205,0.0,0.63132703,5,simplekt
45174813258656205,0.0,0.11352804,5,simplekt
45174813258656205,0.0,9.298975e-06,5,simplekt
45174813258656205,0.0,0.37513864,5,simplekt
45174813258656205,0.0,9.8714234e-05,5,simplekt
45174813258656205,1.0,0.44080615,5,simplekt
45174813258656205,1.0,0.8433802,5,simplekt
45174813258656205,1.0,0.7795737,5,simplekt
45174813258656205,1.0,0.8038482,5,simplekt
45174813258656205,1.0,0.8066348,5,simplekt
45174813258656205,1.0,0.7269161,5,simplekt
45174813258656205,1.0,0.95453465,5,simplekt
45174813258656205,1.0,0.99999475,5,simplekt
45174813258656205,1.0,0.63658,5,simplekt
45174813258656205,1.0,0.6078866,5,simplekt
45174813258656205,1.0,0.99999046,5,simplekt
45174813258656205,1.0,0.81946135,5,simplekt
45174813258656205,1.0,0.9321906,5,simplekt
45174813258656205,1.0,0.934873,5,simplekt
45174813258656205,1.0,0.81009656,5,simplekt
45174813258656205,1.0,0.96339184,5,simplekt
45174813258656205,1.0,0.99999976,5,simplekt
45174813258656205,1.0,0.895712,5,simplekt
45174813258656205,1.0,0.8114137,5,simplekt
45174813258656205,1.0,0.93025595,5,simplekt
45174813258656205,1.0,0.84657353,5,simplekt
45174813258656205,1.0,0.91884327,5,simplekt
45174813258656205,1.0,0.9437546,5,simplekt
45174813258656205,0.0,0.60604626,5,simplekt
45174813258656205,0.0,0.65723,5,simplekt
45174813258656205,1.0,0.8831887,5,simplekt
45174813258656205,1.0,0.9305736,5,simplekt
45174813258656205,1.0,0.7130157,5,simplekt
45174813258656205,1.0,0.7878193,5,simplekt
45174813258656205,1.0,0.7898801,5,simplekt
45174813258656205,1.0,0.85369104,5,simplekt
45174813258656205,1.0,0.99999833,5,simplekt
45174813258656205,1.0,0.9999995,5,simplekt
45174813258656205,1.0,0.8949842,5,simplekt
45174813258656205,1.0,0.99996114,5,simplekt
45174813258656205,1.0,0.97746724,5,simplekt
45174813258656205,1.0,0.86938393,5,simplekt
45174813258656205,1.0,0.99999774,5,simplekt
45174813258656205,1.0,0.99999964,5,simplekt
45174813258656205,1.0,0.9655986,5,simplekt
45174813258656205,1.0,0.999997,5,simplekt
45174813258656205,0.0,0.45979393,5,simplekt
45174813258656205,1.0,0.31101793,5,simplekt
45174813258656205,0.0,0.40980062,5,simplekt
45174813258656205,1.0,0.6790364,5,simplekt
45174813258656205,1.0,0.7349485,5,simplekt
45174813258656205,1.0,0.9999889,5,simplekt
45174813258656205,1.0,0.7742834,5,simplekt
45174813258656205,1.0,0.77650106,5,simplekt
45174813258656205,1.0,0.9999958,5,simplekt
45174813258656205,1.0,0.9300947,5,simplekt
45174813258656205,0.0,0.4738487,5,simplekt
45174813258656205,0.0,0.5676851,5,simplekt
45174813258656205,0.0,0.3898507,5,simplekt
45174813258656205,0.0,0.87976414,5,simplekt
45174813258656205,1.0,0.48151714,5,simplekt
45174813258656205,0.0,0.48065874,5,simplekt
45174813258656205,0.0,0.5396419,5,simplekt
45174813258656205,1.0,0.56981343,5,simplekt
45174813258656205,1.0,0.887865,5,simplekt
45174813258656205,1.0,0.7198895,5,simplekt
45174813258656205,1.0,0.91730946,5,simplekt
45174813258656205,1.0,0.99998987,5,simplekt
45174813258656205,1.0,0.9063668,5,simplekt
45174813258656205,1.0,0.75464934,5,simplekt
45174813258656205,1.0,0.9085458,5,simplekt
45174813258656205,1.0,0.9675863,5,simplekt
45174813258656205,1.0,0.95295084,5,simplekt
45174813258656205,1.0,0.904144,5,simplekt
45174813258656205,1.0,0.7837416,5,simplekt
45174813258656205,1.0,0.9999987,5,simplekt
45174813258656205,1.0,0.9999993,5,simplekt
45174813258656205,0.0,0.8248531,5,simplekt
45174813258656205,1.0,0.73379177,5,simplekt
45174813258656205,1.0,0.84621125,5,simplekt
45174813258656205,1.0,0.99999034,5,simplekt
45174813258656205,1.0,0.91238713,5,simplekt
45174813258656205,1.0,0.9999993,5,simplekt
45174813258656205,1.0,0.9718695,5,simplekt
45174813258656205,1.0,0.98646474,5,simplekt
45174813258656205,1.0,0.91407144,5,simplekt
45174813258656205,1.0,0.9999943,5,simplekt
45174813258656205,1.0,0.9668833,5,simplekt
45174813258656205,1.0,0.97806793,5,simplekt
45174813258656205,1.0,0.8503671,5,simplekt
45174813258656205,0.0,0.4354113,5,simplekt
45174813258656205,0.0,5.2782027e-05,5,simplekt
45174813258656205,0.0,0.25459364,5,simplekt
45174813258656205,0.0,0.23008014,5,simplekt
45174813258656205,1.0,0.8707565,5,simplekt
45174813258656205,1.0,0.9998666,5,simplekt
45174813258656205,1.0,0.6975642,5,simplekt
45174813258656205,1.0,0.8498178,5,simplekt
45174813258656205,1.0,0.9999082,5,simplekt
45174813258656205,1.0,0.7981378,5,simplekt
45174813258656205,1.0,0.89904445,5,simplekt
45174813258656205,1.0,0.99992526,5,simplekt
45174813258656205,1.0,0.8444289,5,simplekt
45174813258656205,1.0,0.9662091,5,simplekt
45174813258656205,1.0,0.9586951,5,simplekt
45174813258656205,1.0,0.9998901,5,simplekt
45174813258656205,1.0,0.85013866,5,simplekt
45174813258656205,1.0,0.95484465,5,simplekt
45174813258656205,1.0,0.94021535,5,simplekt
45174813258656205,1.0,0.51301616,5,simplekt
45174813258656205,0.0,0.9096801,5,simplekt
45174813258656205,0.0,0.9334715,5,simplekt
45174813258656205,0.0,0.0004875389,5,simplekt
45174813258656205,0.0,0.3841868,5,simplekt
45174813258656205,0.0,0.6720393,5,simplekt
45174813258656205,1.0,0.8606992,5,simplekt
45174813258656205,1.0,0.864084,5,simplekt
45174813258656205,1.0,0.93104476,5,simplekt
45174813258656205,1.0,0.8394822,5,simplekt
45174813258656205,1.0,0.87061554,5,simplekt
45559742733311995,1.0,0.979959,5,simplekt
45559742733311995,1.0,0.714698,5,simplekt
45559742733311995,1.0,0.9445848,5,simplekt
45559742733311995,1.0,0.90307534,5,simplekt
45559742733311995,1.0,0.93828577,5,simplekt
45559742733311995,1.0,0.9208363,5,simplekt
45559742733311995,1.0,0.9999684,5,simplekt
45559742733311995,1.0,0.976765,5,simplekt
45559742733311995,1.0,0.99996805,5,simplekt
45559742733311995,1.0,0.88570136,5,simplekt
45559742733311995,1.0,0.89786434,5,simplekt
45559742733311995,1.0,0.9999974,5,simplekt
45559742733311995,1.0,0.87789315,5,simplekt
45559742733311995,1.0,0.99999833,5,simplekt
45559742733311995,1.0,0.9680647,5,simplekt
45559742733311995,1.0,0.9351978,5,simplekt
45559742733311995,1.0,0.985479,5,simplekt
45559742733311995,1.0,0.9999895,5,simplekt
45559742733311995,1.0,0.9999869,5,simplekt
45559742733311995,1.0,0.9676316,5,simplekt
45559742733311995,1.0,0.9801896,5,simplekt
45559742733311995,1.0,0.9999944,5,simplekt
45559742733311995,1.0,0.9636374,5,simplekt
45559742733311995,1.0,0.9999918,5,simplekt
45559742733311995,1.0,0.99999166,5,simplekt
45559742733311995,1.0,0.92668897,5,simplekt
45559742733311995,1.0,0.94818676,5,simplekt
45559742733311995,1.0,0.98903686,5,simplekt
45559742733311995,1.0,0.9999701,5,simplekt
45559742733311995,1.0,0.97959787,5,simplekt
45559742733311995,0.0,0.98142403,5,simplekt
45559742733311995,1.0,0.90388423,5,simplekt
45559742733311995,0.0,0.9563984,5,simplekt
45559742733311995,1.0,0.8600574,5,simplekt
45559742733311995,0.0,0.8864461,5,simplekt
45559742733311995,1.0,0.92448413,5,simplekt
45559742733311995,0.0,0.97765803,5,simplekt
45559742733311995,1.0,0.7140102,5,simplekt
45559742733311995,0.0,0.70353454,5,simplekt
45559742733311995,1.0,0.88336045,5,simplekt
45559742733311995,1.0,0.8441832,5,simplekt
45559742733311995,1.0,0.76515627,5,simplekt
45559742733311995,1.0,0.7904797,5,simplekt
45559742733311995,1.0,0.80711854,5,simplekt
45559742733311995,1.0,0.9999982,5,simplekt
45559742733311995,1.0,0.99999964,5,simplekt
45559742733311995,1.0,0.7987062,5,simplekt
45559742733311995,1.0,0.94098467,5,simplekt
45559742733311995,1.0,0.91050994,5,simplekt
45559742733311995,1.0,0.9999571,5,simplekt
45559742733311995,1.0,0.9426707,5,simplekt
45559742733311995,1.0,0.9521902,5,simplekt
45559742733311995,1.0,0.94850624,5,simplekt
45559742733311995,1.0,0.9999609,5,simplekt
45559742733311995,1.0,0.8999995,5,simplekt
45559742733311995,1.0,0.9367348,5,simplekt
45559742733311995,1.0,0.9673291,5,simplekt
45559742733311995,1.0,0.9999647,5,simplekt
45559742733311995,0.0,0.8610713,5,simplekt
45559742733311995,0.0,7.811111e-05,5,simplekt
45559742733311995,1.0,0.81271964,5,simplekt
45559742733311995,1.0,0.99877185,5,simplekt
45559742733311995,1.0,0.89312947,5,simplekt
45559742733311995,1.0,0.91759807,5,simplekt
45559742733311995,0.0,0.8316942,5,simplekt
45559742733311995,1.0,0.89995813,5,simplekt
45559742733311995,1.0,0.8256392,5,simplekt
45559742733311995,1.0,0.89733607,5,simplekt
45559742733311995,1.0,0.95314586,5,simplekt
45559742733311995,1.0,0.9416818,5,simplekt
45559742733311995,1.0,0.69208956,5,simplekt
45559742733311995,1.0,0.9998808,5,simplekt
45559742733311995,1.0,0.60815805,5,simplekt
45559742733311995,0.0,0.3501092,5,simplekt
45559742733311995,1.0,0.86908454,5,simplekt
45559742733311995,1.0,0.87028515,5,simplekt
45559742733311995,1.0,0.7142919,5,simplekt
45559742733311995,1.0,0.872419,5,simplekt
45559742733311995,1.0,0.9999999,5,simplekt
45559742733311995,1.0,1.0,5,simplekt
45559742733311995,1.0,0.99999976,5,simplekt
45559742733311995,1.0,0.95676714,5,simplekt
45559742733311995,1.0,0.999987,5,simplekt
45559742733311995,1.0,0.9721086,5,simplekt
45559742733311995,0.0,0.9266434,5,simplekt
45559742733311995,1.0,0.8905682,5,simplekt
45559742733311995,1.0,0.9370799,5,simplekt
45559742733311995,0.0,0.865245,5,simplekt
45559742733311995,1.0,0.9126923,5,simplekt
45559742733311995,1.0,0.66390026,5,simplekt
45559742733311995,0.0,0.63440937,5,simplekt
45559742733311995,0.0,1.8552968e-06,5,simplekt
45559742733311995,1.0,0.48547456,5,simplekt
45559742733311995,1.0,0.5482836,5,simplekt
45559742733311995,1.0,0.83943033,5,simplekt
45559742733311995,1.0,0.6577402,5,simplekt
45559742733311995,1.0,0.56795025,5,simplekt
45559742733311995,1.0,0.82884717,5,simplekt
45559742733311995,1.0,0.5837618,5,simplekt
45559742733311995,1.0,0.91888773,5,simplekt
45559742733311995,1.0,0.9570158,5,simplekt
45559742733311995,1.0,0.9299653,5,simplekt
45559742733311995,1.0,0.9903729,5,simplekt
45559742733311995,1.0,0.9766748,5,simplekt
45559742733311995,1.0,0.859204,5,simplekt
45559742733311995,1.0,0.8910599,5,simplekt
45559742733311995,1.0,0.85642296,5,simplekt
45559742733311995,1.0,0.89778167,5,simplekt
45559742733311995,1.0,0.98940665,5,simplekt
45559742733311995,1.0,0.95040596,5,simplekt
45559742733311995,1.0,0.9447339,5,simplekt
45559742733311995,1.0,0.98575693,5,simplekt
45559742733311995,1.0,0.97569793,5,simplekt
45559742733311995,1.0,0.9530275,5,simplekt
45559742733311995,1.0,0.61380744,5,simplekt
45559742733311995,1.0,0.92886317,5,simplekt
45559742733311995,1.0,0.85396147,5,simplekt
45559742733311995,1.0,0.8788754,5,simplekt
45559742733311995,1.0,0.96787304,5,simplekt
45559742733311995,1.0,0.98301506,5,simplekt
45559742733311995,1.0,0.92049426,5,simplekt
45559742733311995,1.0,0.9887875,5,simplekt
45559742733311995,1.0,0.95480466,5,simplekt
45559742733311995,1.0,0.9832287,5,simplekt
45559742733311995,1.0,0.98776764,5,simplekt
45559742733311995,1.0,0.9649082,5,simplekt
45559742733311995,1.0,0.9594935,5,simplekt
45559742733311995,1.0,0.9774435,5,simplekt
45559742733311995,1.0,0.9873919,5,simplekt
45559742733311995,1.0,0.9999999,5,simplekt
45559742733311995,1.0,0.9908249,5,simplekt
45559742733311995,1.0,0.9703955,5,simplekt
45559742733311995,1.0,0.75134516,5,simplekt
45559742733311995,1.0,0.7785398,5,simplekt
45559742733311995,1.0,0.9044494,5,simplekt
45559742733311995,1.0,0.8129721,5,simplekt
45559742733311995,1.0,0.9737879,5,simplekt
45559742733311995,1.0,0.947722,5,simplekt
45559742733311995,1.0,0.9540485,5,simplekt
45559742733311995,1.0,0.786203,5,simplekt
45559742733311995,1.0,0.9392189,5,simplekt
45559742733311995,1.0,0.9116709,5,simplekt
45559742733311995,1.0,0.8264909,5,simplekt
45559742733311995,1.0,0.8631911,5,simplekt
45559742733311995,1.0,0.79187536,5,simplekt
45559742733311995,0.0,0.43215552,5,simplekt
45559742733311995,0.0,0.8730872,5,simplekt
45559742733311995,1.0,0.84450275,5,simplekt
45559742733311995,1.0,0.54505473,5,simplekt
45559742733311995,1.0,0.92065287,5,simplekt
45559742733311995,1.0,0.9421895,5,simplekt
45559742733311995,1.0,0.93976104,5,simplekt
45559742733311995,1.0,0.9261558,5,simplekt
45559742733311995,1.0,0.8942994,5,simplekt
45559742733311995,1.0,0.78488857,5,simplekt
45559742733311995,1.0,0.9298049,5,simplekt
45559742733311995,1.0,0.8783444,5,simplekt
45559742733311995,0.0,0.93621,5,simplekt
45559742733311995,1.0,0.5751589,5,simplekt
45559742733311995,1.0,0.83104795,5,simplekt
45559742733311995,0.0,0.6477805,5,simplekt
45559742733311995,1.0,0.9382966,5,simplekt
45559742733311995,1.0,0.9999982,5,simplekt
45559742733311995,0.0,0.5352981,5,simplekt
45559742733311995,1.0,0.6438417,5,simplekt
45559742733311995,1.0,0.6456375,5,simplekt
45559742733311995,1.0,0.99994636,5,simplekt
45559742733311995,1.0,0.6786389,5,simplekt
45559742733311995,1.0,0.95336956,5,simplekt
45559742733311995,1.0,0.98710597,5,simplekt
45559742733311995,1.0,0.87425256,5,simplekt
45559742733311995,1.0,0.95889926,5,simplekt
45559742733311995,1.0,0.98476136,5,simplekt
45559742733311995,0.0,0.97845477,5,simplekt
45559742733311995,1.0,0.8623394,5,simplekt
45559742733311995,0.0,0.7044422,5,simplekt
45559742733311995,0.0,1.5055903e-05,5,simplekt
45559742733311995,0.0,0.0002039994,5,simplekt
45559742733311995,0.0,2.2437918e-05,5,simplekt
45559742733311995,1.0,0.87940615,5,simplekt
45559742733311995,1.0,0.77170885,5,simplekt
45559742733311995,1.0,0.7041599,5,simplekt
45559742733311995,0.0,0.8376267,5,simplekt
45559742733311995,0.0,0.7109028,5,simplekt
45559742733311995,1.0,0.8810134,5,simplekt
45559742733311995,1.0,0.9714526,5,simplekt
45559742733311995,1.0,0.94123995,5,simplekt
45559742733311995,1.0,0.9460539,5,simplekt
45559742733311995,1.0,0.89704674,5,simplekt
45559742733311995,1.0,0.93465465,5,simplekt
45559742733311995,1.0,0.88716036,5,simplekt
45559742733311995,1.0,0.9536281,5,simplekt
45559742733311995,1.0,0.9927816,5,simplekt
45559742733311995,1.0,0.8263894,5,simplekt
45559742733311995,1.0,0.8214905,5,simplekt
45559742733311995,1.0,0.93159753,5,simplekt
45559742733311995,1.0,0.96780485,5,simplekt
45559742733311995,1.0,0.97646797,5,simplekt
45559742733311995,1.0,0.81109196,5,simplekt
46996433633597573,1.0,0.9999552,5,simplekt
46996433633597573,1.0,0.903711,5,simplekt
46996433633597573,1.0,0.9026295,5,simplekt
46996433633597573,1.0,0.7736714,5,simplekt
46996433633597573,1.0,0.93351597,5,simplekt
46996433633597573,1.0,0.81380033,5,simplekt
46996433633597573,1.0,0.8682732,5,simplekt
46996433633597573,1.0,0.9742079,5,simplekt
46996433633597573,0.0,0.8946377,5,simplekt
46996433633597573,1.0,0.57074755,5,simplekt
46996433633597573,1.0,0.9698139,5,simplekt
46996433633597573,1.0,0.87868005,5,simplekt
46996433633597573,1.0,0.9945491,5,simplekt
46996433633597573,1.0,0.9312218,5,simplekt
46996433633597573,1.0,0.9999664,5,simplekt
46996433633597573,1.0,0.96269286,5,simplekt
46996433633597573,1.0,0.99998975,5,simplekt
46996433633597573,1.0,0.94270486,5,simplekt
46996433633597573,1.0,0.99995375,5,simplekt
46996433633597573,0.0,0.7736549,5,simplekt
46996433633597573,0.0,3.4867324e-05,5,simplekt
46996433633597573,1.0,0.7181194,5,simplekt
46996433633597573,1.0,0.9998708,5,simplekt
46996433633597573,1.0,0.9589484,5,simplekt
46996433633597573,1.0,0.99999845,5,simplekt
46996433633597573,1.0,0.9264175,5,simplekt
46996433633597573,1.0,0.9999993,5,simplekt
46996433633597573,1.0,0.8530366,5,simplekt
46996433633597573,1.0,0.8815972,5,simplekt
46996433633597573,1.0,0.8671173,5,simplekt
46996433633597573,1.0,0.99998546,5,simplekt
46996433633597573,1.0,0.94429576,5,simplekt
46996433633597573,1.0,0.99999785,5,simplekt
46996433633597573,1.0,0.7379631,5,simplekt
46996433633597573,1.0,0.99998677,5,simplekt
46996433633597573,1.0,0.78606397,5,simplekt
46996433633597573,1.0,0.9999994,5,simplekt
46996433633597573,1.0,0.9157892,5,simplekt
46996433633597573,1.0,0.8745342,5,simplekt
46996433633597573,1.0,0.99478036,5,simplekt
46996433633597573,1.0,0.8897895,5,simplekt
46996433633597573,1.0,0.8364115,5,simplekt
46996433633597573,1.0,0.8507063,5,simplekt
46996433633597573,1.0,0.91914016,5,simplekt
46996433633597573,0.0,0.73813707,5,simplekt
46996433633597573,1.0,0.6554522,5,simplekt
46996433633597573,1.0,0.9775981,5,simplekt
46996433633597573,1.0,0.99123806,5,simplekt
46996433633597573,1.0,0.9494051,5,simplekt
46996433633597573,1.0,0.7882031,5,simplekt
46996433633597573,1.0,0.8725935,5,simplekt
46996433633597573,1.0,0.9736796,5,simplekt
46996433633597573,1.0,0.9712385,5,simplekt
46996433633597573,0.0,0.8658225,5,simplekt
46996433633597573,1.0,0.82954437,5,simplekt
46996433633597573,1.0,0.7463901,5,simplekt
46996433633597573,1.0,0.7819105,5,simplekt
46996433633597573,1.0,0.86680835,5,simplekt
46996433633597573,1.0,0.9505855,5,simplekt
46996433633597573,1.0,0.9386507,5,simplekt
46996433633597573,1.0,0.8234115,5,simplekt
46996433633597573,1.0,0.9540664,5,simplekt
46996433633597573,1.0,0.99990666,5,simplekt
46996433633597573,1.0,0.8768157,5,simplekt
46996433633597573,1.0,0.97788155,5,simplekt
46996433633597573,1.0,0.9999987,5,simplekt
46996433633597573,1.0,0.9759157,5,simplekt
46996433633597573,1.0,0.9624504,5,simplekt
46996433633597573,1.0,0.9507513,5,simplekt
46996433633597573,1.0,0.9478564,5,simplekt
46996433633597573,1.0,0.97913927,5,simplekt
46996433633597573,1.0,0.9501982,5,simplekt
46996433633597573,1.0,0.90421563,5,simplekt
46996433633597573,1.0,0.99999905,5,simplekt
46996433633597573,1.0,0.86954296,5,simplekt
46996433633597573,1.0,0.99999857,5,simplekt
46996433633597573,1.0,0.8706013,5,simplekt
46996433633597573,1.0,0.85973287,5,simplekt
46996433633597573,1.0,0.9999981,5,simplekt
46996433633597573,1.0,0.9999999,5,simplekt
46996433633597573,1.0,0.92098886,5,simplekt
46996433633597573,1.0,0.9999982,5,simplekt
46996433633597573,1.0,0.9999999,5,simplekt
46996433633597573,1.0,0.79153425,5,simplekt
46996433633597573,1.0,0.93126684,5,simplekt
46996433633597573,1.0,0.76439226,5,simplekt
46996433633597573,1.0,0.9629373,5,simplekt
46996433633597573,1.0,0.6750474,5,simplekt
46996433633597573,1.0,0.96532184,5,simplekt
46996433633597573,1.0,0.96611315,5,simplekt
46996433633597573,1.0,0.9999964,5,simplekt
46996433633597573,0.0,0.8009733,5,simplekt
46996433633597573,1.0,0.96137,5,simplekt
46996433633597573,1.0,0.8785402,5,simplekt
46996433633597573,1.0,0.9787168,5,simplekt
46996433633597573,1.0,0.89966726,5,simplekt
46996433633597573,0.0,0.9828835,5,simplekt
46996433633597573,0.0,0.8483338,5,simplekt
46996433633597573,1.0,0.9519784,5,simplekt
46996433633597573,1.0,0.99922454,5,simplekt
46996433633597573,1.0,0.45074865,5,simplekt
46996433633597573,1.0,0.91194767,5,simplekt
46996433633597573,1.0,0.84410554,5,simplekt
46996433633597573,1.0,0.99996793,5,simplekt
46996433633597573,1.0,0.9720252,5,simplekt
46996433633597573,1.0,0.99999666,5,simplekt
46996433633597573,1.0,0.99999976,5,simplekt
46996433633597573,1.0,0.73330146,5,simplekt
46996433633597573,1.0,0.99999917,5,simplekt
46996433633597573,1.0,0.9919723,5,simplekt
46996433633597573,1.0,0.9999987,5,simplekt
46996433633597573,1.0,0.9727799,5,simplekt
46996433633597573,1.0,0.9999796,5,simplekt
46996433633597573,1.0,0.7429237,5,simplekt
46996433633597573,0.0,0.50262904,5,simplekt
46996433633597573,1.0,0.7971232,5,simplekt
46996433633597573,0.0,0.7317623,5,simplekt
46996433633597573,1.0,0.84272385,5,simplekt
46996433633597573,1.0,0.9053981,5,simplekt
46996433633597573,1.0,0.82455915,5,simplekt
46996433633597573,0.0,0.6236669,5,simplekt
46996433633597573,1.0,0.8968882,5,simplekt
46996433633597573,0.0,0.49874964,5,simplekt
46996433633597573,0.0,0.55690175,5,simplekt
46996433633597573,1.0,0.76754373,5,simplekt
46996433633597573,1.0,0.9396537,5,simplekt
46996433633597573,1.0,0.9473268,5,simplekt
46996433633597573,1.0,0.8636062,5,simplekt
46996433633597573,1.0,0.8686277,5,simplekt
46996433633597573,0.0,0.724417,5,simplekt
46996433633597573,1.0,0.88172376,5,simplekt
46996433633597573,1.0,0.86343163,5,simplekt
46996433633597573,1.0,0.72834736,5,simplekt
46996433633597573,1.0,0.99896693,5,simplekt
46996433633597573,0.0,0.71317476,5,simplekt
46996433633597573,0.0,8.685547e-05,5,simplekt
46996433633597573,1.0,0.74887687,5,simplekt
46996433633597573,1.0,0.999131,5,simplekt
46996433633597573,1.0,0.8154014,5,simplekt
46996433633597573,1.0,0.99970055,5,simplekt
46996433633597573,1.0,0.65309435,5,simplekt
46996433633597573,1.0,0.9998441,5,simplekt
46996433633597573,0.0,0.86262053,5,simplekt
46996433633597573,0.0,8.403498e-05,5,simplekt
46996433633597573,1.0,0.57029885,5,simplekt
46996433633597573,1.0,0.9995198,5,simplekt
46996433633597573,0.0,0.6713575,5,simplekt
46996433633597573,0.0,7.460857e-05,5,simplekt
46996433633597573,0.0,0.82231957,5,simplekt
46996433633597573,0.0,0.36077315,5,simplekt
46996433633597573,0.0,0.4451343,5,simplekt
46996433633597573,1.0,0.7385312,5,simplekt
46996433633597573,1.0,0.7419466,5,simplekt
46996433633597573,1.0,0.61704355,5,simplekt
46996433633597573,1.0,0.7366878,5,simplekt
46996433633597573,0.0,0.36154264,5,simplekt
46996433633597573,1.0,0.9395766,5,simplekt
46996433633597573,1.0,0.999818,5,simplekt
46996433633597573,0.0,0.63662493,5,simplekt
46996433633597573,0.0,6.165481e-06,5,simplekt
46996433633597573,0.0,0.49714428,5,simplekt
46996433633597573,1.0,0.52213883,5,simplekt
46996433633597573,1.0,0.4267856,5,simplekt
46996433633597573,1.0,0.55619615,5,simplekt
46996433633597573,0.0,0.5861196,5,simplekt
46996433633597573,0.0,0.58720946,5,simplekt
46996433633597573,0.0,0.3533924,5,simplekt
46996433633597573,1.0,0.47036606,5,simplekt
46996433633597573,1.0,0.2969904,5,simplekt
46996433633597573,1.0,0.8433376,5,simplekt
46996433633597573,1.0,0.87395346,5,simplekt
46996433633597573,1.0,0.88979584,5,simplekt
46996433633597573,1.0,0.92911994,5,simplekt
46996433633597573,1.0,0.576117,5,simplekt
46996433633597573,1.0,0.55465883,5,simplekt
46996433633597573,1.0,0.9999951,5,simplekt
46996433633597573,1.0,0.9457045,5,simplekt
46996433633597573,1.0,0.9999949,5,simplekt
46996433633597573,1.0,0.52497417,5,simplekt
46996433633597573,1.0,0.9999682,5,simplekt
46996433633597573,0.0,0.8099685,5,simplekt
46996433633597573,0.0,0.0009280749,5,simplekt
46996433633597573,1.0,0.76780003,5,simplekt
46996433633597573,1.0,0.99994576,5,simplekt
46996433633597573,1.0,0.9999994,5,simplekt
46996433633597573,0.0,0.63879097,5,simplekt
46996433633597573,0.0,0.43460688,5,simplekt
46996433633597573,0.0,0.29995653,5,simplekt
46996433633597573,1.0,0.65865195,5,simplekt
46996433633597573,0.0,0.235863,5,simplekt
46996433633597573,0.0,0.433668,5,simplekt
46996433633597573,0.0,0.13437976,5,simplekt
46996433633597573,0.0,0.25095785,5,simplekt
46996433633597573,0.0,0.4519369,5,simplekt
46996433633597573,0.0,0.68751353,5,simplekt
46996433633597573,0.0,0.0011748882,5,simplekt
46996433633597573,0.0,0.38660067,5,simplekt
46996433633597573,1.0,0.30321538,5,simplekt
46996433633597573,1.0,0.9970577,5,simplekt
48845589028730822,1.0,0.89463353,5,simplekt
48845589028730822,1.0,0.943025,5,simplekt
48845589028730822,1.0,0.99991226,5,simplekt
48845589028730822,1.0,0.8451965,5,simplekt
48845589028730822,1.0,0.99311393,5,simplekt
48845589028730822,1.0,0.98227584,5,simplekt
48845589028730822,1.0,0.99996424,5,simplekt
48845589028730822,1.0,0.9999659,5,simplekt
48845589028730822,1.0,0.97191125,5,simplekt
48845589028730822,1.0,0.9609906,5,simplekt
48845589028730822,1.0,0.94421124,5,simplekt
48845589028730822,1.0,0.9306444,5,simplekt
48845589028730822,1.0,0.97414196,5,simplekt
48845589028730822,1.0,0.9938991,5,simplekt
48845589028730822,1.0,0.95243114,5,simplekt
48845589028730822,1.0,0.8852716,5,simplekt
48845589028730822,1.0,0.8904653,5,simplekt
48845589028730822,1.0,0.99999976,5,simplekt
48845589028730822,1.0,1.0,5,simplekt
48845589028730822,1.0,0.88778937,5,simplekt
48845589028730822,1.0,0.8972179,5,simplekt
48845589028730822,1.0,0.90396947,5,simplekt
48845589028730822,1.0,0.9999999,5,simplekt
48845589028730822,1.0,1.0,5,simplekt
48845589028730822,1.0,0.9015029,5,simplekt
48845589028730822,0.0,0.8071552,5,simplekt
48845589028730822,1.0,0.5718195,5,simplekt
48845589028730822,1.0,0.6771095,5,simplekt
48845589028730822,1.0,0.9173539,5,simplekt
48845589028730822,1.0,0.8650942,5,simplekt
48845589028730822,1.0,0.9996624,5,simplekt
48845589028730822,1.0,0.6753921,5,simplekt
48845589028730822,1.0,0.95974666,5,simplekt
48845589028730822,1.0,0.97150326,5,simplekt
48845589028730822,1.0,0.95759773,5,simplekt
48845589028730822,1.0,0.9999722,5,simplekt
48845589028730822,1.0,0.9745268,5,simplekt
48845589028730822,1.0,0.9807016,5,simplekt
48845589028730822,1.0,0.98005563,5,simplekt
48845589028730822,1.0,0.9789032,5,simplekt
48845589028730822,1.0,0.99998426,5,simplekt
48845589028730822,1.0,0.94617045,5,simplekt
48845589028730822,1.0,0.98828995,5,simplekt
48845589028730822,1.0,0.99998343,5,simplekt
48845589028730822,0.0,0.7286818,5,simplekt
48845589028730822,1.0,0.8658336,5,simplekt
48845589028730822,0.0,0.8366741,5,simplekt
48845589028730822,0.0,0.614649,5,simplekt
48845589028730822,1.0,0.8487028,5,simplekt
48845589028730822,1.0,0.7905781,5,simplekt
48845589028730822,1.0,0.618656,5,simplekt
48845589028730822,1.0,0.5779719,5,simplekt
48845589028730822,0.0,0.8918555,5,simplekt
48845589028730822,0.0,0.5984957,5,simplekt
48845589028730822,1.0,0.6022767,5,simplekt
48845589028730822,1.0,0.8286217,5,simplekt
48845589028730822,1.0,0.8207179,5,simplekt
48845589028730822,1.0,0.86441153,5,simplekt
48845589028730822,1.0,0.8942722,5,simplekt
48845589028730822,1.0,0.93718123,5,simplekt
48845589028730822,0.0,0.8293249,5,simplekt
48845589028730822,1.0,0.70911866,5,simplekt
48845589028730822,0.0,0.5874454,5,simplekt
48845589028730822,0.0,0.68919754,5,simplekt
48845589028730822,0.0,4.2839815e-06,5,simplekt
48845589028730822,1.0,0.3238817,5,simplekt
48845589028730822,1.0,0.30072755,5,simplekt
48845589028730822,1.0,0.7021234,5,simplekt
48845589028730822,1.0,0.8979121,5,simplekt
48845589028730822,1.0,0.92677927,5,simplekt
48845589028730822,1.0,0.84022677,5,simplekt
48845589028730822,1.0,0.9999882,5,simplekt
48845589028730822,1.0,0.8069279,5,simplekt
48845589028730822,1.0,0.99998987,5,simplekt
48845589028730822,1.0,0.8271368,5,simplekt
48845589028730822,1.0,0.59577245,5,simplekt
48845589028730822,1.0,0.87865704,5,simplekt
48845589028730822,1.0,0.9640714,5,simplekt
48845589028730822,1.0,0.99999857,5,simplekt
48845589028730822,1.0,0.6340458,5,simplekt
48845589028730822,1.0,0.9999939,5,simplekt
48845589028730822,1.0,0.8908728,5,simplekt
48845589028730822,1.0,0.99999714,5,simplekt
48845589028730822,1.0,0.85508955,5,simplekt
48845589028730822,1.0,0.6354368,5,simplekt
48845589028730822,1.0,0.8848823,5,simplekt
48845589028730822,1.0,0.9467516,5,simplekt
48845589028730822,1.0,0.87009007,5,simplekt
48845589028730822,1.0,0.9616344,5,simplekt
48845589028730822,1.0,0.983334,5,simplekt
48845589028730822,1.0,0.9184955,5,simplekt
48845589028730822,1.0,0.97393405,5,simplekt
48845589028730822,1.0,0.98761,5,simplekt
48845589028730822,1.0,0.9853528,5,simplekt
48845589028730822,1.0,0.98107946,5,simplekt
48845589028730822,0.0,0.848779,5,simplekt
48845589028730822,1.0,0.91283584,5,simplekt
48845589028730822,0.0,0.74068767,5,simplekt
48845589028730822,1.0,0.94535166,5,simplekt
48845589028730822,0.0,0.9756647,5,simplekt
48845589028730822,0.0,0.5545981,5,simplekt
48845589028730822,1.0,0.7382913,5,simplekt
48845589028730822,0.0,0.8212054,5,simplekt
48845589028730822,1.0,0.9440235,5,simplekt
48845589028730822,1.0,0.88241506,5,simplekt
48845589028730822,1.0,0.99953735,5,simplekt
48845589028730822,1.0,0.9554441,5,simplekt
48845589028730822,1.0,0.99979097,5,simplekt
48845589028730822,0.0,0.8883496,5,simplekt
48845589028730822,1.0,0.81050134,5,simplekt
48845589028730822,1.0,0.99997926,5,simplekt
48845589028730822,1.0,0.94503224,5,simplekt
48845589028730822,1.0,0.9590005,5,simplekt
48845589028730822,1.0,0.99984705,5,simplekt
48845589028730822,1.0,0.6342513,5,simplekt
48845589028730822,1.0,0.9397295,5,simplekt
48845589028730822,1.0,0.9800381,5,simplekt
48845589028730822,1.0,0.92750853,5,simplekt
48845589028730822,1.0,0.9609066,5,simplekt
48845589028730822,1.0,0.9840419,5,simplekt
48845589028730822,1.0,0.75309354,5,simplekt
48845589028730822,1.0,0.87663245,5,simplekt
48845589028730822,1.0,0.7575543,5,simplekt
48845589028730822,1.0,0.9834657,5,simplekt
48845589028730822,1.0,0.99336493,5,simplekt
48845589028730822,0.0,0.77674323,5,simplekt
48845589028730822,1.0,0.7958223,5,simplekt
48845589028730822,1.0,0.8497111,5,simplekt
48845589028730822,1.0,0.53409153,5,simplekt
48845589028730822,1.0,0.9373817,5,simplekt
48845589028730822,1.0,0.9247937,5,simplekt
48845589028730822,1.0,0.98358613,5,simplekt
48845589028730822,1.0,0.9289721,5,simplekt
48845589028730822,1.0,0.99999344,5,simplekt
48845589028730822,1.0,0.9581789,5,simplekt
48845589028730822,1.0,0.9881245,5,simplekt
48845589028730822,1.0,0.94749177,5,simplekt
48845589028730822,1.0,0.9999974,5,simplekt
48845589028730822,1.0,0.5796274,5,simplekt
48845589028730822,1.0,0.79670984,5,simplekt
48845589028730822,1.0,0.9751498,5,simplekt
48845589028730822,1.0,0.9802027,5,simplekt
48845589028730822,1.0,0.88273734,5,simplekt
48845589028730822,1.0,0.98174286,5,simplekt
48845589028730822,1.0,0.9813193,5,simplekt
48845589028730822,1.0,0.8894973,5,simplekt
48845589028730822,1.0,0.9862238,5,simplekt
48845589028730822,0.0,0.63672304,5,simplekt
48845589028730822,0.0,0.8642431,5,simplekt
48845589028730822,0.0,0.55359745,5,simplekt
48845589028730822,0.0,0.54082644,5,simplekt
48845589028730822,1.0,0.92546743,5,simplekt
48845589028730822,1.0,0.9999701,5,simplekt
48845589028730822,1.0,0.56874096,5,simplekt
48845589028730822,1.0,0.95489824,5,simplekt
48845589028730822,1.0,0.88251996,5,simplekt
48845589028730822,1.0,0.8016532,5,simplekt
48845589028730822,0.0,0.87974596,5,simplekt
48845589028730822,1.0,0.76119244,5,simplekt
48845589028730822,1.0,0.67325836,5,simplekt
48845589028730822,1.0,0.8640785,5,simplekt
48845589028730822,0.0,0.8860184,5,simplekt
48845589028730822,1.0,0.48337412,5,simplekt
48845589028730822,0.0,0.5375887,5,simplekt
48845589028730822,0.0,5.664942e-06,5,simplekt
48845589028730822,0.0,0.43388808,5,simplekt
48845589028730822,1.0,0.8197646,5,simplekt
48845589028730822,1.0,0.9048557,5,simplekt
48845589028730822,1.0,0.99998844,5,simplekt
48845589028730822,1.0,0.78454727,5,simplekt
48845589028730822,1.0,0.8707013,5,simplekt
48845589028730822,1.0,0.9205227,5,simplekt
48845589028730822,1.0,0.9277919,5,simplekt
48845589028730822,1.0,0.8635396,5,simplekt
48845589028730822,1.0,0.99999547,5,simplekt
48845589028730822,0.0,0.97710836,5,simplekt
48845589028730822,0.0,0.00072438514,5,simplekt
48845589028730822,0.0,0.7533577,5,simplekt
48845589028730822,0.0,9.836631e-06,5,simplekt
48845589028730822,1.0,0.8407514,5,simplekt
48845589028730822,1.0,0.99995995,5,simplekt
48845589028730822,1.0,0.95545864,5,simplekt
48845589028730822,1.0,0.9999099,5,simplekt
48845589028730822,1.0,0.92848873,5,simplekt
48845589028730822,1.0,0.9999981,5,simplekt
48845589028730822,1.0,0.76748586,5,simplekt
48845589028730822,1.0,0.90839547,5,simplekt
48845589028730822,1.0,0.9999887,5,simplekt
48845589028730822,1.0,0.99999285,5,simplekt
48845589028730822,1.0,0.9999764,5,simplekt
48845589028730822,1.0,0.75535786,5,simplekt
48845589028730822,0.0,0.5766297,5,simplekt
48845589028730822,1.0,0.6376149,5,simplekt
48845589028730822,1.0,0.7238346,5,simplekt
48845589028730822,0.0,0.8365385,5,simplekt
48845589028730822,0.0,0.6781261,5,simplekt
48845589028730822,1.0,0.5832392,5,simplekt
48845589028730822,0.0,0.5532226,5,simplekt
48845589028730822,0.0,0.0001521135,5,simplekt
50272989355910418,1.0,0.536628,5,simplekt
50272989355910418,1.0,0.69800204,5,simplekt
50272989355910418,1.0,0.75194067,5,simplekt
50272989355910418,1.0,0.6035044,5,simplekt
50272989355910418,0.0,0.68643606,5,simplekt
50272989355910418,0.0,0.17439064,5,simplekt
50272989355910418,0.0,0.117345326,5,simplekt
50272989355910418,1.0,0.74410605,5,simplekt
50272989355910418,0.0,0.5160625,5,simplekt
50272989355910418,0.0,0.69398344,5,simplekt
50272989355910418,0.0,0.40896237,5,simplekt
50272989355910418,1.0,0.44355115,5,simplekt
50272989355910418,1.0,0.66342473,5,simplekt
50272989355910418,1.0,0.6402063,5,simplekt
50272989355910418,0.0,0.7427099,5,simplekt
50272989355910418,0.0,0.69914407,5,simplekt
50272989355910418,1.0,0.85455686,5,simplekt
50272989355910418,1.0,0.76220816,5,simplekt
50272989355910418,0.0,0.82089174,5,simplekt
50272989355910418,0.0,0.77933186,5,simplekt
50272989355910418,1.0,0.77592075,5,simplekt
50272989355910418,1.0,0.860344,5,simplekt
50272989355910418,1.0,0.933875,5,simplekt
50272989355910418,1.0,0.91133803,5,simplekt
50272989355910418,0.0,0.31655952,5,simplekt
50272989355910418,0.0,0.0007037246,5,simplekt
50272989355910418,0.0,0.0926145,5,simplekt
50272989355910418,0.0,0.00045535216,5,simplekt
50272989355910418,1.0,0.52119106,5,simplekt
50272989355910418,1.0,0.5785432,5,simplekt
50272989355910418,1.0,0.8791836,5,simplekt
50272989355910418,1.0,0.9952803,5,simplekt
50272989355910418,0.0,0.8316301,5,simplekt
50272989355910418,1.0,0.43144786,5,simplekt
50272989355910418,1.0,0.92077297,5,simplekt
50272989355910418,0.0,0.7197379,5,simplekt
50272989355910418,1.0,0.6646717,5,simplekt
50272989355910418,0.0,0.668957,5,simplekt
50272989355910418,0.0,0.07208204,5,simplekt
50272989355910418,0.0,0.16787371,5,simplekt
50272989355910418,1.0,0.33665043,5,simplekt
50272989355910418,0.0,0.24833661,5,simplekt
50272989355910418,0.0,0.037900537,5,simplekt
50272989355910418,1.0,0.5785747,5,simplekt
50272989355910418,1.0,0.639368,5,simplekt
50272989355910418,0.0,0.529335,5,simplekt
50272989355910418,0.0,0.21498954,5,simplekt
50272989355910418,1.0,0.49139395,5,simplekt
50272989355910418,1.0,0.9724727,5,simplekt
50272989355910418,0.0,0.44564483,5,simplekt
50272989355910418,0.0,0.624831,5,simplekt
50272989355910418,1.0,0.5578709,5,simplekt
50272989355910418,1.0,0.69282895,5,simplekt
50272989355910418,0.0,0.49927044,5,simplekt
50272989355910418,1.0,0.70065796,5,simplekt
50272989355910418,1.0,0.86926043,5,simplekt
50272989355910418,1.0,0.48676306,5,simplekt
50272989355910418,1.0,0.7533666,5,simplekt
50272989355910418,0.0,0.31274977,5,simplekt
50272989355910418,1.0,0.23026143,5,simplekt
50272989355910418,1.0,0.8225173,5,simplekt
50272989355910418,1.0,0.91025865,5,simplekt
50272989355910418,1.0,0.83065844,5,simplekt
50272989355910418,1.0,0.8928784,5,simplekt
50272989355910418,1.0,0.94864017,5,simplekt
50272989355910418,1.0,0.9554232,5,simplekt
50272989355910418,1.0,0.88883895,5,simplekt
50272989355910418,1.0,0.9123668,5,simplekt
50272989355910418,1.0,0.9684056,5,simplekt
50272989355910418,1.0,0.5581869,5,simplekt
50272989355910418,1.0,0.61113465,5,simplekt
50272989355910418,1.0,0.59059435,5,simplekt
50272989355910418,1.0,0.9099439,5,simplekt
50272989355910418,1.0,0.96901244,5,simplekt
50272989355910418,1.0,0.822134,5,simplekt
50272989355910418,1.0,0.93451434,5,simplekt
50272989355910418,1.0,0.97527766,5,simplekt
50272989355910418,1.0,0.5890314,5,simplekt
50272989355910418,1.0,0.8086907,5,simplekt
50272989355910418,1.0,0.6745715,5,simplekt
50272989355910418,1.0,0.97295535,5,simplekt
50272989355910418,1.0,0.9874471,5,simplekt
50272989355910418,1.0,0.9081856,5,simplekt
50272989355910418,1.0,0.9999995,5,simplekt
50272989355910418,1.0,0.4967281,5,simplekt
50272989355910418,1.0,0.8896402,5,simplekt
50272989355910418,0.0,0.6225598,5,simplekt
50272989355910418,0.0,0.1065981,5,simplekt
50272989355910418,1.0,0.75708926,5,simplekt
50272989355910418,1.0,0.87189746,5,simplekt
50272989355910418,0.0,0.37281457,5,simplekt
50272989355910418,0.0,0.45516968,5,simplekt
50272989355910418,1.0,0.4664872,5,simplekt
50272989355910418,1.0,0.8080603,5,simplekt
50272989355910418,1.0,0.77480215,5,simplekt
50272989355910418,1.0,0.5704407,5,simplekt
50272989355910418,1.0,0.87428755,5,simplekt
50272989355910418,1.0,0.81634444,5,simplekt
50272989355910418,1.0,0.9682174,5,simplekt
50272989355910418,1.0,0.90834844,5,simplekt
50272989355910418,1.0,0.9999937,5,simplekt
50272989355910418,1.0,0.9403784,5,simplekt
50272989355910418,1.0,0.97994345,5,simplekt
50272989355910418,1.0,0.91968936,5,simplekt
50272989355910418,1.0,0.9999975,5,simplekt
50272989355910418,1.0,0.8800874,5,simplekt
50272989355910418,0.0,0.5532095,5,simplekt
50272989355910418,0.0,0.6891383,5,simplekt
50272989355910418,1.0,0.73817366,5,simplekt
50272989355910418,1.0,0.9027842,5,simplekt
50272989355910418,1.0,0.7547256,5,simplekt
50272989355910418,1.0,0.91035,5,simplekt
50272989355910418,1.0,0.9366054,5,simplekt
50272989355910418,1.0,0.81553257,5,simplekt
50272989355910418,0.0,0.5835702,5,simplekt
50272989355910418,1.0,0.93544275,5,simplekt
50272989355910418,0.0,0.47297606,5,simplekt
50272989355910418,0.0,0.7532724,5,simplekt
50272989355910418,1.0,0.7166385,5,simplekt
50272989355910418,0.0,0.7601712,5,simplekt
50272989355910418,0.0,0.72575676,5,simplekt
50272989355910418,1.0,0.39575416,5,simplekt
50272989355910418,1.0,0.5710227,5,simplekt
50272989355910418,0.0,0.26729116,5,simplekt
50272989355910418,0.0,0.5544592,5,simplekt
50272989355910418,1.0,0.3063805,5,simplekt
50272989355910418,1.0,0.24407399,5,simplekt
50272989355910418,1.0,0.22460838,5,simplekt
50272989355910418,1.0,0.46472898,5,simplekt
50272989355910418,0.0,0.4743137,5,simplekt
50272989355910418,0.0,1.1792289e-05,5,simplekt
50272989355910418,0.0,0.39351758,5,simplekt
50272989355910418,0.0,0.2644321,5,simplekt
50272989355910418,0.0,0.1977472,5,simplekt
50272989355910418,0.0,0.21720688,5,simplekt
50272989355910418,0.0,2.6862443e-05,5,simplekt
50272989355910418,1.0,0.65598655,5,simplekt
50272989355910418,0.0,0.45693448,5,simplekt
50272989355910418,1.0,0.4319415,5,simplekt
50272989355910418,1.0,0.9999602,5,simplekt
50272989355910418,0.0,0.5604621,5,simplekt
50272989355910418,1.0,0.59453285,5,simplekt
50272989355910418,1.0,0.69959664,5,simplekt
50272989355910418,0.0,0.2075346,5,simplekt
50272989355910418,1.0,0.7411037,5,simplekt
50272989355910418,1.0,0.83114505,5,simplekt
50272989355910418,1.0,0.8762298,5,simplekt
50272989355910418,0.0,0.7050271,5,simplekt
50272989355910418,0.0,5.2978817e-06,5,simplekt
50272989355910418,1.0,0.670888,5,simplekt
50272989355910418,1.0,0.99997175,5,simplekt
50272989355910418,0.0,0.8284294,5,simplekt
50272989355910418,0.0,5.8712576e-06,5,simplekt
50272989355910418,1.0,0.6691166,5,simplekt
50272989355910418,1.0,0.9999671,5,simplekt
50272989355910418,1.0,0.89363176,5,simplekt
50272989355910418,1.0,0.9999677,5,simplekt
50272989355910418,1.0,0.85187984,5,simplekt
50272989355910418,1.0,0.9999957,5,simplekt
50272989355910418,1.0,0.39013755,5,simplekt
50272989355910418,1.0,0.999982,5,simplekt
50272989355910418,1.0,0.6919792,5,simplekt
50272989355910418,0.0,0.24726863,5,simplekt
50272989355910418,1.0,0.72452146,5,simplekt
50272989355910418,1.0,0.8664362,5,simplekt
50272989355910418,1.0,0.9999913,5,simplekt
50272989355910418,1.0,0.99999917,5,simplekt
50272989355910418,1.0,0.99998355,5,simplekt
50272989355910418,1.0,0.5504547,5,simplekt
50272989355910418,1.0,0.6163251,5,simplekt
50272989355910418,1.0,0.6267033,5,simplekt
50272989355910418,1.0,0.41117635,5,simplekt
50272989355910418,0.0,0.44023317,5,simplekt
50272989355910418,1.0,0.8053362,5,simplekt
50272989355910418,1.0,0.9089904,5,simplekt
50272989355910418,0.0,0.43388128,5,simplekt
50272989355910418,1.0,0.5924029,5,simplekt
50272989355910418,1.0,0.6382201,5,simplekt
50272989355910418,1.0,0.58779603,5,simplekt
50272989355910418,1.0,0.77422506,5,simplekt
50272989355910418,1.0,0.8364168,5,simplekt
50272989355910418,1.0,0.87110096,5,simplekt
50272989355910418,1.0,0.5830204,5,simplekt
50272989355910418,0.0,0.5235539,5,simplekt
50272989355910418,1.0,0.88261867,5,simplekt
50272989355910418,1.0,0.9499499,5,simplekt
50272989355910418,1.0,0.9999871,5,simplekt
50272989355910418,1.0,0.8950093,5,simplekt
50272989355910418,1.0,0.97220063,5,simplekt
50272989355910418,1.0,0.7897974,5,simplekt
50272989355910418,0.0,0.64989376,5,simplekt
50272989355910418,0.0,9.576493e-06,5,simplekt
50272989355910418,0.0,6.7797664e-05,5,simplekt
50272989355910418,0.0,0.40887386,5,simplekt
50272989355910418,1.0,0.93182164,5,simplekt
50272989355910418,0.0,0.5113231,5,simplekt
50272989355910418,0.0,0.7956758,5,simplekt
50272989355910418,1.0,0.7003444,5,simplekt
50272989355910418,1.0,0.9993481,5,simplekt
50636088915151746,1.0,0.8690323,5,simplekt
50636088915151746,1.0,0.870345,5,simplekt
50636088915151746,1.0,0.89414304,5,simplekt
50636088915151746,1.0,0.7805733,5,simplekt
50636088915151746,1.0,0.9648792,5,simplekt
50636088915151746,1.0,0.9999734,5,simplekt
50636088915151746,1.0,0.9045503,5,simplekt
50636088915151746,1.0,0.9227569,5,simplekt
50636088915151746,1.0,0.97493684,5,simplekt
50636088915151746,1.0,0.9417948,5,simplekt
50636088915151746,1.0,0.8920147,5,simplekt
50636088915151746,1.0,0.98327047,5,simplekt
50636088915151746,1.0,0.9733209,5,simplekt
50636088915151746,1.0,0.9390437,5,simplekt
50636088915151746,1.0,0.99999833,5,simplekt
50636088915151746,1.0,0.8393656,5,simplekt
50636088915151746,1.0,0.96906626,5,simplekt
50636088915151746,1.0,0.9133816,5,simplekt
50636088915151746,1.0,0.9860745,5,simplekt
50636088915151746,1.0,0.9672122,5,simplekt
50636088915151746,1.0,0.99560696,5,simplekt
50636088915151746,1.0,0.8683921,5,simplekt
50636088915151746,1.0,0.99015546,5,simplekt
50636088915151746,1.0,0.9937543,5,simplekt
50636088915151746,1.0,0.98585296,5,simplekt
