user_id,item_id,kc_id,y_true,fold,model,y_prob
1076069285247239,148483031885960388,4729501326174050864,1,1,akt,
1076069285247239,7173901711990274646,4526863928383273751,1,1,akt,
1076069285247239,1637919491509576270,8575610639500092945,0,1,akt,
1076069285247239,7586521750743411332,2823547883153135285,0,1,akt,
1076069285247239,1257891084249187722,2823547883153135285,1,1,akt,
1076069285247239,1137548110942588872,2823547883153135285,1,1,akt,
1076069285247239,6062856374210802332,6421511779947974192,1,1,akt,
1076069285247239,7352297105888124102,6421511779947974192,0,1,akt,
1076069285247239,2482621849715251179,703599217093634705,1,1,akt,
1076069285247239,3829457076752395651,703599217093634705,1,1,akt,
1076069285247239,6452103335944941746,3823348261283868936,1,1,akt,
1076069285247239,7521910662979551822,5287993638298451617,1,1,akt,
1076069285247239,6289191054585870467,5287993638298451617,1,1,akt,
1076069285247239,183785263154883249,4355865024520386185,1,1,akt,
1076069285247239,1064148328133680656,4355865024520386185,1,1,akt,
1076069285247239,5387696271310594677,3823348261283868936,1,1,akt,
1076069285247239,169189976426384337,8053098255007046142,1,1,akt,
1076069285247239,6749878924505021769,8053098255007046142,1,1,akt,
1076069285247239,697982920437075837,8053098255007046142,0,1,akt,
1076069285247239,697982920437075837,816286915455981984,0,1,akt,
1076069285247239,1465663186901220470,4355865024520386185,0,1,akt,
1076069285247239,1705497706394497424,8053098255007046142,1,1,akt,
1076069285247239,3687724797637879659,703599217093634705,0,1,akt,
1076069285247239,5917545748262086051,8403310539418792058,0,1,akt,
1076069285247239,858209354918782930,8403310539418792058,1,1,akt,
1076069285247239,3157679019843031136,8403310539418792058,1,1,akt,
1076069285247239,8583468167062486436,8403310539418792058,0,1,akt,
1076069285247239,5837473914972779881,6293355376372615766,1,1,akt,
1076069285247239,3386572474479421240,6293355376372615766,1,1,akt,
1076069285247239,782958826532514082,8403310539418792058,0,1,akt,
1076069285247239,7650465239755468016,8403310539418792058,1,1,akt,
1076069285247239,9003152478203199658,8403310539418792058,0,1,akt,
1076069285247239,9144537140625135477,8403310539418792058,0,1,akt,
1076069285247239,4226496546052577021,3896176223871121243,1,1,akt,
1076069285247239,8321253551459904622,4654090348491357037,0,1,akt,
1076069285247239,8634487759291684026,4971898752437058564,0,1,akt,
1076069285247239,7976929697179062392,4971898752437058564,1,1,akt,
1076069285247239,903126694303099726,4654090348491357037,0,1,akt,
1076069285247239,7184515609055132842,4654090348491357037,1,1,akt,
1076069285247239,6088781737297447420,4654090348491357037,1,1,akt,
1076069285247239,8737822233129715976,4654090348491357037,0,1,akt,
1076069285247239,3962081917684737907,4654090348491357037,1,1,akt,
1076069285247239,5288858959064661148,4654090348491357037,0,1,akt,
1076069285247239,8597932305709178815,4654090348491357037,0,1,akt,
1076069285247239,6784529451143929904,8421171580834073004,1,1,akt,
1076069285247239,6784529451143929904,2528747214680891187,1,1,akt,
1076069285247239,6784529451143929904,9032608968603454747,1,1,akt,
1076069285247239,8367424958112124046,8421171580834073004,1,1,akt,
1076069285247239,8367424958112124046,2528747214680891187,1,1,akt,
1076069285247239,8367424958112124046,9032608968603454747,1,1,akt,
1076069285247239,2583296623274191349,8421171580834073004,1,1,akt,
1076069285247239,2583296623274191349,2528747214680891187,1,1,akt,
1076069285247239,2583296623274191349,9032608968603454747,1,1,akt,
1076069285247239,9137995536786253035,8421171580834073004,1,1,akt,
1076069285247239,9137995536786253035,9032608968603454747,1,1,akt,
1076069285247239,9137995536786253035,2528747214680891187,1,1,akt,
1076069285247239,6945730151184930199,3220231712819306119,1,1,akt,
1076069285247239,1084649001726918227,3220231712819306119,1,1,akt,
1076069285247239,3207676601913229057,3220231712819306119,1,1,akt,
1076069285247239,4724915783845298624,3220231712819306119,1,1,akt,
1076069285247239,2160797765405831572,9035941346198722721,1,1,akt,
1076069285247239,6099673787824828708,9035941346198722721,1,1,akt,
1076069285247239,4729501326174050864,9035941346198722721,1,1,akt,
1076069285247239,464102210122154120,9035941346198722721,0,1,akt,
1076069285247239,5098123251717802806,4981016869870220101,1,1,akt,
1076069285247239,1574488509804982512,4981016869870220101,1,1,akt,
1076069285247239,1574488509804982512,4981016869870220101,1,1,akt,
1076069285247239,5815281380128112355,9035941346198722721,1,1,akt,
1076069285247239,8442572108069967032,9035941346198722721,1,1,akt,
1076069285247239,5788113795541723564,8903365289186067945,1,1,akt,
1076069285247239,6980776234055185315,8903365289186067945,1,1,akt,
1076069285247239,2628776877218262819,8903365289186067945,1,1,akt,
1076069285247239,5760529357109424655,8903365289186067945,1,1,akt,
1076069285247239,7189182360040420404,8903365289186067945,1,1,akt,
1076069285247239,6919869029396141132,6925932688889117475,0,1,akt,
1076069285247239,7371758214174260915,464102210122154120,1,1,akt,
1076069285247239,8804181835842039761,2774368076249802464,0,1,akt,
1076069285247239,2071100320171115341,2630505475243948786,1,1,akt,
1076069285247239,419939363548605032,2630505475243948786,1,1,akt,
1076069285247239,6103364715799004295,7802467190713408940,1,1,akt,
1076069285247239,5109244793230292194,7802467190713408940,1,1,akt,
1076069285247239,7556258435587795671,7802467190713408940,1,1,akt,
1076069285247239,2312676756438647899,3204183443604364643,1,1,akt,
1076069285247239,5494432868690614770,936324378259014250,1,1,akt,
1076069285247239,5540293484639694862,936324378259014250,1,1,akt,
1076069285247239,5395509064737116210,3638162062903617806,1,1,akt,
1076069285247239,4204147770920313898,3638162062903617806,1,1,akt,
1076069285247239,8523260970482156988,3638162062903617806,1,1,akt,
1076069285247239,6227798331706543382,3638162062903617806,1,1,akt,
1076069285247239,8029236709230875624,8253624017608095921,1,1,akt,
1076069285247239,2312793360970709803,6847502242749017216,1,1,akt,
1076069285247239,3561675449350087912,1438833197930244504,1,1,akt,
1076069285247239,2497511940249172937,7601972610929176126,1,1,akt,
1076069285247239,5112195628255213216,4031585874086886353,1,1,akt,
1076069285247239,257581904438970411,8931749632723040425,0,1,akt,
1076069285247239,1625422738320293236,8931749632723040425,1,1,akt,
1076069285247239,8111789485454583176,8257095676522850515,1,1,akt,
1076069285247239,609060549646110992,1962751598315765836,1,1,akt,
1076069285247239,609060549646110992,2042035842694401475,1,1,akt,
1076069285247239,609060549646110992,2537821716777940730,1,1,akt,
1076069285247239,789928575737038845,1962751598315765836,0,1,akt,
1076069285247239,8164579060853093558,8553379303363759508,0,1,akt,
1076069285247239,6516121893827078818,1742185772413642127,1,1,akt,
1076069285247239,3680890090128975262,1742185772413642127,1,1,akt,
1076069285247239,4287843156248190141,1742185772413642127,1,1,akt,
1076069285247239,8864309922340784357,1742185772413642127,1,1,akt,
1076069285247239,7963076060327471726,1742185772413642127,1,1,akt,
1076069285247239,7963076060327471726,8434961942249729798,1,1,akt,
1076069285247239,4100056189470085673,1742185772413642127,1,1,akt,
1076069285247239,4100056189470085673,8434961942249729798,1,1,akt,
1076069285247239,5262070597281214617,8434961942249729798,1,1,akt,
1076069285247239,8027028041876896105,1742185772413642127,1,1,akt,
1076069285247239,2172651027386538291,1962751598315765836,1,1,akt,
1076069285247239,7110089499805872564,1962751598315765836,1,1,akt,
1076069285247239,3587568046434385561,2971078979906996375,1,1,akt,
1076069285247239,1893642978819296611,1742185772413642127,0,1,akt,
1076069285247239,1893642978819296611,6038104030264466633,0,1,akt,
1076069285247239,4852582249628029532,1742185772413642127,1,1,akt,
1076069285247239,4852582249628029532,6038104030264466633,1,1,akt,
1076069285247239,6204090755270219155,6440511557387709110,0,1,akt,
1076069285247239,6204090755270219155,6038104030264466633,0,1,akt,
1076069285247239,6204090755270219155,8553379303363759508,0,1,akt,
1076069285247239,6204090755270219155,1035367362361933335,0,1,akt,
1076069285247239,6204090755270219155,1742185772413642127,0,1,akt,
1076069285247239,6204090755270219155,6471369570750938294,0,1,akt,
1076069285247239,8300278739610563484,3977603873829794107,1,1,akt,
1076069285247239,1956263685640837203,338807275221326836,1,1,akt,
1076069285247239,6863322952279055094,8450591260754163598,1,1,akt,
1076069285247239,8015194389395403047,1553079256999111676,0,1,akt,
1076069285247239,589595259022606128,8450591260754163598,0,1,akt,
1076069285247239,3196572545063368294,1553079256999111676,1,1,akt,
1076069285247239,1849374032637944872,8450591260754163598,1,1,akt,
1076069285247239,7966462723188529488,8450591260754163598,0,1,akt,
1076069285247239,5771048247599626204,8450591260754163598,1,1,akt,
1076069285247239,873734404548316197,8450591260754163598,1,1,akt,
1076069285247239,6325743242354330185,6587421150596252277,0,1,akt,
1076069285247239,4599874212276290133,6587421150596252277,0,1,akt,
1076069285247239,4778110010971744024,6587421150596252277,1,1,akt,
1076069285247239,2941643269875773707,1553079256999111676,1,1,akt,
1076069285247239,1982353309121868131,1553079256999111676,0,1,akt,
1076069285247239,585394738633421119,8450591260754163598,1,1,akt,
1076069285247239,7387337585027059198,8450591260754163598,1,1,akt,
1076069285247239,243369566058869586,6587421150596252277,0,1,akt,
1076069285247239,7115807159188272944,8450591260754163598,0,1,akt,
1076069285247239,7584194808624884293,7137985937186816118,0,1,akt,
1076069285247239,3256967871020403143,6949811205411410448,1,1,akt,
1076069285247239,160526153134266077,6949811205411410448,1,1,akt,
1076069285247239,262972098788613969,6949811205411410448,1,1,akt,
1076069285247239,81836391822819695,965465494080659646,1,1,akt,
1076069285247239,81836391822819695,8218796673634111208,1,1,akt,
1076069285247239,2678037544306135052,6949811205411410448,1,1,akt,
1076069285247239,6394202531192004290,965465494080659646,1,1,akt,
1076069285247239,4742394668670699272,6949811205411410448,1,1,akt,
1076069285247239,6918975496901528910,6949811205411410448,1,1,akt,
1076069285247239,4811748811258821924,6949811205411410448,0,1,akt,
1076069285247239,4837501291446937767,6949811205411410448,0,1,akt,
1076069285247239,4643253996117354404,6949811205411410448,1,1,akt,
1076069285247239,2200223852542584006,6949811205411410448,1,1,akt,
1076069285247239,5380736624332328667,965465494080659646,1,1,akt,
1076069285247239,6601469893026267442,965465494080659646,0,1,akt,
1076069285247239,4539072446738603069,965465494080659646,1,1,akt,
1076069285247239,8392765289363313686,6949811205411410448,1,1,akt,
1076069285247239,58379446801296488,6949811205411410448,0,1,akt,
1076069285247239,1737549008450576232,6949811205411410448,0,1,akt,
1076069285247239,4837435113414834930,6949811205411410448,0,1,akt,
1076069285247239,4180865159137445928,6949811205411410448,1,1,akt,
1076069285247239,5219220775689782715,6949811205411410448,1,1,akt,
1076069285247239,5562869464514701139,6949811205411410448,1,1,akt,
1076069285247239,5850479194837887944,4932081828363820241,0,1,akt,
1076069285247239,3420314197971075877,5614001701401503216,0,1,akt,
1076069285247239,5758295914440078557,4932081828363820241,0,1,akt,
1076069285247239,2789256433454450511,4932081828363820241,0,1,akt,
1076069285247239,8479037457196838763,4932081828363820241,1,1,akt,
1076069285247239,2020542875614218006,5614001701401503216,0,1,akt,
1076069285247239,9106594666321326924,5614001701401503216,1,1,akt,
1076069285247239,5512575834172553485,5614001701401503216,0,1,akt,
1076069285247239,4985701407810924242,5614001701401503216,0,1,akt,
1076069285247239,4124787404572461022,5614001701401503216,1,1,akt,
1076069285247239,4124787404572461022,4932081828363820241,1,1,akt,
1076069285247239,3152736657375411130,5614001701401503216,1,1,akt,
1076069285247239,6354454527181646401,6949811205411410448,1,1,akt,
1076069285247239,1969637975208622667,6949811205411410448,0,1,akt,
1076069285247239,1969637975208622667,5614001701401503216,0,1,akt,
1076069285247239,4789051774614903319,965465494080659646,0,1,akt,
1076069285247239,5331648089839313718,4932081828363820241,0,1,akt,
1076069285247239,1278202529328948065,4705015170632774223,0,1,akt,
1076069285247239,1278202529328948065,6612232247280708430,0,1,akt,
1076069285247239,958813039069687279,4705015170632774223,1,1,akt,
1076069285247239,958813039069687279,6612232247280708430,1,1,akt,
1076069285247239,5433051947019886445,4705015170632774223,0,1,akt,
1076069285247239,5433051947019886445,6612232247280708430,0,1,akt,
1076069285247239,3595109963701994207,6612232247280708430,1,1,akt,
1076069285247239,4402464831798965707,1440354453570655004,0,1,akt,
1076069285247239,3747639013786243008,1440354453570655004,0,1,akt,
1076069285247239,4782463374426136040,6612232247280708430,0,1,akt,
1076069285247239,4765159986229612428,6612232247280708430,1,1,akt,
1076069285247239,5329576675655904169,6612232247280708430,1,1,akt,
1076069285247239,5784304871759423917,6612232247280708430,1,1,akt,
1076069285247239,2457898256755869273,4705015170632774223,0,1,akt,
1076069285247239,5689946056537179224,6612232247280708430,0,1,akt,
1076069285247239,7085947951427370439,1440354453570655004,0,1,akt,
1076069285247239,5413789956101309467,1609137421269019972,1,1,akt,
1076069285247239,73928280903912066,1609137421269019972,1,1,akt,
1076069285247239,456231635565849618,936324378259014250,1,1,akt,
1076069285247239,8021789615661091626,936324378259014250,1,1,akt,
1076069285247239,4747458762391861814,945565921951254878,1,1,akt,
1076069285247239,4747458762391861814,936324378259014250,1,1,akt,
1076069285247239,4747458762391861814,7137985937186816118,1,1,akt,
1076069285247239,8064753944805038908,3386664800761312538,0,1,akt,
1076069285247239,8064753944805038908,5626355055055545431,0,1,akt,
1076069285247239,4626325596384339223,936324378259014250,0,1,akt,
1076069285247239,4626325596384339223,3386664800761312538,0,1,akt,
1076069285247239,6080238619208492545,8208743102655574034,0,1,akt,
1076069285247239,4030486325664935709,8253624017608095921,0,1,akt,
1076069285247239,3422900282767970598,8253624017608095921,1,1,akt,
1076069285247239,5896746524602982308,8864809465971284028,1,1,akt,
1076069285247239,1179656879149712095,2500372166686333823,0,1,akt,
1076069285247239,3451790309599703332,7430095633397685637,0,1,akt,
1076069285247239,7095552851158154914,4607388048970825422,1,1,akt,
1076069285247239,7095552851158154914,4607388048970825422,1,1,akt,
1076069285247239,1145974536714271547,1418680419447008469,1,1,akt,
1076069285247239,1686632649349855755,1418680419447008469,1,1,akt,
1076069285247239,5050855226071658437,1418680419447008469,1,1,akt,
1076069285247239,5050855226071658437,1418680419447008469,1,1,akt,
1076069285247239,7915850453559781698,1418680419447008469,1,1,akt,
1076069285247239,306023099386028284,7381422041526990924,1,1,akt,
1076069285247239,9028614706513287099,7381422041526990924,0,1,akt,
1076069285247239,8034873963014328432,7381422041526990924,1,1,akt,
1076069285247239,32261392583187374,3795512345256537003,0,1,akt,
1076069285247239,74638531651877569,3795512345256537003,1,1,akt,
1076069285247239,74638531651877569,3795512345256537003,1,1,akt,
1076069285247239,5288654585860750609,3795512345256537003,0,1,akt,
1076069285247239,666632563056544558,7312291969267315939,1,1,akt,
1076069285247239,326604634805265978,7312291969267315939,0,1,akt,
1076069285247239,8027941967834834501,7312291969267315939,1,1,akt,
1076069285247239,6892970266406478541,7312291969267315939,1,1,akt,
1076069285247239,8155690883524442573,594484301261397148,1,1,akt,
1076069285247239,5342401179217169371,594484301261397148,0,1,akt,
1076069285247239,7811337634646641563,1418680419447008469,1,1,akt,
1076069285247239,1572904873965516635,7381422041526990924,0,1,akt,
1076069285247239,4560719101685283745,1418680419447008469,1,1,akt,
1076069285247239,4560719101685283745,1418680419447008469,1,1,akt,
1076069285247239,8398942342651905271,594484301261397148,0,1,akt,
1076069285247239,3932120167381333386,8257095676522850515,1,1,akt,
1076069285247239,3932120167381333386,7137985937186816118,1,1,akt,
1076069285247239,462053040223506107,8257095676522850515,0,1,akt,
1076069285247239,8052792797201523718,8257095676522850515,0,1,akt,
1076069285247239,3709628422611755479,8257095676522850515,1,1,akt,
1076069285247239,3305366065003714517,1349015927524233791,1,1,akt,
1076069285247239,2750160984714043548,3386572474479421240,1,1,akt,
1076069285247239,3319694501685669518,3386572474479421240,1,1,akt,
1076069285247239,7610637847824275101,945565921951254878,1,1,akt,
1076069285247239,7610637847824275101,7007912644773896868,1,1,akt,
1076069285247239,6019014453524986050,8257095676522850515,1,1,akt,
1076069285247239,1093282304474350604,8257095676522850515,1,1,akt,
1076069285247239,1093282304474350604,3990069655864291204,1,1,akt,
1076069285247239,5889958527538787198,6784529451143929904,1,1,akt,
1076069285247239,3659066959988699832,6456304688997881806,1,1,akt,
1076069285247239,3659066959988699832,945565921951254878,1,1,akt,
1076069285247239,1498900241304656752,6456304688997881806,1,1,akt,
1076069285247239,1498900241304656752,945565921951254878,1,1,akt,
1076069285247239,6282529568844347553,6456304688997881806,1,1,akt,
1076069285247239,6282529568844347553,945565921951254878,1,1,akt,
1076069285247239,5270369024203925293,6456304688997881806,0,1,akt,
1076069285247239,5270369024203925293,945565921951254878,0,1,akt,
1076069285247239,6438344733596527197,6456304688997881806,1,1,akt,
1076069285247239,6438344733596527197,945565921951254878,1,1,akt,
1076069285247239,202753365794141304,8860457263355711329,1,1,akt,
1076069285247239,276073773678975562,8860457263355711329,0,1,akt,
1076069285247239,8852932604306052637,1620228599548467016,0,1,akt,
1076069285247239,2157877054695219556,1620228599548467016,1,1,akt,
1076069285247239,2157877054695219556,8860457263355711329,1,1,akt,
1076069285247239,5856253510702032044,1620228599548467016,0,1,akt,
1076069285247239,5856253510702032044,8860457263355711329,0,1,akt,
1076069285247239,1355897475346419780,3695277572730007841,1,1,akt,
1076069285247239,339533063856671049,6456304688997881806,1,1,akt,
1076069285247239,7330278289208411022,6664130503876327269,1,1,akt,
1076069285247239,7772660939111385999,7104105291018701155,1,1,akt,
1076069285247239,2839790214983004106,1461533708358448274,1,1,akt,
1076069285247239,6801571978050274661,1461533708358448274,1,1,akt,
1076069285247239,1050892971160408537,1461533708358448274,1,1,akt,
1076069285247239,8950026749536871541,7104105291018701155,1,1,akt,
1076069285247239,578064138689923259,1461533708358448274,0,1,akt,
1076069285247239,5282831772502765195,1461533708358448274,1,1,akt,
1076069285247239,7350176134610615476,1809111747278392846,1,1,akt,
1076069285247239,7350176134610615476,1286827730621926626,1,1,akt,
1076069285247239,3519731247906523276,1809111747278392846,1,1,akt,
1076069285247239,3519731247906523276,1286827730621926626,1,1,akt,
1076069285247239,2195833539661043217,1809111747278392846,1,1,akt,
1076069285247239,2195833539661043217,1286827730621926626,1,1,akt,
1076069285247239,5589078369566869868,1809111747278392846,1,1,akt,
1076069285247239,5589078369566869868,1286827730621926626,1,1,akt,
1076069285247239,8217791436535403243,456878871009050454,0,1,akt,
1076069285247239,822244759337704825,456878871009050454,0,1,akt,
1076069285247239,7483324394097726110,456878871009050454,1,1,akt,
1076069285247239,7483324394097726110,325754291254371692,1,1,akt,
1076069285247239,9157277179860516530,1286827730621926626,1,1,akt,
1076069285247239,8830198938563921360,5483772617844162674,1,1,akt,
1076069285247239,7977927666567794702,1286827730621926626,1,1,akt,
1076069285247239,7977927666567794702,4023090618520176218,1,1,akt,
1076069285247239,1640837721189861640,1286827730621926626,1,1,akt,
1076069285247239,1640837721189861640,4023090618520176218,1,1,akt,
1076069285247239,7838465219953497383,1286827730621926626,0,1,akt,
1076069285247239,7838465219953497383,4023090618520176218,0,1,akt,
1076069285247239,5868001827667489442,3100876389124754186,0,1,akt,
1076069285247239,375826844169571640,3100876389124754186,1,1,akt,
1076069285247239,8508141467069938492,7744513373483970787,1,1,akt,
1076069285247239,8508141467069938492,6038104030264466633,1,1,akt,
1076069285247239,3977603873829794107,7478711582937413777,1,1,akt,
1076069285247239,8246862687487187606,5483772617844162674,1,1,akt,
1076069285247239,4393814051537803728,456878871009050454,0,1,akt,
1076069285247239,6626645630498413180,1286827730621926626,0,1,akt,
1076069285247239,1155639296431023937,5623297772212155274,0,1,akt,
1076069285247239,9142049966906648835,5623297772212155274,1,1,akt,
1076069285247239,3832612156307966302,5623297772212155274,1,1,akt,
1076069285247239,3624945720705218814,5623297772212155274,1,1,akt,
1076069285247239,471159413555272069,5623297772212155274,1,1,akt,
1076069285247239,4600562821207585617,5623297772212155274,0,1,akt,
1076069285247239,6271792100691553251,5623297772212155274,1,1,akt,
1076069285247239,1725566820929970144,1470645355478017954,1,1,akt,
1076069285247239,426181551314142998,1470645355478017954,1,1,akt,
1076069285247239,1539890619500177857,4640630302861370741,0,1,akt,
1076069285247239,6072095974150049491,4640630302861370741,1,1,akt,
1076069285247239,3828334279603049153,5623297772212155274,1,1,akt,
1076069285247239,3828334279603049153,10766877478299942,1,1,akt,
1076069285247239,8208743102655574034,5623297772212155274,0,1,akt,
1076069285247239,460500674160906601,765686451306091390,1,1,akt,
1076069285247239,1461898815379118599,765686451306091390,1,1,akt,
1076069285247239,4136257810568368026,5487204154853305298,1,1,akt,
1076069285247239,122640527417673432,765686451306091390,1,1,akt,
1076069285247239,1737287875738143165,5487204154853305298,1,1,akt,
1076069285247239,3775426114325106060,2630166442278202703,1,1,akt,
1076069285247239,3101224498948786626,7877160466076973101,1,1,akt,
1076069285247239,2581665156666352583,7877160466076973101,1,1,akt,
1076069285247239,3854862117732615294,2630166442278202703,1,1,akt,
1076069285247239,3973362612645892720,7877160466076973101,1,1,akt,
1076069285247239,4147399948521361923,7877160466076973101,1,1,akt,
1076069285247239,7234180652301407876,7877160466076973101,1,1,akt,
1076069285247239,7564423353198322088,7877160466076973101,1,1,akt,
1076069285247239,9023137825787198513,7877160466076973101,1,1,akt,
1076069285247239,2823547883153135285,358466476080118370,1,1,akt,
1076069285247239,2710190681972600929,3993295421765698769,1,1,akt,
1076069285247239,8800188575488879802,4403133428956178902,1,1,akt,
1076069285247239,8800188575488879802,8946122040834336764,1,1,akt,
1076069285247239,8800188575488879802,5677422322508975122,1,1,akt,
1076069285247239,8800188575488879802,3356952560767624663,1,1,akt,
1076069285247239,8800188575488879802,339533063856671049,1,1,akt,
1076069285247239,8800188575488879802,2229157640543804668,1,1,akt,
1076069285247239,617216495578830529,358466476080118370,1,1,akt,
1076069285247239,276790277326826910,358466476080118370,0,1,akt,
1076069285247239,2562952757747593838,358466476080118370,1,1,akt,
1076069285247239,4654090348491357037,6617986845316146041,0,1,akt,
1076069285247239,4800291106010076955,2725736025011687568,0,1,akt,
1076069285247239,4479314299435472174,5623297772212155274,0,1,akt,
1076069285247239,5534249323882004940,9131149396521926973,0,1,akt,
1076069285247239,8458538933301204869,7152865195137276211,0,1,akt,
1076069285247239,2073027895731855281,7564423353198322088,0,1,akt,
1076069285247239,4794584953757549392,5623297772212155274,1,1,akt,
1076069285247239,8113146522127668261,8206256480211232641,1,1,akt,
1076069285247239,879162573073742125,5623297772212155274,0,1,akt,
1076069285247239,2658862933405537015,765686451306091390,0,1,akt,
1076069285247239,4636519258198856077,7152865195137276211,1,1,akt,
1076069285247239,522099378819990519,2098409895490789901,1,1,akt,
1076069285247239,3766816145517046274,2098409895490789901,1,1,akt,
1076069285247239,7130226728108680662,2098409895490789901,1,1,akt,
1076069285247239,7130226728108680662,3896982418568604085,1,1,akt,
1076069285247239,1119859680038117022,2098409895490789901,1,1,akt,
1076069285247239,1119859680038117022,3896982418568604085,1,1,akt,
1076069285247239,7590886226139132633,2098409895490789901,0,1,akt,
1076069285247239,8729783719004562371,2098409895490789901,0,1,akt,
1076069285247239,2014281586758531738,2054562585630021026,0,1,akt,
1076069285247239,5418251536642622841,7137985937186816118,1,1,akt,
1076069285247239,5216539713203344242,7137985937186816118,1,1,akt,
1076069285247239,5407162670134806335,7137985937186816118,1,1,akt,
1076069285247239,7701763504634045312,1239035252056260249,1,1,akt,
1076069285247239,7701763504634045312,6538327640702579785,1,1,akt,
1076069285247239,8357741821285278226,1625359377637083757,0,1,akt,
1076069285247239,8357741821285278226,1239035252056260249,0,1,akt,
1076069285247239,5389540250554718505,3990069655864291204,1,1,akt,
1076069285247239,6517939508439770629,3990069655864291204,1,1,akt,
1076069285247239,6000212042947142551,3990069655864291204,1,1,akt,
1076069285247239,6000212042947142551,5816909911210222449,1,1,akt,
1076069285247239,7810318964945292796,6847502242749017216,1,1,akt,
1076069285247239,9002976237090591234,3967320573372768823,1,1,akt,
1076069285247239,8728717226893657037,3990069655864291204,1,1,akt,
1076069285247239,8728717226893657037,5319011735380609624,1,1,akt,
1076069285247239,649431094005244939,1620228599548467016,1,1,akt,
1076069285247239,649431094005244939,6417620605101166778,1,1,akt,
1076069285247239,1327066424004720614,6601469893026267442,1,1,akt,
1076069285247239,2083951319723828357,617692350657418114,0,1,akt,
1076069285247239,2678881608250177865,6601469893026267442,1,1,akt,
1076069285247239,2678881608250177865,8392765289363313686,1,1,akt,
1076069285247239,3458361847903779738,1239035252056260249,0,1,akt,
1076069285247239,3458361847903779738,6538327640702579785,0,1,akt,
1076069285247239,3811330116957117527,4539072446738603069,1,1,akt,
1076069285247239,9209954696935928825,9190629654144504111,0,1,akt,
1076069285247239,9209954696935928825,1742185772413642127,0,1,akt,
9966581540460181,7478215972894898259,6440511557387709110,1,1,akt,
9966581540460181,7478215972894898259,2042035842694401475,1,1,akt,
9966581540460181,7763029187668663390,17368298824386454,0,1,akt,
9966581540460181,8665007099795852149,6440511557387709110,1,1,akt,
9966581540460181,8665007099795852149,2042035842694401475,1,1,akt,
9966581540460181,1753123953293934161,1061301253559417093,1,1,akt,
9966581540460181,3570770051852108663,2042035842694401475,1,1,akt,
9966581540460181,3570770051852108663,2537821716777940730,1,1,akt,
9966581540460181,6587737364646322550,6440511557387709110,1,1,akt,
9966581540460181,6708741748741232863,8637767708838786270,1,1,akt,
9966581540460181,8404743698645172910,1528367322763859649,1,1,akt,
9966581540460181,2648500728143928306,8637767708838786270,1,1,akt,
9966581540460181,4681447076301424878,8571634011969914262,1,1,akt,
9966581540460181,4681447076301424878,1528367322763859649,1,1,akt,
9966581540460181,8892646261030319274,1791598460737769462,1,1,akt,
9966581540460181,3858727112374471849,1528367322763859649,0,1,akt,
9966581540460181,2104618805033231562,4654090348491357037,1,1,akt,
9966581540460181,5414441279515470794,4654090348491357037,1,1,akt,
9966581540460181,4244400882087573612,8872345422222847872,1,1,akt,
9966581540460181,5272783423354924098,8872345422222847872,0,1,akt,
9966581540460181,5272783423354924098,6122766357667049422,0,1,akt,
9966581540460181,152767769636589090,358466476080118370,1,1,akt,
9966581540460181,659425513465830877,4654090348491357037,0,1,akt,
9966581540460181,2104618805033231562,4654090348491357037,1,1,akt,
9966581540460181,5669444133919801886,3896176223871121243,1,1,akt,
9966581540460181,3150757000052759360,3695961057996457232,0,1,akt,
9966581540460181,3546066603604701321,5791250638486922978,1,1,akt,
9966581540460181,6309587607481395298,5791250638486922978,1,1,akt,
9966581540460181,3710412657629285952,6945730151184930199,1,1,akt,
9966581540460181,6017410436784829725,5581673844533041260,1,1,akt,
9966581540460181,9016849573897402781,3586178338192106934,1,1,akt,
9966581540460181,7238742648168385675,6496413965580900652,1,1,akt,
9966581540460181,5828402920911886260,3018317019676942629,0,1,akt,
9966581540460181,3086562457051932167,1761868641361943332,1,1,akt,
9966581540460181,6238412361479316745,4824259625677886603,1,1,akt,
9966581540460181,7223937663635933255,1121940775251872465,1,1,akt,
9966581540460181,7223937663635933255,9083169879347368281,1,1,akt,
9966581540460181,2725078147122156143,5282831772502765195,1,1,akt,
9966581540460181,3252826287101409243,287641116298515468,1,1,akt,
9966581540460181,8879857825588577091,578064138689923259,1,1,akt,
9966581540460181,512958171013917277,5581673844533041260,1,1,akt,
9966581540460181,5307840994521275444,6319743179241711738,1,1,akt,
9966581540460181,6524148115537906735,5595843663294468577,1,1,akt,
9966581540460181,5036562283397013306,6319743179241711738,1,1,akt,
9966581540460181,9039304915350985383,3775426114325106060,0,1,akt,
9966581540460181,3083880146036401197,2789722194329186491,0,1,akt,
9966581540460181,3993295421765698769,8019950075815571462,1,1,akt,
9966581540460181,4734652333914181414,8093703363222220592,0,1,akt,
9966581540460181,7216647987429371184,1121364116392304820,1,1,akt,
9966581540460181,8228293723494725445,287641116298515468,1,1,akt,
9966581540460181,8228293723494725445,4505643652580096432,1,1,akt,
9966581540460181,9028867006689148622,578064138689923259,0,1,akt,
9966581540460181,8057419366645571406,8019950075815571462,1,1,akt,
9966581540460181,10766877478299942,8860457263355711329,1,1,akt,
9966581540460181,4640630302861370741,6664130503876327269,0,1,akt,
9966581540460181,5233639500475075064,3695277572730007841,1,1,akt,
9966581540460181,139815545349714716,8600282194503590507,1,1,akt,
9966581540460181,5105692549045655420,5367181793918399709,0,1,akt,
9966581540460181,7315505325538907780,8093703363222220592,1,1,akt,
9966581540460181,1305396700669414705,3896176223871121243,0,1,akt,
9966581540460181,2498453603589440647,1528367322763859649,1,1,akt,
9966581540460181,2716849276355289256,2537821716777940730,1,1,akt,
9966581540460181,3383517906052874268,8637767708838786270,0,1,akt,
9966581540460181,6135831032878058357,4971898752437058564,1,1,akt,
9966581540460181,6135831032878058357,3896176223871121243,1,1,akt,
9966581540460181,7584858949546486506,1061301253559417093,1,1,akt,
9966581540460181,239223947281477052,8860457263355711329,1,1,akt,
9966581540460181,6562668926073346752,3695277572730007841,1,1,akt,
9966581540460181,7333700626402702779,8860457263355711329,1,1,akt,
9966581540460181,5490559300243077051,1761868641361943332,1,1,akt,
9966581540460181,6486630054478318040,1761868641361943332,0,1,akt,
9966581540460181,6517113776429692278,1761868641361943332,1,1,akt,
9966581540460181,358904939128287787,3695277572730007841,1,1,akt,
9966581540460181,3013690063586297748,6664130503876327269,1,1,akt,
9966581540460181,5499399057662943166,643887371950613900,1,1,akt,
9966581540460181,3922292972343740971,4644364625800006675,0,1,akt,
9966581540460181,7238742648168385675,6496413965580900652,1,1,akt,
9966581540460181,9028867006689148622,578064138689923259,1,1,akt,
9966581540460181,4369619279285999524,3005237573196022570,0,1,akt,
9966581540460181,4516783767809688532,8053098255007046142,0,1,akt,
9966581540460181,4673251815109646473,1418680419447008469,0,1,akt,
9966581540460181,67720501988745316,8053098255007046142,1,1,akt,
9966581540460181,67720501988745316,7271679498218995541,1,1,akt,
9966581540460181,2113026943707030675,8053098255007046142,1,1,akt,
9966581540460181,2971485330678223403,8053098255007046142,1,1,akt,
9966581540460181,4279937419722821007,8053098255007046142,1,1,akt,
9966581540460181,6607159021814240557,8053098255007046142,1,1,akt,
9966581540460181,7376337487144723980,8053098255007046142,1,1,akt,
9966581540460181,2501041069184211901,7007912644773896868,0,1,akt,
9966581540460181,2749946366597973832,5821369294207078714,1,1,akt,
9966581540460181,6222198562168962254,6925932688889117475,1,1,akt,
9966581540460181,4690849467697349239,4981016869870220101,1,1,akt,
9966581540460181,8051978630550418482,3018317019676942629,1,1,akt,
9966581540460181,8524604848304324783,8903365289186067945,1,1,akt,
9966581540460181,1791598460737769462,3220231712819306119,0,1,akt,
9966581540460181,1794751257144944189,1742185772413642127,1,1,akt,
9966581540460181,4405682436302717938,6440511557387709110,1,1,akt,
9966581540460181,5928022168098019889,7137985937186816118,1,1,akt,
9966581540460181,730102702977908677,1418680419447008469,1,1,akt,
9966581540460181,871718519555968754,7877160466076973101,0,1,akt,
9966581540460181,9105123525147245970,3220231712819306119,1,1,akt,
9966581540460181,5608199947649334055,7137985937186816118,0,1,akt,
9966581540460181,3515011956403318829,3220231712819306119,1,1,akt,
9966581540460181,6237167959125509069,3220231712819306119,1,1,akt,
9966581540460181,8225654767877445153,6985481760789785284,1,1,akt,
9966581540460181,5502463332406901524,5797334606267118412,1,1,akt,
9966581540460181,6407015680432941783,5797334606267118412,1,1,akt,
9966581540460181,7705515422951088303,7802467190713408940,0,1,akt,
9966581540460181,5479342375985971806,2500372166686333823,1,1,akt,
9966581540460181,5723321967150462344,4607388048970825422,1,1,akt,
9966581540460181,6563127272644620789,2500372166686333823,1,1,akt,
9966581540460181,3558017197826590616,8398942342651905271,1,1,akt,
9966581540460181,3932196836016059513,7564569009553397433,1,1,akt,
9966581540460181,5574487810169481414,9190629654144504111,1,1,akt,
9966581540460181,6421511779947974192,2500372166686333823,0,1,akt,
9966581540460181,6471369570750938294,2500372166686333823,1,1,akt,
9966581540460181,9161728715932983272,2500372166686333823,0,1,akt,
9966581540460181,6713151476356104896,227262282044896366,0,1,akt,
9966581540460181,2119257897792516254,7564569009553397433,1,1,akt,
9966581540460181,2436410595621184995,7564569009553397433,1,1,akt,
9966581540460181,7271679498218995541,7564569009553397433,1,1,akt,
9966581540460181,144845175509401333,2823547883153135285,1,1,akt,
9966581540460181,7213597202607318380,7066177705708566569,1,1,akt,
9966581540460181,7213597202607318380,775355032693172961,1,1,akt,
9966581540460181,3137298029685116605,5639769407267706829,1,1,akt,
9966581540460181,7451062864603726372,7113092374842565865,1,1,akt,
9966581540460181,7609016773347249243,5639769407267706829,1,1,akt,
9966581540460181,306816872576014192,2370388050227613634,1,1,akt,
9966581540460181,306816872576014192,203249956262720720,1,1,akt,
9966581540460181,1853359520739655599,1977550450114807733,1,1,akt,
9966581540460181,4459422308844060723,1977550450114807733,1,1,akt,
9966581540460181,5882219327983017684,7113092374842565865,0,1,akt,
9966581540460181,7796290305159988749,48845589028730822,0,1,akt,
9966581540460181,1842216458801867100,4054327785515237713,1,1,akt,
9966581540460181,5157498106814022360,3755360326898657107,1,1,akt,
9966581540460181,5157498106814022360,4054327785515237713,1,1,akt,
9966581540460181,6136197739877716460,6166840127928669213,0,1,akt,
9966581540460181,6827114036858291371,1319354917418119610,1,1,akt,
9966581540460181,1546170515203119588,4054327785515237713,1,1,akt,
9966581540460181,4568239595003290962,2693181881020862458,1,1,akt,
9966581540460181,8246631950094453533,1639416985777663729,0,1,akt,
9966581540460181,1913858777833276236,7601972610929176126,0,1,akt,
9966581540460181,5328584024831721836,8628686323660025649,1,1,akt,
9966581540460181,5718176274094475687,5405953385245894923,1,1,akt,
9966581540460181,3007818030939477984,4486687310278624666,0,1,akt,
9966581540460181,7083597632131215170,4054327785515237713,1,1,akt,
9966581540460181,8457451826951989165,1639416985777663729,1,1,akt,
9966581540460181,1222407798012817380,8628686323660025649,0,1,akt,
9966581540460181,3059449736633676947,2083452711903133430,1,1,akt,
9966581540460181,7078830972705558821,2083452711903133430,0,1,akt,
9966581540460181,1615389918552277535,2083452711903133430,1,1,akt,
9966581540460181,1971037468289839309,5841359775533910823,1,1,akt,
9966581540460181,1971037468289839309,5405953385245894923,1,1,akt,
9966581540460181,8646396182761933454,4378721629787482518,1,1,akt,
9966581540460181,3401752731676851815,5940889310070452911,1,1,akt,
9966581540460181,3984083039239139880,5940889310070452911,1,1,akt,
9966581540460181,8524604848304324783,8903365289186067945,1,1,akt,
9966581540460181,637540744168268198,2412386674616941727,1,1,akt,
9966581540460181,1942728040884106299,2412386674616941727,1,1,akt,
9966581540460181,4767656483319650868,2412386674616941727,1,1,akt,
9966581540460181,4767656483319650868,7137985937186816118,1,1,akt,
9966581540460181,3356952560767624663,4526863928383273751,0,1,akt,
9966581540460181,2229157640543804668,4526863928383273751,1,1,akt,
9966581540460181,2419480025146918610,4526863928383273751,1,1,akt,
9966581540460181,7802053608972128251,4526863928383273751,0,1,akt,
9966581540460181,1170349867835578349,8257095676522850515,1,1,akt,
9966581540460181,7030681768082481430,8019950075815571462,1,1,akt,
9966581540460181,9213632887600069431,8257095676522850515,1,1,akt,
9966581540460181,868259508469978120,2527237414009188471,0,1,akt,
9966581540460181,4340198400009068807,8412574286969789961,0,1,akt,
9966581540460181,4983201600057156287,8257095676522850515,1,1,akt,
9966581540460181,2632747775718463298,4526863928383273751,1,1,akt,
9966581540460181,4417909438330291766,6256368340148503862,0,1,akt,
9966581540460181,2530462478681717021,6777721936409208091,1,1,akt,
9966581540460181,2530462478681717021,1349015927524233791,1,1,akt,
9966581540460181,2680402074871361480,8257095676522850515,1,1,akt,
9966581540460181,2911955873694983071,2527237414009188471,1,1,akt,
9966581540460181,6452557844992668973,8257095676522850515,1,1,akt,
9966581540460181,4616744173612466444,479698173788854790,0,1,akt,
9966581540460181,8525556663233406399,4355865024520386185,1,1,akt,
9966581540460181,3904592047260261162,1722290814234752206,0,1,akt,
9966581540460181,5216038448734267549,3823348261283868936,0,1,akt,
9966581540460181,7172996842918330814,3005237573196022570,0,1,akt,
9966581540460181,7172996842918330814,3521847891710846645,0,1,akt,
9966581540460181,1374602632651399802,8257095676522850515,0,1,akt,
9966581540460181,2457868973054174420,8257095676522850515,0,1,akt,
9966581540460181,2568707154491466498,2527237414009188471,0,1,akt,
9966581540460181,621323422024138580,3823348261283868936,1,1,akt,
9966581540460181,3922110250662496161,3823348261283868936,1,1,akt,
9966581540460181,6683578245725279512,3823348261283868936,1,1,akt,
9966581540460181,7179012403040335387,3823348261283868936,1,1,akt,
9966581540460181,5221814168049107787,8903365289186067945,1,1,akt,
9966581540460181,6075423682824025943,5940889310070452911,1,1,akt,
9966581540460181,6717948915470803660,2774368076249802464,0,1,akt,
9966581540460181,384764315619426508,2490719368767642283,0,1,akt,
9966581540460181,2858423625938753048,8965242899239828151,1,1,akt,
9966581540460181,2858423625938753048,4355865024520386185,1,1,akt,
9966581540460181,6750855715036353207,3823348261283868936,0,1,akt,
9966581540460181,2256372558845299038,2774368076249802464,1,1,akt,
9966581540460181,3100726898012878474,2774368076249802464,1,1,akt,
9966581540460181,4544446885381517462,5940889310070452911,1,1,akt,
9966581540460181,4913550775100811139,8903365289186067945,1,1,akt,
9966581540460181,346960327746656835,8685139025305292110,1,1,akt,
9966581540460181,424195093401935109,4526863928383273751,0,1,akt,
9966581540460181,1041131285172243470,1155914148622653541,0,1,akt,
9966581540460181,2743834484117430306,8257095676522850515,0,1,akt,
9966581540460181,2860920530175975535,4355865024520386185,0,1,akt,
9966581540460181,7058558328740938355,8257095676522850515,0,1,akt,
9966581540460181,7567371689250742995,5940889310070452911,0,1,akt,
9966581540460181,7774992094989305540,6307345462758042553,0,1,akt,
9966581540460181,8065891768867959787,4526863928383273751,1,1,akt,
9966581540460181,1664201055941281353,190304769087812475,1,1,akt,
9966581540460181,2487946395700780553,5483772617844162674,1,1,akt,
9966581540460181,5931082298064440119,3712398040798988323,0,1,akt,
9966581540460181,5931082298064440119,7795138037346182807,0,1,akt,
9966581540460181,5931082298064440119,1742185772413642127,0,1,akt,
9966581540460181,7353831867200563003,3973362612645892720,1,1,akt,
9966581540460181,7721624648022640439,2014268979504181100,1,1,akt,
9966581540460181,8686738128182072880,1651060061902010516,0,1,akt,
9966581540460181,1283160393561241846,3712398040798988323,1,1,akt,
9966581540460181,1283160393561241846,7795138037346182807,1,1,akt,
9966581540460181,1283160393561241846,1742185772413642127,1,1,akt,
9966581540460181,1809111747278392846,1742185772413642127,0,1,akt,
9966581540460181,5247196315878887540,7795138037346182807,1,1,akt,
9966581540460181,7237352591206535303,4147399948521361923,0,1,akt,
9966581540460181,178867487518601692,3386664800761312538,1,1,akt,
9966581540460181,4113125040985829140,9083169879347368281,1,1,akt,
9966581540460181,8711591128103277677,1121940775251872465,1,1,akt,
10137134166210003,148483031885960388,4729501326174050864,1,1,akt,
10137134166210003,7173901711990274646,4526863928383273751,0,1,akt,
10137134166210003,7586521750743411332,2823547883153135285,0,1,akt,
10137134166210003,1257891084249187722,2823547883153135285,1,1,akt,
10137134166210003,1137548110942588872,2823547883153135285,1,1,akt,
10137134166210003,6062856374210802332,6421511779947974192,1,1,akt,
10137134166210003,7352297105888124102,6421511779947974192,1,1,akt,
10137134166210003,2482621849715251179,703599217093634705,1,1,akt,
10137134166210003,3829457076752395651,703599217093634705,1,1,akt,
10137134166210003,6452103335944941746,3823348261283868936,0,1,akt,
10137134166210003,7521910662979551822,5287993638298451617,0,1,akt,
10137134166210003,1064148328133680656,4355865024520386185,1,1,akt,
10137134166210003,5387696271310594677,3823348261283868936,1,1,akt,
10137134166210003,169189976426384337,8053098255007046142,1,1,akt,
10137134166210003,6749878924505021769,8053098255007046142,0,1,akt,
10137134166210003,697982920437075837,8053098255007046142,0,1,akt,
10137134166210003,697982920437075837,816286915455981984,0,1,akt,
10137134166210003,1465663186901220470,4355865024520386185,0,1,akt,
10137134166210003,1705497706394497424,8053098255007046142,0,1,akt,
10137134166210003,3687724797637879659,703599217093634705,0,1,akt,
10137134166210003,5917545748262086051,8403310539418792058,1,1,akt,
10137134166210003,858209354918782930,8403310539418792058,1,1,akt,
10137134166210003,3157679019843031136,8403310539418792058,1,1,akt,
10137134166210003,8583468167062486436,8403310539418792058,1,1,akt,
10137134166210003,5837473914972779881,6293355376372615766,1,1,akt,
10137134166210003,3386572474479421240,6293355376372615766,0,1,akt,
10137134166210003,782958826532514082,8403310539418792058,0,1,akt,
10137134166210003,7650465239755468016,8403310539418792058,1,1,akt,
10137134166210003,9003152478203199658,8403310539418792058,0,1,akt,
10137134166210003,9144537140625135477,8403310539418792058,0,1,akt,
10137134166210003,4226496546052577021,3896176223871121243,1,1,akt,
10137134166210003,8321253551459904622,4654090348491357037,1,1,akt,
10137134166210003,8634487759291684026,4971898752437058564,0,1,akt,
10137134166210003,7976929697179062392,4971898752437058564,1,1,akt,
10137134166210003,903126694303099726,4654090348491357037,0,1,akt,
10137134166210003,7184515609055132842,4654090348491357037,1,1,akt,
10137134166210003,6088781737297447420,4654090348491357037,0,1,akt,
10137134166210003,8737822233129715976,4654090348491357037,1,1,akt,
10137134166210003,3962081917684737907,4654090348491357037,1,1,akt,
10137134166210003,5288858959064661148,4654090348491357037,1,1,akt,
10137134166210003,8597932305709178815,4654090348491357037,0,1,akt,
10137134166210003,6784529451143929904,8421171580834073004,1,1,akt,
10137134166210003,6784529451143929904,2528747214680891187,1,1,akt,
10137134166210003,6784529451143929904,9032608968603454747,1,1,akt,
10137134166210003,8367424958112124046,8421171580834073004,1,1,akt,
10137134166210003,8367424958112124046,2528747214680891187,1,1,akt,
10137134166210003,8367424958112124046,9032608968603454747,1,1,akt,
10137134166210003,9137995536786253035,8421171580834073004,1,1,akt,
10137134166210003,9137995536786253035,9032608968603454747,1,1,akt,
10137134166210003,9137995536786253035,2528747214680891187,1,1,akt,
10137134166210003,6945730151184930199,3220231712819306119,1,1,akt,
10137134166210003,1084649001726918227,3220231712819306119,1,1,akt,
10137134166210003,3207676601913229057,3220231712819306119,0,1,akt,
10137134166210003,4724915783845298624,3220231712819306119,0,1,akt,
10137134166210003,2160797765405831572,9035941346198722721,1,1,akt,
10137134166210003,6099673787824828708,9035941346198722721,1,1,akt,
10137134166210003,4729501326174050864,9035941346198722721,1,1,akt,
10137134166210003,464102210122154120,9035941346198722721,1,1,akt,
10137134166210003,5098123251717802806,4981016869870220101,1,1,akt,
10137134166210003,1574488509804982512,4981016869870220101,1,1,akt,
10137134166210003,1574488509804982512,4981016869870220101,1,1,akt,
10137134166210003,5815281380128112355,9035941346198722721,1,1,akt,
10137134166210003,8442572108069967032,9035941346198722721,1,1,akt,
10137134166210003,5788113795541723564,8903365289186067945,1,1,akt,
10137134166210003,6980776234055185315,8903365289186067945,1,1,akt,
10137134166210003,2628776877218262819,8903365289186067945,1,1,akt,
10137134166210003,5760529357109424655,8903365289186067945,1,1,akt,
10137134166210003,7189182360040420404,8903365289186067945,0,1,akt,
10137134166210003,6919869029396141132,6925932688889117475,0,1,akt,
10137134166210003,7371758214174260915,464102210122154120,0,1,akt,
10137134166210003,8804181835842039761,2774368076249802464,0,1,akt,
10137134166210003,2071100320171115341,2630505475243948786,1,1,akt,
10137134166210003,419939363548605032,2630505475243948786,0,1,akt,
10137134166210003,6103364715799004295,7802467190713408940,1,1,akt,
10137134166210003,5109244793230292194,7802467190713408940,1,1,akt,
10137134166210003,2312676756438647899,3204183443604364643,1,1,akt,
10137134166210003,5494432868690614770,936324378259014250,1,1,akt,
10137134166210003,5540293484639694862,936324378259014250,1,1,akt,
10137134166210003,5395509064737116210,3638162062903617806,1,1,akt,
10137134166210003,4204147770920313898,3638162062903617806,1,1,akt,
10137134166210003,8523260970482156988,3638162062903617806,1,1,akt,
10137134166210003,6227798331706543382,3638162062903617806,1,1,akt,
10137134166210003,8029236709230875624,8253624017608095921,1,1,akt,
10137134166210003,2456846657986508421,3967320573372768823,0,1,akt,
10137134166210003,3561675449350087912,1438833197930244504,0,1,akt,
10137134166210003,2497511940249172937,7601972610929176126,0,1,akt,
10137134166210003,2444561318128719520,2083452711903133430,0,1,akt,
10137134166210003,8872345422222847872,8257095676522850515,1,1,akt,
10137134166210003,8042163913453637856,7080375583498690711,1,1,akt,
10137134166210003,5924622261864593528,816286915455981984,1,1,akt,
10137134166210003,2593688217349585450,7080375583498690711,1,1,akt,
10137134166210003,910854701881116297,7080375583498690711,1,1,akt,
10137134166210003,6071546118219352643,7080375583498690711,1,1,akt,
10137134166210003,7056784432114773220,6402063578200407055,1,1,akt,
10137134166210003,1329049691487350747,6402063578200407055,1,1,akt,
10137134166210003,1436782548523195674,7271679498218995541,0,1,akt,
10137134166210003,6583114287627246803,7271679498218995541,1,1,akt,
10137134166210003,8361992601207009624,8571634011969914262,0,1,akt,
10137134166210003,1962751598315765836,2014268979504181100,1,1,akt,
10137134166210003,300471914551172981,300471914551172981,0,1,akt,
10137134166210003,816286915455981984,2172169907340938753,0,1,akt,
10137134166210003,2014268979504181100,2172169907340938753,0,1,akt,
10137134166210003,2172169907340938753,2172169907340938753,0,1,akt,
10137134166210003,8150806168444344502,8150806168444344502,0,1,akt,
10137134166210003,8573800373938698102,8573800373938698102,0,1,akt,
10137134166210003,8573800373938698102,2014268979504181100,0,1,akt,
10137134166210003,7444476343858270082,816286915455981984,1,1,akt,
10137134166210003,3631550221736749512,8571634011969914262,0,1,akt,
10137134166210003,8524048742669504971,2014268979504181100,1,1,akt,
10137134166210003,8555260403889540025,816286915455981984,1,1,akt,
10137134166210003,5569007217685668455,6440511557387709110,1,1,akt,
10137134166210003,8047524447806324559,1061301253559417093,0,1,akt,
10137134166210003,3136309300579245713,1962751598315765836,1,1,akt,
10137134166210003,2799924322108693578,1962751598315765836,1,1,akt,
10137134166210003,1013865249246356380,1962751598315765836,1,1,akt,
10137134166210003,5206141975214674317,6822117125000922910,1,1,akt,
10137134166210003,5623297772212155274,1035367362361933335,1,1,akt,
10137134166210003,5623297772212155274,6440511557387709110,1,1,akt,
10137134166210003,5623297772212155274,8553379303363759508,1,1,akt,
10137134166210003,4354951372341647621,1962751598315765836,1,1,akt,
10137134166210003,4789648310729729153,8952147277934020296,1,1,akt,
10137134166210003,99265762064822364,7444476343858270082,1,1,akt,
10137134166210003,2762855757960295952,6088781737297447420,1,1,akt,
10137134166210003,5720639154506887872,7444476343858270082,1,1,akt,
10137134166210003,609060549646110992,1962751598315765836,1,1,akt,
10137134166210003,609060549646110992,2042035842694401475,1,1,akt,
10137134166210003,609060549646110992,2537821716777940730,1,1,akt,
10137134166210003,789928575737038845,1962751598315765836,0,1,akt,
10137134166210003,4068472536918694909,8952147277934020296,0,1,akt,
10137134166210003,7122115393193417348,1742185772413642127,1,1,akt,
10137134166210003,1891716457658830952,1742185772413642127,1,1,akt,
10137134166210003,7386660470678852038,1742185772413642127,1,1,akt,
10137134166210003,8428575247521675861,1742185772413642127,1,1,akt,
10137134166210003,4795421426226935644,1742185772413642127,1,1,akt,
10137134166210003,4795421426226935644,7610637847824275101,1,1,akt,
10137134166210003,1097277950454708905,1742185772413642127,1,1,akt,
10137134166210003,1097277950454708905,7610637847824275101,1,1,akt,
10137134166210003,2696304868537495510,6471369570750938294,1,1,akt,
10137134166210003,2696304868537495510,7744513373483970787,1,1,akt,
10137134166210003,1180368493788409119,7744513373483970787,1,1,akt,
10137134166210003,4217769183843680042,1962751598315765836,1,1,akt,
10137134166210003,1893642978819296611,1742185772413642127,1,1,akt,
10137134166210003,1893642978819296611,6038104030264466633,1,1,akt,
10137134166210003,7661928444199481279,1742185772413642127,0,1,akt,
10137134166210003,2639342166395335830,1742185772413642127,0,1,akt,
10137134166210003,7299646189593472158,1742185772413642127,0,1,akt,
10137134166210003,7299646189593472158,7744513373483970787,0,1,akt,
10137134166210003,8012362823995028652,7744513373483970787,0,1,akt,
10137134166210003,1475153535205680340,1061301253559417093,1,1,akt,
10137134166210003,3507076541835130591,8553379303363759508,1,1,akt,
10137134166210003,5826558657143142027,8442572108069967032,1,1,akt,
10137134166210003,5826558657143142027,8553379303363759508,1,1,akt,
10137134166210003,6393977350362155600,6767671032930468346,0,1,akt,
10137134166210003,8433762733257474951,8434961942249729798,1,1,akt,
10137134166210003,2249822478906538655,8434961942249729798,0,1,akt,
10137134166210003,5898233628450721566,8434961942249729798,1,1,akt,
10137134166210003,55657490552908145,8553379303363759508,1,1,akt,
10137134166210003,2322317800935342448,8434961942249729798,1,1,akt,
10137134166210003,55657490552908145,8553379303363759508,1,1,akt,
10137134166210003,5305176959676623451,8553379303363759508,1,1,akt,
10137134166210003,5878688906902076677,8434961942249729798,1,1,akt,
10137134166210003,8027028041876896105,1742185772413642127,1,1,akt,
10137134166210003,3388671979076350029,2971078979906996375,0,1,akt,
10137134166210003,2986660907093963186,6440511557387709110,1,1,akt,
10137134166210003,2986660907093963186,2322042198017538996,1,1,akt,
10137134166210003,2121711380217107539,2971078979906996375,0,1,akt,
10137134166210003,3802908623914407753,8553379303363759508,0,1,akt,
10137134166210003,5103812776529226075,5841359775533910823,0,1,akt,
10137134166210003,5327926725836733088,6125574002232610732,1,1,akt,
10137134166210003,4233192753583522058,6019014453524986050,1,1,akt,
10137134166210003,8891176885486239496,6019014453524986050,1,1,akt,
10137134166210003,5469690787692292851,7660717256841499384,1,1,akt,
10137134166210003,6576675972090709229,6125574002232610732,1,1,akt,
10137134166210003,8451776288411882155,625545550176685521,1,1,akt,
10137134166210003,408067404290575866,625545550176685521,1,1,akt,
10137134166210003,1641986627550040742,625545550176685521,1,1,akt,
10137134166210003,3518324824745894353,625545550176685521,0,1,akt,
10137134166210003,7190104589296304407,625545550176685521,1,1,akt,
10137134166210003,3220231712819306119,7660717256841499384,1,1,akt,
10137134166210003,523555322873782074,7660717256841499384,0,1,akt,
10137134166210003,6493444536429221945,7660717256841499384,1,1,akt,
10137134166210003,7669453867332771944,5284705790291350339,1,1,akt,
10137134166210003,4174446635789466124,6925932688889117475,1,1,akt,
10137134166210003,7041525140720328358,6925932688889117475,1,1,akt,
10137134166210003,6916262339197165088,8903365289186067945,1,1,akt,
10137134166210003,3761491023692689771,8903365289186067945,1,1,akt,
10137134166210003,3507982955793878583,8903365289186067945,1,1,akt,
10137134166210003,2806387048859442998,8903365289186067945,1,1,akt,
10137134166210003,3613929414536646040,8903365289186067945,1,1,akt,
10137134166210003,4393950497766671118,8903365289186067945,1,1,akt,
10137134166210003,4957116784611094335,8903365289186067945,1,1,akt,
10137134166210003,190124367991131624,8903365289186067945,1,1,akt,
10137134166210003,4419884036032148801,8903365289186067945,1,1,akt,
10137134166210003,7776739510023025799,8903365289186067945,1,1,akt,
10137134166210003,2183395431070299806,8903365289186067945,1,1,akt,
10137134166210003,2513901138998017447,8903365289186067945,1,1,akt,
10137134166210003,5821635669619021562,8903365289186067945,1,1,akt,
10137134166210003,2401110688462848858,8903365289186067945,1,1,akt,
10137134166210003,6852980576875311153,2774368076249802464,1,1,akt,
10137134166210003,6274871102904385055,8903365289186067945,1,1,akt,
10137134166210003,338807275221326836,2774368076249802464,1,1,akt,
10137134166210003,1745020336870366416,5891620578387310353,0,1,akt,
10137134166210003,7849701508421617502,3977603873829794107,0,1,akt,
10137134166210003,8290791051997742448,3220231712819306119,0,1,akt,
10137134166210003,8125283135034641891,3157518658218824219,0,1,akt,
10137134166210003,1072961995235950530,338807275221326836,1,1,akt,
10137134166210003,1531038473335074229,1553079256999111676,1,1,akt,
10137134166210003,2370360989819430639,338807275221326836,1,1,akt,
10137134166210003,7308238780198068988,338807275221326836,0,1,akt,
10137134166210003,1399662101429613325,2087380862434172594,1,1,akt,
10137134166210003,3788466048393203612,338807275221326836,0,1,akt,
10137134166210003,6529048585404281982,1553079256999111676,0,1,akt,
10137134166210003,8009018511438280399,1553079256999111676,1,1,akt,
10137134166210003,563793233634449639,1553079256999111676,1,1,akt,
10137134166210003,5227481077922263726,1553079256999111676,0,1,akt,
10137134166210003,678576571551846666,2087380862434172594,1,1,akt,
10137134166210003,5598942769103361235,1553079256999111676,0,1,akt,
10137134166210003,1956263685640837203,338807275221326836,1,1,akt,
10137134166210003,5576025703059567805,8450591260754163598,1,1,akt,
10137134166210003,8651554342703066455,1553079256999111676,1,1,akt,
10137134166210003,5414780523018341515,8450591260754163598,1,1,akt,
10137134166210003,1833026020218724701,1553079256999111676,1,1,akt,
10137134166210003,9052512276510259999,8450591260754163598,1,1,akt,
10137134166210003,7966462723188529488,8450591260754163598,1,1,akt,
10137134166210003,5771048247599626204,8450591260754163598,1,1,akt,
10137134166210003,873734404548316197,8450591260754163598,1,1,akt,
10137134166210003,6599578021431124988,6587421150596252277,1,1,akt,
10137134166210003,6009114612477186870,6587421150596252277,1,1,akt,
10137134166210003,1012503189239668908,8437183932514773570,1,1,akt,
10137134166210003,2935824022273957791,8437183932514773570,1,1,akt,
10137134166210003,1249946667551244754,8450591260754163598,1,1,akt,
10137134166210003,243369566058869586,6587421150596252277,0,1,akt,
10137134166210003,3688828376821709797,7137985937186816118,0,1,akt,
10137134166210003,7115807159188272944,8450591260754163598,0,1,akt,
10137134166210003,3302558858572269845,4378721629787482518,0,1,akt,
10137134166210003,7851535641356859951,4378721629787482518,1,1,akt,
10137134166210003,5728136043885819221,5841359775533910823,0,1,akt,
10137134166210003,5728136043885819221,5405953385245894923,0,1,akt,
10137134166210003,8341548564938805671,555625984027262014,1,1,akt,
10137134166210003,8544108937578438220,555625984027262014,1,1,akt,
10137134166210003,8544108937578438220,3659066959988699832,1,1,akt,
10137134166210003,4564791698464941459,4031585874086886353,1,1,akt,
10137134166210003,7463403219484793763,7601972610929176126,1,1,akt,
10137134166210003,4702555816977977979,4031585874086886353,1,1,akt,
10137134166210003,7358762375416729811,2083452711903133430,1,1,akt,
10137134166210003,3210667826792437866,2083452711903133430,1,1,akt,
10137134166210003,6402967035666402816,2083452711903133430,0,1,akt,
10137134166210003,8038371608467711416,5405953385245894923,1,1,akt,
10137134166210003,2232617003324426145,2083452711903133430,1,1,akt,
10137134166210003,3532454656107581301,4031585874086886353,0,1,akt,
10137134166210003,8987418253780962108,555625984027262014,0,1,akt,
10137134166210003,3897677353126341659,5595843663294468577,0,1,akt,
10137134166210003,382527925514868480,5595843663294468577,1,1,akt,
10137134166210003,3183155762485010705,5595843663294468577,1,1,akt,
10137134166210003,79126658049403925,5595843663294468577,1,1,akt,
10137134166210003,1263690096247527116,666632563056544558,1,1,akt,
10137134166210003,1263690096247527116,4644364625800006675,1,1,akt,
10137134166210003,1263690096247527116,6335654691543306314,1,1,akt,
10137134166210003,2720957202583513891,666632563056544558,1,1,akt,
10137134166210003,2720957202583513891,4644364625800006675,1,1,akt,
10137134166210003,2720957202583513891,6335654691543306314,1,1,akt,
10137134166210003,3073831928033984126,666632563056544558,1,1,akt,
10137134166210003,3073831928033984126,4644364625800006675,1,1,akt,
10137134166210003,3073831928033984126,6335654691543306314,1,1,akt,
10137134166210003,5522306140081078778,6945730151184930199,1,1,akt,
10137134166210003,6957173075266034654,3377267194089423700,1,1,akt,
10137134166210003,1752603483245834293,6319743179241711738,1,1,akt,
10137134166210003,6231246899517444062,4644364625800006675,1,1,akt,
10137134166210003,4111403490391100110,4644364625800006675,1,1,akt,
10137134166210003,34176376703529833,5932668873100475470,1,1,akt,
10137134166210003,6414808118135292002,5595843663294468577,1,1,akt,
10137134166210003,4392112654307379430,6319743179241711738,1,1,akt,
10137134166210003,8726626743474558594,5595843663294468577,0,1,akt,
10137134166210003,8909224712135742953,1062464292871659639,0,1,akt,
10137134166210003,3335719639886771293,2349564142150083418,1,1,akt,
10137134166210003,9064992506118431993,1418680419447008469,1,1,akt,
10137134166210003,8688287912320416101,3795512345256537003,1,1,akt,
10137134166210003,2809911546772231358,3795512345256537003,1,1,akt,
10137134166210003,2435205930912380745,1418680419447008469,0,1,akt,
10137134166210003,3647062293719374388,1418680419447008469,0,1,akt,
10137134166210003,4993789416584489480,1418680419447008469,0,1,akt,
10137134166210003,6117013555370612790,1418680419447008469,1,1,akt,
10137134166210003,605253438491265421,7381422041526990924,1,1,akt,
10137134166210003,2487461037695742997,7381422041526990924,1,1,akt,
10137134166210003,1039615560665340125,7381422041526990924,1,1,akt,
10137134166210003,2113417758576180428,7381422041526990924,0,1,akt,
10137134166210003,1042750347398296980,7381422041526990924,0,1,akt,
10137134166210003,2331790322825457799,7381422041526990924,1,1,akt,
10137134166210003,4598085758775514206,594484301261397148,1,1,akt,
10137134166210003,2442334871272872675,594484301261397148,1,1,akt,
10137134166210003,7238847122963709881,594484301261397148,1,1,akt,
10137134166210003,7238847122963709881,594484301261397148,1,1,akt,
10137134166210003,5585725812180078751,594484301261397148,1,1,akt,
10137134166210003,1283545829440870941,594484301261397148,1,1,akt,
10137134166210003,7416501935870440366,594484301261397148,0,1,akt,
10137134166210003,7811337634646641563,1418680419447008469,1,1,akt,
10137134166210003,6429818580404077843,1418680419447008469,0,1,akt,
10137134166210003,4560719101685283745,1418680419447008469,0,1,akt,
10137134166210003,8077900888757017988,1418680419447008469,0,1,akt,
10137134166210003,8077900888757017988,1418680419447008469,0,1,akt,
10137134166210003,8398942342651905271,594484301261397148,0,1,akt,
10137134166210003,5399261626541230889,4607388048970825422,1,1,akt,
10137134166210003,6102558346931911523,2500372166686333823,1,1,akt,
10137134166210003,2139775839720195858,4607388048970825422,1,1,akt,
10137134166210003,2139775839720195858,7137985937186816118,1,1,akt,
10137134166210003,7383869956935632416,4607388048970825422,1,1,akt,
10137134166210003,3890813091553988511,2500372166686333823,1,1,akt,
10137134166210003,6033858408592396138,2500372166686333823,0,1,akt,
10137134166210003,5761379740558431268,2953135825275070056,1,1,akt,
10137134166210003,5400681163626641324,2500372166686333823,1,1,akt,
10137134166210003,6689487384773798085,7430095633397685637,1,1,akt,
10137134166210003,724006025954102808,4607388048970825422,1,1,akt,
10137134166210003,6645325642315848804,2500372166686333823,0,1,akt,
10137134166210003,5920690581544263358,2500372166686333823,1,1,akt,
10137134166210003,7478711582937413777,8021260812906271597,1,1,akt,
10137134166210003,7594706423364338125,4607388048970825422,1,1,akt,
10137134166210003,5623448580898929303,6456304688997881806,1,1,akt,
10137134166210003,5623448580898929303,945565921951254878,1,1,akt,
10137134166210003,2576960257270419186,6456304688997881806,1,1,akt,
10137134166210003,2576960257270419186,945565921951254878,1,1,akt,
10137134166210003,7602840716241768000,6456304688997881806,1,1,akt,
10137134166210003,7602840716241768000,945565921951254878,1,1,akt,
10137134166210003,4195329106839136902,6456304688997881806,1,1,akt,
10137134166210003,4195329106839136902,945565921951254878,1,1,akt,
10137134166210003,4375489625804735653,6456304688997881806,1,1,akt,
10137134166210003,4375489625804735653,945565921951254878,1,1,akt,
10137134166210003,3163791087444421440,1922602221628320208,1,1,akt,
10137134166210003,3163791087444421440,6713151476356104896,1,1,akt,
10137134166210003,2613929690640848764,1922602221628320208,1,1,akt,
10137134166210003,2613929690640848764,6713151476356104896,1,1,akt,
10137134166210003,7813528371200572434,8860457263355711329,0,1,akt,
10137134166210003,1771530153167929063,8860457263355711329,0,1,akt,
10137134166210003,7662360093890919526,1620228599548467016,1,1,akt,
10137134166210003,7662360093890919526,3695277572730007841,1,1,akt,
10137134166210003,5910498530874643037,1620228599548467016,1,1,akt,
10137134166210003,5910498530874643037,3695277572730007841,1,1,akt,
10137134166210003,6703174544397899212,1620228599548467016,1,1,akt,
10137134166210003,6703174544397899212,3695277572730007841,1,1,akt,
10137134166210003,1366458036167070051,1620228599548467016,1,1,akt,
10137134166210003,1366458036167070051,8860457263355711329,1,1,akt,
10137134166210003,8194519592080859606,1620228599548467016,0,1,akt,
10137134166210003,8194519592080859606,8860457263355711329,0,1,akt,
10137134166210003,5581526311980801047,3695277572730007841,1,1,akt,
10137134166210003,4551953707652183322,3695277572730007841,1,1,akt,
10137134166210003,339533063856671049,6456304688997881806,1,1,akt,
10137134166210003,358466476080118370,1742185772413642127,0,1,akt,
10137134166210003,945565921951254878,2014268979504181100,0,1,akt,
10137134166210003,1470645355478017954,3695277572730007841,0,1,akt,
10137134166210003,1851522427084812771,1742185772413642127,0,1,akt,
10137134166210003,2322434297181580829,5891620578387310353,0,1,akt,
10137134166210003,2630166442278202703,1553079256999111676,0,1,akt,
10137134166210003,3451790309599703332,7430095633397685637,0,1,akt,
10137134166210003,3586178338192106934,8903365289186067945,1,1,akt,
10137134166210003,4523990711176045762,9085215684112577945,0,1,akt,
10137134166210003,5487204154853305298,3994887349717137666,0,1,akt,
10137134166210003,5623297772212155274,1035367362361933335,0,1,akt,
10137134166210003,5623297772212155274,6440511557387709110,0,1,akt,
10137134166210003,5623297772212155274,8553379303363759508,0,1,akt,
10137134166210003,5761106556343021166,8450591260754163598,0,1,akt,
10137134166210003,7877160466076973101,5405953385245894923,1,1,akt,
10137134166210003,8411083447093008841,3795512345256537003,0,1,akt,
10137134166210003,8946122040834336764,7660717256841499384,0,1,akt,
10137134166210003,6124094790161264582,6664130503876327269,1,1,akt,
10137134166210003,287641116298515468,8396066965787714901,1,1,akt,
10137134166210003,578064138689923259,1461533708358448274,0,1,akt,
10137134166210003,5282831772502765195,1461533708358448274,0,1,akt,
10137134166210003,7350176134610615476,1809111747278392846,1,1,akt,
10137134166210003,7350176134610615476,1286827730621926626,1,1,akt,
10137134166210003,3519731247906523276,1809111747278392846,1,1,akt,
10137134166210003,3519731247906523276,1286827730621926626,1,1,akt,
10137134166210003,2195833539661043217,1809111747278392846,1,1,akt,
10137134166210003,2195833539661043217,1286827730621926626,1,1,akt,
10137134166210003,5589078369566869868,1809111747278392846,1,1,akt,
10137134166210003,5589078369566869868,1286827730621926626,1,1,akt,
10137134166210003,8217791436535403243,456878871009050454,1,1,akt,
10137134166210003,822244759337704825,456878871009050454,1,1,akt,
10137134166210003,7483324394097726110,456878871009050454,1,1,akt,
10137134166210003,7483324394097726110,325754291254371692,1,1,akt,
10137134166210003,9157277179860516530,1286827730621926626,1,1,akt,
10137134166210003,8830198938563921360,5483772617844162674,1,1,akt,
10137134166210003,7977927666567794702,1286827730621926626,1,1,akt,
10137134166210003,7977927666567794702,4023090618520176218,1,1,akt,
10137134166210003,1640837721189861640,1286827730621926626,1,1,akt,
10137134166210003,1640837721189861640,4023090618520176218,1,1,akt,
10137134166210003,7838465219953497383,1286827730621926626,0,1,akt,
10137134166210003,7838465219953497383,4023090618520176218,0,1,akt,
10137134166210003,5868001827667489442,3100876389124754186,1,1,akt,
10137134166210003,375826844169571640,3100876389124754186,1,1,akt,
10137134166210003,8508141467069938492,7744513373483970787,1,1,akt,
10137134166210003,8508141467069938492,6038104030264466633,1,1,akt,
10137134166210003,3977603873829794107,7478711582937413777,1,1,akt,
10137134166210003,8246862687487187606,5483772617844162674,1,1,akt,
10137134166210003,6985481760789785284,6456304688997881806,1,1,akt,
10137134166210003,6985481760789785284,7594706423364338125,1,1,akt,
10137134166210003,4393814051537803728,456878871009050454,0,1,akt,
10137134166210003,6626645630498413180,1286827730621926626,1,1,akt,
10137134166210003,1155639296431023937,5623297772212155274,1,1,akt,
10137134166210003,9142049966906648835,5623297772212155274,1,1,akt,
10137134166210003,3832612156307966302,5623297772212155274,1,1,akt,
10137134166210003,3624945720705218814,5623297772212155274,1,1,akt,
10137134166210003,471159413555272069,5623297772212155274,1,1,akt,
10137134166210003,4600562821207585617,5623297772212155274,0,1,akt,
10137134166210003,6271792100691553251,5623297772212155274,1,1,akt,
10137134166210003,1725566820929970144,1470645355478017954,1,1,akt,
10137134166210003,426181551314142998,1470645355478017954,1,1,akt,
10137134166210003,1539890619500177857,4640630302861370741,1,1,akt,
10137134166210003,6072095974150049491,4640630302861370741,0,1,akt,
10137134166210003,3828334279603049153,5623297772212155274,1,1,akt,
10137134166210003,3828334279603049153,10766877478299942,1,1,akt,
10137134166210003,8458626993302129070,4640630302861370741,1,1,akt,
10137134166210003,8458626993302129070,2187769834149257833,1,1,akt,
10137134166210003,1239035252056260249,765686451306091390,0,1,akt,
10137134166210003,1073629390141817738,6456304688997881806,1,1,akt,
10137134166210003,1073629390141817738,7594706423364338125,1,1,akt,
10137134166210003,1073629390141817738,1851522427084812771,1,1,akt,
10137134166210003,8208743102655574034,5623297772212155274,0,1,akt,
10137134166210003,4136257810568368026,5487204154853305298,1,1,akt,
10137134166210003,8901794004028416126,765686451306091390,1,1,akt,
10137134166210003,1737287875738143165,5487204154853305298,1,1,akt,
10137134166210003,2101903094258896526,5623297772212155274,1,1,akt,
10137134166210003,3101224498948786626,7877160466076973101,0,1,akt,
10137134166210003,1726769798644809705,7877160466076973101,1,1,akt,
10137134166210003,1726769798644809705,7877160466076973101,1,1,akt,
10137134166210003,3973362612645892720,7877160466076973101,1,1,akt,
10137134166210003,4147399948521361923,7877160466076973101,1,1,akt,
10137134166210003,9023137825787198513,7877160466076973101,1,1,akt,
10137134166210003,493868857135992796,6471369570750938294,1,1,akt,
10137134166210003,493868857135992796,5841359775533910823,1,1,akt,
10137134166210003,716644526861358633,765686451306091390,0,1,akt,
10137134166210003,1096622659738768371,6103364715799004295,1,1,akt,
10137134166210003,3915431759516339009,325754291254371692,0,1,akt,
10137134166210003,3915431759516339009,5841359775533910823,0,1,akt,
10137134166210003,3954431150827949799,2240774251905964566,1,1,akt,
10137134166210003,3954431150827949799,6899671937378175901,1,1,akt,
10137134166210003,3954431150827949799,7137985937186816118,1,1,akt,
10137134166210003,5871610581170632292,1520947013988716706,0,1,akt,
10137134166210003,5871610581170632292,8523260970482156988,0,1,akt,
10137134166210003,6856246182355369865,5540293484639694862,1,1,akt,
10137134166210003,6856246182355369865,945565921951254878,1,1,akt,
10137134166210003,8318244571792111455,6899671937378175901,1,1,akt,
10137134166210003,8318244571792111455,7137985937186816118,1,1,akt,
10137134166210003,6133642593595202758,8946122040834336764,1,1,akt,
10137134166210003,2823547883153135285,358466476080118370,1,1,akt,
10137134166210003,2710190681972600929,3993295421765698769,0,1,akt,
10137134166210003,8800188575488879802,4403133428956178902,0,1,akt,
10137134166210003,8800188575488879802,8946122040834336764,0,1,akt,
10137134166210003,8800188575488879802,5677422322508975122,0,1,akt,
10137134166210003,8800188575488879802,3356952560767624663,0,1,akt,
10137134166210003,8800188575488879802,339533063856671049,0,1,akt,
10137134166210003,8800188575488879802,2229157640543804668,0,1,akt,
10137134166210003,8928614533547636880,4403133428956178902,0,1,akt,
10137134166210003,8928614533547636880,8946122040834336764,0,1,akt,
10137134166210003,8928614533547636880,5677422322508975122,0,1,akt,
10137134166210003,8928614533547636880,3356952560767624663,0,1,akt,
10137134166210003,8928614533547636880,339533063856671049,0,1,akt,
10137134166210003,8928614533547636880,2229157640543804668,0,1,akt,
10137134166210003,7449445731731790147,358466476080118370,1,1,akt,
10137134166210003,3770816527514569867,358466476080118370,0,1,akt,
10137134166210003,617216495578830529,358466476080118370,0,1,akt,
10137134166210003,276790277326826910,358466476080118370,0,1,akt,
10137134166210003,2562952757747593838,358466476080118370,0,1,akt,
10137134166210003,6425303497157967275,358466476080118370,0,1,akt,
10137134166210003,1697743968672574570,7071646029904496111,0,1,akt,
10137134166210003,6269357647543804317,7071646029904496111,0,1,akt,
10137134166210003,871498097727302397,7137985937186816118,0,1,akt,
10137134166210003,974972790304032637,1470645355478017954,0,1,akt,
10137134166210003,1485739513409081169,7137985937186816118,1,1,akt,
10137134166210003,2050749190683812675,7137985937186816118,0,1,akt,
10137134166210003,3043998211657953972,7137985937186816118,1,1,akt,
10137134166210003,3095505811046319049,5841359775533910823,1,1,akt,
10137134166210003,5206709721529025570,7137985937186816118,1,1,akt,
10137134166210003,5780425099037510218,7137985937186816118,0,1,akt,
10137134166210003,8362472708626735886,3993295421765698769,0,1,akt,
10137134166210003,8662509741045660459,456878871009050454,1,1,akt,
10137134166210003,8109956761434409374,6871726152230450217,1,1,akt,
10137134166210003,7721983400125328835,6871726152230450217,0,1,akt,
10137134166210003,7721983400125328835,4975673644036102574,0,1,akt,
10137134166210003,8407120105369641903,6871726152230450217,1,1,akt,
10137134166210003,8407120105369641903,4975673644036102574,1,1,akt,
10137134166210003,590248659951902918,6871726152230450217,1,1,akt,
10137134166210003,590248659951902918,4975673644036102574,1,1,akt,
10137134166210003,446894190654043275,6871726152230450217,1,1,akt,
10137134166210003,446894190654043275,4975673644036102574,1,1,akt,
10137134166210003,6307466805910700309,6871726152230450217,0,1,akt,
10137134166210003,6307466805910700309,4975673644036102574,0,1,akt,
10137134166210003,1651060061902010516,6871726152230450217,1,1,akt,
10137134166210003,2696874492593956963,4975673644036102574,1,1,akt,
10137134166210003,7061890468104684673,1846178505561760349,0,1,akt,
10137134166210003,8622188369070640969,6871726152230450217,0,1,akt,
10137134166210003,109518077207257542,2725736025011687568,1,1,akt,
10137134166210003,3570902257700563877,2725736025011687568,1,1,akt,
10137134166210003,8010660763927430570,2725736025011687568,1,1,akt,
10137134166210003,1437678720558546669,617692350657418114,1,1,akt,
10137134166210003,7752452253583505467,4816021160113468397,1,1,akt,
10137134166210003,3850280162340154189,4816021160113468397,0,1,akt,
10137134166210003,8988604138059152013,617692350657418114,1,1,akt,
10137134166210003,383331992533213400,6617986845316146041,1,1,akt,
10137134166210003,1357225641910081458,6617986845316146041,1,1,akt,
10137134166210003,6842926909733770269,6017410436784829725,1,1,akt,
10137134166210003,6293355376372615766,6456304688997881806,1,1,akt,
10137134166210003,4654090348491357037,6617986845316146041,0,1,akt,
10137134166210003,4800291106010076955,2725736025011687568,0,1,akt,
10137134166210003,4479314299435472174,5623297772212155274,1,1,akt,
10137134166210003,8458538933301204869,7152865195137276211,0,1,akt,
10137134166210003,126140606022249863,8206256480211232641,0,1,akt,
10137134166210003,5534249323882004940,9131149396521926973,1,1,akt,
10137134166210003,2973106222146866584,5623297772212155274,0,1,akt,
10137134166210003,4794584953757549392,5623297772212155274,1,1,akt,
10137134166210003,8113146522127668261,8206256480211232641,1,1,akt,
10137134166210003,879162573073742125,5623297772212155274,0,1,akt,
10137134166210003,2658862933405537015,765686451306091390,0,1,akt,
10137134166210003,4636519258198856077,7152865195137276211,0,1,akt,
10137134166210003,3211998328382487071,2098409895490789901,1,1,akt,
10137134166210003,6834096844046930087,2098409895490789901,1,1,akt,
10137134166210003,942064327668512590,2098409895490789901,0,1,akt,
10137134166210003,2568062591876231359,7137985937186816118,1,1,akt,
10137134166210003,7130226728108680662,2098409895490789901,1,1,akt,
10137134166210003,7130226728108680662,3896982418568604085,1,1,akt,
10137134166210003,8020367572004185681,2098409895490789901,0,1,akt,
10137134166210003,8020367572004185681,3896982418568604085,0,1,akt,
10137134166210003,8000567576258344544,2098409895490789901,0,1,akt,
10137134166210003,8000567576258344544,3896982418568604085,0,1,akt,
10137134166210003,2014281586758531738,2054562585630021026,1,1,akt,
10137134166210003,5805011942002514206,2054562585630021026,1,1,akt,
10137134166210003,8253854356099411745,2054562585630021026,0,1,akt,
10137134166210003,5418251536642622841,7137985937186816118,1,1,akt,
10137134166210003,5216539713203344242,7137985937186816118,1,1,akt,
10137134166210003,5407162670134806335,7137985937186816118,1,1,akt,
10137134166210003,7701763504634045312,1239035252056260249,0,1,akt,
10137134166210003,7701763504634045312,6538327640702579785,0,1,akt,
10137134166210003,8357741821285278226,1625359377637083757,1,1,akt,
10137134166210003,8357741821285278226,1239035252056260249,1,1,akt,
10137134166210003,6000212042947142551,3990069655864291204,1,1,akt,
10137134166210003,6000212042947142551,5816909911210222449,1,1,akt,
10137134166210003,9002976237090591234,3967320573372768823,0,1,akt,
10137134166210003,7810318964945292796,6847502242749017216,0,1,akt,
10137134166210003,1551176945454570599,2098409895490789901,0,1,akt,
10137134166210003,1551176945454570599,1742185772413642127,0,1,akt,
10137134166210003,1551176945454570599,7930937476740677286,0,1,akt,
10137134166210003,8885985035176431908,5186597158897031198,0,1,akt,
10137134166210003,5406013425408202846,2045471913834718328,1,1,akt,
10137134166210003,45174813258656205,8751465252612365760,1,1,akt,
10137134166210003,4091930846410853016,4526863928383273751,0,1,akt,
10137134166210003,6434296163292677819,4526863928383273751,1,1,akt,
10137134166210003,4179341769916167197,4526863928383273751,1,1,akt,
10137134166210003,5599391198843191400,4526863928383273751,1,1,akt,
10137134166210003,4893130945969923943,4526863928383273751,1,1,akt,
10137134166210003,4893130945969923943,6256368340148503862,1,1,akt,
10137134166210003,1933620258903804496,1561828096740638348,1,1,akt,
10137134166210003,1933620258903804496,6256368340148503862,1,1,akt,
10137134166210003,5513181879854314999,9137995536786253035,1,1,akt,
10137134166210003,6285214486093077621,4526863928383273751,1,1,akt,
10137134166210003,2797756474753775119,7953456205119577377,1,1,akt,
10137134166210003,8327800378770625726,5841359775533910823,1,1,akt,
10137134166210003,4260633770333098180,7259137698054125848,1,1,akt,
10137134166210003,4260633770333098180,5841359775533910823,1,1,akt,
10137134166210003,7699237661929415652,5841359775533910823,1,1,akt,
10137134166210003,5688756467157558553,5841359775533910823,1,1,akt,
10137134166210003,7604511910276183390,7259137698054125848,1,1,akt,
10137134166210003,7604511910276183390,5841359775533910823,1,1,akt,
10137134166210003,5458790070281446831,2746278925206043647,1,1,akt,
10137134166210003,2438408641103591568,5841359775533910823,1,1,akt,
12771704252792650,3386664800761312538,1061301253559417093,1,1,akt,
12771704252792650,5936194233197134928,8952147277934020296,1,1,akt,
12771704252792650,8864809465971284028,2042035842694401475,1,1,akt,
12771704252792650,387515600079748242,8637767708838786270,0,1,akt,
12771704252792650,2498453603589440647,1528367322763859649,0,1,akt,
12771704252792650,3383517906052874268,8637767708838786270,1,1,akt,
12771704252792650,4007533738337351429,7444476343858270082,1,1,akt,
12771704252792650,8755467995619795263,3733459488137045782,1,1,akt,
12771704252792650,2612080364586385274,4654090348491357037,1,1,akt,
12771704252792650,548360290157623516,3695961057996457232,1,1,akt,
12771704252792650,7395083531662179053,3695961057996457232,0,1,akt,
12771704252792650,6135831032878058357,4971898752437058564,1,1,akt,
12771704252792650,6135831032878058357,3896176223871121243,1,1,akt,
12771704252792650,9194298348547717773,1620228599548467016,1,1,akt,
12771704252792650,9194298348547717773,6664130503876327269,1,1,akt,
12771704252792650,4640630302861370741,6664130503876327269,0,1,akt,
12771704252792650,5265319827310581374,6664130503876327269,1,1,akt,
12771704252792650,5265319827310581374,3695277572730007841,1,1,akt,
12771704252792650,5667707003608190191,3695277572730007841,0,1,akt,
12771704252792650,3993295421765698769,8019950075815571462,1,1,akt,
12771704252792650,4734652333914181414,8093703363222220592,0,1,akt,
12771704252792650,8358218404818278372,8019950075815571462,1,1,akt,
12771704252792650,5087258887760735451,8053098255007046142,1,1,akt,
12771704252792650,3804594993398312246,1084649001726918227,1,1,akt,
12771704252792650,5918562874590628656,8053098255007046142,1,1,akt,
12771704252792650,1610673522589810592,8053098255007046142,0,1,akt,
12771704252792650,5087258887760735451,8053098255007046142,1,1,akt,
12771704252792650,4280621374216103585,8053098255007046142,0,1,akt,
12771704252792650,8206256480211232641,8053098255007046142,0,1,akt,
12771704252792650,9131149396521926973,8053098255007046142,1,1,akt,
12771704252792650,1625359377637083757,3590579358937072411,1,1,akt,
12771704252792650,6538327640702579785,7381422041526990924,1,1,akt,
12771704252792650,9037516762626745193,1418680419447008469,0,1,akt,
12771704252792650,4816021160113468397,1418680419447008469,0,1,akt,
12771704252792650,5806544892719426688,1418680419447008469,1,1,akt,
12771704252792650,8062966020818820688,1418680419447008469,1,1,akt,
12771704252792650,2017258454920880399,2349564142150083418,1,1,akt,
12771704252792650,2017258454920880399,1418680419447008469,1,1,akt,
12771704252792650,5517930169164558052,2349564142150083418,0,1,akt,
12771704252792650,5517930169164558052,1418680419447008469,0,1,akt,
12771704252792650,7790395076364332797,1418680419447008469,1,1,akt,
12771704252792650,1217036946970550577,5821369294207078714,1,1,akt,
12771704252792650,8756464069594048274,5761106556343021166,0,1,akt,
12771704252792650,9182476457325126021,2630166442278202703,0,1,akt,
12771704252792650,832534194201133232,7877160466076973101,1,1,akt,
12771704252792650,4011952111500399182,1737287875738143165,1,1,akt,
12771704252792650,7198569504509565586,7877160466076973101,0,1,akt,
12771704252792650,8571634011969914262,5761106556343021166,1,1,akt,
12771704252792650,6252091169956154759,3220231712819306119,0,1,akt,
12771704252792650,9101008015376118010,5140154928761940633,1,1,akt,
12771704252792650,5548637970066693646,3220231712819306119,0,1,akt,
12771704252792650,3515011956403318829,3220231712819306119,1,1,akt,
12771704252792650,6237167959125509069,3220231712819306119,0,1,akt,
12771704252792650,8812623851443722209,6899671937378175901,0,1,akt,
12771704252792650,1121364116392304820,3977603873829794107,1,1,akt,
12771704252792650,1742345986672966270,3220231712819306119,1,1,akt,
12771704252792650,4653020242648234203,8130046184368887376,1,1,akt,
12771704252792650,5595843663294468577,3220231712819306119,1,1,akt,
12771704252792650,1791598460737769462,3220231712819306119,1,1,akt,
12771704252792650,3708096476104167317,4981016869870220101,0,1,akt,
12771704252792650,8976951557060279940,8194071366621068887,1,1,akt,
12771704252792650,11605490338460,3220231712819306119,1,1,akt,
12771704252792650,4505643652580096432,8903365289186067945,1,1,akt,
12771704252792650,8600282194503590507,7163156933085560357,0,1,akt,
12771704252792650,1123628948895380049,1856930371502693412,0,1,akt,
12771704252792650,1308681736373588090,3624945720705218814,1,1,akt,
12771704252792650,4091507613556780260,6440511557387709110,0,1,akt,
12771704252792650,7114067134511310383,1742185772413642127,1,1,akt,
12771704252792650,157554714815648895,5761106556343021166,0,1,akt,
12771704252792650,1277598461458419469,8053098255007046142,0,1,akt,
12771704252792650,5292607301657069267,6925932688889117475,0,1,akt,
12771704252792650,7903066781784377042,6899671937378175901,0,1,akt,
12771704252792650,7955334453466741922,1418680419447008469,0,1,akt,
12771704252792650,5625697423690928103,1742185772413642127,1,1,akt,
12771704252792650,360134004740883987,1742185772413642127,0,1,akt,
12771704252792650,9203771242410328293,1742185772413642127,1,1,akt,
12771704252792650,278327630535823712,936324378259014250,0,1,akt,
12771704252792650,775355032693172961,3173554826801793204,1,1,akt,
12771704252792650,775355032693172961,5797334606267118412,1,1,akt,
12771704252792650,775355032693172961,7802467190713408940,1,1,akt,
12771704252792650,1979039847349885784,3697828395580602045,0,1,akt,
12771704252792650,5720557703739874676,3638162062903617806,0,1,akt,
12771704252792650,9141011644046500734,3638162062903617806,0,1,akt,
12771704252792650,7424643145048846254,5816909911210222449,1,1,akt,
12771704252792650,2370388050227613634,8208743102655574034,1,1,akt,
12771704252792650,1413642836702066751,660778374576920296,0,1,akt,
12771704252792650,808651820324451934,8253624017608095921,1,1,akt,
12771704252792650,830660747585461231,8253624017608095921,1,1,akt,
12771704252792650,7249722219392075512,8253624017608095921,1,1,akt,
12771704252792650,590590093314666522,8253624017608095921,1,1,akt,
12771704252792650,600506725644254316,3638162062903617806,1,1,akt,
12771704252792650,7485482174662094794,8208743102655574034,0,1,akt,
12771704252792650,7485482174662094794,3178544432443442935,0,1,akt,
12771704252792650,984803790938867393,1073629390141817738,1,1,akt,
12771704252792650,2693181881020862458,3173554826801793204,1,1,akt,
12771704252792650,2693181881020862458,3101224498948786626,1,1,akt,
12771704252792650,2693181881020862458,5215432518055670326,1,1,akt,
12771704252792650,2693181881020862458,8253624017608095921,1,1,akt,
12771704252792650,9077075825606000923,3101224498948786626,1,1,akt,
12771704252792650,9077075825606000923,3971525123056884045,1,1,akt,
12771704252792650,3500519030521555085,594484301261397148,1,1,akt,
12771704252792650,3417040480618989088,594484301261397148,1,1,akt,
12771704252792650,4478819474763582874,594484301261397148,1,1,akt,
12771704252792650,6798405681300303548,1726769798644809705,1,1,akt,
12771704252792650,500918486176261774,594484301261397148,0,1,akt,
12771704252792650,5253627899107007559,594484301261397148,1,1,akt,
12771704252792650,6716752416267324351,594484301261397148,1,1,akt,
12771704252792650,1072626616993255500,6829111499768831843,1,1,akt,
12771704252792650,5246318558426489045,1942256407192639244,1,1,akt,
12771704252792650,2277551084322778170,1942256407192639244,1,1,akt,
12771704252792650,2475393933162743133,6829111499768831843,1,1,akt,
12771704252792650,5773731776757727571,6829111499768831843,1,1,akt,
12771704252792650,8270895740557749645,6829111499768831843,1,1,akt,
12771704252792650,8353608165246540720,1942256407192639244,1,1,akt,
12771704252792650,9180914645862974651,6829111499768831843,1,1,akt,
12771704252792650,2168883441099656800,6829111499768831843,1,1,akt,
12771704252792650,8412574286969789961,6829111499768831843,0,1,akt,
12771704252792650,8877405682565715124,6829111499768831843,1,1,akt,
12771704252792650,493151224691644254,5352506090629549300,1,1,akt,
12771704252792650,3746345278993456279,2290575971915771862,1,1,akt,
12771704252792650,337968536643918638,5177537323723370804,0,1,akt,
12771704252792650,4705117146192636764,5352506090629549300,1,1,akt,
12771704252792650,190304769087812475,5536749322359707528,1,1,akt,
12771704252792650,241971033199468642,5177537323723370804,1,1,akt,
12771704252792650,4074673463819158472,8024399540510336409,0,1,akt,
12771704252792650,4074673463819158472,625545550176685521,0,1,akt,
12771704252792650,1121940775251872465,8575610639500092945,1,1,akt,
12771704252792650,7131453400219721963,8575610639500092945,0,1,akt,
12771704252792650,8094360061253527430,8575610639500092945,1,1,akt,
12771704252792650,3978453283785143135,8575610639500092945,1,1,akt,
12771704252792650,5012371714287083063,278327630535823712,1,1,akt,
12771704252792650,8081468723497929513,2823547883153135285,1,1,akt,
12771704252792650,9003313762168277839,2823547883153135285,1,1,akt,
12771704252792650,4462640131271493571,8575610639500092945,1,1,akt,
12771704252792650,9083169879347368281,2823547883153135285,1,1,akt,
12771704252792650,286879645145641029,8575610639500092945,1,1,akt,
12771704252792650,286879645145641029,8575610639500092945,1,1,akt,
12771704252792650,1349905028292941480,278327630535823712,0,1,akt,
12771704252792650,7807454358583816943,2823547883153135285,1,1,akt,
12771704252792650,5509853617250368478,8398942342651905271,1,1,akt,
12771704252792650,3659709201105866113,775355032693172961,1,1,akt,
12771704252792650,3058853386675147310,775355032693172961,0,1,akt,
12771704252792650,6349939099358852784,7066177705708566569,0,1,akt,
12771704252792650,6349939099358852784,775355032693172961,0,1,akt,
12771704252792650,2648677987279156219,775355032693172961,1,1,akt,
12771704252792650,4963196153483966673,8398942342651905271,1,1,akt,
12771704252792650,5039956646084470945,8367424958112124046,1,1,akt,
12771704252792650,734369966340828072,8398942342651905271,1,1,akt,
12771704252792650,2668986509196957443,775355032693172961,1,1,akt,
12771704252792650,4448951766033134818,775355032693172961,1,1,akt,
12771704252792650,4898300951238038706,8398942342651905271,1,1,akt,
12771704252792650,5799546763837173307,8398942342651905271,1,1,akt,
12771704252792650,7213597202607318380,7066177705708566569,1,1,akt,
12771704252792650,7213597202607318380,775355032693172961,1,1,akt,
12771704252792650,8433182589722869111,8398942342651905271,1,1,akt,
12771704252792650,8871299454202689435,8398942342651905271,1,1,akt,
12771704252792650,17368298824386454,8398942342651905271,1,1,akt,
12771704252792650,2200667572615873987,8398942342651905271,1,1,akt,
12771704252792650,2200667572615873987,8398942342651905271,1,1,akt,
12771704252792650,3762131394832108634,8398942342651905271,1,1,akt,
12771704252792650,7466832767985130550,775355032693172961,1,1,akt,
12771704252792650,113348629812797295,7564569009553397433,1,1,akt,
12771704252792650,2441662470849422916,7564569009553397433,0,1,akt,
12771704252792650,4616563175630583290,7564569009553397433,0,1,akt,
12771704252792650,6019913041939109516,7564569009553397433,1,1,akt,
12771704252792650,8073309323246448334,7564569009553397433,1,1,akt,
12771704252792650,2145474496162249753,7564569009553397433,1,1,akt,
12771704252792650,2562361660288430452,7564569009553397433,0,1,akt,
12771704252792650,3019946043991959998,7564569009553397433,1,1,akt,
12771704252792650,4676325371326570818,7564569009553397433,0,1,akt,
12771704252792650,7271679498218995541,7564569009553397433,0,1,akt,
12771704252792650,7661018035068760908,3824951834303528521,1,1,akt,
12771704252792650,8869426964518426576,8614471382397315213,1,1,akt,
12771704252792650,4507958816287700990,8398942342651905271,1,1,akt,
12771704252792650,6165792571361526919,7564569009553397433,1,1,akt,
12771704252792650,7575330518282793474,7564569009553397433,1,1,akt,
12771704252792650,8687681174703961352,6421511779947974192,1,1,akt,
12771704252792650,8779447161301646018,5050855226071658437,0,1,akt,
12771704252792650,8779447161301646018,5177537323723370804,0,1,akt,
12771704252792650,8779447161301646018,5050855226071658437,0,1,akt,
12771704252792650,8779447161301646018,5177537323723370804,0,1,akt,
12771704252792650,3896615138060212028,4932081828363820241,0,1,akt,
12771704252792650,8392765289363313686,6949811205411410448,1,1,akt,
12771704252792650,9108443622697768153,6949811205411410448,1,1,akt,
12771704252792650,5188721881697040738,2500372166686333823,1,1,akt,
12771704252792650,6271146161038271539,2500372166686333823,1,1,akt,
12771704252792650,144146642522402257,4607388048970825422,0,1,akt,
12771704252792650,652207801881398918,2953135825275070056,1,1,akt,
12771704252792650,2485515930093603316,7693950217059964086,0,1,akt,
12771704252792650,3472205429077447983,7693950217059964086,1,1,akt,
12771704252792650,3876016552698753849,7693950217059964086,1,1,akt,
12771704252792650,5640743979928098033,7693950217059964086,1,1,akt,
12771704252792650,6619855574343390639,7693950217059964086,1,1,akt,
12771704252792650,6856589186755316835,7693950217059964086,1,1,akt,
12771704252792650,230237086584226342,7430095633397685637,1,1,akt,
12771704252792650,3289173153832858389,2500372166686333823,1,1,akt,
12771704252792650,7446836924890284727,4607388048970825422,1,1,akt,
12771704252792650,7446836924890284727,471159413555272069,1,1,akt,
12771704252792650,7446836924890284727,4607388048970825422,1,1,akt,
12771704252792650,7446836924890284727,471159413555272069,1,1,akt,
12771704252792650,3356489478607527393,395289519385152427,1,1,akt,
12771704252792650,3951055605622614327,627168865907866627,1,1,akt,
12771704252792650,619855516145620835,2419480025146918610,0,1,akt,
12771704252792650,619855516145620835,2240774251905964566,0,1,akt,
12771704252792650,8014713635412539029,2160797765405831572,1,1,akt,
12771704252792650,8014713635412539029,6099673787824828708,1,1,akt,
12771704252792650,8199904869688839271,5639769407267706829,1,1,akt,
12771704252792650,3137298029685116605,5639769407267706829,1,1,akt,
12771704252792650,4614533171412439213,5639769407267706829,1,1,akt,
12771704252792650,4614533171412439213,6561274688483033309,1,1,akt,
12771704252792650,2326939335883486838,1639416985777663729,0,1,akt,
12771704252792650,2326939335883486838,157292635655693106,0,1,akt,
12771704252792650,2326939335883486838,4984932258032991605,0,1,akt,
12771704252792650,2326939335883486838,4486687310278624666,0,1,akt,
12771704252792650,8457451826951989165,1639416985777663729,1,1,akt,
12771704252792650,2658518187517502877,5405953385245894923,0,1,akt,
12771704252792650,8528296525524006730,7601972610929176126,1,1,akt,
12771704252792650,4283430705000362137,5405953385245894923,0,1,akt,
12771704252792650,7949041546587179905,2083452711903133430,0,1,akt,
12771704252792650,7672556415764706005,2083452711903133430,0,1,akt,
12771704252792650,1615389918552277535,2083452711903133430,0,1,akt,
12771704252792650,1456996564428091703,2083452711903133430,1,1,akt,
12771704252792650,1526710983743951833,8628686323660025649,1,1,akt,
12771704252792650,2321471847181909636,5405953385245894923,1,1,akt,
12771704252792650,2420520599624494102,2083452711903133430,1,1,akt,
12771704252792650,4918977494690725619,5405953385245894923,1,1,akt,
12771704252792650,5020761464664581461,7601972610929176126,1,1,akt,
12771704252792650,5617269955545469221,5405953385245894923,1,1,akt,
12771704252792650,1913858777833276236,7601972610929176126,1,1,akt,
12771704252792650,4959186233700171025,3573956769188843511,1,1,akt,
12771704252792650,60659123344213552,4932081828363820241,0,1,akt,
12771704252792650,668738682106871357,6949811205411410448,0,1,akt,
12771704252792650,815543896097949188,6949811205411410448,1,1,akt,
12771704252792650,6500751515715535375,4932081828363820241,1,1,akt,
12771704252792650,7258986539874368368,6949811205411410448,1,1,akt,
12771704252792650,7258986539874368368,8218796673634111208,1,1,akt,
12771704252792650,7791086016065881046,6949811205411410448,1,1,akt,
30608412826348719,6150850916456291816,2823547883153135285,1,1,akt,
30608412826348719,148483031885960388,4729501326174050864,1,1,akt,
30608412826348719,7173901711990274646,4526863928383273751,0,1,akt,
30608412826348719,1637919491509576270,8575610639500092945,0,1,akt,
30608412826348719,7586521750743411332,2823547883153135285,0,1,akt,
30608412826348719,1137548110942588872,2823547883153135285,1,1,akt,
30608412826348719,6062856374210802332,6421511779947974192,0,1,akt,
30608412826348719,7352297105888124102,6421511779947974192,0,1,akt,
30608412826348719,2482621849715251179,703599217093634705,1,1,akt,
30608412826348719,3829457076752395651,703599217093634705,1,1,akt,
30608412826348719,6452103335944941746,3823348261283868936,1,1,akt,
30608412826348719,1404775528059300554,3823348261283868936,1,1,akt,
30608412826348719,6289191054585870467,5287993638298451617,1,1,akt,
30608412826348719,183785263154883249,4355865024520386185,1,1,akt,
30608412826348719,5387696271310594677,3823348261283868936,1,1,akt,
30608412826348719,169189976426384337,8053098255007046142,1,1,akt,
30608412826348719,6749878924505021769,8053098255007046142,1,1,akt,
30608412826348719,5719067168967047448,8053098255007046142,1,1,akt,
30608412826348719,697982920437075837,8053098255007046142,1,1,akt,
30608412826348719,697982920437075837,816286915455981984,1,1,akt,
30608412826348719,7650465239755468016,8403310539418792058,0,1,akt,
30608412826348719,9003152478203199658,8403310539418792058,0,1,akt,
30608412826348719,9144537140625135477,8403310539418792058,0,1,akt,
30608412826348719,4226496546052577021,3896176223871121243,1,1,akt,
30608412826348719,8321253551459904622,4654090348491357037,1,1,akt,
30608412826348719,7976929697179062392,4971898752437058564,0,1,akt,
30608412826348719,903126694303099726,4654090348491357037,1,1,akt,
30608412826348719,7184515609055132842,4654090348491357037,0,1,akt,
30608412826348719,6088781737297447420,4654090348491357037,1,1,akt,
30608412826348719,8737822233129715976,4654090348491357037,1,1,akt,
30608412826348719,3962081917684737907,4654090348491357037,0,1,akt,
30608412826348719,5288858959064661148,4654090348491357037,1,1,akt,
30608412826348719,8597932305709178815,4654090348491357037,0,1,akt,
30608412826348719,6784529451143929904,8421171580834073004,1,1,akt,
30608412826348719,6784529451143929904,2528747214680891187,1,1,akt,
30608412826348719,6784529451143929904,9032608968603454747,1,1,akt,
30608412826348719,8367424958112124046,8421171580834073004,0,1,akt,
30608412826348719,8367424958112124046,2528747214680891187,0,1,akt,
30608412826348719,8367424958112124046,9032608968603454747,0,1,akt,
30608412826348719,9137995536786253035,8421171580834073004,0,1,akt,
30608412826348719,9137995536786253035,9032608968603454747,0,1,akt,
30608412826348719,9137995536786253035,2528747214680891187,0,1,akt,
30608412826348719,2583296623274191349,8421171580834073004,0,1,akt,
30608412826348719,2583296623274191349,2528747214680891187,0,1,akt,
30608412826348719,2583296623274191349,9032608968603454747,0,1,akt,
30608412826348719,6945730151184930199,3220231712819306119,1,1,akt,
30608412826348719,3207676601913229057,3220231712819306119,0,1,akt,
30608412826348719,4724915783845298624,3220231712819306119,0,1,akt,
30608412826348719,6099673787824828708,9035941346198722721,0,1,akt,
30608412826348719,4729501326174050864,9035941346198722721,1,1,akt,
30608412826348719,464102210122154120,9035941346198722721,1,1,akt,
30608412826348719,5098123251717802806,4981016869870220101,1,1,akt,
30608412826348719,1574488509804982512,4981016869870220101,1,1,akt,
30608412826348719,8442572108069967032,9035941346198722721,1,1,akt,
30608412826348719,5815281380128112355,9035941346198722721,1,1,akt,
30608412826348719,3799844702157177414,8903365289186067945,1,1,akt,
30608412826348719,5788113795541723564,8903365289186067945,0,1,akt,
30608412826348719,2628776877218262819,8903365289186067945,1,1,akt,
30608412826348719,6980776234055185315,8903365289186067945,0,1,akt,
30608412826348719,5760529357109424655,8903365289186067945,1,1,akt,
30608412826348719,7189182360040420404,8903365289186067945,0,1,akt,
30608412826348719,6919869029396141132,6925932688889117475,0,1,akt,
30608412826348719,7371758214174260915,464102210122154120,0,1,akt,
30608412826348719,8804181835842039761,2774368076249802464,1,1,akt,
30608412826348719,2071100320171115341,2630505475243948786,1,1,akt,
30608412826348719,5109244793230292194,7802467190713408940,0,1,akt,
30608412826348719,7556258435587795671,7802467190713408940,1,1,akt,
30608412826348719,2312676756438647899,3204183443604364643,1,1,akt,
30608412826348719,5494432868690614770,936324378259014250,1,1,akt,
30608412826348719,5540293484639694862,936324378259014250,0,1,akt,
30608412826348719,5395509064737116210,3638162062903617806,1,1,akt,
30608412826348719,4204147770920313898,3638162062903617806,0,1,akt,
30608412826348719,8523260970482156988,3638162062903617806,0,1,akt,
30608412826348719,6227798331706543382,3638162062903617806,1,1,akt,
30608412826348719,8029236709230875624,8253624017608095921,1,1,akt,
30608412826348719,8877311557387907806,8931749632723040425,1,1,akt,
30608412826348719,5658762659084012778,8931749632723040425,0,1,akt,
30608412826348719,2922254344974973711,8931749632723040425,0,1,akt,
30608412826348719,8681732712943972280,8931749632723040425,0,1,akt,
30608412826348719,1465663186901220470,4355865024520386185,0,1,akt,
30608412826348719,1705497706394497424,8053098255007046142,0,1,akt,
30608412826348719,3687724797637879659,703599217093634705,0,1,akt,
30608412826348719,5917545748262086051,8403310539418792058,1,1,akt,
30608412826348719,858209354918782930,8403310539418792058,0,1,akt,
30608412826348719,3157679019843031136,8403310539418792058,0,1,akt,
30608412826348719,8583468167062486436,8403310539418792058,1,1,akt,
30608412826348719,5837473914972779881,6293355376372615766,1,1,akt,
30608412826348719,3386572474479421240,6293355376372615766,1,1,akt,
30608412826348719,4330535035378193740,7080375583498690711,1,1,akt,
30608412826348719,1469839694390370469,7080375583498690711,1,1,akt,
30608412826348719,359472342153919339,7080375583498690711,1,1,akt,
30608412826348719,3948799275352296445,2014268979504181100,1,1,akt,
30608412826348719,711324264108093575,2014268979504181100,1,1,akt,
30608412826348719,6829927875902990447,6402063578200407055,1,1,akt,
30608412826348719,6847531877140835503,6402063578200407055,1,1,akt,
30608412826348719,1029226421274910647,8571634011969914262,1,1,akt,
30608412826348719,366719688482591232,8571634011969914262,1,1,akt,
30608412826348719,4816388089005599448,8571634011969914262,0,1,akt,
30608412826348719,8617355785506178010,5098123251717802806,1,1,akt,
30608412826348719,8617355785506178010,8571634011969914262,1,1,akt,
30608412826348719,8617355785506178010,1574488509804982512,1,1,akt,
30608412826348719,7367067668363587697,5098123251717802806,1,1,akt,
30608412826348719,7367067668363587697,8571634011969914262,1,1,akt,
30608412826348719,7367067668363587697,1574488509804982512,1,1,akt,
30608412826348719,6381181667794278829,5098123251717802806,1,1,akt,
30608412826348719,6381181667794278829,8571634011969914262,1,1,akt,
30608412826348719,6381181667794278829,1574488509804982512,1,1,akt,
30608412826348719,6030243758426344013,2172169907340938753,1,1,akt,
30608412826348719,2172169907340938753,2172169907340938753,1,1,akt,
30608412826348719,7444476343858270082,816286915455981984,1,1,akt,
30608412826348719,3828833364556738666,7271679498218995541,1,1,akt,
30608412826348719,5014855638763778520,7080375583498690711,0,1,akt,
30608412826348719,5014855638763778520,945565921951254878,0,1,akt,
30608412826348719,8277591775146332535,2172169907340938753,0,1,akt,
30608412826348719,5094964892843528935,1962751598315765836,0,1,akt,
30608412826348719,1240662975298924625,1962751598315765836,1,1,akt,
30608412826348719,5206141975214674317,6822117125000922910,1,1,akt,
30608412826348719,671530438750005792,6088781737297447420,1,1,akt,
30608412826348719,7156468015528797278,8952147277934020296,1,1,akt,
30608412826348719,1475153535205680340,1061301253559417093,1,1,akt,
30608412826348719,3507076541835130591,8553379303363759508,1,1,akt,
30608412826348719,5826558657143142027,8442572108069967032,1,1,akt,
30608412826348719,5826558657143142027,8553379303363759508,1,1,akt,
30608412826348719,6285889124749662758,6767671032930468346,1,1,akt,
30608412826348719,8681446092392278900,8434961942249729798,1,1,akt,
30608412826348719,8028736286794686852,8434961942249729798,1,1,akt,
30608412826348719,3370779623039661085,8434961942249729798,1,1,akt,
30608412826348719,14124616789059775,8553379303363759508,1,1,akt,
30608412826348719,2322042198017538996,7444476343858270082,0,1,akt,
30608412826348719,609060549646110992,1962751598315765836,1,1,akt,
30608412826348719,609060549646110992,2042035842694401475,1,1,akt,
30608412826348719,609060549646110992,2537821716777940730,1,1,akt,
30608412826348719,789928575737038845,1962751598315765836,1,1,akt,
30608412826348719,8164579060853093558,8553379303363759508,0,1,akt,
30608412826348719,6516121893827078818,1742185772413642127,1,1,akt,
30608412826348719,3680890090128975262,1742185772413642127,1,1,akt,
30608412826348719,8864309922340784357,1742185772413642127,0,1,akt,
30608412826348719,7963076060327471726,1742185772413642127,0,1,akt,
30608412826348719,7963076060327471726,8434961942249729798,0,1,akt,
30608412826348719,4100056189470085673,1742185772413642127,0,1,akt,
30608412826348719,4100056189470085673,8434961942249729798,0,1,akt,
30608412826348719,7110089499805872564,1962751598315765836,0,1,akt,
30608412826348719,3587568046434385561,2971078979906996375,1,1,akt,
30608412826348719,1893642978819296611,1742185772413642127,1,1,akt,
30608412826348719,1893642978819296611,6038104030264466633,1,1,akt,
30608412826348719,4852582249628029532,1742185772413642127,1,1,akt,
30608412826348719,4852582249628029532,6038104030264466633,1,1,akt,
30608412826348719,7949368746475052778,1742185772413642127,0,1,akt,
30608412826348719,7949368746475052778,6038104030264466633,0,1,akt,
30608412826348719,2567894677399411860,5140154928761940633,1,1,akt,
30608412826348719,6273621440559760612,3220231712819306119,1,1,akt,
30608412826348719,503677869075052068,5140154928761940633,0,1,akt,
30608412826348719,1864610537305897170,3220231712819306119,1,1,akt,
30608412826348719,979776641624209194,5140154928761940633,1,1,akt,
30608412826348719,3179841074490041064,3220231712819306119,1,1,akt,
30608412826348719,1223648975300134562,5140154928761940633,1,1,akt,
30608412826348719,8586768257375854159,3220231712819306119,1,1,akt,
30608412826348719,1680942157759329528,6899671937378175901,1,1,akt,
30608412826348719,3163553101212671789,3977603873829794107,0,1,akt,
30608412826348719,3782170031259151436,3977603873829794107,0,1,akt,
30608412826348719,7347954932738541000,3977603873829794107,1,1,akt,
30608412826348719,8300278739610563484,3977603873829794107,1,1,akt,
30608412826348719,4305159392299135549,5891620578387310353,1,1,akt,
30608412826348719,6871738404041200475,5891620578387310353,1,1,akt,
30608412826348719,1439107023726440344,632037903995597748,1,1,akt,
30608412826348719,6964858916021177953,632037903995597748,1,1,akt,
30608412826348719,1745020336870366416,5891620578387310353,1,1,akt,
30608412826348719,7849701508421617502,3977603873829794107,0,1,akt,
30608412826348719,555625984027262014,3157518658218824219,0,1,akt,
30608412826348719,888934132030320366,338807275221326836,0,1,akt,
30608412826348719,7409052082871537933,1553079256999111676,1,1,akt,
30608412826348719,9163346312612952190,1553079256999111676,1,1,akt,
30608412826348719,1979989037776428129,338807275221326836,1,1,akt,
30608412826348719,2017576330978711905,338807275221326836,1,1,akt,
30608412826348719,7995834658081335424,2087380862434172594,1,1,akt,
30608412826348719,3788466048393203612,338807275221326836,1,1,akt,
30608412826348719,8351329806767537227,1553079256999111676,0,1,akt,
30608412826348719,678576571551846666,2087380862434172594,0,1,akt,
30608412826348719,8317095655314656711,8450591260754163598,1,1,akt,
30608412826348719,5111017097545758779,1553079256999111676,1,1,akt,
30608412826348719,3525797594972370560,1553079256999111676,1,1,akt,
30608412826348719,1513602965430340754,1553079256999111676,1,1,akt,
30608412826348719,5598942769103361235,1553079256999111676,1,1,akt,
30608412826348719,1956263685640837203,338807275221326836,1,1,akt,
30608412826348719,6863322952279055094,8450591260754163598,0,1,akt,
30608412826348719,589595259022606128,8450591260754163598,1,1,akt,
30608412826348719,3196572545063368294,1553079256999111676,1,1,akt,
30608412826348719,1849374032637944872,8450591260754163598,1,1,akt,
30608412826348719,5771048247599626204,8450591260754163598,1,1,akt,
30608412826348719,873734404548316197,8450591260754163598,1,1,akt,
30608412826348719,6325743242354330185,6587421150596252277,1,1,akt,
30608412826348719,4599874212276290133,6587421150596252277,1,1,akt,
30608412826348719,4778110010971744024,6587421150596252277,1,1,akt,
30608412826348719,6765713899792616704,8437183932514773570,1,1,akt,
30608412826348719,1982353309121868131,1553079256999111676,1,1,akt,
30608412826348719,585394738633421119,8450591260754163598,1,1,akt,
30608412826348719,7387337585027059198,8450591260754163598,1,1,akt,
30608412826348719,1653110472703699635,1644854180222226950,1,1,akt,
30608412826348719,5190884345733171034,3994887349717137666,1,1,akt,
30608412826348719,3256967871020403143,6949811205411410448,1,1,akt,
30608412826348719,160526153134266077,6949811205411410448,0,1,akt,
30608412826348719,262972098788613969,6949811205411410448,1,1,akt,
30608412826348719,81836391822819695,965465494080659646,1,1,akt,
30608412826348719,81836391822819695,8218796673634111208,1,1,akt,
30608412826348719,2678037544306135052,6949811205411410448,1,1,akt,
30608412826348719,6394202531192004290,965465494080659646,1,1,akt,
30608412826348719,4742394668670699272,6949811205411410448,1,1,akt,
30608412826348719,6918975496901528910,6949811205411410448,1,1,akt,
30608412826348719,4643253996117354404,6949811205411410448,0,1,akt,
30608412826348719,2200223852542584006,6949811205411410448,1,1,akt,
30608412826348719,5380736624332328667,965465494080659646,1,1,akt,
30608412826348719,6601469893026267442,965465494080659646,0,1,akt,
30608412826348719,4539072446738603069,965465494080659646,1,1,akt,
30608412826348719,8392765289363313686,6949811205411410448,1,1,akt,
30608412826348719,58379446801296488,6949811205411410448,0,1,akt,
30608412826348719,1737549008450576232,6949811205411410448,0,1,akt,
30608412826348719,4837435113414834930,6949811205411410448,0,1,akt,
30608412826348719,4180865159137445928,6949811205411410448,0,1,akt,
30608412826348719,5219220775689782715,6949811205411410448,1,1,akt,
30608412826348719,5562869464514701139,6949811205411410448,1,1,akt,
30608412826348719,4702338344474013419,6949811205411410448,1,1,akt,
30608412826348719,5850479194837887944,4932081828363820241,1,1,akt,
30608412826348719,3420314197971075877,5614001701401503216,1,1,akt,
30608412826348719,5758295914440078557,4932081828363820241,1,1,akt,
30608412826348719,2789256433454450511,4932081828363820241,0,1,akt,
30608412826348719,8479037457196838763,4932081828363820241,0,1,akt,
30608412826348719,2020542875614218006,5614001701401503216,0,1,akt,
30608412826348719,9106594666321326924,5614001701401503216,1,1,akt,
30608412826348719,5512575834172553485,5614001701401503216,1,1,akt,
30608412826348719,4985701407810924242,5614001701401503216,1,1,akt,
30608412826348719,4124787404572461022,5614001701401503216,1,1,akt,
30608412826348719,4124787404572461022,4932081828363820241,1,1,akt,
30608412826348719,5612335720089351824,4932081828363820241,1,1,akt,
30608412826348719,6289339430364370018,4932081828363820241,1,1,akt,
30608412826348719,3152736657375411130,5614001701401503216,1,1,akt,
30608412826348719,6354454527181646401,6949811205411410448,1,1,akt,
30608412826348719,1969637975208622667,6949811205411410448,0,1,akt,
30608412826348719,1969637975208622667,5614001701401503216,0,1,akt,
30608412826348719,4789051774614903319,965465494080659646,0,1,akt,
30608412826348719,5331648089839313718,4932081828363820241,0,1,akt,
30608412826348719,1278202529328948065,4705015170632774223,1,1,akt,
30608412826348719,1278202529328948065,6612232247280708430,1,1,akt,
30608412826348719,958813039069687279,4705015170632774223,1,1,akt,
30608412826348719,958813039069687279,6612232247280708430,1,1,akt,
30608412826348719,7429800225749355646,4705015170632774223,1,1,akt,
30608412826348719,7429800225749355646,6612232247280708430,1,1,akt,
30608412826348719,5433051947019886445,4705015170632774223,1,1,akt,
30608412826348719,5433051947019886445,6612232247280708430,1,1,akt,
30608412826348719,5922551305321437205,6612232247280708430,1,1,akt,
30608412826348719,4402464831798965707,1440354453570655004,1,1,akt,
30608412826348719,3747639013786243008,1440354453570655004,0,1,akt,
30608412826348719,5329576675655904169,6612232247280708430,1,1,akt,
30608412826348719,5784304871759423917,6612232247280708430,1,1,akt,
30608412826348719,2457898256755869273,4705015170632774223,1,1,akt,
30608412826348719,5689946056537179224,6612232247280708430,1,1,akt,
30608412826348719,7085947951427370439,1440354453570655004,1,1,akt,
30608412826348719,73928280903912066,1609137421269019972,1,1,akt,
30608412826348719,456231635565849618,936324378259014250,1,1,akt,
30608412826348719,8021789615661091626,936324378259014250,1,1,akt,
30608412826348719,4747458762391861814,945565921951254878,1,1,akt,
30608412826348719,4747458762391861814,936324378259014250,1,1,akt,
30608412826348719,4747458762391861814,7137985937186816118,1,1,akt,
30608412826348719,8064753944805038908,3386664800761312538,0,1,akt,
30608412826348719,8064753944805038908,5626355055055545431,0,1,akt,
30608412826348719,4626325596384339223,936324378259014250,1,1,akt,
30608412826348719,4626325596384339223,3386664800761312538,1,1,akt,
30608412826348719,6080238619208492545,8208743102655574034,1,1,akt,
30608412826348719,3422900282767970598,8253624017608095921,1,1,akt,
30608412826348719,5896746524602982308,8864809465971284028,1,1,akt,
30608412826348719,1364124172325115117,7137985937186816118,1,1,akt,
30608412826348719,6666018187231408745,7137985937186816118,1,1,akt,
30608412826348719,6666018187231408745,7137985937186816118,1,1,akt,
30608412826348719,6991438656570525226,4607388048970825422,1,1,akt,
30608412826348719,6991438656570525226,4607388048970825422,1,1,akt,
30608412826348719,9056677685977577642,2500372166686333823,1,1,akt,
30608412826348719,9056677685977577642,2500372166686333823,1,1,akt,
30608412826348719,6960909409775484798,2500372166686333823,1,1,akt,
30608412826348719,6960909409775484798,2500372166686333823,1,1,akt,
30608412826348719,3285134255204342773,2953135825275070056,1,1,akt,
30608412826348719,3285134255204342773,2953135825275070056,1,1,akt,
30608412826348719,6811962248357182912,5788113795541723564,1,1,akt,
30608412826348719,6811962248357182912,5788113795541723564,1,1,akt,
30608412826348719,4667839358749398352,5788113795541723564,1,1,akt,
30608412826348719,4667839358749398352,5788113795541723564,1,1,akt,
30608412826348719,1462144652513562353,8021260812906271597,1,1,akt,
30608412826348719,6385798887775976783,2500372166686333823,1,1,akt,
30608412826348719,6385798887775976783,3414223954376217427,1,1,akt,
30608412826348719,1179656879149712095,2500372166686333823,0,1,akt,
30608412826348719,3451790309599703332,7430095633397685637,1,1,akt,
30608412826348719,7095552851158154914,4607388048970825422,1,1,akt,
30608412826348719,7095552851158154914,4607388048970825422,1,1,akt,
30608412826348719,1145974536714271547,1418680419447008469,1,1,akt,
30608412826348719,5050855226071658437,1418680419447008469,1,1,akt,
30608412826348719,1686632649349855755,1418680419447008469,1,1,akt,
30608412826348719,7915850453559781698,1418680419447008469,0,1,akt,
30608412826348719,306023099386028284,7381422041526990924,0,1,akt,
30608412826348719,9028614706513287099,7381422041526990924,1,1,akt,
30608412826348719,8034873963014328432,7381422041526990924,1,1,akt,
30608412826348719,74638531651877569,3795512345256537003,1,1,akt,
30608412826348719,5288654585860750609,3795512345256537003,1,1,akt,
30608412826348719,32261392583187374,3795512345256537003,1,1,akt,
30608412826348719,666632563056544558,7312291969267315939,1,1,akt,
30608412826348719,326604634805265978,7312291969267315939,1,1,akt,
30608412826348719,8027941967834834501,7312291969267315939,1,1,akt,
30608412826348719,6892970266406478541,7312291969267315939,1,1,akt,
30608412826348719,8155690883524442573,594484301261397148,0,1,akt,
30608412826348719,5342401179217169371,594484301261397148,1,1,akt,
30608412826348719,3185419361820159475,594484301261397148,0,1,akt,
30608412826348719,7811337634646641563,1418680419447008469,1,1,akt,
30608412826348719,462053040223506107,8257095676522850515,1,1,akt,
30608412826348719,8052792797201523718,8257095676522850515,1,1,akt,
30608412826348719,2750160984714043548,3386572474479421240,1,1,akt,
30608412826348719,6019014453524986050,8257095676522850515,1,1,akt,
30608412826348719,5284705790291350339,945565921951254878,1,1,akt,
30608412826348719,5284705790291350339,8257095676522850515,1,1,akt,
30608412826348719,3659066959988699832,6456304688997881806,1,1,akt,
30608412826348719,3659066959988699832,945565921951254878,1,1,akt,
30608412826348719,1498900241304656752,6456304688997881806,1,1,akt,
30608412826348719,1498900241304656752,945565921951254878,1,1,akt,
30608412826348719,6282529568844347553,6456304688997881806,1,1,akt,
30608412826348719,6282529568844347553,945565921951254878,1,1,akt,
30608412826348719,5270369024203925293,6456304688997881806,1,1,akt,
30608412826348719,5270369024203925293,945565921951254878,1,1,akt,
30608412826348719,6438344733596527197,6456304688997881806,0,1,akt,
30608412826348719,6438344733596527197,945565921951254878,0,1,akt,
30608412826348719,202753365794141304,8860457263355711329,1,1,akt,
30608412826348719,276073773678975562,8860457263355711329,1,1,akt,
30608412826348719,8852932604306052637,1620228599548467016,1,1,akt,
30608412826348719,5844515863234482352,1620228599548467016,1,1,akt,
30608412826348719,2157877054695219556,1620228599548467016,0,1,akt,
30608412826348719,2157877054695219556,8860457263355711329,0,1,akt,
30608412826348719,5856253510702032044,1620228599548467016,1,1,akt,
30608412826348719,5856253510702032044,8860457263355711329,1,1,akt,
30608412826348719,1107089901238080068,3695277572730007841,1,1,akt,
30608412826348719,1355897475346419780,3695277572730007841,1,1,akt,
30608412826348719,395289519385152427,3695277572730007841,1,1,akt,
30608412826348719,1578818275559208253,3695277572730007841,1,1,akt,
30608412826348719,339533063856671049,6456304688997881806,1,1,akt,
30608412826348719,7330278289208411022,6664130503876327269,1,1,akt,
30608412826348719,3775426114325106060,2630166442278202703,1,1,akt,
30608412826348719,493868857135992796,6471369570750938294,1,1,akt,
30608412826348719,493868857135992796,5841359775533910823,1,1,akt,
30608412826348719,678237538686111519,7173901711990274646,0,1,akt,
30608412826348719,678237538686111519,5841359775533910823,0,1,akt,
30608412826348719,678237538686111519,4796843345782257247,0,1,akt,
30608412826348719,3954431150827949799,2240774251905964566,1,1,akt,
30608412826348719,3954431150827949799,6899671937378175901,1,1,akt,
30608412826348719,3954431150827949799,7137985937186816118,1,1,akt,
30608412826348719,5734719115119329490,6899671937378175901,1,1,akt,
30608412826348719,5734719115119329490,7137985937186816118,1,1,akt,
30608412826348719,5871610581170632292,1520947013988716706,1,1,akt,
30608412826348719,5871610581170632292,8523260970482156988,1,1,akt,
30608412826348719,6447293119860625994,6103364715799004295,1,1,akt,
30608412826348719,6447293119860625994,2312676756438647899,1,1,akt,
30608412826348719,6856246182355369865,5540293484639694862,1,1,akt,
30608412826348719,6856246182355369865,945565921951254878,1,1,akt,
30608412826348719,8530825474830412024,5831131246778465958,0,1,akt,
30608412826348719,8530825474830412024,5831131246778465958,1,1,akt,
30608412826348719,4637360576753488480,3993295421765698769,1,1,akt,
30608412826348719,6133642593595202758,8946122040834336764,1,1,akt,
30608412826348719,8800188575488879802,4403133428956178902,1,1,akt,
30608412826348719,8800188575488879802,8946122040834336764,1,1,akt,
30608412826348719,8800188575488879802,5677422322508975122,1,1,akt,
30608412826348719,8800188575488879802,3356952560767624663,1,1,akt,
30608412826348719,8800188575488879802,339533063856671049,1,1,akt,
30608412826348719,8800188575488879802,2229157640543804668,1,1,akt,
30608412826348719,8928614533547636880,4403133428956178902,0,1,akt,
30608412826348719,8928614533547636880,8946122040834336764,0,1,akt,
30608412826348719,8928614533547636880,5677422322508975122,0,1,akt,
30608412826348719,8928614533547636880,3356952560767624663,0,1,akt,
30608412826348719,8928614533547636880,339533063856671049,0,1,akt,
30608412826348719,8928614533547636880,2229157640543804668,0,1,akt,
30608412826348719,7449445731731790147,358466476080118370,1,1,akt,
30608412826348719,3770816527514569867,358466476080118370,1,1,akt,
30608412826348719,617216495578830529,358466476080118370,0,1,akt,
30608412826348719,276790277326826910,358466476080118370,1,1,akt,
30608412826348719,2562952757747593838,358466476080118370,1,1,akt,
30608412826348719,6425303497157967275,358466476080118370,0,1,akt,
30608412826348719,1697743968672574570,7071646029904496111,0,1,akt,
30608412826348719,6269357647543804317,7071646029904496111,1,1,akt,
30608412826348719,4558788678443384599,3252826287101409243,1,1,akt,
30608412826348719,4558788678443384599,4981016869870220101,1,1,akt,
30608412826348719,6708352087401555519,8879857825588577091,1,1,akt,
30608412826348719,1485739513409081169,7137985937186816118,1,1,akt,
30608412826348719,3043998211657953972,7137985937186816118,1,1,akt,
30608412826348719,3095505811046319049,5841359775533910823,1,1,akt,
30608412826348719,5206709721529025570,7137985937186816118,1,1,akt,
30608412826348719,5780425099037510218,7137985937186816118,1,1,akt,
30608412826348719,8109956761434409374,6871726152230450217,1,1,akt,
30608412826348719,7721983400125328835,6871726152230450217,1,1,akt,
30608412826348719,7721983400125328835,4975673644036102574,1,1,akt,
30608412826348719,8407120105369641903,6871726152230450217,1,1,akt,
30608412826348719,8407120105369641903,4975673644036102574,1,1,akt,
30608412826348719,1842534675155047243,6871726152230450217,1,1,akt,
30608412826348719,1842534675155047243,4975673644036102574,1,1,akt,
30608412826348719,446894190654043275,6871726152230450217,0,1,akt,
30608412826348719,446894190654043275,4975673644036102574,0,1,akt,
30608412826348719,9093855884263359381,6871726152230450217,1,1,akt,
30608412826348719,9093855884263359381,4975673644036102574,1,1,akt,
30608412826348719,6307466805910700309,6871726152230450217,1,1,akt,
30608412826348719,6307466805910700309,4975673644036102574,1,1,akt,
30608412826348719,1651060061902010516,6871726152230450217,1,1,akt,
30608412826348719,5287993638298451617,6871726152230450217,1,1,akt,
30608412826348719,2696874492593956963,4975673644036102574,1,1,akt,
30608412826348719,8622188369070640969,6871726152230450217,1,1,akt,
30608412826348719,109518077207257542,2725736025011687568,1,1,akt,
30608412826348719,3570902257700563877,2725736025011687568,1,1,akt,
30608412826348719,8010660763927430570,2725736025011687568,1,1,akt,
30608412826348719,1437678720558546669,617692350657418114,1,1,akt,
30608412826348719,4217300911507384862,3746345278993456279,1,1,akt,
30608412826348719,6293355376372615766,6456304688997881806,1,1,akt,
30608412826348719,6842926909733770269,6017410436784829725,1,1,akt,
30608412826348719,4654090348491357037,6617986845316146041,1,1,akt,
30608412826348719,4479314299435472174,5623297772212155274,0,1,akt,
30608412826348719,8458538933301204869,7152865195137276211,0,1,akt,
30608412826348719,5534249323882004940,9131149396521926973,0,1,akt,
30608412826348719,2973106222146866584,5623297772212155274,1,1,akt,
30608412826348719,4794584953757549392,5623297772212155274,1,1,akt,
30608412826348719,8113146522127668261,8206256480211232641,1,1,akt,
30608412826348719,5418251536642622841,7137985937186816118,1,1,akt,
30608412826348719,5216539713203344242,7137985937186816118,1,1,akt,
30608412826348719,5407162670134806335,7137985937186816118,1,1,akt,
30608412826348719,7810318964945292796,6847502242749017216,1,1,akt,
30608412826348719,1551176945454570599,2098409895490789901,1,1,akt,
30608412826348719,1551176945454570599,1742185772413642127,1,1,akt,
30608412826348719,1551176945454570599,7930937476740677286,1,1,akt,
30608412826348719,6276896671461048705,3893394491486085477,0,1,akt,
30608412826348719,6276896671461048705,4560719101685283745,0,1,akt,
30608412826348719,7915968813143497108,446894190654043275,0,1,akt,
30608412826348719,7915968813143497108,9093855884263359381,0,1,akt,
30608412826348719,4091930846410853016,4526863928383273751,0,1,akt,
30608412826348719,6434296163292677819,4526863928383273751,1,1,akt,
30608412826348719,4179341769916167197,4526863928383273751,1,1,akt,
30608412826348719,2617701201892644001,4526863928383273751,1,1,akt,
30608412826348719,4932081828363820241,4526863928383273751,1,1,akt,
30608412826348719,6285214486093077621,4526863928383273751,0,1,akt,
30608412826348719,5688756467157558553,5841359775533910823,1,1,akt,
30608412826348719,5458790070281446831,2746278925206043647,0,1,akt,
30608412826348719,3943866253716895025,2746278925206043647,1,1,akt,
30608412826348719,2866035536511579483,2746278925206043647,1,1,akt,
30608412826348719,2438408641103591568,5841359775533910823,1,1,akt,
30608412826348719,7492372912987491062,1686632649349855755,0,1,akt,
34725903990669697,1329478604444739170,2823547883153135285,1,1,akt,
34725903990669697,3520451574799847844,8575610639500092945,0,1,akt,
34725903990669697,4203569159080036676,8575610639500092945,1,1,akt,
34725903990669697,5988533127921551545,8575610639500092945,0,1,akt,
34725903990669697,1295333489993010330,2823547883153135285,0,1,akt,
34725903990669697,1041131285172243470,1155914148622653541,1,1,akt,
34725903990669697,1553741339457672781,278327630535823712,1,1,akt,
34725903990669697,4462640131271493571,8575610639500092945,1,1,akt,
34725903990669697,3503210959138509000,6925932688889117475,1,1,akt,
34725903990669697,4082916358126906050,8903365289186067945,1,1,akt,
34725903990669697,5224706761225629169,3220231712819306119,1,1,akt,
34725903990669697,2951284576751280983,6925932688889117475,1,1,akt,
34725903990669697,3764638744030212552,4984932258032991605,1,1,akt,
34725903990669697,5410133448386626076,5797334606267118412,0,1,akt,
34725903990669697,316290779611645569,1239035252056260249,1,1,akt,
34725903990669697,1967334056118598654,7963076060327471726,1,1,akt,
34725903990669697,3382236931902274272,1609137421269019972,1,1,akt,
34725903990669697,5518531156987806349,1240662975298924625,1,1,akt,
34725903990669697,7293137773013978496,2630505475243948786,1,1,akt,
34725903990669697,7750733744315745095,7802467190713408940,1,1,akt,
34725903990669697,8383251283755544568,727042050873976136,1,1,akt,
34725903990669697,590590093314666522,8253624017608095921,0,1,akt,
34725903990669697,5145242387153432624,936324378259014250,1,1,akt,
34725903990669697,7626540409321886057,5145288580828250182,1,1,akt,
34725903990669697,2537259823626295600,3101224498948786626,1,1,akt,
34725903990669697,4427558867002412719,1609137421269019972,0,1,akt,
34725903990669697,7668198570169916651,3101224498948786626,1,1,akt,
34725903990669697,1369727312205479505,8253624017608095921,0,1,akt,
34725903990669697,3852192814267813166,936324378259014250,0,1,akt,
34725903990669697,5271236353927310897,8931749632723040425,1,1,akt,
34725903990669697,3292392858996942350,6847502242749017216,1,1,akt,
34725903990669697,7627610236830844867,5218341511830803388,1,1,akt,
34725903990669697,1596784171219500990,1438833197930244504,1,1,akt,
34725903990669697,4545891194638083646,5218341511830803388,1,1,akt,
34725903990669697,5915930381945534073,8956949829196379438,1,1,akt,
34725903990669697,6605196573430655446,8956949829196379438,1,1,akt,
34725903990669697,7369243902494402464,8956949829196379438,1,1,akt,
34725903990669697,8595824148755489441,3967320573372768823,1,1,akt,
34725903990669697,8752303647607757240,8956949829196379438,1,1,akt,
34725903990669697,8920688232893993994,8804835143599550923,1,1,akt,
34725903990669697,716374260101484272,8257095676522850515,1,1,akt,
34725903990669697,722097023336308547,8257095676522850515,1,1,akt,
34725903990669697,2845241018624278757,8412574286969789961,1,1,akt,
34725903990669697,2649814704708400150,5805011942002514206,0,1,akt,
34725903990669697,3101234333530513357,8257095676522850515,1,1,akt,
34725903990669697,3232031136018130753,8257095676522850515,1,1,akt,
34725903990669697,5152026530543958651,2527237414009188471,0,1,akt,
34725903990669697,6059184791741996633,3386572474479421240,1,1,akt,
34725903990669697,6447235594694359660,5805011942002514206,1,1,akt,
34725903990669697,6452557844992668973,8257095676522850515,1,1,akt,
34725903990669697,8037276080286352779,5805011942002514206,1,1,akt,
34725903990669697,4048644799399579884,2527237414009188471,0,1,akt,
34725903990669697,9209267361315656328,8257095676522850515,0,1,akt,
34725903990669697,6841877951646006179,7802467190713408940,0,1,akt,
34725903990669697,6841877951646006179,3173554826801793204,0,1,akt,
34725903990669697,6841877951646006179,5797334606267118412,0,1,akt,
34725903990669697,6841877951646006179,5215432518055670326,0,1,akt,
34725903990669697,6841877951646006179,5145288580828250182,0,1,akt,
34725903990669697,7380874852842996704,2630505475243948786,0,1,akt,
34725903990669697,8310712473652513785,4984932258032991605,0,1,akt,
34725903990669697,1962751598315765836,2014268979504181100,1,1,akt,
34725903990669697,300471914551172981,300471914551172981,1,1,akt,
34725903990669697,816286915455981984,2172169907340938753,1,1,akt,
34725903990669697,2014268979504181100,2172169907340938753,1,1,akt,
34725903990669697,2172169907340938753,2172169907340938753,1,1,akt,
34725903990669697,8150806168444344502,8150806168444344502,1,1,akt,
34725903990669697,8573800373938698102,8573800373938698102,1,1,akt,
34725903990669697,8573800373938698102,2014268979504181100,1,1,akt,
34725903990669697,7444476343858270082,816286915455981984,1,1,akt,
34725903990669697,8434961942249729798,6440511557387709110,1,1,akt,
34725903990669697,2322042198017538996,7444476343858270082,0,1,akt,
34725903990669697,1061301253559417093,1962751598315765836,1,1,akt,
34725903990669697,2537821716777940730,1962751598315765836,1,1,akt,
34725903990669697,2971078979906996375,8553379303363759508,1,1,akt,
34725903990669697,5841359775533910823,7444476343858270082,1,1,akt,
34725903990669697,6440511557387709110,2537821716777940730,1,1,akt,
34725903990669697,7744513373483970787,1061301253559417093,1,1,akt,
34725903990669697,8553379303363759508,7444476343858270082,1,1,akt,
34725903990669697,8621262567927479011,1962751598315765836,1,1,akt,
34725903990669697,7591109345808921544,1742185772413642127,1,1,akt,
34725903990669697,2986660907093963186,6440511557387709110,1,1,akt,
34725903990669697,2986660907093963186,2322042198017538996,1,1,akt,
34725903990669697,8194071366621068887,8434961942249729798,1,1,akt,
34725903990669697,1742185772413642127,8553379303363759508,1,1,akt,
34725903990669697,2334639155148655290,8553379303363759508,1,1,akt,
34725903990669697,2774368076249802464,5841359775533910823,1,1,akt,
34725903990669697,2774368076249802464,8621262567927479011,1,1,akt,
34725903990669697,4113615466659810841,8553379303363759508,1,1,akt,
34725903990669697,6125574002232610732,2971078979906996375,1,1,akt,
34725903990669697,6925932688889117475,8553379303363759508,1,1,akt,
34725903990669697,7660717256841499384,7744513373483970787,1,1,akt,
34725903990669697,8903365289186067945,8553379303363759508,1,1,akt,
34725903990669697,5203449856947311645,7660717256841499384,0,1,akt,
34725903990669697,5203449856947311645,2678037544306135052,0,1,akt,
34725903990669697,1553079256999111676,6125574002232610732,1,1,akt,
34725903990669697,3220231712819306119,7660717256841499384,1,1,akt,
34725903990669697,257998406955142566,625545550176685521,1,1,akt,
34725903990669697,625545550176685521,2334639155148655290,1,1,akt,
34725903990669697,1761868641361943332,7660717256841499384,1,1,akt,
34725903990669697,3505704456158892852,7660717256841499384,1,1,akt,
34725903990669697,4824259625677886603,2334639155148655290,1,1,akt,
34725903990669697,5621915724170514747,625545550176685521,1,1,akt,
34725903990669697,5977202446238383497,7660717256841499384,1,1,akt,
34725903990669697,8450591260754163598,4113615466659810841,1,1,akt,
34725903990669697,1062464292871659639,8553379303363759508,1,1,akt,
34725903990669697,2660308494216254637,625545550176685521,1,1,akt,
34725903990669697,3377267194089423700,7660717256841499384,1,1,akt,
34725903990669697,3586178338192106934,8903365289186067945,1,1,akt,
34725903990669697,4378721629787482518,1742185772413642127,1,1,akt,
34725903990669697,4644364625800006675,2986660907093963186,1,1,akt,
34725903990669697,4813462692425748605,8903365289186067945,1,1,akt,
34725903990669697,5237822943399727048,6125574002232610732,1,1,akt,
34725903990669697,5932668873100475470,7591109345808921544,1,1,akt,
34725903990669697,8525319303741530302,8903365289186067945,1,1,akt,
34725903990669697,9085215684112577945,2971078979906996375,1,1,akt,
34725903990669697,338807275221326836,2774368076249802464,1,1,akt,
34725903990669697,8525319303741530302,8903365289186067945,1,1,akt,
34725903990669697,2083452711903133430,8903365289186067945,1,1,akt,
34725903990669697,4031585874086886353,2774368076249802464,1,1,akt,
34725903990669697,5791250638486922978,2774368076249802464,1,1,akt,
34725903990669697,5891620578387310353,6925932688889117475,1,1,akt,
34725903990669697,6319743179241711738,8194071366621068887,1,1,akt,
34725903990669697,6587421150596252277,8903365289186067945,1,1,akt,
34725903990669697,8628686323660025649,8903365289186067945,1,1,akt,
34725903990669697,5581673844533041260,1761868641361943332,1,1,akt,
34725903990669697,801270971078708491,3977603873829794107,1,1,akt,
34725903990669697,1027527956755633385,262972098788613969,1,1,akt,
34725903990669697,1174948878229494217,8525319303741530302,1,1,akt,
34725903990669697,1418680419447008469,4824259625677886603,1,1,akt,
34725903990669697,4560503297887269910,8525319303741530302,1,1,akt,
34725903990669697,6662078420307848095,2240774251905964566,1,1,akt,
34725903990669697,8182304708329316030,2240774251905964566,1,1,akt,
34725903990669697,8182304708329316030,5891620578387310353,1,1,akt,
34725903990669697,1513602965430340754,1553079256999111676,1,1,akt,
34725903990669697,5598942769103361235,1553079256999111676,1,1,akt,
34725903990669697,717954268502935256,1553079256999111676,1,1,akt,
34725903990669697,4371988310000123679,2087380862434172594,1,1,akt,
34725903990669697,4837222965526819153,1553079256999111676,1,1,akt,
34725903990669697,5606170298753235760,8450591260754163598,1,1,akt,
34725903990669697,5606170298753235760,2087380862434172594,1,1,akt,
34725903990669697,6149849550867702522,1553079256999111676,1,1,akt,
34725903990669697,8137180092977869856,8450591260754163598,0,1,akt,
34725903990669697,8425036666373807371,1553079256999111676,1,1,akt,
34725903990669697,6012311905925706077,7137985937186816118,1,1,akt,
34725903990669697,3695277572730007841,5791250638486922978,1,1,akt,
34725903990669697,1323516988765165119,3994887349717137666,1,1,akt,
34725903990669697,4040262048452548404,3994887349717137666,1,1,akt,
34725903990669697,5221179564247458324,5791250638486922978,1,1,akt,
34725903990669697,5548463061557996427,1644854180222226950,1,1,akt,
34725903990669697,5586736422630505320,6417620605101166778,1,1,akt,
34725903990669697,7323670479702943890,5791250638486922978,1,1,akt,
34725903990669697,8418124906833087392,3994887349717137666,1,1,akt,
34725903990669697,1249946667551244754,8450591260754163598,1,1,akt,
34725903990669697,594484301261397148,1553079256999111676,0,1,akt,
34725903990669697,1522036663732454985,3977603873829794107,0,1,akt,
34725903990669697,2500372166686333823,8450591260754163598,0,1,akt,
34725903990669697,2953135825275070056,338807275221326836,0,1,akt,
34725903990669697,3414223954376217427,1553079256999111676,0,1,akt,
34725903990669697,4607388048970825422,3220231712819306119,0,1,akt,
34725903990669697,5713639467721698358,8437183932514773570,0,1,akt,
34725903990669697,6456304688997881806,1553079256999111676,0,1,akt,
34725903990669697,6664130503876327269,6587421150596252277,0,1,akt,
34725903990669697,7430095633397685637,8525319303741530302,0,1,akt,
34725903990669697,7430095633397685637,3220231712819306119,0,1,akt,
34725903990669697,8021260812906271597,5891620578387310353,0,1,akt,
34725903990669697,2963426940754857525,8450591260754163598,1,1,akt,
34725903990669697,4380611683472616465,8437183932514773570,1,1,akt,
34725903990669697,4644376180860816503,6587421150596252277,1,1,akt,
34725903990669697,5749030878039894757,8450591260754163598,1,1,akt,
34725903990669697,6424027935577728745,8450591260754163598,1,1,akt,
34725903990669697,8960087278441796977,338807275221326836,1,1,akt,
34725903990669697,9021451755772882373,1553079256999111676,1,1,akt,
34725903990669697,3302558858572269845,4378721629787482518,0,1,akt,
34725903990669697,1035367362361933335,4031585874086886353,1,1,akt,
34725903990669697,1456996564428091703,2083452711903133430,1,1,akt,
34725903990669697,1839212471879758874,4031585874086886353,1,1,akt,
34725903990669697,1839212471879758874,7601972610929176126,1,1,akt,
34725903990669697,3793792830682681521,5405953385245894923,1,1,akt,
34725903990669697,5304834934014070942,4031585874086886353,1,1,akt,
34725903990669697,5405953385245894923,2083452711903133430,1,1,akt,
34725903990669697,7690184699127363880,5405953385245894923,1,1,akt,
34725903990669697,8615841162757001381,8628686323660025649,1,1,akt,
34725903990669697,7262125457913130834,4644364625800006675,1,1,akt,
34725903990669697,855094277003771932,1062464292871659639,1,1,akt,
34725903990669697,1520947013988716706,4813462692425748605,0,1,akt,
34725903990669697,1520947013988716706,4644364625800006675,0,1,akt,
34725903990669697,2290575971915771862,5237822943399727048,0,1,akt,
34725903990669697,2290575971915771862,2660308494216254637,0,1,akt,
34725903990669697,5177537323723370804,9085215684112577945,1,1,akt,
34725903990669697,5536749322359707528,3377267194089423700,1,1,akt,
34725903990669697,6356727965593955443,3586178338192106934,1,1,akt,
34725903990669697,7137985937186816118,5932668873100475470,1,1,akt,
34725903990669697,7564569009553397433,5581673844533041260,1,1,akt,
34725903990669697,4560719101685283745,1418680419447008469,1,1,akt,
34725903990669697,8077900888757017988,1418680419447008469,1,1,akt,
34725903990669697,8398942342651905271,594484301261397148,1,1,akt,
34725903990669697,7095552851158154914,4607388048970825422,1,1,akt,
34725903990669697,7507664498454690336,2500372166686333823,0,1,akt,
34725903990669697,7601185852453770783,4607388048970825422,1,1,akt,
34725903990669697,6124094790161264582,6664130503876327269,1,1,akt,
34725903990669697,375184405263788692,2500372166686333823,1,1,akt,
34725903990669697,456878871009050454,2500372166686333823,1,1,akt,
34725903990669697,1461533708358448274,2500372166686333823,1,1,akt,
34725903990669697,3100876389124754186,7430095633397685637,1,1,akt,
34725903990669697,4796843345782257247,2500372166686333823,1,1,akt,
34725903990669697,5483772617844162674,3414223954376217427,1,1,akt,
34725903990669697,7899206764410235437,2953135825275070056,1,1,akt,
34725903990669697,8396066965787714901,2500372166686333823,1,1,akt,
34725903990669697,5920690581544263358,2500372166686333823,0,1,akt,
34725903990669697,7478711582937413777,8021260812906271597,1,1,akt,
34725903990669697,7594706423364338125,4607388048970825422,0,1,akt,
34725903990669697,5140154928761940633,1520947013988716706,1,1,akt,
34725903990669697,5140154928761940633,855094277003771932,1,1,akt,
34725903990669697,2054562585630021026,6429818580404077843,0,1,akt,
34725903990669697,2098409895490789901,6645325642315848804,1,1,akt,
34725903990669697,2391793836146482177,6645325642315848804,0,1,akt,
34725903990669697,4526863928383273751,8398942342651905271,0,1,akt,
34725903990669697,8564036083531757366,8398942342651905271,0,1,akt,
34725903990669697,2042035842694401475,7564569009553397433,1,1,akt,
34725903990669697,6822117125000922910,4560719101685283745,1,1,akt,
34725903990669697,8952147277934020296,7564569009553397433,1,1,akt,
34725903990669697,8637767708838786270,7601185852453770783,0,1,akt,
34725903990669697,265024722754351077,7095552851158154914,1,1,akt,
34725903990669697,1528367322763859649,7564569009553397433,1,1,akt,
34725903990669697,1856930371502693412,5920690581544263358,1,1,akt,
34725903990669697,5797334606267118412,456878871009050454,1,1,akt,
34725903990669697,6038104030264466633,4023090618520176218,0,1,akt,
34725903990669697,6038104030264466633,3100876389124754186,0,1,akt,
34725903990669697,936324378259014250,6456304688997881806,0,1,akt,
34725903990669697,3173554826801793204,8979553209795854558,1,1,akt,
34725903990669697,7802467190713408940,8979553209795854558,0,1,akt,
34725903990669697,1239035252056260249,765686451306091390,0,1,akt,
34725903990669697,1344793079925130611,5623297772212155274,1,1,akt,
34725903990669697,3638162062903617806,945565921951254878,1,1,akt,
34725903990669697,3638162062903617806,3451790309599703332,1,1,akt,
34725903990669697,3638162062903617806,7137985937186816118,1,1,akt,
34725903990669697,3697828395580602045,1470645355478017954,1,1,akt,
34725903990669697,5816909911210222449,945565921951254878,1,1,akt,
34725903990669697,5816909911210222449,7137985937186816118,1,1,akt,
34725903990669697,7788514479932903660,5623297772212155274,1,1,akt,
34725903990669697,3971525123056884045,5487204154853305298,0,1,akt,
34725903990669697,5215432518055670326,1851522427084812771,1,1,akt,
34725903990669697,8253624017608095921,765686451306091390,0,1,akt,
34725903990669697,157554714815648895,5761106556343021166,0,1,akt,
34725903990669697,2410338549246672997,2630166442278202703,0,1,akt,
34725903990669697,6829111499768831843,5761106556343021166,1,1,akt,
34725903990669697,1726769798644809705,7877160466076973101,1,1,akt,
34725903990669697,1726769798644809705,7877160466076973101,1,1,akt,
34725903990669697,3973362612645892720,7877160466076973101,1,1,akt,
34725903990669697,4147399948521361923,7877160466076973101,1,1,akt,
34725903990669697,9023137825787198513,7877160466076973101,1,1,akt,
34725903990669697,3805691194056635315,7877160466076973101,1,1,akt,
34725903990669697,5521876661437488360,2322434297181580829,0,1,akt,
34725903990669697,8575610639500092945,8411083447093008841,1,1,akt,
34725903990669697,227262282044896366,4523990711176045762,1,1,akt,
34725903990669697,1363511968273769060,8946122040834336764,1,1,akt,
34725903990669697,1363511968273769060,339533063856671049,1,1,akt,
34725903990669697,1319354917418119610,8946122040834336764,0,1,akt,
34725903990669697,3755360326898657107,8946122040834336764,1,1,akt,
34725903990669697,4054327785515237713,5831131246778465958,1,1,akt,
34725903990669697,2412386674616941727,358466476080118370,0,1,akt,
34725903990669697,4474026859818477437,7071646029904496111,0,1,akt,
34725903990669697,8257095676522850515,358466476080118370,0,1,akt,
34725903990669697,5287993638298451617,6871726152230450217,1,1,akt,
34725903990669697,4217300911507384862,3746345278993456279,0,1,akt,
34725903990669697,6293355376372615766,6456304688997881806,0,1,akt,
34725903990669697,3204183443604364643,765686451306091390,0,1,akt,
34725903990669697,4981016869870220101,7152865195137276211,0,1,akt,
34725903990669697,9035941346198722721,5623297772212155274,0,1,akt,
34725903990669697,1438833197930244504,2054562585630021026,0,1,akt,
34725903990669697,7601972610929176126,2054562585630021026,0,1,akt,
34725903990669697,8956949829196379438,2054562585630021026,0,1,akt,
34725903990669697,5805011942002514206,2054562585630021026,1,1,akt,
34725903990669697,6402063578200407055,2054562585630021026,1,1,akt,
34725903990669697,7080375583498690711,2054562585630021026,1,1,akt,
34725903990669697,729626843922042442,1525757407988365380,1,1,akt,
34725903990669697,5242538614369776679,3967320573372768823,0,1,akt,
34725903990669697,6767671032930468346,3990069655864291204,0,1,akt,
34725903990669697,4932081828363820241,4526863928383273751,1,1,akt,
34725903990669697,1573042079802951277,2391793836146482177,1,1,akt,
34725903990669697,3232676698670034975,2053002886922888674,1,1,akt,
34725903990669697,8218796673634111208,2391793836146482177,1,1,akt,
34725903990669697,1354873908054826243,5791250638486922978,1,1,akt,
34725903990669697,8081485783146224480,5791250638486922978,0,1,akt,
34725903990669697,87170764907391800,2054562585630021026,0,1,akt,
34725903990669697,632037903995597748,8564036083531757366,0,1,akt,
34725903990669697,965465494080659646,2054562585630021026,0,1,akt,
34725903990669697,1644854180222226950,2391793836146482177,0,1,akt,
34725903990669697,2465108237656815421,2054562585630021026,0,1,akt,
34725903990669697,3157518658218824219,2391793836146482177,0,1,akt,
34725903990669697,6564295807963761446,1470645355478017954,0,1,akt,
34725903990669697,6899671937378175901,2098409895490789901,0,1,akt,
34725903990669697,6949811205411410448,765686451306091390,0,1,akt,
34725903990669697,8437183932514773570,1470645355478017954,0,1,akt,
34725903990669697,8437183932514773570,8564036083531757366,0,1,akt,
34725903990669697,5513181879854314999,9137995536786253035,1,1,akt,
36121687593159804,6150850916456291816,2823547883153135285,1,1,akt,
36121687593159804,148483031885960388,4729501326174050864,1,1,akt,
36121687593159804,7173901711990274646,4526863928383273751,0,1,akt,
36121687593159804,1637919491509576270,8575610639500092945,1,1,akt,
36121687593159804,7586521750743411332,2823547883153135285,0,1,akt,
36121687593159804,1137548110942588872,2823547883153135285,1,1,akt,
36121687593159804,6062856374210802332,6421511779947974192,1,1,akt,
36121687593159804,7352297105888124102,6421511779947974192,0,1,akt,
36121687593159804,2482621849715251179,703599217093634705,1,1,akt,
36121687593159804,3829457076752395651,703599217093634705,1,1,akt,
36121687593159804,6452103335944941746,3823348261283868936,1,1,akt,
36121687593159804,1404775528059300554,3823348261283868936,1,1,akt,
36121687593159804,6289191054585870467,5287993638298451617,0,1,akt,
36121687593159804,183785263154883249,4355865024520386185,1,1,akt,
36121687593159804,5387696271310594677,3823348261283868936,1,1,akt,
36121687593159804,169189976426384337,8053098255007046142,1,1,akt,
36121687593159804,6749878924505021769,8053098255007046142,1,1,akt,
36121687593159804,5719067168967047448,8053098255007046142,1,1,akt,
36121687593159804,697982920437075837,8053098255007046142,1,1,akt,
36121687593159804,697982920437075837,816286915455981984,1,1,akt,
36121687593159804,1465663186901220470,4355865024520386185,1,1,akt,
36121687593159804,1705497706394497424,8053098255007046142,0,1,akt,
36121687593159804,3687724797637879659,703599217093634705,0,1,akt,
36121687593159804,5917545748262086051,8403310539418792058,1,1,akt,
36121687593159804,8583468167062486436,8403310539418792058,0,1,akt,
36121687593159804,3386572474479421240,6293355376372615766,1,1,akt,
36121687593159804,782958826532514082,8403310539418792058,0,1,akt,
36121687593159804,7650465239755468016,8403310539418792058,1,1,akt,
36121687593159804,9003152478203199658,8403310539418792058,0,1,akt,
36121687593159804,9144537140625135477,8403310539418792058,1,1,akt,
36121687593159804,4226496546052577021,3896176223871121243,1,1,akt,
36121687593159804,8321253551459904622,4654090348491357037,1,1,akt,
36121687593159804,8634487759291684026,4971898752437058564,0,1,akt,
36121687593159804,7976929697179062392,4971898752437058564,1,1,akt,
36121687593159804,903126694303099726,4654090348491357037,1,1,akt,
36121687593159804,7184515609055132842,4654090348491357037,0,1,akt,
36121687593159804,6088781737297447420,4654090348491357037,1,1,akt,
36121687593159804,8737822233129715976,4654090348491357037,1,1,akt,
36121687593159804,3962081917684737907,4654090348491357037,1,1,akt,
36121687593159804,5288858959064661148,4654090348491357037,1,1,akt,
36121687593159804,8597932305709178815,4654090348491357037,0,1,akt,
36121687593159804,6784529451143929904,8421171580834073004,1,1,akt,
36121687593159804,6784529451143929904,2528747214680891187,1,1,akt,
36121687593159804,6784529451143929904,9032608968603454747,1,1,akt,
36121687593159804,8367424958112124046,8421171580834073004,0,1,akt,
36121687593159804,8367424958112124046,2528747214680891187,0,1,akt,
36121687593159804,8367424958112124046,9032608968603454747,0,1,akt,
36121687593159804,9137995536786253035,8421171580834073004,1,1,akt,
36121687593159804,9137995536786253035,9032608968603454747,1,1,akt,
36121687593159804,9137995536786253035,2528747214680891187,1,1,akt,
36121687593159804,2583296623274191349,8421171580834073004,1,1,akt,
36121687593159804,2583296623274191349,2528747214680891187,1,1,akt,
36121687593159804,2583296623274191349,9032608968603454747,1,1,akt,
36121687593159804,6945730151184930199,3220231712819306119,1,1,akt,
36121687593159804,1084649001726918227,3220231712819306119,1,1,akt,
36121687593159804,3207676601913229057,3220231712819306119,1,1,akt,
36121687593159804,4724915783845298624,3220231712819306119,1,1,akt,
36121687593159804,2160797765405831572,9035941346198722721,1,1,akt,
36121687593159804,6099673787824828708,9035941346198722721,1,1,akt,
36121687593159804,4729501326174050864,9035941346198722721,1,1,akt,
36121687593159804,464102210122154120,9035941346198722721,1,1,akt,
36121687593159804,5098123251717802806,4981016869870220101,1,1,akt,
36121687593159804,1574488509804982512,4981016869870220101,1,1,akt,
36121687593159804,8442572108069967032,9035941346198722721,1,1,akt,
36121687593159804,5815281380128112355,9035941346198722721,1,1,akt,
36121687593159804,3799844702157177414,8903365289186067945,1,1,akt,
36121687593159804,5788113795541723564,8903365289186067945,1,1,akt,
36121687593159804,2628776877218262819,8903365289186067945,1,1,akt,
36121687593159804,6980776234055185315,8903365289186067945,1,1,akt,
36121687593159804,5760529357109424655,8903365289186067945,1,1,akt,
36121687593159804,7189182360040420404,8903365289186067945,1,1,akt,
36121687593159804,6919869029396141132,6925932688889117475,1,1,akt,
36121687593159804,7371758214174260915,464102210122154120,1,1,akt,
36121687593159804,8804181835842039761,2774368076249802464,0,1,akt,
36121687593159804,2071100320171115341,2630505475243948786,0,1,akt,
36121687593159804,419939363548605032,2630505475243948786,1,1,akt,
36121687593159804,6103364715799004295,7802467190713408940,1,1,akt,
36121687593159804,5109244793230292194,7802467190713408940,1,1,akt,
36121687593159804,7556258435587795671,7802467190713408940,1,1,akt,
36121687593159804,2312676756438647899,3204183443604364643,1,1,akt,
36121687593159804,5494432868690614770,936324378259014250,1,1,akt,
36121687593159804,5540293484639694862,936324378259014250,1,1,akt,
36121687593159804,5395509064737116210,3638162062903617806,1,1,akt,
36121687593159804,4204147770920313898,3638162062903617806,1,1,akt,
36121687593159804,8523260970482156988,3638162062903617806,1,1,akt,
36121687593159804,6227798331706543382,3638162062903617806,1,1,akt,
36121687593159804,8029236709230875624,8253624017608095921,1,1,akt,
36121687593159804,2312793360970709803,6847502242749017216,1,1,akt,
36121687593159804,2456846657986508421,3967320573372768823,0,1,akt,
36121687593159804,6907063850847013452,4378721629787482518,0,1,akt,
36121687593159804,3403564262774953256,5405953385245894923,1,1,akt,
36121687593159804,8025341234366340470,555625984027262014,1,1,akt,
36121687593159804,2497511940249172937,7601972610929176126,1,1,akt,
36121687593159804,5112195628255213216,4031585874086886353,1,1,akt,
36121687593159804,91418712298913557,7601972610929176126,0,1,akt,
36121687593159804,4472401018949546811,2083452711903133430,1,1,akt,
36121687593159804,3733459488137045782,2083452711903133430,1,1,akt,
36121687593159804,2232617003324426145,2083452711903133430,0,1,akt,
36121687593159804,3795512345256537003,8628686323660025649,0,1,akt,
36121687593159804,8987418253780962108,555625984027262014,0,1,akt,
36121687593159804,8877311557387907806,8931749632723040425,0,1,akt,
36121687593159804,5658762659084012778,8931749632723040425,1,1,akt,
36121687593159804,2922254344974973711,8931749632723040425,1,1,akt,
36121687593159804,8681732712943972280,8931749632723040425,0,1,akt,
36121687593159804,257581904438970411,8931749632723040425,1,1,akt,
36121687593159804,1625422738320293236,8931749632723040425,1,1,akt,
36121687593159804,1962751598315765836,2014268979504181100,1,1,akt,
36121687593159804,4330535035378193740,7080375583498690711,1,1,akt,
36121687593159804,1469839694390370469,7080375583498690711,1,1,akt,
36121687593159804,359472342153919339,7080375583498690711,1,1,akt,
36121687593159804,3948799275352296445,2014268979504181100,1,1,akt,
36121687593159804,711324264108093575,2014268979504181100,1,1,akt,
36121687593159804,6829927875902990447,6402063578200407055,1,1,akt,
36121687593159804,6847531877140835503,6402063578200407055,1,1,akt,
36121687593159804,1029226421274910647,8571634011969914262,0,1,akt,
36121687593159804,366719688482591232,8571634011969914262,1,1,akt,
36121687593159804,4816388089005599448,8571634011969914262,0,1,akt,
36121687593159804,3447645211287792081,8571634011969914262,0,1,akt,
36121687593159804,8617355785506178010,5098123251717802806,1,1,akt,
36121687593159804,8617355785506178010,8571634011969914262,1,1,akt,
36121687593159804,8617355785506178010,1574488509804982512,1,1,akt,
36121687593159804,7367067668363587697,5098123251717802806,0,1,akt,
36121687593159804,7367067668363587697,8571634011969914262,0,1,akt,
36121687593159804,7367067668363587697,1574488509804982512,0,1,akt,
36121687593159804,6381181667794278829,5098123251717802806,0,1,akt,
36121687593159804,6381181667794278829,8571634011969914262,0,1,akt,
36121687593159804,6381181667794278829,1574488509804982512,0,1,akt,
36121687593159804,6030243758426344013,2172169907340938753,1,1,akt,
36121687593159804,2172169907340938753,2172169907340938753,1,1,akt,
36121687593159804,7444476343858270082,816286915455981984,1,1,akt,
36121687593159804,300471914551172981,300471914551172981,1,1,akt,
36121687593159804,2014268979504181100,2172169907340938753,1,1,akt,
36121687593159804,3131916317766906009,8573800373938698102,1,1,akt,
36121687593159804,3131916317766906009,2014268979504181100,1,1,akt,
36121687593159804,4149796064085572270,729626843922042442,1,1,akt,
36121687593159804,6083294615251416669,5242538614369776679,1,1,akt,
36121687593159804,6416767787933835412,2172169907340938753,1,1,akt,
36121687593159804,3828833364556738666,7271679498218995541,1,1,akt,
36121687593159804,5014855638763778520,7080375583498690711,0,1,akt,
36121687593159804,5014855638763778520,945565921951254878,0,1,akt,
36121687593159804,8277591775146332535,2172169907340938753,0,1,akt,
36121687593159804,6452727532638310258,1962751598315765836,1,1,akt,
36121687593159804,5094964892843528935,1962751598315765836,1,1,akt,
36121687593159804,1240662975298924625,1962751598315765836,1,1,akt,
36121687593159804,5206141975214674317,6822117125000922910,0,1,akt,
36121687593159804,671530438750005792,6088781737297447420,1,1,akt,
36121687593159804,7156468015528797278,8952147277934020296,0,1,akt,
36121687593159804,1475153535205680340,1061301253559417093,1,1,akt,
36121687593159804,3507076541835130591,8553379303363759508,1,1,akt,
36121687593159804,5826558657143142027,8442572108069967032,1,1,akt,
36121687593159804,5826558657143142027,8553379303363759508,1,1,akt,
36121687593159804,6285889124749662758,6767671032930468346,0,1,akt,
36121687593159804,8681446092392278900,8434961942249729798,1,1,akt,
36121687593159804,8028736286794686852,8434961942249729798,1,1,akt,
36121687593159804,3370779623039661085,8434961942249729798,1,1,akt,
36121687593159804,14124616789059775,8553379303363759508,1,1,akt,
36121687593159804,2322042198017538996,7444476343858270082,1,1,akt,
36121687593159804,5377371664411708739,7591109345808921544,1,1,akt,
36121687593159804,5650984555329707291,7591109345808921544,1,1,akt,
36121687593159804,8459983029464640909,8621262567927479011,1,1,akt,
36121687593159804,8903365289186067945,8553379303363759508,1,1,akt,
36121687593159804,609060549646110992,1962751598315765836,1,1,akt,
36121687593159804,609060549646110992,2042035842694401475,1,1,akt,
36121687593159804,609060549646110992,2537821716777940730,1,1,akt,
36121687593159804,789928575737038845,1962751598315765836,0,1,akt,
36121687593159804,8164579060853093558,8553379303363759508,0,1,akt,
36121687593159804,6516121893827078818,1742185772413642127,1,1,akt,
36121687593159804,3680890090128975262,1742185772413642127,1,1,akt,
36121687593159804,4287843156248190141,1742185772413642127,1,1,akt,
36121687593159804,8864309922340784357,1742185772413642127,1,1,akt,
36121687593159804,7963076060327471726,1742185772413642127,1,1,akt,
36121687593159804,7963076060327471726,8434961942249729798,1,1,akt,
36121687593159804,4100056189470085673,1742185772413642127,1,1,akt,
36121687593159804,4100056189470085673,8434961942249729798,1,1,akt,
36121687593159804,5262070597281214617,8434961942249729798,1,1,akt,
36121687593159804,8027028041876896105,1742185772413642127,1,1,akt,
36121687593159804,2172651027386538291,1962751598315765836,0,1,akt,
36121687593159804,7110089499805872564,1962751598315765836,1,1,akt,
36121687593159804,3587568046434385561,2971078979906996375,1,1,akt,
36121687593159804,1893642978819296611,1742185772413642127,1,1,akt,
36121687593159804,1893642978819296611,6038104030264466633,1,1,akt,
36121687593159804,4852582249628029532,1742185772413642127,1,1,akt,
36121687593159804,4852582249628029532,6038104030264466633,1,1,akt,
36121687593159804,2567894677399411860,5140154928761940633,1,1,akt,
36121687593159804,6273621440559760612,3220231712819306119,1,1,akt,
36121687593159804,503677869075052068,5140154928761940633,1,1,akt,
36121687593159804,1864610537305897170,3220231712819306119,1,1,akt,
36121687593159804,8586768257375854159,3220231712819306119,1,1,akt,
36121687593159804,7661928444199481279,1742185772413642127,1,1,akt,
36121687593159804,3163553101212671789,3977603873829794107,1,1,akt,
36121687593159804,3782170031259151436,3977603873829794107,1,1,akt,
36121687593159804,7347954932738541000,3977603873829794107,0,1,akt,
36121687593159804,8300278739610563484,3977603873829794107,1,1,akt,
36121687593159804,4305159392299135549,5891620578387310353,1,1,akt,
36121687593159804,6871738404041200475,5891620578387310353,1,1,akt,
36121687593159804,1439107023726440344,632037903995597748,0,1,akt,
36121687593159804,6964858916021177953,632037903995597748,0,1,akt,
36121687593159804,1745020336870366416,5891620578387310353,1,1,akt,
36121687593159804,6738706370597025772,632037903995597748,1,1,akt,
36121687593159804,7849701508421617502,3977603873829794107,1,1,akt,
36121687593159804,555625984027262014,3157518658218824219,1,1,akt,
36121687593159804,888934132030320366,338807275221326836,1,1,akt,
36121687593159804,7409052082871537933,1553079256999111676,1,1,akt,
36121687593159804,9163346312612952190,1553079256999111676,1,1,akt,
36121687593159804,1979989037776428129,338807275221326836,1,1,akt,
36121687593159804,2017576330978711905,338807275221326836,1,1,akt,
36121687593159804,7995834658081335424,2087380862434172594,0,1,akt,
36121687593159804,3788466048393203612,338807275221326836,1,1,akt,
36121687593159804,678576571551846666,2087380862434172594,1,1,akt,
36121687593159804,8317095655314656711,8450591260754163598,1,1,akt,
36121687593159804,5111017097545758779,1553079256999111676,1,1,akt,
36121687593159804,3525797594972370560,1553079256999111676,1,1,akt,
36121687593159804,1513602965430340754,1553079256999111676,1,1,akt,
36121687593159804,5598942769103361235,1553079256999111676,1,1,akt,
36121687593159804,6012311905925706077,7137985937186816118,1,1,akt,
36121687593159804,1956263685640837203,338807275221326836,1,1,akt,
36121687593159804,6863322952279055094,8450591260754163598,0,1,akt,
36121687593159804,8015194389395403047,1553079256999111676,0,1,akt,
36121687593159804,589595259022606128,8450591260754163598,1,1,akt,
36121687593159804,3196572545063368294,1553079256999111676,1,1,akt,
36121687593159804,1849374032637944872,8450591260754163598,0,1,akt,
36121687593159804,5771048247599626204,8450591260754163598,1,1,akt,
36121687593159804,873734404548316197,8450591260754163598,1,1,akt,
36121687593159804,4599874212276290133,6587421150596252277,0,1,akt,
36121687593159804,6325743242354330185,6587421150596252277,0,1,akt,
36121687593159804,4599874212276290133,6587421150596252277,1,1,akt,
36121687593159804,4778110010971744024,6587421150596252277,0,1,akt,
36121687593159804,6765713899792616704,8437183932514773570,0,1,akt,
36121687593159804,1982353309121868131,1553079256999111676,1,1,akt,
36121687593159804,585394738633421119,8450591260754163598,1,1,akt,
36121687593159804,7387337585027059198,8450591260754163598,1,1,akt,
36121687593159804,697534556689938106,338807275221326836,1,1,akt,
36121687593159804,1540767828260108756,87170764907391800,1,1,akt,
36121687593159804,4644376180860816503,6587421150596252277,1,1,akt,
36121687593159804,4848810560966667410,1553079256999111676,1,1,akt,
36121687593159804,8940427232721233266,6564295807963761446,1,1,akt,
36121687593159804,3695277572730007841,5791250638486922978,0,1,akt,
36121687593159804,3256967871020403143,6949811205411410448,1,1,akt,
36121687593159804,160526153134266077,6949811205411410448,1,1,akt,
36121687593159804,262972098788613969,6949811205411410448,1,1,akt,
36121687593159804,81836391822819695,965465494080659646,1,1,akt,
36121687593159804,81836391822819695,8218796673634111208,1,1,akt,
36121687593159804,2678037544306135052,6949811205411410448,1,1,akt,
36121687593159804,6394202531192004290,965465494080659646,1,1,akt,
36121687593159804,4742394668670699272,6949811205411410448,1,1,akt,
36121687593159804,6918975496901528910,6949811205411410448,1,1,akt,
36121687593159804,4643253996117354404,6949811205411410448,1,1,akt,
36121687593159804,2200223852542584006,6949811205411410448,1,1,akt,
36121687593159804,5380736624332328667,965465494080659646,1,1,akt,
36121687593159804,6601469893026267442,965465494080659646,0,1,akt,
36121687593159804,4539072446738603069,965465494080659646,1,1,akt,
36121687593159804,8392765289363313686,6949811205411410448,1,1,akt,
36121687593159804,4423039597403875537,8218796673634111208,0,1,akt,
36121687593159804,58379446801296488,6949811205411410448,0,1,akt,
36121687593159804,1737549008450576232,6949811205411410448,0,1,akt,
36121687593159804,4837435113414834930,6949811205411410448,0,1,akt,
36121687593159804,4180865159137445928,6949811205411410448,0,1,akt,
36121687593159804,5219220775689782715,6949811205411410448,1,1,akt,
36121687593159804,3420314197971075877,5614001701401503216,0,1,akt,
36121687593159804,2789256433454450511,4932081828363820241,0,1,akt,
36121687593159804,8479037457196838763,4932081828363820241,0,1,akt,
36121687593159804,2020542875614218006,5614001701401503216,0,1,akt,
36121687593159804,9106594666321326924,5614001701401503216,0,1,akt,
36121687593159804,4124787404572461022,5614001701401503216,0,1,akt,
36121687593159804,4124787404572461022,4932081828363820241,0,1,akt,
36121687593159804,5612335720089351824,4932081828363820241,0,1,akt,
36121687593159804,6289339430364370018,4932081828363820241,0,1,akt,
36121687593159804,3152736657375411130,5614001701401503216,0,1,akt,
36121687593159804,1969637975208622667,6949811205411410448,0,1,akt,
36121687593159804,1969637975208622667,5614001701401503216,0,1,akt,
36121687593159804,4789051774614903319,965465494080659646,0,1,akt,
36121687593159804,5331648089839313718,4932081828363820241,1,1,akt,
36121687593159804,1278202529328948065,4705015170632774223,1,1,akt,
36121687593159804,1278202529328948065,6612232247280708430,1,1,akt,
36121687593159804,958813039069687279,4705015170632774223,1,1,akt,
36121687593159804,958813039069687279,6612232247280708430,1,1,akt,
36121687593159804,7429800225749355646,4705015170632774223,0,1,akt,
36121687593159804,7429800225749355646,6612232247280708430,0,1,akt,
36121687593159804,5433051947019886445,4705015170632774223,1,1,akt,
36121687593159804,5433051947019886445,6612232247280708430,1,1,akt,
36121687593159804,3595109963701994207,6612232247280708430,0,1,akt,
36121687593159804,5922551305321437205,6612232247280708430,1,1,akt,
36121687593159804,4402464831798965707,1440354453570655004,1,1,akt,
36121687593159804,3747639013786243008,1440354453570655004,0,1,akt,
36121687593159804,4782463374426136040,6612232247280708430,1,1,akt,
36121687593159804,5329576675655904169,6612232247280708430,1,1,akt,
36121687593159804,5784304871759423917,6612232247280708430,1,1,akt,
36121687593159804,2457898256755869273,4705015170632774223,1,1,akt,
36121687593159804,5689946056537179224,6612232247280708430,0,1,akt,
36121687593159804,7085947951427370439,1440354453570655004,1,1,akt,
36121687593159804,73928280903912066,1609137421269019972,1,1,akt,
36121687593159804,456231635565849618,936324378259014250,1,1,akt,
36121687593159804,8021789615661091626,936324378259014250,1,1,akt,
36121687593159804,4747458762391861814,945565921951254878,1,1,akt,
36121687593159804,4747458762391861814,936324378259014250,1,1,akt,
36121687593159804,4747458762391861814,7137985937186816118,1,1,akt,
36121687593159804,8064753944805038908,3386664800761312538,1,1,akt,
36121687593159804,8064753944805038908,5626355055055545431,1,1,akt,
36121687593159804,4626325596384339223,936324378259014250,0,1,akt,
36121687593159804,4626325596384339223,3386664800761312538,0,1,akt,
36121687593159804,6080238619208492545,8208743102655574034,1,1,akt,
36121687593159804,3422900282767970598,8253624017608095921,1,1,akt,
36121687593159804,5896746524602982308,8864809465971284028,1,1,akt,
36121687593159804,5333943978546729093,8208743102655574034,1,1,akt,
36121687593159804,6991438656570525226,4607388048970825422,1,1,akt,
36121687593159804,6622441521506122051,2500372166686333823,1,1,akt,
36121687593159804,9056677685977577642,2500372166686333823,1,1,akt,
36121687593159804,6960909409775484798,2500372166686333823,1,1,akt,
36121687593159804,3285134255204342773,2953135825275070056,1,1,akt,
36121687593159804,6811962248357182912,5788113795541723564,1,1,akt,
36121687593159804,4667839358749398352,5788113795541723564,1,1,akt,
36121687593159804,1462144652513562353,8021260812906271597,1,1,akt,
36121687593159804,6385798887775976783,2500372166686333823,1,1,akt,
36121687593159804,6385798887775976783,3414223954376217427,1,1,akt,
36121687593159804,472283871238619973,2617896377082299948,1,1,akt,
36121687593159804,1406822627150775238,2953135825275070056,1,1,akt,
36121687593159804,3100876389124754186,7430095633397685637,1,1,akt,
36121687593159804,1179656879149712095,2500372166686333823,0,1,akt,
36121687593159804,3451790309599703332,7430095633397685637,0,1,akt,
36121687593159804,7095552851158154914,4607388048970825422,1,1,akt,
36121687593159804,7095552851158154914,4607388048970825422,1,1,akt,
36121687593159804,1145974536714271547,1418680419447008469,0,1,akt,
36121687593159804,5050855226071658437,1418680419447008469,1,1,akt,
36121687593159804,1686632649349855755,1418680419447008469,1,1,akt,
36121687593159804,7915850453559781698,1418680419447008469,1,1,akt,
36121687593159804,306023099386028284,7381422041526990924,1,1,akt,
36121687593159804,9028614706513287099,7381422041526990924,1,1,akt,
36121687593159804,8034873963014328432,7381422041526990924,1,1,akt,
36121687593159804,74638531651877569,3795512345256537003,1,1,akt,
36121687593159804,5288654585860750609,3795512345256537003,1,1,akt,
36121687593159804,32261392583187374,3795512345256537003,1,1,akt,
36121687593159804,666632563056544558,7312291969267315939,1,1,akt,
36121687593159804,326604634805265978,7312291969267315939,1,1,akt,
36121687593159804,8027941967834834501,7312291969267315939,1,1,akt,
36121687593159804,6892970266406478541,7312291969267315939,1,1,akt,
36121687593159804,8155690883524442573,594484301261397148,1,1,akt,
36121687593159804,5342401179217169371,594484301261397148,1,1,akt,
36121687593159804,3185419361820159475,594484301261397148,1,1,akt,
36121687593159804,7811337634646641563,1418680419447008469,1,1,akt,
36121687593159804,1572904873965516635,7381422041526990924,1,1,akt,
36121687593159804,4560719101685283745,1418680419447008469,0,1,akt,
36121687593159804,4560719101685283745,1418680419447008469,0,1,akt,
36121687593159804,8398942342651905271,594484301261397148,1,1,akt,
36121687593159804,3932120167381333386,8257095676522850515,1,1,akt,
36121687593159804,3932120167381333386,7137985937186816118,1,1,akt,
36121687593159804,462053040223506107,8257095676522850515,1,1,akt,
36121687593159804,8052792797201523718,8257095676522850515,1,1,akt,
36121687593159804,3709628422611755479,8257095676522850515,0,1,akt,
36121687593159804,3305366065003714517,1349015927524233791,1,1,akt,
36121687593159804,2750160984714043548,3386572474479421240,0,1,akt,
36121687593159804,3319694501685669518,3386572474479421240,0,1,akt,
36121687593159804,7610637847824275101,945565921951254878,1,1,akt,
36121687593159804,7610637847824275101,7007912644773896868,1,1,akt,
36121687593159804,6019014453524986050,8257095676522850515,0,1,akt,
36121687593159804,5284705790291350339,945565921951254878,0,1,akt,
36121687593159804,5284705790291350339,8257095676522850515,0,1,akt,
36121687593159804,1093282304474350604,8257095676522850515,1,1,akt,
36121687593159804,1093282304474350604,3990069655864291204,1,1,akt,
36121687593159804,5889958527538787198,6784529451143929904,1,1,akt,
36121687593159804,3190171786711652143,5319011735380609624,0,1,akt,
36121687593159804,3190171786711652143,5319011735380609624,0,1,akt,
36121687593159804,7898884241751923693,5407828324398549496,0,1,akt,
36121687593159804,8870693240588360722,5805011942002514206,0,1,akt,
36121687593159804,3659066959988699832,6456304688997881806,0,1,akt,
36121687593159804,3659066959988699832,945565921951254878,0,1,akt,
36121687593159804,1498900241304656752,6456304688997881806,1,1,akt,
36121687593159804,1498900241304656752,945565921951254878,1,1,akt,
36121687593159804,6282529568844347553,6456304688997881806,0,1,akt,
36121687593159804,6282529568844347553,945565921951254878,0,1,akt,
36121687593159804,5270369024203925293,6456304688997881806,0,1,akt,
36121687593159804,5270369024203925293,945565921951254878,0,1,akt,
36121687593159804,6438344733596527197,6456304688997881806,1,1,akt,
36121687593159804,6438344733596527197,945565921951254878,1,1,akt,
36121687593159804,202753365794141304,8860457263355711329,1,1,akt,
36121687593159804,276073773678975562,8860457263355711329,0,1,akt,
36121687593159804,8852932604306052637,1620228599548467016,1,1,akt,
36121687593159804,5844515863234482352,1620228599548467016,1,1,akt,
36121687593159804,2157877054695219556,1620228599548467016,1,1,akt,
36121687593159804,2157877054695219556,8860457263355711329,1,1,akt,
36121687593159804,5856253510702032044,1620228599548467016,1,1,akt,
36121687593159804,5856253510702032044,8860457263355711329,1,1,akt,
36121687593159804,1107089901238080068,3695277572730007841,0,1,akt,
36121687593159804,1355897475346419780,3695277572730007841,1,1,akt,
36121687593159804,395289519385152427,3695277572730007841,0,1,akt,
36121687593159804,339533063856671049,6456304688997881806,1,1,akt,
36121687593159804,7330278289208411022,6664130503876327269,1,1,akt,
36121687593159804,4291017045199414543,6402063578200407055,0,1,akt,
36121687593159804,6617986845316146041,5536749322359707528,1,1,akt,
36121687593159804,9082042148896168920,1979039847349885784,1,1,akt,
36121687593159804,887413915030565018,8398942342651905271,0,1,akt,
36121687593159804,2705706337556209098,6645325642315848804,1,1,akt,
36121687593159804,1444603957502897980,8367424958112124046,1,1,akt,
36121687593159804,1444603957502897980,8367424958112124046,1,1,akt,
36121687593159804,8564036083531757366,8398942342651905271,1,1,akt,
36121687593159804,8564036083531757366,8398942342651905271,1,1,akt,
36121687593159804,4994193848932517774,7564569009553397433,1,1,akt,
36121687593159804,5376306474253367955,7564569009553397433,1,1,akt,
36121687593159804,9156525810860961390,7564569009553397433,1,1,akt,
36121687593159804,4418058984312963239,7564569009553397433,1,1,akt,
36121687593159804,1144744500053718901,7564569009553397433,1,1,akt,
36121687593159804,1144744500053718901,7564569009553397433,1,1,akt,
36121687593159804,5936455646202537188,7564569009553397433,1,1,akt,
36121687593159804,5936455646202537188,7564569009553397433,1,1,akt,
36121687593159804,2887734989777610696,7564569009553397433,1,1,akt,
36121687593159804,8152547403609690396,7564569009553397433,1,1,akt,
36121687593159804,5295154521553397921,7564569009553397433,1,1,akt,
36121687593159804,823518920313580690,9077326449528405556,1,1,akt,
36121687593159804,6259760271102057757,9077326449528405556,1,1,akt,
36121687593159804,6697334986031993616,9077326449528405556,1,1,akt,
36121687593159804,2684068912014276793,9077326449528405556,1,1,akt,
36121687593159804,1962338672358051307,9077326449528405556,0,1,akt,
36121687593159804,309156999200792777,4560719101685283745,1,1,akt,
36121687593159804,8871787769742063191,4560719101685283745,1,1,akt,
36121687593159804,8633945110044336638,4560719101685283745,0,1,akt,
36121687593159804,3110855966579004294,7564569009553397433,1,1,akt,
36121687593159804,9184546464338605222,7564569009553397433,1,1,akt,
36121687593159804,8637767708838786270,7601185852453770783,0,1,akt,
36121687593159804,4393814051537803728,456878871009050454,1,1,akt,
36121687593159804,6626645630498413180,1286827730621926626,1,1,akt,
36121687593159804,1155639296431023937,5623297772212155274,1,1,akt,
36121687593159804,9142049966906648835,5623297772212155274,1,1,akt,
36121687593159804,3832612156307966302,5623297772212155274,1,1,akt,
36121687593159804,3624945720705218814,5623297772212155274,1,1,akt,
36121687593159804,4600562821207585617,5623297772212155274,1,1,akt,
36121687593159804,6271792100691553251,5623297772212155274,1,1,akt,
36121687593159804,1725566820929970144,1470645355478017954,1,1,akt,
36121687593159804,426181551314142998,1470645355478017954,0,1,akt,
36121687593159804,1539890619500177857,4640630302861370741,1,1,akt,
36121687593159804,6072095974150049491,4640630302861370741,1,1,akt,
36121687593159804,3828334279603049153,5623297772212155274,1,1,akt,
36121687593159804,3828334279603049153,10766877478299942,1,1,akt,
36121687593159804,8458626993302129070,4640630302861370741,1,1,akt,
36121687593159804,8458626993302129070,2187769834149257833,1,1,akt,
36121687593159804,1239035252056260249,765686451306091390,0,1,akt,
36121687593159804,2839790214983004106,1461533708358448274,0,1,akt,
36121687593159804,4540023722378616429,7601185852453770783,0,1,akt,
36121687593159804,9142049966906648835,5623297772212155274,1,1,akt,
36121687593159804,3832612156307966302,5623297772212155274,1,1,akt,
36121687593159804,3624945720705218814,5623297772212155274,1,1,akt,
36121687593159804,5821369294207078714,3100876389124754186,0,1,akt,
36121687593159804,5821369294207078714,4796843345782257247,0,1,akt,
36121687593159804,471159413555272069,5623297772212155274,0,1,akt,
36121687593159804,8101352533384032815,5623297772212155274,1,1,akt,
36121687593159804,1461898815379118599,765686451306091390,1,1,akt,
36121687593159804,4136257810568368026,5487204154853305298,1,1,akt,
36121687593159804,8901794004028416126,765686451306091390,1,1,akt,
36121687593159804,1737287875738143165,5487204154853305298,0,1,akt,
36121687593159804,8614471382397315213,5487204154853305298,0,1,akt,
36121687593159804,3775426114325106060,2630166442278202703,1,1,akt,
36121687593159804,493868857135992796,6471369570750938294,1,1,akt,
36121687593159804,493868857135992796,5841359775533910823,1,1,akt,
36121687593159804,678237538686111519,7173901711990274646,0,1,akt,
36121687593159804,678237538686111519,5841359775533910823,0,1,akt,
36121687593159804,678237538686111519,4796843345782257247,0,1,akt,
36121687593159804,3954431150827949799,2240774251905964566,1,1,akt,
36121687593159804,3954431150827949799,6899671937378175901,1,1,akt,
36121687593159804,3954431150827949799,7137985937186816118,1,1,akt,
36121687593159804,5734719115119329490,6899671937378175901,1,1,akt,
36121687593159804,5734719115119329490,7137985937186816118,1,1,akt,
36121687593159804,5871610581170632292,1520947013988716706,1,1,akt,
36121687593159804,5871610581170632292,8523260970482156988,1,1,akt,
36121687593159804,6447293119860625994,6103364715799004295,1,1,akt,
36121687593159804,6447293119860625994,2312676756438647899,1,1,akt,
36121687593159804,6856246182355369865,5540293484639694862,1,1,akt,
36121687593159804,6856246182355369865,945565921951254878,1,1,akt,
36121687593159804,8530825474830412024,5831131246778465958,1,1,akt,
36121687593159804,8530825474830412024,5831131246778465958,1,1,akt,
36121687593159804,4637360576753488480,3993295421765698769,1,1,akt,
36121687593159804,6133642593595202758,8946122040834336764,1,1,akt,
36121687593159804,2823547883153135285,358466476080118370,1,1,akt,
36121687593159804,2710190681972600929,3993295421765698769,0,1,akt,
36121687593159804,7449445731731790147,358466476080118370,1,1,akt,
36121687593159804,3770816527514569867,358466476080118370,1,1,akt,
36121687593159804,617216495578830529,358466476080118370,1,1,akt,
36121687593159804,276790277326826910,358466476080118370,1,1,akt,
36121687593159804,2562952757747593838,358466476080118370,1,1,akt,
36121687593159804,6425303497157967275,358466476080118370,1,1,akt,
36121687593159804,1697743968672574570,7071646029904496111,1,1,akt,
36121687593159804,6256368340148503862,3018317019676942629,0,1,akt,
36121687593159804,974972790304032637,1470645355478017954,0,1,akt,
36121687593159804,1485739513409081169,7137985937186816118,1,1,akt,
36121687593159804,2050749190683812675,7137985937186816118,1,1,akt,
36121687593159804,3043998211657953972,7137985937186816118,1,1,akt,
36121687593159804,3095505811046319049,5841359775533910823,1,1,akt,
36121687593159804,5206709721529025570,7137985937186816118,1,1,akt,
36121687593159804,5780425099037510218,7137985937186816118,1,1,akt,
36121687593159804,8109956761434409374,6871726152230450217,0,1,akt,
36121687593159804,7721983400125328835,6871726152230450217,0,1,akt,
36121687593159804,7721983400125328835,4975673644036102574,0,1,akt,
36121687593159804,8407120105369641903,6871726152230450217,1,1,akt,
36121687593159804,8407120105369641903,4975673644036102574,1,1,akt,
36121687593159804,6515332520935619407,6871726152230450217,0,1,akt,
36121687593159804,6515332520935619407,4975673644036102574,0,1,akt,
36121687593159804,590248659951902918,6871726152230450217,0,1,akt,
36121687593159804,590248659951902918,4975673644036102574,0,1,akt,
36121687593159804,446894190654043275,6871726152230450217,1,1,akt,
36121687593159804,446894190654043275,4975673644036102574,1,1,akt,
36121687593159804,9093855884263359381,6871726152230450217,0,1,akt,
36121687593159804,9093855884263359381,4975673644036102574,0,1,akt,
36121687593159804,6307466805910700309,6871726152230450217,1,1,akt,
36121687593159804,6307466805910700309,4975673644036102574,1,1,akt,
36121687593159804,1651060061902010516,6871726152230450217,1,1,akt,
36121687593159804,2696874492593956963,4975673644036102574,1,1,akt,
36121687593159804,8622188369070640969,6871726152230450217,1,1,akt,
36121687593159804,109518077207257542,2725736025011687568,1,1,akt,
36121687593159804,3570902257700563877,2725736025011687568,1,1,akt,
36121687593159804,8010660763927430570,2725736025011687568,1,1,akt,
36121687593159804,1437678720558546669,617692350657418114,1,1,akt,
36121687593159804,7752452253583505467,4816021160113468397,1,1,akt,
36121687593159804,3850280162340154189,4816021160113468397,0,1,akt,
36121687593159804,8988604138059152013,617692350657418114,1,1,akt,
36121687593159804,383331992533213400,6617986845316146041,0,1,akt,
36121687593159804,1357225641910081458,6617986845316146041,1,1,akt,
36121687593159804,6842926909733770269,6017410436784829725,1,1,akt,
36121687593159804,6293355376372615766,6456304688997881806,1,1,akt,
36121687593159804,4654090348491357037,6617986845316146041,1,1,akt,
36121687593159804,4800291106010076955,2725736025011687568,0,1,akt,
36121687593159804,4479314299435472174,5623297772212155274,1,1,akt,
36121687593159804,8458538933301204869,7152865195137276211,1,1,akt,
36121687593159804,126140606022249863,8206256480211232641,1,1,akt,
36121687593159804,5534249323882004940,9131149396521926973,1,1,akt,
36121687593159804,2973106222146866584,5623297772212155274,1,1,akt,
36121687593159804,4794584953757549392,5623297772212155274,1,1,akt,
36121687593159804,8113146522127668261,8206256480211232641,1,1,akt,
36121687593159804,879162573073742125,5623297772212155274,0,1,akt,
36121687593159804,2658862933405537015,765686451306091390,1,1,akt,
36121687593159804,4636519258198856077,7152865195137276211,1,1,akt,
36121687593159804,3211998328382487071,2098409895490789901,1,1,akt,
36121687593159804,6834096844046930087,2098409895490789901,1,1,akt,
36121687593159804,942064327668512590,2098409895490789901,1,1,akt,
36121687593159804,2568062591876231359,7137985937186816118,0,1,akt,
36121687593159804,7130226728108680662,2098409895490789901,1,1,akt,
36121687593159804,7130226728108680662,3896982418568604085,1,1,akt,
36121687593159804,8020367572004185681,2098409895490789901,0,1,akt,
36121687593159804,8020367572004185681,3896982418568604085,0,1,akt,
36121687593159804,2014281586758531738,2054562585630021026,1,1,akt,
36121687593159804,5805011942002514206,2054562585630021026,1,1,akt,
36121687593159804,8253854356099411745,2054562585630021026,1,1,akt,
36121687593159804,5418251536642622841,7137985937186816118,1,1,akt,
36121687593159804,5216539713203344242,7137985937186816118,1,1,akt,
36121687593159804,5407162670134806335,7137985937186816118,0,1,akt,
36121687593159804,7701763504634045312,1239035252056260249,0,1,akt,
36121687593159804,7701763504634045312,6538327640702579785,0,1,akt,
36121687593159804,8357741821285278226,1625359377637083757,1,1,akt,
36121687593159804,8357741821285278226,1239035252056260249,1,1,akt,
36121687593159804,6000212042947142551,3990069655864291204,0,1,akt,
36121687593159804,6000212042947142551,5816909911210222449,0,1,akt,
36121687593159804,9002976237090591234,3967320573372768823,1,1,akt,
36121687593159804,7810318964945292796,6847502242749017216,1,1,akt,
36121687593159804,1551176945454570599,2098409895490789901,1,1,akt,
36121687593159804,1551176945454570599,1742185772413642127,1,1,akt,
36121687593159804,1551176945454570599,7930937476740677286,1,1,akt,
36121687593159804,8885985035176431908,5186597158897031198,1,1,akt,
36121687593159804,4932081828363820241,4526863928383273751,0,1,akt,
36121687593159804,4091930846410853016,4526863928383273751,1,1,akt,
36121687593159804,6434296163292677819,4526863928383273751,1,1,akt,
36121687593159804,7699237661929415652,5841359775533910823,1,1,akt,
36121687593159804,5688756467157558553,5841359775533910823,1,1,akt,
36121687593159804,7604511910276183390,7259137698054125848,0,1,akt,
36121687593159804,7604511910276183390,5841359775533910823,0,1,akt,
36121687593159804,2438408641103591568,5841359775533910823,0,1,akt,
36121687593159804,5513181879854314999,9137995536786253035,1,1,akt,
45559742733311995,4816021160113468397,1418680419447008469,1,1,akt,
45559742733311995,1277598461458419469,8053098255007046142,1,1,akt,
45559742733311995,2200132177902746863,8053098255007046142,1,1,akt,
45559742733311995,4369619279285999524,3005237573196022570,1,1,akt,
45559742733311995,1610673522589810592,8053098255007046142,1,1,akt,
45559742733311995,1521444483287362772,1418680419447008469,1,1,akt,
45559742733311995,1561828096740638348,1418680419447008469,1,1,akt,
45559742733311995,3005237573196022570,1418680419447008469,1,1,akt,
45559742733311995,6496413965580900652,8996174276804908917,1,1,akt,
45559742733311995,8751465252612365760,7381422041526990924,1,1,akt,
45559742733311995,832534194201133232,7877160466076973101,1,1,akt,
45559742733311995,1217036946970550577,5821369294207078714,1,1,akt,
45559742733311995,8756464069594048274,5761106556343021166,1,1,akt,
45559742733311995,9182476457325126021,2630166442278202703,1,1,akt,
45559742733311995,2017258454920880399,2349564142150083418,1,1,akt,
45559742733311995,2017258454920880399,1418680419447008469,1,1,akt,
45559742733311995,7304690776584785246,2349564142150083418,1,1,akt,
45559742733311995,7304690776584785246,1418680419447008469,1,1,akt,
45559742733311995,7790395076364332797,1418680419447008469,0,1,akt,
45559742733311995,157554714815648895,5761106556343021166,1,1,akt,
45559742733311995,2410338549246672997,2630166442278202703,1,1,akt,
45559742733311995,3620324870608451510,5761106556343021166,1,1,akt,
45559742733311995,594703706847499268,2630166442278202703,1,1,akt,
45559742733311995,3775426114325106060,2630166442278202703,1,1,akt,
45559742733311995,3922464109465709564,2630166442278202703,0,1,akt,
45559742733311995,3973362612645892720,7877160466076973101,1,1,akt,
45559742733311995,1690336024863823094,5821369294207078714,1,1,akt,
45559742733311995,2573860865530781591,1418680419447008469,1,1,akt,
45559742733311995,3539345220268085256,8053098255007046142,1,1,akt,
45559742733311995,4170256691848648433,8053098255007046142,1,1,akt,
45559742733311995,4793067411376953921,1418680419447008469,1,1,akt,
45559742733311995,6597283164751671943,2630166442278202703,1,1,akt,
45559742733311995,6743441571485687553,5761106556343021166,1,1,akt,
45559742733311995,7328063393532045800,1418680419447008469,1,1,akt,
45559742733311995,5595843663294468577,3220231712819306119,1,1,akt,
45559742733311995,5595843663294468577,3220231712819306119,1,1,akt,
45559742733311995,1791598460737769462,3220231712819306119,1,1,akt,
45559742733311995,3708096476104167317,4981016869870220101,1,1,akt,
45559742733311995,8976951557060279940,8194071366621068887,1,1,akt,
45559742733311995,157554714815648895,5761106556343021166,1,1,akt,
45559742733311995,4723272024150471783,2630166442278202703,1,1,akt,
45559742733311995,8571634011969914262,5761106556343021166,1,1,akt,
45559742733311995,8191757290346900152,4981016869870220101,1,1,akt,
45559742733311995,8365467004560080465,8903365289186067945,1,1,akt,
45559742733311995,9050112785623840047,3220231712819306119,0,1,akt,
45559742733311995,9115799447126168597,5140154928761940633,1,1,akt,
45559742733311995,1402775995219872087,8194071366621068887,1,1,akt,
45559742733311995,4102926125084777394,7163156933085560357,1,1,akt,
45559742733311995,9085979369763488755,7163156933085560357,0,1,akt,
45559742733311995,1121364116392304820,3977603873829794107,1,1,akt,
45559742733311995,11605490338460,3220231712819306119,1,1,akt,
45559742733311995,4505643652580096432,8903365289186067945,1,1,akt,
45559742733311995,8600282194503590507,7163156933085560357,1,1,akt,
45559742733311995,3515011956403318829,3220231712819306119,1,1,akt,
45559742733311995,6237167959125509069,3220231712819306119,1,1,akt,
45559742733311995,8812623851443722209,6899671937378175901,1,1,akt,
45559742733311995,2919308449405755174,3977603873829794107,1,1,akt,
45559742733311995,6907244923739511590,8525319303741530302,1,1,akt,
45559742733311995,9220591475938744085,8525319303741530302,1,1,akt,
45559742733311995,942468691310019851,6122766357667049422,1,1,akt,
45559742733311995,942468691310019851,6899671937378175901,1,1,akt,
45559742733311995,1864575249920351416,3220231712819306119,1,1,akt,
45559742733311995,5849714367412202626,3220231712819306119,1,1,akt,
45559742733311995,8225654767877445153,6985481760789785284,1,1,akt,
45559742733311995,1794751257144944189,1742185772413642127,1,1,akt,
45559742733311995,2008979487187357059,1856930371502693412,1,1,akt,
45559742733311995,8161041551138141528,1856930371502693412,1,1,akt,
45559742733311995,360134004740883987,1742185772413642127,1,1,akt,
45559742733311995,9203771242410328293,1742185772413642127,1,1,akt,
45559742733311995,3461647396539833282,1742185772413642127,1,1,akt,
45559742733311995,3461647396539833282,2042035842694401475,1,1,akt,
45559742733311995,4394589324902479775,1742185772413642127,1,1,akt,
45559742733311995,4394589324902479775,2042035842694401475,1,1,akt,
45559742733311995,8954796124191411637,1742185772413642127,1,1,akt,
45559742733311995,660778374576920296,1742185772413642127,1,1,akt,
45559742733311995,660778374576920296,6038104030264466633,1,1,akt,
45559742733311995,7367733278036175273,1742185772413642127,1,1,akt,
45559742733311995,7367733278036175273,2042035842694401475,1,1,akt,
45559742733311995,197761352682530080,8903365289186067945,1,1,akt,
45559742733311995,1742345986672966270,3220231712819306119,1,1,akt,
45559742733311995,2447677675701946489,1742185772413642127,1,1,akt,
45559742733311995,2447677675701946489,6038104030264466633,1,1,akt,
45559742733311995,2447677675701946489,6471369570750938294,1,1,akt,
45559742733311995,3225550198937944113,8525319303741530302,1,1,akt,
45559742733311995,3920612493777608123,1742185772413642127,1,1,akt,
45559742733311995,3920612493777608123,6038104030264466633,1,1,akt,
45559742733311995,5763409154477319427,1061301253559417093,1,1,akt,
45559742733311995,5763409154477319427,1742185772413642127,1,1,akt,
45559742733311995,5763409154477319427,6038104030264466633,1,1,akt,
45559742733311995,6222198562168962254,6925932688889117475,1,1,akt,
45559742733311995,6783119775255215119,5140154928761940633,1,1,akt,
45559742733311995,7769461292559021078,1742185772413642127,1,1,akt,
45559742733311995,7769461292559021078,6038104030264466633,1,1,akt,
45559742733311995,7918602395955183435,3977603873829794107,1,1,akt,
45559742733311995,2466514692465766099,848630856421767541,0,1,akt,
45559742733311995,4246873457848590626,6847502242749017216,1,1,akt,
45559742733311995,4405407320728896669,936324378259014250,0,1,akt,
45559742733311995,6268432395309830910,5797334606267118412,1,1,akt,
45559742733311995,6707472437952949920,5797334606267118412,0,1,akt,
45559742733311995,7361445611036400505,5797334606267118412,1,1,akt,
45559742733311995,7818262784267116398,936324378259014250,0,1,akt,
45559742733311995,8229847730336558185,5797334606267118412,1,1,akt,
45559742733311995,7249722219392075512,8253624017608095921,0,1,akt,
45559742733311995,590590093314666522,8253624017608095921,1,1,akt,
45559742733311995,600506725644254316,3638162062903617806,1,1,akt,
45559742733311995,5958355247302725045,3101224498948786626,1,1,akt,
45559742733311995,278327630535823712,936324378259014250,1,1,akt,
45559742733311995,775355032693172961,3173554826801793204,1,1,akt,
45559742733311995,775355032693172961,5797334606267118412,1,1,akt,
45559742733311995,775355032693172961,7802467190713408940,1,1,akt,
45559742733311995,1979039847349885784,3697828395580602045,1,1,akt,
45559742733311995,3198168164965099291,3101224498948786626,1,1,akt,
45559742733311995,3553719056300620847,3101224498948786626,1,1,akt,
45559742733311995,3553719056300620847,3178544432443442935,1,1,akt,
45559742733311995,3906961233241961714,3638162062903617806,1,1,akt,
45559742733311995,4276222380850084481,8253624017608095921,1,1,akt,
45559742733311995,4776267685198164865,8253624017608095921,1,1,akt,
45559742733311995,4776267685198164865,3178544432443442935,1,1,akt,
45559742733311995,5317755115967641946,5816909911210222449,1,1,akt,
45559742733311995,5875445113512682242,8253624017608095921,1,1,akt,
45559742733311995,7485482174662094794,8208743102655574034,1,1,akt,
45559742733311995,7485482174662094794,3178544432443442935,1,1,akt,
45559742733311995,338468630502545949,1747455970233689502,0,1,akt,
45559742733311995,338468630502545949,594484301261397148,0,1,akt,
45559742733311995,554690911219287505,5797334606267118412,1,1,akt,
45559742733311995,554690911219287505,7802467190713408940,1,1,akt,
45559742733311995,659871801817934080,8253624017608095921,1,1,akt,
45559742733311995,2025435204752405622,5797334606267118412,1,1,akt,
45559742733311995,3058251468302445698,594484301261397148,0,1,akt,
45559742733311995,4961403980968942144,7802467190713408940,1,1,akt,
45559742733311995,5969242857106562210,8253624017608095921,1,1,akt,
45559742733311995,7070231689204398336,3101224498948786626,1,1,akt,
45559742733311995,7327246699999522261,1645767700808762034,1,1,akt,
45559742733311995,7417673514844918715,1747455970233689502,1,1,akt,
45559742733311995,4684889813680661459,3101224498948786626,1,1,akt,
45559742733311995,4684889813680661459,8253624017608095921,1,1,akt,
45559742733311995,5420156915283700555,3638162062903617806,1,1,akt,
45559742733311995,7930727088230072060,8253624017608095921,0,1,akt,
45559742733311995,500918486176261774,594484301261397148,1,1,akt,
45559742733311995,6716752416267324351,594484301261397148,1,1,akt,
45559742733311995,1977550450114807733,1073629390141817738,1,1,akt,
45559742733311995,2693181881020862458,3173554826801793204,1,1,akt,
45559742733311995,2693181881020862458,3101224498948786626,1,1,akt,
45559742733311995,2693181881020862458,5215432518055670326,1,1,akt,
45559742733311995,2693181881020862458,8253624017608095921,1,1,akt,
45559742733311995,9077075825606000923,3101224498948786626,1,1,akt,
45559742733311995,9077075825606000923,3971525123056884045,1,1,akt,
45559742733311995,179115195542980967,594484301261397148,1,1,akt,
45559742733311995,1014268531007609705,157554714815648895,0,1,akt,
45559742733311995,1597683388091420498,594484301261397148,1,1,akt,
45559742733311995,1805233863060010564,594484301261397148,1,1,akt,
45559742733311995,5323872699137754545,1726769798644809705,0,1,akt,
45559742733311995,7788761949031551269,594484301261397148,1,1,akt,
45559742733311995,6798405681300303548,1726769798644809705,1,1,akt,
45559742733311995,841359134425684008,1747455970233689502,0,1,akt,
45559742733311995,841359134425684008,594484301261397148,0,1,akt,
45559742733311995,7662947203480854565,594484301261397148,1,1,akt,
45559742733311995,9030594617295178947,594484301261397148,1,1,akt,
45559742733311995,2053002886922888674,594484301261397148,1,1,akt,
45559742733311995,4180930233757914502,157554714815648895,1,1,akt,
45559742733311995,8157600726166710516,2410338549246672997,1,1,akt,
45559742733311995,5246318558426489045,1942256407192639244,1,1,akt,
45559742733311995,8412574286969789961,6829111499768831843,1,1,akt,
45559742733311995,2277551084322778170,1942256407192639244,1,1,akt,
45559742733311995,2475393933162743133,6829111499768831843,1,1,akt,
45559742733311995,6411486982263012499,1942256407192639244,1,1,akt,
45559742733311995,8270895740557749645,6829111499768831843,1,1,akt,
45559742733311995,8353608165246540720,1942256407192639244,1,1,akt,
45559742733311995,1316592594786875138,6829111499768831843,1,1,akt,
45559742733311995,2379158319187690496,6907063850847013452,1,1,akt,
45559742733311995,7875254573767658162,1942256407192639244,1,1,akt,
45559742733311995,4462640131271493571,8575610639500092945,1,1,akt,
45559742733311995,9083169879347368281,2823547883153135285,1,1,akt,
45559742733311995,3978453283785143135,8575610639500092945,1,1,akt,
45559742733311995,5012371714287083063,278327630535823712,1,1,akt,
45559742733311995,8081468723497929513,2823547883153135285,1,1,akt,
45559742733311995,9003313762168277839,2823547883153135285,1,1,akt,
45559742733311995,1121940775251872465,8575610639500092945,1,1,akt,
45559742733311995,2025001705441153579,9190629654144504111,1,1,akt,
45559742733311995,2843989185238848245,2823547883153135285,1,1,akt,
45559742733311995,8261339545342202233,278327630535823712,1,1,akt,
45559742733311995,1349905028292941480,278327630535823712,1,1,akt,
45559742733311995,2880881243301059747,1084649001726918227,1,1,akt,
45559742733311995,8329990500825763282,2823547883153135285,1,1,akt,
45559742733311995,2648677987279156219,775355032693172961,1,1,akt,
45559742733311995,4963196153483966673,8398942342651905271,1,1,akt,
45559742733311995,5039956646084470945,8367424958112124046,1,1,akt,
45559742733311995,734369966340828072,8398942342651905271,1,1,akt,
45559742733311995,2668986509196957443,775355032693172961,1,1,akt,
45559742733311995,4448951766033134818,775355032693172961,1,1,akt,
45559742733311995,4898300951238038706,8398942342651905271,1,1,akt,
45559742733311995,5799546763837173307,8398942342651905271,1,1,akt,
45559742733311995,7213597202607318380,7066177705708566569,1,1,akt,
45559742733311995,7213597202607318380,775355032693172961,1,1,akt,
45559742733311995,8433182589722869111,8398942342651905271,1,1,akt,
45559742733311995,8871299454202689435,8398942342651905271,1,1,akt,
45559742733311995,17368298824386454,8398942342651905271,1,1,akt,
45559742733311995,935391851954996198,775355032693172961,1,1,akt,
45559742733311995,1460964054347211376,8398942342651905271,1,1,akt,
45559742733311995,2407881065770627818,8367424958112124046,1,1,akt,
45559742733311995,6019913041939109516,7564569009553397433,1,1,akt,
45559742733311995,7575330518282793474,7564569009553397433,1,1,akt,
45559742733311995,8073309323246448334,7564569009553397433,1,1,akt,
45559742733311995,2006404817126484696,1979039847349885784,1,1,akt,
45559742733311995,3762131394832108634,8398942342651905271,1,1,akt,
45559742733311995,7466832767985130550,775355032693172961,1,1,akt,
45559742733311995,7271679498218995541,7564569009553397433,1,1,akt,
45559742733311995,545945498259535928,7564569009553397433,1,1,akt,
45559742733311995,4742075267188371469,7564569009553397433,1,1,akt,
45559742733311995,7753061105349521958,7564569009553397433,0,1,akt,
45559742733311995,1934250679628835730,4733361693292903482,0,1,akt,
45559742733311995,2145474496162249753,7564569009553397433,1,1,akt,
45559742733311995,2562361660288430452,7564569009553397433,1,1,akt,
45559742733311995,3019946043991959998,7564569009553397433,1,1,akt,
45559742733311995,4166601921251175363,7564569009553397433,1,1,akt,
45559742733311995,4400279827781004249,7564569009553397433,1,1,akt,
45559742733311995,4676325371326570818,7564569009553397433,1,1,akt,
45559742733311995,6882742412592619173,7564569009553397433,1,1,akt,
45559742733311995,7774449722279171250,4607388048970825422,1,1,akt,
45559742733311995,493151224691644254,5352506090629549300,1,1,akt,
45559742733311995,479698173788854790,6829111499768831843,1,1,akt,
45559742733311995,1880268136768486916,6829111499768831843,0,1,akt,
45559742733311995,3143952276563629161,1942256407192639244,1,1,akt,
45559742733311995,337968536643918638,5177537323723370804,1,1,akt,
45559742733311995,4705117146192636764,5352506090629549300,0,1,akt,
45559742733311995,306816872576014192,2370388050227613634,1,1,akt,
45559742733311995,306816872576014192,203249956262720720,1,1,akt,
45559742733311995,1853359520739655599,1977550450114807733,0,1,akt,
45559742733311995,7211448437758465081,1864610537305897170,1,1,akt,
45559742733311995,3404678854167487257,2240774251905964566,1,1,akt,
45559742733311995,3404678854167487257,2419480025146918610,1,1,akt,
45559742733311995,6136197739877716460,6166840127928669213,1,1,akt,
45559742733311995,6827114036858291371,1319354917418119610,1,1,akt,
45559742733311995,8409094004193965575,627168865907866627,1,1,akt,
45559742733311995,6136197739877716460,6166840127928669213,1,1,akt,
45559742733311995,6827114036858291371,1319354917418119610,1,1,akt,
45559742733311995,8409094004193965575,627168865907866627,1,1,akt,
45559742733311995,5212433577847969047,4054327785515237713,0,1,akt,
45559742733311995,6108091120767529240,1639416985777663729,1,1,akt,
45559742733311995,2326939335883486838,1639416985777663729,0,1,akt,
45559742733311995,2326939335883486838,157292635655693106,0,1,akt,
45559742733311995,2326939335883486838,4984932258032991605,0,1,akt,
45559742733311995,2326939335883486838,4486687310278624666,0,1,akt,
45559742733311995,7083597632131215170,4054327785515237713,1,1,akt,
45559742733311995,8457451826951989165,1639416985777663729,1,1,akt,
45559742733311995,1730941688182855745,8628686323660025649,1,1,akt,
45559742733311995,5226329595444562138,950578831566646851,0,1,akt,
45559742733311995,8144376941144135881,2083452711903133430,0,1,akt,
45559742733311995,5955789482013388937,5218341511830803388,1,1,akt,
45559742733311995,8172358337501826233,5218341511830803388,1,1,akt,
45559742733311995,7069059752240180792,5218341511830803388,1,1,akt,
45559742733311995,7042327464390583551,8956949829196379438,1,1,akt,
45559742733311995,5677422322508975122,2412386674616941727,1,1,akt,
45559742733311995,2901611905757347684,4526863928383273751,1,1,akt,
45559742733311995,3314532806419758275,4526863928383273751,1,1,akt,
45559742733311995,5935691721591015003,4526863928383273751,1,1,akt,
45559742733311995,6912879333762541144,4526863928383273751,1,1,akt,
45559742733311995,8140332280231121006,6256368340148503862,1,1,akt,
45559742733311995,4403133428956178902,2412386674616941727,1,1,akt,
45559742733311995,5319011735380609624,4474026859818477437,1,1,akt,
45559742733311995,5407828324398549496,2412386674616941727,1,1,akt,
45559742733311995,2419480025146918610,4526863928383273751,1,1,akt,
45559742733311995,6579167398366559077,4526863928383273751,1,1,akt,
47103819678867215,1610673522589810592,8053098255007046142,1,1,akt,
47103819678867215,5087258887760735451,8053098255007046142,1,1,akt,
47103819678867215,3804594993398312246,1084649001726918227,0,1,akt,
47103819678867215,5918562874590628656,8053098255007046142,1,1,akt,
47103819678867215,1277598461458419469,8053098255007046142,1,1,akt,
47103819678867215,2200132177902746863,8053098255007046142,1,1,akt,
47103819678867215,4369619279285999524,3005237573196022570,0,1,akt,
47103819678867215,6538327640702579785,7381422041526990924,0,1,akt,
47103819678867215,9037516762626745193,1418680419447008469,0,1,akt,
47103819678867215,4280621374216103585,8053098255007046142,1,1,akt,
47103819678867215,8206256480211232641,8053098255007046142,0,1,akt,
47103819678867215,9131149396521926973,8053098255007046142,1,1,akt,
47103819678867215,4069449564050794342,7381422041526990924,1,1,akt,
47103819678867215,832534194201133232,7877160466076973101,1,1,akt,
47103819678867215,1217036946970550577,5821369294207078714,1,1,akt,
47103819678867215,8756464069594048274,5761106556343021166,1,1,akt,
47103819678867215,9182476457325126021,2630166442278202703,1,1,akt,
47103819678867215,2017258454920880399,2349564142150083418,0,1,akt,
47103819678867215,2017258454920880399,1418680419447008469,0,1,akt,
47103819678867215,7304690776584785246,2349564142150083418,0,1,akt,
47103819678867215,7304690776584785246,1418680419447008469,0,1,akt,
47103819678867215,7790395076364332797,1418680419447008469,1,1,akt,
47103819678867215,157554714815648895,5761106556343021166,1,1,akt,
47103819678867215,2410338549246672997,2630166442278202703,1,1,akt,
47103819678867215,3620324870608451510,5761106556343021166,0,1,akt,
47103819678867215,5595843663294468577,3220231712819306119,1,1,akt,
47103819678867215,1791598460737769462,3220231712819306119,1,1,akt,
47103819678867215,3708096476104167317,4981016869870220101,1,1,akt,
47103819678867215,8976951557060279940,8194071366621068887,1,1,akt,
47103819678867215,461444768761955221,1418680419447008469,0,1,akt,
47103819678867215,1521444483287362772,1418680419447008469,1,1,akt,
47103819678867215,1561828096740638348,1418680419447008469,1,1,akt,
47103819678867215,3005237573196022570,1418680419447008469,1,1,akt,
47103819678867215,3602401420702318788,1418680419447008469,1,1,akt,
47103819678867215,6496413965580900652,8996174276804908917,1,1,akt,
47103819678867215,8705817766969161113,1418680419447008469,1,1,akt,
47103819678867215,8751465252612365760,7381422041526990924,1,1,akt,
47103819678867215,594703706847499268,2630166442278202703,1,1,akt,
47103819678867215,3775426114325106060,2630166442278202703,1,1,akt,
47103819678867215,3922464109465709564,2630166442278202703,0,1,akt,
47103819678867215,3973362612645892720,7877160466076973101,1,1,akt,
47103819678867215,8191757290346900152,4981016869870220101,1,1,akt,
47103819678867215,8365467004560080465,8903365289186067945,1,1,akt,
47103819678867215,9050112785623840047,3220231712819306119,1,1,akt,
47103819678867215,9115799447126168597,5140154928761940633,1,1,akt,
47103819678867215,157554714815648895,5761106556343021166,1,1,akt,
47103819678867215,4723272024150471783,2630166442278202703,1,1,akt,
47103819678867215,8571634011969914262,5761106556343021166,0,1,akt,
47103819678867215,1402775995219872087,8194071366621068887,1,1,akt,
47103819678867215,4102926125084777394,7163156933085560357,1,1,akt,
47103819678867215,9085979369763488755,7163156933085560357,1,1,akt,
47103819678867215,1794751257144944189,1742185772413642127,1,1,akt,
47103819678867215,1121364116392304820,3977603873829794107,1,1,akt,
47103819678867215,7249722219392075512,8253624017608095921,0,1,akt,
47103819678867215,278327630535823712,936324378259014250,1,1,akt,
47103819678867215,775355032693172961,3173554826801793204,0,1,akt,
47103819678867215,775355032693172961,5797334606267118412,0,1,akt,
47103819678867215,775355032693172961,7802467190713408940,0,1,akt,
47103819678867215,1979039847349885784,3697828395580602045,0,1,akt,
47103819678867215,6798405681300303548,1726769798644809705,1,1,akt,
47103819678867215,8412574286969789961,6829111499768831843,1,1,akt,
47103819678867215,1977550450114807733,1073629390141817738,1,1,akt,
47103819678867215,2693181881020862458,3173554826801793204,1,1,akt,
47103819678867215,2693181881020862458,3101224498948786626,1,1,akt,
47103819678867215,2693181881020862458,5215432518055670326,1,1,akt,
47103819678867215,2693181881020862458,8253624017608095921,1,1,akt,
47103819678867215,9077075825606000923,3101224498948786626,1,1,akt,
47103819678867215,9077075825606000923,3971525123056884045,1,1,akt,
47103819678867215,5246318558426489045,1942256407192639244,0,1,akt,
47103819678867215,3746345278993456279,2290575971915771862,0,1,akt,
47103819678867215,1121940775251872465,8575610639500092945,0,1,akt,
47103819678867215,4462640131271493571,8575610639500092945,1,1,akt,
47103819678867215,9083169879347368281,2823547883153135285,1,1,akt,
47103819678867215,17368298824386454,8398942342651905271,1,1,akt,
47103819678867215,7271679498218995541,7564569009553397433,1,1,akt,
47103819678867215,2006404817126484696,1979039847349885784,1,1,akt,
47103819678867215,3762131394832108634,8398942342651905271,1,1,akt,
47103819678867215,7466832767985130550,775355032693172961,1,1,akt,
47103819678867215,3404678854167487257,2240774251905964566,0,1,akt,
47103819678867215,3404678854167487257,2419480025146918610,0,1,akt,
47103819678867215,3137298029685116605,5639769407267706829,1,1,akt,
47103819678867215,306816872576014192,2370388050227613634,1,1,akt,
47103819678867215,306816872576014192,203249956262720720,1,1,akt,
47103819678867215,1853359520739655599,1977550450114807733,1,1,akt,
47103819678867215,4459422308844060723,1977550450114807733,1,1,akt,
47103819678867215,4035561783367093525,48845589028730822,1,1,akt,
47103819678867215,5882219327983017684,7113092374842565865,1,1,akt,
47103819678867215,5655530496388354586,6166840127928669213,1,1,akt,
47103819678867215,5655530496388354586,8459983029464640909,1,1,akt,
47103819678867215,8014713635412539029,2160797765405831572,1,1,akt,
47103819678867215,8014713635412539029,6099673787824828708,1,1,akt,
47103819678867215,8199904869688839271,5639769407267706829,1,1,akt,
47103819678867215,5157498106814022360,3755360326898657107,1,1,akt,
47103819678867215,5157498106814022360,4054327785515237713,1,1,akt,
47103819678867215,1615389918552277535,2083452711903133430,1,1,akt,
47103819678867215,1971037468289839309,5841359775533910823,1,1,akt,
47103819678867215,1971037468289839309,5405953385245894923,1,1,akt,
47103819678867215,8646396182761933454,4378721629787482518,1,1,akt,
47103819678867215,2326939335883486838,1639416985777663729,1,1,akt,
47103819678867215,2326939335883486838,157292635655693106,1,1,akt,
47103819678867215,2326939335883486838,4984932258032991605,1,1,akt,
47103819678867215,2326939335883486838,4486687310278624666,1,1,akt,
47103819678867215,7083597632131215170,4054327785515237713,1,1,akt,
47103819678867215,8457451826951989165,1639416985777663729,1,1,akt,
47103819678867215,1222407798012817380,8628686323660025649,1,1,akt,
47103819678867215,3059449736633676947,2083452711903133430,1,1,akt,
47103819678867215,7720437885102635965,2083452711903133430,1,1,akt,
47103819678867215,1456996564428091703,2083452711903133430,1,1,akt,
47103819678867215,1526710983743951833,8628686323660025649,1,1,akt,
47103819678867215,2321471847181909636,5405953385245894923,1,1,akt,
47103819678867215,2420520599624494102,2083452711903133430,1,1,akt,
47103819678867215,4918977494690725619,5405953385245894923,1,1,akt,
47103819678867215,5020761464664581461,7601972610929176126,1,1,akt,
47103819678867215,5617269955545469221,5405953385245894923,1,1,akt,
47103819678867215,6152547585551306163,2083452711903133430,1,1,akt,
47103819678867215,3051782208752463242,2098409895490789901,1,1,akt,
47103819678867215,7042327464390583551,8956949829196379438,1,1,akt,
47103819678867215,7069059752240180792,5218341511830803388,1,1,akt,
47103819678867215,7194414732827270883,5218341511830803388,1,1,akt,
47103819678867215,4361675572392323157,1072626616993255500,1,1,akt,
47103819678867215,5755659137527362054,1525757407988365380,1,1,akt,
47103819678867215,6729828187149565592,7137985937186816118,1,1,akt,
47103819678867215,6729828187149565592,2053002886922888674,1,1,akt,
47103819678867215,571893087292981609,2053002886922888674,0,1,akt,
47103819678867215,1406467888898631097,2053002886922888674,1,1,akt,
47103819678867215,331014710801656744,5405953385245894923,1,1,akt,
47103819678867215,475731088677291385,7113092374842565865,1,1,akt,
47103819678867215,3648879368745619578,4054327785515237713,1,1,akt,
47103819678867215,5687330808111610462,4054327785515237713,1,1,akt,
47103819678867215,7402750972596292561,8409094004193965575,1,1,akt,
47103819678867215,7875185017813713890,6827114036858291371,1,1,akt,
47103819678867215,8391870621501398623,1639416985777663729,1,1,akt,
47103819678867215,8451913395020881590,8628686323660025649,1,1,akt,
47103819678867215,9203273202189577221,2083452711903133430,1,1,akt,
47103819678867215,5955789482013388937,5218341511830803388,1,1,akt,
47103819678867215,8172358337501826233,5218341511830803388,1,1,akt,
47103819678867215,8595824148755489441,3967320573372768823,1,1,akt,
47103819678867215,904324061102885484,5157498106814022360,1,1,akt,
47103819678867215,117405484001421729,6798405681300303548,1,1,akt,
47103819678867215,3964717932647789271,2053002886922888674,1,1,akt,
47103819678867215,4691114534239090999,1525757407988365380,0,1,akt,
47103819678867215,1896742767052899196,1553079256999111676,1,1,akt,
47103819678867215,4809348059161297068,8450591260754163598,1,1,akt,
47103819678867215,8294489578802282743,2087380862434172594,1,1,akt,
47103819678867215,4996134718403181056,8450591260754163598,1,1,akt,
47103819678867215,4996134718403181056,2087380862434172594,1,1,akt,
47103819678867215,6448878689919950952,3157518658218824219,1,1,akt,
47103819678867215,8974962001343124237,2087380862434172594,1,1,akt,
47103819678867215,8974962001343124237,8450591260754163598,1,1,akt,
47103819678867215,2319496717936970235,7796290305159988749,1,1,akt,
47103819678867215,5102720350314034177,8450591260754163598,1,1,akt,
47103819678867215,6375336495150343264,1553079256999111676,1,1,akt,
47103819678867215,8810730401749115346,2087380862434172594,1,1,akt,
47103819678867215,8533929068638914291,6949811205411410448,0,1,akt,
47103819678867215,1572330636171121969,4932081828363820241,1,1,akt,
47103819678867215,8392765289363313686,6949811205411410448,1,1,akt,
47103819678867215,9108443622697768153,6949811205411410448,1,1,akt,
47103819678867215,815543896097949188,6949811205411410448,1,1,akt,
47103819678867215,1376474147284822604,6949811205411410448,1,1,akt,
47103819678867215,2082720146655132518,6949811205411410448,1,1,akt,
47103819678867215,2580847893939496285,4932081828363820241,1,1,akt,
47103819678867215,3636251011511491991,4932081828363820241,1,1,akt,
47103819678867215,5155492664315395995,6949811205411410448,1,1,akt,
47103819678867215,6500751515715535375,4932081828363820241,1,1,akt,
47103819678867215,7791086016065881046,6949811205411410448,0,1,akt,
47103819678867215,3455270155494102977,8437183932514773570,1,1,akt,
47103819678867215,3574013440687919886,1553079256999111676,1,1,akt,
47103819678867215,4374934082855879751,1553079256999111676,1,1,akt,
47103819678867215,7991301088942345525,8450591260754163598,1,1,akt,
47103819678867215,7991301088942345525,2087380862434172594,1,1,akt,
47103819678867215,9136100434138093052,8450591260754163598,1,1,akt,
47103819678867215,5677422322508975122,2412386674616941727,1,1,akt,
47103819678867215,1831749923487290624,2240774251905964566,1,1,akt,
47103819678867215,3609734615175578277,2240774251905964566,1,1,akt,
47103819678867215,4388525608718222014,2240774251905964566,1,1,akt,
47103819678867215,4388525608718222014,1638799697749911200,1,1,akt,
47103819678867215,6579167398366559077,4526863928383273751,0,1,akt,
47103819678867215,136342926362060034,4474026859818477437,1,1,akt,
47103819678867215,254889314520768006,2412386674616941727,1,1,akt,
47103819678867215,9181927448682982758,2412386674616941727,1,1,akt,
47103819678867215,4403133428956178902,2412386674616941727,0,1,akt,
47103819678867215,5319011735380609624,4474026859818477437,1,1,akt,
47103819678867215,5407828324398549496,2412386674616941727,1,1,akt,
47103819678867215,2419480025146918610,4526863928383273751,1,1,akt,
47103819678867215,3356952560767624663,4526863928383273751,1,1,akt,
47103819678867215,2901611905757347684,4526863928383273751,1,1,akt,
47103819678867215,3314532806419758275,4526863928383273751,1,1,akt,
47103819678867215,5935691721591015003,4526863928383273751,1,1,akt,
47103819678867215,6912879333762541144,4526863928383273751,1,1,akt,
47103819678867215,8140332280231121006,6256368340148503862,1,1,akt,
47103819678867215,2045471913834718328,8257095676522850515,0,1,akt,
47103819678867215,722097023336308547,8257095676522850515,1,1,akt,
47103819678867215,1149750556527963905,8257095676522850515,1,1,akt,
47103819678867215,1934273609199523631,1349015927524233791,1,1,akt,
47103819678867215,3956358258048611925,2527237414009188471,1,1,akt,
47103819678867215,4986751737876708715,8257095676522850515,1,1,akt,
47103819678867215,5267295344877507495,2527237414009188471,1,1,akt,
47103819678867215,6147875086373715622,1620228599548467016,1,1,akt,
47103819678867215,6147875086373715622,677718427031623301,1,1,akt,
47103819678867215,8425232172151718549,8412574286969789961,1,1,akt,
47103819678867215,617692350657418114,4355865024520386185,0,1,akt,
47103819678867215,868259508469978120,2527237414009188471,1,1,akt,
47103819678867215,4340198400009068807,8412574286969789961,1,1,akt,
47103819678867215,4983201600057156287,8257095676522850515,1,1,akt,
47103819678867215,3922110250662496161,3823348261283868936,1,1,akt,
47103819678867215,6683578245725279512,3823348261283868936,1,1,akt,
47103819678867215,7179012403040335387,3823348261283868936,1,1,akt,
47103819678867215,167409757458153278,4355865024520386185,1,1,akt,
47103819678867215,621323422024138580,3823348261283868936,1,1,akt,
47103819678867215,5847780118105240443,4355865024520386185,1,1,akt,
47103819678867215,7226352855003316081,4355865024520386185,1,1,akt,
47103819678867215,7226352855003316081,1722290814234752206,1,1,akt,
47103819678867215,246531920626122983,4526863928383273751,1,1,akt,
47103819678867215,2033945201824530036,8685139025305292110,1,1,akt,
47103819678867215,2131821587328919271,8257095676522850515,1,1,akt,
47103819678867215,4682026176989577260,8257095676522850515,1,1,akt,
47103819678867215,5874906951998116624,4526863928383273751,1,1,akt,
47103819678867215,6570403878688459638,8412574286969789961,1,1,akt,
47103819678867215,7524824912779503903,4474026859818477437,1,1,akt,
47103819678867215,8977852297973353225,2412386674616941727,1,1,akt,
47103819678867215,9160344920204976265,2527237414009188471,0,1,akt,
47103819678867215,1374602632651399802,8257095676522850515,1,1,akt,
47103819678867215,2457868973054174420,8257095676522850515,1,1,akt,
47103819678867215,2568707154491466498,2527237414009188471,1,1,akt,
47103819678867215,1864681074045346598,3823348261283868936,1,1,akt,
47103819678867215,5216038448734267549,3823348261283868936,0,1,akt,
47103819678867215,7172996842918330814,3005237573196022570,1,1,akt,
47103819678867215,7172996842918330814,3521847891710846645,1,1,akt,
47103819678867215,2858423625938753048,8965242899239828151,1,1,akt,
47103819678867215,2858423625938753048,4355865024520386185,1,1,akt,
47103819678867215,3270258443456955791,3823348261283868936,1,1,akt,
47103819678867215,6750855715036353207,3823348261283868936,1,1,akt,
47103819678867215,1687265578517607180,2774368076249802464,1,1,akt,
47103819678867215,1687265578517607180,2240774251905964566,1,1,akt,
47103819678867215,5221814168049107787,8903365289186067945,1,1,akt,
47103819678867215,6075423682824025943,5940889310070452911,1,1,akt,
47103819678867215,3100726898012878474,2774368076249802464,1,1,akt,
47103819678867215,4544446885381517462,5940889310070452911,1,1,akt,
47103819678867215,4913550775100811139,8903365289186067945,1,1,akt,
47103819678867215,6648092291010264202,1035367362361933335,1,1,akt,
47103819678867215,796859285470498389,8903365289186067945,1,1,akt,
47103819678867215,2191824904512646526,7409015190894677172,1,1,akt,
47103819678867215,2191824904512646526,1638799697749911200,1,1,akt,
47103819678867215,2752868115089102383,2774368076249802464,1,1,akt,
47103819678867215,3693372025520714465,2774368076249802464,1,1,akt,
47103819678867215,3935520650304625319,8903365289186067945,1,1,akt,
47103819678867215,4057288486669447051,8903365289186067945,1,1,akt,
47103819678867215,5080734890877835419,6994544439163477228,1,1,akt,
47103819678867215,6145721154530904521,8903365289186067945,1,1,akt,
47103819678867215,2901516316623824541,7444476343858270082,1,1,akt,
47103819678867215,9115558964403805572,1035367362361933335,1,1,akt,
47103819678867215,9115558964403805572,6440511557387709110,1,1,akt,
47103819678867215,9115558964403805572,2322042198017538996,1,1,akt,
47103819678867215,9115558964403805572,7367733278036175273,1,1,akt,
47103819678867215,5307649011897770274,8903365289186067945,1,1,akt,
47103819678867215,5307649011897770274,7137985937186816118,1,1,akt,
47103819678867215,7996926089493442878,1061301253559417093,0,1,akt,
47103819678867215,7996926089493442878,1962751598315765836,0,1,akt,
47103819678867215,6247826181829757250,4984932258032991605,0,1,akt,
47103819678867215,7061488257467477665,8952147277934020296,1,1,akt,
47103819678867215,1269744872096353592,3204183443604364643,1,1,akt,
47103819678867215,9063856950781488679,3971525123056884045,0,1,akt,
47103819678867215,3144950485861541755,3971525123056884045,1,1,akt,
47103819678867215,4305730207960127256,727042050873976136,1,1,akt,
47103819678867215,6280585725948257772,5797334606267118412,1,1,akt,
47103819678867215,349001610909101374,2014268979504181100,1,1,akt,
47103819678867215,4173298925885015858,3971525123056884045,1,1,akt,
47103819678867215,4654460341639747107,5797334606267118412,1,1,akt,
47103819678867215,6954638006308017606,1073629390141817738,1,1,akt,
47103819678867215,282468254407962637,1651060061902010516,1,1,akt,
47103819678867215,3073353602027142980,8573800373938698102,1,1,akt,
47103819678867215,6874087588793662221,816286915455981984,0,1,akt,
47103819678867215,1148059239911857311,1222407798012817380,1,1,akt,
47103819678867215,2306006632349364332,1651060061902010516,1,1,akt,
47103819678867215,7248903972195788289,461444768761955221,1,1,akt,
47103819678867215,7248903972195788289,816286915455981984,1,1,akt,
47103819678867215,945565921951254878,2014268979504181100,1,1,akt,
47103819678867215,2412745734470053942,816286915455981984,1,1,akt,
47103819678867215,3144650951437391343,3973362612645892720,1,1,akt,
47103819678867215,3346197552782881448,2014268979504181100,1,1,akt,
47103819678867215,3810690575819217641,1651060061902010516,1,1,akt,
47103819678867215,4667191227448225636,461444768761955221,1,1,akt,
47103819678867215,6801647335265320005,2014268979504181100,1,1,akt,
47103819678867215,7122625606333777249,461444768761955221,1,1,akt,
47103819678867215,7122625606333777249,2014268979504181100,1,1,akt,
47103819678867215,7122625606333777249,1561828096740638348,1,1,akt,
47103819678867215,7122625606333777249,1222407798012817380,1,1,akt,
47103819678867215,513886456210776932,5483772617844162674,0,1,akt,
47103819678867215,1283160393561241846,3712398040798988323,1,1,akt,
47103819678867215,1283160393561241846,7795138037346182807,1,1,akt,
47103819678867215,1283160393561241846,1742185772413642127,1,1,akt,
47103819678867215,5247196315878887540,7795138037346182807,1,1,akt,
47103819678867215,7237352591206535303,4147399948521361923,1,1,akt,
47103819678867215,214016565839122712,5483772617844162674,1,1,akt,
47103819678867215,1077702706984227057,3059449736633676947,1,1,akt,
47103819678867215,1077702706984227057,1742185772413642127,1,1,akt,
47103819678867215,1985435420660529810,1962751598315765836,1,1,akt,
47103819678867215,1985435420660529810,7078830972705558821,1,1,akt,
47103819678867215,6458176974589916750,190304769087812475,1,1,akt,
47103819678867215,6669759396367206001,1742185772413642127,1,1,akt,
47103819678867215,6739334986851860416,6767671032930468346,1,1,akt,
47103819678867215,6739334986851860416,5841359775533910823,1,1,akt,
47103819678867215,7247319063698441624,1962751598315765836,1,1,akt,
47103819678867215,8163885284630292788,5483772617844162674,1,1,akt,
47103819678867215,6146385282599102287,1651060061902010516,1,1,akt,
47103819678867215,7353831867200563003,3973362612645892720,1,1,akt,
47103819678867215,7721624648022640439,2014268979504181100,1,1,akt,
47103819678867215,1664201055941281353,190304769087812475,1,1,akt,
47103819678867215,2487946395700780553,5483772617844162674,1,1,akt,
47103819678867215,5931082298064440119,3712398040798988323,1,1,akt,
47103819678867215,5931082298064440119,7795138037346182807,1,1,akt,
47103819678867215,5931082298064440119,1742185772413642127,1,1,akt,
47103819678867215,287641116298515468,8396066965787714901,1,1,akt,
47103819678867215,661597009761959282,1651060061902010516,1,1,akt,
47103819678867215,962183111015608948,3971525123056884045,1,1,akt,
47103819678867215,4431715935810181351,3973362612645892720,1,1,akt,
47103819678867215,4431715935810181351,6402063578200407055,1,1,akt,
47103819678867215,5323576315583538590,3973362612645892720,1,1,akt,
47103819678867215,5455540855970855561,3971525123056884045,1,1,akt,
47103819678867215,5637740759609760222,456878871009050454,1,1,akt,
47103819678867215,6205027752881455941,727042050873976136,1,1,akt,
47103819678867215,8448824656968163791,727042050873976136,1,1,akt,
47103819678867215,8516304889786197350,8621262567927479011,1,1,akt,
47103819678867215,8516304889786197350,1286827730621926626,1,1,akt,
47103819678867215,8679495193376912841,6038104030264466633,1,1,akt,
47103819678867215,8246862687487187606,5483772617844162674,1,1,akt,
47103819678867215,7836239570515567423,456878871009050454,1,1,akt,
47103819678867215,76861115719997282,325754291254371692,1,1,akt,
47103819678867215,76861115719997282,5841359775533910823,1,1,akt,
47103819678867215,2871444360005269683,325754291254371692,1,1,akt,
47103819678867215,2871444360005269683,456878871009050454,1,1,akt,
47103819678867215,3473470806801835438,8396066965787714901,1,1,akt,
47103819678867215,3473470806801835438,5841359775533910823,1,1,akt,
47103819678867215,3473470806801835438,1286827730621926626,1,1,akt,
47103819678867215,4141243772700427646,9023137825787198513,1,1,akt,
47103819678867215,8914436619273109770,456878871009050454,1,1,akt,
47103819678867215,1411155830209945947,456878871009050454,0,1,akt,
47103819678867215,2077889144686882393,456878871009050454,1,1,akt,
47103819678867215,2077889144686882393,9023137825787198513,1,1,akt,
47103819678867215,4100294287141809641,2497511940249172937,1,1,akt,
47103819678867215,178867487518601692,3386664800761312538,1,1,akt,
47103819678867215,1286827730621926626,9023137825787198513,1,1,akt,
47103819678867215,5563821932250230450,4217300911507384862,1,1,akt,
47103819678867215,8392500195579636452,325754291254371692,1,1,akt,
47103819678867215,8392500195579636452,456878871009050454,1,1,akt,
47103819678867215,4610094985684788800,3386664800761312538,0,1,akt,
47103819678867215,4610094985684788800,7802467190713408940,0,1,akt,
47103819678867215,6591325405173535149,3386664800761312538,1,1,akt,
47103819678867215,7927475417426798988,3386664800761312538,1,1,akt,
47103819678867215,697070429391032011,3386664800761312538,1,1,akt,
47103819678867215,2066519149559656477,3386664800761312538,1,1,akt,
47103819678867215,4769125551829583657,3386664800761312538,1,1,akt,
47103819678867215,2421518773427023370,5797334606267118412,1,1,akt,
47103819678867215,2421518773427023370,7802467190713408940,1,1,akt,
47103819678867215,3407873849159642459,3386664800761312538,1,1,akt,
47103819678867215,3673973047166437178,3386664800761312538,1,1,akt,
47103819678867215,3673973047166437178,5797334606267118412,1,1,akt,
47103819678867215,3673973047166437178,7802467190713408940,1,1,akt,
47103819678867215,3814644278830055096,1121940775251872465,1,1,akt,
47103819678867215,3814644278830055096,3386664800761312538,1,1,akt,
47103819678867215,3814644278830055096,5112195628255213216,1,1,akt,
47103819678867215,3814644278830055096,6985481760789785284,1,1,akt,
47103819678867215,4895679164278271373,7802467190713408940,1,1,akt,
47103819678867215,6505784637592935883,3386664800761312538,1,1,akt,
47103819678867215,7515619534248914601,3386664800761312538,1,1,akt,
47103819678867215,7515619534248914601,1121940775251872465,1,1,akt,
47103819678867215,7962576717555136547,3386664800761312538,1,1,akt,
47103819678867215,12271499588436323,3386664800761312538,1,1,akt,
47103819678867215,9090586450638319759,1121940775251872465,1,1,akt,
50636088915151746,290572049666842618,2042035842694401475,1,1,akt,
50636088915151746,3386664800761312538,1061301253559417093,1,1,akt,
50636088915151746,5936194233197134928,8952147277934020296,1,1,akt,
50636088915151746,4733741028965910482,8637767708838786270,1,1,akt,
50636088915151746,6708741748741232863,8637767708838786270,0,1,akt,
50636088915151746,8404743698645172910,1528367322763859649,1,1,akt,
50636088915151746,1248839093075293021,3896176223871121243,0,1,akt,
50636088915151746,1248839093075293021,4654090348491357037,0,1,akt,
50636088915151746,2617896377082299948,265024722754351077,1,1,akt,
50636088915151746,7312291969267315939,1528367322763859649,1,1,akt,
50636088915151746,7433909518649792585,8637767708838786270,0,1,akt,
50636088915151746,1510974168612368142,3896176223871121243,1,1,akt,
50636088915151746,6991501943547859560,4654090348491357037,0,1,akt,
50636088915151746,6991501943547859560,2420520599624494102,0,1,akt,
50636088915151746,2612080364586385274,4654090348491357037,1,1,akt,
50636088915151746,5669444133919801886,3896176223871121243,1,1,akt,
50636088915151746,8019374166378005495,3896176223871121243,0,1,akt,
50636088915151746,5253732421033287827,3695961057996457232,0,1,akt,
50636088915151746,5272783423354924098,8872345422222847872,0,1,akt,
50636088915151746,5272783423354924098,6122766357667049422,0,1,akt,
50636088915151746,9049291714348060046,3695961057996457232,1,1,akt,
50636088915151746,6486630054478318040,1761868641361943332,1,1,akt,
50636088915151746,6517113776429692278,1761868641361943332,0,1,akt,
50636088915151746,41434518912035555,3695277572730007841,1,1,akt,
50636088915151746,1724991515578908514,8860457263355711329,0,1,akt,
50636088915151746,3013690063586297748,6664130503876327269,1,1,akt,
50636088915151746,574010913031507921,1419939641018040378,0,1,akt,
50636088915151746,239223947281477052,8860457263355711329,1,1,akt,
50636088915151746,4225620622651888871,3695277572730007841,1,1,akt,
50636088915151746,7333700626402702779,8860457263355711329,0,1,akt,
50636088915151746,1033235719054268613,1620228599548467016,1,1,akt,
50636088915151746,4281947003021007838,3695277572730007841,1,1,akt,
50636088915151746,6323111185105028559,3695277572730007841,1,1,akt,
50636088915151746,7071646029904496111,3695277572730007841,1,1,akt,
50636088915151746,1305396700669414705,3896176223871121243,1,1,akt,
50636088915151746,2498453603589440647,1528367322763859649,1,1,akt,
50636088915151746,2716849276355289256,2537821716777940730,1,1,akt,
50636088915151746,3383517906052874268,8637767708838786270,1,1,akt,
50636088915151746,4300772586619302175,4971898752437058564,1,1,akt,
50636088915151746,6011263973254323935,4654090348491357037,1,1,akt,
50636088915151746,6135831032878058357,4971898752437058564,1,1,akt,
50636088915151746,6135831032878058357,3896176223871121243,1,1,akt,
50636088915151746,7584858949546486506,1061301253559417093,1,1,akt,
50636088915151746,8755467995619795263,3733459488137045782,1,1,akt,
50636088915151746,41434518912035555,3695277572730007841,1,1,akt,
50636088915151746,341982801440187992,4824259625677886603,1,1,akt,
50636088915151746,1127051672037460651,1761868641361943332,1,1,akt,
50636088915151746,3047969791051431071,4824259625677886603,1,1,akt,
50636088915151746,3412576189779366937,3695277572730007841,1,1,akt,
50636088915151746,5565521754593165356,3018317019676942629,1,1,akt,
50636088915151746,5876268861883301973,4824259625677886603,1,1,akt,
50636088915151746,9082423270574277808,3695277572730007841,1,1,akt,
50636088915151746,4640630302861370741,6664130503876327269,0,1,akt,
50636088915151746,5265319827310581374,6664130503876327269,1,1,akt,
50636088915151746,5265319827310581374,3695277572730007841,1,1,akt,
50636088915151746,5667707003608190191,3695277572730007841,0,1,akt,
50636088915151746,139815545349714716,8600282194503590507,0,1,akt,
50636088915151746,5178637237813519989,5367181793918399709,0,1,akt,
50636088915151746,5759204152939845598,8093703363222220592,0,1,akt,
50636088915151746,1956906990095827881,4644364625800006675,1,1,akt,
50636088915151746,2656580497987067535,5791250638486922978,0,1,akt,
50636088915151746,7909648145230263771,5367181793918399709,1,1,akt,
50636088915151746,997401210611158440,287641116298515468,1,1,akt,
50636088915151746,2725078147122156143,5282831772502765195,0,1,akt,
50636088915151746,8879857825588577091,578064138689923259,1,1,akt,
50636088915151746,1807089300558561929,6335654691543306314,1,1,akt,
50636088915151746,1853660346053849916,8344458761754091093,1,1,akt,
50636088915151746,1853660346053849916,1062464292871659639,1,1,akt,
50636088915151746,3922292972343740971,4644364625800006675,1,1,akt,
50636088915151746,3710412657629285952,6945730151184930199,1,1,akt,
50636088915151746,5979778815767053096,5595843663294468577,0,1,akt,
50636088915151746,9016849573897402781,3586178338192106934,1,1,akt,
50636088915151746,7238742648168385675,6496413965580900652,1,1,akt,
50636088915151746,7485439863767402205,5007156697901354538,1,1,akt,
50636088915151746,8045686404411412798,5791250638486922978,1,1,akt,
50636088915151746,6309587607481395298,5791250638486922978,1,1,akt,
50636088915151746,4249341687827469512,5791250638486922978,1,1,akt,
50636088915151746,106834115403791238,287641116298515468,1,1,akt,
50636088915151746,3530899077635389259,8637767708838786270,1,1,akt,
50636088915151746,4838387331889145940,1962751598315765836,1,1,akt,
50636088915151746,4838387331889145940,2537821716777940730,1,1,akt,
50636088915151746,5115922887669984037,3695277572730007841,1,1,akt,
50636088915151746,6595560754699323541,5595843663294468577,1,1,akt,
50636088915151746,8322979583315271308,4654090348491357037,1,1,akt,
50636088915151746,8492826705020303202,8093703363222220592,1,1,akt,
50636088915151746,1610673522589810592,8053098255007046142,1,1,akt,
50636088915151746,5087258887760735451,8053098255007046142,1,1,akt,
50636088915151746,4816021160113468397,1418680419447008469,1,1,akt,
50636088915151746,7304690776584785246,2349564142150083418,1,1,akt,
50636088915151746,7304690776584785246,1418680419447008469,1,1,akt,
50636088915151746,7790395076364332797,1418680419447008469,1,1,akt,
50636088915151746,1217036946970550577,5821369294207078714,1,1,akt,
50636088915151746,8756464069594048274,5761106556343021166,1,1,akt,
50636088915151746,9182476457325126021,2630166442278202703,1,1,akt,
50636088915151746,594703706847499268,2630166442278202703,1,1,akt,
50636088915151746,3775426114325106060,2630166442278202703,1,1,akt,
50636088915151746,3922464109465709564,2630166442278202703,1,1,akt,
50636088915151746,3973362612645892720,7877160466076973101,1,1,akt,
50636088915151746,1319008884709412394,7877160466076973101,1,1,akt,
50636088915151746,1690336024863823094,5821369294207078714,1,1,akt,
50636088915151746,2573860865530781591,1418680419447008469,1,1,akt,
50636088915151746,3539345220268085256,8053098255007046142,1,1,akt,
50636088915151746,4170256691848648433,8053098255007046142,1,1,akt,
50636088915151746,4793067411376953921,1418680419447008469,1,1,akt,
50636088915151746,6597283164751671943,2630166442278202703,1,1,akt,
50636088915151746,6743441571485687553,5761106556343021166,1,1,akt,
50636088915151746,7328063393532045800,1418680419447008469,1,1,akt,
50636088915151746,11605490338460,3220231712819306119,1,1,akt,
50636088915151746,4505643652580096432,8903365289186067945,1,1,akt,
50636088915151746,8600282194503590507,7163156933085560357,0,1,akt,
50636088915151746,1794751257144944189,1742185772413642127,1,1,akt,
50636088915151746,3515011956403318829,3220231712819306119,1,1,akt,
50636088915151746,6237167959125509069,3220231712819306119,1,1,akt,
50636088915151746,8812623851443722209,6899671937378175901,1,1,akt,
50636088915151746,942468691310019851,6122766357667049422,1,1,akt,
50636088915151746,942468691310019851,6899671937378175901,1,1,akt,
50636088915151746,1864575249920351416,3220231712819306119,1,1,akt,
50636088915151746,5849714367412202626,3220231712819306119,1,1,akt,
50636088915151746,8225654767877445153,6985481760789785284,1,1,akt,
50636088915151746,360134004740883987,1742185772413642127,1,1,akt,
50636088915151746,9203771242410328293,1742185772413642127,1,1,akt,
50636088915151746,197761352682530080,8903365289186067945,1,1,akt,
50636088915151746,1742345986672966270,3220231712819306119,1,1,akt,
50636088915151746,2447677675701946489,1742185772413642127,1,1,akt,
50636088915151746,2447677675701946489,6038104030264466633,1,1,akt,
50636088915151746,2447677675701946489,6471369570750938294,1,1,akt,
50636088915151746,3225550198937944113,8525319303741530302,1,1,akt,
50636088915151746,3920612493777608123,1742185772413642127,1,1,akt,
50636088915151746,3920612493777608123,6038104030264466633,1,1,akt,
50636088915151746,5763409154477319427,1061301253559417093,1,1,akt,
50636088915151746,5763409154477319427,1742185772413642127,1,1,akt,
50636088915151746,5763409154477319427,6038104030264466633,1,1,akt,
50636088915151746,6222198562168962254,6925932688889117475,1,1,akt,
50636088915151746,6783119775255215119,5140154928761940633,1,1,akt,
50636088915151746,7769461292559021078,1742185772413642127,1,1,akt,
50636088915151746,7769461292559021078,6038104030264466633,1,1,akt,
50636088915151746,7918602395955183435,3977603873829794107,1,1,akt,
50636088915151746,278327630535823712,936324378259014250,1,1,akt,
50636088915151746,775355032693172961,3173554826801793204,1,1,akt,
50636088915151746,775355032693172961,5797334606267118412,1,1,akt,
50636088915151746,775355032693172961,7802467190713408940,1,1,akt,
50636088915151746,1979039847349885784,3697828395580602045,1,1,akt,
50636088915151746,4684889813680661459,3101224498948786626,1,1,akt,
50636088915151746,4684889813680661459,8253624017608095921,1,1,akt,
50636088915151746,7930727088230072060,8253624017608095921,1,1,akt,
50636088915151746,6798405681300303548,1726769798644809705,1,1,akt,
50636088915151746,1977550450114807733,1073629390141817738,1,1,akt,
50636088915151746,2693181881020862458,3173554826801793204,1,1,akt,
50636088915151746,2693181881020862458,3101224498948786626,1,1,akt,
50636088915151746,2693181881020862458,5215432518055670326,1,1,akt,
50636088915151746,2693181881020862458,8253624017608095921,1,1,akt,
50636088915151746,9077075825606000923,3101224498948786626,1,1,akt,
50636088915151746,9077075825606000923,3971525123056884045,1,1,akt,
50636088915151746,841359134425684008,1747455970233689502,1,1,akt,
50636088915151746,841359134425684008,594484301261397148,1,1,akt,
50636088915151746,7662947203480854565,594484301261397148,0,1,akt,
50636088915151746,9030594617295178947,594484301261397148,1,1,akt,
50636088915151746,8412574286969789961,6829111499768831843,1,1,akt,
50636088915151746,338468630502545949,1747455970233689502,1,1,akt,
50636088915151746,338468630502545949,594484301261397148,1,1,akt,
50636088915151746,2025435204752405622,5797334606267118412,1,1,akt,
50636088915151746,4961403980968942144,7802467190713408940,1,1,akt,
50636088915151746,2475393933162743133,6829111499768831843,1,1,akt,
50636088915151746,493151224691644254,5352506090629549300,1,1,akt,
50636088915151746,337968536643918638,5177537323723370804,0,1,akt,
50636088915151746,4705117146192636764,5352506090629549300,1,1,akt,
50636088915151746,4462640131271493571,8575610639500092945,1,1,akt,
50636088915151746,9083169879347368281,2823547883153135285,1,1,akt,
50636088915151746,3978453283785143135,8575610639500092945,1,1,akt,
50636088915151746,5012371714287083063,278327630535823712,1,1,akt,
50636088915151746,8081468723497929513,2823547883153135285,1,1,akt,
50636088915151746,9003313762168277839,2823547883153135285,1,1,akt,
50636088915151746,2648677987279156219,775355032693172961,1,1,akt,
50636088915151746,4963196153483966673,8398942342651905271,1,1,akt,
50636088915151746,5039956646084470945,8367424958112124046,1,1,akt,
50636088915151746,734369966340828072,8398942342651905271,1,1,akt,
50636088915151746,2668986509196957443,775355032693172961,1,1,akt,
50636088915151746,4448951766033134818,775355032693172961,1,1,akt,
50636088915151746,4898300951238038706,8398942342651905271,0,1,akt,
50636088915151746,5799546763837173307,8398942342651905271,0,1,akt,
50636088915151746,7213597202607318380,7066177705708566569,1,1,akt,
50636088915151746,7213597202607318380,775355032693172961,1,1,akt,
50636088915151746,8433182589722869111,8398942342651905271,1,1,akt,
50636088915151746,8871299454202689435,8398942342651905271,0,1,akt,
50636088915151746,770752149134837335,227262282044896366,1,1,akt,
50636088915151746,5188721881697040738,2500372166686333823,1,1,akt,
50636088915151746,6271146161038271539,2500372166686333823,1,1,akt,
50636088915151746,144146642522402257,4607388048970825422,1,1,akt,
50636088915151746,2485515930093603316,7693950217059964086,1,1,akt,
50636088915151746,3472205429077447983,7693950217059964086,1,1,akt,
50636088915151746,3876016552698753849,7693950217059964086,1,1,akt,
50636088915151746,3898525335318383155,7430095633397685637,1,1,akt,
50636088915151746,5640743979928098033,7693950217059964086,0,1,akt,
50636088915151746,6619855574343390639,7693950217059964086,1,1,akt,
50636088915151746,6856589186755316835,7693950217059964086,0,1,akt,
50636088915151746,7271679498218995541,7564569009553397433,1,1,akt,
50636088915151746,7774449722279171250,4607388048970825422,1,1,akt,
50636088915151746,3137298029685116605,5639769407267706829,1,1,akt,
50636088915151746,5157498106814022360,3755360326898657107,1,1,akt,
50636088915151746,5157498106814022360,4054327785515237713,1,1,akt,
50636088915151746,306816872576014192,2370388050227613634,1,1,akt,
50636088915151746,306816872576014192,203249956262720720,1,1,akt,
50636088915151746,1853359520739655599,1977550450114807733,1,1,akt,
50636088915151746,4459422308844060723,1977550450114807733,1,1,akt,
50636088915151746,4035561783367093525,48845589028730822,1,1,akt,
50636088915151746,5882219327983017684,7113092374842565865,1,1,akt,
50636088915151746,3404678854167487257,2240774251905964566,1,1,akt,
50636088915151746,3404678854167487257,2419480025146918610,1,1,akt,
50636088915151746,5655530496388354586,6166840127928669213,1,1,akt,
50636088915151746,5655530496388354586,8459983029464640909,1,1,akt,
50636088915151746,8014713635412539029,2160797765405831572,1,1,akt,
50636088915151746,8014713635412539029,6099673787824828708,1,1,akt,
50636088915151746,8199904869688839271,5639769407267706829,1,1,akt,
50636088915151746,5212433577847969047,4054327785515237713,1,1,akt,
50636088915151746,6108091120767529240,1639416985777663729,1,1,akt,
50636088915151746,6136197739877716460,6166840127928669213,1,1,akt,
50636088915151746,6827114036858291371,1319354917418119610,1,1,akt,
50636088915151746,8409094004193965575,627168865907866627,1,1,akt,
50636088915151746,4568239595003290962,2693181881020862458,0,1,akt,
50636088915151746,5374989102784215752,1639416985777663729,1,1,akt,
50636088915151746,5374989102784215752,1223648975300134562,1,1,akt,
50636088915151746,5636153375620818264,4054327785515237713,0,1,akt,
50636088915151746,677718427031623301,1639416985777663729,1,1,akt,
50636088915151746,819565012897420344,157292635655693106,0,1,akt,
50636088915151746,1039790288475428751,1639416985777663729,1,1,akt,
50636088915151746,2873859396686519149,1639416985777663729,1,1,akt,
50636088915151746,2873859396686519149,4054327785515237713,1,1,akt,
50636088915151746,6212449717183898812,4054327785515237713,1,1,akt,
50636088915151746,7890015194232562946,1639416985777663729,1,1,akt,
50636088915151746,7890015194232562946,4486687310278624666,1,1,akt,
50636088915151746,1913858777833276236,7601972610929176126,1,1,akt,
50636088915151746,9123241646170176005,5218341511830803388,1,1,akt,
50636088915151746,3051782208752463242,2098409895490789901,1,1,akt,
50636088915151746,904324061102885484,5157498106814022360,1,1,akt,
50636088915151746,2319496717936970235,7796290305159988749,1,1,akt,
50636088915151746,1831749923487290624,2240774251905964566,1,1,akt,
50636088915151746,3609734615175578277,2240774251905964566,1,1,akt,
50636088915151746,4388525608718222014,2240774251905964566,1,1,akt,
50636088915151746,4388525608718222014,1638799697749911200,1,1,akt,
50636088915151746,5677422322508975122,2412386674616941727,1,1,akt,
50636088915151746,136342926362060034,4474026859818477437,1,1,akt,
50636088915151746,254889314520768006,2412386674616941727,1,1,akt,
50636088915151746,9181927448682982758,2412386674616941727,1,1,akt,
50636088915151746,6579167398366559077,4526863928383273751,1,1,akt,
50636088915151746,2045471913834718328,8257095676522850515,1,1,akt,
50636088915151746,2530462478681717021,6777721936409208091,1,1,akt,
50636088915151746,2530462478681717021,1349015927524233791,1,1,akt,
50636088915151746,2680402074871361480,8257095676522850515,1,1,akt,
50636088915151746,6452557844992668973,8257095676522850515,1,1,akt,
50636088915151746,722097023336308547,8257095676522850515,1,1,akt,
50636088915151746,1149750556527963905,8257095676522850515,1,1,akt,
50636088915151746,1934273609199523631,1349015927524233791,1,1,akt,
50636088915151746,3956358258048611925,2527237414009188471,1,1,akt,
50636088915151746,4986751737876708715,8257095676522850515,1,1,akt,
50636088915151746,5267295344877507495,2527237414009188471,1,1,akt,
50636088915151746,6147875086373715622,1620228599548467016,1,1,akt,
50636088915151746,6147875086373715622,677718427031623301,1,1,akt,
50636088915151746,8425232172151718549,8412574286969789961,1,1,akt,
50636088915151746,6080454475429592540,8903365289186067945,1,1,akt,
50636088915151746,2085693395446546242,6108091120767529240,1,1,akt,
50636088915151746,2100613894581432728,227262282044896366,1,1,akt,
50636088915151746,4363885708927850683,3971525123056884045,1,1,akt,
50636088915151746,4554820506179817105,3971525123056884045,1,1,akt,
50636088915151746,7591569047079140023,727042050873976136,1,1,akt,
50636088915151746,7591569047079140023,5797334606267118412,1,1,akt,
50636088915151746,7591569047079140023,7802467190713408940,1,1,akt,
50636088915151746,8648751234568997145,727042050873976136,1,1,akt,
50636088915151746,8719615833537419001,727042050873976136,1,1,akt,
50636088915151746,8719615833537419001,5797334606267118412,1,1,akt,
50636088915151746,8719615833537419001,7802467190713408940,1,1,akt,
50636088915151746,8963493453376579690,3101224498948786626,1,1,akt,
50636088915151746,8963493453376579690,3971525123056884045,1,1,akt,
50636088915151746,513886456210776932,5483772617844162674,0,1,akt,
50636088915151746,7836239570515567423,456878871009050454,1,1,akt,
53156879394680281,1610673522589810592,8053098255007046142,1,1,akt,
53156879394680281,3804594993398312246,1084649001726918227,1,1,akt,
53156879394680281,5918562874590628656,8053098255007046142,1,1,akt,
53156879394680281,4816021160113468397,1418680419447008469,1,1,akt,
53156879394680281,5087258887760735451,8053098255007046142,1,1,akt,
53156879394680281,1277598461458419469,8053098255007046142,0,1,akt,
53156879394680281,2200132177902746863,8053098255007046142,1,1,akt,
53156879394680281,4369619279285999524,3005237573196022570,1,1,akt,
53156879394680281,2113026943707030675,8053098255007046142,0,1,akt,
53156879394680281,2971485330678223403,8053098255007046142,1,1,akt,
53156879394680281,4279937419722821007,8053098255007046142,1,1,akt,
53156879394680281,4357323974914490874,8053098255007046142,1,1,akt,
53156879394680281,7376337487144723980,8053098255007046142,0,1,akt,
53156879394680281,7601808109951601942,8053098255007046142,0,1,akt,
53156879394680281,8274966403318820310,7271679498218995541,1,1,akt,
53156879394680281,832534194201133232,7877160466076973101,0,1,akt,
53156879394680281,1625359377637083757,3590579358937072411,0,1,akt,
53156879394680281,6538327640702579785,7381422041526990924,1,1,akt,
53156879394680281,9037516762626745193,1418680419447008469,1,1,akt,
53156879394680281,4280621374216103585,8053098255007046142,1,1,akt,
53156879394680281,8206256480211232641,8053098255007046142,1,1,akt,
53156879394680281,9131149396521926973,8053098255007046142,0,1,akt,
53156879394680281,3190684891594344508,1418680419447008469,0,1,akt,
53156879394680281,4069449564050794342,7381422041526990924,1,1,akt,
53156879394680281,7955334453466741922,1418680419447008469,1,1,akt,
53156879394680281,461444768761955221,1418680419447008469,1,1,akt,
53156879394680281,1521444483287362772,1418680419447008469,1,1,akt,
53156879394680281,1561828096740638348,1418680419447008469,1,1,akt,
53156879394680281,3005237573196022570,1418680419447008469,1,1,akt,
53156879394680281,3602401420702318788,1418680419447008469,1,1,akt,
53156879394680281,6496413965580900652,8996174276804908917,1,1,akt,
53156879394680281,8705817766969161113,1418680419447008469,1,1,akt,
53156879394680281,8751465252612365760,7381422041526990924,1,1,akt,
53156879394680281,1319008884709412394,7877160466076973101,1,1,akt,
53156879394680281,1690336024863823094,5821369294207078714,1,1,akt,
53156879394680281,2573860865530781591,1418680419447008469,1,1,akt,
53156879394680281,3539345220268085256,8053098255007046142,0,1,akt,
53156879394680281,4170256691848648433,8053098255007046142,1,1,akt,
53156879394680281,4793067411376953921,1418680419447008469,1,1,akt,
53156879394680281,6597283164751671943,2630166442278202703,1,1,akt,
53156879394680281,6743441571485687553,5761106556343021166,1,1,akt,
53156879394680281,7328063393532045800,1418680419447008469,1,1,akt,
53156879394680281,5595843663294468577,3220231712819306119,1,1,akt,
53156879394680281,1217036946970550577,5821369294207078714,1,1,akt,
53156879394680281,8756464069594048274,5761106556343021166,1,1,akt,
53156879394680281,9182476457325126021,2630166442278202703,1,1,akt,
53156879394680281,2017258454920880399,2349564142150083418,1,1,akt,
53156879394680281,2017258454920880399,1418680419447008469,1,1,akt,
53156879394680281,7304690776584785246,2349564142150083418,1,1,akt,
53156879394680281,7304690776584785246,1418680419447008469,1,1,akt,
53156879394680281,7790395076364332797,1418680419447008469,1,1,akt,
53156879394680281,157554714815648895,5761106556343021166,1,1,akt,
53156879394680281,2410338549246672997,2630166442278202703,1,1,akt,
53156879394680281,3620324870608451510,5761106556343021166,1,1,akt,
53156879394680281,594703706847499268,2630166442278202703,1,1,akt,
53156879394680281,3775426114325106060,2630166442278202703,1,1,akt,
53156879394680281,3922464109465709564,2630166442278202703,0,1,akt,
53156879394680281,3973362612645892720,7877160466076973101,1,1,akt,
53156879394680281,1121364116392304820,3977603873829794107,0,1,akt,
53156879394680281,11605490338460,3220231712819306119,1,1,akt,
53156879394680281,4505643652580096432,8903365289186067945,1,1,akt,
53156879394680281,8600282194503590507,7163156933085560357,0,1,akt,
53156879394680281,2919308449405755174,3977603873829794107,1,1,akt,
53156879394680281,6907244923739511590,8525319303741530302,1,1,akt,
53156879394680281,9220591475938744085,8525319303741530302,1,1,akt,
53156879394680281,3515011956403318829,3220231712819306119,1,1,akt,
53156879394680281,6237167959125509069,3220231712819306119,1,1,akt,
53156879394680281,8812623851443722209,6899671937378175901,1,1,akt,
53156879394680281,942468691310019851,6122766357667049422,1,1,akt,
53156879394680281,942468691310019851,6899671937378175901,1,1,akt,
53156879394680281,1864575249920351416,3220231712819306119,1,1,akt,
53156879394680281,5849714367412202626,3220231712819306119,1,1,akt,
53156879394680281,8225654767877445153,6985481760789785284,0,1,akt,
53156879394680281,1794751257144944189,1742185772413642127,1,1,akt,
53156879394680281,6407015680432941783,5797334606267118412,0,1,akt,
53156879394680281,3461647396539833282,1742185772413642127,1,1,akt,
53156879394680281,3461647396539833282,2042035842694401475,1,1,akt,
53156879394680281,4394589324902479775,1742185772413642127,1,1,akt,
53156879394680281,4394589324902479775,2042035842694401475,1,1,akt,
53156879394680281,8954796124191411637,1742185772413642127,1,1,akt,
53156879394680281,2008979487187357059,1856930371502693412,0,1,akt,
53156879394680281,8161041551138141528,1856930371502693412,1,1,akt,
53156879394680281,360134004740883987,1742185772413642127,1,1,akt,
53156879394680281,9203771242410328293,1742185772413642127,1,1,akt,
53156879394680281,660778374576920296,1742185772413642127,1,1,akt,
53156879394680281,660778374576920296,6038104030264466633,1,1,akt,
53156879394680281,7367733278036175273,1742185772413642127,1,1,akt,
53156879394680281,7367733278036175273,2042035842694401475,1,1,akt,
53156879394680281,7249722219392075512,8253624017608095921,0,1,akt,
53156879394680281,6798405681300303548,1726769798644809705,1,1,akt,
53156879394680281,278327630535823712,936324378259014250,1,1,akt,
53156879394680281,775355032693172961,3173554826801793204,0,1,akt,
53156879394680281,775355032693172961,5797334606267118412,0,1,akt,
53156879394680281,775355032693172961,7802467190713408940,0,1,akt,
53156879394680281,1979039847349885784,3697828395580602045,1,1,akt,
53156879394680281,4684889813680661459,3101224498948786626,0,1,akt,
53156879394680281,4684889813680661459,8253624017608095921,0,1,akt,
53156879394680281,5420156915283700555,3638162062903617806,0,1,akt,
53156879394680281,7930727088230072060,8253624017608095921,0,1,akt,
53156879394680281,590590093314666522,8253624017608095921,1,1,akt,
53156879394680281,600506725644254316,3638162062903617806,1,1,akt,
53156879394680281,5958355247302725045,3101224498948786626,1,1,akt,
53156879394680281,8412574286969789961,6829111499768831843,1,1,akt,
53156879394680281,1977550450114807733,1073629390141817738,1,1,akt,
53156879394680281,2693181881020862458,3173554826801793204,1,1,akt,
53156879394680281,2693181881020862458,3101224498948786626,1,1,akt,
53156879394680281,2693181881020862458,5215432518055670326,1,1,akt,
53156879394680281,2693181881020862458,8253624017608095921,1,1,akt,
53156879394680281,9077075825606000923,3101224498948786626,1,1,akt,
53156879394680281,9077075825606000923,3971525123056884045,1,1,akt,
53156879394680281,841359134425684008,1747455970233689502,1,1,akt,
53156879394680281,841359134425684008,594484301261397148,1,1,akt,
53156879394680281,7662947203480854565,594484301261397148,1,1,akt,
53156879394680281,9030594617295178947,594484301261397148,1,1,akt,
53156879394680281,500918486176261774,594484301261397148,1,1,akt,
53156879394680281,6716752416267324351,594484301261397148,1,1,akt,
53156879394680281,179115195542980967,594484301261397148,1,1,akt,
53156879394680281,1014268531007609705,157554714815648895,1,1,akt,
53156879394680281,1597683388091420498,594484301261397148,1,1,akt,
53156879394680281,1805233863060010564,594484301261397148,1,1,akt,
53156879394680281,5323872699137754545,1726769798644809705,1,1,akt,
53156879394680281,7788761949031551269,594484301261397148,1,1,akt,
53156879394680281,5246318558426489045,1942256407192639244,1,1,akt,
53156879394680281,3746345278993456279,2290575971915771862,1,1,akt,
53156879394680281,1121940775251872465,8575610639500092945,1,1,akt,
53156879394680281,479698173788854790,6829111499768831843,1,1,akt,
53156879394680281,1880268136768486916,6829111499768831843,1,1,akt,
53156879394680281,3143952276563629161,1942256407192639244,1,1,akt,
53156879394680281,727042050873976136,5536749322359707528,1,1,akt,
53156879394680281,1155914148622653541,5177537323723370804,0,1,akt,
53156879394680281,3051850923586600816,5177537323723370804,1,1,akt,
53156879394680281,493151224691644254,5352506090629549300,1,1,akt,
53156879394680281,337968536643918638,5177537323723370804,1,1,akt,
53156879394680281,4705117146192636764,5352506090629549300,0,1,akt,
53156879394680281,17368298824386454,8398942342651905271,1,1,akt,
53156879394680281,1349905028292941480,278327630535823712,1,1,akt,
53156879394680281,2880881243301059747,1084649001726918227,1,1,akt,
53156879394680281,8329990500825763282,2823547883153135285,1,1,akt,
53156879394680281,935391851954996198,775355032693172961,1,1,akt,
53156879394680281,1460964054347211376,8398942342651905271,1,1,akt,
53156879394680281,2407881065770627818,8367424958112124046,1,1,akt,
53156879394680281,2648677987279156219,775355032693172961,1,1,akt,
53156879394680281,4963196153483966673,8398942342651905271,1,1,akt,
53156879394680281,5039956646084470945,8367424958112124046,1,1,akt,
53156879394680281,734369966340828072,8398942342651905271,1,1,akt,
53156879394680281,2668986509196957443,775355032693172961,1,1,akt,
53156879394680281,4448951766033134818,775355032693172961,1,1,akt,
53156879394680281,4898300951238038706,8398942342651905271,1,1,akt,
53156879394680281,5799546763837173307,8398942342651905271,1,1,akt,
53156879394680281,7213597202607318380,7066177705708566569,1,1,akt,
53156879394680281,7213597202607318380,775355032693172961,1,1,akt,
53156879394680281,8433182589722869111,8398942342651905271,1,1,akt,
53156879394680281,8871299454202689435,8398942342651905271,1,1,akt,
53156879394680281,7774449722279171250,4607388048970825422,0,1,akt,
53156879394680281,2006404817126484696,1979039847349885784,0,1,akt,
53156879394680281,3762131394832108634,8398942342651905271,1,1,akt,
53156879394680281,7466832767985130550,775355032693172961,0,1,akt,
53156879394680281,545945498259535928,7564569009553397433,1,1,akt,
53156879394680281,4742075267188371469,7564569009553397433,1,1,akt,
53156879394680281,7753061105349521958,7564569009553397433,1,1,akt,
53156879394680281,6019913041939109516,7564569009553397433,1,1,akt,
53156879394680281,7575330518282793474,7564569009553397433,1,1,akt,
53156879394680281,8073309323246448334,7564569009553397433,1,1,akt,
53156879394680281,1934250679628835730,4733361693292903482,1,1,akt,
53156879394680281,2145474496162249753,7564569009553397433,1,1,akt,
53156879394680281,2562361660288430452,7564569009553397433,1,1,akt,
53156879394680281,3019946043991959998,7564569009553397433,1,1,akt,
53156879394680281,4166601921251175363,7564569009553397433,1,1,akt,
53156879394680281,4400279827781004249,7564569009553397433,1,1,akt,
53156879394680281,4676325371326570818,7564569009553397433,1,1,akt,
53156879394680281,6882742412592619173,7564569009553397433,1,1,akt,
53156879394680281,4076081174105320470,7564569009553397433,1,1,akt,
53156879394680281,5352506090629549300,7564569009553397433,0,1,akt,
53156879394680281,8950070277425661346,7564569009553397433,1,1,akt,
53156879394680281,181670187961925864,2500372166686333823,1,1,akt,
53156879394680281,866006565581287867,2500372166686333823,1,1,akt,
53156879394680281,6471369570750938294,2500372166686333823,1,1,akt,
53156879394680281,770752149134837335,227262282044896366,1,1,akt,
53156879394680281,5188721881697040738,2500372166686333823,1,1,akt,
53156879394680281,6271146161038271539,2500372166686333823,1,1,akt,
53156879394680281,144146642522402257,4607388048970825422,0,1,akt,
53156879394680281,2485515930093603316,7693950217059964086,1,1,akt,
53156879394680281,3472205429077447983,7693950217059964086,1,1,akt,
53156879394680281,3876016552698753849,7693950217059964086,1,1,akt,
53156879394680281,3898525335318383155,7430095633397685637,1,1,akt,
53156879394680281,5640743979928098033,7693950217059964086,1,1,akt,
53156879394680281,6619855574343390639,7693950217059964086,1,1,akt,
53156879394680281,6856589186755316835,7693950217059964086,1,1,akt,
53156879394680281,306816872576014192,2370388050227613634,1,1,akt,
53156879394680281,306816872576014192,203249956262720720,1,1,akt,
53156879394680281,1853359520739655599,1977550450114807733,1,1,akt,
53156879394680281,4459422308844060723,1977550450114807733,1,1,akt,
53156879394680281,4035561783367093525,48845589028730822,1,1,akt,
53156879394680281,5882219327983017684,7113092374842565865,1,1,akt,
53156879394680281,3404678854167487257,2240774251905964566,0,1,akt,
53156879394680281,3404678854167487257,2419480025146918610,0,1,akt,
53156879394680281,5655530496388354586,6166840127928669213,1,1,akt,
53156879394680281,5655530496388354586,8459983029464640909,1,1,akt,
53156879394680281,8014713635412539029,2160797765405831572,1,1,akt,
53156879394680281,8014713635412539029,6099673787824828708,1,1,akt,
53156879394680281,8199904869688839271,5639769407267706829,1,1,akt,
53156879394680281,3051782208752463242,2098409895490789901,1,1,akt,
53156879394680281,8457451826951989165,1639416985777663729,1,1,akt,
53156879394680281,1971037468289839309,5841359775533910823,1,1,akt,
53156879394680281,1971037468289839309,5405953385245894923,1,1,akt,
53156879394680281,8646396182761933454,4378721629787482518,1,1,akt,
53156879394680281,2420520599624494102,2083452711903133430,1,1,akt,
53156879394680281,402270891867155526,5218341511830803388,1,1,akt,
53156879394680281,1073278059479288931,8804835143599550923,1,1,akt,
53156879394680281,2158718856131309344,1438833197930244504,1,1,akt,
53156879394680281,2799751168205778265,6847502242749017216,1,1,akt,
53156879394680281,3535210327613631103,5218341511830803388,0,1,akt,
53156879394680281,4074566457053766524,6847502242749017216,1,1,akt,
53156879394680281,5962416131504756619,3967320573372768823,1,1,akt,
53156879394680281,6111224647508314577,8804835143599550923,1,1,akt,
53156879394680281,1730941688182855745,8628686323660025649,1,1,akt,
53156879394680281,5226329595444562138,950578831566646851,1,1,akt,
53156879394680281,8144376941144135881,2083452711903133430,1,1,akt,
53156879394680281,3266804489525742743,8804835143599550923,0,1,akt,
53156879394680281,7799247829759841629,3967320573372768823,0,1,akt,
53156879394680281,9094679144243607343,8804835143599550923,0,1,akt,
53156879394680281,5955789482013388937,5218341511830803388,1,1,akt,
53156879394680281,8172358337501826233,5218341511830803388,1,1,akt,
53156879394680281,8595824148755489441,3967320573372768823,1,1,akt,
58586918308031629,2224509487783230694,17368298824386454,0,1,akt,
58586918308031629,4389874806525329152,17368298824386454,1,1,akt,
58586918308031629,8048688556918675420,4963196153483966673,1,1,akt,
58586918308031629,3386664800761312538,1061301253559417093,1,1,akt,
58586918308031629,5936194233197134928,8952147277934020296,1,1,akt,
58586918308031629,8864809465971284028,2042035842694401475,1,1,akt,
58586918308031629,2617896377082299948,265024722754351077,1,1,akt,
58586918308031629,7312291969267315939,1528367322763859649,0,1,akt,
58586918308031629,7433909518649792585,8637767708838786270,1,1,akt,
58586918308031629,2612080364586385274,4654090348491357037,0,1,akt,
58586918308031629,5669444133919801886,3896176223871121243,0,1,akt,
58586918308031629,8019374166378005495,3896176223871121243,0,1,akt,
58586918308031629,5340066324121168302,3018317019676942629,1,1,akt,
58586918308031629,5828402920911886260,3018317019676942629,1,1,akt,
58586918308031629,6486630054478318040,1761868641361943332,0,1,akt,
58586918308031629,6517113776429692278,1761868641361943332,0,1,akt,
58586918308031629,997401210611158440,287641116298515468,1,1,akt,
58586918308031629,2725078147122156143,5282831772502765195,0,1,akt,
58586918308031629,8879857825588577091,578064138689923259,1,1,akt,
58586918308031629,3710412657629285952,6945730151184930199,1,1,akt,
58586918308031629,5979778815767053096,5595843663294468577,0,1,akt,
58586918308031629,9016849573897402781,3586178338192106934,0,1,akt,
58586918308031629,5087258887760735451,8053098255007046142,1,1,akt,
58586918308031629,3922292972343740971,4644364625800006675,1,1,akt,
58586918308031629,7238742648168385675,6496413965580900652,0,1,akt,
58586918308031629,9028867006689148622,578064138689923259,1,1,akt,
58586918308031629,243133300813796695,461444768761955221,1,1,akt,
58586918308031629,4896258135918732820,8637767708838786270,1,1,akt,
58586918308031629,5499399057662943166,643887371950613900,1,1,akt,
58586918308031629,3804594993398312246,1084649001726918227,1,1,akt,
58586918308031629,5918562874590628656,8053098255007046142,1,1,akt,
58586918308031629,1073095363173287796,8053098255007046142,1,1,akt,
58586918308031629,1277598461458419469,8053098255007046142,1,1,akt,
58586918308031629,4369619279285999524,3005237573196022570,1,1,akt,
58586918308031629,2349564142150083418,1418680419447008469,1,1,akt,
58586918308031629,7790395076364332797,1418680419447008469,0,1,akt,
58586918308031629,4673251815109646473,1418680419447008469,1,1,akt,
58586918308031629,1808587128641117349,3377267194089423700,1,1,akt,
58586918308031629,5124179633482374823,8053098255007046142,1,1,akt,
58586918308031629,157554714815648895,5761106556343021166,0,1,akt,
58586918308031629,4723272024150471783,2630166442278202703,1,1,akt,
58586918308031629,8571634011969914262,5761106556343021166,1,1,akt,
58586918308031629,3708096476104167317,4981016869870220101,1,1,akt,
58586918308031629,8976951557060279940,8194071366621068887,0,1,akt,
58586918308031629,6237167959125509069,3220231712819306119,1,1,akt,
58586918308031629,8812623851443722209,6899671937378175901,1,1,akt,
58586918308031629,2008979487187357059,1856930371502693412,0,1,akt,
58586918308031629,8161041551138141528,1856930371502693412,1,1,akt,
58586918308031629,3140761671951869424,1742185772413642127,1,1,akt,
58586918308031629,3140761671951869424,6038104030264466633,1,1,akt,
58586918308031629,5625697423690928103,1742185772413642127,1,1,akt,
58586918308031629,7630379664205678633,6907244923739511590,1,1,akt,
58586918308031629,7630379664205678633,6237167959125509069,1,1,akt,
58586918308031629,1794751257144944189,1742185772413642127,1,1,akt,
58586918308031629,4405682436302717938,6440511557387709110,0,1,akt,
58586918308031629,513429567782826768,1742185772413642127,0,1,akt,
58586918308031629,2226818480359220255,6907244923739511590,0,1,akt,
58586918308031629,8615182880101844432,1742185772413642127,1,1,akt,
58586918308031629,6706781699570251196,7137985937186816118,1,1,akt,
58586918308031629,6739715107972626732,7877160466076973101,1,1,akt,
58586918308031629,354411700963014883,5821369294207078714,1,1,akt,
58586918308031629,1360374853387203450,7877160466076973101,1,1,akt,
58586918308031629,1518385824896319498,5761106556343021166,1,1,akt,
58586918308031629,832534194201133232,7877160466076973101,1,1,akt,
58586918308031629,2501041069184211901,7007912644773896868,1,1,akt,
58586918308031629,8024183149012971442,8411083447093008841,1,1,akt,
58586918308031629,1690336024863823094,5821369294207078714,1,1,akt,
58586918308031629,2088438600867931848,1418680419447008469,1,1,akt,
58586918308031629,3984083039239139880,5940889310070452911,1,1,akt,
58586918308031629,8051978630550418482,3018317019676942629,1,1,akt,
58586918308031629,8524604848304324783,8903365289186067945,1,1,akt,
58586918308031629,4544030259182190813,4981016869870220101,1,1,akt,
58586918308031629,7129272543855287814,8130046184368887376,1,1,akt,
58586918308031629,1235993878437992711,1418680419447008469,1,1,akt,
58586918308031629,916429541510085675,1856930371502693412,1,1,akt,
58586918308031629,4076380924557459181,7137985937186816118,1,1,akt,
58586918308031629,3056470083190367141,7137985937186816118,1,1,akt,
58586918308031629,5928022168098019889,7137985937186816118,1,1,akt,
58586918308031629,998793574118805393,8525319303741530302,1,1,akt,
58586918308031629,998793574118805393,3220231712819306119,1,1,akt,
58586918308031629,2297770145194930105,1418680419447008469,1,1,akt,
58586918308031629,2297770145194930105,6991438656570525226,1,1,akt,
58586918308031629,3027910507063345763,3977603873829794107,1,1,akt,
58586918308031629,3586178338192106934,8903365289186067945,1,1,akt,
58586918308031629,4198753713458395523,3005237573196022570,1,1,akt,
58586918308031629,6135862807374475718,8053098255007046142,1,1,akt,
58586918308031629,6757207132018511691,3220231712819306119,0,1,akt,
58586918308031629,7070303046879974489,1418680419447008469,1,1,akt,
58586918308031629,2053002886922888674,594484301261397148,1,1,akt,
58586918308031629,4916832202762257931,7671015736082524759,1,1,akt,
58586918308031629,5246318558426489045,1942256407192639244,1,1,akt,
58586918308031629,190304769087812475,5536749322359707528,1,1,akt,
58586918308031629,1090696184056870259,5536749322359707528,1,1,akt,
58586918308031629,3712398040798988323,5177537323723370804,1,1,akt,
58586918308031629,3712398040798988323,5177537323723370804,1,1,akt,
58586918308031629,450133410186216686,3101224498948786626,1,1,akt,
58586918308031629,450133410186216686,8253624017608095921,1,1,akt,
58586918308031629,817497729119903822,6960909409775484798,1,1,akt,
58586918308031629,1195479356346609178,6829111499768831843,1,1,akt,
58586918308031629,2637350930795825735,8253624017608095921,1,1,akt,
58586918308031629,3060663165919615118,6829111499768831843,1,1,akt,
58586918308031629,3440364901634643198,936324378259014250,1,1,akt,
58586918308031629,5186025102554750265,594484301261397148,1,1,akt,
58586918308031629,5344579255201946165,594484301261397148,0,1,akt,
58586918308031629,6137091471972937261,727042050873976136,1,1,akt,
58586918308031629,8323354724098452337,1742185772413642127,1,1,akt,
58586918308031629,1406665733060085267,594484301261397148,1,1,akt,
58586918308031629,3075412557842698415,6829111499768831843,1,1,akt,
58586918308031629,3320383070238887955,3101224498948786626,1,1,akt,
58586918308031629,3320383070238887955,8253624017608095921,1,1,akt,
58586918308031629,727042050873976136,5536749322359707528,1,1,akt,
58586918308031629,1155914148622653541,5177537323723370804,1,1,akt,
58586918308031629,3051850923586600816,5177537323723370804,1,1,akt,
58586918308031629,936038950696665693,5177537323723370804,1,1,akt,
58586918308031629,936038950696665693,3179841074490041064,1,1,akt,
58586918308031629,967112819663636689,5177537323723370804,1,1,akt,
58586918308031629,3746345278993456279,2290575971915771862,1,1,akt,
58586918308031629,190304769087812475,5536749322359707528,1,1,akt,
58586918308031629,5289599872739310558,594484301261397148,1,1,akt,
58586918308031629,8877405682565715124,6829111499768831843,1,1,akt,
58586918308031629,4462640131271493571,8575610639500092945,1,1,akt,
58586918308031629,6399061347909662674,2823547883153135285,0,1,akt,
58586918308031629,9083169879347368281,2823547883153135285,1,1,akt,
58586918308031629,1191067507997205338,6421511779947974192,1,1,akt,
58586918308031629,2843989185238848245,2823547883153135285,1,1,akt,
58586918308031629,7261138289125803044,8575610639500092945,1,1,akt,
58586918308031629,6390249438164449867,8575610639500092945,1,1,akt,
58586918308031629,7083997264682603523,8575610639500092945,1,1,akt,
58586918308031629,7918024681864937071,8575610639500092945,1,1,akt,
58586918308031629,1349905028292941480,278327630535823712,1,1,akt,
58586918308031629,2880881243301059747,1084649001726918227,1,1,akt,
58586918308031629,2880881243301059747,1084649001726918227,1,1,akt,
58586918308031629,8329990500825763282,2823547883153135285,0,1,akt,
58586918308031629,6282894021140070277,8398942342651905271,1,1,akt,
58586918308031629,2648677987279156219,775355032693172961,1,1,akt,
58586918308031629,5039956646084470945,8367424958112124046,1,1,akt,
58586918308031629,1349905028292941480,278327630535823712,1,1,akt,
58586918308031629,2081742258943646658,6829111499768831843,1,1,akt,
58586918308031629,4820414699297091105,5536749322359707528,1,1,akt,
58586918308031629,4820414699297091105,855094277003771932,1,1,akt,
58586918308031629,4713908173856393128,8398942342651905271,1,1,akt,
58586918308031629,6312257397035001590,775355032693172961,1,1,akt,
58586918308031629,2006404817126484696,1979039847349885784,1,1,akt,
58586918308031629,3762131394832108634,8398942342651905271,1,1,akt,
58586918308031629,3762131394832108634,8398942342651905271,1,1,akt,
58586918308031629,7466832767985130550,775355032693172961,1,1,akt,
58586918308031629,1040034447373431885,7564569009553397433,1,1,akt,
58586918308031629,113348629812797295,7564569009553397433,1,1,akt,
58586918308031629,7575330518282793474,7564569009553397433,1,1,akt,
58586918308031629,8073309323246448334,7564569009553397433,1,1,akt,
58586918308031629,545945498259535928,7564569009553397433,1,1,akt,
58586918308031629,4742075267188371469,7564569009553397433,1,1,akt,
58586918308031629,7753061105349521958,7564569009553397433,1,1,akt,
58586918308031629,7543648713505373031,775355032693172961,1,1,akt,
58586918308031629,8145152952587609407,278327630535823712,1,1,akt,
58586918308031629,2119257897792516254,7564569009553397433,1,1,akt,
58586918308031629,2436410595621184995,7564569009553397433,1,1,akt,
58586918308031629,7271679498218995541,7564569009553397433,1,1,akt,
58586918308031629,4076081174105320470,7564569009553397433,1,1,akt,
58586918308031629,4076081174105320470,7564569009553397433,1,1,akt,
58586918308031629,5352506090629549300,7564569009553397433,0,1,akt,
58586918308031629,8950070277425661346,7564569009553397433,1,1,akt,
58586918308031629,770752149134837335,227262282044896366,0,1,akt,
58586918308031629,5188721881697040738,2500372166686333823,1,1,akt,
58586918308031629,6271146161038271539,2500372166686333823,1,1,akt,
58586918308031629,5479342375985971806,2500372166686333823,1,1,akt,
58586918308031629,5723321967150462344,4607388048970825422,1,1,akt,
58586918308031629,6563127272644620789,2500372166686333823,1,1,akt,
58586918308031629,1520355337738888756,8575610639500092945,1,1,akt,
58586918308031629,3558017197826590616,8398942342651905271,0,1,akt,
58586918308031629,4971898752437058564,7564569009553397433,1,1,akt,
58586918308031629,181670187961925864,2500372166686333823,1,1,akt,
58586918308031629,3140331371930536477,7430095633397685637,1,1,akt,
58586918308031629,6471369570750938294,2500372166686333823,1,1,akt,
58586918308031629,1117173726155222359,2823547883153135285,1,1,akt,
58586918308031629,2451222051871191446,8398942342651905271,1,1,akt,
58586918308031629,2542044246786035564,5177537323723370804,1,1,akt,
58586918308031629,4160767938269531968,8940427232721233266,1,1,akt,
58586918308031629,4160767938269531968,7430095633397685637,1,1,akt,
58586918308031629,5537119003451292976,5536749322359707528,1,1,akt,
58586918308031629,5537119003451292976,5177537323723370804,1,1,akt,
58586918308031629,5957743473292917104,8021260812906271597,1,1,akt,
58586918308031629,6513335129575965418,7564569009553397433,1,1,akt,
58586918308031629,6798843162480433764,8398942342651905271,1,1,akt,
58586918308031629,8261339545342202233,278327630535823712,1,1,akt,
58586918308031629,9159089910588972080,7564569009553397433,1,1,akt,
58586918308031629,306816872576014192,2370388050227613634,1,1,akt,
58586918308031629,306816872576014192,203249956262720720,1,1,akt,
58586918308031629,1853359520739655599,1977550450114807733,1,1,akt,
58586918308031629,1853359520739655599,1977550450114807733,1,1,akt,
58586918308031629,4459422308844060723,1977550450114807733,1,1,akt,
58586918308031629,4142226920023435752,1319354917418119610,1,1,akt,
58586918308031629,4142226920023435752,5639769407267706829,1,1,akt,
58586918308031629,306816872576014192,2370388050227613634,1,1,akt,
58586918308031629,306816872576014192,203249956262720720,1,1,akt,
58586918308031629,1853359520739655599,1977550450114807733,1,1,akt,
58586918308031629,4459422308844060723,1977550450114807733,1,1,akt,
58586918308031629,5882219327983017684,7113092374842565865,1,1,akt,
58586918308031629,7796290305159988749,48845589028730822,1,1,akt,
58586918308031629,3137298029685116605,5639769407267706829,1,1,akt,
58586918308031629,7451062864603726372,7113092374842565865,1,1,akt,
58586918308031629,7609016773347249243,5639769407267706829,1,1,akt,
58586918308031629,1842216458801867100,4054327785515237713,1,1,akt,
58586918308031629,5157498106814022360,3755360326898657107,1,1,akt,
58586918308031629,5157498106814022360,4054327785515237713,1,1,akt,
58586918308031629,3328120208071131158,1639416985777663729,1,1,akt,
58586918308031629,3328120208071131158,4486687310278624666,1,1,akt,
58586918308031629,5212433577847969047,4054327785515237713,1,1,akt,
58586918308031629,6108091120767529240,1639416985777663729,1,1,akt,
58586918308031629,6136197739877716460,6166840127928669213,1,1,akt,
58586918308031629,6827114036858291371,1319354917418119610,1,1,akt,
58586918308031629,8409094004193965575,627168865907866627,1,1,akt,
58586918308031629,1546170515203119588,4054327785515237713,1,1,akt,
58586918308031629,4568239595003290962,2693181881020862458,1,1,akt,
58586918308031629,8246631950094453533,1639416985777663729,1,1,akt,
58586918308031629,1913858777833276236,7601972610929176126,1,1,akt,
58586918308031629,5328584024831721836,8628686323660025649,1,1,akt,
58586918308031629,5718176274094475687,5405953385245894923,1,1,akt,
58586918308031629,402633508483657024,8956949829196379438,1,1,akt,
58586918308031629,2337601666736232616,8956949829196379438,1,1,akt,
58586918308031629,9123241646170176005,5218341511830803388,1,1,akt,
58586918308031629,4834004108086331863,8628686323660025649,0,1,akt,
58586918308031629,4834004108086331863,8628686323660025649,0,1,akt,
58586918308031629,5226329595444562138,950578831566646851,1,1,akt,
58586918308031629,8144376941144135881,2083452711903133430,1,1,akt,
58586918308031629,9080645718051253086,6847502242749017216,1,1,akt,
58586918308031629,8853287378494296985,1639416985777663729,1,1,akt,
58586918308031629,7042327464390583551,8956949829196379438,1,1,akt,
58586918308031629,8527058876488041257,4180930233757914502,1,1,akt,
58586918308031629,117405484001421729,6798405681300303548,0,1,akt,
58586918308031629,3964717932647789271,2053002886922888674,1,1,akt,
58586918308031629,3964717932647789271,2053002886922888674,1,1,akt,
58586918308031629,4691114534239090999,1525757407988365380,1,1,akt,
58586918308031629,1513602965430340754,1553079256999111676,1,1,akt,
58586918308031629,4996134718403181056,8450591260754163598,1,1,akt,
58586918308031629,4996134718403181056,2087380862434172594,1,1,akt,
58586918308031629,6448878689919950952,3157518658218824219,1,1,akt,
58586918308031629,5102720350314034177,8450591260754163598,1,1,akt,
58586918308031629,5102720350314034177,8450591260754163598,1,1,akt,
58586918308031629,6375336495150343264,1553079256999111676,1,1,akt,
58586918308031629,8810730401749115346,2087380862434172594,0,1,akt,
58586918308031629,4837435113414834930,6949811205411410448,0,1,akt,
58586918308031629,6779079609411923954,4932081828363820241,0,1,akt,
58586918308031629,8392765289363313686,6949811205411410448,1,1,akt,
58586918308031629,9108443622697768153,6949811205411410448,1,1,akt,
58586918308031629,5102720350314034177,8450591260754163598,1,1,akt,
58586918308031629,6375336495150343264,1553079256999111676,1,1,akt,
58586918308031629,8810730401749115346,2087380862434172594,1,1,akt,
58586918308031629,863705057526759210,6949811205411410448,0,1,akt,
58586918308031629,4712756308788708185,6949811205411410448,1,1,akt,
58586918308031629,8533929068638914291,6949811205411410448,1,1,akt,
58586918308031629,2572733006035748879,6949811205411410448,0,1,akt,
58586918308031629,8121458305622882615,6949811205411410448,1,1,akt,
58586918308031629,4809348059161297068,8450591260754163598,1,1,akt,
58586918308031629,4825323905369884149,1553079256999111676,1,1,akt,
58586918308031629,8294489578802282743,2087380862434172594,0,1,akt,
58586918308031629,117405484001421729,6798405681300303548,1,1,akt,
58586918308031629,3964717932647789271,2053002886922888674,1,1,akt,
58586918308031629,4691114534239090999,1525757407988365380,1,1,akt,
58586918308031629,1076669225680131132,1525757407988365380,1,1,akt,
58586918308031629,1119751159587497360,965465494080659646,1,1,akt,
58586918308031629,3065176999601280231,1553079256999111676,1,1,akt,
58586918308031629,3745706071863450450,2087380862434172594,1,1,akt,
58586918308031629,4156334156109476774,6847502242749017216,1,1,akt,
58586918308031629,4749096023944389123,8450591260754163598,1,1,akt,
58586918308031629,4843291169381869696,3967320573372768823,1,1,akt,
58586918308031629,8127700523446527598,6949811205411410448,1,1,akt,
58586918308031629,637540744168268198,2412386674616941727,1,1,akt,
58586918308031629,1942728040884106299,2412386674616941727,1,1,akt,
58586918308031629,1831749923487290624,2240774251905964566,1,1,akt,
58586918308031629,3609734615175578277,2240774251905964566,1,1,akt,
58586918308031629,4388525608718222014,2240774251905964566,1,1,akt,
58586918308031629,4388525608718222014,1638799697749911200,1,1,akt,
58586918308031629,669415714538453650,2412386674616941727,1,1,akt,
58586918308031629,2195678398726896164,4330535035378193740,1,1,akt,
58586918308031629,136342926362060034,4474026859818477437,1,1,akt,
58586918308031629,254889314520768006,2412386674616941727,1,1,akt,
58586918308031629,9181927448682982758,2412386674616941727,1,1,akt,
58586918308031629,4215424044551223613,2412386674616941727,1,1,akt,
58586918308031629,4403133428956178902,2412386674616941727,1,1,akt,
58586918308031629,5319011735380609624,4474026859818477437,1,1,akt,
58586918308031629,724934922726023477,8751465252612365760,1,1,akt,
58586918308031629,3473342526983332611,4526863928383273751,1,1,akt,
58586918308031629,5924479089707711920,4526863928383273751,1,1,akt,
58586918308031629,3356952560767624663,4526863928383273751,1,1,akt,
58586918308031629,7802053608972128251,4526863928383273751,1,1,akt,
58586918308031629,4407149537030942685,4526863928383273751,1,1,akt,
58586918308031629,4407149537030942685,4526863928383273751,1,1,akt,
58586918308031629,4417909438330291766,6256368340148503862,1,1,akt,
58586918308031629,1170349867835578349,8257095676522850515,1,1,akt,
58586918308031629,7030681768082481430,8019950075815571462,1,1,akt,
58586918308031629,9213632887600069431,8257095676522850515,1,1,akt,
58586918308031629,868259508469978120,2527237414009188471,1,1,akt,
58586918308031629,4340198400009068807,8412574286969789961,1,1,akt,
58586918308031629,4983201600057156287,8257095676522850515,1,1,akt,
58586918308031629,2680402074871361480,8257095676522850515,1,1,akt,
58586918308031629,6452557844992668973,8257095676522850515,1,1,akt,
58586918308031629,1374602632651399802,8257095676522850515,1,1,akt,
58586918308031629,2457868973054174420,8257095676522850515,1,1,akt,
58586918308031629,2568707154491466498,2527237414009188471,1,1,akt,
58586918308031629,1374602632651399802,8257095676522850515,1,1,akt,
58586918308031629,2457868973054174420,8257095676522850515,1,1,akt,
58586918308031629,2568707154491466498,2527237414009188471,1,1,akt,
58586918308031629,1864681074045346598,3823348261283868936,1,1,akt,
58586918308031629,5216038448734267549,3823348261283868936,1,1,akt,
58586918308031629,7172996842918330814,3005237573196022570,1,1,akt,
58586918308031629,7172996842918330814,3521847891710846645,1,1,akt,
58586918308031629,4616744173612466444,479698173788854790,1,1,akt,
58586918308031629,8525556663233406399,4355865024520386185,1,1,akt,
58586918308031629,9032341549923927226,7249722219392075512,1,1,akt,
58586918308031629,3922110250662496161,3823348261283868936,1,1,akt,
58586918308031629,6683578245725279512,3823348261283868936,1,1,akt,
58586918308031629,3401752731676851815,5940889310070452911,0,1,akt,
58586918308031629,3984083039239139880,5940889310070452911,1,1,akt,
58586918308031629,1687265578517607180,2774368076249802464,1,1,akt,
58586918308031629,1687265578517607180,2240774251905964566,1,1,akt,
58586918308031629,6075423682824025943,5940889310070452911,1,1,akt,
58586918308031629,2858423625938753048,8965242899239828151,1,1,akt,
58586918308031629,2858423625938753048,4355865024520386185,1,1,akt,
58586918308031629,3270258443456955791,3823348261283868936,1,1,akt,
58586918308031629,424195093401935109,4526863928383273751,1,1,akt,
58586918308031629,2860920530175975535,4355865024520386185,1,1,akt,
58586918308031629,7567371689250742995,5940889310070452911,1,1,akt,
58586918308031629,1448027844904207214,8952147277934020296,1,1,akt,
58586918308031629,5307649011897770274,8903365289186067945,1,1,akt,
58586918308031629,5307649011897770274,7137985937186816118,1,1,akt,
58586918308031629,7061488257467477665,8952147277934020296,1,1,akt,
58586918308031629,7868759169640911162,727042050873976136,1,1,akt,
58586918308031629,3391357124100173216,7137985937186816118,1,1,akt,
58586918308031629,3391357124100173216,7802467190713408940,1,1,akt,
58586918308031629,1269744872096353592,3204183443604364643,1,1,akt,
58586918308031629,7396464520628537623,7802467190713408940,1,1,akt,
58586918308031629,9063856950781488679,3971525123056884045,1,1,akt,
58586918308031629,436997731357369002,7802467190713408940,1,1,akt,
58586918308031629,6407015680432941783,5797334606267118412,1,1,akt,
58586918308031629,7061488257467477665,8952147277934020296,1,1,akt,
58586918308031629,4305730207960127256,727042050873976136,1,1,akt,
58586918308031629,6280585725948257772,5797334606267118412,1,1,akt,
58586918308031629,6801308582338785315,2014268979504181100,1,1,akt,
58586918308031629,6801308582338785315,359472342153919339,1,1,akt,
58586918308031629,7248528123020952415,3973362612645892720,1,1,akt,
58586918308031629,2868618692388565290,300471914551172981,1,1,akt,
58586918308031629,2868618692388565290,3973362612645892720,1,1,akt,
58586918308031629,2740915949202474591,7080375583498690711,0,1,akt,
58586918308031629,4724196928371443949,1651060061902010516,1,1,akt,
58586918308031629,5313775679214197120,300471914551172981,1,1,akt,
58586918308031629,349001610909101374,2014268979504181100,1,1,akt,
58586918308031629,8821362713528850592,3973362612645892720,1,1,akt,
58586918308031629,8851715748611627616,2014268979504181100,1,1,akt,
58586918308031629,4173298925885015858,3971525123056884045,1,1,akt,
58586918308031629,4654460341639747107,5797334606267118412,1,1,akt,
58586918308031629,6954638006308017606,1073629390141817738,1,1,akt,
58586918308031629,2306006632349364332,1651060061902010516,1,1,akt,
58586918308031629,7248903972195788289,461444768761955221,1,1,akt,
58586918308031629,7248903972195788289,816286915455981984,1,1,akt,
58586918308031629,282468254407962637,1651060061902010516,1,1,akt,
58586918308031629,3073353602027142980,8573800373938698102,1,1,akt,
58586918308031629,6874087588793662221,816286915455981984,1,1,akt,
58586918308031629,776146406633386650,3712398040798988323,1,1,akt,
58586918308031629,776146406633386650,7795138037346182807,1,1,akt,
58586918308031629,776146406633386650,1742185772413642127,1,1,akt,
58586918308031629,218948788446300858,1742185772413642127,1,1,akt,
58586918308031629,3078421359782078426,1742185772413642127,1,1,akt,
58586918308031629,1664201055941281353,190304769087812475,1,1,akt,
58586918308031629,2487946395700780553,5483772617844162674,1,1,akt,
58586918308031629,5931082298064440119,3712398040798988323,1,1,akt,
58586918308031629,5931082298064440119,7795138037346182807,1,1,akt,
58586918308031629,5931082298064440119,1742185772413642127,1,1,akt,
58586918308031629,6146385282599102287,1651060061902010516,1,1,akt,
58586918308031629,7353831867200563003,3973362612645892720,1,1,akt,
58586918308031629,7721624648022640439,2014268979504181100,1,1,akt,
58586918308031629,1283160393561241846,3712398040798988323,1,1,akt,
58586918308031629,1283160393561241846,7795138037346182807,1,1,akt,
58586918308031629,1283160393561241846,1742185772413642127,1,1,akt,
58586918308031629,7237352591206535303,4147399948521361923,1,1,akt,
58586918308031629,1572654879233698438,325754291254371692,1,1,akt,
58586918308031629,6962098472942264034,5841359775533910823,1,1,akt,
58586918308031629,2077889144686882393,456878871009050454,1,1,akt,
58586918308031629,2077889144686882393,9023137825787198513,1,1,akt,
58586918308031629,4100294287141809641,2497511940249172937,1,1,akt,
58586918308031629,8230232076200163170,1742185772413642127,1,1,akt,
58586918308031629,8844825121165908914,5483772617844162674,1,1,akt,
58586918308031629,7836239570515567423,456878871009050454,1,1,akt,
58586918308031629,1286827730621926626,9023137825787198513,1,1,akt,
58586918308031629,5563821932250230450,4217300911507384862,1,1,akt,
58586918308031629,8392500195579636452,325754291254371692,1,1,akt,
58586918308031629,8392500195579636452,456878871009050454,1,1,akt,
58586918308031629,378760448603611421,3386664800761312538,1,1,akt,
58586918308031629,8600256724858752748,3386664800761312538,1,1,akt,
58586918308031629,8194173037602591187,1121940775251872465,1,1,akt,
58586918308031629,4529173171448130473,4403133428956178902,0,1,akt,
58586918308031629,1286827730621926626,9023137825787198513,1,1,akt,
58586918308031629,5563821932250230450,4217300911507384862,1,1,akt,
58586918308031629,8392500195579636452,325754291254371692,1,1,akt,
58586918308031629,8392500195579636452,456878871009050454,1,1,akt,
58586918308031629,4610094985684788800,3386664800761312538,1,1,akt,
58586918308031629,4610094985684788800,7802467190713408940,1,1,akt,
58586918308031629,6591325405173535149,3386664800761312538,1,1,akt,
58586918308031629,7927475417426798988,3386664800761312538,1,1,akt,
58586918308031629,8711591128103277677,1121940775251872465,1,1,akt,
67551932971067288,6150850916456291816,2823547883153135285,1,1,akt,
67551932971067288,148483031885960388,4729501326174050864,0,1,akt,
67551932971067288,7173901711990274646,4526863928383273751,1,1,akt,
67551932971067288,1637919491509576270,8575610639500092945,0,1,akt,
67551932971067288,7586521750743411332,2823547883153135285,0,1,akt,
67551932971067288,1137548110942588872,2823547883153135285,0,1,akt,
67551932971067288,6062856374210802332,6421511779947974192,0,1,akt,
67551932971067288,7352297105888124102,6421511779947974192,0,1,akt,
67551932971067288,2482621849715251179,703599217093634705,1,1,akt,
67551932971067288,3829457076752395651,703599217093634705,0,1,akt,
67551932971067288,6452103335944941746,3823348261283868936,0,1,akt,
67551932971067288,1404775528059300554,3823348261283868936,1,1,akt,
67551932971067288,6289191054585870467,5287993638298451617,1,1,akt,
67551932971067288,183785263154883249,4355865024520386185,1,1,akt,
67551932971067288,5387696271310594677,3823348261283868936,1,1,akt,
67551932971067288,169189976426384337,8053098255007046142,1,1,akt,
67551932971067288,6749878924505021769,8053098255007046142,1,1,akt,
67551932971067288,5719067168967047448,8053098255007046142,1,1,akt,
67551932971067288,697982920437075837,8053098255007046142,0,1,akt,
67551932971067288,697982920437075837,816286915455981984,0,1,akt,
67551932971067288,1465663186901220470,4355865024520386185,0,1,akt,
67551932971067288,1705497706394497424,8053098255007046142,0,1,akt,
67551932971067288,3687724797637879659,703599217093634705,0,1,akt,
67551932971067288,5917545748262086051,8403310539418792058,1,1,akt,
67551932971067288,8583468167062486436,8403310539418792058,0,1,akt,
67551932971067288,3386572474479421240,6293355376372615766,1,1,akt,
67551932971067288,782958826532514082,8403310539418792058,0,1,akt,
67551932971067288,7650465239755468016,8403310539418792058,0,1,akt,
67551932971067288,9003152478203199658,8403310539418792058,0,1,akt,
67551932971067288,9144537140625135477,8403310539418792058,0,1,akt,
67551932971067288,4226496546052577021,3896176223871121243,1,1,akt,
67551932971067288,8321253551459904622,4654090348491357037,1,1,akt,
67551932971067288,8634487759291684026,4971898752437058564,0,1,akt,
67551932971067288,7976929697179062392,4971898752437058564,0,1,akt,
67551932971067288,903126694303099726,4654090348491357037,1,1,akt,
67551932971067288,7184515609055132842,4654090348491357037,1,1,akt,
67551932971067288,6088781737297447420,4654090348491357037,0,1,akt,
67551932971067288,8737822233129715976,4654090348491357037,0,1,akt,
67551932971067288,2160797765405831572,9035941346198722721,0,1,akt,
67551932971067288,6099673787824828708,9035941346198722721,1,1,akt,
67551932971067288,4729501326174050864,9035941346198722721,0,1,akt,
67551932971067288,464102210122154120,9035941346198722721,0,1,akt,
67551932971067288,5098123251717802806,4981016869870220101,1,1,akt,
67551932971067288,1574488509804982512,4981016869870220101,1,1,akt,
67551932971067288,8442572108069967032,9035941346198722721,1,1,akt,
67551932971067288,5815281380128112355,9035941346198722721,0,1,akt,
67551932971067288,6919869029396141132,6925932688889117475,0,1,akt,
67551932971067288,7371758214174260915,464102210122154120,0,1,akt,
67551932971067288,8804181835842039761,2774368076249802464,0,1,akt,
67551932971067288,2071100320171115341,2630505475243948786,0,1,akt,
67551932971067288,419939363548605032,2630505475243948786,1,1,akt,
67551932971067288,6103364715799004295,7802467190713408940,1,1,akt,
67551932971067288,5109244793230292194,7802467190713408940,1,1,akt,
67551932971067288,7556258435587795671,7802467190713408940,1,1,akt,
67551932971067288,2312676756438647899,3204183443604364643,1,1,akt,
67551932971067288,5494432868690614770,936324378259014250,1,1,akt,
67551932971067288,5540293484639694862,936324378259014250,0,1,akt,
67551932971067288,5395509064737116210,3638162062903617806,1,1,akt,
67551932971067288,4204147770920313898,3638162062903617806,1,1,akt,
67551932971067288,8523260970482156988,3638162062903617806,1,1,akt,
67551932971067288,6227798331706543382,3638162062903617806,1,1,akt,
67551932971067288,8029236709230875624,8253624017608095921,0,1,akt,
67551932971067288,2312793360970709803,6847502242749017216,0,1,akt,
67551932971067288,2456846657986508421,3967320573372768823,0,1,akt,
67551932971067288,3561675449350087912,1438833197930244504,0,1,akt,
67551932971067288,6907063850847013452,4378721629787482518,1,1,akt,
67551932971067288,3403564262774953256,5405953385245894923,0,1,akt,
67551932971067288,8025341234366340470,555625984027262014,1,1,akt,
67551932971067288,2497511940249172937,7601972610929176126,1,1,akt,
67551932971067288,5112195628255213216,4031585874086886353,0,1,akt,
67551932971067288,91418712298913557,7601972610929176126,1,1,akt,
67551932971067288,4472401018949546811,2083452711903133430,1,1,akt,
67551932971067288,3733459488137045782,2083452711903133430,0,1,akt,
67551932971067288,2232617003324426145,2083452711903133430,0,1,akt,
67551932971067288,3795512345256537003,8628686323660025649,0,1,akt,
67551932971067288,8987418253780962108,555625984027262014,0,1,akt,
67551932971067288,8877311557387907806,8931749632723040425,1,1,akt,
67551932971067288,5658762659084012778,8931749632723040425,0,1,akt,
67551932971067288,2922254344974973711,8931749632723040425,0,1,akt,
67551932971067288,8681732712943972280,8931749632723040425,1,1,akt,
67551932971067288,2218777092169866338,3386572474479421240,0,1,akt,
67551932971067288,4726066217500179891,5805011942002514206,1,1,akt,
67551932971067288,1469839694390370469,7080375583498690711,1,1,akt,
67551932971067288,359472342153919339,7080375583498690711,1,1,akt,
67551932971067288,3948799275352296445,2014268979504181100,1,1,akt,
67551932971067288,711324264108093575,2014268979504181100,1,1,akt,
67551932971067288,6829927875902990447,6402063578200407055,1,1,akt,
67551932971067288,6847531877140835503,6402063578200407055,1,1,akt,
67551932971067288,1029226421274910647,8571634011969914262,1,1,akt,
67551932971067288,366719688482591232,8571634011969914262,1,1,akt,
67551932971067288,4816388089005599448,8571634011969914262,0,1,akt,
67551932971067288,3447645211287792081,8571634011969914262,1,1,akt,
67551932971067288,8617355785506178010,5098123251717802806,1,1,akt,
67551932971067288,8617355785506178010,8571634011969914262,1,1,akt,
67551932971067288,8617355785506178010,1574488509804982512,1,1,akt,
67551932971067288,7367067668363587697,5098123251717802806,0,1,akt,
67551932971067288,7367067668363587697,8571634011969914262,0,1,akt,
67551932971067288,7367067668363587697,1574488509804982512,0,1,akt,
67551932971067288,6381181667794278829,5098123251717802806,1,1,akt,
67551932971067288,6381181667794278829,8571634011969914262,1,1,akt,
67551932971067288,6381181667794278829,1574488509804982512,1,1,akt,
67551932971067288,6030243758426344013,2172169907340938753,1,1,akt,
67551932971067288,2172169907340938753,2172169907340938753,1,1,akt,
67551932971067288,7444476343858270082,816286915455981984,1,1,akt,
67551932971067288,3828833364556738666,7271679498218995541,0,1,akt,
67551932971067288,5014855638763778520,7080375583498690711,0,1,akt,
67551932971067288,5014855638763778520,945565921951254878,0,1,akt,
67551932971067288,8277591775146332535,2172169907340938753,0,1,akt,
67551932971067288,6452727532638310258,1962751598315765836,1,1,akt,
67551932971067288,1240662975298924625,1962751598315765836,1,1,akt,
67551932971067288,5206141975214674317,6822117125000922910,1,1,akt,
67551932971067288,7156468015528797278,8952147277934020296,1,1,akt,
67551932971067288,1475153535205680340,1061301253559417093,0,1,akt,
67551932971067288,6285889124749662758,6767671032930468346,1,1,akt,
67551932971067288,8681446092392278900,8434961942249729798,1,1,akt,
67551932971067288,2322042198017538996,7444476343858270082,1,1,akt,
67551932971067288,609060549646110992,1962751598315765836,1,1,akt,
67551932971067288,609060549646110992,2042035842694401475,1,1,akt,
67551932971067288,609060549646110992,2537821716777940730,1,1,akt,
67551932971067288,789928575737038845,1962751598315765836,1,1,akt,
67551932971067288,8164579060853093558,8553379303363759508,1,1,akt,
67551932971067288,6516121893827078818,1742185772413642127,1,1,akt,
67551932971067288,3680890090128975262,1742185772413642127,1,1,akt,
67551932971067288,4287843156248190141,1742185772413642127,1,1,akt,
67551932971067288,8864309922340784357,1742185772413642127,1,1,akt,
67551932971067288,7963076060327471726,1742185772413642127,1,1,akt,
67551932971067288,7963076060327471726,8434961942249729798,1,1,akt,
67551932971067288,4100056189470085673,1742185772413642127,0,1,akt,
67551932971067288,4100056189470085673,8434961942249729798,0,1,akt,
67551932971067288,5262070597281214617,8434961942249729798,1,1,akt,
67551932971067288,8027028041876896105,1742185772413642127,0,1,akt,
67551932971067288,2172651027386538291,1962751598315765836,1,1,akt,
67551932971067288,7110089499805872564,1962751598315765836,1,1,akt,
67551932971067288,3587568046434385561,2971078979906996375,1,1,akt,
67551932971067288,1893642978819296611,1742185772413642127,0,1,akt,
67551932971067288,1893642978819296611,6038104030264466633,0,1,akt,
67551932971067288,4852582249628029532,1742185772413642127,1,1,akt,
67551932971067288,4852582249628029532,6038104030264466633,1,1,akt,
67551932971067288,2694481787640068972,1286827730621926626,1,1,akt,
67551932971067288,7299646189593472158,1742185772413642127,1,1,akt,
67551932971067288,7299646189593472158,7744513373483970787,1,1,akt,
67551932971067288,7949368746475052778,1742185772413642127,1,1,akt,
67551932971067288,7949368746475052778,6038104030264466633,1,1,akt,
67551932971067288,2567894677399411860,5140154928761940633,0,1,akt,
67551932971067288,6273621440559760612,3220231712819306119,1,1,akt,
67551932971067288,1864610537305897170,3220231712819306119,0,1,akt,
67551932971067288,979776641624209194,5140154928761940633,1,1,akt,
67551932971067288,3179841074490041064,3220231712819306119,1,1,akt,
67551932971067288,1680942157759329528,6899671937378175901,0,1,akt,
67551932971067288,3782170031259151436,3977603873829794107,1,1,akt,
67551932971067288,8300278739610563484,3977603873829794107,1,1,akt,
67551932971067288,4305159392299135549,5891620578387310353,1,1,akt,
67551932971067288,6871738404041200475,5891620578387310353,1,1,akt,
67551932971067288,1439107023726440344,632037903995597748,0,1,akt,
67551932971067288,1593157193442899466,2465108237656815421,1,1,akt,
67551932971067288,3525797594972370560,1553079256999111676,0,1,akt,
67551932971067288,1956263685640837203,338807275221326836,1,1,akt,
67551932971067288,6863322952279055094,8450591260754163598,1,1,akt,
67551932971067288,8015194389395403047,1553079256999111676,0,1,akt,
67551932971067288,589595259022606128,8450591260754163598,1,1,akt,
67551932971067288,5771048247599626204,8450591260754163598,1,1,akt,
67551932971067288,873734404548316197,8450591260754163598,1,1,akt,
67551932971067288,4599874212276290133,6587421150596252277,0,1,akt,
67551932971067288,6325743242354330185,6587421150596252277,1,1,akt,
67551932971067288,4599874212276290133,6587421150596252277,1,1,akt,
67551932971067288,6765713899792616704,8437183932514773570,1,1,akt,
67551932971067288,1653110472703699635,1644854180222226950,1,1,akt,
67551932971067288,5190884345733171034,3994887349717137666,1,1,akt,
67551932971067288,3256967871020403143,6949811205411410448,1,1,akt,
67551932971067288,160526153134266077,6949811205411410448,1,1,akt,
67551932971067288,262972098788613969,6949811205411410448,1,1,akt,
67551932971067288,81836391822819695,965465494080659646,1,1,akt,
67551932971067288,81836391822819695,8218796673634111208,1,1,akt,
67551932971067288,2678037544306135052,6949811205411410448,0,1,akt,
67551932971067288,6394202531192004290,965465494080659646,0,1,akt,
67551932971067288,4742394668670699272,6949811205411410448,1,1,akt,
67551932971067288,6918975496901528910,6949811205411410448,1,1,akt,
67551932971067288,4643253996117354404,6949811205411410448,1,1,akt,
67551932971067288,2200223852542584006,6949811205411410448,1,1,akt,
67551932971067288,5380736624332328667,965465494080659646,1,1,akt,
67551932971067288,6601469893026267442,965465494080659646,1,1,akt,
67551932971067288,1278202529328948065,4705015170632774223,1,1,akt,
67551932971067288,1278202529328948065,6612232247280708430,1,1,akt,
67551932971067288,958813039069687279,4705015170632774223,1,1,akt,
67551932971067288,958813039069687279,6612232247280708430,1,1,akt,
67551932971067288,7429800225749355646,4705015170632774223,0,1,akt,
67551932971067288,7429800225749355646,6612232247280708430,0,1,akt,
67551932971067288,5433051947019886445,4705015170632774223,1,1,akt,
67551932971067288,5433051947019886445,6612232247280708430,1,1,akt,
67551932971067288,5922551305321437205,6612232247280708430,1,1,akt,
67551932971067288,4402464831798965707,1440354453570655004,1,1,akt,
67551932971067288,3747639013786243008,1440354453570655004,1,1,akt,
67551932971067288,4782463374426136040,6612232247280708430,1,1,akt,
67551932971067288,5329576675655904169,6612232247280708430,1,1,akt,
67551932971067288,5784304871759423917,6612232247280708430,1,1,akt,
67551932971067288,2457898256755869273,4705015170632774223,1,1,akt,
67551932971067288,5689946056537179224,6612232247280708430,0,1,akt,
67551932971067288,7085947951427370439,1440354453570655004,1,1,akt,
67551932971067288,73928280903912066,1609137421269019972,1,1,akt,
67551932971067288,456231635565849618,936324378259014250,0,1,akt,
67551932971067288,8021789615661091626,936324378259014250,0,1,akt,
67551932971067288,4747458762391861814,945565921951254878,1,1,akt,
67551932971067288,4747458762391861814,936324378259014250,1,1,akt,
67551932971067288,4747458762391861814,7137985937186816118,1,1,akt,
67551932971067288,8064753944805038908,3386664800761312538,1,1,akt,
67551932971067288,8064753944805038908,5626355055055545431,1,1,akt,
67551932971067288,4626325596384339223,936324378259014250,1,1,akt,
67551932971067288,4626325596384339223,3386664800761312538,1,1,akt,
67551932971067288,6080238619208492545,8208743102655574034,0,1,akt,
67551932971067288,3422900282767970598,8253624017608095921,1,1,akt,
67551932971067288,5896746524602982308,8864809465971284028,1,1,akt,
67551932971067288,1179656879149712095,2500372166686333823,0,1,akt,
67551932971067288,3451790309599703332,7430095633397685637,0,1,akt,
67551932971067288,7095552851158154914,4607388048970825422,1,1,akt,
67551932971067288,7095552851158154914,4607388048970825422,0,1,akt,
67551932971067288,1145974536714271547,1418680419447008469,0,1,akt,
67551932971067288,5050855226071658437,1418680419447008469,0,1,akt,
67551932971067288,1686632649349855755,1418680419447008469,1,1,akt,
67551932971067288,7915850453559781698,1418680419447008469,1,1,akt,
67551932971067288,306023099386028284,7381422041526990924,1,1,akt,
67551932971067288,9028614706513287099,7381422041526990924,1,1,akt,
67551932971067288,8034873963014328432,7381422041526990924,1,1,akt,
67551932971067288,74638531651877569,3795512345256537003,0,1,akt,
67551932971067288,5288654585860750609,3795512345256537003,0,1,akt,
67551932971067288,32261392583187374,3795512345256537003,1,1,akt,
67551932971067288,666632563056544558,7312291969267315939,1,1,akt,
67551932971067288,326604634805265978,7312291969267315939,0,1,akt,
67551932971067288,8027941967834834501,7312291969267315939,1,1,akt,
67551932971067288,6892970266406478541,7312291969267315939,1,1,akt,
67551932971067288,8155690883524442573,594484301261397148,0,1,akt,
67551932971067288,5342401179217169371,594484301261397148,1,1,akt,
67551932971067288,3185419361820159475,594484301261397148,1,1,akt,
67551932971067288,4560719101685283745,1418680419447008469,1,1,akt,
67551932971067288,4560719101685283745,1418680419447008469,1,1,akt,
67551932971067288,3932120167381333386,8257095676522850515,0,1,akt,
67551932971067288,3932120167381333386,7137985937186816118,0,1,akt,
67551932971067288,462053040223506107,8257095676522850515,1,1,akt,
67551932971067288,8052792797201523718,8257095676522850515,0,1,akt,
67551932971067288,3709628422611755479,8257095676522850515,1,1,akt,
67551932971067288,3305366065003714517,1349015927524233791,0,1,akt,
67551932971067288,2750160984714043548,3386572474479421240,0,1,akt,
67551932971067288,3319694501685669518,3386572474479421240,1,1,akt,
67551932971067288,7610637847824275101,945565921951254878,0,1,akt,
67551932971067288,7610637847824275101,7007912644773896868,0,1,akt,
67551932971067288,6019014453524986050,8257095676522850515,1,1,akt,
67551932971067288,5284705790291350339,945565921951254878,0,1,akt,
67551932971067288,5284705790291350339,8257095676522850515,0,1,akt,
67551932971067288,3190171786711652143,5319011735380609624,0,1,akt,
67551932971067288,3190171786711652143,5319011735380609624,0,1,akt,
67551932971067288,7898884241751923693,5407828324398549496,1,1,akt,
67551932971067288,8870693240588360722,5805011942002514206,0,1,akt,
67551932971067288,3659066959988699832,6456304688997881806,1,1,akt,
67551932971067288,3659066959988699832,945565921951254878,1,1,akt,
67551932971067288,1498900241304656752,6456304688997881806,1,1,akt,
67551932971067288,1498900241304656752,945565921951254878,1,1,akt,
67551932971067288,6282529568844347553,6456304688997881806,1,1,akt,
67551932971067288,6282529568844347553,945565921951254878,1,1,akt,
67551932971067288,5270369024203925293,6456304688997881806,1,1,akt,
67551932971067288,5270369024203925293,945565921951254878,1,1,akt,
67551932971067288,6438344733596527197,6456304688997881806,1,1,akt,
67551932971067288,6438344733596527197,945565921951254878,1,1,akt,
67551932971067288,202753365794141304,8860457263355711329,1,1,akt,
67551932971067288,276073773678975562,8860457263355711329,0,1,akt,
67551932971067288,8852932604306052637,1620228599548467016,1,1,akt,
67551932971067288,5844515863234482352,1620228599548467016,1,1,akt,
67551932971067288,2157877054695219556,1620228599548467016,1,1,akt,
67551932971067288,2157877054695219556,8860457263355711329,1,1,akt,
67551932971067288,5856253510702032044,1620228599548467016,1,1,akt,
67551932971067288,5856253510702032044,8860457263355711329,1,1,akt,
67551932971067288,1107089901238080068,3695277572730007841,1,1,akt,
67551932971067288,1355897475346419780,3695277572730007841,1,1,akt,
67551932971067288,395289519385152427,3695277572730007841,0,1,akt,
67551932971067288,1578818275559208253,3695277572730007841,0,1,akt,
67551932971067288,339533063856671049,6456304688997881806,1,1,akt,
67551932971067288,7330278289208411022,6664130503876327269,1,1,akt,
67551932971067288,6617986845316146041,5536749322359707528,1,1,akt,
67551932971067288,8167070876927235476,775355032693172961,1,1,akt,
67551932971067288,8433182589722869111,8398942342651905271,1,1,akt,
67551932971067288,1444603957502897980,8367424958112124046,0,1,akt,
67551932971067288,1444603957502897980,8367424958112124046,0,1,akt,
67551932971067288,4994193848932517774,7564569009553397433,0,1,akt,
67551932971067288,9156525810860961390,7564569009553397433,1,1,akt,
67551932971067288,4418058984312963239,7564569009553397433,1,1,akt,
67551932971067288,1144744500053718901,7564569009553397433,1,1,akt,
67551932971067288,1144744500053718901,7564569009553397433,1,1,akt,
67551932971067288,5936455646202537188,7564569009553397433,1,1,akt,
67551932971067288,5936455646202537188,7564569009553397433,1,1,akt,
67551932971067288,2887734989777610696,7564569009553397433,1,1,akt,
67551932971067288,8152547403609690396,7564569009553397433,0,1,akt,
67551932971067288,5295154521553397921,7564569009553397433,1,1,akt,
67551932971067288,823518920313580690,9077326449528405556,1,1,akt,
67551932971067288,6259760271102057757,9077326449528405556,1,1,akt,
67551932971067288,6697334986031993616,9077326449528405556,1,1,akt,
67551932971067288,2684068912014276793,9077326449528405556,0,1,akt,
67551932971067288,1962338672358051307,9077326449528405556,1,1,akt,
67551932971067288,309156999200792777,4560719101685283745,1,1,akt,
67551932971067288,8871787769742063191,4560719101685283745,1,1,akt,
67551932971067288,8633945110044336638,4560719101685283745,0,1,akt,
67551932971067288,7601966645573011907,7095552851158154914,1,1,akt,
67551932971067288,3110855966579004294,7564569009553397433,1,1,akt,
67551932971067288,9184546464338605222,7564569009553397433,0,1,akt,
67551932971067288,4393814051537803728,456878871009050454,1,1,akt,
67551932971067288,6626645630498413180,1286827730621926626,1,1,akt,
67551932971067288,1155639296431023937,5623297772212155274,1,1,akt,
67551932971067288,9142049966906648835,5623297772212155274,1,1,akt,
67551932971067288,3832612156307966302,5623297772212155274,1,1,akt,
67551932971067288,3624945720705218814,5623297772212155274,1,1,akt,
67551932971067288,471159413555272069,5623297772212155274,1,1,akt,
67551932971067288,4600562821207585617,5623297772212155274,1,1,akt,
67551932971067288,6271792100691553251,5623297772212155274,1,1,akt,
67551932971067288,1725566820929970144,1470645355478017954,1,1,akt,
67551932971067288,426181551314142998,1470645355478017954,1,1,akt,
67551932971067288,1539890619500177857,4640630302861370741,1,1,akt,
67551932971067288,6072095974150049491,4640630302861370741,1,1,akt,
67551932971067288,3828334279603049153,5623297772212155274,1,1,akt,
67551932971067288,3828334279603049153,10766877478299942,1,1,akt,
67551932971067288,8458626993302129070,4640630302861370741,1,1,akt,
67551932971067288,8458626993302129070,2187769834149257833,1,1,akt,
67551932971067288,3775426114325106060,2630166442278202703,1,1,akt,
67551932971067288,493868857135992796,6471369570750938294,1,1,akt,
67551932971067288,493868857135992796,5841359775533910823,1,1,akt,
67551932971067288,678237538686111519,7173901711990274646,1,1,akt,
67551932971067288,678237538686111519,5841359775533910823,1,1,akt,
67551932971067288,678237538686111519,4796843345782257247,1,1,akt,
67551932971067288,3954431150827949799,2240774251905964566,1,1,akt,
67551932971067288,3954431150827949799,6899671937378175901,1,1,akt,
67551932971067288,3954431150827949799,7137985937186816118,1,1,akt,
67551932971067288,5734719115119329490,6899671937378175901,1,1,akt,
67551932971067288,5734719115119329490,7137985937186816118,1,1,akt,
67551932971067288,5871610581170632292,1520947013988716706,1,1,akt,
67551932971067288,5871610581170632292,8523260970482156988,1,1,akt,
67551932971067288,6447293119860625994,6103364715799004295,1,1,akt,
67551932971067288,6447293119860625994,2312676756438647899,1,1,akt,
67551932971067288,6856246182355369865,5540293484639694862,1,1,akt,
67551932971067288,6856246182355369865,945565921951254878,1,1,akt,
67551932971067288,8530825474830412024,5831131246778465958,1,1,akt,
67551932971067288,8530825474830412024,5831131246778465958,1,1,akt,
67551932971067288,4637360576753488480,3993295421765698769,0,1,akt,
67551932971067288,6133642593595202758,8946122040834336764,1,1,akt,
67551932971067288,2710190681972600929,3993295421765698769,1,1,akt,
67551932971067288,8800188575488879802,4403133428956178902,0,1,akt,
67551932971067288,8800188575488879802,8946122040834336764,0,1,akt,
67551932971067288,8800188575488879802,5677422322508975122,0,1,akt,
67551932971067288,8800188575488879802,3356952560767624663,0,1,akt,
67551932971067288,8800188575488879802,339533063856671049,0,1,akt,
67551932971067288,8800188575488879802,2229157640543804668,0,1,akt,
67551932971067288,8928614533547636880,4403133428956178902,1,1,akt,
67551932971067288,8928614533547636880,8946122040834336764,1,1,akt,
67551932971067288,8928614533547636880,5677422322508975122,1,1,akt,
67551932971067288,8928614533547636880,3356952560767624663,1,1,akt,
67551932971067288,8928614533547636880,339533063856671049,1,1,akt,
67551932971067288,8928614533547636880,2229157640543804668,1,1,akt,
67551932971067288,7449445731731790147,358466476080118370,0,1,akt,
67551932971067288,3770816527514569867,358466476080118370,0,1,akt,
67551932971067288,617216495578830529,358466476080118370,0,1,akt,
67551932971067288,276790277326826910,358466476080118370,1,1,akt,
67551932971067288,6425303497157967275,358466476080118370,0,1,akt,
67551932971067288,1697743968672574570,7071646029904496111,0,1,akt,
67551932971067288,871498097727302397,7137985937186816118,0,1,akt,
67551932971067288,974972790304032637,1470645355478017954,0,1,akt,
67551932971067288,1485739513409081169,7137985937186816118,1,1,akt,
67551932971067288,3043998211657953972,7137985937186816118,0,1,akt,
67551932971067288,3095505811046319049,5841359775533910823,1,1,akt,
67551932971067288,5206709721529025570,7137985937186816118,1,1,akt,
67551932971067288,5780425099037510218,7137985937186816118,1,1,akt,
67551932971067288,8662509741045660459,456878871009050454,0,1,akt,
67551932971067288,8109956761434409374,6871726152230450217,1,1,akt,
67551932971067288,721184190584106143,6367134154746722904,1,1,akt,
67551932971067288,7721983400125328835,6871726152230450217,0,1,akt,
67551932971067288,7721983400125328835,4975673644036102574,0,1,akt,
67551932971067288,8407120105369641903,6871726152230450217,1,1,akt,
67551932971067288,8407120105369641903,4975673644036102574,1,1,akt,
67551932971067288,6515332520935619407,6871726152230450217,0,1,akt,
67551932971067288,6515332520935619407,4975673644036102574,0,1,akt,
67551932971067288,590248659951902918,6871726152230450217,0,1,akt,
67551932971067288,590248659951902918,4975673644036102574,0,1,akt,
67551932971067288,1842534675155047243,6871726152230450217,1,1,akt,
67551932971067288,1842534675155047243,4975673644036102574,1,1,akt,
67551932971067288,446894190654043275,6871726152230450217,0,1,akt,
67551932971067288,446894190654043275,4975673644036102574,0,1,akt,
67551932971067288,9093855884263359381,6871726152230450217,1,1,akt,
67551932971067288,9093855884263359381,4975673644036102574,1,1,akt,
67551932971067288,6307466805910700309,6871726152230450217,1,1,akt,
67551932971067288,6307466805910700309,4975673644036102574,1,1,akt,
67551932971067288,1651060061902010516,6871726152230450217,1,1,akt,
67551932971067288,2696874492593956963,4975673644036102574,1,1,akt,
67551932971067288,7061890468104684673,1846178505561760349,0,1,akt,
67551932971067288,8622188369070640969,6871726152230450217,1,1,akt,
67551932971067288,109518077207257542,2725736025011687568,1,1,akt,
67551932971067288,3570902257700563877,2725736025011687568,0,1,akt,
67551932971067288,8010660763927430570,2725736025011687568,1,1,akt,
67551932971067288,1437678720558546669,617692350657418114,1,1,akt,
67551932971067288,7752452253583505467,4816021160113468397,1,1,akt,
67551932971067288,3850280162340154189,4816021160113468397,0,1,akt,
67551932971067288,8988604138059152013,617692350657418114,1,1,akt,
67551932971067288,383331992533213400,6617986845316146041,1,1,akt,
67551932971067288,1357225641910081458,6617986845316146041,1,1,akt,
67551932971067288,6842926909733770269,6017410436784829725,1,1,akt,
67551932971067288,4654090348491357037,6617986845316146041,0,1,akt,
67551932971067288,4800291106010076955,2725736025011687568,0,1,akt,
67551932971067288,4479314299435472174,5623297772212155274,1,1,akt,
67551932971067288,8458538933301204869,7152865195137276211,1,1,akt,
67551932971067288,126140606022249863,8206256480211232641,0,1,akt,
67551932971067288,5534249323882004940,9131149396521926973,1,1,akt,
67551932971067288,2973106222146866584,5623297772212155274,0,1,akt,
67551932971067288,4794584953757549392,5623297772212155274,1,1,akt,
67551932971067288,8113146522127668261,8206256480211232641,1,1,akt,
67551932971067288,879162573073742125,5623297772212155274,1,1,akt,
67551932971067288,2658862933405537015,765686451306091390,1,1,akt,
67551932971067288,4636519258198856077,7152865195137276211,1,1,akt,
67551932971067288,3211998328382487071,2098409895490789901,1,1,akt,
67551932971067288,6834096844046930087,2098409895490789901,1,1,akt,
67551932971067288,942064327668512590,2098409895490789901,1,1,akt,
67551932971067288,2568062591876231359,7137985937186816118,1,1,akt,
67551932971067288,7130226728108680662,2098409895490789901,0,1,akt,
67551932971067288,7130226728108680662,3896982418568604085,0,1,akt,
67551932971067288,8000567576258344544,2098409895490789901,0,1,akt,
67551932971067288,8000567576258344544,3896982418568604085,0,1,akt,
67551932971067288,5418251536642622841,7137985937186816118,0,1,akt,
67551932971067288,5216539713203344242,7137985937186816118,1,1,akt,
67551932971067288,5407162670134806335,7137985937186816118,1,1,akt,
67551932971067288,7701763504634045312,1239035252056260249,0,1,akt,
67551932971067288,7701763504634045312,6538327640702579785,0,1,akt,
67551932971067288,8357741821285278226,1625359377637083757,1,1,akt,
67551932971067288,8357741821285278226,1239035252056260249,1,1,akt,
67551932971067288,6000212042947142551,3990069655864291204,1,1,akt,
67551932971067288,6000212042947142551,5816909911210222449,1,1,akt,
67551932971067288,9002976237090591234,3967320573372768823,1,1,akt,
67551932971067288,7810318964945292796,6847502242749017216,0,1,akt,
67551932971067288,1551176945454570599,2098409895490789901,1,1,akt,
67551932971067288,1551176945454570599,1742185772413642127,1,1,akt,
67551932971067288,1551176945454570599,7930937476740677286,1,1,akt,
67551932971067288,45174813258656205,8751465252612365760,1,1,akt,
67551932971067288,4091930846410853016,4526863928383273751,0,1,akt,
67551932971067288,6434296163292677819,4526863928383273751,1,1,akt,
67551932971067288,4179341769916167197,4526863928383273751,1,1,akt,
67551932971067288,4893130945969923943,4526863928383273751,1,1,akt,
67551932971067288,4893130945969923943,6256368340148503862,1,1,akt,
67551932971067288,1933620258903804496,1561828096740638348,1,1,akt,
67551932971067288,1933620258903804496,6256368340148503862,1,1,akt,
67551932971067288,6285214486093077621,4526863928383273751,1,1,akt,
67551932971067288,2797756474753775119,7953456205119577377,1,1,akt,
67551932971067288,8327800378770625726,5841359775533910823,1,1,akt,
67551932971067288,4260633770333098180,7259137698054125848,1,1,akt,
67551932971067288,4260633770333098180,5841359775533910823,1,1,akt,
67551932971067288,7699237661929415652,5841359775533910823,1,1,akt,
67551932971067288,5688756467157558553,5841359775533910823,1,1,akt,
67551932971067288,7604511910276183390,7259137698054125848,1,1,akt,
67551932971067288,7604511910276183390,5841359775533910823,1,1,akt,
67551932971067288,5458790070281446831,2746278925206043647,1,1,akt,
67551932971067288,2438408641103591568,5841359775533910823,1,1,akt,
67551932971067288,5513181879854314999,9137995536786253035,1,1,akt,
71043798442310736,2931986829173419331,8575610639500092945,1,1,akt,
71043798442310736,114024882693945189,8575610639500092945,1,1,akt,
71043798442310736,7665746136491581937,6421511779947974192,1,1,akt,
71043798442310736,1886488087020006808,2823547883153135285,1,1,akt,
71043798442310736,6062856374210802332,6421511779947974192,0,1,akt,
71043798442310736,7948600918456445604,2823547883153135285,1,1,akt,
71043798442310736,2586300567760010262,703599217093634705,0,1,akt,
71043798442310736,8105038888605221687,2419480025146918610,1,1,akt,
71043798442310736,8105038888605221687,1578818275559208253,1,1,akt,
71043798442310736,8214642283698783187,2419480025146918610,1,1,akt,
71043798442310736,8214642283698783187,1578818275559208253,1,1,akt,
71043798442310736,3293373573089340683,2419480025146918610,1,1,akt,
71043798442310736,3293373573089340683,1578818275559208253,1,1,akt,
71043798442310736,5763048021204433805,7330278289208411022,1,1,akt,
71043798442310736,5763048021204433805,5940889310070452911,1,1,akt,
71043798442310736,3983581701503647072,7330278289208411022,1,1,akt,
71043798442310736,3983581701503647072,5940889310070452911,1,1,akt,
71043798442310736,2430677719477562997,8879857825588577091,1,1,akt,
71043798442310736,2430677719477562997,6994544439163477228,1,1,akt,
71043798442310736,4534855076040468313,8879857825588577091,0,1,akt,
71043798442310736,4534855076040468313,6994544439163477228,0,1,akt,
71043798442310736,6474789906306891928,3083880146036401197,0,1,akt,
71043798442310736,4896665364610403240,8646396182761933454,0,1,akt,
71043798442310736,7658421772706055362,3896176223871121243,1,1,akt,
71043798442310736,7600976702276843622,4654090348491357037,1,1,akt,
71043798442310736,1592798968499975655,6925932688889117475,1,1,akt,
71043798442310736,6507963785798609606,3695961057996457232,1,1,akt,
71043798442310736,8243593737238054780,3220231712819306119,1,1,akt,
71043798442310736,4814382323370083158,5407828324398549496,0,1,akt,
71043798442310736,2611931788363138757,5407828324398549496,0,1,akt,
71043798442310736,1845810029444699990,2630505475243948786,0,1,akt,
71043798442310736,934004551820873359,5797334606267118412,1,1,akt,
71043798442310736,934004551820873359,6847502242749017216,1,1,akt,
71043798442310736,5866127602268079803,5797334606267118412,1,1,akt,
71043798442310736,5866127602268079803,6847502242749017216,1,1,akt,
71043798442310736,2897223529886250429,7802467190713408940,1,1,akt,
71043798442310736,1905396748732673734,3638162062903617806,0,1,akt,
71043798442310736,4722910188680890658,936324378259014250,0,1,akt,
71043798442310736,8397036442877668029,936324378259014250,0,1,akt,
71043798442310736,1523553825924869309,1438833197930244504,0,1,akt,
71043798442310736,2603858300663628315,6847502242749017216,0,1,akt,
71043798442310736,3627628180767370478,6847502242749017216,0,1,akt,
71043798442310736,5752300064240728812,6847502242749017216,0,1,akt,
71043798442310736,7599730489061353062,3967320573372768823,0,1,akt,
71043798442310736,1453575880760211094,3967320573372768823,0,1,akt,
71043798442310736,5046775835780590070,1438833197930244504,0,1,akt,
71043798442310736,2444424067250671802,5218341511830803388,0,1,akt,
71043798442310736,3714802518113547487,6847502242749017216,0,1,akt,
71043798442310736,5848524066885949078,3967320573372768823,0,1,akt,
71043798442310736,4330535035378193740,7080375583498690711,1,1,akt,
71043798442310736,711324264108093575,2014268979504181100,0,1,akt,
71043798442310736,6847531877140835503,6402063578200407055,1,1,akt,
71043798442310736,1029226421274910647,8571634011969914262,0,1,akt,
71043798442310736,3447645211287792081,8571634011969914262,1,1,akt,
71043798442310736,8617355785506178010,5098123251717802806,0,1,akt,
71043798442310736,8617355785506178010,8571634011969914262,0,1,akt,
71043798442310736,8617355785506178010,1574488509804982512,0,1,akt,
71043798442310736,6030243758426344013,2172169907340938753,0,1,akt,
71043798442310736,2172169907340938753,2172169907340938753,1,1,akt,
71043798442310736,7444476343858270082,816286915455981984,1,1,akt,
71043798442310736,6452727532638310258,1962751598315765836,1,1,akt,
71043798442310736,5206141975214674317,6822117125000922910,1,1,akt,
71043798442310736,7156468015528797278,8952147277934020296,0,1,akt,
71043798442310736,1475153535205680340,1061301253559417093,0,1,akt,
71043798442310736,14124616789059775,8553379303363759508,0,1,akt,
71043798442310736,2322042198017538996,7444476343858270082,0,1,akt,
71043798442310736,609060549646110992,1962751598315765836,1,1,akt,
71043798442310736,609060549646110992,2042035842694401475,1,1,akt,
71043798442310736,609060549646110992,2537821716777940730,1,1,akt,
71043798442310736,789928575737038845,1962751598315765836,0,1,akt,
71043798442310736,4287843156248190141,1742185772413642127,1,1,akt,
71043798442310736,5262070597281214617,8434961942249729798,1,1,akt,
71043798442310736,2172651027386538291,1962751598315765836,0,1,akt,
71043798442310736,1893642978819296611,1742185772413642127,1,1,akt,
71043798442310736,1893642978819296611,6038104030264466633,1,1,akt,
71043798442310736,4852582249628029532,1742185772413642127,1,1,akt,
71043798442310736,4852582249628029532,6038104030264466633,1,1,akt,
71043798442310736,2694481787640068972,1286827730621926626,1,1,akt,
71043798442310736,7299646189593472158,1742185772413642127,0,1,akt,
71043798442310736,7299646189593472158,7744513373483970787,0,1,akt,
71043798442310736,7949368746475052778,1742185772413642127,1,1,akt,
71043798442310736,7949368746475052778,6038104030264466633,1,1,akt,
71043798442310736,2567894677399411860,5140154928761940633,1,1,akt,
71043798442310736,1864610537305897170,3220231712819306119,1,1,akt,
71043798442310736,979776641624209194,5140154928761940633,1,1,akt,
71043798442310736,3179841074490041064,3220231712819306119,1,1,akt,
71043798442310736,1680942157759329528,6899671937378175901,0,1,akt,
71043798442310736,3163553101212671789,3977603873829794107,0,1,akt,
71043798442310736,8300278739610563484,3977603873829794107,1,1,akt,
71043798442310736,4305159392299135549,5891620578387310353,0,1,akt,
71043798442310736,6871738404041200475,5891620578387310353,1,1,akt,
71043798442310736,2318643693522284462,632037903995597748,1,1,akt,
71043798442310736,1439107023726440344,632037903995597748,0,1,akt,
71043798442310736,1593157193442899466,2465108237656815421,0,1,akt,
71043798442310736,9180330945713246108,2465108237656815421,0,1,akt,
71043798442310736,555625984027262014,3157518658218824219,1,1,akt,
71043798442310736,888934132030320366,338807275221326836,1,1,akt,
71043798442310736,9163346312612952190,1553079256999111676,1,1,akt,
71043798442310736,1979989037776428129,338807275221326836,1,1,akt,
71043798442310736,2017576330978711905,338807275221326836,1,1,akt,
71043798442310736,7995834658081335424,2087380862434172594,0,1,akt,
71043798442310736,3788466048393203612,338807275221326836,1,1,akt,
71043798442310736,8351329806767537227,1553079256999111676,0,1,akt,
71043798442310736,678576571551846666,2087380862434172594,0,1,akt,
71043798442310736,8317095655314656711,8450591260754163598,1,1,akt,
71043798442310736,5111017097545758779,1553079256999111676,0,1,akt,
71043798442310736,1513602965430340754,1553079256999111676,1,1,akt,
71043798442310736,5598942769103361235,1553079256999111676,1,1,akt,
71043798442310736,1956263685640837203,338807275221326836,1,1,akt,
71043798442310736,6863322952279055094,8450591260754163598,0,1,akt,
71043798442310736,8015194389395403047,1553079256999111676,0,1,akt,
71043798442310736,589595259022606128,8450591260754163598,0,1,akt,
71043798442310736,3196572545063368294,1553079256999111676,0,1,akt,
71043798442310736,1849374032637944872,8450591260754163598,1,1,akt,
71043798442310736,7966462723188529488,8450591260754163598,0,1,akt,
71043798442310736,5771048247599626204,8450591260754163598,1,1,akt,
71043798442310736,6325743242354330185,6587421150596252277,1,1,akt,
71043798442310736,4599874212276290133,6587421150596252277,1,1,akt,
71043798442310736,2941643269875773707,1553079256999111676,0,1,akt,
71043798442310736,585394738633421119,8450591260754163598,1,1,akt,
71043798442310736,7387337585027059198,8450591260754163598,1,1,akt,
71043798442310736,243369566058869586,6587421150596252277,1,1,akt,
71043798442310736,7115807159188272944,8450591260754163598,1,1,akt,
71043798442310736,7584194808624884293,7137985937186816118,1,1,akt,
71043798442310736,1653110472703699635,1644854180222226950,1,1,akt,
71043798442310736,5190884345733171034,3994887349717137666,1,1,akt,
71043798442310736,3256967871020403143,6949811205411410448,1,1,akt,
71043798442310736,160526153134266077,6949811205411410448,1,1,akt,
71043798442310736,262972098788613969,6949811205411410448,1,1,akt,
71043798442310736,81836391822819695,965465494080659646,0,1,akt,
71043798442310736,81836391822819695,8218796673634111208,0,1,akt,
71043798442310736,2678037544306135052,6949811205411410448,0,1,akt,
71043798442310736,6394202531192004290,965465494080659646,0,1,akt,
71043798442310736,4742394668670699272,6949811205411410448,0,1,akt,
71043798442310736,6918975496901528910,6949811205411410448,0,1,akt,
71043798442310736,4811748811258821924,6949811205411410448,0,1,akt,
71043798442310736,4837501291446937767,6949811205411410448,0,1,akt,
71043798442310736,4643253996117354404,6949811205411410448,1,1,akt,
71043798442310736,2200223852542584006,6949811205411410448,0,1,akt,
71043798442310736,6601469893026267442,965465494080659646,0,1,akt,
71043798442310736,4539072446738603069,965465494080659646,1,1,akt,
71043798442310736,8392765289363313686,6949811205411410448,1,1,akt,
71043798442310736,58379446801296488,6949811205411410448,0,1,akt,
71043798442310736,1737549008450576232,6949811205411410448,0,1,akt,
71043798442310736,4837435113414834930,6949811205411410448,0,1,akt,
71043798442310736,4180865159137445928,6949811205411410448,0,1,akt,
71043798442310736,4702338344474013419,6949811205411410448,1,1,akt,
71043798442310736,5850479194837887944,4932081828363820241,0,1,akt,
71043798442310736,3420314197971075877,5614001701401503216,1,1,akt,
71043798442310736,5758295914440078557,4932081828363820241,1,1,akt,
71043798442310736,2789256433454450511,4932081828363820241,0,1,akt,
71043798442310736,8479037457196838763,4932081828363820241,1,1,akt,
71043798442310736,2020542875614218006,5614001701401503216,1,1,akt,
71043798442310736,9106594666321326924,5614001701401503216,1,1,akt,
71043798442310736,5512575834172553485,5614001701401503216,1,1,akt,
71043798442310736,4985701407810924242,5614001701401503216,0,1,akt,
71043798442310736,3152736657375411130,5614001701401503216,1,1,akt,
71043798442310736,6354454527181646401,6949811205411410448,1,1,akt,
71043798442310736,1278202529328948065,4705015170632774223,1,1,akt,
71043798442310736,1278202529328948065,6612232247280708430,1,1,akt,
71043798442310736,958813039069687279,4705015170632774223,1,1,akt,
71043798442310736,958813039069687279,6612232247280708430,1,1,akt,
71043798442310736,5433051947019886445,4705015170632774223,1,1,akt,
71043798442310736,5433051947019886445,6612232247280708430,1,1,akt,
71043798442310736,4402464831798965707,1440354453570655004,1,1,akt,
71043798442310736,3747639013786243008,1440354453570655004,1,1,akt,
71043798442310736,5329576675655904169,6612232247280708430,1,1,akt,
71043798442310736,5784304871759423917,6612232247280708430,1,1,akt,
71043798442310736,73928280903912066,1609137421269019972,1,1,akt,
71043798442310736,456231635565849618,936324378259014250,1,1,akt,
71043798442310736,4626325596384339223,936324378259014250,0,1,akt,
71043798442310736,4626325596384339223,3386664800761312538,0,1,akt,
71043798442310736,3422900282767970598,8253624017608095921,1,1,akt,
71043798442310736,5896746524602982308,8864809465971284028,1,1,akt,
71043798442310736,6991438656570525226,4607388048970825422,0,1,akt,
71043798442310736,6622441521506122051,2500372166686333823,0,1,akt,
71043798442310736,9056677685977577642,2500372166686333823,1,1,akt,
71043798442310736,6960909409775484798,2500372166686333823,1,1,akt,
71043798442310736,2662712950628352747,7430095633397685637,0,1,akt,
71043798442310736,1462144652513562353,8021260812906271597,1,1,akt,
71043798442310736,6385798887775976783,2500372166686333823,0,1,akt,
71043798442310736,6385798887775976783,3414223954376217427,0,1,akt,
71043798442310736,3190171786711652143,5319011735380609624,0,1,akt,
71043798442310736,3190171786711652143,5319011735380609624,0,1,akt,
71043798442310736,7898884241751923693,5407828324398549496,0,1,akt,
71043798442310736,8870693240588360722,5805011942002514206,0,1,akt,
71043798442310736,1498900241304656752,6456304688997881806,1,1,akt,
71043798442310736,1498900241304656752,945565921951254878,1,1,akt,
71043798442310736,3659066959988699832,6456304688997881806,1,1,akt,
71043798442310736,3659066959988699832,945565921951254878,1,1,akt,
71043798442310736,3659066959988699832,6456304688997881806,1,1,akt,
71043798442310736,3659066959988699832,945565921951254878,1,1,akt,
71043798442310736,6282529568844347553,6456304688997881806,1,1,akt,
71043798442310736,6282529568844347553,945565921951254878,1,1,akt,
71043798442310736,6438344733596527197,6456304688997881806,1,1,akt,
71043798442310736,6438344733596527197,945565921951254878,1,1,akt,
71043798442310736,276073773678975562,8860457263355711329,1,1,akt,
71043798442310736,8852932604306052637,1620228599548467016,0,1,akt,
71043798442310736,5844515863234482352,1620228599548467016,0,1,akt,
71043798442310736,1107089901238080068,3695277572730007841,1,1,akt,
71043798442310736,1355897475346419780,3695277572730007841,1,1,akt,
71043798442310736,395289519385152427,3695277572730007841,0,1,akt,
71043798442310736,1578818275559208253,3695277572730007841,0,1,akt,
71043798442310736,339533063856671049,6456304688997881806,1,1,akt,
71043798442310736,7330278289208411022,6664130503876327269,1,1,akt,
71043798442310736,3163901911585006756,7601185852453770783,0,1,akt,
71043798442310736,8865467136115499157,1461533708358448274,0,1,akt,
71043798442310736,2839790214983004106,1461533708358448274,0,1,akt,
71043798442310736,6801571978050274661,1461533708358448274,0,1,akt,
71043798442310736,8950026749536871541,7104105291018701155,0,1,akt,
71043798442310736,3110855966579004294,7564569009553397433,0,1,akt,
71043798442310736,9184546464338605222,7564569009553397433,0,1,akt,
71043798442310736,915913786704378741,6517113776429692278,0,1,akt,
71043798442310736,8433182589722869111,8398942342651905271,0,1,akt,
71043798442310736,578064138689923259,1461533708358448274,0,1,akt,
71043798442310736,5282831772502765195,1461533708358448274,0,1,akt,
71043798442310736,5282831772502765195,1461533708358448274,0,1,akt,
71043798442310736,7350176134610615476,1809111747278392846,1,1,akt,
71043798442310736,7350176134610615476,1286827730621926626,1,1,akt,
71043798442310736,3519731247906523276,1809111747278392846,1,1,akt,
71043798442310736,3519731247906523276,1286827730621926626,1,1,akt,
71043798442310736,5589078369566869868,1809111747278392846,1,1,akt,
71043798442310736,5589078369566869868,1286827730621926626,1,1,akt,
71043798442310736,822244759337704825,456878871009050454,0,1,akt,
71043798442310736,7483324394097726110,456878871009050454,0,1,akt,
71043798442310736,7483324394097726110,325754291254371692,0,1,akt,
71043798442310736,8830198938563921360,5483772617844162674,0,1,akt,
71043798442310736,7977927666567794702,1286827730621926626,1,1,akt,
71043798442310736,7977927666567794702,4023090618520176218,1,1,akt,
71043798442310736,1640837721189861640,1286827730621926626,1,1,akt,
71043798442310736,1640837721189861640,4023090618520176218,1,1,akt,
71043798442310736,375826844169571640,3100876389124754186,1,1,akt,
71043798442310736,8508141467069938492,7744513373483970787,1,1,akt,
71043798442310736,8508141467069938492,6038104030264466633,1,1,akt,
71043798442310736,3977603873829794107,7478711582937413777,1,1,akt,
71043798442310736,8246862687487187606,5483772617844162674,1,1,akt,
71043798442310736,3772724022908305107,5623297772212155274,1,1,akt,
71043798442310736,9142049966906648835,5623297772212155274,1,1,akt,
71043798442310736,3624945720705218814,5623297772212155274,1,1,akt,
71043798442310736,471159413555272069,5623297772212155274,0,1,akt,
71043798442310736,6271792100691553251,5623297772212155274,1,1,akt,
71043798442310736,1725566820929970144,1470645355478017954,0,1,akt,
71043798442310736,426181551314142998,1470645355478017954,0,1,akt,
71043798442310736,6072095974150049491,4640630302861370741,0,1,akt,
71043798442310736,3828334279603049153,5623297772212155274,1,1,akt,
71043798442310736,3828334279603049153,10766877478299942,1,1,akt,
71043798442310736,8458626993302129070,4640630302861370741,0,1,akt,
71043798442310736,8458626993302129070,2187769834149257833,0,1,akt,
71043798442310736,493868857135992796,6471369570750938294,1,1,akt,
71043798442310736,493868857135992796,5841359775533910823,1,1,akt,
71043798442310736,678237538686111519,7173901711990274646,1,1,akt,
71043798442310736,678237538686111519,5841359775533910823,1,1,akt,
71043798442310736,678237538686111519,4796843345782257247,1,1,akt,
71043798442310736,3954431150827949799,2240774251905964566,1,1,akt,
71043798442310736,3954431150827949799,6899671937378175901,1,1,akt,
71043798442310736,3954431150827949799,7137985937186816118,1,1,akt,
71043798442310736,5734719115119329490,6899671937378175901,1,1,akt,
71043798442310736,5734719115119329490,7137985937186816118,1,1,akt,
71043798442310736,5871610581170632292,1520947013988716706,1,1,akt,
71043798442310736,5871610581170632292,8523260970482156988,1,1,akt,
71043798442310736,6447293119860625994,6103364715799004295,1,1,akt,
71043798442310736,6447293119860625994,2312676756438647899,1,1,akt,
71043798442310736,6856246182355369865,5540293484639694862,1,1,akt,
71043798442310736,6856246182355369865,945565921951254878,1,1,akt,
71043798442310736,4637360576753488480,3993295421765698769,0,1,akt,
71043798442310736,6133642593595202758,8946122040834336764,0,1,akt,
71043798442310736,2710190681972600929,3993295421765698769,1,1,akt,
71043798442310736,8800188575488879802,4403133428956178902,0,1,akt,
71043798442310736,8800188575488879802,8946122040834336764,0,1,akt,
71043798442310736,8800188575488879802,5677422322508975122,0,1,akt,
71043798442310736,8800188575488879802,3356952560767624663,0,1,akt,
71043798442310736,8800188575488879802,339533063856671049,0,1,akt,
71043798442310736,8800188575488879802,2229157640543804668,0,1,akt,
71043798442310736,8928614533547636880,4403133428956178902,1,1,akt,
71043798442310736,8928614533547636880,8946122040834336764,1,1,akt,
71043798442310736,8928614533547636880,5677422322508975122,1,1,akt,
71043798442310736,8928614533547636880,3356952560767624663,1,1,akt,
71043798442310736,8928614533547636880,339533063856671049,1,1,akt,
71043798442310736,8928614533547636880,2229157640543804668,1,1,akt,
71043798442310736,3770816527514569867,358466476080118370,0,1,akt,
71043798442310736,617216495578830529,358466476080118370,1,1,akt,
71043798442310736,276790277326826910,358466476080118370,1,1,akt,
71043798442310736,4120907759921062741,7071646029904496111,1,1,akt,
71043798442310736,7953850889067330138,358466476080118370,0,1,akt,
71043798442310736,1737869191175107445,617692350657418114,0,1,akt,
71043798442310736,8988604138059152013,617692350657418114,1,1,akt,
71043798442310736,383331992533213400,6617986845316146041,0,1,akt,
71043798442310736,4654090348491357037,6617986845316146041,0,1,akt,
71043798442310736,4800291106010076955,2725736025011687568,1,1,akt,
71043798442310736,8458538933301204869,7152865195137276211,1,1,akt,
71043798442310736,4794584953757549392,5623297772212155274,0,1,akt,
71043798442310736,8113146522127668261,8206256480211232641,0,1,akt,
71043798442310736,2014281586758531738,2054562585630021026,0,1,akt,
71043798442310736,5805011942002514206,2054562585630021026,0,1,akt,
