user_id,item_id,kc_id,y_true,fold,model,y_prob
4221458705095236,2931986829173419331,8575610639500092945,0,0,simplekt,
4221458705095236,114024882693945189,8575610639500092945,1,0,simplekt,
4221458705095236,7665746136491581937,6421511779947974192,0,0,simplekt,
4221458705095236,1886488087020006808,2823547883153135285,0,0,simplekt,
4221458705095236,6062856374210802332,6421511779947974192,0,0,simplekt,
4221458705095236,7948600918456445604,2823547883153135285,0,0,simplekt,
4221458705095236,8813098045274661581,703599217093634705,0,0,simplekt,
4221458705095236,2132886336205410193,8053098255007046142,0,0,simplekt,
4221458705095236,2586300567760010262,703599217093634705,1,0,simplekt,
4221458705095236,7407762148826287490,3823348261283868936,0,0,simplekt,
4221458705095236,8105038888605221687,2419480025146918610,1,0,simplekt,
4221458705095236,8105038888605221687,1578818275559208253,1,0,simplekt,
4221458705095236,8214642283698783187,2419480025146918610,1,0,simplekt,
4221458705095236,8214642283698783187,1578818275559208253,1,0,simplekt,
4221458705095236,3293373573089340683,2419480025146918610,1,0,simplekt,
4221458705095236,3293373573089340683,1578818275559208253,1,0,simplekt,
4221458705095236,5763048021204433805,7330278289208411022,1,0,simplekt,
4221458705095236,5763048021204433805,5940889310070452911,1,0,simplekt,
4221458705095236,3983581701503647072,7330278289208411022,0,0,simplekt,
4221458705095236,3983581701503647072,5940889310070452911,0,0,simplekt,
4221458705095236,4534855076040468313,8879857825588577091,0,0,simplekt,
4221458705095236,4534855076040468313,6994544439163477228,0,0,simplekt,
4221458705095236,6474789906306891928,3083880146036401197,1,0,simplekt,
4221458705095236,5885830806518185513,5940889310070452911,1,0,simplekt,
4221458705095236,9190836821909365354,5940889310070452911,0,0,simplekt,
4221458705095236,4896665364610403240,8646396182761933454,1,0,simplekt,
4221458705095236,7658421772706055362,3896176223871121243,1,0,simplekt,
4221458705095236,7600976702276843622,4654090348491357037,0,0,simplekt,
4221458705095236,3962081917684737907,4654090348491357037,0,0,simplekt,
4221458705095236,4180902728550615488,4654090348491357037,1,0,simplekt,
4221458705095236,5288858959064661148,4654090348491357037,0,0,simplekt,
4221458705095236,2688367700467986862,8421171580834073004,1,0,simplekt,
4221458705095236,2688367700467986862,9032608968603454747,1,0,simplekt,
4221458705095236,2688367700467986862,2528747214680891187,1,0,simplekt,
4221458705095236,5407154952345373654,8421171580834073004,1,0,simplekt,
4221458705095236,5407154952345373654,2528747214680891187,1,0,simplekt,
4221458705095236,5407154952345373654,9032608968603454747,1,0,simplekt,
4221458705095236,302385521768738754,8421171580834073004,1,0,simplekt,
4221458705095236,302385521768738754,2528747214680891187,1,0,simplekt,
4221458705095236,302385521768738754,9032608968603454747,1,0,simplekt,
4221458705095236,1030542215356371985,3220231712819306119,1,0,simplekt,
4221458705095236,8518370068212610502,3220231712819306119,0,0,simplekt,
4221458705095236,711281195308114092,9035941346198722721,1,0,simplekt,
4221458705095236,5353498086593448355,9035941346198722721,0,0,simplekt,
4221458705095236,8233010336559448298,4981016869870220101,0,0,simplekt,
4221458705095236,6001263696073315067,4981016869870220101,0,0,simplekt,
4221458705095236,1428703216603103538,9035941346198722721,0,0,simplekt,
4221458705095236,1592798968499975655,6925932688889117475,0,0,simplekt,
4221458705095236,6507963785798609606,3695961057996457232,0,0,simplekt,
4221458705095236,8243593737238054780,3220231712819306119,1,0,simplekt,
4221458705095236,4814382323370083158,5407828324398549496,1,0,simplekt,
4221458705095236,1845810029444699990,2630505475243948786,0,0,simplekt,
4221458705095236,5866127602268079803,5797334606267118412,1,0,simplekt,
4221458705095236,5866127602268079803,6847502242749017216,1,0,simplekt,
4221458705095236,3495374133526971129,3204183443604364643,1,0,simplekt,
4221458705095236,1905396748732673734,3638162062903617806,0,0,simplekt,
4221458705095236,4722910188680890658,936324378259014250,0,0,simplekt,
4221458705095236,8397036442877668029,936324378259014250,0,0,simplekt,
4221458705095236,4516183433847392346,5218341511830803388,1,0,simplekt,
4221458705095236,3542434805691411090,1438833197930244504,0,0,simplekt,
4221458705095236,1523553825924869309,1438833197930244504,0,0,simplekt,
4221458705095236,2603858300663628315,6847502242749017216,1,0,simplekt,
4221458705095236,3627628180767370478,6847502242749017216,1,0,simplekt,
4221458705095236,5752300064240728812,6847502242749017216,0,0,simplekt,
4221458705095236,7599730489061353062,3967320573372768823,1,0,simplekt,
4221458705095236,1453575880760211094,3967320573372768823,1,0,simplekt,
4221458705095236,5046775835780590070,1438833197930244504,1,0,simplekt,
4221458705095236,2444424067250671802,5218341511830803388,0,0,simplekt,
4221458705095236,3714802518113547487,6847502242749017216,1,0,simplekt,
4221458705095236,5848524066885949078,3967320573372768823,0,0,simplekt,
4221458705095236,4447805975910576290,8931749632723040425,0,0,simplekt,
4221458705095236,6308189695459169616,8931749632723040425,0,0,simplekt,
4221458705095236,8042163913453637856,7080375583498690711,1,0,simplekt,
4221458705095236,5924622261864593528,816286915455981984,1,0,simplekt,
4221458705095236,2593688217349585450,7080375583498690711,1,0,simplekt,
4221458705095236,6207457489238649417,2014268979504181100,1,0,simplekt,
4221458705095236,1329049691487350747,6402063578200407055,1,0,simplekt,
4221458705095236,1436782548523195674,7271679498218995541,1,0,simplekt,
4221458705095236,2146918969408793319,8571634011969914262,1,0,simplekt,
4221458705095236,7444476343858270082,816286915455981984,1,0,simplekt,
4221458705095236,300471914551172981,300471914551172981,1,0,simplekt,
4221458705095236,816286915455981984,2172169907340938753,1,0,simplekt,
4221458705095236,2014268979504181100,2172169907340938753,1,0,simplekt,
4221458705095236,2172169907340938753,2172169907340938753,1,0,simplekt,
4221458705095236,8150806168444344502,8150806168444344502,1,0,simplekt,
4221458705095236,8573800373938698102,8573800373938698102,1,0,simplekt,
4221458705095236,8573800373938698102,2014268979504181100,1,0,simplekt,
4221458705095236,1962751598315765836,2014268979504181100,1,0,simplekt,
4221458705095236,3631550221736749512,8571634011969914262,0,0,simplekt,
4221458705095236,8524048742669504971,2014268979504181100,1,0,simplekt,
4221458705095236,8555260403889540025,816286915455981984,1,0,simplekt,
4221458705095236,5569007217685668455,6440511557387709110,1,0,simplekt,
4221458705095236,3136309300579245713,1962751598315765836,1,0,simplekt,
4221458705095236,1013865249246356380,1962751598315765836,1,0,simplekt,
4221458705095236,5623297772212155274,1035367362361933335,1,0,simplekt,
4221458705095236,5623297772212155274,6440511557387709110,1,0,simplekt,
4221458705095236,5623297772212155274,8553379303363759508,1,0,simplekt,
4221458705095236,4354951372341647621,1962751598315765836,1,0,simplekt,
4221458705095236,4789648310729729153,8952147277934020296,1,0,simplekt,
4221458705095236,99265762064822364,7444476343858270082,1,0,simplekt,
4221458705095236,5720639154506887872,7444476343858270082,1,0,simplekt,
4221458705095236,8434961942249729798,6440511557387709110,1,0,simplekt,
4221458705095236,2971078979906996375,8553379303363759508,1,0,simplekt,
4221458705095236,5841359775533910823,7444476343858270082,1,0,simplekt,
4221458705095236,6440511557387709110,2537821716777940730,0,0,simplekt,
4221458705095236,8553379303363759508,7444476343858270082,1,0,simplekt,
4221458705095236,609060549646110992,1962751598315765836,0,0,simplekt,
4221458705095236,609060549646110992,2042035842694401475,0,0,simplekt,
4221458705095236,609060549646110992,2537821716777940730,0,0,simplekt,
4221458705095236,789928575737038845,1962751598315765836,1,0,simplekt,
4221458705095236,4068472536918694909,8952147277934020296,1,0,simplekt,
4221458705095236,7122115393193417348,1742185772413642127,0,0,simplekt,
4221458705095236,1891716457658830952,1742185772413642127,1,0,simplekt,
4221458705095236,7386660470678852038,1742185772413642127,0,0,simplekt,
4221458705095236,8428575247521675861,1742185772413642127,0,0,simplekt,
4221458705095236,4795421426226935644,1742185772413642127,1,0,simplekt,
4221458705095236,4795421426226935644,7610637847824275101,1,0,simplekt,
4221458705095236,4217769183843680042,1962751598315765836,0,0,simplekt,
4221458705095236,1893642978819296611,1742185772413642127,0,0,simplekt,
4221458705095236,1893642978819296611,6038104030264466633,0,0,simplekt,
4221458705095236,7661928444199481279,1742185772413642127,1,0,simplekt,
4221458705095236,1952481027189093863,300471914551172981,0,0,simplekt,
4221458705095236,5116966512895248552,8571634011969914262,1,0,simplekt,
4221458705095236,5254612434926380826,7744513373483970787,0,0,simplekt,
4221458705095236,6974844060259652853,2014268979504181100,1,0,simplekt,
4221458705095236,7667895327144104277,300471914551172981,1,0,simplekt,
4221458705095236,8426487015068091175,8553379303363759508,1,0,simplekt,
4221458705095236,8451130771444723333,1742185772413642127,0,0,simplekt,
4221458705095236,3703277393342189423,5841359775533910823,1,0,simplekt,
4221458705095236,3703277393342189423,7744513373483970787,1,0,simplekt,
4221458705095236,3703277393342189423,6471369570750938294,1,0,simplekt,
4221458705095236,5527503240739101243,1742185772413642127,1,0,simplekt,
4221458705095236,5527503240739101243,7744513373483970787,1,0,simplekt,
4221458705095236,7226301681219241878,4726066217500179891,1,0,simplekt,
4221458705095236,7971854869041541728,5377371664411708739,1,0,simplekt,
4221458705095236,2639342166395335830,1742185772413642127,0,0,simplekt,
4221458705095236,7299646189593472158,1742185772413642127,0,0,simplekt,
4221458705095236,7299646189593472158,7744513373483970787,0,0,simplekt,
4221458705095236,8012362823995028652,7744513373483970787,0,0,simplekt,
4221458705095236,3507076541835130591,8553379303363759508,0,0,simplekt,
4221458705095236,5826558657143142027,8442572108069967032,1,0,simplekt,
4221458705095236,5826558657143142027,8553379303363759508,1,0,simplekt,
4221458705095236,6393977350362155600,6767671032930468346,0,0,simplekt,
4221458705095236,2322317800935342448,8434961942249729798,0,0,simplekt,
4221458705095236,55657490552908145,8553379303363759508,1,0,simplekt,
4221458705095236,8027028041876896105,1742185772413642127,0,0,simplekt,
4221458705095236,3388671979076350029,2971078979906996375,0,0,simplekt,
4221458705095236,7591109345808921544,1742185772413642127,1,0,simplekt,
4221458705095236,2986660907093963186,6440511557387709110,1,0,simplekt,
4221458705095236,2986660907093963186,2322042198017538996,1,0,simplekt,
4221458705095236,2774368076249802464,5841359775533910823,1,0,simplekt,
4221458705095236,2774368076249802464,8621262567927479011,1,0,simplekt,
4221458705095236,4113615466659810841,8553379303363759508,1,0,simplekt,
4221458705095236,6125574002232610732,2971078979906996375,1,0,simplekt,
4221458705095236,6925932688889117475,8553379303363759508,1,0,simplekt,
4221458705095236,7660717256841499384,7744513373483970787,1,0,simplekt,
4221458705095236,5327926725836733088,6125574002232610732,0,0,simplekt,
4221458705095236,6576675972090709229,6125574002232610732,0,0,simplekt,
4221458705095236,5203449856947311645,7660717256841499384,1,0,simplekt,
4221458705095236,5203449856947311645,2678037544306135052,1,0,simplekt,
4221458705095236,3220231712819306119,7660717256841499384,1,0,simplekt,
4221458705095236,257998406955142566,625545550176685521,1,0,simplekt,
4221458705095236,625545550176685521,2334639155148655290,1,0,simplekt,
4221458705095236,1761868641361943332,7660717256841499384,1,0,simplekt,
4221458705095236,3505704456158892852,7660717256841499384,1,0,simplekt,
4221458705095236,5621915724170514747,625545550176685521,1,0,simplekt,
4221458705095236,5977202446238383497,7660717256841499384,1,0,simplekt,
4221458705095236,8450591260754163598,4113615466659810841,1,0,simplekt,
4221458705095236,523555322873782074,7660717256841499384,1,0,simplekt,
4221458705095236,6493444536429221945,7660717256841499384,0,0,simplekt,
4221458705095236,7041525140720328358,6925932688889117475,0,0,simplekt,
4221458705095236,2806387048859442998,8903365289186067945,0,0,simplekt,
4221458705095236,3507982955793878583,8903365289186067945,1,0,simplekt,
4221458705095236,3613929414536646040,8903365289186067945,1,0,simplekt,
4221458705095236,4393950497766671118,8903365289186067945,1,0,simplekt,
4221458705095236,4957116784611094335,8903365289186067945,0,0,simplekt,
4221458705095236,4419884036032148801,8903365289186067945,1,0,simplekt,
4221458705095236,7776739510023025799,8903365289186067945,0,0,simplekt,
4221458705095236,2513901138998017447,8903365289186067945,0,0,simplekt,
4221458705095236,2401110688462848858,8903365289186067945,0,0,simplekt,
4221458705095236,6852980576875311153,2774368076249802464,0,0,simplekt,
4221458705095236,6274871102904385055,8903365289186067945,0,0,simplekt,
4221458705095236,338807275221326836,2774368076249802464,1,0,simplekt,
4221458705095236,4031585874086886353,2774368076249802464,1,0,simplekt,
4221458705095236,5791250638486922978,2774368076249802464,1,0,simplekt,
4221458705095236,6319743179241711738,8194071366621068887,1,0,simplekt,
4221458705095236,8628686323660025649,8903365289186067945,1,0,simplekt,
4221458705095236,1745020336870366416,5891620578387310353,0,0,simplekt,
4221458705095236,7849701508421617502,3977603873829794107,0,0,simplekt,
4221458705095236,8290791051997742448,3220231712819306119,0,0,simplekt,
4221458705095236,8125283135034641891,3157518658218824219,1,0,simplekt,
4221458705095236,1072961995235950530,338807275221326836,1,0,simplekt,
4221458705095236,7308238780198068988,338807275221326836,1,0,simplekt,
4221458705095236,1399662101429613325,2087380862434172594,0,0,simplekt,
4221458705095236,5598942769103361235,1553079256999111676,1,0,simplekt,
4221458705095236,717954268502935256,1553079256999111676,1,0,simplekt,
4221458705095236,4837222965526819153,1553079256999111676,1,0,simplekt,
4221458705095236,5606170298753235760,8450591260754163598,1,0,simplekt,
4221458705095236,5606170298753235760,2087380862434172594,1,0,simplekt,
4221458705095236,8137180092977869856,8450591260754163598,1,0,simplekt,
4221458705095236,1956263685640837203,338807275221326836,1,0,simplekt,
4221458705095236,5414780523018341515,8450591260754163598,1,0,simplekt,
4221458705095236,1833026020218724701,1553079256999111676,1,0,simplekt,
4221458705095236,9052512276510259999,8450591260754163598,1,0,simplekt,
4221458705095236,7966462723188529488,8450591260754163598,0,0,simplekt,
4221458705095236,5771048247599626204,8450591260754163598,1,0,simplekt,
4221458705095236,873734404548316197,8450591260754163598,1,0,simplekt,
4221458705095236,6599578021431124988,6587421150596252277,1,0,simplekt,
4221458705095236,6009114612477186870,6587421150596252277,1,0,simplekt,
4221458705095236,1012503189239668908,8437183932514773570,1,0,simplekt,
4221458705095236,2935824022273957791,8437183932514773570,1,0,simplekt,
4221458705095236,6012311905925706077,7137985937186816118,1,0,simplekt,
4221458705095236,1249946667551244754,8450591260754163598,1,0,simplekt,
4221458705095236,4380611683472616465,8437183932514773570,1,0,simplekt,
4221458705095236,4644376180860816503,6587421150596252277,1,0,simplekt,
4221458705095236,8960087278441796977,338807275221326836,1,0,simplekt,
4221458705095236,9021451755772882373,1553079256999111676,1,0,simplekt,
4221458705095236,3695277572730007841,5791250638486922978,1,0,simplekt,
4221458705095236,243369566058869586,6587421150596252277,1,0,simplekt,
4221458705095236,3688828376821709797,7137985937186816118,1,0,simplekt,
4221458705095236,7115807159188272944,8450591260754163598,1,0,simplekt,
4221458705095236,1323516988765165119,3994887349717137666,1,0,simplekt,
4221458705095236,4040262048452548404,3994887349717137666,1,0,simplekt,
4221458705095236,5221179564247458324,5791250638486922978,1,0,simplekt,
4221458705095236,5548463061557996427,1644854180222226950,1,0,simplekt,
4221458705095236,5586736422630505320,6417620605101166778,1,0,simplekt,
4221458705095236,8418124906833087392,3994887349717137666,1,0,simplekt,
4221458705095236,8341548564938805671,555625984027262014,1,0,simplekt,
4221458705095236,4564791698464941459,4031585874086886353,1,0,simplekt,
4221458705095236,7358762375416729811,2083452711903133430,1,0,simplekt,
4221458705095236,3302558858572269845,4378721629787482518,1,0,simplekt,
4221458705095236,8038371608467711416,5405953385245894923,1,0,simplekt,
4221458705095236,1456996564428091703,2083452711903133430,1,0,simplekt,
4221458705095236,1839212471879758874,4031585874086886353,1,0,simplekt,
4221458705095236,1839212471879758874,7601972610929176126,1,0,simplekt,
4221458705095236,3793792830682681521,5405953385245894923,1,0,simplekt,
4221458705095236,5304834934014070942,4031585874086886353,1,0,simplekt,
4221458705095236,5405953385245894923,2083452711903133430,1,0,simplekt,
4221458705095236,2232617003324426145,2083452711903133430,0,0,simplekt,
4221458705095236,3532454656107581301,4031585874086886353,1,0,simplekt,
4221458705095236,8987418253780962108,555625984027262014,0,0,simplekt,
4221458705095236,3897677353126341659,5595843663294468577,1,0,simplekt,
4221458705095236,382527925514868480,5595843663294468577,1,0,simplekt,
4221458705095236,3183155762485010705,5595843663294468577,1,0,simplekt,
4221458705095236,79126658049403925,5595843663294468577,0,0,simplekt,
4221458705095236,2720957202583513891,666632563056544558,0,0,simplekt,
4221458705095236,2720957202583513891,4644364625800006675,0,0,simplekt,
4221458705095236,2720957202583513891,6335654691543306314,0,0,simplekt,
4221458705095236,1752603483245834293,6319743179241711738,1,0,simplekt,
4221458705095236,6231246899517444062,4644364625800006675,1,0,simplekt,
4221458705095236,1573980168758008339,1620228599548467016,0,0,simplekt,
4221458705095236,4761036800788914352,5932668873100475470,1,0,simplekt,
4221458705095236,7262125457913130834,4644364625800006675,0,0,simplekt,
4221458705095236,6414808118135292002,5595843663294468577,1,0,simplekt,
4221458705095236,855094277003771932,1062464292871659639,1,0,simplekt,
4221458705095236,1520947013988716706,4813462692425748605,1,0,simplekt,
4221458705095236,1520947013988716706,4644364625800006675,1,0,simplekt,
4221458705095236,6356727965593955443,3586178338192106934,1,0,simplekt,
4221458705095236,7137985937186816118,5932668873100475470,1,0,simplekt,
4221458705095236,7564569009553397433,5581673844533041260,1,0,simplekt,
4221458705095236,4392112654307379430,6319743179241711738,1,0,simplekt,
4221458705095236,8726626743474558594,5595843663294468577,0,0,simplekt,
4221458705095236,8909224712135742953,1062464292871659639,1,0,simplekt,
4221458705095236,8909224712135742953,1062464292871659639,1,0,simplekt,
4221458705095236,3335719639886771293,2349564142150083418,1,0,simplekt,
4221458705095236,9064992506118431993,1418680419447008469,1,0,simplekt,
4221458705095236,8688287912320416101,3795512345256537003,1,0,simplekt,
4221458705095236,2809911546772231358,3795512345256537003,1,0,simplekt,
4221458705095236,2435205930912380745,1418680419447008469,1,0,simplekt,
4221458705095236,3647062293719374388,1418680419447008469,1,0,simplekt,
4221458705095236,2487461037695742997,7381422041526990924,1,0,simplekt,
4221458705095236,2113417758576180428,7381422041526990924,1,0,simplekt,
4221458705095236,1042750347398296980,7381422041526990924,0,0,simplekt,
4221458705095236,2331790322825457799,7381422041526990924,1,0,simplekt,
4221458705095236,4598085758775514206,594484301261397148,1,0,simplekt,
4221458705095236,7238847122963709881,594484301261397148,0,0,simplekt,
4221458705095236,2442334871272872675,594484301261397148,1,0,simplekt,
4221458705095236,5585725812180078751,594484301261397148,1,0,simplekt,
4221458705095236,1283545829440870941,594484301261397148,1,0,simplekt,
4221458705095236,7592253937885225243,594484301261397148,1,0,simplekt,
4221458705095236,6429818580404077843,1418680419447008469,1,0,simplekt,
4221458705095236,500918486176261774,594484301261397148,1,0,simplekt,
4221458705095236,2081896873364940242,7312291969267315939,1,0,simplekt,
4221458705095236,3031466401825614013,594484301261397148,0,0,simplekt,
4221458705095236,6716752416267324351,594484301261397148,1,0,simplekt,
4221458705095236,8129843608891208205,594484301261397148,1,0,simplekt,
4221458705095236,4560719101685283745,1418680419447008469,1,0,simplekt,
4221458705095236,8077900888757017988,1418680419447008469,1,0,simplekt,
4221458705095236,8077900888757017988,1418680419447008469,1,0,simplekt,
4221458705095236,8398942342651905271,594484301261397148,0,0,simplekt,
4221458705095236,5399261626541230889,4607388048970825422,1,0,simplekt,
4221458705095236,6102558346931911523,2500372166686333823,1,0,simplekt,
4221458705095236,2139775839720195858,4607388048970825422,1,0,simplekt,
4221458705095236,2139775839720195858,7137985937186816118,1,0,simplekt,
4221458705095236,7383869956935632416,4607388048970825422,1,0,simplekt,
4221458705095236,3890813091553988511,2500372166686333823,1,0,simplekt,
4221458705095236,6033858408592396138,2500372166686333823,1,0,simplekt,
4221458705095236,5761379740558431268,2953135825275070056,1,0,simplekt,
4221458705095236,5400681163626641324,2500372166686333823,0,0,simplekt,
4221458705095236,6645325642315848804,2500372166686333823,1,0,simplekt,
4221458705095236,724006025954102808,4607388048970825422,1,0,simplekt,
4221458705095236,375184405263788692,2500372166686333823,1,0,simplekt,
4221458705095236,456878871009050454,2500372166686333823,1,0,simplekt,
4221458705095236,3100876389124754186,7430095633397685637,1,0,simplekt,
4221458705095236,5483772617844162674,3414223954376217427,1,0,simplekt,
4221458705095236,7899206764410235437,2953135825275070056,1,0,simplekt,
4221458705095236,7811337634646641563,1418680419447008469,1,0,simplekt,
4221458705095236,5920690581544263358,2500372166686333823,1,0,simplekt,
4221458705095236,7478711582937413777,8021260812906271597,1,0,simplekt,
4221458705095236,7594706423364338125,4607388048970825422,1,0,simplekt,
4221458705095236,7594706423364338125,4607388048970825422,1,0,simplekt,
4221458705095236,2576960257270419186,6456304688997881806,1,0,simplekt,
4221458705095236,2576960257270419186,945565921951254878,1,0,simplekt,
4221458705095236,5623448580898929303,6456304688997881806,1,0,simplekt,
4221458705095236,5623448580898929303,945565921951254878,1,0,simplekt,
4221458705095236,5623448580898929303,6456304688997881806,1,0,simplekt,
4221458705095236,5623448580898929303,945565921951254878,1,0,simplekt,
4221458705095236,7602840716241768000,6456304688997881806,1,0,simplekt,
4221458705095236,7602840716241768000,945565921951254878,1,0,simplekt,
4221458705095236,4195329106839136902,6456304688997881806,1,0,simplekt,
4221458705095236,4195329106839136902,945565921951254878,1,0,simplekt,
4221458705095236,4375489625804735653,6456304688997881806,1,0,simplekt,
4221458705095236,4375489625804735653,945565921951254878,1,0,simplekt,
4221458705095236,2613929690640848764,1922602221628320208,1,0,simplekt,
4221458705095236,2613929690640848764,6713151476356104896,1,0,simplekt,
4221458705095236,3163791087444421440,1922602221628320208,1,0,simplekt,
4221458705095236,3163791087444421440,6713151476356104896,1,0,simplekt,
4221458705095236,3163791087444421440,1922602221628320208,1,0,simplekt,
4221458705095236,3163791087444421440,6713151476356104896,1,0,simplekt,
4221458705095236,7813528371200572434,8860457263355711329,1,0,simplekt,
4221458705095236,1771530153167929063,8860457263355711329,1,0,simplekt,
4221458705095236,7662360093890919526,1620228599548467016,1,0,simplekt,
4221458705095236,7662360093890919526,3695277572730007841,1,0,simplekt,
4221458705095236,5910498530874643037,1620228599548467016,1,0,simplekt,
4221458705095236,5910498530874643037,3695277572730007841,1,0,simplekt,
4221458705095236,6703174544397899212,1620228599548467016,1,0,simplekt,
4221458705095236,6703174544397899212,3695277572730007841,1,0,simplekt,
4221458705095236,6124094790161264582,6664130503876327269,1,0,simplekt,
4221458705095236,339533063856671049,6456304688997881806,1,0,simplekt,
4221458705095236,3018317019676942629,3695277572730007841,1,0,simplekt,
4221458705095236,4430478950099229791,5581673844533041260,1,0,simplekt,
4221458705095236,5831131246778465958,3695277572730007841,1,0,simplekt,
4221458705095236,7071646029904496111,3695277572730007841,1,0,simplekt,
4221458705095236,287641116298515468,8396066965787714901,1,0,simplekt,
4221458705095236,5282831772502765195,1461533708358448274,0,0,simplekt,
4221458705095236,8053098255007046142,7507664498454690336,1,0,simplekt,
4221458705095236,7350176134610615476,1809111747278392846,1,0,simplekt,
4221458705095236,7350176134610615476,1286827730621926626,1,0,simplekt,
4221458705095236,3519731247906523276,1809111747278392846,1,0,simplekt,
4221458705095236,3519731247906523276,1286827730621926626,1,0,simplekt,
4221458705095236,2195833539661043217,1809111747278392846,1,0,simplekt,
4221458705095236,2195833539661043217,1286827730621926626,1,0,simplekt,
4221458705095236,5589078369566869868,1809111747278392846,1,0,simplekt,
4221458705095236,5589078369566869868,1286827730621926626,1,0,simplekt,
4221458705095236,8217791436535403243,456878871009050454,0,0,simplekt,
4221458705095236,7483324394097726110,456878871009050454,0,0,simplekt,
4221458705095236,7483324394097726110,325754291254371692,0,0,simplekt,
4221458705095236,9157277179860516530,1286827730621926626,1,0,simplekt,
4221458705095236,8516304889786197350,8621262567927479011,1,0,simplekt,
4221458705095236,8516304889786197350,1286827730621926626,1,0,simplekt,
4221458705095236,1593735069603198199,3100876389124754186,1,0,simplekt,
4221458705095236,1593735069603198199,4796843345782257247,1,0,simplekt,
4221458705095236,3517078995162215015,4796843345782257247,1,0,simplekt,
4221458705095236,1640837721189861640,1286827730621926626,0,0,simplekt,
4221458705095236,1640837721189861640,4023090618520176218,0,0,simplekt,
4221458705095236,7838465219953497383,1286827730621926626,1,0,simplekt,
4221458705095236,7838465219953497383,4023090618520176218,1,0,simplekt,
4221458705095236,8246862687487187606,5483772617844162674,1,0,simplekt,
4221458705095236,3977603873829794107,7478711582937413777,1,0,simplekt,
4221458705095236,4069336213123147209,3100876389124754186,1,0,simplekt,
4221458705095236,5821369294207078714,3100876389124754186,1,0,simplekt,
4221458705095236,5821369294207078714,4796843345782257247,1,0,simplekt,
4221458705095236,7163156933085560357,6124094790161264582,1,0,simplekt,
4221458705095236,8042701804288818072,4023090618520176218,1,0,simplekt,
4221458705095236,6985481760789785284,6456304688997881806,1,0,simplekt,
4221458705095236,6985481760789785284,7594706423364338125,1,0,simplekt,
4221458705095236,1856930371502693412,5920690581544263358,1,0,simplekt,
4221458705095236,5797334606267118412,456878871009050454,1,0,simplekt,
4221458705095236,3772724022908305107,5623297772212155274,1,0,simplekt,
4221458705095236,9142049966906648835,5623297772212155274,1,0,simplekt,
4221458705095236,3832612156307966302,5623297772212155274,1,0,simplekt,
4221458705095236,3624945720705218814,5623297772212155274,1,0,simplekt,
4221458705095236,5729344881450366168,5623297772212155274,1,0,simplekt,
4221458705095236,7668731919309848261,5623297772212155274,1,0,simplekt,
4221458705095236,1725566820929970144,1470645355478017954,1,0,simplekt,
4221458705095236,426181551314142998,1470645355478017954,0,0,simplekt,
4221458705095236,468934350531827817,945565921951254878,1,0,simplekt,
4221458705095236,468934350531827817,7137985937186816118,1,0,simplekt,
4221458705095236,1362762775769029069,945565921951254878,0,0,simplekt,
4221458705095236,1362762775769029069,7137985937186816118,0,0,simplekt,
4221458705095236,6394695383634157230,945565921951254878,0,0,simplekt,
4221458705095236,6394695383634157230,3451790309599703332,0,0,simplekt,
4221458705095236,6394695383634157230,7137985937186816118,0,0,simplekt,
4221458705095236,8874718173425129548,6456304688997881806,1,0,simplekt,
4221458705095236,1239035252056260249,765686451306091390,0,0,simplekt,
4221458705095236,8208743102655574034,5623297772212155274,0,0,simplekt,
4221458705095236,460500674160906601,765686451306091390,1,0,simplekt,
4221458705095236,4136257810568368026,5487204154853305298,1,0,simplekt,
4221458705095236,8901794004028416126,765686451306091390,0,0,simplekt,
4221458705095236,3935642131023609715,765686451306091390,0,0,simplekt,
4221458705095236,1987307131611771257,456878871009050454,1,0,simplekt,
4221458705095236,3011641684070639493,765686451306091390,0,0,simplekt,
4221458705095236,3077626541526962912,5050855226071658437,0,0,simplekt,
4221458705095236,3218962627769354827,7564569009553397433,1,0,simplekt,
4221458705095236,3457758567187108010,5233639500475075064,1,0,simplekt,
4221458705095236,4034177615595005028,765686451306091390,0,0,simplekt,
4221458705095236,5096421875824856562,5623297772212155274,1,0,simplekt,
4221458705095236,5409961904642094912,4560719101685283745,0,0,simplekt,
4221458705095236,5659058786679925432,8367424958112124046,0,0,simplekt,
4221458705095236,5775041111662995724,7104105291018701155,0,0,simplekt,
4221458705095236,5775041111662995724,1461533708358448274,0,0,simplekt,
4221458705095236,5775041111662995724,2200223852542584006,0,0,simplekt,
4221458705095236,7042075490530381380,5623297772212155274,1,0,simplekt,
4221458705095236,7483338911514704007,8398942342651905271,1,0,simplekt,
4221458705095236,8269054062168725776,5177537323723370804,1,0,simplekt,
4221458705095236,9189847969813009733,3100876389124754186,0,0,simplekt,
4221458705095236,9189847969813009733,4796843345782257247,0,0,simplekt,
4221458705095236,3101224498948786626,7877160466076973101,1,0,simplekt,
4221458705095236,1726769798644809705,7877160466076973101,1,0,simplekt,
4221458705095236,1726769798644809705,7877160466076973101,1,0,simplekt,
4221458705095236,3973362612645892720,7877160466076973101,0,0,simplekt,
4221458705095236,4147399948521361923,7877160466076973101,1,0,simplekt,
4221458705095236,9023137825787198513,7877160466076973101,0,0,simplekt,
4221458705095236,3954431150827949799,2240774251905964566,0,0,simplekt,
4221458705095236,3954431150827949799,6899671937378175901,0,0,simplekt,
4221458705095236,3954431150827949799,7137985937186816118,0,0,simplekt,
4221458705095236,6856246182355369865,5540293484639694862,1,0,simplekt,
4221458705095236,6856246182355369865,945565921951254878,1,0,simplekt,
4221458705095236,8318244571792111455,6899671937378175901,1,0,simplekt,
4221458705095236,8318244571792111455,7137985937186816118,1,0,simplekt,
4221458705095236,556567073988125642,5831131246778465958,1,0,simplekt,
4221458705095236,6133642593595202758,8946122040834336764,1,0,simplekt,
15704075069679258,4389874806525329152,17368298824386454,1,0,simplekt,
15704075069679258,8048688556918675420,4963196153483966673,1,0,simplekt,
15704075069679258,8742042833452882078,1035367362361933335,1,0,simplekt,
15704075069679258,8742042833452882078,17368298824386454,1,0,simplekt,
15704075069679258,1440354453570655004,1061301253559417093,1,0,simplekt,
15704075069679258,6612232247280708430,2042035842694401475,0,0,simplekt,
15704075069679258,3386664800761312538,1061301253559417093,1,0,simplekt,
15704075069679258,5626355055055545431,6822117125000922910,1,0,simplekt,
15704075069679258,8864809465971284028,2042035842694401475,0,0,simplekt,
15704075069679258,2617896377082299948,265024722754351077,1,0,simplekt,
15704075069679258,7312291969267315939,1528367322763859649,0,0,simplekt,
15704075069679258,7433909518649792585,8637767708838786270,1,0,simplekt,
15704075069679258,440811783466147539,3695961057996457232,0,0,simplekt,
15704075069679258,5828402920911886260,3018317019676942629,0,0,simplekt,
15704075069679258,5490559300243077051,1761868641361943332,0,0,simplekt,
15704075069679258,6486630054478318040,1761868641361943332,1,0,simplekt,
15704075069679258,6517113776429692278,1761868641361943332,1,0,simplekt,
15704075069679258,7965831049474231792,8019950075815571462,0,0,simplekt,
15704075069679258,2725078147122156143,5282831772502765195,0,0,simplekt,
15704075069679258,3252826287101409243,287641116298515468,0,0,simplekt,
15704075069679258,8879857825588577091,578064138689923259,1,0,simplekt,
15704075069679258,6367134154746722904,4644364625800006675,0,0,simplekt,
15704075069679258,7720023935998103763,4644364625800006675,0,0,simplekt,
15704075069679258,3710412657629285952,6945730151184930199,0,0,simplekt,
15704075069679258,6017410436784829725,5581673844533041260,1,0,simplekt,
15704075069679258,9016849573897402781,3586178338192106934,0,0,simplekt,
15704075069679258,1625359377637083757,3590579358937072411,1,0,simplekt,
15704075069679258,6538327640702579785,7381422041526990924,1,0,simplekt,
15704075069679258,7930937476740677286,1418680419447008469,1,0,simplekt,
15704075069679258,461444768761955221,1418680419447008469,1,0,simplekt,
15704075069679258,1521444483287362772,1418680419447008469,1,0,simplekt,
15704075069679258,1561828096740638348,1418680419447008469,1,0,simplekt,
15704075069679258,3005237573196022570,1418680419447008469,1,0,simplekt,
15704075069679258,5186597158897031198,1418680419447008469,1,0,simplekt,
15704075069679258,6122976203044086678,8246862687487187606,1,0,simplekt,
15704075069679258,6496413965580900652,8996174276804908917,1,0,simplekt,
15704075069679258,8751465252612365760,7381422041526990924,1,0,simplekt,
15704075069679258,1217036946970550577,5821369294207078714,1,0,simplekt,
15704075069679258,3775426114325106060,2630166442278202703,1,0,simplekt,
15704075069679258,8756464069594048274,5761106556343021166,1,0,simplekt,
15704075069679258,3922464109465709564,2630166442278202703,1,0,simplekt,
15704075069679258,5435182233596528442,2630166442278202703,1,0,simplekt,
15704075069679258,157554714815648895,5761106556343021166,0,0,simplekt,
15704075069679258,2410338549246672997,2630166442278202703,0,0,simplekt,
15704075069679258,8571634011969914262,5761106556343021166,0,0,simplekt,
15704075069679258,1791598460737769462,3220231712819306119,1,0,simplekt,
15704075069679258,3708096476104167317,4981016869870220101,1,0,simplekt,
15704075069679258,8976951557060279940,8194071366621068887,1,0,simplekt,
15704075069679258,1348436666187397446,3220231712819306119,1,0,simplekt,
15704075069679258,5416755428331252720,8903365289186067945,1,0,simplekt,
15704075069679258,5747513179381335677,3252826287101409243,1,0,simplekt,
15704075069679258,5747513179381335677,5140154928761940633,1,0,simplekt,
15704075069679258,5747513179381335677,9032608968603454747,1,0,simplekt,
15704075069679258,8191757290346900152,4981016869870220101,1,0,simplekt,
15704075069679258,8365467004560080465,8903365289186067945,1,0,simplekt,
15704075069679258,3515011956403318829,3220231712819306119,1,0,simplekt,
15704075069679258,6237167959125509069,3220231712819306119,1,0,simplekt,
15704075069679258,8225654767877445153,6985481760789785284,0,0,simplekt,
15704075069679258,2919308449405755174,3977603873829794107,1,0,simplekt,
15704075069679258,6907244923739511590,8525319303741530302,0,0,simplekt,
15704075069679258,8130046184368887376,6985481760789785284,1,0,simplekt,
15704075069679258,4505643652580096432,8903365289186067945,1,0,simplekt,
15704075069679258,5102161112014440215,3220231712819306119,1,0,simplekt,
15704075069679258,8600282194503590507,7163156933085560357,1,0,simplekt,
15704075069679258,1864575249920351416,3220231712819306119,1,0,simplekt,
15704075069679258,3136077193368137293,2240774251905964566,0,0,simplekt,
15704075069679258,8199976261843181908,5140154928761940633,1,0,simplekt,
15704075069679258,8199976261843181908,4824259625677886603,1,0,simplekt,
15704075069679258,8199976261843181908,1856930371502693412,1,0,simplekt,
15704075069679258,360134004740883987,1742185772413642127,1,0,simplekt,
15704075069679258,9203771242410328293,1742185772413642127,1,0,simplekt,
15704075069679258,3461647396539833282,1742185772413642127,1,0,simplekt,
15704075069679258,3461647396539833282,2042035842694401475,1,0,simplekt,
15704075069679258,8070800009731413099,1742185772413642127,1,0,simplekt,
15704075069679258,660778374576920296,1742185772413642127,1,0,simplekt,
15704075069679258,660778374576920296,6038104030264466633,1,0,simplekt,
15704075069679258,7367733278036175273,1742185772413642127,1,0,simplekt,
15704075069679258,7367733278036175273,2042035842694401475,1,0,simplekt,
15704075069679258,1747455970233689502,1239035252056260249,0,0,simplekt,
15704075069679258,2741444590828744013,2008979487187357059,1,0,simplekt,
15704075069679258,8326978115401360605,8161041551138141528,1,0,simplekt,
15704075069679258,3016227619091591973,727042050873976136,1,0,simplekt,
15704075069679258,4246873457848590626,6847502242749017216,1,0,simplekt,
15704075069679258,4405407320728896669,936324378259014250,1,0,simplekt,
15704075069679258,6340722153999614323,1609137421269019972,1,0,simplekt,
15704075069679258,6707472437952949920,5797334606267118412,1,0,simplekt,
15704075069679258,7361445611036400505,5797334606267118412,1,0,simplekt,
15704075069679258,7818262784267116398,936324378259014250,1,0,simplekt,
15704075069679258,8229847730336558185,5797334606267118412,1,0,simplekt,
15704075069679258,5476204502823458136,5797334606267118412,1,0,simplekt,
15704075069679258,7135928945169882299,936324378259014250,1,0,simplekt,
15704075069679258,8024399540510336409,5797334606267118412,1,0,simplekt,
15704075069679258,590590093314666522,8253624017608095921,1,0,simplekt,
15704075069679258,600506725644254316,3638162062903617806,1,0,simplekt,
15704075069679258,3836914043585992532,3971525123056884045,1,0,simplekt,
15704075069679258,3198168164965099291,3101224498948786626,1,0,simplekt,
15704075069679258,3553719056300620847,3101224498948786626,1,0,simplekt,
15704075069679258,3553719056300620847,3178544432443442935,1,0,simplekt,
15704075069679258,3906961233241961714,3638162062903617806,1,0,simplekt,
15704075069679258,4118775619619374053,8950070277425661346,1,0,simplekt,
15704075069679258,4276222380850084481,8253624017608095921,1,0,simplekt,
15704075069679258,4776267685198164865,8253624017608095921,1,0,simplekt,
15704075069679258,4776267685198164865,3178544432443442935,1,0,simplekt,
15704075069679258,5317755115967641946,5816909911210222449,1,0,simplekt,
15704075069679258,7485482174662094794,8208743102655574034,1,0,simplekt,
15704075069679258,7485482174662094794,3178544432443442935,1,0,simplekt,
15704075069679258,6149932927129003193,594484301261397148,1,0,simplekt,
15704075069679258,7841868007873128322,8073309323246448334,0,0,simplekt,
15704075069679258,7841868007873128322,7774449722279171250,0,0,simplekt,
15704075069679258,9030594617295178947,594484301261397148,1,0,simplekt,
15704075069679258,1805233863060010564,594484301261397148,1,0,simplekt,
15704075069679258,5323872699137754545,1726769798644809705,1,0,simplekt,
15704075069679258,5492474962769016235,594484301261397148,1,0,simplekt,
15704075069679258,7710856546533289813,3990069655864291204,1,0,simplekt,
15704075069679258,7710856546533289813,4147399948521361923,1,0,simplekt,
15704075069679258,7710856546533289813,594484301261397148,1,0,simplekt,
15704075069679258,7788761949031551269,594484301261397148,1,0,simplekt,
15704075069679258,500918486176261774,594484301261397148,1,0,simplekt,
15704075069679258,6716752416267324351,594484301261397148,1,0,simplekt,
15704075069679258,2277551084322778170,1942256407192639244,1,0,simplekt,
15704075069679258,2475393933162743133,6829111499768831843,1,0,simplekt,
15704075069679258,4722348699807249600,6829111499768831843,0,0,simplekt,
15704075069679258,8253780278603646262,1942256407192639244,1,0,simplekt,
15704075069679258,8270895740557749645,6829111499768831843,1,0,simplekt,
15704075069679258,1171199647025452274,7135928945169882299,1,0,simplekt,
15704075069679258,4705117146192636764,5352506090629549300,1,0,simplekt,
15704075069679258,727042050873976136,5536749322359707528,1,0,simplekt,
15704075069679258,1155914148622653541,5177537323723370804,1,0,simplekt,
15704075069679258,479698173788854790,6829111499768831843,1,0,simplekt,
15704075069679258,814010015360571841,278327630535823712,0,0,simplekt,
15704075069679258,4390097729138608245,5476204502823458136,0,0,simplekt,
15704075069679258,4462640131271493571,8575610639500092945,1,0,simplekt,
15704075069679258,9083169879347368281,2823547883153135285,1,0,simplekt,
15704075069679258,190304769087812475,5536749322359707528,1,0,simplekt,
15704075069679258,3712398040798988323,5177537323723370804,1,0,simplekt,
15704075069679258,7795138037346182807,5536749322359707528,1,0,simplekt,
15704075069679258,1234936341499360615,278327630535823712,1,0,simplekt,
15704075069679258,3597529932525550978,278327630535823712,1,0,simplekt,
15704075069679258,3978453283785143135,8575610639500092945,1,0,simplekt,
15704075069679258,5012371714287083063,278327630535823712,1,0,simplekt,
15704075069679258,6021707241729149940,2823547883153135285,1,0,simplekt,
15704075069679258,9003313762168277839,2823547883153135285,1,0,simplekt,
15704075069679258,1121940775251872465,8575610639500092945,1,0,simplekt,
15704075069679258,2100369082476677420,8367424958112124046,0,0,simplekt,
15704075069679258,2137624450979789575,775355032693172961,1,0,simplekt,
15704075069679258,8760902147812454686,8398942342651905271,1,0,simplekt,
15704075069679258,2648677987279156219,775355032693172961,1,0,simplekt,
15704075069679258,4963196153483966673,8398942342651905271,1,0,simplekt,
15704075069679258,5039956646084470945,8367424958112124046,0,0,simplekt,
15704075069679258,1349905028292941480,278327630535823712,1,0,simplekt,
15704075069679258,2401311408747841446,1084649001726918227,1,0,simplekt,
15704075069679258,8329990500825763282,2823547883153135285,1,0,simplekt,
15704075069679258,17368298824386454,8398942342651905271,0,0,simplekt,
15704075069679258,734369966340828072,8398942342651905271,1,0,simplekt,
15704075069679258,4448951766033134818,775355032693172961,0,0,simplekt,
15704075069679258,5799546763837173307,8398942342651905271,1,0,simplekt,
15704075069679258,8433182589722869111,8398942342651905271,0,0,simplekt,
15704075069679258,8616209655723878087,775355032693172961,0,0,simplekt,
15704075069679258,6136197739877716460,6166840127928669213,1,0,simplekt,
15704075069679258,6827114036858291371,1319354917418119610,0,0,simplekt,
15704075069679258,8409094004193965575,627168865907866627,1,0,simplekt,
15704075069679258,677718427031623301,1639416985777663729,0,0,simplekt,
15704075069679258,7409015190894677172,4486687310278624666,0,0,simplekt,
15704075069679258,6994544439163477228,1639416985777663729,0,0,simplekt,
15704075069679258,5157498106814022360,3755360326898657107,1,0,simplekt,
15704075069679258,5157498106814022360,4054327785515237713,1,0,simplekt,
15704075069679258,1546170515203119588,4054327785515237713,0,0,simplekt,
15704075069679258,4568239595003290962,2693181881020862458,0,0,simplekt,
15704075069679258,8246631950094453533,1639416985777663729,0,0,simplekt,
15704075069679258,6136197739877716460,6166840127928669213,1,0,simplekt,
15704075069679258,6827114036858291371,1319354917418119610,1,0,simplekt,
15704075069679258,8409094004193965575,627168865907866627,1,0,simplekt,
15704075069679258,5212433577847969047,4054327785515237713,1,0,simplekt,
15704075069679258,6108091120767529240,1639416985777663729,1,0,simplekt,
15704075069679258,3007818030939477984,4486687310278624666,0,0,simplekt,
15704075069679258,7083597632131215170,4054327785515237713,1,0,simplekt,
15704075069679258,8457451826951989165,1639416985777663729,1,0,simplekt,
15704075069679258,1222407798012817380,8628686323660025649,0,0,simplekt,
15704075069679258,7078830972705558821,2083452711903133430,1,0,simplekt,
15704075069679258,2420520599624494102,2083452711903133430,0,0,simplekt,
15704075069679258,8646396182761933454,4378721629787482518,0,0,simplekt,
15704075069679258,1456996564428091703,2083452711903133430,0,0,simplekt,
15704075069679258,1526710983743951833,8628686323660025649,0,0,simplekt,
15704075069679258,3977409742824404532,5405953385245894923,0,0,simplekt,
15704075069679258,4918977494690725619,5405953385245894923,0,0,simplekt,
15704075069679258,5617269955545469221,5405953385245894923,1,0,simplekt,
15704075069679258,8338517937724927955,2083452711903133430,0,0,simplekt,
15704075069679258,5226329595444562138,950578831566646851,1,0,simplekt,
15704075069679258,8144376941144135881,2083452711903133430,1,0,simplekt,
15704075069679258,2630505475243948786,8804835143599550923,0,0,simplekt,
15704075069679258,8931749632723040425,6847502242749017216,0,0,simplekt,
15704075069679258,5677422322508975122,2412386674616941727,0,0,simplekt,
15704075069679258,1831749923487290624,2240774251905964566,1,0,simplekt,
15704075069679258,3609734615175578277,2240774251905964566,1,0,simplekt,
15704075069679258,4388525608718222014,2240774251905964566,1,0,simplekt,
15704075069679258,4388525608718222014,1638799697749911200,1,0,simplekt,
15704075069679258,136342926362060034,4474026859818477437,0,0,simplekt,
15704075069679258,254889314520768006,2412386674616941727,0,0,simplekt,
15704075069679258,9181927448682982758,2412386674616941727,0,0,simplekt,
15704075069679258,2229157640543804668,4526863928383273751,1,0,simplekt,
15704075069679258,2419480025146918610,4526863928383273751,1,0,simplekt,
15704075069679258,4403133428956178902,2412386674616941727,1,0,simplekt,
15704075069679258,5319011735380609624,4474026859818477437,1,0,simplekt,
15704075069679258,5407828324398549496,2412386674616941727,1,0,simplekt,
15704075069679258,3356952560767624663,4526863928383273751,0,0,simplekt,
15704075069679258,6579167398366559077,4526863928383273751,0,0,simplekt,
15704075069679258,2231500381287999366,4526863928383273751,1,0,simplekt,
15704075069679258,3314532806419758275,4526863928383273751,1,0,simplekt,
15704075069679258,5599391198843191400,4526863928383273751,1,0,simplekt,
15704075069679258,5935691721591015003,4526863928383273751,1,0,simplekt,
15704075069679258,6912879333762541144,4526863928383273751,1,0,simplekt,
15704075069679258,8140332280231121006,6256368340148503862,1,0,simplekt,
15704075069679258,4983201600057156287,8257095676522850515,0,0,simplekt,
15704075069679258,2530462478681717021,6777721936409208091,1,0,simplekt,
15704075069679258,2530462478681717021,1349015927524233791,1,0,simplekt,
15704075069679258,6452557844992668973,8257095676522850515,1,0,simplekt,
15704075069679258,5958123875580086745,8257095676522850515,1,0,simplekt,
15704075069679258,617692350657418114,4355865024520386185,0,0,simplekt,
15704075069679258,1374602632651399802,8257095676522850515,1,0,simplekt,
15704075069679258,2457868973054174420,8257095676522850515,1,0,simplekt,
15704075069679258,2568707154491466498,2527237414009188471,1,0,simplekt,
15704075069679258,3904592047260261162,1722290814234752206,0,0,simplekt,
15704075069679258,5216038448734267549,3823348261283868936,0,0,simplekt,
15704075069679258,7172996842918330814,3005237573196022570,0,0,simplekt,
15704075069679258,7172996842918330814,3521847891710846645,0,0,simplekt,
15704075069679258,621323422024138580,3823348261283868936,0,0,simplekt,
15704075069679258,3922110250662496161,3823348261283868936,1,0,simplekt,
15704075069679258,167409757458153278,4355865024520386185,0,0,simplekt,
15704075069679258,3317615472243079555,659998439198894423,0,0,simplekt,
15704075069679258,3317615472243079555,3823348261283868936,0,0,simplekt,
15704075069679258,7104105291018701155,3823348261283868936,0,0,simplekt,
15704075069679258,6648092291010264202,1035367362361933335,1,0,simplekt,
15704075069679258,384764315619426508,2490719368767642283,1,0,simplekt,
15704075069679258,2858423625938753048,8965242899239828151,0,0,simplekt,
15704075069679258,2858423625938753048,4355865024520386185,0,0,simplekt,
15704075069679258,6750855715036353207,3823348261283868936,1,0,simplekt,
15704075069679258,5221814168049107787,8903365289186067945,0,0,simplekt,
15704075069679258,6075423682824025943,5940889310070452911,0,0,simplekt,
15704075069679258,6717948915470803660,2774368076249802464,0,0,simplekt,
15704075069679258,6080454475429592540,8903365289186067945,0,0,simplekt,
15704075069679258,2256372558845299038,2774368076249802464,0,0,simplekt,
15704075069679258,3100726898012878474,2774368076249802464,0,0,simplekt,
15704075069679258,4544446885381517462,5940889310070452911,0,0,simplekt,
15704075069679258,4913550775100811139,8903365289186067945,0,0,simplekt,
15704075069679258,1756250196162009919,2774368076249802464,0,0,simplekt,
15704075069679258,2191824904512646526,7409015190894677172,0,0,simplekt,
15704075069679258,2191824904512646526,1638799697749911200,0,0,simplekt,
15704075069679258,2752868115089102383,2774368076249802464,0,0,simplekt,
15704075069679258,3693372025520714465,2774368076249802464,0,0,simplekt,
15704075069679258,3739538525079685920,2774368076249802464,0,0,simplekt,
15704075069679258,3935520650304625319,8903365289186067945,0,0,simplekt,
15704075069679258,5080734890877835419,6994544439163477228,0,0,simplekt,
15704075069679258,6145721154530904521,8903365289186067945,0,0,simplekt,
15704075069679258,6318697856994607518,8903365289186067945,0,0,simplekt,
15704075069679258,8104578957537779709,2240774251905964566,0,0,simplekt,
15704075069679258,8104578957537779709,8903365289186067945,0,0,simplekt,
15704075069679258,2901516316623824541,7444476343858270082,1,0,simplekt,
15704075069679258,3188307868030298213,8553379303363759508,1,0,simplekt,
15704075069679258,3637782032956134918,8952147277934020296,0,0,simplekt,
15704075069679258,3637782032956134918,8553379303363759508,0,0,simplekt,
15704075069679258,9115558964403805572,1035367362361933335,1,0,simplekt,
15704075069679258,9115558964403805572,6440511557387709110,1,0,simplekt,
15704075069679258,9115558964403805572,2322042198017538996,1,0,simplekt,
15704075069679258,9115558964403805572,7367733278036175273,1,0,simplekt,
15704075069679258,395158972813196562,8952147277934020296,1,0,simplekt,
15704075069679258,499415909107993545,8553379303363759508,0,0,simplekt,
15704075069679258,745937543239567782,4963196153483966673,0,0,simplekt,
15704075069679258,745937543239567782,8952147277934020296,0,0,simplekt,
15704075069679258,1045939723569769010,1035367362361933335,1,0,simplekt,
15704075069679258,1277583981950536507,8952147277934020296,0,0,simplekt,
15704075069679258,1376334605523658368,2042035842694401475,0,0,simplekt,
15704075069679258,2543340345364427399,8952147277934020296,0,0,simplekt,
15704075069679258,5718265418398880457,8952147277934020296,0,0,simplekt,
15704075069679258,6798630857835092045,7444476343858270082,1,0,simplekt,
15704075069679258,7061488257467477665,8952147277934020296,1,0,simplekt,
15704075069679258,1269744872096353592,3204183443604364643,0,0,simplekt,
15704075069679258,7396464520628537623,7802467190713408940,0,0,simplekt,
15704075069679258,9063856950781488679,3971525123056884045,1,0,simplekt,
15704075069679258,6247826181829757250,4984932258032991605,0,0,simplekt,
15704075069679258,3144950485861541755,3971525123056884045,1,0,simplekt,
15704075069679258,4305730207960127256,727042050873976136,1,0,simplekt,
15704075069679258,4559676081137347189,3204183443604364643,0,0,simplekt,
15704075069679258,4559676081137347189,3971525123056884045,0,0,simplekt,
15704075069679258,6280585725948257772,5797334606267118412,1,0,simplekt,
15704075069679258,2085693395446546242,6108091120767529240,1,0,simplekt,
15704075069679258,2100613894581432728,227262282044896366,1,0,simplekt,
15704075069679258,4363885708927850683,3971525123056884045,0,0,simplekt,
15704075069679258,4554820506179817105,3971525123056884045,0,0,simplekt,
15704075069679258,5576694904266784153,3971525123056884045,0,0,simplekt,
15704075069679258,7591569047079140023,727042050873976136,0,0,simplekt,
15704075069679258,7591569047079140023,5797334606267118412,0,0,simplekt,
15704075069679258,7591569047079140023,7802467190713408940,0,0,simplekt,
15704075069679258,8444596411580810369,3204183443604364643,0,0,simplekt,
15704075069679258,8444596411580810369,3971525123056884045,0,0,simplekt,
15704075069679258,8648751234568997145,727042050873976136,1,0,simplekt,
15704075069679258,8719615833537419001,727042050873976136,0,0,simplekt,
15704075069679258,8719615833537419001,5797334606267118412,0,0,simplekt,
15704075069679258,8719615833537419001,7802467190713408940,0,0,simplekt,
15704075069679258,8963493453376579690,3101224498948786626,1,0,simplekt,
15704075069679258,8963493453376579690,3971525123056884045,1,0,simplekt,
15704075069679258,2033945201824530036,8685139025305292110,0,0,simplekt,
15704075069679258,2131821587328919271,8257095676522850515,0,0,simplekt,
15704075069679258,4682026176989577260,8257095676522850515,0,0,simplekt,
15704075069679258,6570403878688459638,8412574286969789961,0,0,simplekt,
15704075069679258,7524824912779503903,4474026859818477437,0,0,simplekt,
15704075069679258,8977852297973353225,2412386674616941727,1,0,simplekt,
15704075069679258,9035987711063824009,8257095676522850515,0,0,simplekt,
15704075069679258,900070306081223816,8952147277934020296,0,0,simplekt,
15704075069679258,3234057363147393949,5940889310070452911,0,0,simplekt,
15704075069679258,4671761241928607738,6994544439163477228,0,0,simplekt,
15704075069679258,5940685374315347037,8903365289186067945,0,0,simplekt,
15704075069679258,6272395854004115794,8553379303363759508,0,0,simplekt,
15704075069679258,6452140347453806875,6307345462758042553,0,0,simplekt,
15704075069679258,6452140347453806875,8194071366621068887,0,0,simplekt,
15704075069679258,7029119663948825750,4355865024520386185,0,0,simplekt,
15704075069679258,7226352855003316081,4355865024520386185,0,0,simplekt,
15704075069679258,7226352855003316081,1722290814234752206,0,0,simplekt,
15704075069679258,7511454868937827199,1155914148622653541,0,0,simplekt,
15704075069679258,8106005338579207522,1469839694390370469,0,0,simplekt,
15704075069679258,349001610909101374,2014268979504181100,1,0,simplekt,
15704075069679258,4173298925885015858,3971525123056884045,1,0,simplekt,
15704075069679258,4654460341639747107,5797334606267118412,1,0,simplekt,
15704075069679258,6954638006308017606,1073629390141817738,1,0,simplekt,
15704075069679258,282468254407962637,1651060061902010516,1,0,simplekt,
15704075069679258,3073353602027142980,8573800373938698102,1,0,simplekt,
15704075069679258,6874087588793662221,816286915455981984,1,0,simplekt,
15704075069679258,1148059239911857311,1222407798012817380,1,0,simplekt,
15704075069679258,2306006632349364332,1651060061902010516,1,0,simplekt,
15704075069679258,3346197552782881448,2014268979504181100,1,0,simplekt,
15704075069679258,7248903972195788289,461444768761955221,1,0,simplekt,
15704075069679258,7248903972195788289,816286915455981984,1,0,simplekt,
15704075069679258,945565921951254878,2014268979504181100,1,0,simplekt,
15704075069679258,2412745734470053942,816286915455981984,0,0,simplekt,
15704075069679258,3144650951437391343,3973362612645892720,1,0,simplekt,
15704075069679258,3810690575819217641,1651060061902010516,1,0,simplekt,
15704075069679258,4212276336065648477,1651060061902010516,0,0,simplekt,
15704075069679258,4667191227448225636,461444768761955221,1,0,simplekt,
15704075069679258,6221193430657295116,1651060061902010516,1,0,simplekt,
15704075069679258,6801647335265320005,2014268979504181100,1,0,simplekt,
15704075069679258,7122625606333777249,461444768761955221,1,0,simplekt,
15704075069679258,7122625606333777249,2014268979504181100,1,0,simplekt,
15704075069679258,7122625606333777249,1561828096740638348,1,0,simplekt,
15704075069679258,7122625606333777249,1222407798012817380,1,0,simplekt,
15704075069679258,7691544817776266367,1651060061902010516,1,0,simplekt,
15704075069679258,1664201055941281353,190304769087812475,0,0,simplekt,
15704075069679258,76861115719997282,325754291254371692,1,0,simplekt,
15704075069679258,76861115719997282,5841359775533910823,1,0,simplekt,
15704075069679258,8914436619273109770,456878871009050454,1,0,simplekt,
15704075069679258,8230232076200163170,1742185772413642127,1,0,simplekt,
15704075069679258,8246862687487187606,5483772617844162674,0,0,simplekt,
15704075069679258,8915707948909039697,5483772617844162674,0,0,simplekt,
15704075069679258,2077889144686882393,456878871009050454,0,0,simplekt,
15704075069679258,2077889144686882393,9023137825787198513,0,0,simplekt,
15704075069679258,7862952609059392137,456878871009050454,1,0,simplekt,
15704075069679258,178867487518601692,3386664800761312538,1,0,simplekt,
15704075069679258,1286827730621926626,9023137825787198513,0,0,simplekt,
15704075069679258,5563821932250230450,4217300911507384862,1,0,simplekt,
15704075069679258,8392500195579636452,325754291254371692,0,0,simplekt,
15704075069679258,8392500195579636452,456878871009050454,0,0,simplekt,
15704075069679258,6981780584260173218,3386664800761312538,0,0,simplekt,
15704075069679258,7927475417426798988,3386664800761312538,0,0,simplekt,
15704075069679258,2066519149559656477,3386664800761312538,1,0,simplekt,
15704075069679258,5158701880648208970,3386664800761312538,1,0,simplekt,
15704075069679258,9193201885092324009,3386664800761312538,1,0,simplekt,
15704075069679258,206555899032063829,3386664800761312538,0,0,simplekt,
15704075069679258,206555899032063829,6416767787933835412,0,0,simplekt,
15704075069679258,1221108426739271274,3386664800761312538,1,0,simplekt,
15704075069679258,2421518773427023370,5797334606267118412,0,0,simplekt,
15704075069679258,2421518773427023370,7802467190713408940,0,0,simplekt,
15704075069679258,3407873849159642459,3386664800761312538,0,0,simplekt,
15704075069679258,7515619534248914601,3386664800761312538,1,0,simplekt,
15704075069679258,7515619534248914601,1121940775251872465,1,0,simplekt,
15704075069679258,8621089085595606422,3386664800761312538,1,0,simplekt,
15704075069679258,8799643614547191358,3386664800761312538,1,0,simplekt,
15704075069679258,7883033672340726930,3386664800761312538,1,0,simplekt,
15704075069679258,7883033672340726930,1121940775251872465,1,0,simplekt,
15704075069679258,8329011640354200475,3386664800761312538,1,0,simplekt,
15704075069679258,9090586450638319759,1121940775251872465,1,0,simplekt,
25273326287804327,1862346565431085975,2823547883153135285,1,0,simplekt,
25273326287804327,8299018958941879269,2823547883153135285,1,0,simplekt,
25273326287804327,7471804009089253662,2823547883153135285,1,0,simplekt,
25273326287804327,4470295879479861356,2823547883153135285,1,0,simplekt,
25273326287804327,1335386251285846136,278327630535823712,0,0,simplekt,
25273326287804327,2854554382195754928,8575610639500092945,1,0,simplekt,
25273326287804327,8807222531363608308,2823547883153135285,0,0,simplekt,
25273326287804327,829830632580500791,2823547883153135285,1,0,simplekt,
25273326287804327,2905988991456007683,2823547883153135285,0,0,simplekt,
25273326287804327,8574543948364750657,2823547883153135285,1,0,simplekt,
25273326287804327,313282360408327687,2823547883153135285,0,0,simplekt,
25273326287804327,730650780648355454,2823547883153135285,0,0,simplekt,
25273326287804327,8915598569697312767,6421511779947974192,1,0,simplekt,
25273326287804327,8551836091936472867,5287993638298451617,1,0,simplekt,
25273326287804327,8619197356828832564,5287993638298451617,1,0,simplekt,
25273326287804327,2451098320640536574,4355865024520386185,1,0,simplekt,
25273326287804327,2235089003639397232,1155914148622653541,0,0,simplekt,
25273326287804327,8747185812046914466,8053098255007046142,1,0,simplekt,
25273326287804327,391500893232447138,8053098255007046142,1,0,simplekt,
25273326287804327,50533737423328789,8864309922340784357,1,0,simplekt,
25273326287804327,1295082876339043963,1438833197930244504,0,0,simplekt,
25273326287804327,2508908654553178247,6847502242749017216,1,0,simplekt,
25273326287804327,748173560794452109,1962751598315765836,1,0,simplekt,
25273326287804327,8674908569548260303,1962751598315765836,0,0,simplekt,
25273326287804327,605238314512189866,8952147277934020296,1,0,simplekt,
25273326287804327,3205280265514738638,8553379303363759508,0,0,simplekt,
25273326287804327,5540216973484957294,6088781737297447420,1,0,simplekt,
25273326287804327,1663012964383397356,1962751598315765836,0,0,simplekt,
25273326287804327,1663012964383397356,8952147277934020296,0,0,simplekt,
25273326287804327,6156790583137645561,8952147277934020296,1,0,simplekt,
25273326287804327,2734779212560271316,6072095974150049491,0,0,simplekt,
25273326287804327,2734779212560271316,8553379303363759508,0,0,simplekt,
25273326287804327,852051082279474407,8553379303363759508,1,0,simplekt,
25273326287804327,3045730767951240504,7591109345808921544,0,0,simplekt,
25273326287804327,2077459957460619559,7591109345808921544,1,0,simplekt,
25273326287804327,893373524876249303,8553379303363759508,1,0,simplekt,
25273326287804327,7081868420274141286,8952147277934020296,1,0,simplekt,
25273326287804327,3173724353204723582,1962751598315765836,1,0,simplekt,
25273326287804327,2560095057058956606,1962751598315765836,1,0,simplekt,
25273326287804327,2560095057058956606,7744513373483970787,1,0,simplekt,
25273326287804327,5914331502990254556,3370779623039661085,1,0,simplekt,
25273326287804327,8333326295751418416,2971078979906996375,1,0,simplekt,
25273326287804327,562755347747892187,1742185772413642127,0,0,simplekt,
25273326287804327,562755347747892187,1962751598315765836,0,0,simplekt,
25273326287804327,562755347747892187,6038104030264466633,0,0,simplekt,
25273326287804327,8529525080079715389,2971078979906996375,1,0,simplekt,
25273326287804327,9012194675376207826,2157877054695219556,0,0,simplekt,
25273326287804327,1469091464137901266,8931749632723040425,0,0,simplekt,
25273326287804327,4428622744281968784,8931749632723040425,1,0,simplekt,
25273326287804327,3227708425784343194,8931749632723040425,0,0,simplekt,
25273326287804327,243846431512559688,8931749632723040425,1,0,simplekt,
25273326287804327,1707818704812989512,8931749632723040425,1,0,simplekt,
25273326287804327,2741310916515154740,8931749632723040425,0,0,simplekt,
25273326287804327,8846230607404787510,8931749632723040425,1,0,simplekt,
25273326287804327,5692011411151582986,8458626993302129070,0,0,simplekt,
25273326287804327,6844810278742082817,8458626993302129070,1,0,simplekt,
25273326287804327,2372158995360649610,8686738128182072880,1,0,simplekt,
25273326287804327,6757989773406377451,4971898752437058564,1,0,simplekt,
25273326287804327,1962751598315765836,2014268979504181100,1,0,simplekt,
25273326287804327,431324433116737474,6587421150596252277,1,0,simplekt,
25273326287804327,946920329431928494,2087380862434172594,1,0,simplekt,
25273326287804327,1896742767052899196,1553079256999111676,1,0,simplekt,
25273326287804327,5274051233002061523,8450591260754163598,0,0,simplekt,
25273326287804327,8037733357363915026,1553079256999111676,0,0,simplekt,
25273326287804327,8344458761754091093,6949811205411410448,0,0,simplekt,
25273326287804327,668947970759461782,4932081828363820241,0,0,simplekt,
25273326287804327,2564923754205841934,965465494080659646,1,0,simplekt,
25273326287804327,2955707237937815322,3609734615175578277,0,0,simplekt,
25273326287804327,3407796339460540711,3609734615175578277,0,0,simplekt,
25273326287804327,3614179363656057277,2568707154491466498,1,0,simplekt,
25273326287804327,5260610846194237380,4932081828363820241,1,0,simplekt,
25273326287804327,5662754866120981990,6949811205411410448,0,0,simplekt,
25273326287804327,6223932559063974781,6949811205411410448,1,0,simplekt,
25273326287804327,8867726318402085408,3609734615175578277,1,0,simplekt,
25273326287804327,9098961470581351020,4388525608718222014,0,0,simplekt,
25273326287804327,382809828485587107,2172169907340938753,1,0,simplekt,
25273326287804327,2794378915455643997,7080375583498690711,1,0,simplekt,
25273326287804327,3178427095534285132,2172169907340938753,1,0,simplekt,
25273326287804327,4752762994733975474,7271679498218995541,1,0,simplekt,
25273326287804327,5051232301521557969,6402063578200407055,1,0,simplekt,
25273326287804327,7234766392319170832,2172169907340938753,1,0,simplekt,
25273326287804327,7368315980118843509,2530462478681717021,1,0,simplekt,
25273326287804327,7816017219238294721,6402063578200407055,1,0,simplekt,
25273326287804327,8219883391338371665,8637767708838786270,1,0,simplekt,
25273326287804327,8431228866048109313,5242538614369776679,1,0,simplekt,
25273326287804327,8431228866048109313,3005237573196022570,1,0,simplekt,
25273326287804327,672348383257605898,6587421150596252277,1,0,simplekt,
25273326287804327,672348383257605898,7137985937186816118,1,0,simplekt,
25273326287804327,2098909300391260497,2087380862434172594,1,0,simplekt,
25273326287804327,2098909300391260497,8450591260754163598,1,0,simplekt,
25273326287804327,2098909300391260497,7137985937186816118,1,0,simplekt,
25273326287804327,2734298477973782409,3157518658218824219,1,0,simplekt,
25273326287804327,5316786246110000845,8450591260754163598,1,0,simplekt,
25273326287804327,5719952897591550433,338807275221326836,0,0,simplekt,
25273326287804327,5719952897591550433,7137985937186816118,0,0,simplekt,
25273326287804327,5759773434153943750,1553079256999111676,1,0,simplekt,
25273326287804327,6693211367426049503,8450591260754163598,1,0,simplekt,
25273326287804327,7578615662787912284,2087380862434172594,1,0,simplekt,
25273326287804327,7578615662787912284,7137985937186816118,1,0,simplekt,
25273326287804327,7825646802595518402,1553079256999111676,1,0,simplekt,
25273326287804327,7825646802595518402,7137985937186816118,1,0,simplekt,
25273326287804327,786308692628055334,5614001701401503216,1,0,simplekt,
25273326287804327,1679548879296628523,6949811205411410448,1,0,simplekt,
25273326287804327,2187340992183441030,4932081828363820241,1,0,simplekt,
25273326287804327,3152736657375411130,5614001701401503216,1,0,simplekt,
25273326287804327,4232436612988212164,4932081828363820241,1,0,simplekt,
25273326287804327,4539072446738603069,965465494080659646,1,0,simplekt,
25273326287804327,4837435113414834930,6949811205411410448,1,0,simplekt,
25273326287804327,8520994733657443376,3746345278993456279,0,0,simplekt,
25273326287804327,383835861920803046,2725736025011687568,1,0,simplekt,
25273326287804327,2622363356183876056,4816021160113468397,1,0,simplekt,
25273326287804327,8577381425798387259,6617986845316146041,1,0,simplekt,
25273326287804327,9010336827310920136,6617986845316146041,0,0,simplekt,
25273326287804327,3695277572730007841,5791250638486922978,1,0,simplekt,
25273326287804327,2017808974634690802,6017410436784829725,1,0,simplekt,
25273326287804327,2250202949608264874,4816021160113468397,1,0,simplekt,
25273326287804327,2433052226959232103,617692350657418114,0,0,simplekt,
25273326287804327,3685938614715044704,6617986845316146041,1,0,simplekt,
25273326287804327,6032708205646804983,617692350657418114,1,0,simplekt,
25273326287804327,7909999794666238592,2725736025011687568,1,0,simplekt,
25273326287804327,5190884345733171034,3994887349717137666,1,0,simplekt,
25273326287804327,6430552199114727388,5476204502823458136,1,0,simplekt,
25273326287804327,6921820873894157262,3994887349717137666,1,0,simplekt,
25273326287804327,7127575843484799111,3994887349717137666,1,0,simplekt,
25273326287804327,7272503034213011000,3994887349717137666,1,0,simplekt,
25273326287804327,8715659416183100851,6417620605101166778,1,0,simplekt,
25273326287804327,3817364802640241067,1644854180222226950,1,0,simplekt,
25273326287804327,3832589872165022306,3994887349717137666,1,0,simplekt,
25273326287804327,4190782169300700913,5007156697901354538,1,0,simplekt,
25273326287804327,5257362358753325733,3994887349717137666,1,0,simplekt,
25273326287804327,6766109466309932062,5791250638486922978,1,0,simplekt,
25273326287804327,6869110526729997383,5791250638486922978,1,0,simplekt,
25273326287804327,7044024149065212618,3994887349717137666,1,0,simplekt,
25273326287804327,8249802505017091769,5476204502823458136,1,0,simplekt,
25273326287804327,8418124906833087392,3994887349717137666,1,0,simplekt,
25273326287804327,9160651039060690857,6417620605101166778,1,0,simplekt,
25273326287804327,7152865195137276211,7564569009553397433,1,0,simplekt,
25273326287804327,8637767708838786270,7601185852453770783,0,0,simplekt,
25273326287804327,67272382942673561,7564569009553397433,1,0,simplekt,
25273326287804327,2108936159450159022,7564569009553397433,1,0,simplekt,
25273326287804327,4723307136530031390,4403133428956178902,1,0,simplekt,
25273326287804327,4723307136530031390,4560719101685283745,1,0,simplekt,
25273326287804327,5397005048261750410,4733361693292903482,1,0,simplekt,
25273326287804327,6371548730180067249,7095552851158154914,1,0,simplekt,
25273326287804327,6917317986868310321,7564569009553397433,1,0,simplekt,
25273326287804327,7547031473684094965,7564569009553397433,1,0,simplekt,
25273326287804327,7804111697859301500,3775426114325106060,1,0,simplekt,
25273326287804327,8766137179855686623,7564569009553397433,1,0,simplekt,
25273326287804327,3538007173146094707,1461533708358448274,1,0,simplekt,
25273326287804327,3941844311169620424,7104105291018701155,1,0,simplekt,
25273326287804327,3941844311169620424,7601185852453770783,1,0,simplekt,
25273326287804327,3969153872854601977,7104105291018701155,1,0,simplekt,
25273326287804327,4461020887327227907,1461533708358448274,1,0,simplekt,
25273326287804327,5487848613966423430,7601185852453770783,1,0,simplekt,
25273326287804327,6482149268447517924,7104105291018701155,1,0,simplekt,
25273326287804327,8244870491456478541,7601185852453770783,1,0,simplekt,
25273326287804327,340615028485824951,7601185852453770783,1,0,simplekt,
25273326287804327,1599099866276805340,7104105291018701155,1,0,simplekt,
25273326287804327,1599099866276805340,7601185852453770783,1,0,simplekt,
25273326287804327,2509868406143218807,7601185852453770783,0,0,simplekt,
25273326287804327,2789722194329186491,1461533708358448274,1,0,simplekt,
25273326287804327,3362836278548536461,7104105291018701155,1,0,simplekt,
25273326287804327,7017104695170081310,3795512345256537003,1,0,simplekt,
25273326287804327,7920671436976668676,2530462478681717021,1,0,simplekt,
25273326287804327,7920958112506267466,1461533708358448274,1,0,simplekt,
25273326287804327,8258065427321585366,1461533708358448274,1,0,simplekt,
25273326287804327,8498923595084844667,7601185852453770783,1,0,simplekt,
25273326287804327,6966552994259767588,6612232247280708430,0,0,simplekt,
25273326287804327,5948438965669903432,4781319394530840509,0,0,simplekt,
25273326287804327,776567062519242352,6612232247280708430,1,0,simplekt,
25273326287804327,2184325531827474454,2858423625938753048,1,0,simplekt,
25273326287804327,3021653681641455820,2858423625938753048,1,0,simplekt,
25273326287804327,3021653681641455820,6612232247280708430,1,0,simplekt,
25273326287804327,4531284767290660517,4705015170632774223,1,0,simplekt,
25273326287804327,5103467088949418001,1440354453570655004,1,0,simplekt,
25273326287804327,7099227190630236293,6612232247280708430,1,0,simplekt,
25273326287804327,6645325642315848804,2500372166686333823,1,0,simplekt,
25273326287804327,6429818580404077843,1418680419447008469,1,0,simplekt,
25273326287804327,260274888812095134,2953135825275070056,1,0,simplekt,
25273326287804327,391412555924978613,2500372166686333823,1,0,simplekt,
25273326287804327,1406822627150775238,2953135825275070056,1,0,simplekt,
25273326287804327,2431687229984192592,4607388048970825422,1,0,simplekt,
25273326287804327,4467954443424036915,5367181793918399709,1,0,simplekt,
25273326287804327,5439632708296576349,2953135825275070056,1,0,simplekt,
25273326287804327,6263377761140119515,2500372166686333823,1,0,simplekt,
25273326287804327,6436772996954468768,2500372166686333823,1,0,simplekt,
25273326287804327,8233300203057320342,2953135825275070056,1,0,simplekt,
25273326287804327,2228451683958933312,594484301261397148,1,0,simplekt,
25273326287804327,5529453439152352426,594484301261397148,1,0,simplekt,
25273326287804327,7831222203181776943,7381422041526990924,1,0,simplekt,
25273326287804327,4217915947736090695,775355032693172961,1,0,simplekt,
25273326287804327,4633264413654677930,775355032693172961,1,0,simplekt,
25273326287804327,7861640856975987694,5828402920911886260,1,0,simplekt,
25273326287804327,7861640856975987694,6645325642315848804,1,0,simplekt,
25273326287804327,6124094790161264582,6664130503876327269,1,0,simplekt,
25273326287804327,3477734257558946208,775355032693172961,1,0,simplekt,
25273326287804327,3515997619598473956,775355032693172961,1,0,simplekt,
25273326287804327,5654352091452336263,8367424958112124046,1,0,simplekt,
25273326287804327,4023090618520176218,6456304688997881806,1,0,simplekt,
25273326287804327,5055593424424362747,3695277572730007841,1,0,simplekt,
25273326287804327,5256732703026564448,3695277572730007841,0,0,simplekt,
25273326287804327,5813286815928849033,4378721629787482518,0,0,simplekt,
25273326287804327,1824259845722025000,5405953385245894923,1,0,simplekt,
25273326287804327,1824259845722025000,5405953385245894923,1,0,simplekt,
25273326287804327,3432556147280115872,5405953385245894923,0,0,simplekt,
25273326287804327,5049550594037654084,5405953385245894923,0,0,simplekt,
25273326287804327,3375564251891333414,7601972610929176126,0,0,simplekt,
25273326287804327,3375564251891333414,7601972610929176126,0,0,simplekt,
25273326287804327,6222984561819432207,7601972610929176126,1,0,simplekt,
25273326287804327,8979483658175445546,2083452711903133430,0,0,simplekt,
25273326287804327,313729464267940646,2083452711903133430,0,0,simplekt,
25273326287804327,3893214535120642738,2083452711903133430,0,0,simplekt,
25273326287804327,4207437070111209781,5405953385245894923,0,0,simplekt,
25273326287804327,2921725388246907408,5405953385245894923,0,0,simplekt,
25273326287804327,3028029303294512690,792014443860280347,0,0,simplekt,
25273326287804327,5265130720713144927,792014443860280347,1,0,simplekt,
25273326287804327,7356285615228237627,5405953385245894923,0,0,simplekt,
25273326287804327,7333199263772449788,2083452711903133430,0,0,simplekt,
25273326287804327,5709313151910080763,5226329595444562138,0,0,simplekt,
25273326287804327,5709313151910080763,4834004108086331863,0,0,simplekt,
25273326287804327,6646326946145686162,3695277572730007841,0,0,simplekt,
25273326287804327,3043258591789278995,8177712841116292515,1,0,simplekt,
25273326287804327,3458878143537034672,4031585874086886353,0,0,simplekt,
25273326287804327,3458878143537034672,202753365794141304,0,0,simplekt,
25273326287804327,9128608787485541024,5405953385245894923,0,0,simplekt,
25273326287804327,8203075807225269006,8686738128182072880,1,0,simplekt,
25273326287804327,531441590391324134,5157498106814022360,1,0,simplekt,
25273326287804327,531441590391324134,1525757407988365380,1,0,simplekt,
25273326287804327,531441590391324134,6080454475429592540,1,0,simplekt,
25273326287804327,531441590391324134,4913550775100811139,1,0,simplekt,
25273326287804327,531441590391324134,8450591260754163598,1,0,simplekt,
25273326287804327,5907872669331028933,5157498106814022360,1,0,simplekt,
25273326287804327,5907872669331028933,1525757407988365380,1,0,simplekt,
25273326287804327,5907872669331028933,6080454475429592540,1,0,simplekt,
25273326287804327,5907872669331028933,4913550775100811139,1,0,simplekt,
25273326287804327,5907872669331028933,8450591260754163598,1,0,simplekt,
25273326287804327,5907872669331028933,5157498106814022360,1,0,simplekt,
25273326287804327,5907872669331028933,1525757407988365380,1,0,simplekt,
25273326287804327,5907872669331028933,6080454475429592540,1,0,simplekt,
25273326287804327,5907872669331028933,4913550775100811139,1,0,simplekt,
25273326287804327,5907872669331028933,8450591260754163598,1,0,simplekt,
25273326287804327,4106394582662973873,5157498106814022360,0,0,simplekt,
25273326287804327,4106394582662973873,1525757407988365380,0,0,simplekt,
25273326287804327,4106394582662973873,6080454475429592540,0,0,simplekt,
25273326287804327,4106394582662973873,4913550775100811139,0,0,simplekt,
25273326287804327,4106394582662973873,8450591260754163598,0,0,simplekt,
25273326287804327,4106394582662973873,5157498106814022360,0,0,simplekt,
25273326287804327,4106394582662973873,1525757407988365380,0,0,simplekt,
25273326287804327,4106394582662973873,6080454475429592540,0,0,simplekt,
25273326287804327,4106394582662973873,4913550775100811139,0,0,simplekt,
25273326287804327,4106394582662973873,8450591260754163598,0,0,simplekt,
25273326287804327,4954489146266020779,5157498106814022360,1,0,simplekt,
25273326287804327,4954489146266020779,1525757407988365380,1,0,simplekt,
25273326287804327,4954489146266020779,6080454475429592540,1,0,simplekt,
25273326287804327,4954489146266020779,4913550775100811139,1,0,simplekt,
25273326287804327,4954489146266020779,8450591260754163598,1,0,simplekt,
25273326287804327,676155654621201567,8450591260754163598,1,0,simplekt,
25273326287804327,4726692261601043780,4544446885381517462,0,0,simplekt,
25273326287804327,1102413301874449529,6247826181829757250,1,0,simplekt,
25273326287804327,4856591305674979254,6247826181829757250,1,0,simplekt,
25273326287804327,6096879000620896045,6247826181829757250,0,0,simplekt,
25273326287804327,4643224626303406803,6247826181829757250,1,0,simplekt,
25273326287804327,850143271861303210,6247826181829757250,0,0,simplekt,
25273326287804327,3179886611899851227,6247826181829757250,1,0,simplekt,
25273326287804327,194362388174634143,2083452711903133430,1,0,simplekt,
25273326287804327,4222643818054694699,555625984027262014,0,0,simplekt,
25273326287804327,6459637126221557632,202753365794141304,0,0,simplekt,
25273326287804327,599468983516687812,8686738128182072880,1,0,simplekt,
25273326287804327,2685993740592634832,938514464646752105,0,0,simplekt,
25273326287804327,2685993740592634832,7056105244874429306,0,0,simplekt,
25273326287804327,8596143591852826277,54658556557529446,1,0,simplekt,
25273326287804327,4224025998248518995,8403310539418792058,1,0,simplekt,
25273326287804327,1474795098990551690,8403310539418792058,1,0,simplekt,
25273326287804327,4757349290698273348,8403310539418792058,0,0,simplekt,
25273326287804327,2270638009168162220,8403310539418792058,0,0,simplekt,
25273326287804327,3404431546060694532,3823348261283868936,1,0,simplekt,
25273326287804327,3404431546060694532,8403310539418792058,1,0,simplekt,
25273326287804327,3973392592068793941,6293355376372615766,0,0,simplekt,
25273326287804327,976024405913501710,8403310539418792058,0,0,simplekt,
25273326287804327,4859123591315471747,8403310539418792058,1,0,simplekt,
25273326287804327,6158130992693695905,6293355376372615766,0,0,simplekt,
25273326287804327,942656119765973778,8403310539418792058,0,0,simplekt,
25273326287804327,4932081828363820241,4526863928383273751,0,0,simplekt,
25273326287804327,3062862729666347466,8403310539418792058,0,0,simplekt,
25273326287804327,3062862729666347466,8403310539418792058,0,0,simplekt,
25273326287804327,4760679081598046989,8403310539418792058,0,0,simplekt,
25273326287804327,6676265066062355465,8403310539418792058,0,0,simplekt,
25273326287804327,919109759066469056,8751465252612365760,1,0,simplekt,
25273326287804327,635747682675350518,4526863928383273751,0,0,simplekt,
25273326287804327,635747682675350518,4526863928383273751,0,0,simplekt,
25273326287804327,1870852071703344292,4526863928383273751,1,0,simplekt,
25273326287804327,5625474513044611583,4526863928383273751,0,0,simplekt,
25273326287804327,3464872609547346548,4526863928383273751,1,0,simplekt,
25273326287804327,4842149144269397070,4526863928383273751,0,0,simplekt,
25273326287804327,3709096317232748558,4526863928383273751,0,0,simplekt,
25273326287804327,3709096317232748558,4526863928383273751,0,0,simplekt,
25273326287804327,3360573261577532630,6256368340148503862,0,0,simplekt,
25273326287804327,7360755272877959975,4526863928383273751,0,0,simplekt,
25273326287804327,8123978339067076778,8053098255007046142,1,0,simplekt,
25273326287804327,8123978339067076778,8053098255007046142,1,0,simplekt,
25273326287804327,1289461012450651219,775355032693172961,1,0,simplekt,
25273326287804327,1294515119916936648,775355032693172961,1,0,simplekt,
25273326287804327,2700778348335774626,6517113776429692278,1,0,simplekt,
25273326287804327,3482054748866443999,5828402920911886260,1,0,simplekt,
25273326287804327,4291597527137818195,5233639500475075064,0,0,simplekt,
25273326287804327,4651200899585203966,775355032693172961,1,0,simplekt,
25273326287804327,4823410427571725288,7066177705708566569,1,0,simplekt,
25273326287804327,4852997133115313667,1620228599548467016,1,0,simplekt,
25273326287804327,5737615290809863083,775355032693172961,1,0,simplekt,
25273326287804327,7204180409050117980,5233639500475075064,1,0,simplekt,
25273326287804327,1548619888310752631,6429818580404077843,1,0,simplekt,
25273326287804327,3689454567807755802,6429818580404077843,1,0,simplekt,
25273326287804327,3689454567807755802,6517113776429692278,1,0,simplekt,
25273326287804327,4448951766033134818,775355032693172961,1,0,simplekt,
25273326287804327,7225787493892777640,8367424958112124046,1,0,simplekt,
25273326287804327,9067857333415276604,6645325642315848804,1,0,simplekt,
25273326287804327,287641116298515468,8396066965787714901,1,0,simplekt,
25273326287804327,182380538374101848,4526863928383273751,0,0,simplekt,
25273326287804327,182380538374101848,4526863928383273751,0,0,simplekt,
25273326287804327,4443428484293344899,4526863928383273751,0,0,simplekt,
25273326287804327,6810360609474959285,1809111747278392846,1,0,simplekt,
25273326287804327,6810360609474959285,1286827730621926626,1,0,simplekt,
25273326287804327,8890318733454314825,1809111747278392846,0,0,simplekt,
25273326287804327,8890318733454314825,1286827730621926626,0,0,simplekt,
25273326287804327,8890318733454314825,1809111747278392846,0,0,simplekt,
25273326287804327,8890318733454314825,1286827730621926626,0,0,simplekt,
25273326287804327,1114697537284169692,456878871009050454,1,0,simplekt,
25273326287804327,1114697537284169692,456878871009050454,1,0,simplekt,
25273326287804327,3852595414109993875,456878871009050454,0,0,simplekt,
25273326287804327,3852595414109993875,325754291254371692,0,0,simplekt,
25273326287804327,8270835615888617473,6471369570750938294,1,0,simplekt,
25273326287804327,6897180233328473272,456878871009050454,0,0,simplekt,
25273326287804327,6897180233328473272,1742185772413642127,0,0,simplekt,
25273326287804327,6897180233328473272,7744513373483970787,0,0,simplekt,
25273326287804327,3789224344957569409,5483772617844162674,0,0,simplekt,
25273326287804327,7030629791104720356,5844515863234482352,1,0,simplekt,
25273326287804327,7030629791104720356,5844515863234482352,1,0,simplekt,
25273326287804327,4415955141067607990,1286827730621926626,0,0,simplekt,
25273326287804327,4415955141067607990,4023090618520176218,0,0,simplekt,
25273326287804327,6093725341945121769,1286827730621926626,0,0,simplekt,
25273326287804327,6093725341945121769,4023090618520176218,0,0,simplekt,
25273326287804327,8136747939782344879,1286827730621926626,0,0,simplekt,
25273326287804327,8136747939782344879,4023090618520176218,0,0,simplekt,
25273326287804327,8938315593375415599,1286827730621926626,0,0,simplekt,
25273326287804327,8938315593375415599,4023090618520176218,0,0,simplekt,
25273326287804327,3656338254908372547,1286827730621926626,1,0,simplekt,
25273326287804327,3656338254908372547,4023090618520176218,1,0,simplekt,
25273326287804327,3140459371111172674,2157877054695219556,0,0,simplekt,
25273326287804327,8745210618167159206,6767671032930468346,0,0,simplekt,
25273326287804327,1244445533435202900,3100876389124754186,1,0,simplekt,
25273326287804327,5458466080236871683,3712398040798988323,0,0,simplekt,
25273326287804327,5458466080236871683,325754291254371692,0,0,simplekt,
25273326287804327,5458466080236871683,1107089901238080068,0,0,simplekt,
25273326287804327,6985481760789785284,6456304688997881806,1,0,simplekt,
25273326287804327,6985481760789785284,7594706423364338125,1,0,simplekt,
25273326287804327,4661264733280850945,456878871009050454,1,0,simplekt,
25273326287804327,4661264733280850945,7899206764410235437,1,0,simplekt,
25273326287804327,4661264733280850945,456878871009050454,1,0,simplekt,
25273326287804327,4661264733280850945,7899206764410235437,1,0,simplekt,
25273326287804327,1155639296431023937,5623297772212155274,1,0,simplekt,
25273326287804327,3772724022908305107,5623297772212155274,1,0,simplekt,
25273326287804327,3772724022908305107,5623297772212155274,1,0,simplekt,
25273326287804327,3832612156307966302,5623297772212155274,1,0,simplekt,
25273326287804327,9102367727152497788,5623297772212155274,1,0,simplekt,
25273326287804327,8834274569360399620,9014151144553322810,0,0,simplekt,
25273326287804327,6271792100691553251,5623297772212155274,0,0,simplekt,
25273326287804327,878625334437123406,1470645355478017954,0,0,simplekt,
25273326287804327,1546526102764334236,5623297772212155274,1,0,simplekt,
25273326287804327,3067769114121225844,5623297772212155274,0,0,simplekt,
25273326287804327,8142569435981182824,5623297772212155274,0,0,simplekt,
25273326287804327,8894066924714501744,5623297772212155274,0,0,simplekt,
25273326287804327,4261761907442247495,9014151144553322810,0,0,simplekt,
25273326287804327,1625359377637083757,3590579358937072411,1,0,simplekt,
25273326287804327,1467877755358011255,1470645355478017954,1,0,simplekt,
25273326287804327,6714009362247857123,5534249323882004940,0,0,simplekt,
25273326287804327,6714009362247857123,5534249323882004940,0,0,simplekt,
25273326287804327,7842055332040613757,126140606022249863,0,0,simplekt,
25273326287804327,4542103029118954654,2500372166686333823,1,0,simplekt,
25273326287804327,4542103029118954654,3795512345256537003,1,0,simplekt,
25273326287804327,4542103029118954654,2500372166686333823,1,0,simplekt,
25273326287804327,4542103029118954654,3795512345256537003,1,0,simplekt,
25273326287804327,2953320681547190364,965465494080659646,1,0,simplekt,
25273326287804327,2953320681547190364,1418680419447008469,1,0,simplekt,
25273326287804327,6385752200369201109,5563821932250230450,0,0,simplekt,
25273326287804327,360807321590100717,8392500195579636452,0,0,simplekt,
25273326287804327,7874512675585975384,8392500195579636452,0,0,simplekt,
25273326287804327,2804287763096508416,5563821932250230450,0,0,simplekt,
25273326287804327,2804287763096508416,8392500195579636452,0,0,simplekt,
25273326287804327,9132497013096805439,8392500195579636452,0,0,simplekt,
25273326287804327,4857407191743044741,2187769834149257833,0,0,simplekt,
25273326287804327,5034291236676908801,2187769834149257833,0,0,simplekt,
25273326287804327,68449793432819281,8979553209795854558,0,0,simplekt,
25273326287804327,68449793432819281,775355032693172961,0,0,simplekt,
25273326287804327,8433821626732999120,8392500195579636452,0,0,simplekt,
25273326287804327,157554714815648895,5761106556343021166,1,0,simplekt,
25273326287804327,2845699427245078767,2630166442278202703,1,0,simplekt,
25273326287804327,4723272024150471783,2630166442278202703,1,0,simplekt,
25273326287804327,1512682028158973865,7877160466076973101,1,0,simplekt,
25273326287804327,2548246269522387487,183785263154883249,1,0,simplekt,
25273326287804327,2548246269522387487,2630166442278202703,1,0,simplekt,
25273326287804327,3973362612645892720,7877160466076973101,1,0,simplekt,
25273326287804327,4955950467021404223,3317615472243079555,1,0,simplekt,
25273326287804327,6578148997905936950,2630166442278202703,0,0,simplekt,
25273326287804327,6872315571767125500,7521910662979551822,1,0,simplekt,
25273326287804327,6872315571767125500,6289191054585870467,1,0,simplekt,
25273326287804327,8531182561052172560,7007912644773896868,0,0,simplekt,
25273326287804327,3599436003489997937,3110855966579004294,1,0,simplekt,
25273326287804327,7956548759006632944,2322434297181580829,0,0,simplekt,
25273326287804327,3533973370179176465,4136257810568368026,0,0,simplekt,
25273326287804327,4241780818080662377,5831131246778465958,1,0,simplekt,
25273326287804327,7490328410236708031,8946122040834336764,1,0,simplekt,
25273326287804327,7490328410236708031,3250159859602923900,1,0,simplekt,
35395640380733303,148483031885960388,4729501326174050864,0,0,simplekt,
35395640380733303,7173901711990274646,4526863928383273751,0,0,simplekt,
35395640380733303,1637919491509576270,8575610639500092945,0,0,simplekt,
35395640380733303,1257891084249187722,2823547883153135285,0,0,simplekt,
35395640380733303,1137548110942588872,2823547883153135285,1,0,simplekt,
35395640380733303,6062856374210802332,6421511779947974192,1,0,simplekt,
35395640380733303,7352297105888124102,6421511779947974192,0,0,simplekt,
35395640380733303,2482621849715251179,703599217093634705,1,0,simplekt,
35395640380733303,3829457076752395651,703599217093634705,1,0,simplekt,
35395640380733303,6452103335944941746,3823348261283868936,1,0,simplekt,
35395640380733303,7521910662979551822,5287993638298451617,1,0,simplekt,
35395640380733303,6289191054585870467,5287993638298451617,0,0,simplekt,
35395640380733303,183785263154883249,4355865024520386185,1,0,simplekt,
35395640380733303,1064148328133680656,4355865024520386185,1,0,simplekt,
35395640380733303,5387696271310594677,3823348261283868936,1,0,simplekt,
35395640380733303,169189976426384337,8053098255007046142,1,0,simplekt,
35395640380733303,6749878924505021769,8053098255007046142,0,0,simplekt,
35395640380733303,697982920437075837,8053098255007046142,0,0,simplekt,
35395640380733303,697982920437075837,816286915455981984,0,0,simplekt,
35395640380733303,1465663186901220470,4355865024520386185,0,0,simplekt,
35395640380733303,3687724797637879659,703599217093634705,1,0,simplekt,
35395640380733303,5917545748262086051,8403310539418792058,1,0,simplekt,
35395640380733303,858209354918782930,8403310539418792058,0,0,simplekt,
35395640380733303,3157679019843031136,8403310539418792058,0,0,simplekt,
35395640380733303,8583468167062486436,8403310539418792058,1,0,simplekt,
35395640380733303,5837473914972779881,6293355376372615766,0,0,simplekt,
35395640380733303,3386572474479421240,6293355376372615766,1,0,simplekt,
35395640380733303,782958826532514082,8403310539418792058,0,0,simplekt,
35395640380733303,7650465239755468016,8403310539418792058,1,0,simplekt,
35395640380733303,9003152478203199658,8403310539418792058,0,0,simplekt,
35395640380733303,9144537140625135477,8403310539418792058,0,0,simplekt,
35395640380733303,4226496546052577021,3896176223871121243,1,0,simplekt,
35395640380733303,8321253551459904622,4654090348491357037,0,0,simplekt,
35395640380733303,8634487759291684026,4971898752437058564,0,0,simplekt,
35395640380733303,7976929697179062392,4971898752437058564,0,0,simplekt,
35395640380733303,903126694303099726,4654090348491357037,0,0,simplekt,
35395640380733303,7184515609055132842,4654090348491357037,1,0,simplekt,
35395640380733303,6088781737297447420,4654090348491357037,1,0,simplekt,
35395640380733303,8737822233129715976,4654090348491357037,0,0,simplekt,
35395640380733303,3962081917684737907,4654090348491357037,0,0,simplekt,
35395640380733303,5288858959064661148,4654090348491357037,1,0,simplekt,
35395640380733303,8597932305709178815,4654090348491357037,0,0,simplekt,
35395640380733303,6784529451143929904,8421171580834073004,1,0,simplekt,
35395640380733303,6784529451143929904,2528747214680891187,1,0,simplekt,
35395640380733303,6784529451143929904,9032608968603454747,1,0,simplekt,
35395640380733303,8367424958112124046,8421171580834073004,1,0,simplekt,
35395640380733303,8367424958112124046,2528747214680891187,1,0,simplekt,
35395640380733303,8367424958112124046,9032608968603454747,1,0,simplekt,
35395640380733303,2583296623274191349,8421171580834073004,1,0,simplekt,
35395640380733303,2583296623274191349,2528747214680891187,1,0,simplekt,
35395640380733303,2583296623274191349,9032608968603454747,1,0,simplekt,
35395640380733303,9137995536786253035,8421171580834073004,1,0,simplekt,
35395640380733303,9137995536786253035,9032608968603454747,1,0,simplekt,
35395640380733303,9137995536786253035,2528747214680891187,1,0,simplekt,
35395640380733303,6945730151184930199,3220231712819306119,0,0,simplekt,
35395640380733303,1084649001726918227,3220231712819306119,0,0,simplekt,
35395640380733303,3207676601913229057,3220231712819306119,0,0,simplekt,
35395640380733303,4724915783845298624,3220231712819306119,0,0,simplekt,
35395640380733303,2160797765405831572,9035941346198722721,0,0,simplekt,
35395640380733303,6099673787824828708,9035941346198722721,1,0,simplekt,
35395640380733303,4729501326174050864,9035941346198722721,0,0,simplekt,
35395640380733303,464102210122154120,9035941346198722721,0,0,simplekt,
35395640380733303,5098123251717802806,4981016869870220101,0,0,simplekt,
35395640380733303,1574488509804982512,4981016869870220101,0,0,simplekt,
35395640380733303,1574488509804982512,4981016869870220101,1,0,simplekt,
35395640380733303,5815281380128112355,9035941346198722721,0,0,simplekt,
35395640380733303,8442572108069967032,9035941346198722721,0,0,simplekt,
35395640380733303,5788113795541723564,8903365289186067945,1,0,simplekt,
35395640380733303,6980776234055185315,8903365289186067945,0,0,simplekt,
35395640380733303,2628776877218262819,8903365289186067945,0,0,simplekt,
35395640380733303,5760529357109424655,8903365289186067945,1,0,simplekt,
35395640380733303,7189182360040420404,8903365289186067945,1,0,simplekt,
35395640380733303,6919869029396141132,6925932688889117475,0,0,simplekt,
35395640380733303,7371758214174260915,464102210122154120,1,0,simplekt,
35395640380733303,8804181835842039761,2774368076249802464,1,0,simplekt,
35395640380733303,2071100320171115341,2630505475243948786,0,0,simplekt,
35395640380733303,419939363548605032,2630505475243948786,0,0,simplekt,
35395640380733303,6103364715799004295,7802467190713408940,1,0,simplekt,
35395640380733303,5109244793230292194,7802467190713408940,0,0,simplekt,
35395640380733303,7556258435587795671,7802467190713408940,0,0,simplekt,
35395640380733303,2312676756438647899,3204183443604364643,1,0,simplekt,
35395640380733303,5494432868690614770,936324378259014250,0,0,simplekt,
35395640380733303,5540293484639694862,936324378259014250,0,0,simplekt,
35395640380733303,5395509064737116210,3638162062903617806,1,0,simplekt,
35395640380733303,4204147770920313898,3638162062903617806,1,0,simplekt,
35395640380733303,8523260970482156988,3638162062903617806,0,0,simplekt,
35395640380733303,6227798331706543382,3638162062903617806,1,0,simplekt,
35395640380733303,8029236709230875624,8253624017608095921,1,0,simplekt,
35395640380733303,8024399540510336409,5797334606267118412,0,0,simplekt,
35395640380733303,8515522166850276414,8253624017608095921,0,0,simplekt,
35395640380733303,8613737294837857093,2630505475243948786,1,0,simplekt,
35395640380733303,7953456205119577377,5218341511830803388,0,0,simplekt,
35395640380733303,7259137698054125848,5218341511830803388,0,0,simplekt,
35395640380733303,2746278925206043647,8956949829196379438,0,0,simplekt,
35395640380733303,4345659409139812073,6847502242749017216,0,0,simplekt,
35395640380733303,7953886676117005784,3967320573372768823,0,0,simplekt,
35395640380733303,7953886676117005784,3990069655864291204,0,0,simplekt,
35395640380733303,358971589308565901,3967320573372768823,1,0,simplekt,
35395640380733303,848630856421767541,1438833197930244504,1,0,simplekt,
35395640380733303,2312793360970709803,6847502242749017216,1,0,simplekt,
35395640380733303,2456846657986508421,3967320573372768823,1,0,simplekt,
35395640380733303,8025341234366340470,555625984027262014,1,0,simplekt,
35395640380733303,91418712298913557,7601972610929176126,1,0,simplekt,
35395640380733303,8872345422222847872,8257095676522850515,1,0,simplekt,
35395640380733303,8111789485454583176,8257095676522850515,1,0,simplekt,
35395640380733303,1962751598315765836,2014268979504181100,1,0,simplekt,
35395640380733303,2172169907340938753,2172169907340938753,1,0,simplekt,
35395640380733303,7444476343858270082,816286915455981984,1,0,simplekt,
35395640380733303,6495896099409346226,632037903995597748,1,0,simplekt,
35395640380733303,792014443860280347,3977603873829794107,1,0,simplekt,
35395640380733303,801270971078708491,3977603873829794107,1,0,simplekt,
35395640380733303,858227644923335394,2465108237656815421,1,0,simplekt,
35395640380733303,3573956769188843511,2465108237656815421,1,0,simplekt,
35395640380733303,4560503297887269910,8525319303741530302,1,0,simplekt,
35395640380733303,6869988384760880092,8525319303741530302,1,0,simplekt,
35395640380733303,1513602965430340754,1553079256999111676,1,0,simplekt,
35395640380733303,5598942769103361235,1553079256999111676,1,0,simplekt,
35395640380733303,4371988310000123679,2087380862434172594,1,0,simplekt,
35395640380733303,4519628821313634744,1553079256999111676,1,0,simplekt,
35395640380733303,585394738633421119,8450591260754163598,1,0,simplekt,
35395640380733303,7387337585027059198,8450591260754163598,1,0,simplekt,
35395640380733303,7671597730260579234,6587421150596252277,1,0,simplekt,
35395640380733303,697534556689938106,338807275221326836,1,0,simplekt,
35395640380733303,1540767828260108756,87170764907391800,1,0,simplekt,
35395640380733303,2963426940754857525,8450591260754163598,1,0,simplekt,
35395640380733303,4644376180860816503,6587421150596252277,1,0,simplekt,
35395640380733303,4848810560966667410,1553079256999111676,1,0,simplekt,
35395640380733303,5327614994122619530,8450591260754163598,1,0,simplekt,
35395640380733303,6424027935577728745,8450591260754163598,1,0,simplekt,
35395640380733303,8940427232721233266,6564295807963761446,1,0,simplekt,
35395640380733303,1653110472703699635,1644854180222226950,1,0,simplekt,
35395640380733303,4040262048452548404,3994887349717137666,1,0,simplekt,
35395640380733303,7554331982967201627,1644854180222226950,1,0,simplekt,
35395640380733303,4539072446738603069,965465494080659646,1,0,simplekt,
35395640380733303,4837435113414834930,6949811205411410448,1,0,simplekt,
35395640380733303,8392765289363313686,6949811205411410448,1,0,simplekt,
35395640380733303,1042998184812744181,3609734615175578277,1,0,simplekt,
35395640380733303,3670581801884283701,965465494080659646,1,0,simplekt,
35395640380733303,4115205999677734093,6949811205411410448,1,0,simplekt,
35395640380733303,4575635761425399985,6949811205411410448,1,0,simplekt,
35395640380733303,5717858896656425822,965465494080659646,1,0,simplekt,
35395640380733303,5981911764378020122,6949811205411410448,1,0,simplekt,
35395640380733303,6335654691543306314,965465494080659646,1,0,simplekt,
35395640380733303,8867726318402085408,3609734615175578277,1,0,simplekt,
35395640380733303,3152736657375411130,5614001701401503216,1,0,simplekt,
35395640380733303,6354454527181646401,6949811205411410448,1,0,simplekt,
35395640380733303,7418275742384071710,965465494080659646,1,0,simplekt,
35395640380733303,175681564680301956,4388525608718222014,1,0,simplekt,
35395640380733303,1106936629275032310,4932081828363820241,1,0,simplekt,
35395640380733303,3096364069369283250,4932081828363820241,1,0,simplekt,
35395640380733303,5487109048593846782,5614001701401503216,1,0,simplekt,
35395640380733303,5883922511805770529,5614001701401503216,1,0,simplekt,
35395640380733303,7162733745553943657,4932081828363820241,1,0,simplekt,
35395640380733303,8113929203273328460,3609734615175578277,1,0,simplekt,
35395640380733303,206592833316554809,1440354453570655004,1,0,simplekt,
35395640380733303,1787885664719355546,2858423625938753048,1,0,simplekt,
35395640380733303,1787885664719355546,6612232247280708430,1,0,simplekt,
35395640380733303,3013849245941620685,1440354453570655004,1,0,simplekt,
35395640380733303,3021653681641455820,2858423625938753048,1,0,simplekt,
35395640380733303,3021653681641455820,6612232247280708430,1,0,simplekt,
35395640380733303,3021993591521180575,6612232247280708430,1,0,simplekt,
35395640380733303,4105808146007660955,6612232247280708430,1,0,simplekt,
35395640380733303,4323095414629150053,4705015170632774223,1,0,simplekt,
35395640380733303,446828436321590563,1609137421269019972,1,0,simplekt,
35395640380733303,1928014720895446951,936324378259014250,1,0,simplekt,
35395640380733303,2374098167015727599,3386664800761312538,1,0,simplekt,
35395640380733303,2392434596545820599,5797334606267118412,1,0,simplekt,
35395640380733303,3420105319332629506,1609137421269019972,1,0,simplekt,
35395640380733303,5333943978546729093,8208743102655574034,1,0,simplekt,
35395640380733303,7050278164724189726,7433909518649792585,1,0,simplekt,
35395640380733303,9007126295263388554,8208743102655574034,1,0,simplekt,
35395640380733303,375184405263788692,2500372166686333823,1,0,simplekt,
35395640380733303,472283871238619973,2617896377082299948,1,0,simplekt,
35395640380733303,1406822627150775238,2953135825275070056,1,0,simplekt,
35395640380733303,3100876389124754186,7430095633397685637,1,0,simplekt,
35395640380733303,4796843345782257247,2500372166686333823,1,0,simplekt,
35395640380733303,6062079490922424350,2953135825275070056,1,0,simplekt,
35395640380733303,6581065178253190845,2500372166686333823,1,0,simplekt,
35395640380733303,6581065178253190845,2349564142150083418,1,0,simplekt,
35395640380733303,9169915148375877687,2500372166686333823,1,0,simplekt,
35395640380733303,5889958527538787198,6784529451143929904,1,0,simplekt,
35395640380733303,563387635494585984,7007912644773896868,1,0,simplekt,
35395640380733303,1314274021776008685,3101224498948786626,1,0,simplekt,
35395640380733303,2988828210501432024,3101224498948786626,1,0,simplekt,
35395640380733303,5274081565073897977,8257095676522850515,1,0,simplekt,
35395640380733303,5759081071866159056,3990069655864291204,1,0,simplekt,
35395640380733303,5759081071866159056,8257095676522850515,1,0,simplekt,
35395640380733303,6177021189552186433,5805011942002514206,1,0,simplekt,
35395640380733303,7048490769572329153,945565921951254878,1,0,simplekt,
35395640380733303,7048490769572329153,5805011942002514206,1,0,simplekt,
35395640380733303,7048490769572329153,7137985937186816118,1,0,simplekt,
35395640380733303,8559983997089526478,7007912644773896868,1,0,simplekt,
35395640380733303,3190171786711652143,5319011735380609624,1,0,simplekt,
35395640380733303,7898884241751923693,5407828324398549496,1,0,simplekt,
35395640380733303,8870693240588360722,5805011942002514206,1,0,simplekt,
35395640380733303,5399960602653905764,775355032693172961,1,0,simplekt,
35395640380733303,1444603957502897980,8367424958112124046,1,0,simplekt,
35395640380733303,8564036083531757366,8398942342651905271,0,0,simplekt,
35395640380733303,4994193848932517774,7564569009553397433,1,0,simplekt,
35395640380733303,9156525810860961390,7564569009553397433,0,0,simplekt,
35395640380733303,4418058984312963239,7564569009553397433,1,0,simplekt,
35395640380733303,1144744500053718901,7564569009553397433,1,0,simplekt,
35395640380733303,5936455646202537188,7564569009553397433,1,0,simplekt,
35395640380733303,2887734989777610696,7564569009553397433,1,0,simplekt,
35395640380733303,823518920313580690,9077326449528405556,1,0,simplekt,
35395640380733303,6697334986031993616,9077326449528405556,1,0,simplekt,
35395640380733303,309156999200792777,4560719101685283745,1,0,simplekt,
35395640380733303,3110855966579004294,7564569009553397433,1,0,simplekt,
35395640380733303,9184546464338605222,7564569009553397433,1,0,simplekt,
35395640380733303,889133683122167252,4560719101685283745,1,0,simplekt,
35395640380733303,1976419601725089173,4560719101685283745,1,0,simplekt,
35395640380733303,4535477360075139770,4560719101685283745,1,0,simplekt,
35395640380733303,7882249873435555089,7564569009553397433,0,0,simplekt,
35395640380733303,8804247327269593025,4560719101685283745,1,0,simplekt,
35395640380733303,4393814051537803728,456878871009050454,0,0,simplekt,
35395640380733303,6626645630498413180,1286827730621926626,0,0,simplekt,
35395640380733303,1155639296431023937,5623297772212155274,1,0,simplekt,
35395640380733303,9142049966906648835,5623297772212155274,1,0,simplekt,
35395640380733303,3832612156307966302,5623297772212155274,1,0,simplekt,
35395640380733303,3624945720705218814,5623297772212155274,1,0,simplekt,
35395640380733303,471159413555272069,5623297772212155274,0,0,simplekt,
35395640380733303,4600562821207585617,5623297772212155274,0,0,simplekt,
35395640380733303,6271792100691553251,5623297772212155274,1,0,simplekt,
35395640380733303,1725566820929970144,1470645355478017954,1,0,simplekt,
35395640380733303,426181551314142998,1470645355478017954,1,0,simplekt,
35395640380733303,1539890619500177857,4640630302861370741,1,0,simplekt,
35395640380733303,6072095974150049491,4640630302861370741,0,0,simplekt,
35395640380733303,3828334279603049153,5623297772212155274,1,0,simplekt,
35395640380733303,3828334279603049153,10766877478299942,1,0,simplekt,
35395640380733303,8458626993302129070,4640630302861370741,1,0,simplekt,
35395640380733303,8458626993302129070,2187769834149257833,1,0,simplekt,
35395640380733303,586023993803496154,2187769834149257833,1,0,simplekt,
35395640380733303,1344793079925130611,5623297772212155274,1,0,simplekt,
35395640380733303,2090165662384930564,4640630302861370741,1,0,simplekt,
35395640380733303,4558592555862677623,9014151144553322810,1,0,simplekt,
35395640380733303,4598374491540834341,1470645355478017954,1,0,simplekt,
35395640380733303,8101352533384032815,5623297772212155274,1,0,simplekt,
35395640380733303,8901794004028416126,765686451306091390,1,0,simplekt,
35395640380733303,8614471382397315213,5487204154853305298,0,0,simplekt,
35395640380733303,6054367203086665209,4734652333914181414,1,0,simplekt,
35395640380733303,3115772411789773636,5487204154853305298,1,0,simplekt,
35395640380733303,4846054573388974528,8979553209795854558,1,0,simplekt,
35395640380733303,3775426114325106060,2630166442278202703,1,0,simplekt,
35395640380733303,2581665156666352583,7877160466076973101,1,0,simplekt,
35395640380733303,3854862117732615294,2630166442278202703,1,0,simplekt,
35395640380733303,3973362612645892720,7877160466076973101,1,0,simplekt,
35395640380733303,4147399948521361923,7877160466076973101,1,0,simplekt,
35395640380733303,7234180652301407876,7877160466076973101,1,0,simplekt,
35395640380733303,7564423353198322088,7877160466076973101,1,0,simplekt,
35395640380733303,9023137825787198513,7877160466076973101,1,0,simplekt,
35395640380733303,4723272024150471783,2630166442278202703,1,0,simplekt,
35395640380733303,8103067949909131856,7877160466076973101,1,0,simplekt,
35395640380733303,8103067949909131856,2630166442278202703,1,0,simplekt,
35395640380733303,2710190681972600929,3993295421765698769,1,0,simplekt,
35395640380733303,8800188575488879802,4403133428956178902,1,0,simplekt,
35395640380733303,8800188575488879802,8946122040834336764,1,0,simplekt,
35395640380733303,8800188575488879802,5677422322508975122,1,0,simplekt,
35395640380733303,8800188575488879802,3356952560767624663,1,0,simplekt,
35395640380733303,8800188575488879802,339533063856671049,1,0,simplekt,
35395640380733303,8800188575488879802,2229157640543804668,1,0,simplekt,
35395640380733303,8928614533547636880,4403133428956178902,1,0,simplekt,
35395640380733303,8928614533547636880,8946122040834336764,1,0,simplekt,
35395640380733303,8928614533547636880,5677422322508975122,1,0,simplekt,
35395640380733303,8928614533547636880,3356952560767624663,1,0,simplekt,
35395640380733303,8928614533547636880,339533063856671049,1,0,simplekt,
35395640380733303,8928614533547636880,2229157640543804668,1,0,simplekt,
35395640380733303,1313222365344692898,7071646029904496111,0,0,simplekt,
35395640380733303,2412386674616941727,358466476080118370,1,0,simplekt,
35395640380733303,3271224084009621033,7071646029904496111,0,0,simplekt,
35395640380733303,1055037425822816827,2419480025146918610,1,0,simplekt,
35395640380733303,1055037425822816827,3083880146036401197,1,0,simplekt,
35395640380733303,2460888054706028177,7095223611042566566,1,0,simplekt,
35395640380733303,7539294457027013167,2419480025146918610,0,0,simplekt,
35395640380733303,7539294457027013167,3252826287101409243,0,0,simplekt,
35395640380733303,1651060061902010516,6871726152230450217,1,0,simplekt,
35395640380733303,4654090348491357037,6617986845316146041,1,0,simplekt,
35395640380733303,4800291106010076955,2725736025011687568,1,0,simplekt,
35395640380733303,879162573073742125,5623297772212155274,0,0,simplekt,
35395640380733303,2658862933405537015,765686451306091390,1,0,simplekt,
35395640380733303,4636519258198856077,7152865195137276211,0,0,simplekt,
35395640380733303,2014281586758531738,2054562585630021026,1,0,simplekt,
35395640380733303,5805011942002514206,2054562585630021026,1,0,simplekt,
35395640380733303,8253854356099411745,2054562585630021026,0,0,simplekt,
35395640380733303,5406013425408202846,2045471913834718328,1,0,simplekt,
35395640380733303,4932081828363820241,4526863928383273751,1,0,simplekt,
35395640380733303,2395380374966071435,8751465252612365760,0,0,simplekt,
35395640380733303,4705015170632774223,4526863928383273751,1,0,simplekt,
38326904848121057,6136197739877716460,6166840127928669213,1,0,simplekt,
38326904848121057,6827114036858291371,1319354917418119610,1,0,simplekt,
38326904848121057,8409094004193965575,627168865907866627,1,0,simplekt,
38326904848121057,677718427031623301,1639416985777663729,0,0,simplekt,
38326904848121057,7409015190894677172,4486687310278624666,1,0,simplekt,
38326904848121057,5212433577847969047,4054327785515237713,1,0,simplekt,
38326904848121057,6108091120767529240,1639416985777663729,1,0,simplekt,
38326904848121057,3007818030939477984,4486687310278624666,1,0,simplekt,
38326904848121057,7083597632131215170,4054327785515237713,1,0,simplekt,
38326904848121057,8457451826951989165,1639416985777663729,1,0,simplekt,
38326904848121057,1456996564428091703,2083452711903133430,1,0,simplekt,
38326904848121057,1526710983743951833,8628686323660025649,0,0,simplekt,
38326904848121057,2447655130203902902,2083452711903133430,1,0,simplekt,
38326904848121057,2956479960885787919,2083452711903133430,0,0,simplekt,
38326904848121057,3977409742824404532,5405953385245894923,0,0,simplekt,
38326904848121057,4918977494690725619,5405953385245894923,1,0,simplekt,
38326904848121057,5020761464664581461,7601972610929176126,1,0,simplekt,
38326904848121057,5617269955545469221,5405953385245894923,1,0,simplekt,
38326904848121057,6152547585551306163,2083452711903133430,0,0,simplekt,
38326904848121057,8338517937724927955,2083452711903133430,1,0,simplekt,
38326904848121057,2420520599624494102,2083452711903133430,0,0,simplekt,
38326904848121057,8646396182761933454,4378721629787482518,1,0,simplekt,
38326904848121057,9123241646170176005,5218341511830803388,1,0,simplekt,
38326904848121057,819565012897420344,157292635655693106,0,0,simplekt,
38326904848121057,4226630774366405466,4054327785515237713,1,0,simplekt,
38326904848121057,5226329595444562138,950578831566646851,0,0,simplekt,
38326904848121057,8144376941144135881,2083452711903133430,1,0,simplekt,
38326904848121057,1834492322986056711,5218341511830803388,1,0,simplekt,
38326904848121057,8931749632723040425,6847502242749017216,0,0,simplekt,
38326904848121057,9210041239704311643,8956949829196379438,0,0,simplekt,
38326904848121057,2158718856131309344,1438833197930244504,1,0,simplekt,
38326904848121057,3241990141721645452,5218341511830803388,0,0,simplekt,
38326904848121057,5962416131504756619,3967320573372768823,1,0,simplekt,
38326904848121057,6111224647508314577,8804835143599550923,1,0,simplekt,
38326904848121057,3051782208752463242,2098409895490789901,1,0,simplekt,
38326904848121057,1913858777833276236,7601972610929176126,1,0,simplekt,
38326904848121057,5157498106814022360,3755360326898657107,1,0,simplekt,
38326904848121057,5157498106814022360,4054327785515237713,1,0,simplekt,
38326904848121057,3137298029685116605,5639769407267706829,1,0,simplekt,
38326904848121057,5282154675587810766,3173554826801793204,1,0,simplekt,
38326904848121057,5282154675587810766,3101224498948786626,1,0,simplekt,
38326904848121057,5282154675587810766,8956949829196379438,1,0,simplekt,
38326904848121057,5282154675587810766,5218341511830803388,1,0,simplekt,
38326904848121057,5282154675587810766,7137985937186816118,1,0,simplekt,
38326904848121057,7042327464390583551,8956949829196379438,1,0,simplekt,
38326904848121057,7194414732827270883,5218341511830803388,1,0,simplekt,
38326904848121057,571893087292981609,2053002886922888674,0,0,simplekt,
38326904848121057,1406467888898631097,2053002886922888674,1,0,simplekt,
38326904848121057,7716013157524126870,2053002886922888674,0,0,simplekt,
38326904848121057,904324061102885484,5157498106814022360,0,0,simplekt,
38326904848121057,117405484001421729,6798405681300303548,1,0,simplekt,
38326904848121057,3964717932647789271,2053002886922888674,1,0,simplekt,
38326904848121057,4691114534239090999,1525757407988365380,0,0,simplekt,
38326904848121057,4475094533861283310,2087380862434172594,0,0,simplekt,
38326904848121057,7152361867423653777,2087380862434172594,0,0,simplekt,
38326904848121057,4996134718403181056,8450591260754163598,0,0,simplekt,
38326904848121057,4996134718403181056,2087380862434172594,0,0,simplekt,
38326904848121057,8974962001343124237,2087380862434172594,1,0,simplekt,
38326904848121057,8974962001343124237,8450591260754163598,1,0,simplekt,
38326904848121057,2319496717936970235,7796290305159988749,1,0,simplekt,
38326904848121057,5102720350314034177,8450591260754163598,0,0,simplekt,
38326904848121057,8810730401749115346,2087380862434172594,1,0,simplekt,
38326904848121057,1251455817641904640,6949811205411410448,1,0,simplekt,
38326904848121057,2416325915173703624,6949811205411410448,1,0,simplekt,
38326904848121057,429877715530329366,6949811205411410448,0,0,simplekt,
38326904848121057,4837435113414834930,6949811205411410448,0,0,simplekt,
38326904848121057,6779079609411923954,4932081828363820241,0,0,simplekt,
38326904848121057,8392765289363313686,6949811205411410448,0,0,simplekt,
38326904848121057,9108443622697768153,6949811205411410448,0,0,simplekt,
38326904848121057,1901935155649598482,8437183932514773570,1,0,simplekt,
38326904848121057,3455270155494102977,8437183932514773570,1,0,simplekt,
38326904848121057,3574013440687919886,1553079256999111676,1,0,simplekt,
38326904848121057,3789252648954183712,5882219327983017684,1,0,simplekt,
38326904848121057,3789252648954183712,1553079256999111676,1,0,simplekt,
38326904848121057,5476073667830842979,8450591260754163598,1,0,simplekt,
38326904848121057,5476073667830842979,2087380862434172594,1,0,simplekt,
38326904848121057,7750646271810415248,1553079256999111676,1,0,simplekt,
38326904848121057,9136100434138093052,8450591260754163598,1,0,simplekt,
38326904848121057,815543896097949188,6949811205411410448,1,0,simplekt,
38326904848121057,1376474147284822604,6949811205411410448,1,0,simplekt,
38326904848121057,1979344500176043775,965465494080659646,0,0,simplekt,
38326904848121057,2580847893939496285,4932081828363820241,0,0,simplekt,
38326904848121057,3636251011511491991,4932081828363820241,1,0,simplekt,
38326904848121057,5155492664315395995,6949811205411410448,1,0,simplekt,
38326904848121057,5164036904634637131,4932081828363820241,0,0,simplekt,
38326904848121057,6500751515715535375,4932081828363820241,1,0,simplekt,
38326904848121057,7791086016065881046,6949811205411410448,1,0,simplekt,
38326904848121057,8345504537691670396,6949811205411410448,1,0,simplekt,
38326904848121057,1076669225680131132,1525757407988365380,0,0,simplekt,
38326904848121057,1119751159587497360,965465494080659646,0,0,simplekt,
38326904848121057,4156334156109476774,6847502242749017216,0,0,simplekt,
38326904848121057,4749096023944389123,8450591260754163598,0,0,simplekt,
38326904848121057,4843291169381869696,3967320573372768823,0,0,simplekt,
38326904848121057,8127700523446527598,6949811205411410448,1,0,simplekt,
38326904848121057,1579356570770091526,2412386674616941727,1,0,simplekt,
38326904848121057,6375791786820371727,4330535035378193740,1,0,simplekt,
38326904848121057,6579167398366559077,4526863928383273751,1,0,simplekt,
38326904848121057,4403133428956178902,2412386674616941727,1,0,simplekt,
38326904848121057,5319011735380609624,4474026859818477437,1,0,simplekt,
38326904848121057,5407828324398549496,2412386674616941727,1,0,simplekt,
38326904848121057,2229157640543804668,4526863928383273751,1,0,simplekt,
38326904848121057,2419480025146918610,4526863928383273751,1,0,simplekt,
38326904848121057,2231500381287999366,4526863928383273751,1,0,simplekt,
38326904848121057,3314532806419758275,4526863928383273751,1,0,simplekt,
38326904848121057,5599391198843191400,4526863928383273751,1,0,simplekt,
38326904848121057,5935691721591015003,4526863928383273751,1,0,simplekt,
38326904848121057,6912879333762541144,4526863928383273751,1,0,simplekt,
38326904848121057,8140332280231121006,6256368340148503862,1,0,simplekt,
38326904848121057,8935996797153398646,4526863928383273751,1,0,simplekt,
38326904848121057,2632747775718463298,4526863928383273751,1,0,simplekt,
38326904848121057,4417909438330291766,6256368340148503862,1,0,simplekt,
38326904848121057,3316370036826265180,6777721936409208091,0,0,simplekt,
38326904848121057,2530462478681717021,6777721936409208091,1,0,simplekt,
38326904848121057,2530462478681717021,1349015927524233791,1,0,simplekt,
38326904848121057,2680402074871361480,8257095676522850515,1,0,simplekt,
38326904848121057,4682026176989577260,8257095676522850515,1,0,simplekt,
38326904848121057,7524824912779503903,4474026859818477437,1,0,simplekt,
38326904848121057,722097023336308547,8257095676522850515,1,0,simplekt,
38326904848121057,1149750556527963905,8257095676522850515,1,0,simplekt,
38326904848121057,1338443831449898144,8257095676522850515,1,0,simplekt,
38326904848121057,4986751737876708715,8257095676522850515,1,0,simplekt,
38326904848121057,5267295344877507495,2527237414009188471,1,0,simplekt,
38326904848121057,5958123875580086745,8257095676522850515,0,0,simplekt,
38326904848121057,8425232172151718549,8412574286969789961,1,0,simplekt,
38326904848121057,1374602632651399802,8257095676522850515,1,0,simplekt,
38326904848121057,2457868973054174420,8257095676522850515,1,0,simplekt,
38326904848121057,2568707154491466498,2527237414009188471,1,0,simplekt,
38326904848121057,621323422024138580,3823348261283868936,0,0,simplekt,
38326904848121057,7179012403040335387,3823348261283868936,0,0,simplekt,
38326904848121057,167409757458153278,4355865024520386185,1,0,simplekt,
38326904848121057,2896714375776193951,3823348261283868936,1,0,simplekt,
38326904848121057,3317615472243079555,659998439198894423,1,0,simplekt,
38326904848121057,3317615472243079555,3823348261283868936,1,0,simplekt,
38326904848121057,4531378145189316671,3823348261283868936,1,0,simplekt,
38326904848121057,4733361693292903482,3823348261283868936,1,0,simplekt,
38326904848121057,4781319394530840509,3823348261283868936,1,0,simplekt,
38326904848121057,5007156697901354538,5287993638298451617,1,0,simplekt,
38326904848121057,7104105291018701155,3823348261283868936,1,0,simplekt,
38326904848121057,7226352855003316081,4355865024520386185,0,0,simplekt,
38326904848121057,7226352855003316081,1722290814234752206,0,0,simplekt,
38326904848121057,8743673111952907309,4355865024520386185,0,0,simplekt,
38326904848121057,384764315619426508,2490719368767642283,0,0,simplekt,
38326904848121057,2858423625938753048,8965242899239828151,0,0,simplekt,
38326904848121057,2858423625938753048,4355865024520386185,0,0,simplekt,
38326904848121057,6750855715036353207,3823348261283868936,0,0,simplekt,
38326904848121057,4544446885381517462,5940889310070452911,1,0,simplekt,
38326904848121057,4913550775100811139,8903365289186067945,1,0,simplekt,
38326904848121057,3693372025520714465,2774368076249802464,1,0,simplekt,
38326904848121057,6648092291010264202,1035367362361933335,1,0,simplekt,
38326904848121057,1220881730833231956,8903365289186067945,1,0,simplekt,
38326904848121057,1220881730833231956,7137985937186816118,1,0,simplekt,
38326904848121057,2448338220252688255,5212433577847969047,1,0,simplekt,
38326904848121057,2448338220252688255,5940889310070452911,1,0,simplekt,
38326904848121057,5307649011897770274,8903365289186067945,1,0,simplekt,
38326904848121057,5307649011897770274,7137985937186816118,1,0,simplekt,
38326904848121057,7028703311202016930,1061301253559417093,0,0,simplekt,
38326904848121057,2901516316623824541,7444476343858270082,1,0,simplekt,
38326904848121057,9115558964403805572,1035367362361933335,1,0,simplekt,
38326904848121057,9115558964403805572,6440511557387709110,1,0,simplekt,
38326904848121057,9115558964403805572,2322042198017538996,1,0,simplekt,
38326904848121057,9115558964403805572,7367733278036175273,1,0,simplekt,
38326904848121057,395158972813196562,8952147277934020296,1,0,simplekt,
38326904848121057,499415909107993545,8553379303363759508,1,0,simplekt,
38326904848121057,745937543239567782,4963196153483966673,1,0,simplekt,
38326904848121057,745937543239567782,8952147277934020296,1,0,simplekt,
38326904848121057,1277583981950536507,8952147277934020296,1,0,simplekt,
38326904848121057,1376334605523658368,2042035842694401475,1,0,simplekt,
38326904848121057,2543340345364427399,8952147277934020296,1,0,simplekt,
38326904848121057,3047874906070459594,1035367362361933335,0,0,simplekt,
38326904848121057,3047874906070459594,8952147277934020296,0,0,simplekt,
38326904848121057,5718265418398880457,8952147277934020296,1,0,simplekt,
38326904848121057,6798630857835092045,7444476343858270082,1,0,simplekt,
38326904848121057,1448027844904207214,8952147277934020296,1,0,simplekt,
38326904848121057,7996926089493442878,1061301253559417093,1,0,simplekt,
38326904848121057,7996926089493442878,1962751598315765836,1,0,simplekt,
38326904848121057,8796286059218599951,8553379303363759508,1,0,simplekt,
38326904848121057,7061488257467477665,8952147277934020296,1,0,simplekt,
38326904848121057,6280585725948257772,5797334606267118412,1,0,simplekt,
38326904848121057,7061488257467477665,8952147277934020296,1,0,simplekt,
38326904848121057,2085693395446546242,6108091120767529240,0,0,simplekt,
38326904848121057,2269114235205956810,3178544432443442935,1,0,simplekt,
38326904848121057,2269114235205956810,227262282044896366,1,0,simplekt,
38326904848121057,4363885708927850683,3971525123056884045,1,0,simplekt,
38326904848121057,4554820506179817105,3971525123056884045,1,0,simplekt,
38326904848121057,5576694904266784153,3971525123056884045,0,0,simplekt,
38326904848121057,7591569047079140023,727042050873976136,0,0,simplekt,
38326904848121057,7591569047079140023,5797334606267118412,0,0,simplekt,
38326904848121057,7591569047079140023,7802467190713408940,0,0,simplekt,
38326904848121057,8444596411580810369,3204183443604364643,1,0,simplekt,
38326904848121057,8444596411580810369,3971525123056884045,1,0,simplekt,
38326904848121057,8648751234568997145,727042050873976136,1,0,simplekt,
38326904848121057,8719615833537419001,727042050873976136,0,0,simplekt,
38326904848121057,8719615833537419001,5797334606267118412,0,0,simplekt,
38326904848121057,8719615833537419001,7802467190713408940,0,0,simplekt,
38326904848121057,8963493453376579690,3101224498948786626,0,0,simplekt,
38326904848121057,8963493453376579690,3971525123056884045,0,0,simplekt,
38326904848121057,349001610909101374,2014268979504181100,1,0,simplekt,
38326904848121057,4173298925885015858,3971525123056884045,1,0,simplekt,
38326904848121057,4654460341639747107,5797334606267118412,0,0,simplekt,
38326904848121057,6954638006308017606,1073629390141817738,1,0,simplekt,
38326904848121057,7248528123020952415,3973362612645892720,1,0,simplekt,
38326904848121057,3630355143907062367,2014268979504181100,1,0,simplekt,
38326904848121057,3630355143907062367,359472342153919339,1,0,simplekt,
38326904848121057,1148059239911857311,1222407798012817380,1,0,simplekt,
38326904848121057,7248903972195788289,461444768761955221,1,0,simplekt,
38326904848121057,7248903972195788289,816286915455981984,1,0,simplekt,
38326904848121057,945565921951254878,2014268979504181100,1,0,simplekt,
38326904848121057,2412745734470053942,816286915455981984,1,0,simplekt,
38326904848121057,3144650951437391343,3973362612645892720,1,0,simplekt,
38326904848121057,3810690575819217641,1651060061902010516,1,0,simplekt,
38326904848121057,4212276336065648477,1651060061902010516,0,0,simplekt,
38326904848121057,6211220832378002724,461444768761955221,1,0,simplekt,
38326904848121057,6221193430657295116,1651060061902010516,0,0,simplekt,
38326904848121057,6801647335265320005,2014268979504181100,1,0,simplekt,
38326904848121057,7122625606333777249,461444768761955221,1,0,simplekt,
38326904848121057,7122625606333777249,2014268979504181100,1,0,simplekt,
38326904848121057,7122625606333777249,1561828096740638348,1,0,simplekt,
38326904848121057,7122625606333777249,1222407798012817380,1,0,simplekt,
38326904848121057,7691544817776266367,1651060061902010516,1,0,simplekt,
38326904848121057,513886456210776932,5483772617844162674,0,0,simplekt,
38326904848121057,7353831867200563003,3973362612645892720,1,0,simplekt,
38326904848121057,7721624648022640439,2014268979504181100,1,0,simplekt,
38326904848121057,8686738128182072880,1651060061902010516,1,0,simplekt,
38326904848121057,1809111747278392846,1742185772413642127,1,0,simplekt,
38326904848121057,7237352591206535303,4147399948521361923,1,0,simplekt,
38326904848121057,214016565839122712,5483772617844162674,1,0,simplekt,
38326904848121057,7247319063698441624,1962751598315765836,1,0,simplekt,
38326904848121057,9105975560767561386,1742185772413642127,0,0,simplekt,
38326904848121057,287641116298515468,8396066965787714901,0,0,simplekt,
38326904848121057,8230232076200163170,1742185772413642127,1,0,simplekt,
38326904848121057,8246862687487187606,5483772617844162674,1,0,simplekt,
38326904848121057,8915707948909039697,5483772617844162674,1,0,simplekt,
38326904848121057,4648842905384256234,325754291254371692,1,0,simplekt,
38326904848121057,4648842905384256234,5841359775533910823,1,0,simplekt,
38326904848121057,7836239570515567423,456878871009050454,0,0,simplekt,
38326904848121057,76861115719997282,325754291254371692,1,0,simplekt,
38326904848121057,76861115719997282,5841359775533910823,1,0,simplekt,
38326904848121057,190152477927888186,4778110010971744024,0,0,simplekt,
38326904848121057,190152477927888186,5841359775533910823,0,0,simplekt,
38326904848121057,190152477927888186,8396066965787714901,0,0,simplekt,
38326904848121057,676832377869025928,456878871009050454,1,0,simplekt,
38326904848121057,2871444360005269683,325754291254371692,1,0,simplekt,
38326904848121057,2871444360005269683,456878871009050454,1,0,simplekt,
38326904848121057,3121658777261719018,456878871009050454,1,0,simplekt,
38326904848121057,4141243772700427646,9023137825787198513,1,0,simplekt,
38326904848121057,5168202298240822526,5841359775533910823,1,0,simplekt,
38326904848121057,5168202298240822526,6829927875902990447,1,0,simplekt,
38326904848121057,7898090984267947981,456878871009050454,1,0,simplekt,
38326904848121057,8914436619273109770,456878871009050454,1,0,simplekt,
38326904848121057,1286827730621926626,9023137825787198513,1,0,simplekt,
38326904848121057,5563821932250230450,4217300911507384862,1,0,simplekt,
38326904848121057,8392500195579636452,325754291254371692,1,0,simplekt,
38326904848121057,8392500195579636452,456878871009050454,1,0,simplekt,
38326904848121057,2066519149559656477,3386664800761312538,1,0,simplekt,
38326904848121057,5158701880648208970,3386664800761312538,1,0,simplekt,
38326904848121057,206555899032063829,3386664800761312538,0,0,simplekt,
38326904848121057,206555899032063829,6416767787933835412,0,0,simplekt,
38326904848121057,1090658739764995297,1121940775251872465,1,0,simplekt,
38326904848121057,1221108426739271274,3386664800761312538,1,0,simplekt,
38326904848121057,2421518773427023370,5797334606267118412,1,0,simplekt,
38326904848121057,2421518773427023370,7802467190713408940,1,0,simplekt,
38326904848121057,3198634077162873063,1121940775251872465,1,0,simplekt,
38326904848121057,3407873849159642459,3386664800761312538,0,0,simplekt,
38326904848121057,5657379491347262335,3386664800761312538,1,0,simplekt,
38326904848121057,7515619534248914601,3386664800761312538,1,0,simplekt,
38326904848121057,7515619534248914601,1121940775251872465,1,0,simplekt,
38326904848121057,8621089085595606422,3386664800761312538,1,0,simplekt,
38326904848121057,8799643614547191358,3386664800761312538,0,0,simplekt,
39423441529846051,1440354453570655004,1061301253559417093,0,0,simplekt,
39423441529846051,6612232247280708430,2042035842694401475,1,0,simplekt,
39423441529846051,3386664800761312538,1061301253559417093,1,0,simplekt,
39423441529846051,5626355055055545431,6822117125000922910,0,0,simplekt,
39423441529846051,8864809465971284028,2042035842694401475,0,0,simplekt,
39423441529846051,3332137889285891213,461444768761955221,0,0,simplekt,
39423441529846051,1435457786617934169,8637767708838786270,0,0,simplekt,
39423441529846051,4458350396491259368,2444561318128719520,1,0,simplekt,
39423441529846051,4458350396491259368,461444768761955221,1,0,simplekt,
39423441529846051,3145156988418070159,2042035842694401475,1,0,simplekt,
39423441529846051,3145156988418070159,1061301253559417093,1,0,simplekt,
39423441529846051,7744513373483970787,1061301253559417093,1,0,simplekt,
39423441529846051,731794087150807706,8637767708838786270,1,0,simplekt,
39423441529846051,2002337488984006125,3973362612645892720,1,0,simplekt,
39423441529846051,1248839093075293021,3896176223871121243,1,0,simplekt,
39423441529846051,1248839093075293021,4654090348491357037,1,0,simplekt,
39423441529846051,2617896377082299948,265024722754351077,1,0,simplekt,
39423441529846051,7312291969267315939,1528367322763859649,1,0,simplekt,
39423441529846051,7433909518649792585,8637767708838786270,1,0,simplekt,
39423441529846051,2617896377082299948,265024722754351077,1,0,simplekt,
39423441529846051,7312291969267315939,1528367322763859649,1,0,simplekt,
39423441529846051,7433909518649792585,8637767708838786270,1,0,simplekt,
39423441529846051,2421515943791592336,4654090348491357037,1,0,simplekt,
39423441529846051,9049291714348060046,3695961057996457232,1,0,simplekt,
39423441529846051,3768731063963598644,9035941346198722721,1,0,simplekt,
39423441529846051,5253732421033287827,3695961057996457232,1,0,simplekt,
39423441529846051,152767769636589090,358466476080118370,1,0,simplekt,
39423441529846051,440811783466147539,3695961057996457232,1,0,simplekt,
39423441529846051,5828402920911886260,3018317019676942629,1,0,simplekt,
39423441529846051,440811783466147539,3695961057996457232,1,0,simplekt,
39423441529846051,5828402920911886260,3018317019676942629,1,0,simplekt,
39423441529846051,5272783423354924098,8872345422222847872,1,0,simplekt,
39423441529846051,5272783423354924098,6122766357667049422,1,0,simplekt,
39423441529846051,3086562457051932167,1761868641361943332,1,0,simplekt,
39423441529846051,6238412361479316745,4824259625677886603,0,0,simplekt,
39423441529846051,7223937663635933255,1121940775251872465,1,0,simplekt,
39423441529846051,7223937663635933255,9083169879347368281,1,0,simplekt,
39423441529846051,5490559300243077051,1761868641361943332,1,0,simplekt,
39423441529846051,1047965245051446852,8019950075815571462,1,0,simplekt,
39423441529846051,10766877478299942,8860457263355711329,0,0,simplekt,
39423441529846051,4640630302861370741,6664130503876327269,1,0,simplekt,
39423441529846051,5233639500475075064,3695277572730007841,1,0,simplekt,
39423441529846051,239223947281477052,8860457263355711329,1,0,simplekt,
39423441529846051,6562668926073346752,3695277572730007841,1,0,simplekt,
39423441529846051,7333700626402702779,8860457263355711329,1,0,simplekt,
39423441529846051,2187769834149257833,8019950075815571462,1,0,simplekt,
39423441529846051,9014151144553322810,6664130503876327269,1,0,simplekt,
39423441529846051,722862086886210462,8093703363222220592,1,0,simplekt,
39423441529846051,2948773259993856183,8019950075815571462,1,0,simplekt,
39423441529846051,551850017527803928,6122976203044086678,1,0,simplekt,
39423441529846051,2494213642607817134,6122976203044086678,1,0,simplekt,
39423441529846051,2955968342870521304,5367181793918399709,1,0,simplekt,
39423441529846051,8057419366645571406,8019950075815571462,1,0,simplekt,
39423441529846051,1753059732506705263,5367181793918399709,1,0,simplekt,
39423441529846051,7909648145230263771,5367181793918399709,1,0,simplekt,
39423441529846051,3083880146036401197,2789722194329186491,1,0,simplekt,
39423441529846051,3993295421765698769,8019950075815571462,1,0,simplekt,
39423441529846051,4734652333914181414,8093703363222220592,1,0,simplekt,
39423441529846051,1956906990095827881,4644364625800006675,1,0,simplekt,
39423441529846051,4342885863352887,578064138689923259,1,0,simplekt,
39423441529846051,8590340331612253570,6994544439163477228,1,0,simplekt,
39423441529846051,8590340331612253570,1121364116392304820,1,0,simplekt,
39423441529846051,2725078147122156143,5282831772502765195,1,0,simplekt,
39423441529846051,3252826287101409243,287641116298515468,1,0,simplekt,
39423441529846051,8879857825588577091,578064138689923259,1,0,simplekt,
39423441529846051,2725078147122156143,5282831772502765195,1,0,simplekt,
39423441529846051,3252826287101409243,287641116298515468,1,0,simplekt,
39423441529846051,8879857825588577091,578064138689923259,1,0,simplekt,
39423441529846051,21492076077958729,5932668873100475470,0,0,simplekt,
39423441529846051,2656580497987067535,5791250638486922978,1,0,simplekt,
39423441529846051,3710412657629285952,6945730151184930199,1,0,simplekt,
39423441529846051,6017410436784829725,5581673844533041260,0,0,simplekt,
39423441529846051,9016849573897402781,3586178338192106934,0,0,simplekt,
39423441529846051,3710412657629285952,6945730151184930199,1,0,simplekt,
39423441529846051,6017410436784829725,5581673844533041260,1,0,simplekt,
39423441529846051,9016849573897402781,3586178338192106934,1,0,simplekt,
39423441529846051,67720501988745316,8053098255007046142,1,0,simplekt,
39423441529846051,67720501988745316,7271679498218995541,1,0,simplekt,
39423441529846051,2113026943707030675,8053098255007046142,1,0,simplekt,
39423441529846051,2971485330678223403,8053098255007046142,1,0,simplekt,
39423441529846051,4279937419722821007,8053098255007046142,1,0,simplekt,
39423441529846051,6607159021814240557,8053098255007046142,1,0,simplekt,
39423441529846051,7376337487144723980,8053098255007046142,1,0,simplekt,
39423441529846051,5087258887760735451,8053098255007046142,1,0,simplekt,
39423441529846051,461444768761955221,1418680419447008469,1,0,simplekt,
39423441529846051,1521444483287362772,1418680419447008469,1,0,simplekt,
39423441529846051,1561828096740638348,1418680419447008469,1,0,simplekt,
39423441529846051,3005237573196022570,1418680419447008469,1,0,simplekt,
39423441529846051,5186597158897031198,1418680419447008469,1,0,simplekt,
39423441529846051,6122976203044086678,8246862687487187606,1,0,simplekt,
39423441529846051,6496413965580900652,8996174276804908917,1,0,simplekt,
39423441529846051,8751465252612365760,7381422041526990924,1,0,simplekt,
39423441529846051,1610673522589810592,8053098255007046142,1,0,simplekt,
39423441529846051,157554714815648895,5761106556343021166,1,0,simplekt,
39423441529846051,2410338549246672997,2630166442278202703,1,0,simplekt,
39423441529846051,4505643652580096432,8903365289186067945,1,0,simplekt,
39423441529846051,5102161112014440215,3220231712819306119,1,0,simplekt,
39423441529846051,8600282194503590507,7163156933085560357,1,0,simplekt,
39423441529846051,2008979487187357059,1856930371502693412,1,0,simplekt,
39423441529846051,5145288580828250182,1856930371502693412,1,0,simplekt,
39423441529846051,8161041551138141528,1856930371502693412,1,0,simplekt,
39423441529846051,1942256407192639244,1742185772413642127,1,0,simplekt,
39423441529846051,7671015736082524759,1742185772413642127,1,0,simplekt,
39423441529846051,1747455970233689502,1239035252056260249,1,0,simplekt,
39423441529846051,2741444590828744013,2008979487187357059,1,0,simplekt,
39423441529846051,8326978115401360605,8161041551138141528,1,0,simplekt,
39423441529846051,3016227619091591973,727042050873976136,1,0,simplekt,
39423441529846051,4246873457848590626,6847502242749017216,1,0,simplekt,
39423441529846051,4405407320728896669,936324378259014250,1,0,simplekt,
39423441529846051,6340722153999614323,1609137421269019972,1,0,simplekt,
39423441529846051,6707472437952949920,5797334606267118412,1,0,simplekt,
39423441529846051,7361445611036400505,5797334606267118412,1,0,simplekt,
39423441529846051,7818262784267116398,936324378259014250,1,0,simplekt,
39423441529846051,8229847730336558185,5797334606267118412,0,0,simplekt,
39423441529846051,5476204502823458136,5797334606267118412,1,0,simplekt,
39423441529846051,7135928945169882299,936324378259014250,1,0,simplekt,
39423441529846051,8024399540510336409,5797334606267118412,1,0,simplekt,
39423441529846051,7249722219392075512,8253624017608095921,1,0,simplekt,
39423441529846051,500918486176261774,594484301261397148,1,0,simplekt,
39423441529846051,6716752416267324351,594484301261397148,1,0,simplekt,
39423441529846051,1805233863060010564,594484301261397148,1,0,simplekt,
39423441529846051,5323872699137754545,1726769798644809705,1,0,simplekt,
39423441529846051,5492474962769016235,594484301261397148,1,0,simplekt,
39423441529846051,7710856546533289813,3990069655864291204,1,0,simplekt,
39423441529846051,7710856546533289813,4147399948521361923,1,0,simplekt,
39423441529846051,7710856546533289813,594484301261397148,1,0,simplekt,
39423441529846051,7788761949031551269,594484301261397148,1,0,simplekt,
39423441529846051,8685139025305292110,6829111499768831843,1,0,simplekt,
39423441529846051,17368298824386454,8398942342651905271,1,0,simplekt,
39423441529846051,7693950217059964086,2500372166686333823,1,0,simplekt,
39423441529846051,7704923554445842936,8021260812906271597,1,0,simplekt,
39423441529846051,9077326449528405556,2500372166686333823,1,0,simplekt,
39423441529846051,3328120208071131158,1639416985777663729,1,0,simplekt,
39423441529846051,3328120208071131158,4486687310278624666,1,0,simplekt,
39423441529846051,5212433577847969047,4054327785515237713,1,0,simplekt,
39423441529846051,6108091120767529240,1639416985777663729,1,0,simplekt,
39423441529846051,819565012897420344,157292635655693106,0,0,simplekt,
39423441529846051,1039790288475428751,1639416985777663729,1,0,simplekt,
39423441529846051,1468763131827164952,1639416985777663729,1,0,simplekt,
39423441529846051,4226630774366405466,4054327785515237713,1,0,simplekt,
39423441529846051,5848386095266574345,1639416985777663729,1,0,simplekt,
39423441529846051,6102562841422730681,1639416985777663729,1,0,simplekt,
39423441529846051,6212449717183898812,4054327785515237713,1,0,simplekt,
39423441529846051,7890015194232562946,1639416985777663729,1,0,simplekt,
39423441529846051,7890015194232562946,4486687310278624666,1,0,simplekt,
39423441529846051,2658518187517502877,5405953385245894923,1,0,simplekt,
39423441529846051,8528296525524006730,7601972610929176126,1,0,simplekt,
39423441529846051,2229157640543804668,4526863928383273751,1,0,simplekt,
39423441529846051,2419480025146918610,4526863928383273751,1,0,simplekt,
39423441529846051,2231500381287999366,4526863928383273751,1,0,simplekt,
39423441529846051,3314532806419758275,4526863928383273751,1,0,simplekt,
39423441529846051,5599391198843191400,4526863928383273751,1,0,simplekt,
39423441529846051,5935691721591015003,4526863928383273751,1,0,simplekt,
39423441529846051,6912879333762541144,4526863928383273751,1,0,simplekt,
39423441529846051,8140332280231121006,6256368340148503862,1,0,simplekt,
39423441529846051,1104399640918881276,8257095676522850515,1,0,simplekt,
39423441529846051,247617572152344525,8257095676522850515,0,0,simplekt,
39423441529846051,1276391252467760039,3386572474479421240,0,0,simplekt,
39423441529846051,2256372558845299038,2774368076249802464,1,0,simplekt,
39423441529846051,3100726898012878474,2774368076249802464,1,0,simplekt,
39423441529846051,4544446885381517462,5940889310070452911,1,0,simplekt,
39423441529846051,4913550775100811139,8903365289186067945,1,0,simplekt,
39423441529846051,1756250196162009919,2774368076249802464,1,0,simplekt,
39423441529846051,2191824904512646526,7409015190894677172,1,0,simplekt,
39423441529846051,2191824904512646526,1638799697749911200,1,0,simplekt,
39423441529846051,2752868115089102383,2774368076249802464,1,0,simplekt,
39423441529846051,3693372025520714465,2774368076249802464,1,0,simplekt,
39423441529846051,3739538525079685920,2774368076249802464,1,0,simplekt,
39423441529846051,3935520650304625319,8903365289186067945,1,0,simplekt,
39423441529846051,5080734890877835419,6994544439163477228,1,0,simplekt,
39423441529846051,6145721154530904521,8903365289186067945,1,0,simplekt,
39423441529846051,6318697856994607518,8903365289186067945,1,0,simplekt,
39423441529846051,8104578957537779709,2240774251905964566,1,0,simplekt,
39423441529846051,8104578957537779709,8903365289186067945,1,0,simplekt,
39423441529846051,6080454475429592540,8903365289186067945,1,0,simplekt,
39423441529846051,5221814168049107787,8903365289186067945,1,0,simplekt,
39423441529846051,6075423682824025943,5940889310070452911,1,0,simplekt,
39423441529846051,6717948915470803660,2774368076249802464,1,0,simplekt,
39423441529846051,384764315619426508,2490719368767642283,0,0,simplekt,
39423441529846051,2858423625938753048,8965242899239828151,1,0,simplekt,
39423441529846051,2858423625938753048,4355865024520386185,1,0,simplekt,
39423441529846051,6750855715036353207,3823348261283868936,1,0,simplekt,
39423441529846051,617692350657418114,4355865024520386185,1,0,simplekt,
39423441529846051,3904592047260261162,1722290814234752206,1,0,simplekt,
39423441529846051,5216038448734267549,3823348261283868936,0,0,simplekt,
39423441529846051,7172996842918330814,3005237573196022570,0,0,simplekt,
39423441529846051,7172996842918330814,3521847891710846645,0,0,simplekt,
39423441529846051,1374602632651399802,8257095676522850515,1,0,simplekt,
39423441529846051,2457868973054174420,8257095676522850515,1,0,simplekt,
39423441529846051,2568707154491466498,2527237414009188471,1,0,simplekt,
39423441529846051,621323422024138580,3823348261283868936,1,0,simplekt,
39423441529846051,3922110250662496161,3823348261283868936,1,0,simplekt,
39423441529846051,6683578245725279512,3823348261283868936,1,0,simplekt,
39423441529846051,7179012403040335387,3823348261283868936,1,0,simplekt,
39423441529846051,5307649011897770274,8903365289186067945,1,0,simplekt,
39423441529846051,5307649011897770274,7137985937186816118,1,0,simplekt,
39423441529846051,2901516316623824541,7444476343858270082,1,0,simplekt,
39423441529846051,3188307868030298213,8553379303363759508,1,0,simplekt,
39423441529846051,3637782032956134918,8952147277934020296,1,0,simplekt,
39423441529846051,3637782032956134918,8553379303363759508,1,0,simplekt,
39423441529846051,9115558964403805572,1035367362361933335,1,0,simplekt,
39423441529846051,9115558964403805572,6440511557387709110,1,0,simplekt,
39423441529846051,9115558964403805572,2322042198017538996,1,0,simplekt,
39423441529846051,9115558964403805572,7367733278036175273,1,0,simplekt,
39423441529846051,395158972813196562,8952147277934020296,1,0,simplekt,
39423441529846051,499415909107993545,8553379303363759508,1,0,simplekt,
39423441529846051,745937543239567782,4963196153483966673,1,0,simplekt,
39423441529846051,745937543239567782,8952147277934020296,1,0,simplekt,
39423441529846051,1045939723569769010,1035367362361933335,1,0,simplekt,
39423441529846051,1277583981950536507,8952147277934020296,1,0,simplekt,
39423441529846051,1376334605523658368,2042035842694401475,1,0,simplekt,
39423441529846051,2543340345364427399,8952147277934020296,1,0,simplekt,
39423441529846051,5718265418398880457,8952147277934020296,1,0,simplekt,
39423441529846051,6798630857835092045,7444476343858270082,1,0,simplekt,
39423441529846051,3630355143907062367,2014268979504181100,1,0,simplekt,
39423441529846051,3630355143907062367,359472342153919339,1,0,simplekt,
39423441529846051,5470588969828221916,300471914551172981,1,0,simplekt,
39423441529846051,945565921951254878,2014268979504181100,1,0,simplekt,
39423441529846051,2412745734470053942,816286915455981984,1,0,simplekt,
39423441529846051,3144650951437391343,3973362612645892720,1,0,simplekt,
39423441529846051,3810690575819217641,1651060061902010516,1,0,simplekt,
39423441529846051,4212276336065648477,1651060061902010516,1,0,simplekt,
39423441529846051,4667191227448225636,461444768761955221,1,0,simplekt,
39423441529846051,6221193430657295116,1651060061902010516,1,0,simplekt,
39423441529846051,6801647335265320005,2014268979504181100,1,0,simplekt,
39423441529846051,7122625606333777249,461444768761955221,1,0,simplekt,
39423441529846051,7122625606333777249,2014268979504181100,1,0,simplekt,
39423441529846051,7122625606333777249,1561828096740638348,1,0,simplekt,
39423441529846051,7122625606333777249,1222407798012817380,1,0,simplekt,
39423441529846051,7691544817776266367,1651060061902010516,1,0,simplekt,
39423441529846051,969276083841464379,3712398040798988323,1,0,simplekt,
39423441529846051,969276083841464379,7795138037346182807,1,0,simplekt,
39423441529846051,969276083841464379,1742185772413642127,1,0,simplekt,
39423441529846051,2402935285982105647,5483772617844162674,1,0,simplekt,
39423441529846051,1495183182492116948,5483772617844162674,1,0,simplekt,
39423441529846051,3314984593937164412,5483772617844162674,0,0,simplekt,
39423441529846051,3078421359782078426,1742185772413642127,0,0,simplekt,
39423441529846051,218948788446300858,1742185772413642127,1,0,simplekt,
39423441529846051,218948788446300858,1742185772413642127,0,0,simplekt,
39423441529846051,4338160610807752656,1962751598315765836,1,0,simplekt,
39423441529846051,4338160610807752656,7078830972705558821,1,0,simplekt,
45174813258656205,7763029187668663390,17368298824386454,0,0,simplekt,
45174813258656205,5778139094387649840,8637767708838786270,0,0,simplekt,
45174813258656205,1248839093075293021,3896176223871121243,0,0,simplekt,
45174813258656205,1248839093075293021,4654090348491357037,0,0,simplekt,
45174813258656205,5272783423354924098,8872345422222847872,0,0,simplekt,
45174813258656205,5272783423354924098,6122766357667049422,0,0,simplekt,
45174813258656205,4389874806525329152,17368298824386454,1,0,simplekt,
45174813258656205,8048688556918675420,4963196153483966673,1,0,simplekt,
45174813258656205,8742042833452882078,1035367362361933335,1,0,simplekt,
45174813258656205,8742042833452882078,17368298824386454,1,0,simplekt,
45174813258656205,921980873700782705,8952147277934020296,0,0,simplekt,
45174813258656205,7107023648925395807,1035367362361933335,1,0,simplekt,
45174813258656205,7107023648925395807,1061301253559417093,1,0,simplekt,
45174813258656205,7996926089493442878,1061301253559417093,0,0,simplekt,
45174813258656205,7996926089493442878,1962751598315765836,0,0,simplekt,
45174813258656205,3145156988418070159,2042035842694401475,1,0,simplekt,
45174813258656205,3145156988418070159,1061301253559417093,1,0,simplekt,
45174813258656205,3386664800761312538,1061301253559417093,1,0,simplekt,
45174813258656205,5626355055055545431,6822117125000922910,0,0,simplekt,
45174813258656205,8864809465971284028,2042035842694401475,1,0,simplekt,
45174813258656205,2617896377082299948,265024722754351077,0,0,simplekt,
45174813258656205,7312291969267315939,1528367322763859649,0,0,simplekt,
45174813258656205,7433909518649792585,8637767708838786270,0,0,simplekt,
45174813258656205,290572049666842618,2042035842694401475,1,0,simplekt,
45174813258656205,3386664800761312538,1061301253559417093,0,0,simplekt,
45174813258656205,5626355055055545431,6822117125000922910,0,0,simplekt,
45174813258656205,2617896377082299948,265024722754351077,0,0,simplekt,
45174813258656205,7312291969267315939,1528367322763859649,1,0,simplekt,
45174813258656205,7433909518649792585,8637767708838786270,1,0,simplekt,
45174813258656205,440811783466147539,3695961057996457232,0,0,simplekt,
45174813258656205,5828402920911886260,3018317019676942629,1,0,simplekt,
45174813258656205,440811783466147539,3695961057996457232,1,0,simplekt,
45174813258656205,5828402920911886260,3018317019676942629,0,0,simplekt,
45174813258656205,3320274191914431933,1217036946970550577,0,0,simplekt,
45174813258656205,6238412361479316745,4824259625677886603,0,0,simplekt,
45174813258656205,2656580497987067535,5791250638486922978,0,0,simplekt,
45174813258656205,1956906990095827881,4644364625800006675,0,0,simplekt,
45174813258656205,574010913031507921,1419939641018040378,1,0,simplekt,
45174813258656205,1047965245051446852,8019950075815571462,0,0,simplekt,
45174813258656205,6486630054478318040,1761868641361943332,1,0,simplekt,
45174813258656205,5490559300243077051,1761868641361943332,1,0,simplekt,
45174813258656205,7333700626402702779,8860457263355711329,0,0,simplekt,
45174813258656205,41434518912035555,3695277572730007841,1,0,simplekt,
45174813258656205,193608279773717946,3695277572730007841,1,0,simplekt,
45174813258656205,341982801440187992,4824259625677886603,1,0,simplekt,
45174813258656205,2975573403773770007,3932120167381333386,1,0,simplekt,
45174813258656205,3412576189779366937,3695277572730007841,1,0,simplekt,
45174813258656205,5565521754593165356,3018317019676942629,1,0,simplekt,
45174813258656205,5876268861883301973,4824259625677886603,1,0,simplekt,
45174813258656205,1033235719054268613,1620228599548467016,1,0,simplekt,
45174813258656205,10766877478299942,8860457263355711329,0,0,simplekt,
45174813258656205,4640630302861370741,6664130503876327269,0,0,simplekt,
45174813258656205,5233639500475075064,3695277572730007841,0,0,simplekt,
45174813258656205,2494213642607817134,6122976203044086678,1,0,simplekt,
45174813258656205,2955968342870521304,5367181793918399709,0,0,simplekt,
45174813258656205,8057419366645571406,8019950075815571462,1,0,simplekt,
45174813258656205,10766877478299942,8860457263355711329,1,0,simplekt,
45174813258656205,4640630302861370741,6664130503876327269,0,0,simplekt,
45174813258656205,5233639500475075064,3695277572730007841,1,0,simplekt,
45174813258656205,139815545349714716,8600282194503590507,0,0,simplekt,
45174813258656205,3083880146036401197,2789722194329186491,1,0,simplekt,
45174813258656205,3993295421765698769,8019950075815571462,1,0,simplekt,
45174813258656205,9028867006689148622,578064138689923259,0,0,simplekt,
45174813258656205,4342885863352887,578064138689923259,0,0,simplekt,
45174813258656205,2725078147122156143,5282831772502765195,1,0,simplekt,
45174813258656205,3252826287101409243,287641116298515468,1,0,simplekt,
45174813258656205,8879857825588577091,578064138689923259,0,0,simplekt,
45174813258656205,2725078147122156143,5282831772502765195,1,0,simplekt,
45174813258656205,3252826287101409243,287641116298515468,1,0,simplekt,
45174813258656205,8879857825588577091,578064138689923259,1,0,simplekt,
45174813258656205,512958171013917277,5581673844533041260,0,0,simplekt,
45174813258656205,5307840994521275444,6319743179241711738,0,0,simplekt,
45174813258656205,6524148115537906735,5595843663294468577,0,0,simplekt,
45174813258656205,6017410436784829725,5581673844533041260,0,0,simplekt,
45174813258656205,9016849573897402781,3586178338192106934,0,0,simplekt,
45174813258656205,3710412657629285952,6945730151184930199,0,0,simplekt,
45174813258656205,6017410436784829725,5581673844533041260,1,0,simplekt,
45174813258656205,9016849573897402781,3586178338192106934,1,0,simplekt,
45174813258656205,7238742648168385675,6496413965580900652,0,0,simplekt,
45174813258656205,6309587607481395298,5791250638486922978,1,0,simplekt,
45174813258656205,4838387331889145940,1962751598315765836,1,0,simplekt,
45174813258656205,4838387331889145940,2537821716777940730,1,0,simplekt,
45174813258656205,1610673522589810592,8053098255007046142,0,0,simplekt,
45174813258656205,5087258887760735451,8053098255007046142,1,0,simplekt,
45174813258656205,1277598461458419469,8053098255007046142,0,0,simplekt,
45174813258656205,2200132177902746863,8053098255007046142,0,0,simplekt,
45174813258656205,4369619279285999524,3005237573196022570,0,0,simplekt,
45174813258656205,6884783468361226997,3005237573196022570,0,0,simplekt,
45174813258656205,7917739499569274962,1521444483287362772,0,0,simplekt,
45174813258656205,4816021160113468397,1418680419447008469,0,0,simplekt,
45174813258656205,67720501988745316,8053098255007046142,0,0,simplekt,
45174813258656205,67720501988745316,7271679498218995541,0,0,simplekt,
45174813258656205,832534194201133232,7877160466076973101,0,0,simplekt,
45174813258656205,5595843663294468577,3220231712819306119,1,0,simplekt,
45174813258656205,2017258454920880399,2349564142150083418,1,0,simplekt,
45174813258656205,2017258454920880399,1418680419447008469,1,0,simplekt,
45174813258656205,4865115645830665994,2349564142150083418,0,0,simplekt,
45174813258656205,4865115645830665994,1418680419447008469,0,0,simplekt,
45174813258656205,7304690776584785246,2349564142150083418,0,0,simplekt,
45174813258656205,7304690776584785246,1418680419447008469,0,0,simplekt,
45174813258656205,157554714815648895,5761106556343021166,0,0,simplekt,
45174813258656205,2410338549246672997,2630166442278202703,0,0,simplekt,
45174813258656205,8571634011969914262,5761106556343021166,1,0,simplekt,
45174813258656205,1217036946970550577,5821369294207078714,0,0,simplekt,
45174813258656205,3775426114325106060,2630166442278202703,0,0,simplekt,
45174813258656205,8756464069594048274,5761106556343021166,0,0,simplekt,
45174813258656205,3539345220268085256,8053098255007046142,0,0,simplekt,
45174813258656205,157554714815648895,5761106556343021166,0,0,simplekt,
45174813258656205,2410338549246672997,2630166442278202703,1,0,simplekt,
45174813258656205,8571634011969914262,5761106556343021166,0,0,simplekt,
45174813258656205,8327913062917030177,8903365289186067945,0,0,simplekt,
45174813258656205,8976951557060279940,8194071366621068887,0,0,simplekt,
45174813258656205,974579592739310433,4076081174105320470,0,0,simplekt,
45174813258656205,2008979487187357059,1856930371502693412,1,0,simplekt,
45174813258656205,5145288580828250182,1856930371502693412,0,0,simplekt,
45174813258656205,8161041551138141528,1856930371502693412,0,0,simplekt,
45174813258656205,7367733278036175273,1742185772413642127,0,0,simplekt,
45174813258656205,7367733278036175273,2042035842694401475,0,0,simplekt,
45174813258656205,360134004740883987,1742185772413642127,0,0,simplekt,
45174813258656205,8326978115401360605,8161041551138141528,0,0,simplekt,
45174813258656205,1942256407192639244,1742185772413642127,1,0,simplekt,
45174813258656205,7671015736082524759,1742185772413642127,0,0,simplekt,
45174813258656205,5476204502823458136,5797334606267118412,0,0,simplekt,
45174813258656205,7249722219392075512,8253624017608095921,0,0,simplekt,
45174813258656205,1977550450114807733,1073629390141817738,0,0,simplekt,
45174813258656205,2693181881020862458,3173554826801793204,1,0,simplekt,
45174813258656205,2693181881020862458,3101224498948786626,1,0,simplekt,
45174813258656205,2693181881020862458,5215432518055670326,1,0,simplekt,
45174813258656205,2693181881020862458,8253624017608095921,1,0,simplekt,
45174813258656205,9077075825606000923,3101224498948786626,1,0,simplekt,
45174813258656205,9077075825606000923,3971525123056884045,1,0,simplekt,
45174813258656205,6149932927129003193,594484301261397148,0,0,simplekt,
45174813258656205,9030594617295178947,594484301261397148,1,0,simplekt,
45174813258656205,500918486176261774,594484301261397148,0,0,simplekt,
45174813258656205,8412574286969789961,6829111499768831843,0,0,simplekt,
45174813258656205,3836914043585992532,3971525123056884045,0,0,simplekt,
45174813258656205,278327630535823712,936324378259014250,0,0,simplekt,
45174813258656205,775355032693172961,3173554826801793204,0,0,simplekt,
45174813258656205,775355032693172961,5797334606267118412,0,0,simplekt,
45174813258656205,775355032693172961,7802467190713408940,0,0,simplekt,
45174813258656205,1979039847349885784,3697828395580602045,1,0,simplekt,
45174813258656205,5486786043015757978,3971525123056884045,0,0,simplekt,
45174813258656205,3058251468302445698,594484301261397148,1,0,simplekt,
45174813258656205,3746345278993456279,2290575971915771862,0,0,simplekt,
45174813258656205,1072626616993255500,6829111499768831843,0,0,simplekt,
45174813258656205,5246318558426489045,1942256407192639244,0,0,simplekt,
45174813258656205,2053002886922888674,594484301261397148,0,0,simplekt,
45174813258656205,4180930233757914502,157554714815648895,1,0,simplekt,
45174813258656205,8157600726166710516,2410338549246672997,0,0,simplekt,
45174813258656205,6120583016471487381,6829111499768831843,0,0,simplekt,
45174813258656205,1121940775251872465,8575610639500092945,1,0,simplekt,
45174813258656205,479698173788854790,6829111499768831843,0,0,simplekt,
45174813258656205,3521847891710846645,3805691194056635315,0,0,simplekt,
45174813258656205,8685139025305292110,6829111499768831843,1,0,simplekt,
45174813258656205,727042050873976136,5536749322359707528,1,0,simplekt,
45174813258656205,1155914148622653541,5177537323723370804,0,0,simplekt,
45174813258656205,6307345462758042553,5521876661437488360,0,0,simplekt,
45174813258656205,814010015360571841,278327630535823712,1,0,simplekt,
45174813258656205,4390097729138608245,5476204502823458136,0,0,simplekt,
45174813258656205,1963714100521058178,1942256407192639244,1,0,simplekt,
45174813258656205,2671810825525128272,6829111499768831843,1,0,simplekt,
45174813258656205,3755978031776274666,8575610639500092945,1,0,simplekt,
45174813258656205,4155893204952304007,181670187961925864,1,0,simplekt,
45174813258656205,4155893204952304007,6713151476356104896,1,0,simplekt,
45174813258656205,4820414699297091105,5536749322359707528,1,0,simplekt,
45174813258656205,4820414699297091105,855094277003771932,1,0,simplekt,
45174813258656205,5479424087929346325,6829111499768831843,1,0,simplekt,
45174813258656205,5569833460680655556,5536749322359707528,1,0,simplekt,
45174813258656205,7684407739465412567,6421511779947974192,1,0,simplekt,
45174813258656205,7961412215679195143,8575610639500092945,1,0,simplekt,
45174813258656205,17368298824386454,8398942342651905271,0,0,simplekt,
45174813258656205,5039956646084470945,8367424958112124046,1,0,simplekt,
45174813258656205,2100369082476677420,8367424958112124046,0,0,simplekt,
45174813258656205,1349905028292941480,278327630535823712,1,0,simplekt,
45174813258656205,8329990500825763282,2823547883153135285,1,0,simplekt,
45174813258656205,9083169879347368281,2823547883153135285,1,0,simplekt,
45174813258656205,7774449722279171250,4607388048970825422,0,0,simplekt,
45174813258656205,3762131394832108634,8398942342651905271,0,0,simplekt,
45174813258656205,2006404817126484696,1979039847349885784,0,0,simplekt,
45174813258656205,3762131394832108634,8398942342651905271,0,0,simplekt,
45174813258656205,7466832767985130550,775355032693172961,1,0,simplekt,
45174813258656205,6713151476356104896,227262282044896366,0,0,simplekt,
45174813258656205,4076081174105320470,7564569009553397433,0,0,simplekt,
45174813258656205,5352506090629549300,7564569009553397433,1,0,simplekt,
45174813258656205,8950070277425661346,7564569009553397433,0,0,simplekt,
45174813258656205,6471369570750938294,2500372166686333823,0,0,simplekt,
45174813258656205,346951732021415313,2953135825275070056,1,0,simplekt,
45174813258656205,445617078388718884,7693950217059964086,1,0,simplekt,
45174813258656205,1253653909672895259,8367424958112124046,1,0,simplekt,
45174813258656205,1382378631789704410,2500372166686333823,1,0,simplekt,
45174813258656205,2622732466775057154,7564569009553397433,1,0,simplekt,
45174813258656205,4392835183990497168,7564569009553397433,1,0,simplekt,
45174813258656205,4507958816287700990,8398942342651905271,1,0,simplekt,
45174813258656205,7662007089034386212,7564569009553397433,1,0,simplekt,
45174813258656205,7956200620773859084,2500372166686333823,1,0,simplekt,
45174813258656205,9127465401292985040,7066177705708566569,1,0,simplekt,
45174813258656205,7693950217059964086,2500372166686333823,1,0,simplekt,
45174813258656205,7704923554445842936,8021260812906271597,0,0,simplekt,
45174813258656205,9077326449528405556,2500372166686333823,1,0,simplekt,
45174813258656205,6841587311571690593,1363511968273769060,0,0,simplekt,
45174813258656205,5157498106814022360,3755360326898657107,1,0,simplekt,
45174813258656205,5157498106814022360,4054327785515237713,1,0,simplekt,
45174813258656205,6136197739877716460,6166840127928669213,1,0,simplekt,
45174813258656205,6827114036858291371,1319354917418119610,1,0,simplekt,
45174813258656205,8409094004193965575,627168865907866627,1,0,simplekt,
45174813258656205,1546170515203119588,4054327785515237713,1,0,simplekt,
45174813258656205,4568239595003290962,2693181881020862458,1,0,simplekt,
45174813258656205,3328120208071131158,1639416985777663729,0,0,simplekt,
45174813258656205,3328120208071131158,4486687310278624666,0,0,simplekt,
45174813258656205,4226630774366405466,4054327785515237713,0,0,simplekt,
45174813258656205,1913858777833276236,7601972610929176126,0,0,simplekt,
45174813258656205,7083597632131215170,4054327785515237713,1,0,simplekt,
45174813258656205,1222407798012817380,8628686323660025649,1,0,simplekt,
45174813258656205,2420520599624494102,2083452711903133430,0,0,simplekt,
45174813258656205,1456996564428091703,2083452711903133430,1,0,simplekt,
45174813258656205,1526710983743951833,8628686323660025649,0,0,simplekt,
45174813258656205,5020761464664581461,7601972610929176126,0,0,simplekt,
45174813258656205,5617269955545469221,5405953385245894923,0,0,simplekt,
45174813258656205,475731088677291385,7113092374842565865,1,0,simplekt,
45174813258656205,3341917584320881454,2083452711903133430,1,0,simplekt,
45174813258656205,3648879368745619578,4054327785515237713,1,0,simplekt,
45174813258656205,3895055705363563919,6827114036858291371,1,0,simplekt,
45174813258656205,3895055705363563919,6136197739877716460,1,0,simplekt,
45174813258656205,7377631563538942446,5405953385245894923,1,0,simplekt,
45174813258656205,7402750972596292561,8409094004193965575,1,0,simplekt,
45174813258656205,8391870621501398623,1639416985777663729,1,0,simplekt,
45174813258656205,8451913395020881590,8628686323660025649,1,0,simplekt,
45174813258656205,8853287378494296985,1639416985777663729,1,0,simplekt,
45174813258656205,9123241646170176005,5218341511830803388,0,0,simplekt,
45174813258656205,4834004108086331863,8628686323660025649,0,0,simplekt,
45174813258656205,5226329595444562138,950578831566646851,0,0,simplekt,
45174813258656205,8144376941144135881,2083452711903133430,1,0,simplekt,
45174813258656205,3266804489525742743,8804835143599550923,0,0,simplekt,
45174813258656205,8595824148755489441,3967320573372768823,0,0,simplekt,
45174813258656205,3051782208752463242,2098409895490789901,1,0,simplekt,
45174813258656205,904324061102885484,5157498106814022360,1,0,simplekt,
45174813258656205,2319496717936970235,7796290305159988749,1,0,simplekt,
45174813258656205,5282154675587810766,3173554826801793204,0,0,simplekt,
45174813258656205,5282154675587810766,3101224498948786626,0,0,simplekt,
45174813258656205,5282154675587810766,8956949829196379438,0,0,simplekt,
45174813258656205,5282154675587810766,5218341511830803388,0,0,simplekt,
45174813258656205,5282154675587810766,7137985937186816118,0,0,simplekt,
45174813258656205,7042327464390583551,8956949829196379438,1,0,simplekt,
45174813258656205,7194414732827270883,5218341511830803388,1,0,simplekt,
45174813258656205,5755659137527362054,1525757407988365380,0,0,simplekt,
45174813258656205,6729828187149565592,7137985937186816118,0,0,simplekt,
45174813258656205,6729828187149565592,2053002886922888674,0,0,simplekt,
45174813258656205,4464373642509990614,2053002886922888674,0,0,simplekt,
45174813258656205,4464373642509990614,2053002886922888674,0,0,simplekt,
45174813258656205,1513602965430340754,1553079256999111676,0,0,simplekt,
45174813258656205,117405484001421729,6798405681300303548,0,0,simplekt,
45174813258656205,3964717932647789271,2053002886922888674,0,0,simplekt,
45174813258656205,4691114534239090999,1525757407988365380,0,0,simplekt,
45174813258656205,4825323905369884149,1553079256999111676,0,0,simplekt,
45174813258656205,5102720350314034177,8450591260754163598,0,0,simplekt,
45174813258656205,6375336495150343264,1553079256999111676,0,0,simplekt,
45174813258656205,8810730401749115346,2087380862434172594,0,0,simplekt,
45174813258656205,5677422322508975122,2412386674616941727,1,0,simplekt,
45174813258656205,8392765289363313686,6949811205411410448,0,0,simplekt,
45174813258656205,4712756308788708185,6949811205411410448,0,0,simplekt,
45174813258656205,1076669225680131132,1525757407988365380,1,0,simplekt,
45174813258656205,1119751159587497360,965465494080659646,1,0,simplekt,
45174813258656205,3065176999601280231,1553079256999111676,1,0,simplekt,
45174813258656205,3745706071863450450,2087380862434172594,1,0,simplekt,
45174813258656205,4156334156109476774,6847502242749017216,1,0,simplekt,
45174813258656205,4749096023944389123,8450591260754163598,1,0,simplekt,
45174813258656205,4843291169381869696,3967320573372768823,1,0,simplekt,
45174813258656205,8127700523446527598,6949811205411410448,1,0,simplekt,
45174813258656205,7753061105349521958,7564569009553397433,0,0,simplekt,
45174813258656205,5764058539754489268,7564569009553397433,0,0,simplekt,
45174813258656205,1831749923487290624,2240774251905964566,1,0,simplekt,
45174813258656205,3609734615175578277,2240774251905964566,1,0,simplekt,
45174813258656205,4388525608718222014,2240774251905964566,1,0,simplekt,
45174813258656205,4388525608718222014,1638799697749911200,1,0,simplekt,
45174813258656205,9181927448682982758,2412386674616941727,1,0,simplekt,
45174813258656205,6579167398366559077,4526863928383273751,0,0,simplekt,
45174813258656205,4403133428956178902,2412386674616941727,0,0,simplekt,
45174813258656205,5319011735380609624,4474026859818477437,0,0,simplekt,
45174813258656205,5407828324398549496,2412386674616941727,1,0,simplekt,
45174813258656205,3356952560767624663,4526863928383273751,0,0,simplekt,
45174813258656205,2231500381287999366,4526863928383273751,1,0,simplekt,
45174813258656205,3314532806419758275,4526863928383273751,1,0,simplekt,
45174813258656205,5599391198843191400,4526863928383273751,1,0,simplekt,
45174813258656205,5935691721591015003,4526863928383273751,1,0,simplekt,
45174813258656205,6912879333762541144,4526863928383273751,1,0,simplekt,
45174813258656205,8140332280231121006,6256368340148503862,1,0,simplekt,
45174813258656205,2045471913834718328,8257095676522850515,0,0,simplekt,
45174813258656205,2632747775718463298,4526863928383273751,0,0,simplekt,
45174813258656205,4417909438330291766,6256368340148503862,0,0,simplekt,
45174813258656205,617692350657418114,4355865024520386185,0,0,simplekt,
45174813258656205,7524824912779503903,4474026859818477437,1,0,simplekt,
45174813258656205,8977852297973353225,2412386674616941727,1,0,simplekt,
45174813258656205,1374602632651399802,8257095676522850515,1,0,simplekt,
45174813258656205,2457868973054174420,8257095676522850515,0,0,simplekt,
45174813258656205,2568707154491466498,2527237414009188471,0,0,simplekt,
45174813258656205,868259508469978120,2527237414009188471,0,0,simplekt,
45174813258656205,2530462478681717021,6777721936409208091,0,0,simplekt,
45174813258656205,2530462478681717021,1349015927524233791,0,0,simplekt,
45174813258656205,2680402074871361480,8257095676522850515,1,0,simplekt,
45174813258656205,2911955873694983071,2527237414009188471,0,0,simplekt,
45174813258656205,6452557844992668973,8257095676522850515,0,0,simplekt,
45174813258656205,722097023336308547,8257095676522850515,1,0,simplekt,
45174813258656205,779422488578392553,8257095676522850515,1,0,simplekt,
45174813258656205,1149750556527963905,8257095676522850515,1,0,simplekt,
45174813258656205,1338443831449898144,8257095676522850515,1,0,simplekt,
45174813258656205,3581185309168540844,8257095676522850515,1,0,simplekt,
45174813258656205,4986751737876708715,8257095676522850515,1,0,simplekt,
45174813258656205,5267295344877507495,2527237414009188471,1,0,simplekt,
45174813258656205,5958123875580086745,8257095676522850515,1,0,simplekt,
45174813258656205,6147875086373715622,1620228599548467016,1,0,simplekt,
45174813258656205,6147875086373715622,677718427031623301,1,0,simplekt,
45174813258656205,8425232172151718549,8412574286969789961,1,0,simplekt,
45174813258656205,384764315619426508,2490719368767642283,0,0,simplekt,
45174813258656205,2858423625938753048,8965242899239828151,0,0,simplekt,
45174813258656205,2858423625938753048,4355865024520386185,0,0,simplekt,
45174813258656205,6750855715036353207,3823348261283868936,0,0,simplekt,
45174813258656205,5221814168049107787,8903365289186067945,0,0,simplekt,
45174813258656205,6075423682824025943,5940889310070452911,1,0,simplekt,
45174813258656205,6648092291010264202,1035367362361933335,1,0,simplekt,
45174813258656205,4913550775100811139,8903365289186067945,0,0,simplekt,
45174813258656205,7996926089493442878,1061301253559417093,0,0,simplekt,
45174813258656205,7996926089493442878,1962751598315765836,0,0,simplekt,
45174813258656205,3637782032956134918,8952147277934020296,0,0,simplekt,
45174813258656205,3637782032956134918,8553379303363759508,0,0,simplekt,
45174813258656205,6247826181829757250,4984932258032991605,1,0,simplekt,
45174813258656205,900070306081223816,8952147277934020296,1,0,simplekt,
45174813258656205,3234057363147393949,5940889310070452911,1,0,simplekt,
45174813258656205,4671761241928607738,6994544439163477228,1,0,simplekt,
45174813258656205,5940685374315347037,8903365289186067945,1,0,simplekt,
45174813258656205,6272395854004115794,8553379303363759508,1,0,simplekt,
45174813258656205,6452140347453806875,6307345462758042553,1,0,simplekt,
45174813258656205,6452140347453806875,8194071366621068887,1,0,simplekt,
45174813258656205,7029119663948825750,4355865024520386185,1,0,simplekt,
45174813258656205,7226352855003316081,4355865024520386185,1,0,simplekt,
45174813258656205,7226352855003316081,1722290814234752206,1,0,simplekt,
45174813258656205,7511454868937827199,1155914148622653541,1,0,simplekt,
45174813258656205,8106005338579207522,1469839694390370469,1,0,simplekt,
45174813258656205,395158972813196562,8952147277934020296,1,0,simplekt,
45174813258656205,499415909107993545,8553379303363759508,1,0,simplekt,
45174813258656205,745937543239567782,4963196153483966673,1,0,simplekt,
45174813258656205,745937543239567782,8952147277934020296,1,0,simplekt,
45174813258656205,1045939723569769010,1035367362361933335,1,0,simplekt,
45174813258656205,1277583981950536507,8952147277934020296,1,0,simplekt,
45174813258656205,1376334605523658368,2042035842694401475,1,0,simplekt,
45174813258656205,2543340345364427399,8952147277934020296,1,0,simplekt,
45174813258656205,5718265418398880457,8952147277934020296,1,0,simplekt,
45174813258656205,6798630857835092045,7444476343858270082,1,0,simplekt,
45174813258656205,7061488257467477665,8952147277934020296,0,0,simplekt,
45174813258656205,6280585725948257772,5797334606267118412,0,0,simplekt,
45174813258656205,2085693395446546242,6108091120767529240,1,0,simplekt,
45174813258656205,2100613894581432728,227262282044896366,1,0,simplekt,
45174813258656205,4363885708927850683,3971525123056884045,1,0,simplekt,
45174813258656205,4554820506179817105,3971525123056884045,1,0,simplekt,
45174813258656205,5576694904266784153,3971525123056884045,1,0,simplekt,
45174813258656205,7591569047079140023,727042050873976136,1,0,simplekt,
45174813258656205,7591569047079140023,5797334606267118412,1,0,simplekt,
45174813258656205,7591569047079140023,7802467190713408940,1,0,simplekt,
45174813258656205,8444596411580810369,3204183443604364643,1,0,simplekt,
45174813258656205,8444596411580810369,3971525123056884045,1,0,simplekt,
45174813258656205,8648751234568997145,727042050873976136,1,0,simplekt,
45174813258656205,8719615833537419001,727042050873976136,1,0,simplekt,
45174813258656205,8719615833537419001,5797334606267118412,1,0,simplekt,
45174813258656205,8719615833537419001,7802467190713408940,1,0,simplekt,
45174813258656205,8963493453376579690,3101224498948786626,1,0,simplekt,
45174813258656205,8963493453376579690,3971525123056884045,1,0,simplekt,
45174813258656205,1269744872096353592,3204183443604364643,0,0,simplekt,
45174813258656205,7396464520628537623,7802467190713408940,1,0,simplekt,
45174813258656205,9063856950781488679,3971525123056884045,0,0,simplekt,
45174813258656205,167409757458153278,4355865024520386185,1,0,simplekt,
45174813258656205,3317615472243079555,659998439198894423,1,0,simplekt,
45174813258656205,3317615472243079555,3823348261283868936,1,0,simplekt,
45174813258656205,7104105291018701155,3823348261283868936,1,0,simplekt,
45174813258656205,7226352855003316081,4355865024520386185,1,0,simplekt,
45174813258656205,7226352855003316081,1722290814234752206,1,0,simplekt,
45174813258656205,349001610909101374,2014268979504181100,1,0,simplekt,
45174813258656205,4173298925885015858,3971525123056884045,0,0,simplekt,
45174813258656205,4654460341639747107,5797334606267118412,0,0,simplekt,
45174813258656205,6954638006308017606,1073629390141817738,0,0,simplekt,
45174813258656205,7353831867200563003,3973362612645892720,0,0,simplekt,
45174813258656205,7721624648022640439,2014268979504181100,1,0,simplekt,
45174813258656205,8686738128182072880,1651060061902010516,0,0,simplekt,
45174813258656205,287641116298515468,8396066965787714901,0,0,simplekt,
45174813258656205,962183111015608948,3971525123056884045,1,0,simplekt,
45174813258656205,2442707791791481471,1742185772413642127,1,0,simplekt,
45174813258656205,2657144958475340563,3971525123056884045,1,0,simplekt,
45174813258656205,4431715935810181351,3973362612645892720,1,0,simplekt,
45174813258656205,4431715935810181351,6402063578200407055,1,0,simplekt,
45174813258656205,5323576315583538590,3973362612645892720,1,0,simplekt,
45174813258656205,5637740759609760222,456878871009050454,1,0,simplekt,
45174813258656205,6205027752881455941,727042050873976136,1,0,simplekt,
45174813258656205,8448824656968163791,727042050873976136,1,0,simplekt,
45174813258656205,8679495193376912841,6038104030264466633,1,0,simplekt,
45174813258656205,8848705457877111802,1651060061902010516,1,0,simplekt,
45174813258656205,5931082298064440119,3712398040798988323,1,0,simplekt,
45174813258656205,5931082298064440119,7795138037346182807,1,0,simplekt,
45174813258656205,5931082298064440119,1742185772413642127,1,0,simplekt,
45174813258656205,1809111747278392846,1742185772413642127,0,0,simplekt,
45174813258656205,214016565839122712,5483772617844162674,1,0,simplekt,
45174813258656205,1077702706984227057,3059449736633676947,1,0,simplekt,
45174813258656205,1077702706984227057,1742185772413642127,1,0,simplekt,
45174813258656205,1985435420660529810,1962751598315765836,1,0,simplekt,
45174813258656205,1985435420660529810,7078830972705558821,1,0,simplekt,
45174813258656205,6458176974589916750,190304769087812475,1,0,simplekt,
45174813258656205,6669759396367206001,1742185772413642127,1,0,simplekt,
45174813258656205,6739334986851860416,6767671032930468346,1,0,simplekt,
45174813258656205,6739334986851860416,5841359775533910823,1,0,simplekt,
45174813258656205,7247319063698441624,1962751598315765836,1,0,simplekt,
45174813258656205,8163885284630292788,5483772617844162674,1,0,simplekt,
45174813258656205,9105975560767561386,1742185772413642127,1,0,simplekt,
45174813258656205,2077889144686882393,456878871009050454,0,0,simplekt,
45174813258656205,2077889144686882393,9023137825787198513,0,0,simplekt,
45174813258656205,7862952609059392137,456878871009050454,0,0,simplekt,
45174813258656205,8264946280129607861,456878871009050454,0,0,simplekt,
45174813258656205,4648842905384256234,325754291254371692,1,0,simplekt,
45174813258656205,4648842905384256234,5841359775533910823,1,0,simplekt,
45174813258656205,7836239570515567423,456878871009050454,1,0,simplekt,
45174813258656205,76861115719997282,325754291254371692,1,0,simplekt,
45174813258656205,76861115719997282,5841359775533910823,1,0,simplekt,
45174813258656205,676832377869025928,456878871009050454,1,0,simplekt,
45174813258656205,2871444360005269683,325754291254371692,1,0,simplekt,
45174813258656205,2871444360005269683,456878871009050454,1,0,simplekt,
45174813258656205,3121658777261719018,456878871009050454,1,0,simplekt,
45174813258656205,4141243772700427646,9023137825787198513,1,0,simplekt,
45174813258656205,5168202298240822526,5841359775533910823,1,0,simplekt,
45174813258656205,5168202298240822526,6829927875902990447,1,0,simplekt,
45174813258656205,7898090984267947981,456878871009050454,1,0,simplekt,
45174813258656205,8914436619273109770,456878871009050454,1,0,simplekt,
45174813258656205,178867487518601692,3386664800761312538,1,0,simplekt,
45174813258656205,1286827730621926626,9023137825787198513,1,0,simplekt,
45174813258656205,5563821932250230450,4217300911507384862,0,0,simplekt,
45174813258656205,8392500195579636452,325754291254371692,0,0,simplekt,
45174813258656205,8392500195579636452,456878871009050454,0,0,simplekt,
45174813258656205,6981780584260173218,3386664800761312538,0,0,simplekt,
45174813258656205,7927475417426798988,3386664800761312538,0,0,simplekt,
45174813258656205,2066519149559656477,3386664800761312538,1,0,simplekt,
45174813258656205,5158701880648208970,3386664800761312538,1,0,simplekt,
45174813258656205,1221108426739271274,3386664800761312538,1,0,simplekt,
45174813258656205,5657379491347262335,3386664800761312538,1,0,simplekt,
45174813258656205,8621089085595606422,3386664800761312538,1,0,simplekt,
50533737423328789,5087258887760735451,8053098255007046142,1,0,simplekt,
50533737423328789,1018190733464037817,461444768761955221,0,0,simplekt,
50533737423328789,5070878643143762999,461444768761955221,1,0,simplekt,
50533737423328789,3804594993398312246,1084649001726918227,1,0,simplekt,
50533737423328789,5918562874590628656,8053098255007046142,1,0,simplekt,
50533737423328789,3407988494280974961,1418680419447008469,1,0,simplekt,
50533737423328789,4472267814619773258,1418680419447008469,1,0,simplekt,
50533737423328789,4673251815109646473,1418680419447008469,1,0,simplekt,
50533737423328789,4280621374216103585,8053098255007046142,0,0,simplekt,
50533737423328789,8206256480211232641,8053098255007046142,1,0,simplekt,
50533737423328789,9131149396521926973,8053098255007046142,1,0,simplekt,
50533737423328789,360624187312356065,3795512345256537003,0,0,simplekt,
50533737423328789,832534194201133232,7877160466076973101,0,0,simplekt,
50533737423328789,2501041069184211901,7007912644773896868,0,0,simplekt,
50533737423328789,8024183149012971442,8411083447093008841,0,0,simplekt,
50533737423328789,2349564142150083418,1418680419447008469,1,0,simplekt,
50533737423328789,7790395076364332797,1418680419447008469,1,0,simplekt,
50533737423328789,1217036946970550577,5821369294207078714,1,0,simplekt,
50533737423328789,8756464069594048274,5761106556343021166,0,0,simplekt,
50533737423328789,9182476457325126021,2630166442278202703,1,0,simplekt,
50533737423328789,354411700963014883,5821369294207078714,1,0,simplekt,
50533737423328789,1360374853387203450,7877160466076973101,0,0,simplekt,
50533737423328789,1518385824896319498,5761106556343021166,1,0,simplekt,
50533737423328789,3984083039239139880,5940889310070452911,1,0,simplekt,
50533737423328789,8051978630550418482,3018317019676942629,1,0,simplekt,
50533737423328789,8524604848304324783,8903365289186067945,1,0,simplekt,
50533737423328789,157554714815648895,5761106556343021166,0,0,simplekt,
50533737423328789,4723272024150471783,2630166442278202703,1,0,simplekt,
50533737423328789,8571634011969914262,5761106556343021166,1,0,simplekt,
50533737423328789,6570412112941579247,3220231712819306119,0,0,simplekt,
50533737423328789,813469568500534646,4981016869870220101,0,0,simplekt,
50533737423328789,4359897784830976873,915913786704378741,1,0,simplekt,
50533737423328789,4359897784830976873,8113146522127668261,1,0,simplekt,
50533737423328789,3708096476104167317,4981016869870220101,0,0,simplekt,
50533737423328789,8976951557060279940,8194071366621068887,1,0,simplekt,
50533737423328789,6237167959125509069,3220231712819306119,1,0,simplekt,
50533737423328789,8812623851443722209,6899671937378175901,0,0,simplekt,
50533737423328789,1794751257144944189,1742185772413642127,1,0,simplekt,
50533737423328789,4405682436302717938,6440511557387709110,1,0,simplekt,
50533737423328789,3140761671951869424,1742185772413642127,1,0,simplekt,
50533737423328789,3140761671951869424,6038104030264466633,1,0,simplekt,
50533737423328789,5625697423690928103,1742185772413642127,1,0,simplekt,
50533737423328789,4130690939074352891,2042035842694401475,1,0,simplekt,
50533737423328789,4130690939074352891,1061301253559417093,1,0,simplekt,
50533737423328789,4130690939074352891,1742185772413642127,1,0,simplekt,
50533737423328789,3967620001782735161,1742185772413642127,1,0,simplekt,
50533737423328789,8436323252651571143,1742185772413642127,1,0,simplekt,
50533737423328789,984901510263648335,5797334606267118412,0,0,simplekt,
50533737423328789,6593971045057649422,5797334606267118412,0,0,simplekt,
50533737423328789,3367724122961457712,1239035252056260249,0,0,simplekt,
50533737423328789,7318700077795366039,936324378259014250,1,0,simplekt,
50533737423328789,5502463332406901524,5797334606267118412,1,0,simplekt,
50533737423328789,6407015680432941783,5797334606267118412,0,0,simplekt,
50533737423328789,8026502298341705655,5797334606267118412,1,0,simplekt,
50533737423328789,704883749689444599,8194071366621068887,1,0,simplekt,
50533737423328789,1780423391326130247,3220231712819306119,1,0,simplekt,
50533737423328789,8436323252651571143,1742185772413642127,1,0,simplekt,
50533737423328789,5476204502823458136,5797334606267118412,0,0,simplekt,
50533737423328789,7135928945169882299,936324378259014250,0,0,simplekt,
50533737423328789,8024399540510336409,5797334606267118412,0,0,simplekt,
50533737423328789,1363820251058399964,1239035252056260249,1,0,simplekt,
50533737423328789,3737524703740215890,3101224498948786626,1,0,simplekt,
50533737423328789,8195997549305868070,1239035252056260249,0,0,simplekt,
50533737423328789,6706781699570251196,7137985937186816118,0,0,simplekt,
50533737423328789,6739715107972626732,7877160466076973101,0,0,simplekt,
50533737423328789,8503836196517599665,7137985937186816118,1,0,simplekt,
50533737423328789,513429567782826768,1742185772413642127,0,0,simplekt,
50533737423328789,2226818480359220255,6907244923739511590,0,0,simplekt,
50533737423328789,8615182880101844432,1742185772413642127,1,0,simplekt,
50533737423328789,1235993878437992711,1418680419447008469,1,0,simplekt,
50533737423328789,1252328421862326898,7877160466076973101,1,0,simplekt,
50533737423328789,9105123525147245970,3220231712819306119,1,0,simplekt,
50533737423328789,3922292972343740971,4644364625800006675,0,0,simplekt,
50533737423328789,7238742648168385675,6496413965580900652,1,0,simplekt,
50533737423328789,9028867006689148622,578064138689923259,0,0,simplekt,
50533737423328789,278327630535823712,936324378259014250,0,0,simplekt,
50533737423328789,775355032693172961,3173554826801793204,0,0,simplekt,
50533737423328789,775355032693172961,5797334606267118412,0,0,simplekt,
50533737423328789,775355032693172961,7802467190713408940,0,0,simplekt,
50533737423328789,1979039847349885784,3697828395580602045,0,0,simplekt,
50533737423328789,6188767009431242463,5816909911210222449,0,0,simplekt,
50533737423328789,2370388050227613634,8208743102655574034,1,0,simplekt,
50533737423328789,6188767009431242463,5816909911210222449,1,0,simplekt,
50533737423328789,1977550450114807733,1073629390141817738,1,0,simplekt,
50533737423328789,2693181881020862458,3173554826801793204,1,0,simplekt,
50533737423328789,2693181881020862458,3101224498948786626,1,0,simplekt,
50533737423328789,2693181881020862458,5215432518055670326,1,0,simplekt,
50533737423328789,2693181881020862458,8253624017608095921,1,0,simplekt,
50533737423328789,9077075825606000923,3101224498948786626,0,0,simplekt,
50533737423328789,9077075825606000923,3971525123056884045,0,0,simplekt,
50533737423328789,6785491611214653822,1726769798644809705,0,0,simplekt,
50533737423328789,4511882733425247216,8073309323246448334,0,0,simplekt,
50533737423328789,4511882733425247216,2410338549246672997,0,0,simplekt,
50533737423328789,4511882733425247216,157554714815648895,0,0,simplekt,
50533737423328789,64233477017213862,594484301261397148,1,0,simplekt,
50533737423328789,500918486176261774,594484301261397148,1,0,simplekt,
50533737423328789,6716752416267324351,594484301261397148,1,0,simplekt,
50533737423328789,537372429304468872,6829111499768831843,1,0,simplekt,
50533737423328789,4916832202762257931,7671015736082524759,1,0,simplekt,
50533737423328789,7978706875333814060,1942256407192639244,0,0,simplekt,
50533737423328789,942706140549317669,594484301261397148,0,0,simplekt,
50533737423328789,6676857654547071197,5797334606267118412,0,0,simplekt,
50533737423328789,8024399540510336409,5797334606267118412,0,0,simplekt,
50533737423328789,5246318558426489045,1942256407192639244,0,0,simplekt,
50533737423328789,6120542191777878890,6829111499768831843,1,0,simplekt,
50533737423328789,936038950696665693,5177537323723370804,0,0,simplekt,
50533737423328789,936038950696665693,3179841074490041064,0,0,simplekt,
50533737423328789,967112819663636689,5177537323723370804,1,0,simplekt,
50533737423328789,3746345278993456279,2290575971915771862,0,0,simplekt,
50533737423328789,479698173788854790,6829111499768831843,1,0,simplekt,
50533737423328789,479698173788854790,6829111499768831843,1,0,simplekt,
50533737423328789,1880268136768486916,6829111499768831843,0,0,simplekt,
50533737423328789,3143952276563629161,1942256407192639244,0,0,simplekt,
50533737423328789,8509791080828448517,5177537323723370804,0,0,simplekt,
50533737423328789,8509791080828448517,5177537323723370804,0,0,simplekt,
50533737423328789,1105975447385764224,8024399540510336409,0,0,simplekt,
50533737423328789,1105975447385764224,5177537323723370804,0,0,simplekt,
50533737423328789,1105975447385764224,8024399540510336409,0,0,simplekt,
50533737423328789,1105975447385764224,5177537323723370804,0,0,simplekt,
50533737423328789,8692555497297772732,5177537323723370804,0,0,simplekt,
50533737423328789,8692555497297772732,5177537323723370804,0,0,simplekt,
50533737423328789,9193143660184916504,5536749322359707528,1,0,simplekt,
50533737423328789,9193143660184916504,5177537323723370804,1,0,simplekt,
50533737423328789,9193143660184916504,5536749322359707528,1,0,simplekt,
50533737423328789,9193143660184916504,5177537323723370804,1,0,simplekt,
50533737423328789,2948674736733706944,2290575971915771862,0,0,simplekt,
50533737423328789,2948674736733706944,2290575971915771862,0,0,simplekt,
50533737423328789,493151224691644254,5352506090629549300,1,0,simplekt,
50533737423328789,6390249438164449867,8575610639500092945,1,0,simplekt,
50533737423328789,7083997264682603523,8575610639500092945,1,0,simplekt,
50533737423328789,7918024681864937071,8575610639500092945,1,0,simplekt,
50533737423328789,190304769087812475,5536749322359707528,1,0,simplekt,
50533737423328789,1090696184056870259,5536749322359707528,0,0,simplekt,
50533737423328789,3712398040798988323,5177537323723370804,1,0,simplekt,
50533737423328789,3712398040798988323,5177537323723370804,1,0,simplekt,
50533737423328789,4462640131271493571,8575610639500092945,1,0,simplekt,
50533737423328789,6399061347909662674,2823547883153135285,1,0,simplekt,
50533737423328789,9083169879347368281,2823547883153135285,1,0,simplekt,
50533737423328789,5289599872739310558,594484301261397148,0,0,simplekt,
50533737423328789,8877405682565715124,6829111499768831843,0,0,simplekt,
50533737423328789,1191067507997205338,6421511779947974192,0,0,simplekt,
50533737423328789,2843989185238848245,2823547883153135285,0,0,simplekt,
50533737423328789,7261138289125803044,8575610639500092945,0,0,simplekt,
50533737423328789,253418340550531792,8398942342651905271,0,0,simplekt,
50533737423328789,6282894021140070277,8398942342651905271,1,0,simplekt,
50533737423328789,1349905028292941480,278327630535823712,0,0,simplekt,
50533737423328789,2081742258943646658,6829111499768831843,1,0,simplekt,
50533737423328789,4820414699297091105,5536749322359707528,1,0,simplekt,
50533737423328789,4820414699297091105,855094277003771932,1,0,simplekt,
50533737423328789,1349905028292941480,278327630535823712,1,0,simplekt,
50533737423328789,2880881243301059747,1084649001726918227,1,0,simplekt,
50533737423328789,8329990500825763282,2823547883153135285,1,0,simplekt,
50533737423328789,2648677987279156219,775355032693172961,0,0,simplekt,
50533737423328789,5039956646084470945,8367424958112124046,1,0,simplekt,
50533737423328789,2119257897792516254,7564569009553397433,1,0,simplekt,
50533737423328789,2436410595621184995,7564569009553397433,1,0,simplekt,
50533737423328789,7271679498218995541,7564569009553397433,1,0,simplekt,
50533737423328789,2006404817126484696,1979039847349885784,1,0,simplekt,
50533737423328789,3762131394832108634,8398942342651905271,0,0,simplekt,
50533737423328789,3762131394832108634,8398942342651905271,0,0,simplekt,
50533737423328789,7466832767985130550,775355032693172961,0,0,simplekt,
50533737423328789,2441662470849422916,7564569009553397433,1,0,simplekt,
50533737423328789,7575330518282793474,7564569009553397433,1,0,simplekt,
50533737423328789,8073309323246448334,7564569009553397433,1,0,simplekt,
50533737423328789,7543648713505373031,775355032693172961,0,0,simplekt,
50533737423328789,8145152952587609407,278327630535823712,1,0,simplekt,
50533737423328789,4076081174105320470,7564569009553397433,0,0,simplekt,
50533737423328789,4076081174105320470,7564569009553397433,0,0,simplekt,
50533737423328789,5352506090629549300,7564569009553397433,0,0,simplekt,
50533737423328789,8950070277425661346,7564569009553397433,1,0,simplekt,
50533737423328789,1193966968026333656,2953135825275070056,1,0,simplekt,
50533737423328789,1193966968026333656,2953135825275070056,1,0,simplekt,
50533737423328789,4236955760886574853,227262282044896366,0,0,simplekt,
50533737423328789,6136197739877716460,6166840127928669213,1,0,simplekt,
50533737423328789,6827114036858291371,1319354917418119610,1,0,simplekt,
50533737423328789,8409094004193965575,627168865907866627,1,0,simplekt,
50533737423328789,5212433577847969047,4054327785515237713,0,0,simplekt,
50533737423328789,6108091120767529240,1639416985777663729,1,0,simplekt,
50533737423328789,2326939335883486838,1639416985777663729,0,0,simplekt,
50533737423328789,2326939335883486838,157292635655693106,0,0,simplekt,
50533737423328789,2326939335883486838,4984932258032991605,0,0,simplekt,
50533737423328789,2326939335883486838,4486687310278624666,0,0,simplekt,
50533737423328789,7083597632131215170,4054327785515237713,1,0,simplekt,
50533737423328789,8457451826951989165,1639416985777663729,1,0,simplekt,
50533737423328789,5328584024831721836,8628686323660025649,1,0,simplekt,
50533737423328789,2326939335883486838,1639416985777663729,1,0,simplekt,
50533737423328789,2326939335883486838,157292635655693106,1,0,simplekt,
50533737423328789,2326939335883486838,4984932258032991605,1,0,simplekt,
50533737423328789,2326939335883486838,4486687310278624666,1,0,simplekt,
50533737423328789,8457451826951989165,1639416985777663729,1,0,simplekt,
50533737423328789,1615389918552277535,2083452711903133430,1,0,simplekt,
50533737423328789,5955789482013388937,5218341511830803388,1,0,simplekt,
50533737423328789,8595824148755489441,3967320573372768823,1,0,simplekt,
50533737423328789,3149401119934141891,3896982418568604085,0,0,simplekt,
50533737423328789,3149401119934141891,9077075825606000923,0,0,simplekt,
50533737423328789,8527058876488041257,4180930233757914502,1,0,simplekt,
50533737423328789,9056293529900882660,500918486176261774,0,0,simplekt,
50533737423328789,9056293529900882660,8157600726166710516,0,0,simplekt,
50533737423328789,9056293529900882660,3896982418568604085,0,0,simplekt,
50533737423328789,9056293529900882660,9077075825606000923,0,0,simplekt,
50533737423328789,4361675572392323157,1072626616993255500,1,0,simplekt,
50533737423328789,117405484001421729,6798405681300303548,1,0,simplekt,
50533737423328789,3964717932647789271,2053002886922888674,0,0,simplekt,
50533737423328789,4691114534239090999,1525757407988365380,0,0,simplekt,
50533737423328789,4996134718403181056,8450591260754163598,1,0,simplekt,
50533737423328789,4996134718403181056,2087380862434172594,1,0,simplekt,
50533737423328789,6448878689919950952,3157518658218824219,1,0,simplekt,
50533737423328789,1572330636171121969,4932081828363820241,1,0,simplekt,
50533737423328789,8392765289363313686,6949811205411410448,1,0,simplekt,
50533737423328789,9108443622697768153,6949811205411410448,1,0,simplekt,
50533737423328789,2572733006035748879,6949811205411410448,1,0,simplekt,
50533737423328789,8121458305622882615,6949811205411410448,1,0,simplekt,
50533737423328789,5102720350314034177,8450591260754163598,1,0,simplekt,
50533737423328789,6375336495150343264,1553079256999111676,0,0,simplekt,
50533737423328789,8810730401749115346,2087380862434172594,0,0,simplekt,
50533737423328789,3588915187218878871,6949811205411410448,0,0,simplekt,
50533737423328789,4712756308788708185,6949811205411410448,0,0,simplekt,
50533737423328789,8533929068638914291,6949811205411410448,0,0,simplekt,
50533737423328789,669415714538453650,2412386674616941727,1,0,simplekt,
50533737423328789,2195678398726896164,4330535035378193740,0,0,simplekt,
50533737423328789,637540744168268198,2412386674616941727,0,0,simplekt,
50533737423328789,1942728040884106299,2412386674616941727,1,0,simplekt,
50533737423328789,3137298029685116605,5639769407267706829,1,0,simplekt,
50533737423328789,7451062864603726372,7113092374842565865,1,0,simplekt,
50533737423328789,7609016773347249243,5639769407267706829,1,0,simplekt,
50533737423328789,306816872576014192,2370388050227613634,1,0,simplekt,
50533737423328789,306816872576014192,203249956262720720,1,0,simplekt,
50533737423328789,1853359520739655599,1977550450114807733,0,0,simplekt,
50533737423328789,4459422308844060723,1977550450114807733,1,0,simplekt,
50533737423328789,4035561783367093525,48845589028730822,1,0,simplekt,
50533737423328789,5882219327983017684,7113092374842565865,1,0,simplekt,
50533737423328789,724934922726023477,8751465252612365760,1,0,simplekt,
50533737423328789,3473342526983332611,4526863928383273751,0,0,simplekt,
50533737423328789,5924479089707711920,4526863928383273751,1,0,simplekt,
50533737423328789,4403133428956178902,2412386674616941727,1,0,simplekt,
50533737423328789,5319011735380609624,4474026859818477437,1,0,simplekt,
50533737423328789,5407828324398549496,2412386674616941727,0,0,simplekt,
50533737423328789,3512178177964954097,4526863928383273751,1,0,simplekt,
50533737423328789,7802053608972128251,4526863928383273751,0,0,simplekt,
50533737423328789,1170349867835578349,8257095676522850515,1,0,simplekt,
50533737423328789,7030681768082481430,8019950075815571462,1,0,simplekt,
50533737423328789,9213632887600069431,8257095676522850515,1,0,simplekt,
50533737423328789,4407149537030942685,4526863928383273751,1,0,simplekt,
50533737423328789,4417909438330291766,6256368340148503862,0,0,simplekt,
50533737423328789,4407149537030942685,4526863928383273751,1,0,simplekt,
50533737423328789,4417909438330291766,6256368340148503862,0,0,simplekt,
50533737423328789,970042960319741863,8257095676522850515,0,0,simplekt,
50533737423328789,7063345809885008008,1349015927524233791,1,0,simplekt,
50533737423328789,3586162920279517603,8257095676522850515,0,0,simplekt,
50533737423328789,8428391495977920154,2527237414009188471,0,0,simplekt,
50533737423328789,2680402074871361480,8257095676522850515,1,0,simplekt,
50533737423328789,6452557844992668973,8257095676522850515,1,0,simplekt,
50533737423328789,332087775371550264,2087380862434172594,0,0,simplekt,
50533737423328789,904324061102885484,5157498106814022360,0,0,simplekt,
50533737423328789,4793857015485075090,1553079256999111676,0,0,simplekt,
50533737423328789,4616744173612466444,479698173788854790,0,0,simplekt,
50533737423328789,8525556663233406399,4355865024520386185,0,0,simplekt,
50533737423328789,9032341549923927226,7249722219392075512,0,0,simplekt,
50533737423328789,1374602632651399802,8257095676522850515,0,0,simplekt,
50533737423328789,2457868973054174420,8257095676522850515,1,0,simplekt,
50533737423328789,2568707154491466498,2527237414009188471,1,0,simplekt,
50533737423328789,1374602632651399802,8257095676522850515,1,0,simplekt,
50533737423328789,2457868973054174420,8257095676522850515,1,0,simplekt,
50533737423328789,2568707154491466498,2527237414009188471,0,0,simplekt,
50533737423328789,1280002256475405004,7137985937186816118,1,0,simplekt,
50533737423328789,1602608518938380651,7137985937186816118,0,0,simplekt,
50533737423328789,7104105291018701155,3823348261283868936,0,0,simplekt,
50533737423328789,5692975918614623311,4355865024520386185,0,0,simplekt,
50533737423328789,2273572925456987965,3823348261283868936,0,0,simplekt,
50533737423328789,3142105930424589194,3823348261283868936,1,0,simplekt,
50533737423328789,3922110250662496161,3823348261283868936,1,0,simplekt,
50533737423328789,6683578245725279512,3823348261283868936,1,0,simplekt,
50533737423328789,3401752731676851815,5940889310070452911,0,0,simplekt,
50533737423328789,3984083039239139880,5940889310070452911,1,0,simplekt,
50533737423328789,6080454475429592540,8903365289186067945,1,0,simplekt,
50533737423328789,2858423625938753048,8965242899239828151,0,0,simplekt,
50533737423328789,2858423625938753048,4355865024520386185,0,0,simplekt,
50533737423328789,3270258443456955791,3823348261283868936,1,0,simplekt,
50533737423328789,6750855715036353207,3823348261283868936,1,0,simplekt,
50533737423328789,1687265578517607180,2774368076249802464,1,0,simplekt,
50533737423328789,1687265578517607180,2240774251905964566,1,0,simplekt,
50533737423328789,5221814168049107787,8903365289186067945,1,0,simplekt,
50533737423328789,6075423682824025943,5940889310070452911,1,0,simplekt,
50533737423328789,3100726898012878474,2774368076249802464,1,0,simplekt,
50533737423328789,4544446885381517462,5940889310070452911,1,0,simplekt,
50533737423328789,4913550775100811139,8903365289186067945,1,0,simplekt,
50533737423328789,346960327746656835,8685139025305292110,1,0,simplekt,
50533737423328789,424195093401935109,4526863928383273751,0,0,simplekt,
50533737423328789,1041131285172243470,1155914148622653541,0,0,simplekt,
50533737423328789,2743834484117430306,8257095676522850515,0,0,simplekt,
50533737423328789,2860920530175975535,4355865024520386185,0,0,simplekt,
50533737423328789,7058558328740938355,8257095676522850515,0,0,simplekt,
50533737423328789,7567371689250742995,5940889310070452911,0,0,simplekt,
50533737423328789,7774992094989305540,6307345462758042553,0,0,simplekt,
50533737423328789,8065891768867959787,4526863928383273751,1,0,simplekt,
50533737423328789,109850300916727655,1035367362361933335,1,0,simplekt,
50533737423328789,6618081646963974023,1061301253559417093,1,0,simplekt,
50533737423328789,7270599395965442932,1962751598315765836,1,0,simplekt,
50533737423328789,7270599395965442932,8952147277934020296,1,0,simplekt,
50533737423328789,1864681074045346598,3823348261283868936,0,0,simplekt,
50533737423328789,5216038448734267549,3823348261283868936,0,0,simplekt,
50533737423328789,7172996842918330814,3005237573196022570,0,0,simplekt,
50533737423328789,7172996842918330814,3521847891710846645,0,0,simplekt,
50533737423328789,9068657347493376031,5940889310070452911,1,0,simplekt,
50533737423328789,9068657347493376031,7137985937186816118,1,0,simplekt,
50533737423328789,436997731357369002,7802467190713408940,1,0,simplekt,
50533737423328789,6407015680432941783,5797334606267118412,1,0,simplekt,
50533737423328789,1269744872096353592,3204183443604364643,0,0,simplekt,
50533737423328789,7396464520628537623,7802467190713408940,0,0,simplekt,
50533737423328789,9063856950781488679,3971525123056884045,0,0,simplekt,
50533737423328789,7061488257467477665,8952147277934020296,0,0,simplekt,
50533737423328789,4305730207960127256,727042050873976136,0,0,simplekt,
50533737423328789,6280585725948257772,5797334606267118412,1,0,simplekt,
50533737423328789,349001610909101374,2014268979504181100,1,0,simplekt,
50533737423328789,8821362713528850592,3973362612645892720,0,0,simplekt,
50533737423328789,8851715748611627616,2014268979504181100,0,0,simplekt,
50533737423328789,4173298925885015858,3971525123056884045,1,0,simplekt,
50533737423328789,4654460341639747107,5797334606267118412,1,0,simplekt,
50533737423328789,6954638006308017606,1073629390141817738,0,0,simplekt,
50533737423328789,6801308582338785315,2014268979504181100,1,0,simplekt,
50533737423328789,6801308582338785315,359472342153919339,1,0,simplekt,
50533737423328789,7248528123020952415,3973362612645892720,1,0,simplekt,
50533737423328789,2868618692388565290,300471914551172981,1,0,simplekt,
50533737423328789,2868618692388565290,3973362612645892720,1,0,simplekt,
50533737423328789,2740915949202474591,7080375583498690711,0,0,simplekt,
50533737423328789,4724196928371443949,1651060061902010516,0,0,simplekt,
50533737423328789,5313775679214197120,300471914551172981,1,0,simplekt,
50533737423328789,2306006632349364332,1651060061902010516,1,0,simplekt,
50533737423328789,7248903972195788289,461444768761955221,1,0,simplekt,
50533737423328789,7248903972195788289,816286915455981984,1,0,simplekt,
50533737423328789,6146385282599102287,1651060061902010516,1,0,simplekt,
50533737423328789,7353831867200563003,3973362612645892720,1,0,simplekt,
50533737423328789,7721624648022640439,2014268979504181100,1,0,simplekt,
50533737423328789,776146406633386650,3712398040798988323,1,0,simplekt,
50533737423328789,776146406633386650,7795138037346182807,1,0,simplekt,
50533737423328789,776146406633386650,1742185772413642127,1,0,simplekt,
50533737423328789,1495183182492116948,5483772617844162674,1,0,simplekt,
50533737423328789,2402935285982105647,5483772617844162674,1,0,simplekt,
50533737423328789,2404824206351448137,5483772617844162674,1,0,simplekt,
50533737423328789,8188124692925308543,5483772617844162674,1,0,simplekt,
50533737423328789,3078421359782078426,1742185772413642127,0,0,simplekt,
50533737423328789,2365191145059559648,1962751598315765836,1,0,simplekt,
50533737423328789,2365191145059559648,7078830972705558821,1,0,simplekt,
50533737423328789,8099893890517323551,1962751598315765836,1,0,simplekt,
50533737423328789,8099893890517323551,7078830972705558821,1,0,simplekt,
50533737423328789,1283160393561241846,3712398040798988323,1,0,simplekt,
50533737423328789,1283160393561241846,7795138037346182807,1,0,simplekt,
50533737423328789,1283160393561241846,1742185772413642127,1,0,simplekt,
50533737423328789,7237352591206535303,4147399948521361923,0,0,simplekt,
50533737423328789,7836239570515567423,456878871009050454,1,0,simplekt,
50533737423328789,2077889144686882393,456878871009050454,0,0,simplekt,
50533737423328789,2077889144686882393,9023137825787198513,0,0,simplekt,
50533737423328789,2719604388992105528,3386664800761312538,1,0,simplekt,
50533737423328789,4113125040985829140,9083169879347368281,1,0,simplekt,
50533737423328789,8711591128103277677,1121940775251872465,1,0,simplekt,
50533737423328789,1286827730621926626,9023137825787198513,0,0,simplekt,
50533737423328789,5563821932250230450,4217300911507384862,1,0,simplekt,
50533737423328789,8392500195579636452,325754291254371692,1,0,simplekt,
50533737423328789,8392500195579636452,456878871009050454,1,0,simplekt,
50533737423328789,4610094985684788800,3386664800761312538,0,0,simplekt,
50533737423328789,4610094985684788800,7802467190713408940,0,0,simplekt,
50533737423328789,6591325405173535149,3386664800761312538,0,0,simplekt,
50533737423328789,7927475417426798988,3386664800761312538,1,0,simplekt,
50533737423328789,1286827730621926626,9023137825787198513,0,0,simplekt,
50533737423328789,5563821932250230450,4217300911507384862,1,0,simplekt,
50533737423328789,8392500195579636452,325754291254371692,1,0,simplekt,
50533737423328789,8392500195579636452,456878871009050454,1,0,simplekt,
50533737423328789,2823752218529654294,1851522427084812771,1,0,simplekt,
50533737423328789,4458658175162248125,6456304688997881806,0,0,simplekt,
50533737423328789,4458658175162248125,1851522427084812771,0,0,simplekt,
50533737423328789,7099904037534861611,7594706423364338125,1,0,simplekt,
51151144860122992,2444561318128719520,2083452711903133430,0,0,simplekt,
51151144860122992,6784529451143929904,8421171580834073004,1,0,simplekt,
51151144860122992,6784529451143929904,2528747214680891187,1,0,simplekt,
51151144860122992,6784529451143929904,9032608968603454747,1,0,simplekt,
51151144860122992,9137995536786253035,8421171580834073004,0,0,simplekt,
51151144860122992,9137995536786253035,9032608968603454747,0,0,simplekt,
51151144860122992,9137995536786253035,2528747214680891187,0,0,simplekt,
51151144860122992,1084649001726918227,3220231712819306119,1,0,simplekt,
51151144860122992,3207676601913229057,3220231712819306119,0,0,simplekt,
51151144860122992,4724915783845298624,3220231712819306119,0,0,simplekt,
51151144860122992,2160797765405831572,9035941346198722721,0,0,simplekt,
51151144860122992,6099673787824828708,9035941346198722721,0,0,simplekt,
51151144860122992,4729501326174050864,9035941346198722721,0,0,simplekt,
51151144860122992,1574488509804982512,4981016869870220101,0,0,simplekt,
51151144860122992,5815281380128112355,9035941346198722721,1,0,simplekt,
51151144860122992,3799844702157177414,8903365289186067945,1,0,simplekt,
51151144860122992,5788113795541723564,8903365289186067945,1,0,simplekt,
51151144860122992,6980776234055185315,8903365289186067945,1,0,simplekt,
51151144860122992,2628776877218262819,8903365289186067945,1,0,simplekt,
51151144860122992,5760529357109424655,8903365289186067945,0,0,simplekt,
51151144860122992,7953456205119577377,5218341511830803388,1,0,simplekt,
51151144860122992,7259137698054125848,5218341511830803388,1,0,simplekt,
51151144860122992,2746278925206043647,8956949829196379438,0,0,simplekt,
51151144860122992,4345659409139812073,6847502242749017216,1,0,simplekt,
51151144860122992,7953886676117005784,3967320573372768823,1,0,simplekt,
51151144860122992,7953886676117005784,3990069655864291204,1,0,simplekt,
51151144860122992,300471914551172981,300471914551172981,1,0,simplekt,
51151144860122992,6416767787933835412,2172169907340938753,1,0,simplekt,
51151144860122992,8434961942249729798,6440511557387709110,1,0,simplekt,
51151144860122992,5377371664411708739,7591109345808921544,1,0,simplekt,
51151144860122992,5650984555329707291,7591109345808921544,1,0,simplekt,
51151144860122992,8459983029464640909,8621262567927479011,1,0,simplekt,
51151144860122992,8903365289186067945,8553379303363759508,1,0,simplekt,
51151144860122992,6516121893827078818,1742185772413642127,1,0,simplekt,
51151144860122992,3680890090128975262,1742185772413642127,1,0,simplekt,
51151144860122992,4287843156248190141,1742185772413642127,1,0,simplekt,
51151144860122992,8864309922340784357,1742185772413642127,0,0,simplekt,
51151144860122992,7963076060327471726,1742185772413642127,1,0,simplekt,
51151144860122992,7963076060327471726,8434961942249729798,1,0,simplekt,
51151144860122992,5262070597281214617,8434961942249729798,0,0,simplekt,
51151144860122992,2172651027386538291,1962751598315765836,1,0,simplekt,
51151144860122992,7110089499805872564,1962751598315765836,0,0,simplekt,
51151144860122992,3587568046434385561,2971078979906996375,1,0,simplekt,
51151144860122992,1893642978819296611,1742185772413642127,1,0,simplekt,
51151144860122992,1893642978819296611,6038104030264466633,1,0,simplekt,
51151144860122992,4852582249628029532,1742185772413642127,1,0,simplekt,
51151144860122992,4852582249628029532,6038104030264466633,1,0,simplekt,
51151144860122992,7661928444199481279,1742185772413642127,1,0,simplekt,
51151144860122992,424015410816537326,8634487759291684026,1,0,simplekt,
51151144860122992,2993936742249523454,1962751598315765836,1,0,simplekt,
51151144860122992,2993936742249523454,7744513373483970787,1,0,simplekt,
51151144860122992,6125574002232610732,2971078979906996375,1,0,simplekt,
51151144860122992,8603028673235519515,7744513373483970787,1,0,simplekt,
51151144860122992,474633159280968256,7744513373483970787,0,0,simplekt,
51151144860122992,1062464292871659639,8553379303363759508,1,0,simplekt,
51151144860122992,1974707792154343107,6440511557387709110,1,0,simplekt,
51151144860122992,4291017045199414543,6402063578200407055,1,0,simplekt,
51151144860122992,5625354370983584211,1962751598315765836,0,0,simplekt,
51151144860122992,6204090755270219155,6440511557387709110,1,0,simplekt,
51151144860122992,6204090755270219155,6038104030264466633,1,0,simplekt,
51151144860122992,6204090755270219155,8553379303363759508,1,0,simplekt,
51151144860122992,6204090755270219155,1035367362361933335,1,0,simplekt,
51151144860122992,6204090755270219155,1742185772413642127,1,0,simplekt,
51151144860122992,6204090755270219155,6471369570750938294,1,0,simplekt,
51151144860122992,6826807704596241106,300471914551172981,1,0,simplekt,
51151144860122992,7506068873267760318,1742185772413642127,0,0,simplekt,
51151144860122992,7667895327144104277,300471914551172981,0,0,simplekt,
51151144860122992,8229599864808273990,6088781737297447420,1,0,simplekt,
51151144860122992,8451130771444723333,1742185772413642127,1,0,simplekt,
51151144860122992,8475499683448997198,8571634011969914262,0,0,simplekt,
51151144860122992,1745020336870366416,5891620578387310353,0,0,simplekt,
51151144860122992,6738706370597025772,632037903995597748,1,0,simplekt,
51151144860122992,7849701508421617502,3977603873829794107,1,0,simplekt,
51151144860122992,555625984027262014,3157518658218824219,0,0,simplekt,
51151144860122992,888934132030320366,338807275221326836,1,0,simplekt,
51151144860122992,9163346312612952190,1553079256999111676,1,0,simplekt,
51151144860122992,2017576330978711905,338807275221326836,1,0,simplekt,
51151144860122992,7995834658081335424,2087380862434172594,1,0,simplekt,
51151144860122992,3788466048393203612,338807275221326836,0,0,simplekt,
51151144860122992,8351329806767537227,1553079256999111676,1,0,simplekt,
51151144860122992,6881320338197355211,1553079256999111676,1,0,simplekt,
51151144860122992,678576571551846666,2087380862434172594,1,0,simplekt,
51151144860122992,8317095655314656711,8450591260754163598,1,0,simplekt,
51151144860122992,5111017097545758779,1553079256999111676,1,0,simplekt,
51151144860122992,3525797594972370560,1553079256999111676,1,0,simplekt,
51151144860122992,1513602965430340754,1553079256999111676,1,0,simplekt,
51151144860122992,5598942769103361235,1553079256999111676,1,0,simplekt,
51151144860122992,5606170298753235760,8450591260754163598,1,0,simplekt,
51151144860122992,5606170298753235760,2087380862434172594,1,0,simplekt,
51151144860122992,1956263685640837203,338807275221326836,1,0,simplekt,
51151144860122992,8015194389395403047,1553079256999111676,1,0,simplekt,
51151144860122992,589595259022606128,8450591260754163598,0,0,simplekt,
51151144860122992,3196572545063368294,1553079256999111676,1,0,simplekt,
51151144860122992,1849374032637944872,8450591260754163598,0,0,simplekt,
51151144860122992,7966462723188529488,8450591260754163598,1,0,simplekt,
51151144860122992,5771048247599626204,8450591260754163598,1,0,simplekt,
51151144860122992,873734404548316197,8450591260754163598,1,0,simplekt,
51151144860122992,6325743242354330185,6587421150596252277,1,0,simplekt,
51151144860122992,4599874212276290133,6587421150596252277,1,0,simplekt,
51151144860122992,2941643269875773707,1553079256999111676,1,0,simplekt,
51151144860122992,585394738633421119,8450591260754163598,1,0,simplekt,
51151144860122992,7387337585027059198,8450591260754163598,1,0,simplekt,
51151144860122992,697534556689938106,338807275221326836,1,0,simplekt,
51151144860122992,1540767828260108756,87170764907391800,1,0,simplekt,
51151144860122992,4644376180860816503,6587421150596252277,1,0,simplekt,
51151144860122992,4848810560966667410,1553079256999111676,1,0,simplekt,
51151144860122992,8940427232721233266,6564295807963761446,1,0,simplekt,
51151144860122992,6012311905925706077,7137985937186816118,1,0,simplekt,
51151144860122992,594484301261397148,1553079256999111676,1,0,simplekt,
51151144860122992,1522036663732454985,3977603873829794107,1,0,simplekt,
51151144860122992,2500372166686333823,8450591260754163598,1,0,simplekt,
51151144860122992,2953135825275070056,338807275221326836,1,0,simplekt,
51151144860122992,3414223954376217427,1553079256999111676,1,0,simplekt,
51151144860122992,3548571066051866436,632037903995597748,0,0,simplekt,
51151144860122992,5713639467721698358,8437183932514773570,1,0,simplekt,
51151144860122992,6456304688997881806,1553079256999111676,1,0,simplekt,
51151144860122992,7365265762574616609,6587421150596252277,1,0,simplekt,
51151144860122992,7430095633397685637,8525319303741530302,1,0,simplekt,
51151144860122992,7430095633397685637,3220231712819306119,1,0,simplekt,
51151144860122992,8021260812906271597,5891620578387310353,1,0,simplekt,
51151144860122992,7115807159188272944,8450591260754163598,0,0,simplekt,
51151144860122992,7584194808624884293,7137985937186816118,0,0,simplekt,
51151144860122992,1653110472703699635,1644854180222226950,1,0,simplekt,
51151144860122992,5190884345733171034,3994887349717137666,1,0,simplekt,
51151144860122992,3695277572730007841,5791250638486922978,1,0,simplekt,
51151144860122992,3256967871020403143,6949811205411410448,0,0,simplekt,
51151144860122992,160526153134266077,6949811205411410448,0,0,simplekt,
51151144860122992,262972098788613969,6949811205411410448,1,0,simplekt,
51151144860122992,81836391822819695,965465494080659646,0,0,simplekt,
51151144860122992,81836391822819695,8218796673634111208,0,0,simplekt,
51151144860122992,2678037544306135052,6949811205411410448,1,0,simplekt,
51151144860122992,6394202531192004290,965465494080659646,1,0,simplekt,
51151144860122992,4742394668670699272,6949811205411410448,1,0,simplekt,
51151144860122992,6918975496901528910,6949811205411410448,0,0,simplekt,
51151144860122992,4811748811258821924,6949811205411410448,1,0,simplekt,
51151144860122992,4643253996117354404,6949811205411410448,0,0,simplekt,
51151144860122992,2200223852542584006,6949811205411410448,1,0,simplekt,
51151144860122992,6601469893026267442,965465494080659646,0,0,simplekt,
51151144860122992,4539072446738603069,965465494080659646,1,0,simplekt,
51151144860122992,8392765289363313686,6949811205411410448,1,0,simplekt,
51151144860122992,8344458761754091093,6949811205411410448,1,0,simplekt,
51151144860122992,1737549008450576232,6949811205411410448,0,0,simplekt,
51151144860122992,4837435113414834930,6949811205411410448,0,0,simplekt,
51151144860122992,4180865159137445928,6949811205411410448,1,0,simplekt,
51151144860122992,4702338344474013419,6949811205411410448,0,0,simplekt,
51151144860122992,5850479194837887944,4932081828363820241,0,0,simplekt,
51151144860122992,3420314197971075877,5614001701401503216,0,0,simplekt,
51151144860122992,5758295914440078557,4932081828363820241,0,0,simplekt,
51151144860122992,2789256433454450511,4932081828363820241,1,0,simplekt,
51151144860122992,8479037457196838763,4932081828363820241,1,0,simplekt,
51151144860122992,2020542875614218006,5614001701401503216,0,0,simplekt,
51151144860122992,9106594666321326924,5614001701401503216,0,0,simplekt,
51151144860122992,5512575834172553485,5614001701401503216,0,0,simplekt,
51151144860122992,4985701407810924242,5614001701401503216,0,0,simplekt,
51151144860122992,3152736657375411130,5614001701401503216,1,0,simplekt,
51151144860122992,6354454527181646401,6949811205411410448,1,0,simplekt,
51151144860122992,4423039597403875537,8218796673634111208,0,0,simplekt,
51151144860122992,1278202529328948065,4705015170632774223,1,0,simplekt,
51151144860122992,1278202529328948065,6612232247280708430,1,0,simplekt,
51151144860122992,958813039069687279,4705015170632774223,1,0,simplekt,
51151144860122992,958813039069687279,6612232247280708430,1,0,simplekt,
51151144860122992,5433051947019886445,4705015170632774223,1,0,simplekt,
51151144860122992,5433051947019886445,6612232247280708430,1,0,simplekt,
51151144860122992,3595109963701994207,6612232247280708430,1,0,simplekt,
51151144860122992,4402464831798965707,1440354453570655004,0,0,simplekt,
51151144860122992,3747639013786243008,1440354453570655004,0,0,simplekt,
51151144860122992,5329576675655904169,6612232247280708430,1,0,simplekt,
51151144860122992,5784304871759423917,6612232247280708430,1,0,simplekt,
51151144860122992,6966552994259767588,6612232247280708430,1,0,simplekt,
51151144860122992,822947289563477095,6949811205411410448,1,0,simplekt,
51151144860122992,1659523461032643654,5614001701401503216,0,0,simplekt,
51151144860122992,1659523461032643654,6949811205411410448,0,0,simplekt,
51151144860122992,1878072205549133777,6949811205411410448,1,0,simplekt,
51151144860122992,6134912245352448664,6949811205411410448,1,0,simplekt,
51151144860122992,6200426572873618561,6949811205411410448,1,0,simplekt,
51151144860122992,7081394057418542022,4932081828363820241,1,0,simplekt,
51151144860122992,8793368928552505728,4932081828363820241,1,0,simplekt,
51151144860122992,73928280903912066,1609137421269019972,0,0,simplekt,
51151144860122992,456231635565849618,936324378259014250,1,0,simplekt,
51151144860122992,4747458762391861814,945565921951254878,0,0,simplekt,
51151144860122992,4747458762391861814,936324378259014250,0,0,simplekt,
51151144860122992,4747458762391861814,7137985937186816118,0,0,simplekt,
51151144860122992,8064753944805038908,3386664800761312538,0,0,simplekt,
51151144860122992,8064753944805038908,5626355055055545431,0,0,simplekt,
51151144860122992,4626325596384339223,936324378259014250,0,0,simplekt,
51151144860122992,4626325596384339223,3386664800761312538,0,0,simplekt,
51151144860122992,3422900282767970598,8253624017608095921,1,0,simplekt,
51151144860122992,5896746524602982308,8864809465971284028,1,0,simplekt,
51151144860122992,643887371950613900,7802467190713408940,1,0,simplekt,
51151144860122992,6645325642315848804,2500372166686333823,1,0,simplekt,
51151144860122992,1364124172325115117,7137985937186816118,1,0,simplekt,
51151144860122992,5226370558387143260,945565921951254878,0,0,simplekt,
51151144860122992,5226370558387143260,936324378259014250,0,0,simplekt,
51151144860122992,5226370558387143260,7137985937186816118,0,0,simplekt,
51151144860122992,6991438656570525226,4607388048970825422,1,0,simplekt,
51151144860122992,6622441521506122051,2500372166686333823,1,0,simplekt,
51151144860122992,9056677685977577642,2500372166686333823,0,0,simplekt,
51151144860122992,6960909409775484798,2500372166686333823,1,0,simplekt,
51151144860122992,2662712950628352747,7430095633397685637,1,0,simplekt,
51151144860122992,1462144652513562353,8021260812906271597,1,0,simplekt,
51151144860122992,6385798887775976783,2500372166686333823,1,0,simplekt,
51151144860122992,6385798887775976783,3414223954376217427,1,0,simplekt,
51151144860122992,1179656879149712095,2500372166686333823,0,0,simplekt,
51151144860122992,3451790309599703332,7430095633397685637,0,0,simplekt,
51151144860122992,7095552851158154914,4607388048970825422,0,0,simplekt,
51151144860122992,7095552851158154914,4607388048970825422,0,0,simplekt,
51151144860122992,1686632649349855755,1418680419447008469,1,0,simplekt,
51151144860122992,9028614706513287099,7381422041526990924,0,0,simplekt,
51151144860122992,74638531651877569,3795512345256537003,0,0,simplekt,
51151144860122992,32261392583187374,3795512345256537003,0,0,simplekt,
51151144860122992,666632563056544558,7312291969267315939,1,0,simplekt,
51151144860122992,8027941967834834501,7312291969267315939,1,0,simplekt,
51151144860122992,6892970266406478541,7312291969267315939,1,0,simplekt,
51151144860122992,8155690883524442573,594484301261397148,1,0,simplekt,
51151144860122992,5342401179217169371,594484301261397148,1,0,simplekt,
51151144860122992,7811337634646641563,1418680419447008469,1,0,simplekt,
51151144860122992,6429818580404077843,1418680419447008469,1,0,simplekt,
51151144860122992,1093282304474350604,8257095676522850515,1,0,simplekt,
51151144860122992,1093282304474350604,3990069655864291204,1,0,simplekt,
51151144860122992,7407000827326881049,8257095676522850515,1,0,simplekt,
51151144860122992,3190171786711652143,5319011735380609624,0,0,simplekt,
51151144860122992,7898884241751923693,5407828324398549496,0,0,simplekt,
51151144860122992,8870693240588360722,5805011942002514206,0,0,simplekt,
51151144860122992,3659066959988699832,6456304688997881806,0,0,simplekt,
51151144860122992,3659066959988699832,945565921951254878,0,0,simplekt,
51151144860122992,3659066959988699832,6456304688997881806,0,0,simplekt,
51151144860122992,3659066959988699832,945565921951254878,0,0,simplekt,
51151144860122992,6282529568844347553,6456304688997881806,0,0,simplekt,
51151144860122992,6282529568844347553,945565921951254878,0,0,simplekt,
51151144860122992,6438344733596527197,6456304688997881806,0,0,simplekt,
51151144860122992,6438344733596527197,945565921951254878,0,0,simplekt,
51151144860122992,276073773678975562,8860457263355711329,1,0,simplekt,
51151144860122992,5844515863234482352,1620228599548467016,0,0,simplekt,
51151144860122992,1107089901238080068,3695277572730007841,1,0,simplekt,
51151144860122992,1355897475346419780,3695277572730007841,0,0,simplekt,
51151144860122992,395289519385152427,3695277572730007841,0,0,simplekt,
51151144860122992,1578818275559208253,3695277572730007841,1,0,simplekt,
51151144860122992,339533063856671049,6456304688997881806,1,0,simplekt,
51151144860122992,7330278289208411022,6664130503876327269,1,0,simplekt,
51151144860122992,6124094790161264582,6664130503876327269,1,0,simplekt,
51151144860122992,1726769798644809705,7877160466076973101,1,0,simplekt,
51151144860122992,3101224498948786626,7877160466076973101,1,0,simplekt,
51151144860122992,3971525123056884045,5487204154853305298,0,0,simplekt,
51151144860122992,5215432518055670326,1851522427084812771,0,0,simplekt,
51151144860122992,8253624017608095921,765686451306091390,0,0,simplekt,
51151144860122992,1726769798644809705,7877160466076973101,1,0,simplekt,
51151144860122992,3973362612645892720,7877160466076973101,1,0,simplekt,
51151144860122992,4147399948521361923,7877160466076973101,1,0,simplekt,
51151144860122992,9023137825787198513,7877160466076973101,1,0,simplekt,
51151144860122992,157554714815648895,5761106556343021166,1,0,simplekt,
51151144860122992,2410338549246672997,2630166442278202703,0,0,simplekt,
51151144860122992,6829111499768831843,5761106556343021166,1,0,simplekt,
51151144860122992,3805691194056635315,7877160466076973101,1,0,simplekt,
51151144860122992,5521876661437488360,2322434297181580829,1,0,simplekt,
51151144860122992,8575610639500092945,8411083447093008841,1,0,simplekt,
51151144860122992,227262282044896366,4523990711176045762,1,0,simplekt,
51151144860122992,1363511968273769060,8946122040834336764,1,0,simplekt,
51151144860122992,1363511968273769060,339533063856671049,1,0,simplekt,
51151144860122992,5758295914440078557,4932081828363820241,0,0,simplekt,
51151144860122992,5512575834172553485,5614001701401503216,0,0,simplekt,
51151144860122992,4985701407810924242,5614001701401503216,1,0,simplekt,
51151144860122992,5406013425408202846,2045471913834718328,1,0,simplekt,
51151144860122992,1573042079802951277,2391793836146482177,1,0,simplekt,
51151144860122992,3232676698670034975,2053002886922888674,1,0,simplekt,
51151144860122992,8218796673634111208,2391793836146482177,1,0,simplekt,
54837755008992849,4450427856859114815,8621262567927479011,1,0,simplekt,
54837755008992849,7708491212657206908,8020367572004185681,1,0,simplekt,
54837755008992849,1116364115388941036,1061301253559417093,0,0,simplekt,
54837755008992849,1116364115388941036,2042035842694401475,0,0,simplekt,
54837755008992849,6115902445817441387,2042035842694401475,0,0,simplekt,
54837755008992849,6115902445817441387,1061301253559417093,0,0,simplekt,
54837755008992849,2399526594150238188,6440511557387709110,0,0,simplekt,
54837755008992849,2399526594150238188,1061301253559417093,0,0,simplekt,
54837755008992849,7233418231239614694,8952147277934020296,0,0,simplekt,
54837755008992849,5828402920911886260,3018317019676942629,1,0,simplekt,
54837755008992849,7379431790271498372,3695961057996457232,1,0,simplekt,
54837755008992849,5490559300243077051,1761868641361943332,1,0,simplekt,
54837755008992849,6486630054478318040,1761868641361943332,1,0,simplekt,
54837755008992849,6517113776429692278,1761868641361943332,0,0,simplekt,
54837755008992849,2421515943791592336,4654090348491357037,1,0,simplekt,
54837755008992849,659425513465830877,4654090348491357037,0,0,simplekt,
54837755008992849,5669444133919801886,3896176223871121243,1,0,simplekt,
54837755008992849,5802336942630665196,4654090348491357037,0,0,simplekt,
54837755008992849,1062814452125533934,8860457263355711329,1,0,simplekt,
54837755008992849,7046664376618889341,1217036946970550577,1,0,simplekt,
54837755008992849,1647388499935950483,1620228599548467016,0,0,simplekt,
54837755008992849,1647388499935950483,6664130503876327269,0,0,simplekt,
54837755008992849,3083880146036401197,2789722194329186491,0,0,simplekt,
54837755008992849,3993295421765698769,8019950075815571462,1,0,simplekt,
54837755008992849,4734652333914181414,8093703363222220592,1,0,simplekt,
54837755008992849,2725078147122156143,5282831772502765195,1,0,simplekt,
54837755008992849,3252826287101409243,287641116298515468,0,0,simplekt,
54837755008992849,8879857825588577091,578064138689923259,1,0,simplekt,
54837755008992849,1649786919427011513,6335654691543306314,1,0,simplekt,
54837755008992849,6389483453028667638,666632563056544558,1,0,simplekt,
54837755008992849,8869191099273978127,8344458761754091093,1,0,simplekt,
54837755008992849,1943211793792819437,5595843663294468577,0,0,simplekt,
54837755008992849,4781150460211161663,3377267194089423700,1,0,simplekt,
54837755008992849,276344074261901790,666632563056544558,1,0,simplekt,
54837755008992849,276344074261901790,4644364625800006675,1,0,simplekt,
54837755008992849,276344074261901790,6335654691543306314,1,0,simplekt,
54837755008992849,5962323053441638361,318029278300626017,0,0,simplekt,
54837755008992849,4791666013489189527,3044421606741893169,1,0,simplekt,
54837755008992849,4791666013489189527,979776641624209194,1,0,simplekt,
54837755008992849,1399316783531000068,7409015190894677172,0,0,simplekt,
54837755008992849,1399316783531000068,7409015190894677172,1,0,simplekt,
54837755008992849,3226125138973235737,7409015190894677172,0,0,simplekt,
54837755008992849,3226125138973235737,7409015190894677172,1,0,simplekt,
54837755008992849,279015146601476127,6994544439163477228,1,0,simplekt,
54837755008992849,522691371356782946,1418680419447008469,1,0,simplekt,
54837755008992849,5748703822864358650,3795512345256537003,0,0,simplekt,
54837755008992849,7615510931850530749,2530462478681717021,0,0,simplekt,
54837755008992849,1295870908690233248,1418680419447008469,0,0,simplekt,
54837755008992849,1691150647495771357,1418680419447008469,1,0,simplekt,
54837755008992849,2107808837311576583,1418680419447008469,1,0,simplekt,
54837755008992849,7703755178344786368,7877160466076973101,1,0,simplekt,
54837755008992849,7580285008609718903,7877160466076973101,1,0,simplekt,
54837755008992849,4505643652580096432,8903365289186067945,1,0,simplekt,
54837755008992849,5102161112014440215,3220231712819306119,1,0,simplekt,
54837755008992849,8600282194503590507,7163156933085560357,1,0,simplekt,
54837755008992849,744668438659766082,1856930371502693412,1,0,simplekt,
54837755008992849,1236055998551332835,1856930371502693412,0,0,simplekt,
54837755008992849,2169075014299313277,3977603873829794107,0,0,simplekt,
54837755008992849,6725567720020259458,3977603873829794107,1,0,simplekt,
54837755008992849,5171262542391242272,9035941346198722721,1,0,simplekt,
54837755008992849,5171262542391242272,3977603873829794107,1,0,simplekt,
54837755008992849,6184680883164111440,9035941346198722721,1,0,simplekt,
54837755008992849,6184680883164111440,3977603873829794107,1,0,simplekt,
54837755008992849,2008979487187357059,1856930371502693412,1,0,simplekt,
54837755008992849,5044935157032488318,3220231712819306119,1,0,simplekt,
54837755008992849,8161041551138141528,1856930371502693412,1,0,simplekt,
54837755008992849,22429752720588708,6038104030264466633,1,0,simplekt,
54837755008992849,22429752720588708,1742185772413642127,1,0,simplekt,
54837755008992849,5625697423690928103,1742185772413642127,1,0,simplekt,
54837755008992849,1064979363181134624,2008979487187357059,1,0,simplekt,
54837755008992849,1064979363181134624,7802467190713408940,1,0,simplekt,
54837755008992849,5082929212499116959,936324378259014250,1,0,simplekt,
54837755008992849,6674028655166859215,7802467190713408940,1,0,simplekt,
54837755008992849,6674028655166859215,3173554826801793204,1,0,simplekt,
54837755008992849,6674028655166859215,5797334606267118412,1,0,simplekt,
54837755008992849,8551687731260440406,3638162062903617806,1,0,simplekt,
54837755008992849,643023448083167817,3638162062903617806,1,0,simplekt,
54837755008992849,259468577010462406,5816909911210222449,0,0,simplekt,
54837755008992849,2370388050227613634,8208743102655574034,1,0,simplekt,
54837755008992849,90442688713673879,660778374576920296,1,0,simplekt,
54837755008992849,6207929330699408131,3971525123056884045,0,0,simplekt,
54837755008992849,4055627422277357979,8208743102655574034,0,0,simplekt,
54837755008992849,8378966657908719086,660778374576920296,0,0,simplekt,
54837755008992849,7792862880998703489,8053098255007046142,1,0,simplekt,
54837755008992849,7792862880998703489,816286915455981984,1,0,simplekt,
54837755008992849,15378171017808423,8053098255007046142,0,0,simplekt,
54837755008992849,6387548171245967790,8053098255007046142,0,0,simplekt,
54837755008992849,7260138834753731537,8053098255007046142,0,0,simplekt,
54837755008992849,4706241431940664311,1942256407192639244,0,0,simplekt,
54837755008992849,1046549608174782807,6829111499768831843,1,0,simplekt,
54837755008992849,3075412557842698415,6829111499768831843,1,0,simplekt,
54837755008992849,3521847891710846645,3805691194056635315,1,0,simplekt,
54837755008992849,8339942965942261593,4378721629787482518,1,0,simplekt,
54837755008992849,8339942965942261593,555625984027262014,1,0,simplekt,
54837755008992849,8339942965942261593,5405953385245894923,1,0,simplekt,
54837755008992849,2258562228585711438,555625984027262014,1,0,simplekt,
54837755008992849,2258562228585711438,4378721629787482518,1,0,simplekt,
54837755008992849,3144571133074617822,555625984027262014,1,0,simplekt,
54837755008992849,3144571133074617822,4378721629787482518,1,0,simplekt,
54837755008992849,537485844220515316,5405953385245894923,1,0,simplekt,
54837755008992849,2602553706651326453,5405953385245894923,0,0,simplekt,
54837755008992849,5089556014623667729,2083452711903133430,1,0,simplekt,
54837755008992849,8119572140976831282,2083452711903133430,1,0,simplekt,
54837755008992849,7949041546587179905,2083452711903133430,1,0,simplekt,
54837755008992849,8185690330776477300,2083452711903133430,0,0,simplekt,
54837755008992849,2322667614754580355,5405953385245894923,1,0,simplekt,
54837755008992849,1615389918552277535,2083452711903133430,0,0,simplekt,
54837755008992849,7190227849718462386,8628686323660025649,1,0,simplekt,
54837755008992849,7517036430381009295,5405953385245894923,1,0,simplekt,
54837755008992849,1592092576505675374,8575610639500092945,1,0,simplekt,
54837755008992849,7307984778698722576,6421511779947974192,1,0,simplekt,
54837755008992849,9197450680580660741,8575610639500092945,0,0,simplekt,
54837755008992849,1110478650540552338,278327630535823712,0,0,simplekt,
54837755008992849,3626708975778584325,2823547883153135285,0,0,simplekt,
54837755008992849,3626708975778584325,2823547883153135285,0,0,simplekt,
54837755008992849,4557926800245857987,1084649001726918227,0,0,simplekt,
54837755008992849,6633513392191259861,8257095676522850515,1,0,simplekt,
54837755008992849,7130161928830693085,5805011942002514206,0,0,simplekt,
54837755008992849,5367003009961626128,8257095676522850515,1,0,simplekt,
54837755008992849,8872317716033055231,8257095676522850515,1,0,simplekt,
54837755008992849,1204251993764442080,7564569009553397433,1,0,simplekt,
54837755008992849,113348629812797295,7564569009553397433,1,0,simplekt,
54837755008992849,9025719275604147692,7564569009553397433,0,0,simplekt,
54837755008992849,5252140768968088531,7564569009553397433,1,0,simplekt,
54837755008992849,2441662470849422916,7564569009553397433,1,0,simplekt,
54837755008992849,5916708561041768928,7564569009553397433,1,0,simplekt,
54837755008992849,7391138948579754781,7564569009553397433,1,0,simplekt,
54837755008992849,8323195153088196817,7564569009553397433,0,0,simplekt,
54837755008992849,4400279827781004249,7564569009553397433,1,0,simplekt,
54837755008992849,6019913041939109516,7564569009553397433,1,0,simplekt,
54837755008992849,7774449722279171250,4607388048970825422,1,0,simplekt,
54837755008992849,997730398473064325,7564569009553397433,1,0,simplekt,
54837755008992849,997730398473064325,7564569009553397433,1,0,simplekt,
54837755008992849,5588636382026639995,7564569009553397433,1,0,simplekt,
54837755008992849,509349284012102442,2953135825275070056,1,0,simplekt,
54837755008992849,5022769908201901079,7430095633397685637,1,0,simplekt,
54837755008992849,7407127581832834319,2953135825275070056,1,0,simplekt,
54837755008992849,6271146161038271539,2500372166686333823,1,0,simplekt,
54837755008992849,6619855574343390639,7693950217059964086,1,0,simplekt,
54837755008992849,8010278695147595489,7113092374842565865,1,0,simplekt,
54837755008992849,860915438369446245,6827114036858291371,0,0,simplekt,
54837755008992849,2377739014248616472,6827114036858291371,0,0,simplekt,
54837755008992849,9080645612948913526,6827114036858291371,1,0,simplekt,
54837755008992849,9080645612948913526,6827114036858291371,0,0,simplekt,
54837755008992849,5613349587312921857,6827114036858291371,0,0,simplekt,
54837755008992849,4142226920023435752,1319354917418119610,1,0,simplekt,
54837755008992849,4142226920023435752,5639769407267706829,1,0,simplekt,
54837755008992849,1842216458801867100,4054327785515237713,1,0,simplekt,
54837755008992849,6649890120863487722,4054327785515237713,1,0,simplekt,
54837755008992849,5516317381132198219,625545550176685521,1,0,simplekt,
54837755008992849,6461436960382732267,2986660907093963186,1,0,simplekt,
54837755008992849,6762743785352146389,8404743698645172910,1,0,simplekt,
54837755008992849,9123241646170176005,5218341511830803388,1,0,simplekt,
54837755008992849,6030088092580990844,3967320573372768823,1,0,simplekt,
54837755008992849,7293250158890496744,7660717256841499384,1,0,simplekt,
54837755008992849,4996134718403181056,8450591260754163598,1,0,simplekt,
54837755008992849,4996134718403181056,2087380862434172594,1,0,simplekt,
54837755008992849,8974962001343124237,2087380862434172594,1,0,simplekt,
54837755008992849,8974962001343124237,8450591260754163598,1,0,simplekt,
54837755008992849,3769187384294455998,2412386674616941727,1,0,simplekt,
54837755008992849,5677422322508975122,2412386674616941727,1,0,simplekt,
54837755008992849,4979990843507311976,2240774251905964566,1,0,simplekt,
54837755008992849,8186159306758811417,2567894677399411860,1,0,simplekt,
54837755008992849,384900615994358434,4526863928383273751,1,0,simplekt,
54837755008992849,1460426732844894421,4526863928383273751,1,0,simplekt,
54837755008992849,5924479089707711920,4526863928383273751,1,0,simplekt,
54837755008992849,346960327746656835,8685139025305292110,1,0,simplekt,
54837755008992849,2153174000813310422,4474026859818477437,1,0,simplekt,
54837755008992849,8148500877232841969,2412386674616941727,1,0,simplekt,
54837755008992849,4662441928001780963,4526863928383273751,1,0,simplekt,
54837755008992849,2353361764442325463,4526863928383273751,1,0,simplekt,
54837755008992849,8345693601309785047,4526863928383273751,0,0,simplekt,
54837755008992849,7780173816053424985,4526863928383273751,1,0,simplekt,
54837755008992849,8360424730945791364,4526863928383273751,1,0,simplekt,
54837755008992849,7906891213726346626,6256368340148503862,0,0,simplekt,
54837755008992849,6990879250162266634,4526863928383273751,0,0,simplekt,
54837755008992849,2854874583337184253,6256368340148503862,1,0,simplekt,
54837755008992849,3988379510448862757,8398942342651905271,1,0,simplekt,
54837755008992849,5698595879991233407,8398942342651905271,1,0,simplekt,
54837755008992849,6300922087235710553,8398942342651905271,1,0,simplekt,
54837755008992849,5509853617250368478,8398942342651905271,1,0,simplekt,
54837755008992849,2915291513735684490,775355032693172961,1,0,simplekt,
54837755008992849,1663208417795833410,775355032693172961,1,0,simplekt,
54837755008992849,6874201434093434931,7066177705708566569,1,0,simplekt,
54837755008992849,3514896815851087255,8367424958112124046,1,0,simplekt,
54837755008992849,5057157876314778009,775355032693172961,1,0,simplekt,
54837755008992849,5171822217503404582,6289191054585870467,1,0,simplekt,
54837755008992849,6349939099358852784,7066177705708566569,1,0,simplekt,
54837755008992849,6349939099358852784,775355032693172961,1,0,simplekt,
54837755008992849,2200667572615873987,8398942342651905271,1,0,simplekt,
54837755008992849,8062693891890644259,8398942342651905271,1,0,simplekt,
54837755008992849,3582505015629359304,8398942342651905271,1,0,simplekt,
54837755008992849,3985684627925426890,3823348261283868936,1,0,simplekt,
54837755008992849,7084660809424686955,7137985937186816118,1,0,simplekt,
54837755008992849,7872836841567158588,4355865024520386185,1,0,simplekt,
54837755008992849,4573434431506502294,3823348261283868936,1,0,simplekt,
54837755008992849,1716401232278761734,4355865024520386185,1,0,simplekt,
54837755008992849,1716401232278761734,1933620258903804496,1,0,simplekt,
54837755008992849,2540072970870553265,4355865024520386185,1,0,simplekt,
54837755008992849,2540072970870553265,7137985937186816118,1,0,simplekt,
54837755008992849,9108390624240888154,8903365289186067945,1,0,simplekt,
54837755008992849,5318755054628633361,6994544439163477228,1,0,simplekt,
54837755008992849,1687265578517607180,2774368076249802464,1,0,simplekt,
54837755008992849,1687265578517607180,2240774251905964566,1,0,simplekt,
54837755008992849,7428098603622623428,7137985937186816118,1,0,simplekt,
54837755008992849,7428098603622623428,5940889310070452911,1,0,simplekt,
54837755008992849,3690150719146613340,1962751598315765836,1,0,simplekt,
54837755008992849,3690150719146613340,8952147277934020296,1,0,simplekt,
54837755008992849,7028703311202016930,1061301253559417093,1,0,simplekt,
54837755008992849,6868334924308196231,8952147277934020296,1,0,simplekt,
54837755008992849,6137041682806550838,8952147277934020296,0,0,simplekt,
54837755008992849,5806994884866518124,8434961942249729798,1,0,simplekt,
54837755008992849,6137041682806550838,8952147277934020296,1,0,simplekt,
54837755008992849,7445152051264932968,8952147277934020296,1,0,simplekt,
54837755008992849,2986660907093963186,6440511557387709110,1,0,simplekt,
54837755008992849,2986660907093963186,2322042198017538996,1,0,simplekt,
54837755008992849,9189159338902061442,1962751598315765836,1,0,simplekt,
54837755008992849,9189159338902061442,8952147277934020296,1,0,simplekt,
54837755008992849,2781152595228650843,4984932258032991605,1,0,simplekt,
54837755008992849,6247826181829757250,4984932258032991605,1,0,simplekt,
54837755008992849,7146709719626416609,4984932258032991605,1,0,simplekt,
54837755008992849,6648092291010264202,1035367362361933335,1,0,simplekt,
54837755008992849,6821641383770836712,1035367362361933335,1,0,simplekt,
54837755008992849,5378826943168680005,6440511557387709110,1,0,simplekt,
54837755008992849,9212701501246407842,8952147277934020296,1,0,simplekt,
54837755008992849,7310960698287594002,727042050873976136,1,0,simplekt,
54837755008992849,7797861237055855901,8253624017608095921,1,0,simplekt,
54837755008992849,7797861237055855901,227262282044896366,1,0,simplekt,
54837755008992849,1732101263560233089,3971525123056884045,1,0,simplekt,
54837755008992849,4736259826933824824,3204183443604364643,1,0,simplekt,
54837755008992849,825019888911356937,3971525123056884045,1,0,simplekt,
54837755008992849,561959093822872166,3971525123056884045,1,0,simplekt,
54837755008992849,2799650176165828583,3173554826801793204,1,0,simplekt,
54837755008992849,2799650176165828583,727042050873976136,1,0,simplekt,
54837755008992849,2799650176165828583,7802467190713408940,1,0,simplekt,
54837755008992849,349001610909101374,2014268979504181100,1,0,simplekt,
54837755008992849,6703110264745466901,6402063578200407055,1,0,simplekt,
54837755008992849,9022486065769300361,6402063578200407055,1,0,simplekt,
54837755008992849,4751604266900204456,5797334606267118412,1,0,simplekt,
54837755008992849,943483119575037184,2014268979504181100,0,0,simplekt,
54837755008992849,943483119575037184,7137985937186816118,0,0,simplekt,
54837755008992849,7248528123020952415,3973362612645892720,1,0,simplekt,
54837755008992849,1483301658919871033,2014268979504181100,1,0,simplekt,
54837755008992849,8418041893260114155,300471914551172981,1,0,simplekt,
54837755008992849,2773384267089313678,1651060061902010516,1,0,simplekt,
54837755008992849,1148059239911857311,1222407798012817380,1,0,simplekt,
54837755008992849,7248903972195788289,461444768761955221,1,0,simplekt,
54837755008992849,7248903972195788289,816286915455981984,1,0,simplekt,
54837755008992849,474030033829383442,2014268979504181100,1,0,simplekt,
54837755008992849,521308944919771244,1651060061902010516,1,0,simplekt,
54837755008992849,3857372335374517015,3973362612645892720,1,0,simplekt,
54837755008992849,2780734003269824403,3386664800761312538,1,0,simplekt,
54837755008992849,6339779356567512509,3386664800761312538,1,0,simplekt,
54837755008992849,1670178404915344478,3386664800761312538,1,0,simplekt,
54837755008992849,7833878701958044242,4403133428956178902,1,0,simplekt,
54837755008992849,812024318707122876,3386664800761312538,1,0,simplekt,
54837755008992849,9174965584928153893,7137985937186816118,1,0,simplekt,
54837755008992849,9174965584928153893,7802467190713408940,1,0,simplekt,
54837755008992849,6768306317475306423,3386664800761312538,1,0,simplekt,
54837755008992849,178867487518601692,3386664800761312538,1,0,simplekt,
54837755008992849,3714152195229220066,3386664800761312538,1,0,simplekt,
54837755008992849,4473188289688047952,5650984555329707291,1,0,simplekt,
54837755008992849,4516238194279913243,415890824355780464,1,0,simplekt,
54837755008992849,2358665395146586664,1593157193442899466,1,0,simplekt,
54837755008992849,8799643614547191358,3386664800761312538,1,0,simplekt,
54837755008992849,9164053238332362826,5788113795541723564,1,0,simplekt,
54837755008992849,8912764608487605718,5788113795541723564,1,0,simplekt,
54837755008992849,3468005576009509760,2617896377082299948,1,0,simplekt,
54837755008992849,1577541359791657390,5788113795541723564,1,0,simplekt,
54837755008992849,8075407999089407318,5788113795541723564,1,0,simplekt,
54837755008992849,8139810198421857683,965465494080659646,1,0,simplekt,
54837755008992849,2416325915173703624,6949811205411410448,1,0,simplekt,
54837755008992849,429877715530329366,6949811205411410448,1,0,simplekt,
54837755008992849,3083407790609889628,6949811205411410448,1,0,simplekt,
54837755008992849,2048350501064311081,4388525608718222014,0,0,simplekt,
55657490552908145,4389874806525329152,17368298824386454,1,0,simplekt,
55657490552908145,8048688556918675420,4963196153483966673,1,0,simplekt,
55657490552908145,8742042833452882078,1035367362361933335,1,0,simplekt,
55657490552908145,8742042833452882078,17368298824386454,1,0,simplekt,
55657490552908145,1440354453570655004,1061301253559417093,1,0,simplekt,
55657490552908145,6612232247280708430,2042035842694401475,1,0,simplekt,
55657490552908145,1609137421269019972,8952147277934020296,1,0,simplekt,
55657490552908145,3386664800761312538,1061301253559417093,1,0,simplekt,
55657490552908145,5626355055055545431,6822117125000922910,1,0,simplekt,
55657490552908145,8864809465971284028,2042035842694401475,1,0,simplekt,
55657490552908145,1435457786617934169,8637767708838786270,1,0,simplekt,
55657490552908145,2617896377082299948,265024722754351077,1,0,simplekt,
55657490552908145,7312291969267315939,1528367322763859649,1,0,simplekt,
55657490552908145,7433909518649792585,8637767708838786270,1,0,simplekt,
55657490552908145,1620228599548467016,4971898752437058564,1,0,simplekt,
55657490552908145,440811783466147539,3695961057996457232,1,0,simplekt,
55657490552908145,5828402920911886260,3018317019676942629,1,0,simplekt,
55657490552908145,510896058349401385,306023099386028284,1,0,simplekt,
55657490552908145,510896058349401385,6664130503876327269,1,0,simplekt,
55657490552908145,4470090062515151827,6664130503876327269,1,0,simplekt,
55657490552908145,10766877478299942,8860457263355711329,1,0,simplekt,
55657490552908145,4640630302861370741,6664130503876327269,0,0,simplekt,
55657490552908145,5233639500475075064,3695277572730007841,1,0,simplekt,
55657490552908145,2187769834149257833,8019950075815571462,1,0,simplekt,
55657490552908145,9014151144553322810,6664130503876327269,1,0,simplekt,
55657490552908145,2725078147122156143,5282831772502765195,0,0,simplekt,
55657490552908145,3252826287101409243,287641116298515468,1,0,simplekt,
55657490552908145,8879857825588577091,578064138689923259,1,0,simplekt,
55657490552908145,6367134154746722904,4644364625800006675,1,0,simplekt,
55657490552908145,3710412657629285952,6945730151184930199,1,0,simplekt,
55657490552908145,6017410436784829725,5581673844533041260,1,0,simplekt,
55657490552908145,1610673522589810592,8053098255007046142,1,0,simplekt,
55657490552908145,5087258887760735451,8053098255007046142,1,0,simplekt,
55657490552908145,7792862880998703489,8053098255007046142,0,0,simplekt,
55657490552908145,7792862880998703489,816286915455981984,0,0,simplekt,
55657490552908145,2349564142150083418,1418680419447008469,0,0,simplekt,
55657490552908145,1217036946970550577,5821369294207078714,1,0,simplekt,
55657490552908145,3775426114325106060,2630166442278202703,1,0,simplekt,
55657490552908145,8756464069594048274,5761106556343021166,1,0,simplekt,
55657490552908145,2410338549246672997,2630166442278202703,1,0,simplekt,
55657490552908145,8571634011969914262,5761106556343021166,1,0,simplekt,
55657490552908145,1791598460737769462,3220231712819306119,1,0,simplekt,
55657490552908145,2573860865530781591,1418680419447008469,1,0,simplekt,
55657490552908145,2976206287618384624,8053098255007046142,1,0,simplekt,
55657490552908145,7328063393532045800,1418680419447008469,1,0,simplekt,
55657490552908145,1121364116392304820,3977603873829794107,1,0,simplekt,
55657490552908145,1348436666187397446,3220231712819306119,1,0,simplekt,
55657490552908145,5416755428331252720,8903365289186067945,1,0,simplekt,
55657490552908145,5747513179381335677,3252826287101409243,1,0,simplekt,
55657490552908145,5747513179381335677,5140154928761940633,1,0,simplekt,
55657490552908145,5747513179381335677,9032608968603454747,1,0,simplekt,
55657490552908145,8191757290346900152,4981016869870220101,1,0,simplekt,
55657490552908145,8365467004560080465,8903365289186067945,1,0,simplekt,
55657490552908145,4505643652580096432,8903365289186067945,1,0,simplekt,
55657490552908145,5102161112014440215,3220231712819306119,1,0,simplekt,
55657490552908145,8600282194503590507,7163156933085560357,0,0,simplekt,
55657490552908145,6237167959125509069,3220231712819306119,1,0,simplekt,
55657490552908145,2008979487187357059,1856930371502693412,0,0,simplekt,
55657490552908145,5145288580828250182,1856930371502693412,1,0,simplekt,
55657490552908145,8161041551138141528,1856930371502693412,1,0,simplekt,
55657490552908145,974579592739310433,4076081174105320470,1,0,simplekt,
55657490552908145,1970763509561486677,1742185772413642127,1,0,simplekt,
55657490552908145,2447677675701946489,1742185772413642127,1,0,simplekt,
55657490552908145,2447677675701946489,6038104030264466633,1,0,simplekt,
55657490552908145,2447677675701946489,6471369570750938294,1,0,simplekt,
55657490552908145,3130159145096335745,8525319303741530302,1,0,simplekt,
55657490552908145,3985748723434698409,8903365289186067945,1,0,simplekt,
55657490552908145,5763409154477319427,1061301253559417093,1,0,simplekt,
55657490552908145,5763409154477319427,1742185772413642127,1,0,simplekt,
55657490552908145,5763409154477319427,6038104030264466633,1,0,simplekt,
55657490552908145,6783119775255215119,5140154928761940633,1,0,simplekt,
55657490552908145,8151363343237770140,4981016869870220101,1,0,simplekt,
55657490552908145,8250346791324851575,3220231712819306119,1,0,simplekt,
55657490552908145,9025370212354552891,3977603873829794107,1,0,simplekt,
55657490552908145,3461647396539833282,1742185772413642127,1,0,simplekt,
55657490552908145,3461647396539833282,2042035842694401475,1,0,simplekt,
55657490552908145,5967060835588615669,4149796064085572270,1,0,simplekt,
55657490552908145,5967060835588615669,7744513373483970787,1,0,simplekt,
55657490552908145,8070800009731413099,1742185772413642127,1,0,simplekt,
55657490552908145,8409949212386128488,1742185772413642127,0,0,simplekt,
55657490552908145,9042292191831519698,1620228599548467016,1,0,simplekt,
55657490552908145,9042292191831519698,1061301253559417093,1,0,simplekt,
55657490552908145,6407015680432941783,5797334606267118412,1,0,simplekt,
55657490552908145,3967620001782735161,1742185772413642127,1,0,simplekt,
55657490552908145,8436323252651571143,1742185772413642127,1,0,simplekt,
55657490552908145,6417620605101166778,5797334606267118412,1,0,simplekt,
55657490552908145,6798405681300303548,1726769798644809705,1,0,simplekt,
55657490552908145,3198168164965099291,3101224498948786626,0,0,simplekt,
55657490552908145,3553719056300620847,3101224498948786626,1,0,simplekt,
55657490552908145,3553719056300620847,3178544432443442935,1,0,simplekt,
55657490552908145,3906961233241961714,3638162062903617806,1,0,simplekt,
55657490552908145,4118775619619374053,8950070277425661346,1,0,simplekt,
55657490552908145,4276222380850084481,8253624017608095921,1,0,simplekt,
55657490552908145,4776267685198164865,8253624017608095921,1,0,simplekt,
55657490552908145,4776267685198164865,3178544432443442935,1,0,simplekt,
55657490552908145,5317755115967641946,5816909911210222449,1,0,simplekt,
55657490552908145,7485482174662094794,8208743102655574034,1,0,simplekt,
55657490552908145,7485482174662094794,3178544432443442935,1,0,simplekt,
55657490552908145,500918486176261774,594484301261397148,1,0,simplekt,
55657490552908145,338468630502545949,1747455970233689502,1,0,simplekt,
55657490552908145,338468630502545949,594484301261397148,1,0,simplekt,
55657490552908145,659871801817934080,8253624017608095921,1,0,simplekt,
55657490552908145,950552466379668925,594484301261397148,1,0,simplekt,
55657490552908145,2025435204752405622,5797334606267118412,1,0,simplekt,
55657490552908145,3058251468302445698,594484301261397148,1,0,simplekt,
55657490552908145,4718227217771093794,936324378259014250,1,0,simplekt,
55657490552908145,4961403980968942144,7802467190713408940,1,0,simplekt,
55657490552908145,5969242857106562210,8253624017608095921,1,0,simplekt,
55657490552908145,7070231689204398336,3101224498948786626,1,0,simplekt,
55657490552908145,7417673514844918715,1747455970233689502,1,0,simplekt,
55657490552908145,8412574286969789961,6829111499768831843,1,0,simplekt,
55657490552908145,2277551084322778170,1942256407192639244,1,0,simplekt,
55657490552908145,2475393933162743133,6829111499768831843,1,0,simplekt,
55657490552908145,4722348699807249600,6829111499768831843,1,0,simplekt,
55657490552908145,4748717674513092604,7135928945169882299,1,0,simplekt,
55657490552908145,8253780278603646262,1942256407192639244,1,0,simplekt,
55657490552908145,8270895740557749645,6829111499768831843,1,0,simplekt,
55657490552908145,3746345278993456279,2290575971915771862,1,0,simplekt,
55657490552908145,479698173788854790,6829111499768831843,1,0,simplekt,
55657490552908145,3521847891710846645,3805691194056635315,0,0,simplekt,
55657490552908145,479698173788854790,6829111499768831843,1,0,simplekt,
55657490552908145,8685139025305292110,6829111499768831843,1,0,simplekt,
55657490552908145,4705117146192636764,5352506090629549300,1,0,simplekt,
55657490552908145,1121940775251872465,8575610639500092945,1,0,simplekt,
55657490552908145,727042050873976136,5536749322359707528,1,0,simplekt,
55657490552908145,1155914148622653541,5177537323723370804,1,0,simplekt,
55657490552908145,6307345462758042553,5521876661437488360,1,0,simplekt,
55657490552908145,7795138037346182807,5536749322359707528,1,0,simplekt,
55657490552908145,9083169879347368281,2823547883153135285,1,0,simplekt,
55657490552908145,1234936341499360615,278327630535823712,1,0,simplekt,
55657490552908145,3597529932525550978,278327630535823712,1,0,simplekt,
55657490552908145,3978453283785143135,8575610639500092945,1,0,simplekt,
55657490552908145,5012371714287083063,278327630535823712,1,0,simplekt,
55657490552908145,6021707241729149940,2823547883153135285,1,0,simplekt,
55657490552908145,9003313762168277839,2823547883153135285,1,0,simplekt,
55657490552908145,1963714100521058178,1942256407192639244,1,0,simplekt,
55657490552908145,2671810825525128272,6829111499768831843,1,0,simplekt,
55657490552908145,3755978031776274666,8575610639500092945,1,0,simplekt,
55657490552908145,4155893204952304007,181670187961925864,1,0,simplekt,
55657490552908145,4155893204952304007,6713151476356104896,1,0,simplekt,
55657490552908145,4820414699297091105,5536749322359707528,1,0,simplekt,
55657490552908145,4820414699297091105,855094277003771932,1,0,simplekt,
55657490552908145,5479424087929346325,6829111499768831843,1,0,simplekt,
55657490552908145,5569833460680655556,5536749322359707528,1,0,simplekt,
55657490552908145,7684407739465412567,6421511779947974192,1,0,simplekt,
55657490552908145,7961412215679195143,8575610639500092945,1,0,simplekt,
55657490552908145,3514896815851087255,8367424958112124046,1,0,simplekt,
55657490552908145,734369966340828072,8398942342651905271,1,0,simplekt,
55657490552908145,2114587905704817583,8367424958112124046,1,0,simplekt,
55657490552908145,4448951766033134818,775355032693172961,1,0,simplekt,
55657490552908145,4898300951238038706,8398942342651905271,1,0,simplekt,
55657490552908145,5799546763837173307,8398942342651905271,1,0,simplekt,
55657490552908145,8433182589722869111,8398942342651905271,1,0,simplekt,
55657490552908145,8616209655723878087,775355032693172961,1,0,simplekt,
55657490552908145,8871299454202689435,8398942342651905271,1,0,simplekt,
55657490552908145,7271679498218995541,7564569009553397433,1,0,simplekt,
55657490552908145,2006404817126484696,1979039847349885784,1,0,simplekt,
55657490552908145,3762131394832108634,8398942342651905271,1,0,simplekt,
55657490552908145,7466832767985130550,775355032693172961,1,0,simplekt,
55657490552908145,2441662470849422916,7564569009553397433,0,0,simplekt,
55657490552908145,2469340557992249027,7564569009553397433,1,0,simplekt,
55657490552908145,2785447429174237325,7564569009553397433,1,0,simplekt,
55657490552908145,3171289053166810042,7704923554445842936,1,0,simplekt,
55657490552908145,3301406490669576711,7564569009553397433,1,0,simplekt,
55657490552908145,6019913041939109516,7564569009553397433,1,0,simplekt,
55657490552908145,7081824432103858156,7564569009553397433,1,0,simplekt,
55657490552908145,8754561624950224375,9077326449528405556,1,0,simplekt,
55657490552908145,8754561624950224375,7564569009553397433,1,0,simplekt,
55657490552908145,7774449722279171250,4607388048970825422,1,0,simplekt,
55657490552908145,4076081174105320470,7564569009553397433,1,0,simplekt,
55657490552908145,4076081174105320470,7564569009553397433,1,0,simplekt,
55657490552908145,5352506090629549300,7564569009553397433,1,0,simplekt,
55657490552908145,8950070277425661346,7564569009553397433,1,0,simplekt,
55657490552908145,6713151476356104896,227262282044896366,1,0,simplekt,
55657490552908145,137581808822212416,7693950217059964086,1,0,simplekt,
55657490552908145,144146642522402257,4607388048970825422,1,0,simplekt,
55657490552908145,2485515930093603316,7693950217059964086,1,0,simplekt,
55657490552908145,5640743979928098033,7693950217059964086,1,0,simplekt,
55657490552908145,6619855574343390639,7693950217059964086,1,0,simplekt,
55657490552908145,6856589186755316835,7693950217059964086,1,0,simplekt,
55657490552908145,7551616959233060689,7693950217059964086,1,0,simplekt,
55657490552908145,346951732021415313,2953135825275070056,1,0,simplekt,
55657490552908145,445617078388718884,7693950217059964086,1,0,simplekt,
55657490552908145,1253653909672895259,8367424958112124046,1,0,simplekt,
55657490552908145,1382378631789704410,2500372166686333823,1,0,simplekt,
55657490552908145,2622732466775057154,7564569009553397433,1,0,simplekt,
55657490552908145,4392835183990497168,7564569009553397433,1,0,simplekt,
55657490552908145,4507958816287700990,8398942342651905271,1,0,simplekt,
55657490552908145,7662007089034386212,7564569009553397433,1,0,simplekt,
55657490552908145,7956200620773859084,2500372166686333823,1,0,simplekt,
55657490552908145,9127465401292985040,7066177705708566569,1,0,simplekt,
55657490552908145,7693950217059964086,2500372166686333823,1,0,simplekt,
55657490552908145,7693950217059964086,2500372166686333823,1,0,simplekt,
55657490552908145,7704923554445842936,8021260812906271597,1,0,simplekt,
55657490552908145,9077326449528405556,2500372166686333823,0,0,simplekt,
55657490552908145,4142226920023435752,1319354917418119610,1,0,simplekt,
55657490552908145,4142226920023435752,5639769407267706829,1,0,simplekt,
55657490552908145,6049525379304305018,2419480025146918610,1,0,simplekt,
55657490552908145,6049525379304305018,2240774251905964566,1,0,simplekt,
55657490552908145,569830041088173974,2240774251905964566,1,0,simplekt,
55657490552908145,569830041088173974,2419480025146918610,1,0,simplekt,
55657490552908145,1417928848315541587,5639769407267706829,1,0,simplekt,
55657490552908145,1417928848315541587,3207676601913229057,1,0,simplekt,
55657490552908145,1895906907816444560,6166840127928669213,1,0,simplekt,
55657490552908145,8014713635412539029,2160797765405831572,1,0,simplekt,
55657490552908145,8014713635412539029,6099673787824828708,1,0,simplekt,
55657490552908145,8199904869688839271,5639769407267706829,1,0,simplekt,
55657490552908145,6136197739877716460,6166840127928669213,0,0,simplekt,
55657490552908145,6827114036858291371,1319354917418119610,1,0,simplekt,
55657490552908145,8409094004193965575,627168865907866627,1,0,simplekt,
55657490552908145,677718427031623301,1639416985777663729,1,0,simplekt,
55657490552908145,7409015190894677172,4486687310278624666,1,0,simplekt,
55657490552908145,6994544439163477228,1639416985777663729,1,0,simplekt,
55657490552908145,5212433577847969047,4054327785515237713,1,0,simplekt,
55657490552908145,6108091120767529240,1639416985777663729,1,0,simplekt,
55657490552908145,9123241646170176005,5218341511830803388,1,0,simplekt,
55657490552908145,4834004108086331863,8628686323660025649,0,0,simplekt,
55657490552908145,5226329595444562138,950578831566646851,1,0,simplekt,
55657490552908145,8144376941144135881,2083452711903133430,1,0,simplekt,
55657490552908145,2630505475243948786,8804835143599550923,1,0,simplekt,
55657490552908145,8931749632723040425,6847502242749017216,1,0,simplekt,
55657490552908145,8172358337501826233,5218341511830803388,1,0,simplekt,
55657490552908145,5677422322508975122,2412386674616941727,1,0,simplekt,
55657490552908145,1831749923487290624,2240774251905964566,1,0,simplekt,
55657490552908145,3609734615175578277,2240774251905964566,1,0,simplekt,
55657490552908145,4388525608718222014,2240774251905964566,1,0,simplekt,
55657490552908145,4388525608718222014,1638799697749911200,1,0,simplekt,
55657490552908145,1579356570770091526,2412386674616941727,1,0,simplekt,
55657490552908145,6375791786820371727,4330535035378193740,1,0,simplekt,
55657490552908145,6579167398366559077,4526863928383273751,0,0,simplekt,
55657490552908145,4403133428956178902,2412386674616941727,0,0,simplekt,
55657490552908145,5319011735380609624,4474026859818477437,1,0,simplekt,
55657490552908145,5407828324398549496,2412386674616941727,1,0,simplekt,
55657490552908145,2229157640543804668,4526863928383273751,1,0,simplekt,
55657490552908145,2419480025146918610,4526863928383273751,1,0,simplekt,
55657490552908145,2632747775718463298,4526863928383273751,1,0,simplekt,
55657490552908145,4417909438330291766,6256368340148503862,1,0,simplekt,
55657490552908145,2045471913834718328,8257095676522850515,1,0,simplekt,
55657490552908145,3316370036826265180,6777721936409208091,1,0,simplekt,
55657490552908145,2530462478681717021,6777721936409208091,1,0,simplekt,
55657490552908145,2530462478681717021,1349015927524233791,1,0,simplekt,
55657490552908145,2680402074871361480,8257095676522850515,1,0,simplekt,
55657490552908145,868259508469978120,2527237414009188471,1,0,simplekt,
55657490552908145,4340198400009068807,8412574286969789961,1,0,simplekt,
55657490552908145,4983201600057156287,8257095676522850515,1,0,simplekt,
55657490552908145,617692350657418114,4355865024520386185,0,0,simplekt,
55657490552908145,1374602632651399802,8257095676522850515,1,0,simplekt,
55657490552908145,2457868973054174420,8257095676522850515,1,0,simplekt,
55657490552908145,2568707154491466498,2527237414009188471,1,0,simplekt,
55657490552908145,6080454475429592540,8903365289186067945,1,0,simplekt,
55657490552908145,384764315619426508,2490719368767642283,1,0,simplekt,
55657490552908145,2858423625938753048,8965242899239828151,1,0,simplekt,
55657490552908145,2858423625938753048,4355865024520386185,1,0,simplekt,
55657490552908145,6750855715036353207,3823348261283868936,1,0,simplekt,
55657490552908145,4544446885381517462,5940889310070452911,1,0,simplekt,
55657490552908145,4913550775100811139,8903365289186067945,1,0,simplekt,
55657490552908145,1220881730833231956,8903365289186067945,1,0,simplekt,
55657490552908145,1220881730833231956,7137985937186816118,1,0,simplekt,
55657490552908145,2448338220252688255,5212433577847969047,1,0,simplekt,
55657490552908145,2448338220252688255,5940889310070452911,1,0,simplekt,
55657490552908145,5307649011897770274,8903365289186067945,1,0,simplekt,
55657490552908145,5307649011897770274,7137985937186816118,1,0,simplekt,
55657490552908145,6648092291010264202,1035367362361933335,1,0,simplekt,
55657490552908145,900070306081223816,8952147277934020296,1,0,simplekt,
55657490552908145,3234057363147393949,5940889310070452911,1,0,simplekt,
55657490552908145,4671761241928607738,6994544439163477228,1,0,simplekt,
55657490552908145,5940685374315347037,8903365289186067945,1,0,simplekt,
55657490552908145,6272395854004115794,8553379303363759508,1,0,simplekt,
55657490552908145,6452140347453806875,6307345462758042553,1,0,simplekt,
55657490552908145,6452140347453806875,8194071366621068887,1,0,simplekt,
55657490552908145,7029119663948825750,4355865024520386185,1,0,simplekt,
55657490552908145,7226352855003316081,4355865024520386185,1,0,simplekt,
55657490552908145,7226352855003316081,1722290814234752206,1,0,simplekt,
55657490552908145,7511454868937827199,1155914148622653541,1,0,simplekt,
55657490552908145,8106005338579207522,1469839694390370469,1,0,simplekt,
55657490552908145,395158972813196562,8952147277934020296,1,0,simplekt,
55657490552908145,499415909107993545,8553379303363759508,1,0,simplekt,
55657490552908145,745937543239567782,4963196153483966673,1,0,simplekt,
55657490552908145,745937543239567782,8952147277934020296,1,0,simplekt,
55657490552908145,1277583981950536507,8952147277934020296,1,0,simplekt,
55657490552908145,1376334605523658368,2042035842694401475,1,0,simplekt,
55657490552908145,2543340345364427399,8952147277934020296,1,0,simplekt,
55657490552908145,3047874906070459594,1035367362361933335,1,0,simplekt,
55657490552908145,3047874906070459594,8952147277934020296,1,0,simplekt,
55657490552908145,5718265418398880457,8952147277934020296,1,0,simplekt,
55657490552908145,6798630857835092045,7444476343858270082,1,0,simplekt,
55657490552908145,7061488257467477665,8952147277934020296,1,0,simplekt,
55657490552908145,6280585725948257772,5797334606267118412,1,0,simplekt,
55657490552908145,349001610909101374,2014268979504181100,1,0,simplekt,
55657490552908145,4173298925885015858,3971525123056884045,1,0,simplekt,
55657490552908145,4654460341639747107,5797334606267118412,1,0,simplekt,
55657490552908145,6954638006308017606,1073629390141817738,1,0,simplekt,
55657490552908145,1148059239911857311,1222407798012817380,1,0,simplekt,
55657490552908145,7248903972195788289,461444768761955221,1,0,simplekt,
55657490552908145,7248903972195788289,816286915455981984,1,0,simplekt,
55657490552908145,513886456210776932,5483772617844162674,1,0,simplekt,
55657490552908145,7353831867200563003,3973362612645892720,1,0,simplekt,
55657490552908145,7721624648022640439,2014268979504181100,1,0,simplekt,
55657490552908145,8686738128182072880,1651060061902010516,1,0,simplekt,
55657490552908145,1809111747278392846,1742185772413642127,1,0,simplekt,
55657490552908145,7237352591206535303,4147399948521361923,1,0,simplekt,
55657490552908145,287641116298515468,8396066965787714901,1,0,simplekt,
55657490552908145,8230232076200163170,1742185772413642127,1,0,simplekt,
55657490552908145,8246862687487187606,5483772617844162674,1,0,simplekt,
55657490552908145,8915707948909039697,5483772617844162674,1,0,simplekt,
55657490552908145,3334090021633896578,5920690581544263358,0,0,simplekt,
55657490552908145,4274389242044578442,8396066965787714901,1,0,simplekt,
55657490552908145,7037749385366015499,5841359775533910823,1,0,simplekt,
55657490552908145,7037749385366015499,4217300911507384862,1,0,simplekt,
55657490552908145,4648842905384256234,325754291254371692,1,0,simplekt,
55657490552908145,4648842905384256234,5841359775533910823,1,0,simplekt,
55657490552908145,7836239570515567423,456878871009050454,1,0,simplekt,
55657490552908145,1286827730621926626,9023137825787198513,1,0,simplekt,
55657490552908145,5563821932250230450,4217300911507384862,1,0,simplekt,
55657490552908145,8392500195579636452,325754291254371692,1,0,simplekt,
55657490552908145,8392500195579636452,456878871009050454,1,0,simplekt,
58415261523202307,5988533127921551545,8575610639500092945,0,0,simplekt,
58415261523202307,4225037885605574282,2823547883153135285,0,0,simplekt,
58415261523202307,8390742827975798756,278327630535823712,0,0,simplekt,
58415261523202307,9083169879347368281,2823547883153135285,0,0,simplekt,
58415261523202307,456201165583065314,8053098255007046142,1,0,simplekt,
58415261523202307,456201165583065314,816286915455981984,1,0,simplekt,
58415261523202307,5076711851557331280,4355865024520386185,0,0,simplekt,
58415261523202307,4740103872201590580,4355865024520386185,0,0,simplekt,
58415261523202307,7626540409321886057,5145288580828250182,0,0,simplekt,
58415261523202307,1295082876339043963,1438833197930244504,1,0,simplekt,
58415261523202307,5848524066885949078,3967320573372768823,1,0,simplekt,
58415261523202307,4548665583557204049,1438833197930244504,0,0,simplekt,
58415261523202307,7627610236830844867,5218341511830803388,1,0,simplekt,
58415261523202307,4541799054720303981,5405953385245894923,0,0,simplekt,
58415261523202307,8380340053045427281,8628686323660025649,1,0,simplekt,
58415261523202307,3224161386846697895,2083452711903133430,1,0,simplekt,
58415261523202307,5271236353927310897,8931749632723040425,1,0,simplekt,
58415261523202307,716374260101484272,8257095676522850515,1,0,simplekt,
58415261523202307,1161307869156182420,8931749632723040425,1,0,simplekt,
58415261523202307,8456050009423787366,8931749632723040425,0,0,simplekt,
58415261523202307,2679106417376112424,8931749632723040425,0,0,simplekt,
58415261523202307,3400093688043586684,8931749632723040425,0,0,simplekt,
58415261523202307,1962751598315765836,2014268979504181100,1,0,simplekt,
58415261523202307,2172169907340938753,2172169907340938753,1,0,simplekt,
58415261523202307,7444476343858270082,816286915455981984,1,0,simplekt,
58415261523202307,300471914551172981,300471914551172981,1,0,simplekt,
58415261523202307,2014268979504181100,2172169907340938753,1,0,simplekt,
58415261523202307,3131916317766906009,8573800373938698102,1,0,simplekt,
58415261523202307,3131916317766906009,2014268979504181100,1,0,simplekt,
58415261523202307,4149796064085572270,729626843922042442,1,0,simplekt,
58415261523202307,6083294615251416669,5242538614369776679,1,0,simplekt,
58415261523202307,6416767787933835412,2172169907340938753,0,0,simplekt,
58415261523202307,8434961942249729798,6440511557387709110,1,0,simplekt,
58415261523202307,2322042198017538996,7444476343858270082,1,0,simplekt,
58415261523202307,3141312023498899335,8952147277934020296,1,0,simplekt,
58415261523202307,5650984555329707291,7591109345808921544,1,0,simplekt,
58415261523202307,8459983029464640909,8621262567927479011,1,0,simplekt,
58415261523202307,7661928444199481279,1742185772413642127,1,0,simplekt,
58415261523202307,1893642978819296611,1742185772413642127,0,0,simplekt,
58415261523202307,1893642978819296611,6038104030264466633,0,0,simplekt,
58415261523202307,4852582249628029532,1742185772413642127,1,0,simplekt,
58415261523202307,4852582249628029532,6038104030264466633,1,0,simplekt,
58415261523202307,6114752224266661054,4226496546052577021,1,0,simplekt,
58415261523202307,424015410816537326,8634487759291684026,1,0,simplekt,
58415261523202307,1016142288566196060,1742185772413642127,1,0,simplekt,
58415261523202307,2993936742249523454,1962751598315765836,1,0,simplekt,
58415261523202307,2993936742249523454,7744513373483970787,1,0,simplekt,
58415261523202307,3302803649833349649,8434961942249729798,1,0,simplekt,
58415261523202307,3302803649833349649,7137985937186816118,1,0,simplekt,
58415261523202307,6125574002232610732,2971078979906996375,1,0,simplekt,
58415261523202307,6967923290888747683,8321253551459904622,1,0,simplekt,
58415261523202307,8208976019636118941,4226496546052577021,1,0,simplekt,
58415261523202307,8603028673235519515,7744513373483970787,1,0,simplekt,
58415261523202307,6495896099409346226,632037903995597748,1,0,simplekt,
58415261523202307,792014443860280347,3977603873829794107,1,0,simplekt,
58415261523202307,801270971078708491,3977603873829794107,1,0,simplekt,
58415261523202307,858227644923335394,2465108237656815421,1,0,simplekt,
58415261523202307,3573956769188843511,2465108237656815421,1,0,simplekt,
58415261523202307,4560503297887269910,8525319303741530302,1,0,simplekt,
58415261523202307,6869988384760880092,8525319303741530302,1,0,simplekt,
58415261523202307,1513602965430340754,1553079256999111676,1,0,simplekt,
58415261523202307,5598942769103361235,1553079256999111676,1,0,simplekt,
58415261523202307,4371988310000123679,2087380862434172594,1,0,simplekt,
58415261523202307,7920410789190910868,1553079256999111676,1,0,simplekt,
58415261523202307,6012311905925706077,7137985937186816118,1,0,simplekt,
58415261523202307,585394738633421119,8450591260754163598,1,0,simplekt,
58415261523202307,7387337585027059198,8450591260754163598,1,0,simplekt,
58415261523202307,7671597730260579234,6587421150596252277,1,0,simplekt,
58415261523202307,697534556689938106,338807275221326836,1,0,simplekt,
58415261523202307,1540767828260108756,87170764907391800,1,0,simplekt,
58415261523202307,2963426940754857525,8450591260754163598,1,0,simplekt,
58415261523202307,4644376180860816503,6587421150596252277,1,0,simplekt,
58415261523202307,4848810560966667410,1553079256999111676,1,0,simplekt,
58415261523202307,5327614994122619530,8450591260754163598,1,0,simplekt,
58415261523202307,6424027935577728745,8450591260754163598,1,0,simplekt,
58415261523202307,8940427232721233266,6564295807963761446,1,0,simplekt,
58415261523202307,3695277572730007841,5791250638486922978,1,0,simplekt,
58415261523202307,1653110472703699635,1644854180222226950,1,0,simplekt,
58415261523202307,5190884345733171034,3994887349717137666,1,0,simplekt,
58415261523202307,1323516988765165119,3994887349717137666,1,0,simplekt,
58415261523202307,4040262048452548404,3994887349717137666,1,0,simplekt,
58415261523202307,7328839489776115855,5791250638486922978,1,0,simplekt,
58415261523202307,7554331982967201627,1644854180222226950,1,0,simplekt,
58415261523202307,7773058514947876419,5791250638486922978,1,0,simplekt,
58415261523202307,8418124906833087392,3994887349717137666,1,0,simplekt,
58415261523202307,8799614209280288160,1644854180222226950,1,0,simplekt,
58415261523202307,8344458761754091093,6949811205411410448,1,0,simplekt,
58415261523202307,4539072446738603069,965465494080659646,1,0,simplekt,
58415261523202307,4837435113414834930,6949811205411410448,1,0,simplekt,
58415261523202307,8392765289363313686,6949811205411410448,1,0,simplekt,
58415261523202307,1042998184812744181,3609734615175578277,1,0,simplekt,
58415261523202307,3670581801884283701,965465494080659646,1,0,simplekt,
58415261523202307,4115205999677734093,6949811205411410448,1,0,simplekt,
58415261523202307,4575635761425399985,6949811205411410448,1,0,simplekt,
58415261523202307,5717858896656425822,965465494080659646,0,0,simplekt,
58415261523202307,5981911764378020122,6949811205411410448,1,0,simplekt,
58415261523202307,6335654691543306314,965465494080659646,1,0,simplekt,
58415261523202307,8867726318402085408,3609734615175578277,1,0,simplekt,
58415261523202307,4423039597403875537,8218796673634111208,1,0,simplekt,
58415261523202307,3152736657375411130,5614001701401503216,1,0,simplekt,
58415261523202307,6354454527181646401,6949811205411410448,1,0,simplekt,
58415261523202307,7418275742384071710,965465494080659646,1,0,simplekt,
58415261523202307,175681564680301956,4388525608718222014,1,0,simplekt,
58415261523202307,1106936629275032310,4932081828363820241,1,0,simplekt,
58415261523202307,3096364069369283250,4932081828363820241,1,0,simplekt,
58415261523202307,5487109048593846782,5614001701401503216,1,0,simplekt,
58415261523202307,5883922511805770529,5614001701401503216,1,0,simplekt,
58415261523202307,7162733745553943657,4932081828363820241,1,0,simplekt,
58415261523202307,8113929203273328460,3609734615175578277,1,0,simplekt,
58415261523202307,6966552994259767588,6612232247280708430,1,0,simplekt,
58415261523202307,643887371950613900,7802467190713408940,1,0,simplekt,
58415261523202307,3422900282767970598,8253624017608095921,1,0,simplekt,
58415261523202307,446828436321590563,1609137421269019972,1,0,simplekt,
58415261523202307,1928014720895446951,936324378259014250,1,0,simplekt,
58415261523202307,2374098167015727599,3386664800761312538,1,0,simplekt,
58415261523202307,2392434596545820599,5797334606267118412,1,0,simplekt,
58415261523202307,3420105319332629506,1609137421269019972,1,0,simplekt,
58415261523202307,5333943978546729093,8208743102655574034,1,0,simplekt,
58415261523202307,7050278164724189726,7433909518649792585,1,0,simplekt,
58415261523202307,9007126295263388554,8208743102655574034,1,0,simplekt,
58415261523202307,6645325642315848804,2500372166686333823,1,0,simplekt,
58415261523202307,375184405263788692,2500372166686333823,1,0,simplekt,
58415261523202307,472283871238619973,2617896377082299948,1,0,simplekt,
58415261523202307,1406822627150775238,2953135825275070056,1,0,simplekt,
58415261523202307,3100876389124754186,7430095633397685637,1,0,simplekt,
58415261523202307,4796843345782257247,2500372166686333823,1,0,simplekt,
58415261523202307,6062079490922424350,2953135825275070056,1,0,simplekt,
58415261523202307,6581065178253190845,2500372166686333823,1,0,simplekt,
58415261523202307,6581065178253190845,2349564142150083418,1,0,simplekt,
58415261523202307,9169915148375877687,2500372166686333823,1,0,simplekt,
58415261523202307,6429818580404077843,1418680419447008469,1,0,simplekt,
58415261523202307,562537060495686795,1747455970233689502,1,0,simplekt,
58415261523202307,1419352601203887478,1418680419447008469,1,0,simplekt,
58415261523202307,2081896873364940242,7312291969267315939,1,0,simplekt,
58415261523202307,3031466401825614013,594484301261397148,1,0,simplekt,
58415261523202307,3131978205209652833,6579167398366559077,1,0,simplekt,
58415261523202307,6163925221900090324,1418680419447008469,1,0,simplekt,
58415261523202307,8619446814721516978,1521444483287362772,1,0,simplekt,
58415261523202307,7407000827326881049,8257095676522850515,0,0,simplekt,
58415261523202307,1572904873965516635,7381422041526990924,1,0,simplekt,
58415261523202307,4560719101685283745,1418680419447008469,1,0,simplekt,
58415261523202307,8398942342651905271,594484301261397148,1,0,simplekt,
58415261523202307,1058532273562558121,5319011735380609624,1,0,simplekt,
58415261523202307,4106842645018633134,5407828324398549496,0,0,simplekt,
58415261523202307,4832415779490912080,5319011735380609624,0,0,simplekt,
58415261523202307,5889958527538787198,6784529451143929904,1,0,simplekt,
58415261523202307,563387635494585984,7007912644773896868,1,0,simplekt,
58415261523202307,1314274021776008685,3101224498948786626,1,0,simplekt,
58415261523202307,2988828210501432024,3101224498948786626,1,0,simplekt,
58415261523202307,5274081565073897977,8257095676522850515,1,0,simplekt,
58415261523202307,5759081071866159056,3990069655864291204,1,0,simplekt,
58415261523202307,5759081071866159056,8257095676522850515,1,0,simplekt,
58415261523202307,6177021189552186433,5805011942002514206,1,0,simplekt,
58415261523202307,7048490769572329153,945565921951254878,1,0,simplekt,
58415261523202307,7048490769572329153,5805011942002514206,1,0,simplekt,
58415261523202307,7048490769572329153,7137985937186816118,1,0,simplekt,
58415261523202307,8559983997089526478,7007912644773896868,1,0,simplekt,
58415261523202307,6124094790161264582,6664130503876327269,1,0,simplekt,
58415261523202307,3190171786711652143,5319011735380609624,0,0,simplekt,
58415261523202307,7898884241751923693,5407828324398549496,1,0,simplekt,
58415261523202307,8870693240588360722,5805011942002514206,1,0,simplekt,
58415261523202307,1846178505561760349,7137985937186816118,1,0,simplekt,
58415261523202307,4709042332049920980,5177537323723370804,0,0,simplekt,
58415261523202307,6617986845316146041,5536749322359707528,1,0,simplekt,
58415261523202307,4633264413654677930,775355032693172961,0,0,simplekt,
58415261523202307,6385797883281227875,5233639500475075064,1,0,simplekt,
58415261523202307,8417591385603097288,775355032693172961,1,0,simplekt,
58415261523202307,7152865195137276211,7564569009553397433,1,0,simplekt,
58415261523202307,1976419601725089173,4560719101685283745,1,0,simplekt,
58415261523202307,10221395508010331,7137985937186816118,0,0,simplekt,
58415261523202307,4971898752437058564,7564569009553397433,1,0,simplekt,
58415261523202307,8860457263355711329,4560719101685283745,0,0,simplekt,
58415261523202307,287641116298515468,8396066965787714901,1,0,simplekt,
58415261523202307,4443450339418313609,7507664498454690336,1,0,simplekt,
58415261523202307,7735156687306479405,7507664498454690336,1,0,simplekt,
58415261523202307,578064138689923259,1461533708358448274,0,0,simplekt,
58415261523202307,5282831772502765195,1461533708358448274,1,0,simplekt,
58415261523202307,8093703363222220592,1461533708358448274,1,0,simplekt,
58415261523202307,3590579358937072411,456878871009050454,1,0,simplekt,
58415261523202307,3590579358937072411,7899206764410235437,1,0,simplekt,
58415261523202307,6639692790715898580,3100876389124754186,1,0,simplekt,
58415261523202307,8996174276804908917,456878871009050454,1,0,simplekt,
58415261523202307,8246862687487187606,5483772617844162674,1,0,simplekt,
58415261523202307,6985481760789785284,6456304688997881806,1,0,simplekt,
58415261523202307,6985481760789785284,7594706423364338125,1,0,simplekt,
58415261523202307,5821369294207078714,3100876389124754186,1,0,simplekt,
58415261523202307,5821369294207078714,4796843345782257247,1,0,simplekt,
58415261523202307,7163156933085560357,6124094790161264582,1,0,simplekt,
58415261523202307,4393814051537803728,456878871009050454,1,0,simplekt,
58415261523202307,6038104030264466633,4023090618520176218,1,0,simplekt,
58415261523202307,6038104030264466633,3100876389124754186,1,0,simplekt,
58415261523202307,6626645630498413180,1286827730621926626,1,0,simplekt,
58415261523202307,1239035252056260249,765686451306091390,0,0,simplekt,
58415261523202307,3173554826801793204,8979553209795854558,1,0,simplekt,
58415261523202307,7802467190713408940,8979553209795854558,0,0,simplekt,
58415261523202307,3115772411789773636,5487204154853305298,1,0,simplekt,
58415261523202307,3667977550470581660,5623297772212155274,1,0,simplekt,
58415261523202307,3667977550470581660,765686451306091390,1,0,simplekt,
58415261523202307,4846054573388974528,8979553209795854558,1,0,simplekt,
58415261523202307,5882320177179009936,5623297772212155274,1,0,simplekt,
58415261523202307,6060110705634654093,9014151144553322810,1,0,simplekt,
58415261523202307,7197350223734683130,765686451306091390,1,0,simplekt,
58415261523202307,2733687429967242905,456878871009050454,1,0,simplekt,
58415261523202307,5096421875824856562,5623297772212155274,1,0,simplekt,
58415261523202307,3101224498948786626,7877160466076973101,0,0,simplekt,
58415261523202307,157554714815648895,5761106556343021166,1,0,simplekt,
58415261523202307,2410338549246672997,2630166442278202703,0,0,simplekt,
58415261523202307,6829111499768831843,5761106556343021166,0,0,simplekt,
58415261523202307,3775426114325106060,2630166442278202703,1,0,simplekt,
58415261523202307,2581665156666352583,7877160466076973101,1,0,simplekt,
58415261523202307,3854862117732615294,2630166442278202703,1,0,simplekt,
58415261523202307,3973362612645892720,7877160466076973101,1,0,simplekt,
58415261523202307,4147399948521361923,7877160466076973101,1,0,simplekt,
58415261523202307,7234180652301407876,7877160466076973101,1,0,simplekt,
58415261523202307,7564423353198322088,7877160466076973101,1,0,simplekt,
58415261523202307,9023137825787198513,7877160466076973101,1,0,simplekt,
58415261523202307,4723272024150471783,2630166442278202703,1,0,simplekt,
58415261523202307,8103067949909131856,7877160466076973101,1,0,simplekt,
58415261523202307,8103067949909131856,2630166442278202703,1,0,simplekt,
58415261523202307,5275921526001566137,8946122040834336764,1,0,simplekt,
58415261523202307,8804835143599550923,8946122040834336764,0,0,simplekt,
58415261523202307,2823547883153135285,358466476080118370,1,0,simplekt,
58415261523202307,2710190681972600929,3993295421765698769,1,0,simplekt,
58415261523202307,8800188575488879802,4403133428956178902,1,0,simplekt,
58415261523202307,8800188575488879802,8946122040834336764,1,0,simplekt,
58415261523202307,8800188575488879802,5677422322508975122,1,0,simplekt,
58415261523202307,8800188575488879802,3356952560767624663,1,0,simplekt,
58415261523202307,8800188575488879802,339533063856671049,1,0,simplekt,
58415261523202307,8800188575488879802,2229157640543804668,1,0,simplekt,
58415261523202307,8928614533547636880,4403133428956178902,1,0,simplekt,
58415261523202307,8928614533547636880,8946122040834336764,1,0,simplekt,
58415261523202307,8928614533547636880,5677422322508975122,1,0,simplekt,
58415261523202307,8928614533547636880,3356952560767624663,1,0,simplekt,
58415261523202307,8928614533547636880,339533063856671049,1,0,simplekt,
58415261523202307,8928614533547636880,2229157640543804668,1,0,simplekt,
58415261523202307,1313222365344692898,7071646029904496111,1,0,simplekt,
58415261523202307,3271224084009621033,7071646029904496111,1,0,simplekt,
58415261523202307,4458187724004341265,6994544439163477228,1,0,simplekt,
58415261523202307,1292129071873690738,5487204154853305298,0,0,simplekt,
58415261523202307,5215432518055670326,1851522427084812771,0,0,simplekt,
58415261523202307,8253624017608095921,765686451306091390,0,0,simplekt,
58415261523202307,6293355376372615766,6456304688997881806,1,0,simplekt,
58415261523202307,4654090348491357037,6617986845316146041,0,0,simplekt,
58415261523202307,4800291106010076955,2725736025011687568,1,0,simplekt,
58415261523202307,792446419317429246,1470645355478017954,0,0,simplekt,
58415261523202307,4663400139792872005,7152865195137276211,0,0,simplekt,
58415261523202307,4981016869870220101,7152865195137276211,0,0,simplekt,
58415261523202307,879162573073742125,5623297772212155274,1,0,simplekt,
58415261523202307,2658862933405537015,765686451306091390,1,0,simplekt,
58415261523202307,4636519258198856077,7152865195137276211,1,0,simplekt,
58415261523202307,139063115871136717,2054562585630021026,1,0,simplekt,
58415261523202307,1438833197930244504,2054562585630021026,1,0,simplekt,
58415261523202307,2014281586758531738,2054562585630021026,1,0,simplekt,
58415261523202307,5805011942002514206,2054562585630021026,1,0,simplekt,
58415261523202307,8253854356099411745,2054562585630021026,0,0,simplekt,
58415261523202307,729626843922042442,1525757407988365380,1,0,simplekt,
58415261523202307,2067243084403818540,3990069655864291204,0,0,simplekt,
58415261523202307,1099934714624852846,2391793836146482177,0,0,simplekt,
58415261523202307,1573042079802951277,2391793836146482177,1,0,simplekt,
58415261523202307,8218796673634111208,2391793836146482177,1,0,simplekt,
58415261523202307,5406013425408202846,2045471913834718328,1,0,simplekt,
58415261523202307,505865172951155006,2045471913834718328,1,0,simplekt,
58415261523202307,1354873908054826243,5791250638486922978,1,0,simplekt,
58415261523202307,8081485783146224480,5791250638486922978,1,0,simplekt,
58415261523202307,4932081828363820241,4526863928383273751,1,0,simplekt,
58415261523202307,4705015170632774223,4526863928383273751,1,0,simplekt,
58415261523202307,5513181879854314999,9137995536786253035,1,0,simplekt,
58415261523202307,6285214486093077621,4526863928383273751,1,0,simplekt,
58415261523202307,1545238119420402908,7953456205119577377,1,0,simplekt,
58415261523202307,8171118296369946192,2746278925206043647,1,0,simplekt,
58415261523202307,8960657180106525931,9137995536786253035,1,0,simplekt,
58415261523202307,8719633002197277020,7953456205119577377,1,0,simplekt,
67272382942673561,574497919089983469,8053098255007046142,1,0,simplekt,
67272382942673561,731305758014652823,8053098255007046142,1,0,simplekt,
67272382942673561,7159725855923208639,8053098255007046142,1,0,simplekt,
67272382942673561,5087258887760735451,8053098255007046142,1,0,simplekt,
67272382942673561,1277598461458419469,8053098255007046142,1,0,simplekt,
67272382942673561,2200132177902746863,8053098255007046142,1,0,simplekt,
67272382942673561,4369619279285999524,3005237573196022570,1,0,simplekt,
67272382942673561,4280621374216103585,8053098255007046142,1,0,simplekt,
67272382942673561,8206256480211232641,8053098255007046142,1,0,simplekt,
67272382942673561,9131149396521926973,8053098255007046142,1,0,simplekt,
67272382942673561,1263554317863680809,7381422041526990924,1,0,simplekt,
67272382942673561,3190684891594344508,1418680419447008469,1,0,simplekt,
67272382942673561,3896982418568604085,1418680419447008469,1,0,simplekt,
67272382942673561,157554714815648895,5761106556343021166,1,0,simplekt,
67272382942673561,2410338549246672997,2630166442278202703,1,0,simplekt,
67272382942673561,8571634011969914262,5761106556343021166,1,0,simplekt,
67272382942673561,4102926125084777394,7163156933085560357,1,0,simplekt,
67272382942673561,8327913062917030177,8903365289186067945,1,0,simplekt,
67272382942673561,9085979369763488755,7163156933085560357,1,0,simplekt,
67272382942673561,5102235175570114481,4824259625677886603,1,0,simplekt,
67272382942673561,5569729415330603499,4782463374426136040,1,0,simplekt,
67272382942673561,1440354453570655004,1061301253559417093,1,0,simplekt,
67272382942673561,5846989280111817919,6907244923739511590,1,0,simplekt,
67272382942673561,5846989280111817919,6237167959125509069,1,0,simplekt,
67272382942673561,5846989280111817919,73928280903912066,1,0,simplekt,
67272382942673561,6612232247280708430,2042035842694401475,1,0,simplekt,
67272382942673561,4505643652580096432,8903365289186067945,1,0,simplekt,
67272382942673561,5102161112014440215,3220231712819306119,1,0,simplekt,
67272382942673561,8600282194503590507,7163156933085560357,1,0,simplekt,
67272382942673561,2919308449405755174,3977603873829794107,0,0,simplekt,
67272382942673561,6907244923739511590,8525319303741530302,0,0,simplekt,
67272382942673561,8130046184368887376,6985481760789785284,0,0,simplekt,
67272382942673561,2008979487187357059,1856930371502693412,1,0,simplekt,
67272382942673561,5145288580828250182,1856930371502693412,1,0,simplekt,
67272382942673561,8161041551138141528,1856930371502693412,1,0,simplekt,
67272382942673561,660778374576920296,1742185772413642127,0,0,simplekt,
67272382942673561,660778374576920296,6038104030264466633,0,0,simplekt,
67272382942673561,7367733278036175273,1742185772413642127,1,0,simplekt,
67272382942673561,7367733278036175273,2042035842694401475,1,0,simplekt,
67272382942673561,1942256407192639244,1742185772413642127,1,0,simplekt,
67272382942673561,7671015736082524759,1742185772413642127,1,0,simplekt,
67272382942673561,5476204502823458136,5797334606267118412,1,0,simplekt,
67272382942673561,7135928945169882299,936324378259014250,1,0,simplekt,
67272382942673561,8024399540510336409,5797334606267118412,1,0,simplekt,
67272382942673561,3016227619091591973,727042050873976136,1,0,simplekt,
67272382942673561,920551530542836566,660778374576920296,0,0,simplekt,
67272382942673561,920551530542836566,8253624017608095921,0,0,simplekt,
67272382942673561,3964333643822971233,660778374576920296,0,0,simplekt,
67272382942673561,3964333643822971233,3101224498948786626,0,0,simplekt,
67272382942673561,3964333643822971233,8253624017608095921,0,0,simplekt,
67272382942673561,6918114429846552004,660778374576920296,1,0,simplekt,
67272382942673561,6918114429846552004,3101224498948786626,1,0,simplekt,
67272382942673561,6918114429846552004,8253624017608095921,1,0,simplekt,
67272382942673561,278327630535823712,936324378259014250,1,0,simplekt,
67272382942673561,775355032693172961,3173554826801793204,1,0,simplekt,
67272382942673561,775355032693172961,5797334606267118412,1,0,simplekt,
67272382942673561,775355032693172961,7802467190713408940,1,0,simplekt,
67272382942673561,1979039847349885784,3697828395580602045,1,0,simplekt,
67272382942673561,4684889813680661459,3101224498948786626,0,0,simplekt,
67272382942673561,4684889813680661459,8253624017608095921,0,0,simplekt,
67272382942673561,5486786043015757978,3971525123056884045,0,0,simplekt,
67272382942673561,5834974706991524463,3638162062903617806,0,0,simplekt,
67272382942673561,4180930233757914502,157554714815648895,1,0,simplekt,
67272382942673561,5144530752964405639,594484301261397148,0,0,simplekt,
67272382942673561,9030594617295178947,594484301261397148,0,0,simplekt,
67272382942673561,1977550450114807733,1073629390141817738,1,0,simplekt,
67272382942673561,2693181881020862458,3173554826801793204,1,0,simplekt,
67272382942673561,2693181881020862458,3101224498948786626,1,0,simplekt,
67272382942673561,2693181881020862458,5215432518055670326,1,0,simplekt,
67272382942673561,2693181881020862458,8253624017608095921,1,0,simplekt,
67272382942673561,9077075825606000923,3101224498948786626,1,0,simplekt,
67272382942673561,9077075825606000923,3971525123056884045,1,0,simplekt,
67272382942673561,6149932927129003193,594484301261397148,0,0,simplekt,
67272382942673561,7841868007873128322,8073309323246448334,1,0,simplekt,
67272382942673561,7841868007873128322,7774449722279171250,1,0,simplekt,
67272382942673561,9030594617295178947,594484301261397148,1,0,simplekt,
67272382942673561,338468630502545949,1747455970233689502,1,0,simplekt,
67272382942673561,338468630502545949,594484301261397148,1,0,simplekt,
67272382942673561,659871801817934080,8253624017608095921,1,0,simplekt,
67272382942673561,950552466379668925,594484301261397148,1,0,simplekt,
67272382942673561,2025435204752405622,5797334606267118412,1,0,simplekt,
67272382942673561,3058251468302445698,594484301261397148,1,0,simplekt,
67272382942673561,4718227217771093794,936324378259014250,1,0,simplekt,
67272382942673561,4961403980968942144,7802467190713408940,1,0,simplekt,
67272382942673561,5969242857106562210,8253624017608095921,1,0,simplekt,
67272382942673561,7070231689204398336,3101224498948786626,1,0,simplekt,
67272382942673561,7417673514844918715,1747455970233689502,1,0,simplekt,
67272382942673561,8412574286969789961,6829111499768831843,1,0,simplekt,
67272382942673561,9051329430415898052,6829111499768831843,0,0,simplekt,
67272382942673561,2053002886922888674,594484301261397148,1,0,simplekt,
67272382942673561,4180930233757914502,157554714815648895,1,0,simplekt,
67272382942673561,8157600726166710516,2410338549246672997,1,0,simplekt,
67272382942673561,1316592594786875138,6829111499768831843,1,0,simplekt,
67272382942673561,6120583016471487381,6829111499768831843,0,0,simplekt,
67272382942673561,7875254573767658162,1942256407192639244,1,0,simplekt,
67272382942673561,709919500275481305,5177537323723370804,1,0,simplekt,
67272382942673561,837249346332151142,3179841074490041064,1,0,simplekt,
67272382942673561,5836318211486455619,456231635565849618,1,0,simplekt,
67272382942673561,479698173788854790,6829111499768831843,1,0,simplekt,
67272382942673561,3521847891710846645,3805691194056635315,0,0,simplekt,
67272382942673561,8685139025305292110,6829111499768831843,0,0,simplekt,
67272382942673561,727042050873976136,5536749322359707528,1,0,simplekt,
67272382942673561,1155914148622653541,5177537323723370804,1,0,simplekt,
67272382942673561,6307345462758042553,5521876661437488360,0,0,simplekt,
67272382942673561,337968536643918638,5177537323723370804,1,0,simplekt,
67272382942673561,3667245776333052353,8575610639500092945,1,0,simplekt,
67272382942673561,4676933705001790136,8575610639500092945,1,0,simplekt,
67272382942673561,6745242313452462250,8575610639500092945,1,0,simplekt,
67272382942673561,190304769087812475,5536749322359707528,1,0,simplekt,
67272382942673561,3712398040798988323,5177537323723370804,1,0,simplekt,
67272382942673561,7795138037346182807,5536749322359707528,1,0,simplekt,
67272382942673561,814010015360571841,278327630535823712,0,0,simplekt,
67272382942673561,4390097729138608245,5476204502823458136,0,0,simplekt,
67272382942673561,9083169879347368281,2823547883153135285,1,0,simplekt,
67272382942673561,2916253674061731316,8398942342651905271,1,0,simplekt,
67272382942673561,3297844508345862725,8398942342651905271,1,0,simplekt,
67272382942673561,7385920551574351808,8398942342651905271,1,0,simplekt,
67272382942673561,1963714100521058178,1942256407192639244,1,0,simplekt,
67272382942673561,2671810825525128272,6829111499768831843,1,0,simplekt,
67272382942673561,3755978031776274666,8575610639500092945,1,0,simplekt,
67272382942673561,4155893204952304007,181670187961925864,1,0,simplekt,
67272382942673561,4155893204952304007,6713151476356104896,1,0,simplekt,
67272382942673561,4820414699297091105,5536749322359707528,1,0,simplekt,
67272382942673561,4820414699297091105,855094277003771932,1,0,simplekt,
67272382942673561,5479424087929346325,6829111499768831843,1,0,simplekt,
67272382942673561,5569833460680655556,5536749322359707528,1,0,simplekt,
67272382942673561,7684407739465412567,6421511779947974192,1,0,simplekt,
67272382942673561,7961412215679195143,8575610639500092945,1,0,simplekt,
67272382942673561,1349905028292941480,278327630535823712,0,0,simplekt,
67272382942673561,2401311408747841446,1084649001726918227,1,0,simplekt,
67272382942673561,8329990500825763282,2823547883153135285,1,0,simplekt,
67272382942673561,2100369082476677420,8367424958112124046,1,0,simplekt,
67272382942673561,2137624450979789575,775355032693172961,1,0,simplekt,
67272382942673561,8760902147812454686,8398942342651905271,1,0,simplekt,
67272382942673561,5685347977917284449,7564569009553397433,1,0,simplekt,
67272382942673561,6120672516020342428,7564569009553397433,1,0,simplekt,
67272382942673561,8969102747310576230,7564569009553397433,1,0,simplekt,
67272382942673561,2006404817126484696,1979039847349885784,1,0,simplekt,
67272382942673561,3762131394832108634,8398942342651905271,1,0,simplekt,
67272382942673561,7466832767985130550,775355032693172961,0,0,simplekt,
67272382942673561,4076081174105320470,7564569009553397433,1,0,simplekt,
67272382942673561,5352506090629549300,7564569009553397433,1,0,simplekt,
67272382942673561,8950070277425661346,7564569009553397433,1,0,simplekt,
67272382942673561,181670187961925864,2500372166686333823,1,0,simplekt,
67272382942673561,6421511779947974192,2500372166686333823,1,0,simplekt,
67272382942673561,6471369570750938294,2500372166686333823,1,0,simplekt,
67272382942673561,6713151476356104896,227262282044896366,1,0,simplekt,
67272382942673561,5677422322508975122,2412386674616941727,1,0,simplekt,
67272382942673561,7470814892843435363,2412386674616941727,1,0,simplekt,
67272382942673561,7846188413140538859,2392434596545820599,1,0,simplekt,
67272382942673561,1831749923487290624,2240774251905964566,1,0,simplekt,
67272382942673561,3609734615175578277,2240774251905964566,1,0,simplekt,
67272382942673561,4388525608718222014,2240774251905964566,1,0,simplekt,
67272382942673561,4388525608718222014,1638799697749911200,1,0,simplekt,
67272382942673561,136342926362060034,4474026859818477437,0,0,simplekt,
67272382942673561,254889314520768006,2412386674616941727,0,0,simplekt,
67272382942673561,9181927448682982758,2412386674616941727,1,0,simplekt,
67272382942673561,3473342526983332611,4526863928383273751,1,0,simplekt,
67272382942673561,5458272173694929437,4526863928383273751,0,0,simplekt,
67272382942673561,5924479089707711920,4526863928383273751,1,0,simplekt,
67272382942673561,4403133428956178902,2412386674616941727,1,0,simplekt,
67272382942673561,5319011735380609624,4474026859818477437,1,0,simplekt,
67272382942673561,5407828324398549496,2412386674616941727,1,0,simplekt,
67272382942673561,3356952560767624663,4526863928383273751,1,0,simplekt,
67272382942673561,6912879333762541144,4526863928383273751,1,0,simplekt,
67272382942673561,600120227385089813,1349015927524233791,1,0,simplekt,
67272382942673561,7565617132584591541,8257095676522850515,1,0,simplekt,
67272382942673561,8541178374785494225,8412574286969789961,1,0,simplekt,
67272382942673561,743121954334844100,936324378259014250,0,0,simplekt,
67272382942673561,1172216839311486314,8903365289186067945,0,0,simplekt,
67272382942673561,2114491994061902593,4076081174105320470,0,0,simplekt,
67272382942673561,2114491994061902593,6038104030264466633,0,0,simplekt,
67272382942673561,2114491994061902593,1742185772413642127,0,0,simplekt,
67272382942673561,2114491994061902593,4747458762391861814,0,0,simplekt,
67272382942673561,2114491994061902593,6471369570750938294,0,0,simplekt,
67272382942673561,2757348283704809637,6601494826068819514,0,0,simplekt,
67272382942673561,2897733047699039286,7007912644773896868,0,0,simplekt,
67272382942673561,4525685065343033898,8575610639500092945,1,0,simplekt,
67272382942673561,8031340168108329443,7693950217059964086,0,0,simplekt,
67272382942673561,8484907796599330869,1418680419447008469,0,0,simplekt,
67272382942673561,600120227385089813,1349015927524233791,1,0,simplekt,
67272382942673561,7565617132584591541,8257095676522850515,1,0,simplekt,
67272382942673561,8541178374785494225,8412574286969789961,1,0,simplekt,
67272382942673561,1956431515554762975,1638799697749911200,1,0,simplekt,
67272382942673561,2503208957629628134,5940889310070452911,1,0,simplekt,
67272382942673561,8320220764218453837,8144376941144135881,0,0,simplekt,
67272382942673561,8320220764218453837,6925932688889117475,0,0,simplekt,
67272382942673561,384764315619426508,2490719368767642283,1,0,simplekt,
67272382942673561,2858423625938753048,8965242899239828151,0,0,simplekt,
67272382942673561,2858423625938753048,4355865024520386185,0,0,simplekt,
67272382942673561,6750855715036353207,3823348261283868936,0,0,simplekt,
67272382942673561,5221814168049107787,8903365289186067945,1,0,simplekt,
67272382942673561,6075423682824025943,5940889310070452911,1,0,simplekt,
67272382942673561,6717948915470803660,2774368076249802464,0,0,simplekt,
67272382942673561,741441713541053326,5797334606267118412,1,0,simplekt,
67272382942673561,3785716482431006694,227262282044896366,1,0,simplekt,
67272382942673561,8844910289683193403,8253624017608095921,1,0,simplekt,
67272382942673561,2448338220252688255,5212433577847969047,1,0,simplekt,
67272382942673561,2448338220252688255,5940889310070452911,1,0,simplekt,
67272382942673561,7996926089493442878,1061301253559417093,0,0,simplekt,
67272382942673561,7996926089493442878,1962751598315765836,0,0,simplekt,
67272382942673561,2100613894581432728,227262282044896366,1,0,simplekt,
67272382942673561,900070306081223816,8952147277934020296,1,0,simplekt,
67272382942673561,3234057363147393949,5940889310070452911,1,0,simplekt,
67272382942673561,4671761241928607738,6994544439163477228,1,0,simplekt,
67272382942673561,5940685374315347037,8903365289186067945,1,0,simplekt,
67272382942673561,6272395854004115794,8553379303363759508,1,0,simplekt,
67272382942673561,6452140347453806875,6307345462758042553,1,0,simplekt,
67272382942673561,6452140347453806875,8194071366621068887,1,0,simplekt,
67272382942673561,7029119663948825750,4355865024520386185,1,0,simplekt,
67272382942673561,7226352855003316081,4355865024520386185,1,0,simplekt,
67272382942673561,7226352855003316081,1722290814234752206,1,0,simplekt,
67272382942673561,7511454868937827199,1155914148622653541,1,0,simplekt,
67272382942673561,8106005338579207522,1469839694390370469,1,0,simplekt,
67272382942673561,4173298925885015858,3971525123056884045,1,0,simplekt,
67272382942673561,4654460341639747107,5797334606267118412,1,0,simplekt,
67272382942673561,6954638006308017606,1073629390141817738,1,0,simplekt,
67272382942673561,282468254407962637,1651060061902010516,1,0,simplekt,
67272382942673561,3073353602027142980,8573800373938698102,1,0,simplekt,
67272382942673561,6874087588793662221,816286915455981984,1,0,simplekt,
67272382942673561,4667191227448225636,461444768761955221,1,0,simplekt,
67272382942673561,6734508006365281834,3386664800761312538,1,0,simplekt,
67272382942673561,7661085206209496822,3386664800761312538,1,0,simplekt,
67272382942673561,8607006837099237440,9007126295263388554,1,0,simplekt,
67272382942673561,287641116298515468,8396066965787714901,1,0,simplekt,
67272382942673561,3017458579593514517,8396066965787714901,1,0,simplekt,
67272382942673561,7883033672340726930,3386664800761312538,1,0,simplekt,
67272382942673561,7883033672340726930,1121940775251872465,1,0,simplekt,
67272382942673561,8329011640354200475,3386664800761312538,1,0,simplekt,
67272382942673561,9090586450638319759,1121940775251872465,1,0,simplekt,
67272382942673561,1286827730621926626,9023137825787198513,1,0,simplekt,
67272382942673561,5563821932250230450,4217300911507384862,1,0,simplekt,
67272382942673561,8392500195579636452,325754291254371692,0,0,simplekt,
67272382942673561,8392500195579636452,456878871009050454,0,0,simplekt,
90442688713673879,8390742827975798756,278327630535823712,1,0,simplekt,
90442688713673879,1553741339457672781,278327630535823712,0,0,simplekt,
90442688713673879,8352761713594652274,2823547883153135285,1,0,simplekt,
90442688713673879,1329478604444739170,2823547883153135285,1,0,simplekt,
90442688713673879,3520451574799847844,8575610639500092945,1,0,simplekt,
90442688713673879,4203569159080036676,8575610639500092945,1,0,simplekt,
90442688713673879,8313924512306391688,4984932258032991605,1,0,simplekt,
90442688713673879,3503210959138509000,6925932688889117475,1,0,simplekt,
90442688713673879,4082916358126906050,8903365289186067945,1,0,simplekt,
90442688713673879,5224706761225629169,3220231712819306119,1,0,simplekt,
90442688713673879,2951284576751280983,6925932688889117475,0,0,simplekt,
90442688713673879,643887371950613900,7802467190713408940,1,0,simplekt,
90442688713673879,6841877951646006179,7802467190713408940,1,0,simplekt,
90442688713673879,6841877951646006179,3173554826801793204,1,0,simplekt,
90442688713673879,6841877951646006179,5797334606267118412,1,0,simplekt,
90442688713673879,6841877951646006179,5215432518055670326,1,0,simplekt,
90442688713673879,6841877951646006179,5145288580828250182,1,0,simplekt,
90442688713673879,7380874852842996704,2630505475243948786,1,0,simplekt,
90442688713673879,8310712473652513785,4984932258032991605,1,0,simplekt,
90442688713673879,3764638744030212552,4984932258032991605,1,0,simplekt,
90442688713673879,5410133448386626076,5797334606267118412,1,0,simplekt,
90442688713673879,5211200080783643650,936324378259014250,1,0,simplekt,
90442688713673879,7626540409321886057,5145288580828250182,1,0,simplekt,
90442688713673879,5145242387153432624,936324378259014250,1,0,simplekt,
90442688713673879,1670690075870667401,8253624017608095921,1,0,simplekt,
90442688713673879,2478582613864248460,936324378259014250,1,0,simplekt,
90442688713673879,2537259823626295600,3101224498948786626,1,0,simplekt,
90442688713673879,4427558867002412719,1609137421269019972,1,0,simplekt,
90442688713673879,6346893500715184983,936324378259014250,1,0,simplekt,
90442688713673879,8497246071044044078,8208743102655574034,0,0,simplekt,
90442688713673879,5271236353927310897,8931749632723040425,0,0,simplekt,
90442688713673879,3292392858996942350,6847502242749017216,1,0,simplekt,
90442688713673879,7627610236830844867,5218341511830803388,1,0,simplekt,
90442688713673879,540321374359548655,6847502242749017216,1,0,simplekt,
90442688713673879,2456846657986508421,3967320573372768823,1,0,simplekt,
90442688713673879,6937362357526398226,5218341511830803388,1,0,simplekt,
90442688713673879,1596784171219500990,1438833197930244504,1,0,simplekt,
90442688713673879,4545891194638083646,5218341511830803388,1,0,simplekt,
90442688713673879,5915930381945534073,8956949829196379438,1,0,simplekt,
90442688713673879,6605196573430655446,8956949829196379438,1,0,simplekt,
90442688713673879,7369243902494402464,8956949829196379438,1,0,simplekt,
90442688713673879,8595824148755489441,3967320573372768823,1,0,simplekt,
90442688713673879,8752303647607757240,8956949829196379438,1,0,simplekt,
90442688713673879,8920688232893993994,8804835143599550923,1,0,simplekt,
90442688713673879,1962751598315765836,2014268979504181100,1,0,simplekt,
90442688713673879,7444476343858270082,816286915455981984,1,0,simplekt,
90442688713673879,300471914551172981,300471914551172981,1,0,simplekt,
90442688713673879,816286915455981984,2172169907340938753,1,0,simplekt,
90442688713673879,2014268979504181100,2172169907340938753,1,0,simplekt,
90442688713673879,2172169907340938753,2172169907340938753,1,0,simplekt,
90442688713673879,8150806168444344502,8150806168444344502,1,0,simplekt,
90442688713673879,8573800373938698102,8573800373938698102,1,0,simplekt,
90442688713673879,8573800373938698102,2014268979504181100,1,0,simplekt,
90442688713673879,8434961942249729798,6440511557387709110,1,0,simplekt,
90442688713673879,7661928444199481279,1742185772413642127,1,0,simplekt,
90442688713673879,2322042198017538996,7444476343858270082,1,0,simplekt,
90442688713673879,1061301253559417093,1962751598315765836,1,0,simplekt,
90442688713673879,2537821716777940730,1962751598315765836,1,0,simplekt,
90442688713673879,2971078979906996375,8553379303363759508,1,0,simplekt,
90442688713673879,5841359775533910823,7444476343858270082,1,0,simplekt,
90442688713673879,6440511557387709110,2537821716777940730,1,0,simplekt,
90442688713673879,7744513373483970787,1061301253559417093,1,0,simplekt,
90442688713673879,8553379303363759508,7444476343858270082,1,0,simplekt,
90442688713673879,8621262567927479011,1962751598315765836,1,0,simplekt,
90442688713673879,855701172854749255,81836391822819695,1,0,simplekt,
90442688713673879,1952481027189093863,300471914551172981,0,0,simplekt,
90442688713673879,5116966512895248552,8571634011969914262,1,0,simplekt,
90442688713673879,5254612434926380826,7744513373483970787,1,0,simplekt,
90442688713673879,6974844060259652853,2014268979504181100,1,0,simplekt,
90442688713673879,7667895327144104277,300471914551172981,1,0,simplekt,
90442688713673879,7949368746475052778,1742185772413642127,0,0,simplekt,
90442688713673879,7949368746475052778,6038104030264466633,0,0,simplekt,
90442688713673879,8229599864808273990,6088781737297447420,0,0,simplekt,
90442688713673879,8426487015068091175,8553379303363759508,1,0,simplekt,
90442688713673879,8451130771444723333,1742185772413642127,1,0,simplekt,
90442688713673879,115792341591629875,1742185772413642127,1,0,simplekt,
90442688713673879,115792341591629875,6038104030264466633,1,0,simplekt,
90442688713673879,115792341591629875,8434961942249729798,1,0,simplekt,
90442688713673879,1893642978819296611,1742185772413642127,1,0,simplekt,
90442688713673879,1893642978819296611,6038104030264466633,1,0,simplekt,
90442688713673879,298811281286074965,1742185772413642127,1,0,simplekt,
90442688713673879,1519160594896614106,1742185772413642127,0,0,simplekt,
90442688713673879,2333712986867476897,1962751598315765836,1,0,simplekt,
90442688713673879,3234115353777830939,7744513373483970787,1,0,simplekt,
90442688713673879,3703277393342189423,5841359775533910823,1,0,simplekt,
90442688713673879,3703277393342189423,7744513373483970787,1,0,simplekt,
90442688713673879,3703277393342189423,6471369570750938294,1,0,simplekt,
90442688713673879,5527503240739101243,1742185772413642127,1,0,simplekt,
90442688713673879,5527503240739101243,7744513373483970787,1,0,simplekt,
90442688713673879,7226301681219241878,4726066217500179891,1,0,simplekt,
90442688713673879,7971854869041541728,5377371664411708739,1,0,simplekt,
90442688713673879,7591109345808921544,1742185772413642127,0,0,simplekt,
90442688713673879,5203449856947311645,7660717256841499384,0,0,simplekt,
90442688713673879,5203449856947311645,2678037544306135052,0,0,simplekt,
90442688713673879,1742185772413642127,8553379303363759508,1,0,simplekt,
90442688713673879,2334639155148655290,8553379303363759508,1,0,simplekt,
90442688713673879,2774368076249802464,5841359775533910823,1,0,simplekt,
90442688713673879,2774368076249802464,8621262567927479011,1,0,simplekt,
90442688713673879,4113615466659810841,8553379303363759508,1,0,simplekt,
90442688713673879,6125574002232610732,2971078979906996375,1,0,simplekt,
90442688713673879,6925932688889117475,8553379303363759508,1,0,simplekt,
90442688713673879,7660717256841499384,7744513373483970787,1,0,simplekt,
90442688713673879,8903365289186067945,8553379303363759508,1,0,simplekt,
90442688713673879,2986660907093963186,6440511557387709110,1,0,simplekt,
90442688713673879,2986660907093963186,2322042198017538996,1,0,simplekt,
90442688713673879,8194071366621068887,8434961942249729798,1,0,simplekt,
90442688713673879,257998406955142566,625545550176685521,1,0,simplekt,
90442688713673879,625545550176685521,2334639155148655290,0,0,simplekt,
90442688713673879,1761868641361943332,7660717256841499384,1,0,simplekt,
90442688713673879,3505704456158892852,7660717256841499384,1,0,simplekt,
90442688713673879,4824259625677886603,2334639155148655290,0,0,simplekt,
90442688713673879,5621915724170514747,625545550176685521,1,0,simplekt,
90442688713673879,5977202446238383497,7660717256841499384,0,0,simplekt,
90442688713673879,8450591260754163598,4113615466659810841,1,0,simplekt,
90442688713673879,5581673844533041260,1761868641361943332,1,0,simplekt,
90442688713673879,801270971078708491,3977603873829794107,1,0,simplekt,
90442688713673879,1027527956755633385,262972098788613969,1,0,simplekt,
90442688713673879,1174948878229494217,8525319303741530302,1,0,simplekt,
90442688713673879,1418680419447008469,4824259625677886603,1,0,simplekt,
90442688713673879,4560503297887269910,8525319303741530302,1,0,simplekt,
90442688713673879,6662078420307848095,2240774251905964566,1,0,simplekt,
90442688713673879,8182304708329316030,2240774251905964566,0,0,simplekt,
90442688713673879,8182304708329316030,5891620578387310353,0,0,simplekt,
90442688713673879,6012311905925706077,7137985937186816118,1,0,simplekt,
90442688713673879,1513602965430340754,1553079256999111676,1,0,simplekt,
90442688713673879,5598942769103361235,1553079256999111676,1,0,simplekt,
90442688713673879,717954268502935256,1553079256999111676,1,0,simplekt,
90442688713673879,4371988310000123679,2087380862434172594,1,0,simplekt,
90442688713673879,4837222965526819153,1553079256999111676,1,0,simplekt,
90442688713673879,5606170298753235760,8450591260754163598,1,0,simplekt,
90442688713673879,5606170298753235760,2087380862434172594,1,0,simplekt,
90442688713673879,6149849550867702522,1553079256999111676,1,0,simplekt,
90442688713673879,8137180092977869856,8450591260754163598,1,0,simplekt,
90442688713673879,8425036666373807371,1553079256999111676,1,0,simplekt,
90442688713673879,585394738633421119,8450591260754163598,1,0,simplekt,
90442688713673879,1249946667551244754,8450591260754163598,1,0,simplekt,
90442688713673879,2963426940754857525,8450591260754163598,1,0,simplekt,
90442688713673879,4380611683472616465,8437183932514773570,1,0,simplekt,
90442688713673879,4644376180860816503,6587421150596252277,1,0,simplekt,
90442688713673879,5749030878039894757,8450591260754163598,1,0,simplekt,
90442688713673879,6424027935577728745,8450591260754163598,1,0,simplekt,
90442688713673879,8960087278441796977,338807275221326836,1,0,simplekt,
90442688713673879,9021451755772882373,1553079256999111676,1,0,simplekt,
90442688713673879,594484301261397148,1553079256999111676,1,0,simplekt,
90442688713673879,1522036663732454985,3977603873829794107,1,0,simplekt,
90442688713673879,2500372166686333823,8450591260754163598,1,0,simplekt,
90442688713673879,2953135825275070056,338807275221326836,1,0,simplekt,
90442688713673879,3414223954376217427,1553079256999111676,1,0,simplekt,
90442688713673879,4607388048970825422,3220231712819306119,1,0,simplekt,
90442688713673879,5713639467721698358,8437183932514773570,0,0,simplekt,
90442688713673879,6456304688997881806,1553079256999111676,1,0,simplekt,
90442688713673879,6664130503876327269,6587421150596252277,1,0,simplekt,
90442688713673879,7430095633397685637,8525319303741530302,1,0,simplekt,
90442688713673879,7430095633397685637,3220231712819306119,1,0,simplekt,
90442688713673879,8021260812906271597,5891620578387310353,1,0,simplekt,
90442688713673879,3695277572730007841,5791250638486922978,0,0,simplekt,
90442688713673879,3302558858572269845,4378721629787482518,1,0,simplekt,
90442688713673879,1323516988765165119,3994887349717137666,1,0,simplekt,
90442688713673879,4040262048452548404,3994887349717137666,1,0,simplekt,
90442688713673879,5221179564247458324,5791250638486922978,1,0,simplekt,
90442688713673879,5548463061557996427,1644854180222226950,1,0,simplekt,
90442688713673879,5586736422630505320,6417620605101166778,1,0,simplekt,
90442688713673879,7323670479702943890,5791250638486922978,1,0,simplekt,
90442688713673879,8418124906833087392,3994887349717137666,1,0,simplekt,
90442688713673879,7262125457913130834,4644364625800006675,1,0,simplekt,
90442688713673879,1035367362361933335,4031585874086886353,1,0,simplekt,
90442688713673879,1456996564428091703,2083452711903133430,1,0,simplekt,
90442688713673879,1839212471879758874,4031585874086886353,1,0,simplekt,
90442688713673879,1839212471879758874,7601972610929176126,1,0,simplekt,
90442688713673879,3793792830682681521,5405953385245894923,1,0,simplekt,
90442688713673879,5304834934014070942,4031585874086886353,1,0,simplekt,
90442688713673879,5405953385245894923,2083452711903133430,1,0,simplekt,
90442688713673879,7690184699127363880,5405953385245894923,1,0,simplekt,
90442688713673879,8615841162757001381,8628686323660025649,1,0,simplekt,
90442688713673879,6429818580404077843,1418680419447008469,1,0,simplekt,
90442688713673879,855094277003771932,1062464292871659639,1,0,simplekt,
90442688713673879,1520947013988716706,4813462692425748605,1,0,simplekt,
90442688713673879,1520947013988716706,4644364625800006675,1,0,simplekt,
90442688713673879,2290575971915771862,5237822943399727048,1,0,simplekt,
90442688713673879,2290575971915771862,2660308494216254637,1,0,simplekt,
90442688713673879,5177537323723370804,9085215684112577945,1,0,simplekt,
90442688713673879,5536749322359707528,3377267194089423700,1,0,simplekt,
90442688713673879,6356727965593955443,3586178338192106934,1,0,simplekt,
90442688713673879,7137985937186816118,5932668873100475470,1,0,simplekt,
90442688713673879,7564569009553397433,5581673844533041260,1,0,simplekt,
90442688713673879,6645325642315848804,2500372166686333823,1,0,simplekt,
90442688713673879,500918486176261774,594484301261397148,1,0,simplekt,
90442688713673879,1419352601203887478,1418680419447008469,1,0,simplekt,
90442688713673879,2081896873364940242,7312291969267315939,1,0,simplekt,
90442688713673879,3031466401825614013,594484301261397148,1,0,simplekt,
90442688713673879,6716752416267324351,594484301261397148,1,0,simplekt,
90442688713673879,8129843608891208205,594484301261397148,1,0,simplekt,
90442688713673879,8619446814721516978,1521444483287362772,1,0,simplekt,
90442688713673879,6124094790161264582,6664130503876327269,1,0,simplekt,
90442688713673879,4560719101685283745,1418680419447008469,1,0,simplekt,
90442688713673879,8077900888757017988,1418680419447008469,1,0,simplekt,
90442688713673879,8398942342651905271,594484301261397148,1,0,simplekt,
90442688713673879,7095552851158154914,4607388048970825422,1,0,simplekt,
90442688713673879,7507664498454690336,2500372166686333823,1,0,simplekt,
90442688713673879,7601185852453770783,4607388048970825422,1,0,simplekt,
90442688713673879,375184405263788692,2500372166686333823,1,0,simplekt,
90442688713673879,456878871009050454,2500372166686333823,1,0,simplekt,
90442688713673879,1461533708358448274,2500372166686333823,1,0,simplekt,
90442688713673879,3100876389124754186,7430095633397685637,1,0,simplekt,
90442688713673879,4796843345782257247,2500372166686333823,1,0,simplekt,
90442688713673879,5483772617844162674,3414223954376217427,1,0,simplekt,
90442688713673879,7899206764410235437,2953135825275070056,1,0,simplekt,
90442688713673879,8396066965787714901,2500372166686333823,1,0,simplekt,
90442688713673879,5920690581544263358,2500372166686333823,0,0,simplekt,
90442688713673879,7478711582937413777,8021260812906271597,0,0,simplekt,
90442688713673879,7594706423364338125,4607388048970825422,0,0,simplekt,
90442688713673879,2725736025011687568,6356727965593955443,1,0,simplekt,
90442688713673879,3746345278993456279,2290575971915771862,0,0,simplekt,
90442688713673879,1846178505561760349,7137985937186816118,1,0,simplekt,
90442688713673879,7152865195137276211,7564569009553397433,1,0,simplekt,
90442688713673879,1525757407988365380,8398942342651905271,1,0,simplekt,
90442688713673879,2054562585630021026,6429818580404077843,0,0,simplekt,
90442688713673879,3967320573372768823,6645325642315848804,1,0,simplekt,
90442688713673879,2098409895490789901,6645325642315848804,1,0,simplekt,
90442688713673879,3990069655864291204,6429818580404077843,1,0,simplekt,
90442688713673879,2391793836146482177,6645325642315848804,1,0,simplekt,
90442688713673879,4526863928383273751,8398942342651905271,0,0,simplekt,
90442688713673879,8564036083531757366,8398942342651905271,0,0,simplekt,
90442688713673879,6985481760789785284,6456304688997881806,1,0,simplekt,
90442688713673879,6985481760789785284,7594706423364338125,1,0,simplekt,
90442688713673879,8246862687487187606,5483772617844162674,1,0,simplekt,
90442688713673879,3590579358937072411,456878871009050454,1,0,simplekt,
90442688713673879,3590579358937072411,7899206764410235437,1,0,simplekt,
90442688713673879,7381422041526990924,375184405263788692,1,0,simplekt,
90442688713673879,8996174276804908917,456878871009050454,1,0,simplekt,
90442688713673879,3977603873829794107,7478711582937413777,1,0,simplekt,
90442688713673879,5821369294207078714,3100876389124754186,1,0,simplekt,
90442688713673879,5821369294207078714,4796843345782257247,1,0,simplekt,
90442688713673879,7163156933085560357,6124094790161264582,1,0,simplekt,
90442688713673879,8042701804288818072,4023090618520176218,1,0,simplekt,
90442688713673879,3178544432443442935,8979553209795854558,1,0,simplekt,
90442688713673879,8208743102655574034,5623297772212155274,1,0,simplekt,
90442688713673879,2187189810463306076,765686451306091390,1,0,simplekt,
90442688713673879,2906791907365390464,765686451306091390,0,0,simplekt,
90442688713673879,3101224498948786626,7877160466076973101,1,0,simplekt,
90442688713673879,157554714815648895,5761106556343021166,1,0,simplekt,
90442688713673879,2410338549246672997,2630166442278202703,1,0,simplekt,
90442688713673879,6829111499768831843,5761106556343021166,1,0,simplekt,
90442688713673879,3971525123056884045,5487204154853305298,0,0,simplekt,
90442688713673879,5215432518055670326,1851522427084812771,1,0,simplekt,
90442688713673879,8253624017608095921,765686451306091390,1,0,simplekt,
90442688713673879,1726769798644809705,7877160466076973101,1,0,simplekt,
90442688713673879,3805691194056635315,7877160466076973101,1,0,simplekt,
90442688713673879,5521876661437488360,2322434297181580829,0,0,simplekt,
90442688713673879,8575610639500092945,8411083447093008841,1,0,simplekt,
90442688713673879,227262282044896366,4523990711176045762,1,0,simplekt,
90442688713673879,1363511968273769060,8946122040834336764,1,0,simplekt,
90442688713673879,1363511968273769060,339533063856671049,1,0,simplekt,
90442688713673879,1319354917418119610,8946122040834336764,0,0,simplekt,
90442688713673879,2412386674616941727,358466476080118370,1,0,simplekt,
90442688713673879,8257095676522850515,358466476080118370,0,0,simplekt,
90442688713673879,4217300911507384862,3746345278993456279,0,0,simplekt,
90442688713673879,1651060061902010516,6871726152230450217,1,0,simplekt,
90442688713673879,1722290814234752206,4430478950099229791,0,0,simplekt,
90442688713673879,8965242899239828151,5140154928761940633,1,0,simplekt,
90442688713673879,2490719368767642283,6871726152230450217,1,0,simplekt,
90442688713673879,4984932258032991605,1846178505561760349,1,0,simplekt,
90442688713673879,5940889310070452911,4975673644036102574,0,0,simplekt,
90442688713673879,2696874492593956963,4975673644036102574,1,0,simplekt,
90442688713673879,7061890468104684673,1846178505561760349,0,0,simplekt,
90442688713673879,8622188369070640969,6871726152230450217,0,0,simplekt,
90442688713673879,2030766316116210161,2725736025011687568,1,0,simplekt,
90442688713673879,7952865152794788266,2725736025011687568,1,0,simplekt,
90442688713673879,6293355376372615766,6456304688997881806,1,0,simplekt,
90442688713673879,3896176223871121243,2725736025011687568,1,0,simplekt,
90442688713673879,4654090348491357037,6617986845316146041,0,0,simplekt,
90442688713673879,3204183443604364643,765686451306091390,1,0,simplekt,
90442688713673879,4981016869870220101,7152865195137276211,1,0,simplekt,
90442688713673879,9035941346198722721,5623297772212155274,1,0,simplekt,
90442688713673879,1438833197930244504,2054562585630021026,1,0,simplekt,
90442688713673879,7601972610929176126,2054562585630021026,1,0,simplekt,
90442688713673879,8956949829196379438,2054562585630021026,1,0,simplekt,
90442688713673879,5805011942002514206,2054562585630021026,1,0,simplekt,
90442688713673879,6402063578200407055,2054562585630021026,0,0,simplekt,
90442688713673879,7080375583498690711,2054562585630021026,1,0,simplekt,
90442688713673879,5406013425408202846,2045471913834718328,1,0,simplekt,
90442688713673879,4932081828363820241,4526863928383273751,0,0,simplekt,
95946251510555387,2931986829173419331,8575610639500092945,0,0,simplekt,
95946251510555387,114024882693945189,8575610639500092945,1,0,simplekt,
95946251510555387,7665746136491581937,6421511779947974192,1,0,simplekt,
95946251510555387,80929757587993493,2823547883153135285,1,0,simplekt,
95946251510555387,6118567527742737529,8575610639500092945,1,0,simplekt,
95946251510555387,6860444179517981703,2823547883153135285,0,0,simplekt,
95946251510555387,8862219415114213470,2823547883153135285,0,0,simplekt,
95946251510555387,1886488087020006808,2823547883153135285,0,0,simplekt,
95946251510555387,6062856374210802332,6421511779947974192,1,0,simplekt,
95946251510555387,7948600918456445604,2823547883153135285,1,0,simplekt,
95946251510555387,2150691813717548773,8637767708838786270,1,0,simplekt,
95946251510555387,8813098045274661581,703599217093634705,0,0,simplekt,
95946251510555387,8773321762296280666,703599217093634705,1,0,simplekt,
95946251510555387,5171503242356744972,703599217093634705,0,0,simplekt,
95946251510555387,4886452330749877890,3823348261283868936,1,0,simplekt,
95946251510555387,5337735509776617685,5287993638298451617,0,0,simplekt,
95946251510555387,1534583844842244434,4355865024520386185,1,0,simplekt,
95946251510555387,2132886336205410193,8053098255007046142,0,0,simplekt,
95946251510555387,583812654997727533,8053098255007046142,1,0,simplekt,
95946251510555387,7062712259608133699,8053098255007046142,0,0,simplekt,
95946251510555387,2586300567760010262,703599217093634705,1,0,simplekt,
95946251510555387,7407762148826287490,3823348261283868936,1,0,simplekt,
95946251510555387,8105038888605221687,2419480025146918610,1,0,simplekt,
95946251510555387,8105038888605221687,1578818275559208253,1,0,simplekt,
95946251510555387,8214642283698783187,2419480025146918610,1,0,simplekt,
95946251510555387,8214642283698783187,1578818275559208253,1,0,simplekt,
95946251510555387,3293373573089340683,2419480025146918610,1,0,simplekt,
95946251510555387,3293373573089340683,1578818275559208253,1,0,simplekt,
95946251510555387,5763048021204433805,7330278289208411022,1,0,simplekt,
95946251510555387,5763048021204433805,5940889310070452911,1,0,simplekt,
95946251510555387,3114889774971922556,7330278289208411022,1,0,simplekt,
95946251510555387,3114889774971922556,5940889310070452911,1,0,simplekt,
95946251510555387,3983581701503647072,7330278289208411022,1,0,simplekt,
95946251510555387,3983581701503647072,5940889310070452911,1,0,simplekt,
95946251510555387,2947438328643100574,7330278289208411022,1,0,simplekt,
95946251510555387,2947438328643100574,5940889310070452911,1,0,simplekt,
95946251510555387,3785046314937316328,6994544439163477228,1,0,simplekt,
95946251510555387,3561213558973419595,6994544439163477228,1,0,simplekt,
95946251510555387,5487873719365310423,6994544439163477228,1,0,simplekt,
95946251510555387,2430677719477562997,8879857825588577091,1,0,simplekt,
95946251510555387,2430677719477562997,6994544439163477228,1,0,simplekt,
95946251510555387,4534855076040468313,8879857825588577091,1,0,simplekt,
95946251510555387,4534855076040468313,6994544439163477228,1,0,simplekt,
95946251510555387,4231778313230632756,8879857825588577091,1,0,simplekt,
95946251510555387,4231778313230632756,6994544439163477228,1,0,simplekt,
95946251510555387,192617003779743596,8879857825588577091,1,0,simplekt,
95946251510555387,192617003779743596,6994544439163477228,1,0,simplekt,
95946251510555387,6474789906306891928,3083880146036401197,1,0,simplekt,
95946251510555387,7320263344343451219,8646396182761933454,1,0,simplekt,
95946251510555387,6606641979934929463,8646396182761933454,1,0,simplekt,
95946251510555387,2047284964747465690,3896176223871121243,1,0,simplekt,
95946251510555387,7658421772706055362,3896176223871121243,1,0,simplekt,
95946251510555387,361844597663685853,4971898752437058564,1,0,simplekt,
95946251510555387,7600976702276843622,4654090348491357037,0,0,simplekt,
95946251510555387,8983479273207242066,2420520599624494102,1,0,simplekt,
95946251510555387,1746038654566238273,3695961057996457232,1,0,simplekt,
95946251510555387,5319782464119280391,3695961057996457232,1,0,simplekt,
95946251510555387,372315521513690727,3695961057996457232,0,0,simplekt,
95946251510555387,5828394608719893338,3695961057996457232,1,0,simplekt,
95946251510555387,5407154952345373654,8421171580834073004,1,0,simplekt,
95946251510555387,5407154952345373654,2528747214680891187,1,0,simplekt,
95946251510555387,5407154952345373654,9032608968603454747,1,0,simplekt,
95946251510555387,2688367700467986862,8421171580834073004,1,0,simplekt,
95946251510555387,2688367700467986862,9032608968603454747,1,0,simplekt,
95946251510555387,2688367700467986862,2528747214680891187,1,0,simplekt,
95946251510555387,302385521768738754,8421171580834073004,1,0,simplekt,
95946251510555387,302385521768738754,2528747214680891187,1,0,simplekt,
95946251510555387,302385521768738754,9032608968603454747,1,0,simplekt,
95946251510555387,6217388213263624135,3220231712819306119,1,0,simplekt,
95946251510555387,1030542215356371985,3220231712819306119,1,0,simplekt,
95946251510555387,8518370068212610502,3220231712819306119,1,0,simplekt,
95946251510555387,711281195308114092,9035941346198722721,1,0,simplekt,
95946251510555387,7799950517236601372,9035941346198722721,1,0,simplekt,
95946251510555387,5353498086593448355,9035941346198722721,1,0,simplekt,
95946251510555387,7664545950917929497,9035941346198722721,1,0,simplekt,
95946251510555387,8233010336559448298,4981016869870220101,1,0,simplekt,
95946251510555387,6001263696073315067,4981016869870220101,1,0,simplekt,
95946251510555387,7722953772337381183,9035941346198722721,1,0,simplekt,
95946251510555387,1428703216603103538,9035941346198722721,1,0,simplekt,
95946251510555387,1592798968499975655,6925932688889117475,1,0,simplekt,
95946251510555387,6507963785798609606,3695961057996457232,1,0,simplekt,
95946251510555387,8243593737238054780,3220231712819306119,1,0,simplekt,
95946251510555387,4814382323370083158,5407828324398549496,1,0,simplekt,
95946251510555387,3311745349129328868,5407828324398549496,1,0,simplekt,
95946251510555387,2611931788363138757,5407828324398549496,1,0,simplekt,
95946251510555387,6236439048749345470,2630505475243948786,1,0,simplekt,
95946251510555387,1845810029444699990,2630505475243948786,0,0,simplekt,
95946251510555387,6801017133337834505,1609137421269019972,1,0,simplekt,
95946251510555387,8245130067812938580,7802467190713408940,1,0,simplekt,
95946251510555387,934004551820873359,5797334606267118412,1,0,simplekt,
95946251510555387,934004551820873359,6847502242749017216,1,0,simplekt,
95946251510555387,9212971534612759206,7802467190713408940,1,0,simplekt,
95946251510555387,2897223529886250429,7802467190713408940,0,0,simplekt,
95946251510555387,3495374133526971129,3204183443604364643,1,0,simplekt,
95946251510555387,8238532031705682752,2953135825275070056,1,0,simplekt,
95946251510555387,6967617761421271993,8931749632723040425,1,0,simplekt,
95946251510555387,4447805975910576290,8931749632723040425,1,0,simplekt,
95946251510555387,6308189695459169616,8931749632723040425,1,0,simplekt,
95946251510555387,4481880446123884702,8931749632723040425,1,0,simplekt,
95946251510555387,8552261036856294629,8412574286969789961,0,0,simplekt,
95946251510555387,1155324511026082497,2527237414009188471,0,0,simplekt,
95946251510555387,8042163913453637856,7080375583498690711,1,0,simplekt,
95946251510555387,5924622261864593528,816286915455981984,1,0,simplekt,
95946251510555387,2593688217349585450,7080375583498690711,1,0,simplekt,
95946251510555387,910854701881116297,7080375583498690711,1,0,simplekt,
95946251510555387,6071546118219352643,7080375583498690711,1,0,simplekt,
95946251510555387,7368809344309732690,2014268979504181100,1,0,simplekt,
95946251510555387,6207457489238649417,2014268979504181100,1,0,simplekt,
95946251510555387,7056784432114773220,6402063578200407055,1,0,simplekt,
95946251510555387,1329049691487350747,6402063578200407055,1,0,simplekt,
95946251510555387,1436782548523195674,7271679498218995541,1,0,simplekt,
95946251510555387,6803372478273785375,8571634011969914262,1,0,simplekt,
95946251510555387,6583114287627246803,7271679498218995541,1,0,simplekt,
95946251510555387,2146918969408793319,8571634011969914262,1,0,simplekt,
95946251510555387,8441520641494094800,7271679498218995541,1,0,simplekt,
95946251510555387,8361992601207009624,8571634011969914262,1,0,simplekt,
95946251510555387,2672401968159091266,2172169907340938753,1,0,simplekt,
95946251510555387,3070064381467348474,2172169907340938753,1,0,simplekt,
95946251510555387,7444476343858270082,816286915455981984,1,0,simplekt,
95946251510555387,5569007217685668455,6440511557387709110,1,0,simplekt,
95946251510555387,8047524447806324559,1061301253559417093,1,0,simplekt,
95946251510555387,3136309300579245713,1962751598315765836,1,0,simplekt,
95946251510555387,2799924322108693578,1962751598315765836,1,0,simplekt,
95946251510555387,1013865249246356380,1962751598315765836,1,0,simplekt,
95946251510555387,5206141975214674317,6822117125000922910,1,0,simplekt,
95946251510555387,5623297772212155274,1035367362361933335,0,0,simplekt,
95946251510555387,5623297772212155274,6440511557387709110,0,0,simplekt,
95946251510555387,5623297772212155274,8553379303363759508,0,0,simplekt,
95946251510555387,4354951372341647621,1962751598315765836,1,0,simplekt,
95946251510555387,4789648310729729153,8952147277934020296,1,0,simplekt,
95946251510555387,99265762064822364,7444476343858270082,1,0,simplekt,
95946251510555387,2762855757960295952,6088781737297447420,1,0,simplekt,
95946251510555387,5720639154506887872,7444476343858270082,0,0,simplekt,
95946251510555387,609060549646110992,1962751598315765836,1,0,simplekt,
95946251510555387,609060549646110992,2042035842694401475,1,0,simplekt,
95946251510555387,609060549646110992,2537821716777940730,1,0,simplekt,
95946251510555387,789928575737038845,1962751598315765836,0,0,simplekt,
95946251510555387,4068472536918694909,8952147277934020296,1,0,simplekt,
95946251510555387,7122115393193417348,1742185772413642127,1,0,simplekt,
95946251510555387,1891716457658830952,1742185772413642127,1,0,simplekt,
95946251510555387,7386660470678852038,1742185772413642127,1,0,simplekt,
95946251510555387,8428575247521675861,1742185772413642127,1,0,simplekt,
95946251510555387,4795421426226935644,1742185772413642127,1,0,simplekt,
95946251510555387,4795421426226935644,7610637847824275101,1,0,simplekt,
95946251510555387,1097277950454708905,1742185772413642127,1,0,simplekt,
95946251510555387,1097277950454708905,7610637847824275101,1,0,simplekt,
95946251510555387,2696304868537495510,6471369570750938294,0,0,simplekt,
95946251510555387,2696304868537495510,7744513373483970787,0,0,simplekt,
95946251510555387,1180368493788409119,7744513373483970787,1,0,simplekt,
95946251510555387,4217769183843680042,1962751598315765836,1,0,simplekt,
95946251510555387,1893642978819296611,1742185772413642127,1,0,simplekt,
95946251510555387,1893642978819296611,6038104030264466633,1,0,simplekt,
95946251510555387,1475153535205680340,1061301253559417093,1,0,simplekt,
95946251510555387,3507076541835130591,8553379303363759508,1,0,simplekt,
95946251510555387,5826558657143142027,8442572108069967032,1,0,simplekt,
95946251510555387,5826558657143142027,8553379303363759508,1,0,simplekt,
95946251510555387,6393977350362155600,6767671032930468346,1,0,simplekt,
95946251510555387,2986660907093963186,6440511557387709110,1,0,simplekt,
95946251510555387,2986660907093963186,2322042198017538996,1,0,simplekt,
95946251510555387,5469690787692292851,7660717256841499384,1,0,simplekt,
95946251510555387,6576675972090709229,6125574002232610732,1,0,simplekt,
95946251510555387,408067404290575866,625545550176685521,1,0,simplekt,
95946251510555387,1641986627550040742,625545550176685521,1,0,simplekt,
95946251510555387,3518324824745894353,625545550176685521,1,0,simplekt,
95946251510555387,3220231712819306119,7660717256841499384,1,0,simplekt,
95946251510555387,523555322873782074,7660717256841499384,1,0,simplekt,
95946251510555387,6493444536429221945,7660717256841499384,1,0,simplekt,
95946251510555387,7669453867332771944,5284705790291350339,0,0,simplekt,
95946251510555387,4174446635789466124,6925932688889117475,1,0,simplekt,
95946251510555387,7041525140720328358,6925932688889117475,1,0,simplekt,
95946251510555387,6916262339197165088,8903365289186067945,1,0,simplekt,
95946251510555387,3761491023692689771,8903365289186067945,1,0,simplekt,
95946251510555387,3507982955793878583,8903365289186067945,1,0,simplekt,
95946251510555387,2806387048859442998,8903365289186067945,1,0,simplekt,
95946251510555387,3613929414536646040,8903365289186067945,1,0,simplekt,
95946251510555387,4393950497766671118,8903365289186067945,1,0,simplekt,
95946251510555387,4957116784611094335,8903365289186067945,1,0,simplekt,
95946251510555387,190124367991131624,8903365289186067945,1,0,simplekt,
95946251510555387,4419884036032148801,8903365289186067945,1,0,simplekt,
95946251510555387,7776739510023025799,8903365289186067945,1,0,simplekt,
95946251510555387,2183395431070299806,8903365289186067945,1,0,simplekt,
95946251510555387,2513901138998017447,8903365289186067945,1,0,simplekt,
95946251510555387,5821635669619021562,8903365289186067945,1,0,simplekt,
95946251510555387,2401110688462848858,8903365289186067945,1,0,simplekt,
95946251510555387,6852980576875311153,2774368076249802464,1,0,simplekt,
95946251510555387,6274871102904385055,8903365289186067945,0,0,simplekt,
95946251510555387,338807275221326836,2774368076249802464,1,0,simplekt,
95946251510555387,8125283135034641891,3157518658218824219,1,0,simplekt,
95946251510555387,1072961995235950530,338807275221326836,1,0,simplekt,
95946251510555387,1531038473335074229,1553079256999111676,1,0,simplekt,
95946251510555387,2370360989819430639,338807275221326836,1,0,simplekt,
95946251510555387,7308238780198068988,338807275221326836,1,0,simplekt,
95946251510555387,1399662101429613325,2087380862434172594,1,0,simplekt,
95946251510555387,3788466048393203612,338807275221326836,1,0,simplekt,
95946251510555387,6529048585404281982,1553079256999111676,1,0,simplekt,
95946251510555387,8009018511438280399,1553079256999111676,0,0,simplekt,
95946251510555387,563793233634449639,1553079256999111676,0,0,simplekt,
95946251510555387,678576571551846666,2087380862434172594,1,0,simplekt,
95946251510555387,1956263685640837203,338807275221326836,1,0,simplekt,
95946251510555387,5414780523018341515,8450591260754163598,1,0,simplekt,
95946251510555387,1833026020218724701,1553079256999111676,1,0,simplekt,
95946251510555387,9052512276510259999,8450591260754163598,1,0,simplekt,
95946251510555387,7966462723188529488,8450591260754163598,1,0,simplekt,
95946251510555387,5771048247599626204,8450591260754163598,1,0,simplekt,
95946251510555387,873734404548316197,8450591260754163598,1,0,simplekt,
95946251510555387,6599578021431124988,6587421150596252277,1,0,simplekt,
95946251510555387,6009114612477186870,6587421150596252277,0,0,simplekt,
95946251510555387,1012503189239668908,8437183932514773570,0,0,simplekt,
95946251510555387,2935824022273957791,8437183932514773570,1,0,simplekt,
95946251510555387,1249946667551244754,8450591260754163598,1,0,simplekt,
95946251510555387,5598942769103361235,1553079256999111676,1,0,simplekt,
95946251510555387,7851535641356859951,4378721629787482518,0,0,simplekt,
95946251510555387,7851535641356859951,4378721629787482518,0,0,simplekt,
95946251510555387,5728136043885819221,5841359775533910823,0,0,simplekt,
95946251510555387,5728136043885819221,5405953385245894923,0,0,simplekt,
95946251510555387,5728136043885819221,5841359775533910823,0,0,simplekt,
95946251510555387,5728136043885819221,5405953385245894923,0,0,simplekt,
95946251510555387,8341548564938805671,555625984027262014,1,0,simplekt,
95946251510555387,8341548564938805671,555625984027262014,1,0,simplekt,
95946251510555387,8544108937578438220,555625984027262014,1,0,simplekt,
95946251510555387,8544108937578438220,3659066959988699832,1,0,simplekt,
95946251510555387,8544108937578438220,555625984027262014,1,0,simplekt,
95946251510555387,8544108937578438220,3659066959988699832,1,0,simplekt,
95946251510555387,4564791698464941459,4031585874086886353,1,0,simplekt,
95946251510555387,4564791698464941459,4031585874086886353,1,0,simplekt,
95946251510555387,7463403219484793763,7601972610929176126,1,0,simplekt,
95946251510555387,7463403219484793763,7601972610929176126,1,0,simplekt,
95946251510555387,2232617003324426145,2083452711903133430,0,0,simplekt,
95946251510555387,3532454656107581301,4031585874086886353,1,0,simplekt,
95946251510555387,8987418253780962108,555625984027262014,0,0,simplekt,
95946251510555387,8987418253780962108,555625984027262014,0,0,simplekt,
95946251510555387,3897677353126341659,5595843663294468577,1,0,simplekt,
95946251510555387,3897677353126341659,5595843663294468577,1,0,simplekt,
95946251510555387,382527925514868480,5595843663294468577,1,0,simplekt,
95946251510555387,382527925514868480,5595843663294468577,1,0,simplekt,
95946251510555387,3183155762485010705,5595843663294468577,1,0,simplekt,
95946251510555387,3183155762485010705,5595843663294468577,1,0,simplekt,
95946251510555387,79126658049403925,5595843663294468577,1,0,simplekt,
95946251510555387,79126658049403925,5595843663294468577,1,0,simplekt,
95946251510555387,1263690096247527116,666632563056544558,1,0,simplekt,
95946251510555387,1263690096247527116,4644364625800006675,1,0,simplekt,
95946251510555387,1263690096247527116,6335654691543306314,1,0,simplekt,
95946251510555387,1263690096247527116,666632563056544558,1,0,simplekt,
95946251510555387,1263690096247527116,4644364625800006675,1,0,simplekt,
95946251510555387,1263690096247527116,6335654691543306314,1,0,simplekt,
95946251510555387,2720957202583513891,666632563056544558,1,0,simplekt,
95946251510555387,2720957202583513891,4644364625800006675,1,0,simplekt,
95946251510555387,2720957202583513891,6335654691543306314,1,0,simplekt,
95946251510555387,2720957202583513891,666632563056544558,1,0,simplekt,
95946251510555387,2720957202583513891,4644364625800006675,1,0,simplekt,
95946251510555387,2720957202583513891,6335654691543306314,1,0,simplekt,
95946251510555387,3073831928033984126,666632563056544558,1,0,simplekt,
95946251510555387,3073831928033984126,4644364625800006675,1,0,simplekt,
95946251510555387,3073831928033984126,6335654691543306314,1,0,simplekt,
95946251510555387,3073831928033984126,666632563056544558,1,0,simplekt,
95946251510555387,3073831928033984126,4644364625800006675,1,0,simplekt,
95946251510555387,3073831928033984126,6335654691543306314,1,0,simplekt,
95946251510555387,5522306140081078778,6945730151184930199,1,0,simplekt,
95946251510555387,5522306140081078778,6945730151184930199,1,0,simplekt,
95946251510555387,6957173075266034654,3377267194089423700,1,0,simplekt,
95946251510555387,6957173075266034654,3377267194089423700,1,0,simplekt,
95946251510555387,1752603483245834293,6319743179241711738,1,0,simplekt,
95946251510555387,1752603483245834293,6319743179241711738,1,0,simplekt,
95946251510555387,6231246899517444062,4644364625800006675,1,0,simplekt,
95946251510555387,6231246899517444062,4644364625800006675,1,0,simplekt,
95946251510555387,4111403490391100110,4644364625800006675,1,0,simplekt,
95946251510555387,4111403490391100110,4644364625800006675,1,0,simplekt,
95946251510555387,34176376703529833,5932668873100475470,1,0,simplekt,
95946251510555387,34176376703529833,5932668873100475470,1,0,simplekt,
95946251510555387,4702555816977977979,4031585874086886353,1,0,simplekt,
95946251510555387,4702555816977977979,4031585874086886353,1,0,simplekt,
95946251510555387,7358762375416729811,2083452711903133430,1,0,simplekt,
95946251510555387,7358762375416729811,2083452711903133430,1,0,simplekt,
95946251510555387,3210667826792437866,2083452711903133430,0,0,simplekt,
95946251510555387,3210667826792437866,2083452711903133430,0,0,simplekt,
95946251510555387,6402967035666402816,2083452711903133430,0,0,simplekt,
95946251510555387,6402967035666402816,2083452711903133430,0,0,simplekt,
95946251510555387,8038371608467711416,5405953385245894923,0,0,simplekt,
95946251510555387,4560719101685283745,1418680419447008469,0,0,simplekt,
95946251510555387,8077900888757017988,1418680419447008469,1,0,simplekt,
95946251510555387,8077900888757017988,1418680419447008469,1,0,simplekt,
95946251510555387,8398942342651905271,594484301261397148,0,0,simplekt,
95946251510555387,5399261626541230889,4607388048970825422,1,0,simplekt,
95946251510555387,6102558346931911523,2500372166686333823,1,0,simplekt,
95946251510555387,2139775839720195858,4607388048970825422,0,0,simplekt,
95946251510555387,2139775839720195858,7137985937186816118,0,0,simplekt,
95946251510555387,7383869956935632416,4607388048970825422,1,0,simplekt,
95946251510555387,3890813091553988511,2500372166686333823,1,0,simplekt,
95946251510555387,6033858408592396138,2500372166686333823,1,0,simplekt,
95946251510555387,5761379740558431268,2953135825275070056,1,0,simplekt,
95946251510555387,5400681163626641324,2500372166686333823,1,0,simplekt,
95946251510555387,6689487384773798085,7430095633397685637,1,0,simplekt,
95946251510555387,3335719639886771293,2349564142150083418,1,0,simplekt,
95946251510555387,9064992506118431993,1418680419447008469,1,0,simplekt,
95946251510555387,8688287912320416101,3795512345256537003,1,0,simplekt,
95946251510555387,2809911546772231358,3795512345256537003,1,0,simplekt,
95946251510555387,2435205930912380745,1418680419447008469,1,0,simplekt,
95946251510555387,3647062293719374388,1418680419447008469,1,0,simplekt,
95946251510555387,4993789416584489480,1418680419447008469,1,0,simplekt,
95946251510555387,6117013555370612790,1418680419447008469,0,0,simplekt,
95946251510555387,2487461037695742997,7381422041526990924,1,0,simplekt,
95946251510555387,1039615560665340125,7381422041526990924,1,0,simplekt,
95946251510555387,2113417758576180428,7381422041526990924,1,0,simplekt,
95946251510555387,1042750347398296980,7381422041526990924,1,0,simplekt,
95946251510555387,2331790322825457799,7381422041526990924,0,0,simplekt,
95946251510555387,4598085758775514206,594484301261397148,1,0,simplekt,
95946251510555387,5585725812180078751,594484301261397148,1,0,simplekt,
95946251510555387,1283545829440870941,594484301261397148,1,0,simplekt,
95946251510555387,7416501935870440366,594484301261397148,0,0,simplekt,
95946251510555387,5920690581544263358,2500372166686333823,1,0,simplekt,
95946251510555387,7478711582937413777,8021260812906271597,1,0,simplekt,
95946251510555387,7594706423364338125,4607388048970825422,1,0,simplekt,
95946251510555387,7594706423364338125,4607388048970825422,1,0,simplekt,
95946251510555387,5623448580898929303,6456304688997881806,1,0,simplekt,
95946251510555387,5623448580898929303,945565921951254878,1,0,simplekt,
95946251510555387,2576960257270419186,6456304688997881806,0,0,simplekt,
95946251510555387,2576960257270419186,945565921951254878,0,0,simplekt,
95946251510555387,7602840716241768000,6456304688997881806,1,0,simplekt,
95946251510555387,7602840716241768000,945565921951254878,1,0,simplekt,
95946251510555387,4195329106839136902,6456304688997881806,1,0,simplekt,
95946251510555387,4195329106839136902,945565921951254878,1,0,simplekt,
95946251510555387,4375489625804735653,6456304688997881806,1,0,simplekt,
95946251510555387,4375489625804735653,945565921951254878,1,0,simplekt,
95946251510555387,3163791087444421440,1922602221628320208,1,0,simplekt,
95946251510555387,3163791087444421440,6713151476356104896,1,0,simplekt,
95946251510555387,2613929690640848764,1922602221628320208,1,0,simplekt,
95946251510555387,2613929690640848764,6713151476356104896,1,0,simplekt,
95946251510555387,7813528371200572434,8860457263355711329,1,0,simplekt,
95946251510555387,1771530153167929063,8860457263355711329,1,0,simplekt,
95946251510555387,7662360093890919526,1620228599548467016,1,0,simplekt,
95946251510555387,7662360093890919526,3695277572730007841,1,0,simplekt,
95946251510555387,5910498530874643037,1620228599548467016,1,0,simplekt,
95946251510555387,5910498530874643037,3695277572730007841,1,0,simplekt,
95946251510555387,6703174544397899212,1620228599548467016,1,0,simplekt,
95946251510555387,6703174544397899212,3695277572730007841,1,0,simplekt,
95946251510555387,1366458036167070051,1620228599548467016,1,0,simplekt,
95946251510555387,1366458036167070051,8860457263355711329,1,0,simplekt,
95946251510555387,8194519592080859606,1620228599548467016,1,0,simplekt,
95946251510555387,8194519592080859606,8860457263355711329,1,0,simplekt,
95946251510555387,5581526311980801047,3695277572730007841,1,0,simplekt,
95946251510555387,4551953707652183322,3695277572730007841,1,0,simplekt,
95946251510555387,708423039520301790,6645325642315848804,1,0,simplekt,
95946251510555387,2099721486309682150,3990069655864291204,1,0,simplekt,
95946251510555387,2099721486309682150,8398942342651905271,1,0,simplekt,
95946251510555387,2710606454993786168,5828402920911886260,1,0,simplekt,
95946251510555387,2705706337556209098,6645325642315848804,1,0,simplekt,
95946251510555387,4526863928383273751,8398942342651905271,0,0,simplekt,
95946251510555387,8564036083531757366,8398942342651905271,0,0,simplekt,
95946251510555387,3699777452923100896,7564569009553397433,1,0,simplekt,
95946251510555387,4994193848932517774,7564569009553397433,1,0,simplekt,
95946251510555387,9156525810860961390,7564569009553397433,1,0,simplekt,
95946251510555387,4288753158758653680,7564569009553397433,1,0,simplekt,
95946251510555387,1144744500053718901,7564569009553397433,1,0,simplekt,
95946251510555387,5936455646202537188,7564569009553397433,1,0,simplekt,
95946251510555387,2887734989777610696,7564569009553397433,1,0,simplekt,
95946251510555387,8152547403609690396,7564569009553397433,1,0,simplekt,
95946251510555387,5295154521553397921,7564569009553397433,1,0,simplekt,
95946251510555387,823518920313580690,9077326449528405556,1,0,simplekt,
95946251510555387,6697334986031993616,9077326449528405556,1,0,simplekt,
95946251510555387,6259760271102057757,9077326449528405556,1,0,simplekt,
95946251510555387,2684068912014276793,9077326449528405556,1,0,simplekt,
95946251510555387,1962338672358051307,9077326449528405556,1,0,simplekt,
95946251510555387,309156999200792777,4560719101685283745,1,0,simplekt,
95946251510555387,8380362474047627316,4560719101685283745,1,0,simplekt,
95946251510555387,8871787769742063191,4560719101685283745,1,0,simplekt,
95946251510555387,4092267017397914754,1406822627150775238,0,0,simplekt,
95946251510555387,447319539747434279,7095552851158154914,0,0,simplekt,
95946251510555387,3101224498948786626,7877160466076973101,1,0,simplekt,
95946251510555387,1726769798644809705,7877160466076973101,1,0,simplekt,
95946251510555387,493868857135992796,6471369570750938294,1,0,simplekt,
95946251510555387,493868857135992796,5841359775533910823,1,0,simplekt,
95946251510555387,716644526861358633,765686451306091390,0,0,simplekt,
95946251510555387,1096622659738768371,6103364715799004295,1,0,simplekt,
95946251510555387,3915431759516339009,325754291254371692,0,0,simplekt,
95946251510555387,3915431759516339009,5841359775533910823,0,0,simplekt,
95946251510555387,3954431150827949799,2240774251905964566,1,0,simplekt,
95946251510555387,3954431150827949799,6899671937378175901,1,0,simplekt,
95946251510555387,3954431150827949799,7137985937186816118,1,0,simplekt,
95946251510555387,5871610581170632292,1520947013988716706,1,0,simplekt,
95946251510555387,5871610581170632292,8523260970482156988,1,0,simplekt,
95946251510555387,6856246182355369865,5540293484639694862,1,0,simplekt,
95946251510555387,6856246182355369865,945565921951254878,1,0,simplekt,
95946251510555387,8318244571792111455,6899671937378175901,1,0,simplekt,
95946251510555387,8318244571792111455,7137985937186816118,1,0,simplekt,
95946251510555387,6133642593595202758,8946122040834336764,0,0,simplekt,
95946251510555387,1349015927524233791,7071646029904496111,1,0,simplekt,
95946251510555387,2527237414009188471,358466476080118370,1,0,simplekt,
95946251510555387,6777721936409208091,358466476080118370,1,0,simplekt,
95946251510555387,195068949804507098,1498900241304656752,1,0,simplekt,
95946251510555387,5956364759353815772,1498900241304656752,1,0,simplekt,
95946251510555387,8512972772367883974,6282529568844347553,1,0,simplekt,
95946251510555387,7632938701347747686,5891620578387310353,1,0,simplekt,
95946251510555387,7034078679352047709,3252826287101409243,1,0,simplekt,
95946251510555387,4775551533711504428,3252826287101409243,1,0,simplekt,
95946251510555387,7872896901740427023,5140154928761940633,1,0,simplekt,
95946251510555387,4950442342763324489,4981016869870220101,1,0,simplekt,
95946251510555387,8109956761434409374,6871726152230450217,1,0,simplekt,
95946251510555387,1646408474212081544,6871726152230450217,1,0,simplekt,
95946251510555387,1646408474212081544,4975673644036102574,1,0,simplekt,
95946251510555387,3791215618825928769,6871726152230450217,1,0,simplekt,
95946251510555387,3791215618825928769,4975673644036102574,1,0,simplekt,
95946251510555387,7918665471029733760,6871726152230450217,1,0,simplekt,
95946251510555387,7918665471029733760,4975673644036102574,1,0,simplekt,
95946251510555387,3390467087719266999,6871726152230450217,1,0,simplekt,
95946251510555387,3390467087719266999,4975673644036102574,1,0,simplekt,
95946251510555387,4217300911507384862,3746345278993456279,0,0,simplekt,
95946251510555387,4519208631140140379,5270369024203925293,0,0,simplekt,
95946251510555387,4519208631140140379,6438344733596527197,0,0,simplekt,
95946251510555387,8014373384011494191,5270369024203925293,1,0,simplekt,
95946251510555387,8014373384011494191,6438344733596527197,1,0,simplekt,
95946251510555387,4444589948447228474,6871726152230450217,1,0,simplekt,
95946251510555387,4444589948447228474,4975673644036102574,1,0,simplekt,
95946251510555387,4695103821447013039,6871726152230450217,0,0,simplekt,
95946251510555387,4695103821447013039,4975673644036102574,0,0,simplekt,
95946251510555387,1651060061902010516,6871726152230450217,0,0,simplekt,
95946251510555387,7394936890886339827,6367134154746722904,1,0,simplekt,
95946251510555387,2696874492593956963,4975673644036102574,1,0,simplekt,
95946251510555387,7061890468104684673,1846178505561760349,1,0,simplekt,
95946251510555387,8622188369070640969,6871726152230450217,1,0,simplekt,
95946251510555387,3570902257700563877,2725736025011687568,1,0,simplekt,
95946251510555387,8010660763927430570,2725736025011687568,1,0,simplekt,
95946251510555387,3222796246405985102,6617986845316146041,1,0,simplekt,
95946251510555387,8527376238265732040,6617986845316146041,1,0,simplekt,
98647072013132831,7763029187668663390,17368298824386454,1,0,simplekt,
98647072013132831,4389874806525329152,17368298824386454,1,0,simplekt,
98647072013132831,8048688556918675420,4963196153483966673,1,0,simplekt,
98647072013132831,8742042833452882078,1035367362361933335,1,0,simplekt,
98647072013132831,8742042833452882078,17368298824386454,1,0,simplekt,
98647072013132831,921980873700782705,8952147277934020296,1,0,simplekt,
98647072013132831,7107023648925395807,1035367362361933335,1,0,simplekt,
98647072013132831,7107023648925395807,1061301253559417093,1,0,simplekt,
98647072013132831,7996926089493442878,1061301253559417093,1,0,simplekt,
98647072013132831,7996926089493442878,1962751598315765836,1,0,simplekt,
98647072013132831,4389874806525329152,17368298824386454,1,0,simplekt,
98647072013132831,8048688556918675420,4963196153483966673,1,0,simplekt,
98647072013132831,8742042833452882078,1035367362361933335,1,0,simplekt,
98647072013132831,8742042833452882078,17368298824386454,1,0,simplekt,
98647072013132831,3145156988418070159,2042035842694401475,1,0,simplekt,
98647072013132831,3145156988418070159,1061301253559417093,1,0,simplekt,
98647072013132831,7744513373483970787,1061301253559417093,1,0,simplekt,
98647072013132831,5778139094387649840,8637767708838786270,1,0,simplekt,
98647072013132831,3386664800761312538,1061301253559417093,1,0,simplekt,
98647072013132831,5626355055055545431,6822117125000922910,1,0,simplekt,
98647072013132831,8864809465971284028,2042035842694401475,1,0,simplekt,
98647072013132831,6708741748741232863,8637767708838786270,1,0,simplekt,
98647072013132831,8274434403187197665,5102161112014440215,1,0,simplekt,
98647072013132831,8404743698645172910,1528367322763859649,1,0,simplekt,
98647072013132831,290572049666842618,2042035842694401475,1,0,simplekt,
98647072013132831,3386664800761312538,1061301253559417093,1,0,simplekt,
98647072013132831,5626355055055545431,6822117125000922910,1,0,simplekt,
98647072013132831,731794087150807706,8637767708838786270,1,0,simplekt,
98647072013132831,2002337488984006125,3973362612645892720,1,0,simplekt,
98647072013132831,2617896377082299948,265024722754351077,1,0,simplekt,
98647072013132831,7312291969267315939,1528367322763859649,1,0,simplekt,
98647072013132831,7433909518649792585,8637767708838786270,1,0,simplekt,
98647072013132831,1248839093075293021,3896176223871121243,1,0,simplekt,
98647072013132831,1248839093075293021,4654090348491357037,1,0,simplekt,
98647072013132831,2617896377082299948,265024722754351077,1,0,simplekt,
98647072013132831,7312291969267315939,1528367322763859649,1,0,simplekt,
98647072013132831,7433909518649792585,8637767708838786270,1,0,simplekt,
98647072013132831,4055181958523095052,4971898752437058564,1,0,simplekt,
98647072013132831,2727580472725417036,3896176223871121243,1,0,simplekt,
98647072013132831,5501975291993525034,4654090348491357037,1,0,simplekt,
98647072013132831,6991501943547859560,4654090348491357037,1,0,simplekt,
98647072013132831,6991501943547859560,2420520599624494102,1,0,simplekt,
98647072013132831,440811783466147539,3695961057996457232,1,0,simplekt,
98647072013132831,5828402920911886260,3018317019676942629,1,0,simplekt,
98647072013132831,440811783466147539,3695961057996457232,1,0,simplekt,
98647072013132831,5828402920911886260,3018317019676942629,1,0,simplekt,
98647072013132831,3086562457051932167,1761868641361943332,1,0,simplekt,
98647072013132831,6238412361479316745,4824259625677886603,0,0,simplekt,
98647072013132831,7223937663635933255,1121940775251872465,1,0,simplekt,
98647072013132831,7223937663635933255,9083169879347368281,1,0,simplekt,
98647072013132831,5490559300243077051,1761868641361943332,1,0,simplekt,
98647072013132831,6486630054478318040,1761868641361943332,1,0,simplekt,
98647072013132831,6517113776429692278,1761868641361943332,1,0,simplekt,
98647072013132831,3320274191914431933,1217036946970550577,1,0,simplekt,
98647072013132831,239223947281477052,8860457263355711329,1,0,simplekt,
98647072013132831,6562668926073346752,3695277572730007841,1,0,simplekt,
98647072013132831,7333700626402702779,8860457263355711329,1,0,simplekt,
98647072013132831,1033235719054268613,1620228599548467016,1,0,simplekt,
98647072013132831,41434518912035555,3695277572730007841,1,0,simplekt,
98647072013132831,193608279773717946,3695277572730007841,1,0,simplekt,
98647072013132831,341982801440187992,4824259625677886603,1,0,simplekt,
98647072013132831,2975573403773770007,3932120167381333386,1,0,simplekt,
98647072013132831,3412576189779366937,3695277572730007841,1,0,simplekt,
98647072013132831,5565521754593165356,3018317019676942629,1,0,simplekt,
98647072013132831,5876268861883301973,4824259625677886603,1,0,simplekt,
98647072013132831,358904939128287787,3695277572730007841,1,0,simplekt,
98647072013132831,1796519690996385760,3695277572730007841,1,0,simplekt,
98647072013132831,3013690063586297748,6664130503876327269,1,0,simplekt,
98647072013132831,10766877478299942,8860457263355711329,1,0,simplekt,
98647072013132831,4640630302861370741,6664130503876327269,1,0,simplekt,
98647072013132831,5233639500475075064,3695277572730007841,1,0,simplekt,
98647072013132831,10766877478299942,8860457263355711329,1,0,simplekt,
98647072013132831,4640630302861370741,6664130503876327269,1,0,simplekt,
98647072013132831,5233639500475075064,3695277572730007841,1,0,simplekt,
98647072013132831,139815545349714716,8600282194503590507,1,0,simplekt,
98647072013132831,5105692549045655420,5367181793918399709,1,0,simplekt,
98647072013132831,7315505325538907780,8093703363222220592,1,0,simplekt,
98647072013132831,1956906990095827881,4644364625800006675,1,0,simplekt,
98647072013132831,574010913031507921,1419939641018040378,1,0,simplekt,
98647072013132831,2494213642607817134,6122976203044086678,1,0,simplekt,
98647072013132831,2955968342870521304,5367181793918399709,1,0,simplekt,
98647072013132831,8057419366645571406,8019950075815571462,1,0,simplekt,
98647072013132831,1047965245051446852,8019950075815571462,1,0,simplekt,
98647072013132831,1753059732506705263,5367181793918399709,1,0,simplekt,
98647072013132831,7909648145230263771,5367181793918399709,1,0,simplekt,
98647072013132831,3083880146036401197,2789722194329186491,1,0,simplekt,
98647072013132831,3993295421765698769,8019950075815571462,1,0,simplekt,
98647072013132831,4734652333914181414,8093703363222220592,1,0,simplekt,
98647072013132831,3083880146036401197,2789722194329186491,1,0,simplekt,
98647072013132831,3993295421765698769,8019950075815571462,1,0,simplekt,
98647072013132831,4734652333914181414,8093703363222220592,1,0,simplekt,
98647072013132831,4342885863352887,578064138689923259,1,0,simplekt,
98647072013132831,8590340331612253570,6994544439163477228,1,0,simplekt,
98647072013132831,8590340331612253570,1121364116392304820,1,0,simplekt,
98647072013132831,7216647987429371184,1121364116392304820,1,0,simplekt,
98647072013132831,8228293723494725445,287641116298515468,1,0,simplekt,
98647072013132831,8228293723494725445,4505643652580096432,1,0,simplekt,
98647072013132831,9028867006689148622,578064138689923259,1,0,simplekt,
98647072013132831,2725078147122156143,5282831772502765195,1,0,simplekt,
98647072013132831,3252826287101409243,287641116298515468,1,0,simplekt,
98647072013132831,8879857825588577091,578064138689923259,1,0,simplekt,
98647072013132831,512958171013917277,5581673844533041260,1,0,simplekt,
98647072013132831,5307840994521275444,6319743179241711738,1,0,simplekt,
98647072013132831,6524148115537906735,5595843663294468577,1,0,simplekt,
98647072013132831,2725078147122156143,5282831772502765195,1,0,simplekt,
