user_id,y_true,y_prob,fold,model
11605490338460,1.0,0.94460213,0,simplekt
11605490338460,1.0,0.94920623,0,simplekt
11605490338460,1.0,0.9599207,0,simplekt
11605490338460,1.0,0.9697362,0,simplekt
11605490338460,1.0,0.93269515,0,simplekt
11605490338460,1.0,0.97585005,0,simplekt
11605490338460,1.0,0.990943,0,simplekt
11605490338460,1.0,0.92907697,0,simplekt
11605490338460,0.0,0.70576906,0,simplekt
11605490338460,1.0,0.7529234,0,simplekt
11605490338460,1.0,0.8820294,0,simplekt
11605490338460,1.0,0.86251473,0,simplekt
11605490338460,1.0,0.9283111,0,simplekt
11605490338460,1.0,0.70471424,0,simplekt
11605490338460,1.0,0.99999845,0,simplekt
11605490338460,1.0,0.75341254,0,simplekt
11605490338460,1.0,0.76967853,0,simplekt
11605490338460,1.0,0.9388932,0,simplekt
11605490338460,1.0,0.93605053,0,simplekt
11605490338460,1.0,0.97973114,0,simplekt
11605490338460,1.0,0.91994,0,simplekt
11605490338460,1.0,0.94772,0,simplekt
11605490338460,1.0,0.962928,0,simplekt
11605490338460,1.0,0.96800786,0,simplekt
11605490338460,1.0,0.80686647,0,simplekt
11605490338460,1.0,0.90853715,0,simplekt
11605490338460,1.0,0.93519044,0,simplekt
11605490338460,1.0,0.9999621,0,simplekt
11605490338460,1.0,0.9676125,0,simplekt
11605490338460,1.0,0.9394548,0,simplekt
11605490338460,1.0,0.99999213,0,simplekt
11605490338460,1.0,0.9609706,0,simplekt
11605490338460,1.0,0.97910327,0,simplekt
11605490338460,1.0,0.9916304,0,simplekt
11605490338460,1.0,0.99145913,0,simplekt
11605490338460,1.0,0.9573701,0,simplekt
11605490338460,1.0,0.9795395,0,simplekt
11605490338460,1.0,0.9822686,0,simplekt
11605490338460,1.0,0.98439586,0,simplekt
11605490338460,1.0,0.99999213,0,simplekt
11605490338460,1.0,0.9808297,0,simplekt
11605490338460,1.0,0.99999464,0,simplekt
11605490338460,1.0,0.95068794,0,simplekt
11605490338460,1.0,0.99999774,0,simplekt
11605490338460,1.0,0.9429941,0,simplekt
11605490338460,1.0,0.9308028,0,simplekt
11605490338460,1.0,0.9653288,0,simplekt
11605490338460,1.0,0.99997485,0,simplekt
11605490338460,1.0,0.99999964,0,simplekt
11605490338460,1.0,0.9999994,0,simplekt
11605490338460,1.0,0.9941234,0,simplekt
11605490338460,1.0,0.9419542,0,simplekt
11605490338460,1.0,0.9866794,0,simplekt
11605490338460,1.0,0.99999917,0,simplekt
11605490338460,1.0,0.98619854,0,simplekt
11605490338460,1.0,0.97311765,0,simplekt
11605490338460,1.0,0.9902519,0,simplekt
11605490338460,1.0,0.9797906,0,simplekt
11605490338460,1.0,0.8710294,0,simplekt
11605490338460,1.0,0.97512305,0,simplekt
11605490338460,1.0,0.9903391,0,simplekt
11605490338460,1.0,0.9900671,0,simplekt
11605490338460,1.0,0.9999995,0,simplekt
11605490338460,1.0,0.98744583,0,simplekt
11605490338460,1.0,0.9625763,0,simplekt
11605490338460,1.0,0.98409903,0,simplekt
11605490338460,1.0,0.98888576,0,simplekt
11605490338460,1.0,0.9923941,0,simplekt
11605490338460,1.0,0.99587566,0,simplekt
11605490338460,1.0,0.9805933,0,simplekt
11605490338460,1.0,0.99874675,0,simplekt
11605490338460,1.0,0.9999962,0,simplekt
11605490338460,1.0,0.9999995,0,simplekt
11605490338460,1.0,0.99999845,0,simplekt
11605490338460,1.0,0.98788506,0,simplekt
11605490338460,1.0,0.81338507,0,simplekt
11605490338460,1.0,0.88114846,0,simplekt
11605490338460,1.0,0.8892453,0,simplekt
11605490338460,1.0,0.9852262,0,simplekt
11605490338460,1.0,0.99219793,0,simplekt
11605490338460,1.0,0.992211,0,simplekt
11605490338460,1.0,0.97104454,0,simplekt
11605490338460,1.0,0.95848477,0,simplekt
11605490338460,0.0,0.6932816,0,simplekt
11605490338460,1.0,0.9797131,0,simplekt
11605490338460,1.0,0.9914834,0,simplekt
11605490338460,1.0,0.9684494,0,simplekt
11605490338460,1.0,0.9846538,0,simplekt
11605490338460,1.0,0.9999943,0,simplekt
11605490338460,1.0,0.9898599,0,simplekt
11605490338460,1.0,0.9999273,0,simplekt
11605490338460,1.0,0.86790746,0,simplekt
11605490338460,1.0,0.9999969,0,simplekt
11605490338460,1.0,0.999998,0,simplekt
11605490338460,1.0,0.9924779,0,simplekt
11605490338460,1.0,0.9908174,0,simplekt
11605490338460,1.0,0.81462914,0,simplekt
11605490338460,1.0,0.99998295,0,simplekt
11605490338460,1.0,0.9926157,0,simplekt
97501916054465,1.0,0.88668823,0,simplekt
97501916054465,1.0,0.89667463,0,simplekt
97501916054465,1.0,0.981185,0,simplekt
97501916054465,1.0,0.728306,0,simplekt
97501916054465,1.0,0.76268786,0,simplekt
97501916054465,1.0,0.96583486,0,simplekt
97501916054465,1.0,0.96665144,0,simplekt
97501916054465,0.0,0.74570036,0,simplekt
97501916054465,0.0,0.83149093,0,simplekt
97501916054465,0.0,0.5723472,0,simplekt
97501916054465,0.0,0.6231016,0,simplekt
97501916054465,0.0,0.74480206,0,simplekt
97501916054465,1.0,0.88241196,0,simplekt
97501916054465,0.0,0.39337468,0,simplekt
97501916054465,1.0,0.5081991,0,simplekt
97501916054465,1.0,0.8020422,0,simplekt
97501916054465,1.0,0.95785755,0,simplekt
97501916054465,1.0,0.9999932,0,simplekt
97501916054465,1.0,0.94912136,0,simplekt
97501916054465,1.0,0.9999559,0,simplekt
97501916054465,1.0,0.96617293,0,simplekt
97501916054465,1.0,0.99997854,0,simplekt
97501916054465,0.0,0.6254788,0,simplekt
97501916054465,0.0,0.49493992,0,simplekt
97501916054465,0.0,0.56092125,0,simplekt
97501916054465,1.0,0.48604873,0,simplekt
97501916054465,1.0,0.724832,0,simplekt
97501916054465,1.0,0.9998815,0,simplekt
97501916054465,1.0,0.6766356,0,simplekt
97501916054465,1.0,0.99987113,0,simplekt
97501916054465,1.0,0.70378464,0,simplekt
97501916054465,1.0,0.8561457,0,simplekt
97501916054465,1.0,0.999956,0,simplekt
97501916054465,1.0,0.98441064,0,simplekt
97501916054465,1.0,0.9497417,0,simplekt
97501916054465,1.0,0.69911194,0,simplekt
97501916054465,1.0,0.77943814,0,simplekt
97501916054465,1.0,0.84122336,0,simplekt
97501916054465,1.0,0.9298778,0,simplekt
97501916054465,1.0,0.97325665,0,simplekt
97501916054465,1.0,0.9510232,0,simplekt
97501916054465,1.0,0.8201782,0,simplekt
97501916054465,0.0,0.76317024,0,simplekt
97501916054465,1.0,0.76463693,0,simplekt
97501916054465,1.0,0.63998955,0,simplekt
97501916054465,1.0,0.7807595,0,simplekt
97501916054465,1.0,0.8509891,0,simplekt
97501916054465,1.0,0.9706505,0,simplekt
97501916054465,1.0,0.9416949,0,simplekt
97501916054465,1.0,0.99990225,0,simplekt
97501916054465,1.0,0.9342876,0,simplekt
97501916054465,1.0,0.9999871,0,simplekt
97501916054465,1.0,0.99999666,0,simplekt
97501916054465,1.0,0.9691078,0,simplekt
97501916054465,1.0,0.9999994,0,simplekt
97501916054465,1.0,0.77985126,0,simplekt
97501916054465,1.0,0.9999471,0,simplekt
97501916054465,1.0,0.9711997,0,simplekt
97501916054465,1.0,0.999884,0,simplekt
97501916054465,1.0,0.61537725,0,simplekt
97501916054465,1.0,0.81542134,0,simplekt
97501916054465,1.0,0.90695214,0,simplekt
97501916054465,0.0,0.7030918,0,simplekt
97501916054465,0.0,5.966389e-06,0,simplekt
97501916054465,0.0,7.5633205e-10,0,simplekt
97501916054465,0.0,8.0845934e-11,0,simplekt
97501916054465,0.0,2.1898556e-09,0,simplekt
97501916054465,0.0,3.994844e-06,0,simplekt
97501916054465,0.0,0.54827756,0,simplekt
97501916054465,0.0,4.9773616e-06,0,simplekt
97501916054465,0.0,1.5095982e-09,0,simplekt
97501916054465,0.0,9.943462e-11,0,simplekt
97501916054465,0.0,2.6391032e-09,0,simplekt
97501916054465,0.0,6.451085e-06,0,simplekt
97501916054465,1.0,0.6574189,0,simplekt
97501916054465,1.0,0.8597212,0,simplekt
97501916054465,0.0,0.8096588,0,simplekt
97501916054465,0.0,0.019637687,0,simplekt
97501916054465,1.0,0.7840413,0,simplekt
97501916054465,0.0,0.51817036,0,simplekt
97501916054465,1.0,0.6190037,0,simplekt
97501916054465,1.0,0.86138576,0,simplekt
97501916054465,1.0,0.944276,0,simplekt
97501916054465,1.0,0.9228551,0,simplekt
97501916054465,1.0,0.5788884,0,simplekt
97501916054465,1.0,0.93997526,0,simplekt
97501916054465,1.0,0.99998784,0,simplekt
97501916054465,1.0,0.45166716,0,simplekt
97501916054465,1.0,0.9999267,0,simplekt
97501916054465,1.0,0.67821264,0,simplekt
97501916054465,0.0,0.6951466,0,simplekt
97501916054465,0.0,0.5492865,0,simplekt
97501916054465,1.0,0.55265826,0,simplekt
97501916054465,1.0,0.6898508,0,simplekt
97501916054465,1.0,0.8095421,0,simplekt
97501916054465,0.0,0.67115915,0,simplekt
97501916054465,0.0,0.63796395,0,simplekt
97501916054465,0.0,0.3075363,0,simplekt
97501916054465,0.0,0.6259727,0,simplekt
495683384572028,1.0,0.9374701,0,simplekt
495683384572028,1.0,0.94562775,0,simplekt
495683384572028,1.0,0.87566316,0,simplekt
495683384572028,0.0,0.9619797,0,simplekt
495683384572028,0.0,0.00069221837,0,simplekt
495683384572028,1.0,0.53859717,0,simplekt
495683384572028,1.0,0.8993315,0,simplekt
495683384572028,0.0,0.8745912,0,simplekt
495683384572028,0.0,0.5503937,0,simplekt
495683384572028,0.0,0.5186781,0,simplekt
495683384572028,1.0,0.30998883,0,simplekt
495683384572028,1.0,0.99994886,0,simplekt
495683384572028,0.0,0.81780213,0,simplekt
495683384572028,0.0,0.9034956,0,simplekt
495683384572028,0.0,0.6243179,0,simplekt
495683384572028,1.0,0.7529576,0,simplekt
495683384572028,0.0,0.83790183,0,simplekt
495683384572028,0.0,1.5124242e-05,0,simplekt
495683384572028,0.0,0.7796284,0,simplekt
495683384572028,1.0,0.18372415,0,simplekt
495683384572028,1.0,0.75875497,0,simplekt
495683384572028,1.0,0.9157789,0,simplekt
495683384572028,1.0,0.8418592,0,simplekt
495683384572028,1.0,0.8796763,0,simplekt
495683384572028,1.0,0.9273328,0,simplekt
495683384572028,0.0,0.75105596,0,simplekt
495683384572028,0.0,6.2916675e-05,0,simplekt
495683384572028,1.0,0.67585194,0,simplekt
495683384572028,1.0,0.51732916,0,simplekt
495683384572028,0.0,0.6404396,0,simplekt
495683384572028,0.0,0.00026708274,0,simplekt
495683384572028,1.0,0.3952049,0,simplekt
495683384572028,1.0,0.83906853,0,simplekt
495683384572028,1.0,0.807685,0,simplekt
495683384572028,1.0,0.5449912,0,simplekt
495683384572028,1.0,0.6579955,0,simplekt
495683384572028,1.0,0.9563494,0,simplekt
495683384572028,0.0,0.7966289,0,simplekt
495683384572028,1.0,0.70765215,0,simplekt
495683384572028,1.0,0.9999851,0,simplekt
495683384572028,1.0,0.73708135,0,simplekt
495683384572028,1.0,0.87785476,0,simplekt
495683384572028,1.0,0.79530084,0,simplekt
495683384572028,1.0,0.3021249,0,simplekt
495683384572028,1.0,0.999967,0,simplekt
495683384572028,1.0,0.92071474,0,simplekt
495683384572028,1.0,0.87970227,0,simplekt
495683384572028,1.0,0.67618734,0,simplekt
495683384572028,1.0,0.53354174,0,simplekt
495683384572028,0.0,0.5152661,0,simplekt
495683384572028,0.0,0.40445396,0,simplekt
495683384572028,1.0,0.9439807,0,simplekt
495683384572028,1.0,0.8427883,0,simplekt
495683384572028,0.0,0.928832,0,simplekt
495683384572028,1.0,0.5579321,0,simplekt
495683384572028,1.0,0.9696163,0,simplekt
495683384572028,1.0,0.9999578,0,simplekt
495683384572028,1.0,0.9999964,0,simplekt
495683384572028,1.0,0.99998057,0,simplekt
495683384572028,1.0,0.9219215,0,simplekt
495683384572028,1.0,0.9527334,0,simplekt
495683384572028,1.0,0.83017355,0,simplekt
495683384572028,1.0,0.91996044,0,simplekt
495683384572028,1.0,0.9453712,0,simplekt
495683384572028,1.0,0.9999957,0,simplekt
495683384572028,1.0,0.90013766,0,simplekt
495683384572028,1.0,0.91249204,0,simplekt
495683384572028,1.0,0.99999416,0,simplekt
495683384572028,1.0,0.9389969,0,simplekt
495683384572028,1.0,0.9999702,0,simplekt
495683384572028,1.0,0.99986756,0,simplekt
495683384572028,1.0,0.87284756,0,simplekt
495683384572028,1.0,0.9293942,0,simplekt
495683384572028,1.0,0.99990153,0,simplekt
495683384572028,1.0,0.9092384,0,simplekt
495683384572028,1.0,0.97625005,0,simplekt
495683384572028,1.0,0.9844726,0,simplekt
495683384572028,1.0,0.9999964,0,simplekt
495683384572028,0.0,0.918756,0,simplekt
495683384572028,1.0,0.84586424,0,simplekt
495683384572028,1.0,0.5697583,0,simplekt
495683384572028,1.0,0.9162471,0,simplekt
495683384572028,1.0,0.9499107,0,simplekt
495683384572028,1.0,0.99999547,0,simplekt
495683384572028,1.0,0.956226,0,simplekt
495683384572028,1.0,0.97194654,0,simplekt
495683384572028,1.0,0.87864184,0,simplekt
495683384572028,1.0,0.9999975,0,simplekt
495683384572028,0.0,0.9711258,0,simplekt
495683384572028,0.0,0.9210443,0,simplekt
495683384572028,1.0,0.81684047,0,simplekt
495683384572028,1.0,0.9999577,0,simplekt
495683384572028,1.0,0.9264575,0,simplekt
495683384572028,0.0,0.7810878,0,simplekt
495683384572028,1.0,0.7049144,0,simplekt
495683384572028,0.0,0.850714,0,simplekt
495683384572028,0.0,0.0006087767,0,simplekt
495683384572028,0.0,0.70209646,0,simplekt
495683384572028,1.0,0.277818,0,simplekt
530023052988934,1.0,0.9888763,0,simplekt
530023052988934,1.0,0.8109047,0,simplekt
530023052988934,1.0,0.9816242,0,simplekt
530023052988934,1.0,0.9102834,0,simplekt
530023052988934,1.0,0.9200603,0,simplekt
530023052988934,1.0,0.8852477,0,simplekt
530023052988934,1.0,0.98532015,0,simplekt
530023052988934,1.0,0.9069201,0,simplekt
530023052988934,1.0,0.9999982,0,simplekt
530023052988934,1.0,0.91691464,0,simplekt
530023052988934,1.0,0.9288756,0,simplekt
530023052988934,1.0,0.9931503,0,simplekt
530023052988934,1.0,0.92811316,0,simplekt
530023052988934,1.0,0.9999993,0,simplekt
530023052988934,1.0,0.9085891,0,simplekt
530023052988934,1.0,0.7550887,0,simplekt
530023052988934,1.0,0.97863215,0,simplekt
530023052988934,0.0,0.7242746,0,simplekt
530023052988934,0.0,0.8042257,0,simplekt
530023052988934,1.0,0.8585419,0,simplekt
530023052988934,1.0,0.936861,0,simplekt
530023052988934,1.0,0.95090485,0,simplekt
530023052988934,0.0,0.59506774,0,simplekt
530023052988934,1.0,0.32995743,0,simplekt
530023052988934,0.0,0.78663695,0,simplekt
530023052988934,0.0,0.62728906,0,simplekt
530023052988934,1.0,0.32825193,0,simplekt
530023052988934,1.0,0.8087886,0,simplekt
530023052988934,1.0,0.53028816,0,simplekt
530023052988934,1.0,0.9999833,0,simplekt
530023052988934,1.0,0.6411771,0,simplekt
530023052988934,1.0,0.69366664,0,simplekt
530023052988934,1.0,0.8858029,0,simplekt
530023052988934,1.0,0.94469166,0,simplekt
530023052988934,1.0,0.5951901,0,simplekt
530023052988934,1.0,0.99999285,0,simplekt
530023052988934,1.0,0.7574713,0,simplekt
530023052988934,1.0,0.7717082,0,simplekt
530023052988934,1.0,0.6727468,0,simplekt
530023052988934,1.0,0.9998809,0,simplekt
530023052988934,1.0,0.9673692,0,simplekt
530023052988934,1.0,0.90273595,0,simplekt
530023052988934,1.0,0.97760093,0,simplekt
530023052988934,1.0,0.99999225,0,simplekt
530023052988934,1.0,0.9635677,0,simplekt
530023052988934,1.0,0.99998593,0,simplekt
530023052988934,1.0,0.9196952,0,simplekt
530023052988934,1.0,0.99999166,0,simplekt
530023052988934,1.0,0.9806803,0,simplekt
530023052988934,1.0,0.99998236,0,simplekt
530023052988934,1.0,0.9638061,0,simplekt
530023052988934,1.0,0.99998224,0,simplekt
530023052988934,1.0,0.92384064,0,simplekt
530023052988934,1.0,0.9999939,0,simplekt
530023052988934,1.0,0.876621,0,simplekt
530023052988934,1.0,0.92777413,0,simplekt
530023052988934,1.0,0.9999734,0,simplekt
530023052988934,1.0,0.9999988,0,simplekt
530023052988934,1.0,0.99999833,0,simplekt
530023052988934,1.0,0.797773,0,simplekt
530023052988934,0.0,0.9304266,0,simplekt
530023052988934,0.0,0.0005298491,0,simplekt
530023052988934,0.0,0.7544252,0,simplekt
530023052988934,1.0,0.81379426,0,simplekt
530023052988934,1.0,0.6211934,0,simplekt
530023052988934,0.0,0.49583447,0,simplekt
530023052988934,1.0,0.3565092,0,simplekt
530023052988934,1.0,0.56800836,0,simplekt
530023052988934,1.0,0.8383003,0,simplekt
530023052988934,0.0,0.7681431,0,simplekt
530023052988934,0.0,0.61075217,0,simplekt
530023052988934,0.0,0.3051157,0,simplekt
530023052988934,0.0,0.618159,0,simplekt
530023052988934,0.0,0.6008258,0,simplekt
530023052988934,0.0,0.4229729,0,simplekt
530023052988934,1.0,0.9500644,0,simplekt
530023052988934,1.0,0.9635639,0,simplekt
530023052988934,1.0,0.99999297,0,simplekt
530023052988934,1.0,0.9598433,0,simplekt
530023052988934,1.0,0.5623911,0,simplekt
530023052988934,1.0,0.78410655,0,simplekt
530023052988934,0.0,0.77192646,0,simplekt
530023052988934,0.0,0.3756456,0,simplekt
530023052988934,1.0,0.90340173,0,simplekt
530023052988934,1.0,0.9450152,0,simplekt
530023052988934,1.0,0.94491047,0,simplekt
530023052988934,1.0,0.8014404,0,simplekt
530023052988934,1.0,0.99998605,0,simplekt
530023052988934,1.0,0.9999988,0,simplekt
530023052988934,1.0,0.9230203,0,simplekt
530023052988934,1.0,0.711521,0,simplekt
530023052988934,1.0,0.81589514,0,simplekt
530023052988934,1.0,0.9177118,0,simplekt
530023052988934,1.0,0.614924,0,simplekt
530023052988934,1.0,0.96533304,0,simplekt
530023052988934,0.0,0.55674434,0,simplekt
530023052988934,1.0,0.7334211,0,simplekt
530023052988934,1.0,0.93675727,0,simplekt
530023052988934,1.0,0.9999925,0,simplekt
3342710304086692,1.0,0.8163061,0,simplekt
3342710304086692,0.0,0.89714545,0,simplekt
3342710304086692,0.0,0.002293386,0,simplekt
3342710304086692,0.0,0.58282334,0,simplekt
3342710304086692,1.0,0.8551958,0,simplekt
3342710304086692,1.0,0.97698194,0,simplekt
3342710304086692,1.0,0.7634123,0,simplekt
3342710304086692,1.0,0.91693205,0,simplekt
3342710304086692,1.0,0.85345304,0,simplekt
3342710304086692,1.0,0.867846,0,simplekt
3342710304086692,1.0,0.9909054,0,simplekt
3342710304086692,0.0,0.70089024,0,simplekt
3342710304086692,1.0,0.9509096,0,simplekt
3342710304086692,1.0,0.90180224,0,simplekt
3342710304086692,1.0,0.9499534,0,simplekt
3342710304086692,1.0,0.9833889,0,simplekt
3342710304086692,1.0,0.9440117,0,simplekt
3342710304086692,1.0,0.95253134,0,simplekt
3342710304086692,1.0,0.94260406,0,simplekt
3342710304086692,1.0,0.96185845,0,simplekt
3342710304086692,1.0,0.8818944,0,simplekt
3342710304086692,1.0,0.94069993,0,simplekt
3342710304086692,1.0,0.91548455,0,simplekt
3342710304086692,1.0,0.9548552,0,simplekt
3342710304086692,1.0,0.97367984,0,simplekt
3342710304086692,1.0,0.99999714,0,simplekt
3342710304086692,1.0,0.88535726,0,simplekt
3342710304086692,1.0,0.9999639,0,simplekt
3342710304086692,1.0,0.8776631,0,simplekt
3342710304086692,1.0,0.9999504,0,simplekt
3342710304086692,1.0,0.85845405,0,simplekt
3342710304086692,1.0,0.70052046,0,simplekt
3342710304086692,1.0,0.9790131,0,simplekt
3342710304086692,1.0,0.999879,0,simplekt
3342710304086692,1.0,0.92088735,0,simplekt
3342710304086692,1.0,0.991991,0,simplekt
3342710304086692,1.0,0.9916453,0,simplekt
3342710304086692,1.0,0.9998826,0,simplekt
3342710304086692,1.0,0.98068076,0,simplekt
3342710304086692,1.0,0.9947212,0,simplekt
3342710304086692,1.0,0.98187745,0,simplekt
3342710304086692,1.0,0.94371146,0,simplekt
3342710304086692,1.0,0.9694364,0,simplekt
3342710304086692,1.0,0.9707931,0,simplekt
3342710304086692,1.0,0.9899041,0,simplekt
3342710304086692,1.0,0.9896778,0,simplekt
3342710304086692,1.0,0.9832339,0,simplekt
3342710304086692,1.0,0.9998759,0,simplekt
3342710304086692,1.0,0.9873563,0,simplekt
3342710304086692,1.0,0.9999206,0,simplekt
3342710304086692,1.0,0.9113444,0,simplekt
3342710304086692,1.0,0.9905482,0,simplekt
3342710304086692,1.0,0.9999913,0,simplekt
3342710304086692,1.0,0.9967128,0,simplekt
3342710304086692,0.0,0.3275655,0,simplekt
3342710304086692,0.0,3.919119e-05,0,simplekt
3342710304086692,1.0,0.9340309,0,simplekt
3342710304086692,1.0,0.9993174,0,simplekt
3342710304086692,1.0,0.9763085,0,simplekt
3342710304086692,1.0,0.9850382,0,simplekt
3342710304086692,1.0,0.9951891,0,simplekt
3342710304086692,1.0,0.99707925,0,simplekt
3342710304086692,1.0,0.76247853,0,simplekt
3342710304086692,1.0,0.96608925,0,simplekt
3342710304086692,1.0,0.85252744,0,simplekt
3342710304086692,0.0,0.15999785,0,simplekt
3342710304086692,1.0,0.9742348,0,simplekt
3342710304086692,1.0,0.8297073,0,simplekt
3342710304086692,1.0,0.999877,0,simplekt
3342710304086692,0.0,0.03579887,0,simplekt
3342710304086692,1.0,0.9089917,0,simplekt
3342710304086692,1.0,0.9999399,0,simplekt
3342710304086692,1.0,0.8881537,0,simplekt
3342710304086692,1.0,0.44727588,0,simplekt
3342710304086692,1.0,0.99709606,0,simplekt
3342710304086692,1.0,0.75745314,0,simplekt
3342710304086692,1.0,0.9302447,0,simplekt
3342710304086692,1.0,0.85733664,0,simplekt
3342710304086692,1.0,0.736518,0,simplekt
3342710304086692,1.0,0.9340119,0,simplekt
3342710304086692,1.0,0.9449893,0,simplekt
3342710304086692,1.0,0.9023252,0,simplekt
3342710304086692,1.0,0.9840625,0,simplekt
3342710304086692,1.0,0.99984455,0,simplekt
3342710304086692,1.0,0.999912,0,simplekt
3342710304086692,1.0,0.989555,0,simplekt
3342710304086692,1.0,0.9999913,0,simplekt
3342710304086692,1.0,0.99351245,0,simplekt
3342710304086692,1.0,0.9883613,0,simplekt
3342710304086692,0.0,0.9897105,0,simplekt
3342710304086692,1.0,0.8846475,0,simplekt
3342710304086692,1.0,0.99998677,0,simplekt
3342710304086692,1.0,0.97345483,0,simplekt
3342710304086692,1.0,0.8659275,0,simplekt
3342710304086692,1.0,0.972726,0,simplekt
3342710304086692,1.0,0.9307084,0,simplekt
3342710304086692,1.0,0.9731136,0,simplekt
3342710304086692,1.0,0.97736937,0,simplekt
3342710304086692,1.0,0.99977213,0,simplekt
4342885863352887,1.0,0.5917601,0,simplekt
4342885863352887,1.0,0.8003589,0,simplekt
4342885863352887,1.0,0.63746595,0,simplekt
4342885863352887,1.0,0.64134455,0,simplekt
4342885863352887,1.0,0.88911784,0,simplekt
4342885863352887,1.0,0.7437404,0,simplekt
4342885863352887,1.0,0.93419105,0,simplekt
4342885863352887,1.0,0.9639693,0,simplekt
4342885863352887,1.0,0.9300012,0,simplekt
4342885863352887,1.0,0.95491266,0,simplekt
4342885863352887,1.0,0.8494405,0,simplekt
4342885863352887,1.0,0.9691177,0,simplekt
4342885863352887,1.0,0.9419472,0,simplekt
4342885863352887,1.0,0.9444499,0,simplekt
4342885863352887,1.0,0.8576111,0,simplekt
4342885863352887,0.0,0.7001263,0,simplekt
4342885863352887,0.0,0.18537769,0,simplekt
4342885863352887,1.0,0.888209,0,simplekt
4342885863352887,1.0,0.56092554,0,simplekt
4342885863352887,1.0,0.87358856,0,simplekt
4342885863352887,1.0,0.9044536,0,simplekt
4342885863352887,1.0,0.8795372,0,simplekt
4342885863352887,1.0,0.97377694,0,simplekt
4342885863352887,1.0,0.8652831,0,simplekt
4342885863352887,1.0,0.99999404,0,simplekt
4342885863352887,1.0,0.83781016,0,simplekt
4342885863352887,1.0,0.7077072,0,simplekt
4342885863352887,1.0,0.9736265,0,simplekt
4342885863352887,0.0,0.64881045,0,simplekt
4342885863352887,0.0,0.48344985,0,simplekt
4342885863352887,1.0,0.686467,0,simplekt
4342885863352887,1.0,0.8767269,0,simplekt
4342885863352887,1.0,0.918918,0,simplekt
4342885863352887,1.0,0.7514461,0,simplekt
4342885863352887,1.0,0.7597252,0,simplekt
4342885863352887,1.0,0.6997274,0,simplekt
4342885863352887,1.0,0.7260736,0,simplekt
4342885863352887,1.0,0.8339083,0,simplekt
4342885863352887,1.0,0.9760118,0,simplekt
4342885863352887,1.0,0.9780025,0,simplekt
4342885863352887,1.0,0.90480703,0,simplekt
4342885863352887,1.0,0.9746714,0,simplekt
4342885863352887,1.0,0.9360494,0,simplekt
4342885863352887,1.0,0.9721458,0,simplekt
4342885863352887,1.0,0.98914015,0,simplekt
4342885863352887,1.0,0.9999937,0,simplekt
4342885863352887,1.0,0.973331,0,simplekt
4342885863352887,0.0,0.42108172,0,simplekt
4342885863352887,1.0,0.9014444,0,simplekt
4342885863352887,1.0,0.58474135,0,simplekt
4342885863352887,0.0,0.5649974,0,simplekt
4342885863352887,1.0,0.6000951,0,simplekt
4342885863352887,1.0,0.99999666,0,simplekt
4342885863352887,1.0,0.84881556,0,simplekt
4342885863352887,1.0,0.9183362,0,simplekt
4342885863352887,1.0,0.9131686,0,simplekt
4342885863352887,1.0,0.8967096,0,simplekt
4342885863352887,1.0,0.94110507,0,simplekt
4342885863352887,1.0,0.9581571,0,simplekt
4342885863352887,1.0,0.95391184,0,simplekt
4342885863352887,1.0,0.7895401,0,simplekt
4342885863352887,1.0,0.87492037,0,simplekt
4342885863352887,1.0,0.9105544,0,simplekt
4342885863352887,1.0,0.9999597,0,simplekt
4342885863352887,1.0,0.8425,0,simplekt
4342885863352887,0.0,0.8919606,0,simplekt
4342885863352887,1.0,0.51954424,0,simplekt
4342885863352887,1.0,0.98368984,0,simplekt
4342885863352887,1.0,0.955004,0,simplekt
4342885863352887,1.0,0.973717,0,simplekt
4342885863352887,1.0,0.96411896,0,simplekt
4342885863352887,1.0,0.87771416,0,simplekt
4342885863352887,1.0,0.5980253,0,simplekt
4342885863352887,1.0,0.7158969,0,simplekt
4342885863352887,1.0,0.9999957,0,simplekt
4342885863352887,1.0,0.8405876,0,simplekt
4342885863352887,1.0,0.83669454,0,simplekt
4342885863352887,0.0,0.80660874,0,simplekt
4342885863352887,0.0,0.0002804908,0,simplekt
4342885863352887,1.0,0.8273926,0,simplekt
4342885863352887,1.0,0.88480836,0,simplekt
4342885863352887,1.0,0.90645057,0,simplekt
4342885863352887,1.0,0.903189,0,simplekt
4342885863352887,1.0,0.97808564,0,simplekt
4342885863352887,1.0,0.97787,0,simplekt
4342885863352887,1.0,0.9058962,0,simplekt
4342885863352887,1.0,0.99999297,0,simplekt
4342885863352887,1.0,0.9256932,0,simplekt
4342885863352887,1.0,0.9680112,0,simplekt
4342885863352887,1.0,0.98613584,0,simplekt
4342885863352887,1.0,0.9868335,0,simplekt
4342885863352887,1.0,0.9390455,0,simplekt
4342885863352887,1.0,0.9748625,0,simplekt
4342885863352887,1.0,0.9678844,0,simplekt
4342885863352887,1.0,0.85249764,0,simplekt
4342885863352887,0.0,0.6938366,0,simplekt
4342885863352887,1.0,0.97835493,0,simplekt
4342885863352887,0.0,0.60562646,0,simplekt
4342885863352887,1.0,0.9661167,0,simplekt
10766877478299942,1.0,0.9999976,0,simplekt
10766877478299942,1.0,0.91666526,0,simplekt
10766877478299942,1.0,0.99998975,0,simplekt
10766877478299942,1.0,0.9899885,0,simplekt
10766877478299942,1.0,0.8917861,0,simplekt
10766877478299942,1.0,0.9999993,0,simplekt
10766877478299942,1.0,0.9999999,0,simplekt
10766877478299942,1.0,0.99321234,0,simplekt
10766877478299942,1.0,0.99999976,0,simplekt
10766877478299942,1.0,0.90684175,0,simplekt
10766877478299942,1.0,0.9274237,0,simplekt
10766877478299942,1.0,0.95095414,0,simplekt
10766877478299942,1.0,0.82617813,0,simplekt
10766877478299942,1.0,0.87274116,0,simplekt
10766877478299942,1.0,0.90151036,0,simplekt
10766877478299942,1.0,0.98395556,0,simplekt
10766877478299942,1.0,0.9929571,0,simplekt
10766877478299942,1.0,0.99124324,0,simplekt
10766877478299942,0.0,0.9927753,0,simplekt
10766877478299942,0.0,0.00011928002,0,simplekt
10766877478299942,1.0,0.93965137,0,simplekt
10766877478299942,1.0,0.9063269,0,simplekt
10766877478299942,1.0,0.9755279,0,simplekt
10766877478299942,1.0,0.9833793,0,simplekt
10766877478299942,1.0,0.9211823,0,simplekt
10766877478299942,1.0,0.9934634,0,simplekt
10766877478299942,1.0,0.8589152,0,simplekt
10766877478299942,1.0,0.9744126,0,simplekt
10766877478299942,1.0,0.9982724,0,simplekt
10766877478299942,1.0,0.9999939,0,simplekt
10766877478299942,1.0,0.9999981,0,simplekt
10766877478299942,1.0,0.99999464,0,simplekt
10766877478299942,1.0,0.97940904,0,simplekt
10766877478299942,1.0,0.6607187,0,simplekt
10766877478299942,1.0,0.98632693,0,simplekt
10766877478299942,1.0,0.98907894,0,simplekt
10766877478299942,1.0,0.9625718,0,simplekt
10766877478299942,1.0,0.8869375,0,simplekt
10766877478299942,1.0,0.95712215,0,simplekt
10766877478299942,1.0,0.93886024,0,simplekt
10766877478299942,1.0,0.9999976,0,simplekt
10766877478299942,1.0,0.99999976,0,simplekt
10766877478299942,1.0,0.96098906,0,simplekt
10766877478299942,1.0,0.9999974,0,simplekt
10766877478299942,1.0,0.99999976,0,simplekt
10766877478299942,1.0,0.96377003,0,simplekt
10766877478299942,1.0,0.99169827,0,simplekt
10766877478299942,1.0,0.9796006,0,simplekt
10766877478299942,1.0,0.9856344,0,simplekt
10766877478299942,1.0,0.95376563,0,simplekt
10766877478299942,1.0,0.99999595,0,simplekt
10766877478299942,1.0,0.97685826,0,simplekt
10766877478299942,1.0,0.99999905,0,simplekt
10766877478299942,1.0,0.9867357,0,simplekt
10766877478299942,1.0,0.9962406,0,simplekt
10766877478299942,1.0,0.97311246,0,simplekt
10766877478299942,1.0,0.99999964,0,simplekt
10766877478299942,1.0,0.9832487,0,simplekt
10766877478299942,1.0,0.99188155,0,simplekt
10766877478299942,1.0,0.95071906,0,simplekt
10766877478299942,1.0,0.9466656,0,simplekt
10766877478299942,1.0,0.98745817,0,simplekt
10766877478299942,1.0,0.987862,0,simplekt
10766877478299942,1.0,0.89403546,0,simplekt
10766877478299942,1.0,0.90434635,0,simplekt
10766877478299942,1.0,0.95853,0,simplekt
10766877478299942,1.0,0.7682442,0,simplekt
10766877478299942,1.0,0.9999511,0,simplekt
10766877478299942,1.0,0.85097647,0,simplekt
10766877478299942,1.0,0.9390975,0,simplekt
10766877478299942,1.0,0.9924833,0,simplekt
10766877478299942,0.0,0.9773441,0,simplekt
10766877478299942,1.0,0.93436974,0,simplekt
10766877478299942,1.0,0.99995685,0,simplekt
10766877478299942,1.0,0.98876613,0,simplekt
10766877478299942,0.0,0.9782575,0,simplekt
10766877478299942,1.0,0.8230671,0,simplekt
10766877478299942,1.0,0.95526934,0,simplekt
10766877478299942,1.0,0.99026066,0,simplekt
10766877478299942,1.0,0.99999857,0,simplekt
10766877478299942,1.0,0.8436407,0,simplekt
10766877478299942,1.0,0.99028814,0,simplekt
10766877478299942,1.0,0.98830867,0,simplekt
10766877478299942,1.0,0.9912655,0,simplekt
10766877478299942,1.0,0.8875119,0,simplekt
10766877478299942,1.0,0.9762166,0,simplekt
10766877478299942,0.0,0.95464814,0,simplekt
10766877478299942,0.0,2.3773293e-05,0,simplekt
10766877478299942,1.0,0.8218122,0,simplekt
10766877478299942,1.0,0.95599157,0,simplekt
10766877478299942,1.0,0.89546233,0,simplekt
10766877478299942,1.0,0.9999025,0,simplekt
10766877478299942,1.0,0.9325895,0,simplekt
10766877478299942,1.0,0.8375523,0,simplekt
10766877478299942,0.0,0.932972,0,simplekt
10766877478299942,1.0,0.8389682,0,simplekt
10766877478299942,1.0,0.99974126,0,simplekt
10766877478299942,1.0,0.94327855,0,simplekt
10766877478299942,0.0,0.8883881,0,simplekt
13416541380785019,1.0,0.7500213,0,simplekt
13416541380785019,1.0,0.9999808,0,simplekt
13416541380785019,1.0,0.9999989,0,simplekt
13416541380785019,1.0,0.82786715,0,simplekt
13416541380785019,1.0,0.9999975,0,simplekt
13416541380785019,1.0,0.9999995,0,simplekt
13416541380785019,1.0,0.8458887,0,simplekt
13416541380785019,1.0,0.63320184,0,simplekt
13416541380785019,0.0,0.92870885,0,simplekt
13416541380785019,1.0,0.5858913,0,simplekt
13416541380785019,1.0,0.9696436,0,simplekt
13416541380785019,1.0,0.98158896,0,simplekt
13416541380785019,1.0,0.9701643,0,simplekt
13416541380785019,1.0,0.9952093,0,simplekt
13416541380785019,1.0,0.9488387,0,simplekt
13416541380785019,1.0,0.9621389,0,simplekt
13416541380785019,1.0,0.9999323,0,simplekt
13416541380785019,1.0,0.54548633,0,simplekt
13416541380785019,1.0,0.93597275,0,simplekt
13416541380785019,1.0,0.88918465,0,simplekt
13416541380785019,1.0,0.99996006,0,simplekt
13416541380785019,1.0,0.96789104,0,simplekt
13416541380785019,1.0,0.9999906,0,simplekt
13416541380785019,1.0,0.99999714,0,simplekt
13416541380785019,0.0,0.8122485,0,simplekt
13416541380785019,0.0,5.551256e-07,0,simplekt
13416541380785019,1.0,0.96597666,0,simplekt
13416541380785019,1.0,0.9998753,0,simplekt
13416541380785019,1.0,0.9499749,0,simplekt
13416541380785019,1.0,0.9999925,0,simplekt
13416541380785019,1.0,0.8055233,0,simplekt
13416541380785019,1.0,0.8480959,0,simplekt
13416541380785019,1.0,0.79372126,0,simplekt
13416541380785019,1.0,0.6102619,0,simplekt
13416541380785019,0.0,0.9345435,0,simplekt
13416541380785019,1.0,0.60713756,0,simplekt
13416541380785019,1.0,0.92835987,0,simplekt
13416541380785019,0.0,0.8202682,0,simplekt
13416541380785019,1.0,0.7886937,0,simplekt
13416541380785019,0.0,0.95993733,0,simplekt
13416541380785019,1.0,0.9280957,0,simplekt
13416541380785019,0.0,0.8148925,0,simplekt
13416541380785019,0.0,0.6634871,0,simplekt
13416541380785019,0.0,0.87760615,0,simplekt
13416541380785019,1.0,0.7179741,0,simplekt
13416541380785019,0.0,0.32793227,0,simplekt
13416541380785019,1.0,0.9297125,0,simplekt
13416541380785019,1.0,0.9999498,0,simplekt
13416541380785019,0.0,0.6957392,0,simplekt
13416541380785019,0.0,3.3410295e-05,0,simplekt
13416541380785019,0.0,0.3417812,0,simplekt
13416541380785019,0.0,0.4830153,0,simplekt
13416541380785019,0.0,0.40975997,0,simplekt
13416541380785019,1.0,0.36503646,0,simplekt
13416541380785019,0.0,0.4117273,0,simplekt
13416541380785019,0.0,0.57097614,0,simplekt
13416541380785019,1.0,0.7281144,0,simplekt
13416541380785019,1.0,0.66757834,0,simplekt
13416541380785019,0.0,0.50040376,0,simplekt
13416541380785019,1.0,0.7552049,0,simplekt
13416541380785019,1.0,0.86581546,0,simplekt
13416541380785019,1.0,0.90869194,0,simplekt
13416541380785019,1.0,0.44168273,0,simplekt
13416541380785019,0.0,0.5184466,0,simplekt
13416541380785019,0.0,1.5918324e-07,0,simplekt
13416541380785019,1.0,0.59929657,0,simplekt
13416541380785019,0.0,0.87928534,0,simplekt
13416541380785019,0.0,0.5835305,0,simplekt
13416541380785019,1.0,0.6629293,0,simplekt
13416541380785019,1.0,0.8119236,0,simplekt
13416541380785019,0.0,0.46641883,0,simplekt
13416541380785019,0.0,0.31165498,0,simplekt
13416541380785019,0.0,0.37994212,0,simplekt
13416541380785019,1.0,0.1312029,0,simplekt
13416541380785019,0.0,0.5080497,0,simplekt
13416541380785019,0.0,0.0008686648,0,simplekt
13416541380785019,0.0,0.5765354,0,simplekt
13416541380785019,1.0,0.4793943,0,simplekt
13416541380785019,1.0,0.68642914,0,simplekt
13416541380785019,0.0,0.27694517,0,simplekt
13416541380785019,0.0,0.23731278,0,simplekt
13416541380785019,0.0,0.00024399237,0,simplekt
13416541380785019,0.0,0.23940529,0,simplekt
13416541380785019,1.0,0.21935956,0,simplekt
13416541380785019,1.0,0.5631948,0,simplekt
13416541380785019,1.0,0.5552909,0,simplekt
13416541380785019,0.0,0.60865504,0,simplekt
13416541380785019,1.0,0.6977425,0,simplekt
13416541380785019,0.0,0.8022146,0,simplekt
13416541380785019,0.0,0.19377936,0,simplekt
13416541380785019,1.0,0.7389637,0,simplekt
13416541380785019,0.0,0.55776554,0,simplekt
13416541380785019,0.0,0.11672932,0,simplekt
13416541380785019,0.0,0.16649842,0,simplekt
13416541380785019,0.0,0.3103407,0,simplekt
13416541380785019,1.0,0.39725092,0,simplekt
13416541380785019,1.0,0.7311226,0,simplekt
13416541380785019,1.0,0.6535623,0,simplekt
13416541380785019,1.0,0.99991894,0,simplekt
15815461509674959,1.0,0.94641477,0,simplekt
15815461509674959,1.0,0.96053857,0,simplekt
15815461509674959,1.0,0.99999905,0,simplekt
15815461509674959,1.0,0.9999995,0,simplekt
15815461509674959,1.0,0.96417356,0,simplekt
15815461509674959,1.0,0.9999943,0,simplekt
15815461509674959,1.0,0.9933694,0,simplekt
15815461509674959,1.0,0.94053394,0,simplekt
15815461509674959,1.0,0.9999988,0,simplekt
15815461509674959,1.0,0.9999999,0,simplekt
15815461509674959,1.0,0.9946051,0,simplekt
15815461509674959,1.0,0.9999999,0,simplekt
15815461509674959,0.0,0.80943227,0,simplekt
15815461509674959,0.0,0.68957263,0,simplekt
15815461509674959,0.0,0.555643,0,simplekt
15815461509674959,1.0,0.79938424,0,simplekt
15815461509674959,1.0,0.81681573,0,simplekt
15815461509674959,0.0,0.89378965,0,simplekt
15815461509674959,1.0,0.92990226,0,simplekt
15815461509674959,1.0,0.9472042,0,simplekt
15815461509674959,1.0,0.95807457,0,simplekt
15815461509674959,1.0,0.97250855,0,simplekt
15815461509674959,1.0,0.9999924,0,simplekt
15815461509674959,1.0,0.9646529,0,simplekt
15815461509674959,1.0,0.93233335,0,simplekt
15815461509674959,1.0,0.9744118,0,simplekt
15815461509674959,1.0,0.98732066,0,simplekt
15815461509674959,1.0,0.92640865,0,simplekt
15815461509674959,1.0,0.9930769,0,simplekt
15815461509674959,1.0,0.8473991,0,simplekt
15815461509674959,1.0,0.9702986,0,simplekt
15815461509674959,1.0,0.99767846,0,simplekt
15815461509674959,1.0,0.99999034,0,simplekt
15815461509674959,1.0,0.9999975,0,simplekt
15815461509674959,1.0,0.9999889,0,simplekt
15815461509674959,1.0,0.9694048,0,simplekt
15815461509674959,0.0,0.53327185,0,simplekt
15815461509674959,1.0,0.5682565,0,simplekt
15815461509674959,1.0,0.48588824,0,simplekt
15815461509674959,1.0,0.5634697,0,simplekt
15815461509674959,0.0,0.63791305,0,simplekt
15815461509674959,1.0,0.9424063,0,simplekt
15815461509674959,1.0,0.9785308,0,simplekt
15815461509674959,1.0,0.920152,0,simplekt
15815461509674959,0.0,0.8286835,0,simplekt
15815461509674959,0.0,0.69160146,0,simplekt
15815461509674959,0.0,0.55709726,0,simplekt
15815461509674959,0.0,2.6024675e-06,0,simplekt
15815461509674959,0.0,5.297513e-06,0,simplekt
15815461509674959,0.0,0.764024,0,simplekt
15815461509674959,0.0,9.67197e-07,0,simplekt
15815461509674959,0.0,2.361925e-07,0,simplekt
15815461509674959,0.0,0.6939579,0,simplekt
15815461509674959,0.0,0.3397461,0,simplekt
15815461509674959,0.0,0.2638615,0,simplekt
15815461509674959,1.0,0.71380836,0,simplekt
15815461509674959,1.0,0.7234783,0,simplekt
15815461509674959,1.0,0.9999442,0,simplekt
15815461509674959,1.0,0.8451496,0,simplekt
15815461509674959,1.0,0.9999926,0,simplekt
15815461509674959,1.0,0.9127508,0,simplekt
15815461509674959,1.0,0.9752312,0,simplekt
15815461509674959,1.0,0.8302626,0,simplekt
15815461509674959,1.0,0.9999988,0,simplekt
15815461509674959,1.0,0.9153688,0,simplekt
15815461509674959,1.0,0.94792485,0,simplekt
15815461509674959,1.0,0.7570107,0,simplekt
15815461509674959,0.0,0.70712054,0,simplekt
15815461509674959,1.0,0.72968596,0,simplekt
15815461509674959,0.0,0.5065309,0,simplekt
15815461509674959,1.0,0.6311563,0,simplekt
15815461509674959,1.0,0.9998394,0,simplekt
15815461509674959,1.0,0.90829414,0,simplekt
15815461509674959,1.0,0.7094631,0,simplekt
15815461509674959,0.0,0.85409826,0,simplekt
15815461509674959,0.0,0.5868166,0,simplekt
15815461509674959,1.0,0.7419803,0,simplekt
15815461509674959,1.0,0.77823204,0,simplekt
15815461509674959,1.0,0.95698345,0,simplekt
15815461509674959,1.0,0.9136665,0,simplekt
15815461509674959,1.0,0.9999949,0,simplekt
15815461509674959,1.0,0.85557026,0,simplekt
15815461509674959,1.0,0.73885816,0,simplekt
15815461509674959,1.0,0.7256722,0,simplekt
15815461509674959,1.0,0.84556097,0,simplekt
15815461509674959,1.0,0.49658406,0,simplekt
15815461509674959,1.0,0.99994516,0,simplekt
15815461509674959,0.0,0.6012513,0,simplekt
15815461509674959,0.0,0.2711028,0,simplekt
15815461509674959,0.0,0.7691636,0,simplekt
15815461509674959,0.0,0.00022199072,0,simplekt
15815461509674959,1.0,0.21044756,0,simplekt
15815461509674959,1.0,0.9980775,0,simplekt
15815461509674959,1.0,0.7416259,0,simplekt
15815461509674959,1.0,0.94432384,0,simplekt
15815461509674959,1.0,0.962544,0,simplekt
15815461509674959,1.0,0.99998665,0,simplekt
15815461509674959,0.0,0.8138733,0,simplekt
15815461509674959,0.0,0.7535254,0,simplekt
18921701515480394,1.0,0.9248021,0,simplekt
18921701515480394,1.0,0.9999988,0,simplekt
18921701515480394,1.0,0.6651722,0,simplekt
18921701515480394,0.0,0.9479153,0,simplekt
18921701515480394,1.0,0.5637648,0,simplekt
18921701515480394,0.0,0.30614543,0,simplekt
18921701515480394,1.0,0.95633227,0,simplekt
18921701515480394,1.0,0.9999362,0,simplekt
18921701515480394,1.0,0.9663382,0,simplekt
18921701515480394,1.0,0.998198,0,simplekt
18921701515480394,1.0,0.8964705,0,simplekt
18921701515480394,1.0,0.91057336,0,simplekt
18921701515480394,1.0,0.9999496,0,simplekt
18921701515480394,1.0,0.9757962,0,simplekt
18921701515480394,1.0,0.78648883,0,simplekt
18921701515480394,1.0,0.9533417,0,simplekt
18921701515480394,1.0,0.9774433,0,simplekt
18921701515480394,1.0,0.99216014,0,simplekt
18921701515480394,1.0,0.9129439,0,simplekt
18921701515480394,1.0,0.94925445,0,simplekt
18921701515480394,0.0,0.9777182,0,simplekt
18921701515480394,1.0,0.93472916,0,simplekt
18921701515480394,1.0,0.9683652,0,simplekt
18921701515480394,1.0,0.8960175,0,simplekt
18921701515480394,0.0,0.9549575,0,simplekt
18921701515480394,0.0,0.8265596,0,simplekt
18921701515480394,1.0,0.9410437,0,simplekt
18921701515480394,1.0,0.768561,0,simplekt
18921701515480394,1.0,0.8074133,0,simplekt
18921701515480394,0.0,0.6824611,0,simplekt
18921701515480394,0.0,0.062858455,0,simplekt
18921701515480394,1.0,0.84726703,0,simplekt
18921701515480394,1.0,0.9997023,0,simplekt
18921701515480394,0.0,0.8458936,0,simplekt
18921701515480394,1.0,0.782385,0,simplekt
18921701515480394,0.0,0.9085208,0,simplekt
18921701515480394,1.0,0.75677675,0,simplekt
18921701515480394,1.0,0.99999523,0,simplekt
18921701515480394,1.0,0.88656086,0,simplekt
18921701515480394,1.0,0.99997354,0,simplekt
18921701515480394,0.0,0.72088325,0,simplekt
18921701515480394,0.0,0.85650444,0,simplekt
18921701515480394,0.0,0.00015517845,0,simplekt
18921701515480394,0.0,0.53898126,0,simplekt
18921701515480394,0.0,0.12437284,0,simplekt
18921701515480394,1.0,0.95954907,0,simplekt
18921701515480394,1.0,0.2834143,0,simplekt
18921701515480394,1.0,0.9249072,0,simplekt
18921701515480394,1.0,0.5154785,0,simplekt
18921701515480394,1.0,0.74656016,0,simplekt
18921701515480394,1.0,0.75122124,0,simplekt
18921701515480394,1.0,0.7390365,0,simplekt
18921701515480394,1.0,0.7636805,0,simplekt
18921701515480394,0.0,0.8483205,0,simplekt
18921701515480394,1.0,0.84959424,0,simplekt
18921701515480394,1.0,0.9442186,0,simplekt
18921701515480394,1.0,0.9543091,0,simplekt
18921701515480394,1.0,0.9566663,0,simplekt
18921701515480394,1.0,0.99999654,0,simplekt
18921701515480394,1.0,0.942264,0,simplekt
18921701515480394,1.0,0.96209455,0,simplekt
18921701515480394,0.0,0.85087824,0,simplekt
18921701515480394,0.0,0.4758982,0,simplekt
18921701515480394,0.0,0.36821327,0,simplekt
18921701515480394,1.0,0.46234676,0,simplekt
18921701515480394,1.0,0.99996865,0,simplekt
18921701515480394,1.0,0.9999982,0,simplekt
18921701515480394,1.0,0.781802,0,simplekt
18921701515480394,1.0,0.99993956,0,simplekt
18921701515480394,1.0,0.99999785,0,simplekt
18921701515480394,1.0,0.8511338,0,simplekt
18921701515480394,1.0,0.9280289,0,simplekt
18921701515480394,1.0,0.86754143,0,simplekt
18921701515480394,1.0,0.9495895,0,simplekt
18921701515480394,1.0,0.8554846,0,simplekt
18921701515480394,1.0,0.97398293,0,simplekt
18921701515480394,0.0,0.74214494,0,simplekt
18921701515480394,0.0,0.621026,0,simplekt
18921701515480394,0.0,0.3503685,0,simplekt
18921701515480394,1.0,0.29910034,0,simplekt
18921701515480394,1.0,0.9990355,0,simplekt
18921701515480394,0.0,0.44655058,0,simplekt
18921701515480394,0.0,0.22696146,0,simplekt
18921701515480394,1.0,0.8959972,0,simplekt
18921701515480394,1.0,0.9999106,0,simplekt
18921701515480394,0.0,0.69520575,0,simplekt
18921701515480394,0.0,0.50751925,0,simplekt
18921701515480394,1.0,0.7235527,0,simplekt
18921701515480394,1.0,0.840753,0,simplekt
18921701515480394,1.0,0.9999677,0,simplekt
18921701515480394,0.0,0.4810338,0,simplekt
18921701515480394,0.0,0.657886,0,simplekt
18921701515480394,1.0,0.787665,0,simplekt
18921701515480394,1.0,0.9232665,0,simplekt
18921701515480394,1.0,0.836231,0,simplekt
18921701515480394,1.0,0.83656496,0,simplekt
18921701515480394,0.0,0.6590572,0,simplekt
18921701515480394,0.0,5.464193e-05,0,simplekt
18921701515480394,1.0,0.9123765,0,simplekt
20591111060706799,1.0,0.9355341,0,simplekt
20591111060706799,0.0,0.55983245,0,simplekt
20591111060706799,1.0,0.86197084,0,simplekt
20591111060706799,1.0,0.9468985,0,simplekt
20591111060706799,1.0,0.9260472,0,simplekt
20591111060706799,1.0,0.93878174,0,simplekt
20591111060706799,1.0,0.8154358,0,simplekt
20591111060706799,0.0,0.70432025,0,simplekt
20591111060706799,1.0,0.5789703,0,simplekt
20591111060706799,1.0,0.76979077,0,simplekt
20591111060706799,1.0,0.8139286,0,simplekt
20591111060706799,1.0,0.72618705,0,simplekt
20591111060706799,1.0,0.63990355,0,simplekt
20591111060706799,0.0,0.7631155,0,simplekt
20591111060706799,0.0,0.47787791,0,simplekt
20591111060706799,0.0,0.42496482,0,simplekt
20591111060706799,1.0,0.30617967,0,simplekt
20591111060706799,1.0,0.7221556,0,simplekt
20591111060706799,0.0,0.8233582,0,simplekt
20591111060706799,1.0,0.5084189,0,simplekt
20591111060706799,0.0,0.70852417,0,simplekt
20591111060706799,1.0,0.5864132,0,simplekt
20591111060706799,1.0,0.8379679,0,simplekt
20591111060706799,0.0,0.7085837,0,simplekt
20591111060706799,1.0,0.82174224,0,simplekt
20591111060706799,0.0,0.08772246,0,simplekt
20591111060706799,1.0,0.74969935,0,simplekt
20591111060706799,1.0,0.89983904,0,simplekt
20591111060706799,1.0,0.9323657,0,simplekt
20591111060706799,1.0,0.6737981,0,simplekt
20591111060706799,1.0,0.77029544,0,simplekt
20591111060706799,1.0,0.8793409,0,simplekt
20591111060706799,1.0,0.86618906,0,simplekt
20591111060706799,1.0,0.99996567,0,simplekt
20591111060706799,1.0,0.8352168,0,simplekt
20591111060706799,1.0,0.84117603,0,simplekt
20591111060706799,0.0,0.6545447,0,simplekt
20591111060706799,1.0,0.8297851,0,simplekt
20591111060706799,1.0,0.6282778,0,simplekt
20591111060706799,1.0,0.73683006,0,simplekt
20591111060706799,0.0,0.5966635,0,simplekt
20591111060706799,0.0,0.89465314,0,simplekt
20591111060706799,1.0,0.35258517,0,simplekt
20591111060706799,1.0,0.94829154,0,simplekt
20591111060706799,1.0,0.9287422,0,simplekt
20591111060706799,1.0,0.9997571,0,simplekt
20591111060706799,1.0,0.91155165,0,simplekt
20591111060706799,1.0,0.999124,0,simplekt
20591111060706799,1.0,0.9283781,0,simplekt
20591111060706799,1.0,0.9992592,0,simplekt
20591111060706799,0.0,0.6845755,0,simplekt
20591111060706799,0.0,9.205479e-05,0,simplekt
20591111060706799,0.0,0.5919747,0,simplekt
20591111060706799,0.0,0.00050426146,0,simplekt
20591111060706799,1.0,0.87712556,0,simplekt
20591111060706799,1.0,0.99999976,0,simplekt
20591111060706799,1.0,0.8645818,0,simplekt
20591111060706799,1.0,0.9999993,0,simplekt
20591111060706799,0.0,0.70636874,0,simplekt
20591111060706799,1.0,0.7304623,0,simplekt
20591111060706799,1.0,0.7440861,0,simplekt
20591111060706799,1.0,0.9999598,0,simplekt
20591111060706799,1.0,0.8667538,0,simplekt
20591111060706799,1.0,0.99994075,0,simplekt
20591111060706799,1.0,0.7081828,0,simplekt
20591111060706799,1.0,0.9999294,0,simplekt
20591111060706799,1.0,0.69140154,0,simplekt
20591111060706799,1.0,0.9999163,0,simplekt
20591111060706799,0.0,0.8688231,0,simplekt
20591111060706799,1.0,0.741999,0,simplekt
20591111060706799,1.0,0.9031496,0,simplekt
20591111060706799,1.0,0.94071174,0,simplekt
20591111060706799,1.0,0.6098486,0,simplekt
20591111060706799,0.0,0.89064616,0,simplekt
20591111060706799,0.0,5.6130393e-05,0,simplekt
20591111060706799,1.0,0.64735013,0,simplekt
20591111060706799,1.0,0.9999938,0,simplekt
20591111060706799,1.0,0.86532426,0,simplekt
20591111060706799,0.0,0.44317052,0,simplekt
20591111060706799,1.0,0.94784045,0,simplekt
20591111060706799,0.0,0.89830446,0,simplekt
20591111060706799,0.0,4.4095323e-05,0,simplekt
20591111060706799,0.0,0.22623487,0,simplekt
20591111060706799,1.0,0.67272735,0,simplekt
20591111060706799,0.0,0.30960387,0,simplekt
20591111060706799,0.0,4.3481443e-05,0,simplekt
20591111060706799,1.0,0.8310355,0,simplekt
20591111060706799,1.0,0.999992,0,simplekt
20591111060706799,1.0,0.9999937,0,simplekt
20591111060706799,1.0,0.5040206,0,simplekt
20591111060706799,1.0,0.99837804,0,simplekt
20591111060706799,1.0,0.93368894,0,simplekt
20591111060706799,1.0,0.99994254,0,simplekt
20591111060706799,1.0,0.9217664,0,simplekt
20591111060706799,1.0,0.9999796,0,simplekt
20591111060706799,0.0,0.7701438,0,simplekt
20591111060706799,0.0,0.33672094,0,simplekt
20591111060706799,1.0,0.68518734,0,simplekt
20591111060706799,0.0,0.5171267,0,simplekt
22418836115924771,1.0,0.9999962,0,simplekt
22418836115924771,1.0,0.9592633,0,simplekt
22418836115924771,1.0,0.99999857,0,simplekt
22418836115924771,1.0,0.9543929,0,simplekt
22418836115924771,1.0,0.9999987,0,simplekt
22418836115924771,1.0,0.43167326,0,simplekt
22418836115924771,1.0,0.6697143,0,simplekt
22418836115924771,1.0,0.99999344,0,simplekt
22418836115924771,0.0,0.67772996,0,simplekt
22418836115924771,0.0,0.89554745,0,simplekt
22418836115924771,1.0,0.76619583,0,simplekt
22418836115924771,1.0,0.62283856,0,simplekt
22418836115924771,1.0,0.9829085,0,simplekt
22418836115924771,1.0,0.9928417,0,simplekt
22418836115924771,1.0,0.9501662,0,simplekt
22418836115924771,1.0,0.9521059,0,simplekt
22418836115924771,1.0,0.92844725,0,simplekt
22418836115924771,1.0,0.942823,0,simplekt
22418836115924771,1.0,0.9999962,0,simplekt
22418836115924771,1.0,0.9999999,0,simplekt
22418836115924771,1.0,0.9805604,0,simplekt
22418836115924771,1.0,0.82984775,0,simplekt
22418836115924771,1.0,0.9999912,0,simplekt
22418836115924771,1.0,0.99999976,0,simplekt
22418836115924771,1.0,0.9818126,0,simplekt
22418836115924771,1.0,0.99999964,0,simplekt
22418836115924771,1.0,0.9606477,0,simplekt
22418836115924771,0.0,0.59338886,0,simplekt
22418836115924771,1.0,0.97623074,0,simplekt
22418836115924771,1.0,0.9832087,0,simplekt
22418836115924771,1.0,0.93298084,0,simplekt
22418836115924771,1.0,0.9862527,0,simplekt
22418836115924771,1.0,0.9870896,0,simplekt
22418836115924771,1.0,0.9493669,0,simplekt
22418836115924771,1.0,0.94948685,0,simplekt
22418836115924771,1.0,0.99999464,0,simplekt
22418836115924771,1.0,0.99999976,0,simplekt
22418836115924771,1.0,0.98178965,0,simplekt
22418836115924771,0.0,0.8387937,0,simplekt
22418836115924771,1.0,0.7949943,0,simplekt
22418836115924771,1.0,0.89442176,0,simplekt
22418836115924771,1.0,0.99999523,0,simplekt
22418836115924771,1.0,0.9999995,0,simplekt
22418836115924771,1.0,0.9715549,0,simplekt
22418836115924771,1.0,0.9077889,0,simplekt
22418836115924771,1.0,0.999997,0,simplekt
22418836115924771,1.0,0.9678623,0,simplekt
22418836115924771,1.0,0.9999987,0,simplekt
22418836115924771,1.0,0.9809225,0,simplekt
22418836115924771,1.0,0.99525744,0,simplekt
22418836115924771,1.0,0.96067065,0,simplekt
22418836115924771,1.0,0.9999988,0,simplekt
22418836115924771,1.0,0.97779864,0,simplekt
22418836115924771,1.0,0.9910449,0,simplekt
22418836115924771,1.0,0.94799066,0,simplekt
22418836115924771,1.0,0.9260465,0,simplekt
22418836115924771,1.0,0.95653397,0,simplekt
22418836115924771,1.0,0.64862484,0,simplekt
22418836115924771,1.0,0.9374973,0,simplekt
22418836115924771,1.0,0.9858007,0,simplekt
22418836115924771,1.0,0.9999466,0,simplekt
22418836115924771,1.0,0.9714679,0,simplekt
22418836115924771,1.0,0.9921308,0,simplekt
22418836115924771,1.0,0.9932414,0,simplekt
22418836115924771,0.0,0.7732247,0,simplekt
22418836115924771,1.0,0.8418328,0,simplekt
22418836115924771,0.0,0.9622888,0,simplekt
22418836115924771,0.0,0.0006310272,0,simplekt
22418836115924771,0.0,0.72635365,0,simplekt
22418836115924771,0.0,2.4012355e-05,0,simplekt
22418836115924771,0.0,0.5185868,0,simplekt
22418836115924771,0.0,5.14748e-05,0,simplekt
22418836115924771,1.0,0.62821007,0,simplekt
22418836115924771,1.0,0.9998273,0,simplekt
22418836115924771,1.0,0.764997,0,simplekt
22418836115924771,1.0,0.7518306,0,simplekt
22418836115924771,0.0,0.55852765,0,simplekt
22418836115924771,0.0,0.46186844,0,simplekt
22418836115924771,0.0,0.00014495966,0,simplekt
22418836115924771,1.0,0.94502914,0,simplekt
22418836115924771,1.0,0.944037,0,simplekt
22418836115924771,1.0,0.8909434,0,simplekt
22418836115924771,1.0,0.82265764,0,simplekt
22418836115924771,1.0,0.99998057,0,simplekt
22418836115924771,1.0,0.9345006,0,simplekt
22418836115924771,1.0,0.9552269,0,simplekt
22418836115924771,1.0,0.90851146,0,simplekt
22418836115924771,1.0,0.99999094,0,simplekt
22418836115924771,1.0,0.9491421,0,simplekt
22418836115924771,1.0,0.83070534,0,simplekt
22418836115924771,1.0,0.9296085,0,simplekt
22418836115924771,0.0,0.90978813,0,simplekt
22418836115924771,0.0,0.00013337193,0,simplekt
22418836115924771,1.0,0.7755237,0,simplekt
22418836115924771,0.0,0.72599113,0,simplekt
22418836115924771,1.0,0.39897996,0,simplekt
22418836115924771,1.0,0.9285297,0,simplekt
22418836115924771,1.0,0.78086734,0,simplekt
22418836115924771,1.0,0.92325395,0,simplekt
25273326287804327,1.0,0.9390314,0,simplekt
25273326287804327,1.0,0.99932337,0,simplekt
25273326287804327,1.0,0.9764832,0,simplekt
25273326287804327,1.0,0.6816214,0,simplekt
25273326287804327,0.0,0.9022974,0,simplekt
25273326287804327,0.0,0.6477354,0,simplekt
25273326287804327,0.0,0.18336475,0,simplekt
25273326287804327,1.0,0.94991744,0,simplekt
25273326287804327,1.0,0.9997342,0,simplekt
25273326287804327,0.0,0.9951816,0,simplekt
25273326287804327,0.0,0.01085327,0,simplekt
25273326287804327,0.0,0.9479346,0,simplekt
25273326287804327,0.0,0.001835293,0,simplekt
25273326287804327,1.0,0.34962913,0,simplekt
25273326287804327,1.0,0.5759106,0,simplekt
25273326287804327,0.0,0.6548652,0,simplekt
25273326287804327,0.0,0.00015223655,0,simplekt
25273326287804327,1.0,0.35055444,0,simplekt
25273326287804327,0.0,0.6061457,0,simplekt
25273326287804327,0.0,0.00017663444,0,simplekt
25273326287804327,0.0,0.0002551268,0,simplekt
25273326287804327,0.0,0.18967934,0,simplekt
25273326287804327,1.0,0.829782,0,simplekt
25273326287804327,1.0,0.8732665,0,simplekt
25273326287804327,0.0,0.68307745,0,simplekt
25273326287804327,0.0,0.00052358076,0,simplekt
25273326287804327,0.0,0.0026584878,0,simplekt
25273326287804327,0.0,4.487203e-05,0,simplekt
25273326287804327,0.0,0.8203031,0,simplekt
25273326287804327,0.0,4.1394804e-05,0,simplekt
25273326287804327,0.0,0.31735465,0,simplekt
25273326287804327,0.0,1.6133656e-05,0,simplekt
25273326287804327,1.0,0.37569958,0,simplekt
25273326287804327,1.0,0.99923944,0,simplekt
25273326287804327,0.0,0.5477254,0,simplekt
25273326287804327,0.0,0.3174171,0,simplekt
25273326287804327,1.0,0.14667366,0,simplekt
25273326287804327,0.0,0.72969747,0,simplekt
25273326287804327,0.0,0.00017206959,0,simplekt
25273326287804327,0.0,8.675416e-05,0,simplekt
25273326287804327,1.0,0.7765643,0,simplekt
25273326287804327,1.0,0.9999691,0,simplekt
25273326287804327,1.0,0.54159373,0,simplekt
25273326287804327,1.0,0.99769115,0,simplekt
25273326287804327,1.0,0.66139346,0,simplekt
25273326287804327,1.0,0.9982449,0,simplekt
25273326287804327,1.0,0.8138584,0,simplekt
25273326287804327,1.0,0.86785966,0,simplekt
25273326287804327,1.0,0.87394786,0,simplekt
25273326287804327,1.0,0.80767936,0,simplekt
25273326287804327,1.0,0.8907168,0,simplekt
25273326287804327,0.0,0.3904216,0,simplekt
25273326287804327,0.0,0.582641,0,simplekt
25273326287804327,0.0,0.49207273,0,simplekt
25273326287804327,1.0,0.3379533,0,simplekt
25273326287804327,0.0,0.5982954,0,simplekt
25273326287804327,0.0,0.41924754,0,simplekt
25273326287804327,0.0,0.11926091,0,simplekt
25273326287804327,0.0,0.18900624,0,simplekt
25273326287804327,1.0,0.37412366,0,simplekt
25273326287804327,1.0,0.2691481,0,simplekt
25273326287804327,0.0,0.73958683,0,simplekt
25273326287804327,0.0,0.7126632,0,simplekt
25273326287804327,0.0,0.14746933,0,simplekt
25273326287804327,1.0,0.1403855,0,simplekt
25273326287804327,1.0,0.9907997,0,simplekt
25273326287804327,1.0,0.6688638,0,simplekt
25273326287804327,1.0,0.99200976,0,simplekt
25273326287804327,1.0,0.33785883,0,simplekt
25273326287804327,1.0,0.9997212,0,simplekt
25273326287804327,0.0,0.9311338,0,simplekt
25273326287804327,0.0,0.24622312,0,simplekt
25273326287804327,0.0,0.1241658,0,simplekt
25273326287804327,0.0,0.33421248,0,simplekt
25273326287804327,0.0,0.0026533937,0,simplekt
25273326287804327,0.0,0.20282538,0,simplekt
25273326287804327,0.0,0.4804768,0,simplekt
25273326287804327,0.0,0.4330283,0,simplekt
25273326287804327,0.0,0.36831027,0,simplekt
25273326287804327,0.0,0.0017040824,0,simplekt
25273326287804327,0.0,0.19206876,0,simplekt
25273326287804327,1.0,0.6471534,0,simplekt
25273326287804327,1.0,0.57742506,0,simplekt
25273326287804327,1.0,0.7635015,0,simplekt
25273326287804327,1.0,0.9977507,0,simplekt
25273326287804327,1.0,0.87380385,0,simplekt
25273326287804327,1.0,0.99988985,0,simplekt
25273326287804327,1.0,0.9497936,0,simplekt
25273326287804327,1.0,0.8495485,0,simplekt
25273326287804327,0.0,0.8529248,0,simplekt
25273326287804327,1.0,0.24322945,0,simplekt
25273326287804327,1.0,0.99997365,0,simplekt
25273326287804327,0.0,0.7451486,0,simplekt
25273326287804327,1.0,0.53717154,0,simplekt
25273326287804327,0.0,0.86621314,0,simplekt
25273326287804327,0.0,0.5550802,0,simplekt
25273326287804327,1.0,0.5804643,0,simplekt
25273326287804327,1.0,0.7498209,0,simplekt
25273326287804327,1.0,0.9989121,0,simplekt
29903258593958524,1.0,0.790236,0,simplekt
29903258593958524,1.0,0.8970508,0,simplekt
29903258593958524,1.0,0.8846135,0,simplekt
29903258593958524,1.0,0.9158889,0,simplekt
29903258593958524,1.0,0.9991122,0,simplekt
29903258593958524,0.0,0.8828585,0,simplekt
29903258593958524,1.0,0.469959,0,simplekt
29903258593958524,1.0,0.9170229,0,simplekt
29903258593958524,1.0,0.450187,0,simplekt
29903258593958524,1.0,0.7184621,0,simplekt
29903258593958524,1.0,0.73288137,0,simplekt
29903258593958524,1.0,0.8857044,0,simplekt
29903258593958524,1.0,0.7785035,0,simplekt
29903258593958524,1.0,0.9451243,0,simplekt
29903258593958524,1.0,0.99999976,0,simplekt
29903258593958524,1.0,0.9564981,0,simplekt
29903258593958524,1.0,0.9661314,0,simplekt
29903258593958524,1.0,0.99999845,0,simplekt
29903258593958524,1.0,0.9300176,0,simplekt
29903258593958524,0.0,0.993719,0,simplekt
29903258593958524,1.0,0.83535266,0,simplekt
29903258593958524,1.0,0.9999968,0,simplekt
29903258593958524,1.0,0.8281529,0,simplekt
29903258593958524,1.0,0.65993524,0,simplekt
29903258593958524,1.0,0.8933903,0,simplekt
29903258593958524,1.0,0.9755961,0,simplekt
29903258593958524,1.0,0.9999162,0,simplekt
29903258593958524,0.0,0.00072332285,0,simplekt
29903258593958524,1.0,0.9455066,0,simplekt
29903258593958524,0.0,0.0020672851,0,simplekt
29903258593958524,1.0,0.7922866,0,simplekt
29903258593958524,1.0,0.7525852,0,simplekt
29903258593958524,1.0,0.68845844,0,simplekt
29903258593958524,1.0,0.970812,0,simplekt
29903258593958524,1.0,0.9642331,0,simplekt
29903258593958524,0.0,0.91295636,0,simplekt
29903258593958524,0.0,0.82037866,0,simplekt
29903258593958524,1.0,0.6750926,0,simplekt
29903258593958524,1.0,0.8492171,0,simplekt
29903258593958524,1.0,0.58750844,0,simplekt
29903258593958524,1.0,0.76676285,0,simplekt
29903258593958524,1.0,0.99999774,0,simplekt
29903258593958524,1.0,0.75039846,0,simplekt
29903258593958524,1.0,0.9617312,0,simplekt
29903258593958524,1.0,0.84230864,0,simplekt
29903258593958524,1.0,0.7286494,0,simplekt
29903258593958524,1.0,0.96700025,0,simplekt
29903258593958524,1.0,0.6787932,0,simplekt
29903258593958524,1.0,0.8344646,0,simplekt
29903258593958524,1.0,0.70147884,0,simplekt
29903258593958524,1.0,0.9999918,0,simplekt
29903258593958524,1.0,0.8022993,0,simplekt
29903258593958524,1.0,0.9074149,0,simplekt
29903258593958524,1.0,0.95166606,0,simplekt
29903258593958524,1.0,0.9999846,0,simplekt
29903258593958524,1.0,0.9999994,0,simplekt
29903258593958524,1.0,0.99999917,0,simplekt
29903258593958524,1.0,0.82071334,0,simplekt
29903258593958524,1.0,0.7979191,0,simplekt
29903258593958524,1.0,0.7982995,0,simplekt
29903258593958524,1.0,0.6376715,0,simplekt
29903258593958524,1.0,0.8520823,0,simplekt
29903258593958524,1.0,0.95717424,0,simplekt
29903258593958524,1.0,0.9588296,0,simplekt
29903258593958524,1.0,0.95540744,0,simplekt
29903258593958524,1.0,0.9546977,0,simplekt
29903258593958524,1.0,0.98743457,0,simplekt
29903258593958524,1.0,0.98747927,0,simplekt
29903258593958524,1.0,0.9999993,0,simplekt
29903258593958524,1.0,0.98223454,0,simplekt
29903258593958524,1.0,0.9862482,0,simplekt
29903258593958524,1.0,0.9877007,0,simplekt
29903258593958524,1.0,0.8927913,0,simplekt
29903258593958524,1.0,0.99999166,0,simplekt
29903258593958524,1.0,0.99999726,0,simplekt
29903258593958524,1.0,0.95320934,0,simplekt
29903258593958524,1.0,0.9152074,0,simplekt
29903258593958524,0.0,0.9396254,0,simplekt
29903258593958524,1.0,0.6905524,0,simplekt
29903258593958524,1.0,0.92613065,0,simplekt
29903258593958524,1.0,0.95107174,0,simplekt
29903258593958524,1.0,0.99998796,0,simplekt
29903258593958524,1.0,0.9999988,0,simplekt
29903258593958524,1.0,0.9811906,0,simplekt
29903258593958524,1.0,0.94733083,0,simplekt
29903258593958524,1.0,0.88260907,0,simplekt
29903258593958524,1.0,0.91563797,0,simplekt
29903258593958524,1.0,0.96907747,0,simplekt
29903258593958524,1.0,0.97623,0,simplekt
29903258593958524,1.0,0.98698294,0,simplekt
29903258593958524,1.0,0.9496552,0,simplekt
29903258593958524,0.0,0.9994611,0,simplekt
29903258593958524,1.0,0.9047433,0,simplekt
29903258593958524,1.0,0.9690837,0,simplekt
29903258593958524,1.0,0.98766553,0,simplekt
29903258593958524,1.0,0.821949,0,simplekt
29903258593958524,1.0,0.999808,0,simplekt
29903258593958524,1.0,0.76873195,0,simplekt
29903258593958524,1.0,0.8890885,0,simplekt
35395640380733303,1.0,0.9914095,0,simplekt
35395640380733303,1.0,0.9999069,0,simplekt
35395640380733303,1.0,0.99999857,0,simplekt
35395640380733303,1.0,0.9302115,0,simplekt
35395640380733303,1.0,0.7491244,0,simplekt
35395640380733303,1.0,0.9209312,0,simplekt
35395640380733303,1.0,0.85287327,0,simplekt
35395640380733303,1.0,0.7654381,0,simplekt
35395640380733303,1.0,0.9737342,0,simplekt
35395640380733303,0.0,0.9423728,0,simplekt
35395640380733303,1.0,0.93487895,0,simplekt
35395640380733303,0.0,0.79377276,0,simplekt
35395640380733303,1.0,0.8270175,0,simplekt
35395640380733303,1.0,0.9726159,0,simplekt
35395640380733303,1.0,0.98603034,0,simplekt
35395640380733303,1.0,0.95125866,0,simplekt
35395640380733303,1.0,0.9844504,0,simplekt
35395640380733303,1.0,0.98540556,0,simplekt
35395640380733303,1.0,0.72932935,0,simplekt
35395640380733303,1.0,0.98662436,0,simplekt
35395640380733303,1.0,0.78585064,0,simplekt
35395640380733303,1.0,0.92342246,0,simplekt
35395640380733303,1.0,0.87701267,0,simplekt
35395640380733303,1.0,0.92597353,0,simplekt
35395640380733303,0.0,0.96428853,0,simplekt
35395640380733303,1.0,0.94763136,0,simplekt
35395640380733303,0.0,0.8617537,0,simplekt
35395640380733303,0.0,0.74206954,0,simplekt
35395640380733303,1.0,0.8795841,0,simplekt
35395640380733303,1.0,0.9655925,0,simplekt
35395640380733303,1.0,0.90372103,0,simplekt
35395640380733303,1.0,0.95186174,0,simplekt
35395640380733303,0.0,0.8572909,0,simplekt
35395640380733303,0.0,0.7113271,0,simplekt
35395640380733303,1.0,0.6932993,0,simplekt
35395640380733303,1.0,0.8360786,0,simplekt
35395640380733303,1.0,0.6415179,0,simplekt
35395640380733303,1.0,0.6094653,0,simplekt
35395640380733303,0.0,0.8193557,0,simplekt
35395640380733303,1.0,0.93155843,0,simplekt
35395640380733303,1.0,0.9996402,0,simplekt
35395640380733303,1.0,0.84220505,0,simplekt
35395640380733303,1.0,0.99997556,0,simplekt
35395640380733303,1.0,0.9533921,0,simplekt
35395640380733303,1.0,0.94790375,0,simplekt
35395640380733303,1.0,0.9840808,0,simplekt
35395640380733303,1.0,0.8713426,0,simplekt
35395640380733303,1.0,0.9990552,0,simplekt
35395640380733303,1.0,0.9620383,0,simplekt
35395640380733303,1.0,0.8774143,0,simplekt
35395640380733303,0.0,0.6656716,0,simplekt
35395640380733303,1.0,0.86581546,0,simplekt
35395640380733303,1.0,0.8640596,0,simplekt
35395640380733303,1.0,0.9059666,0,simplekt
35395640380733303,1.0,0.9770914,0,simplekt
35395640380733303,1.0,0.98227316,0,simplekt
35395640380733303,1.0,0.9500742,0,simplekt
35395640380733303,1.0,0.97864896,0,simplekt
35395640380733303,1.0,0.9957365,0,simplekt
35395640380733303,1.0,0.9777762,0,simplekt
35395640380733303,1.0,0.9886634,0,simplekt
35395640380733303,1.0,0.9561281,0,simplekt
35395640380733303,1.0,0.95809025,0,simplekt
35395640380733303,1.0,0.84658015,0,simplekt
35395640380733303,1.0,0.9999765,0,simplekt
35395640380733303,1.0,0.8694096,0,simplekt
35395640380733303,1.0,0.7684497,0,simplekt
35395640380733303,1.0,0.99995387,0,simplekt
35395640380733303,1.0,0.9999999,0,simplekt
35395640380733303,1.0,1.0,0,simplekt
35395640380733303,1.0,1.0,0,simplekt
35395640380733303,1.0,0.9999999,0,simplekt
35395640380733303,1.0,0.834305,0,simplekt
35395640380733303,1.0,0.999967,0,simplekt
35395640380733303,1.0,0.9999999,0,simplekt
35395640380733303,1.0,1.0,0,simplekt
35395640380733303,1.0,1.0,0,simplekt
35395640380733303,1.0,0.9999999,0,simplekt
35395640380733303,0.0,0.84889704,0,simplekt
35395640380733303,1.0,0.7421292,0,simplekt
35395640380733303,0.0,0.47112507,0,simplekt
35395640380733303,1.0,0.7551409,0,simplekt
35395640380733303,1.0,0.9999474,0,simplekt
35395640380733303,1.0,0.86918753,0,simplekt
35395640380733303,0.0,0.82906795,0,simplekt
35395640380733303,0.0,6.0767757e-06,0,simplekt
35395640380733303,1.0,0.8946091,0,simplekt
35395640380733303,1.0,0.6428789,0,simplekt
35395640380733303,1.0,0.80695367,0,simplekt
35395640380733303,0.0,0.53839725,0,simplekt
35395640380733303,1.0,0.8222626,0,simplekt
35395640380733303,0.0,0.89233446,0,simplekt
35395640380733303,1.0,0.8910611,0,simplekt
35395640380733303,1.0,0.9607028,0,simplekt
35395640380733303,0.0,0.81366754,0,simplekt
35395640380733303,1.0,0.8100887,0,simplekt
35395640380733303,1.0,0.7717404,0,simplekt
35395640380733303,0.0,0.55411386,0,simplekt
35395640380733303,1.0,0.70120686,0,simplekt
36883651420153627,1.0,0.83034456,0,simplekt
36883651420153627,1.0,0.9999937,0,simplekt
36883651420153627,1.0,0.9999974,0,simplekt
36883651420153627,1.0,0.9869343,0,simplekt
36883651420153627,1.0,0.9999999,0,simplekt
36883651420153627,0.0,0.71576613,0,simplekt
36883651420153627,0.0,1.8030298e-05,0,simplekt
36883651420153627,1.0,0.79161346,0,simplekt
36883651420153627,1.0,0.9674627,0,simplekt
36883651420153627,1.0,0.6656786,0,simplekt
36883651420153627,0.0,0.8302558,0,simplekt
36883651420153627,1.0,0.54818964,0,simplekt
36883651420153627,1.0,0.78891563,0,simplekt
36883651420153627,1.0,0.8204283,0,simplekt
36883651420153627,1.0,0.89313567,0,simplekt
36883651420153627,1.0,0.9307362,0,simplekt
36883651420153627,1.0,0.9693526,0,simplekt
36883651420153627,1.0,0.9761252,0,simplekt
36883651420153627,1.0,0.9806034,0,simplekt
36883651420153627,1.0,0.9999989,0,simplekt
36883651420153627,1.0,0.9721172,0,simplekt
36883651420153627,1.0,0.93365484,0,simplekt
36883651420153627,1.0,0.9719739,0,simplekt
36883651420153627,1.0,0.9850616,0,simplekt
36883651420153627,1.0,0.9209277,0,simplekt
36883651420153627,1.0,0.9925759,0,simplekt
36883651420153627,1.0,0.8406714,0,simplekt
36883651420153627,1.0,0.965703,0,simplekt
36883651420153627,1.0,0.9978624,0,simplekt
36883651420153627,1.0,0.99999404,0,simplekt
36883651420153627,1.0,0.99999833,0,simplekt
36883651420153627,1.0,0.999995,0,simplekt
36883651420153627,1.0,0.9746479,0,simplekt
36883651420153627,1.0,0.85199994,0,simplekt
36883651420153627,1.0,0.63747555,0,simplekt
36883651420153627,1.0,0.9406169,0,simplekt
36883651420153627,1.0,0.90300524,0,simplekt
36883651420153627,1.0,0.9633646,0,simplekt
36883651420153627,1.0,0.9788002,0,simplekt
36883651420153627,1.0,0.9872154,0,simplekt
36883651420153627,1.0,0.94062674,0,simplekt
36883651420153627,1.0,0.9999975,0,simplekt
36883651420153627,1.0,0.9936261,0,simplekt
36883651420153627,1.0,0.9802587,0,simplekt
36883651420153627,1.0,0.9905601,0,simplekt
36883651420153627,1.0,0.932319,0,simplekt
36883651420153627,1.0,0.99071056,0,simplekt
36883651420153627,1.0,0.9583898,0,simplekt
36883651420153627,1.0,0.9850492,0,simplekt
36883651420153627,1.0,0.9878051,0,simplekt
36883651420153627,1.0,0.99340594,0,simplekt
36883651420153627,1.0,0.98290414,0,simplekt
36883651420153627,0.0,0.6856838,0,simplekt
36883651420153627,1.0,0.8809175,0,simplekt
36883651420153627,1.0,0.898223,0,simplekt
36883651420153627,1.0,0.9563761,0,simplekt
36883651420153627,1.0,0.7203922,0,simplekt
36883651420153627,1.0,0.9999354,0,simplekt
36883651420153627,1.0,0.7611103,0,simplekt
36883651420153627,1.0,0.8097306,0,simplekt
36883651420153627,1.0,0.98138565,0,simplekt
36883651420153627,1.0,0.99999464,0,simplekt
36883651420153627,1.0,0.9704865,0,simplekt
36883651420153627,0.0,0.97200584,0,simplekt
36883651420153627,0.0,0.00048962794,0,simplekt
36883651420153627,1.0,0.7813572,0,simplekt
36883651420153627,1.0,0.94435453,0,simplekt
36883651420153627,1.0,0.9998921,0,simplekt
36883651420153627,1.0,0.94495046,0,simplekt
36883651420153627,1.0,0.9952866,0,simplekt
36883651420153627,1.0,0.9925444,0,simplekt
36883651420153627,1.0,0.9999982,0,simplekt
36883651420153627,1.0,0.96218294,0,simplekt
36883651420153627,1.0,0.9857944,0,simplekt
36883651420153627,1.0,0.8172541,0,simplekt
36883651420153627,1.0,0.98449117,0,simplekt
36883651420153627,1.0,0.8009538,0,simplekt
36883651420153627,1.0,0.95827574,0,simplekt
36883651420153627,1.0,0.99033326,0,simplekt
36883651420153627,1.0,0.99999785,0,simplekt
36883651420153627,1.0,0.82326865,0,simplekt
36883651420153627,1.0,0.9888581,0,simplekt
36883651420153627,1.0,0.9867879,0,simplekt
36883651420153627,1.0,0.99005413,0,simplekt
36883651420153627,1.0,0.8715696,0,simplekt
36883651420153627,1.0,0.973169,0,simplekt
36883651420153627,1.0,0.9472367,0,simplekt
36883651420153627,1.0,0.9999987,0,simplekt
36883651420153627,1.0,0.986152,0,simplekt
36883651420153627,1.0,0.99087006,0,simplekt
36883651420153627,1.0,0.97191983,0,simplekt
36883651420153627,1.0,0.9999958,0,simplekt
36883651420153627,1.0,0.9840338,0,simplekt
36883651420153627,1.0,0.9669107,0,simplekt
36883651420153627,1.0,0.9786203,0,simplekt
36883651420153627,1.0,0.9661456,0,simplekt
36883651420153627,1.0,0.99996734,0,simplekt
36883651420153627,1.0,0.9807252,0,simplekt
36883651420153627,1.0,0.96310747,0,simplekt
38326904848121057,0.0,1.7086539e-05,0,simplekt
38326904848121057,1.0,0.86292416,0,simplekt
38326904848121057,1.0,0.86497635,0,simplekt
38326904848121057,1.0,0.26587448,0,simplekt
38326904848121057,1.0,0.609666,0,simplekt
38326904848121057,1.0,0.9999695,0,simplekt
38326904848121057,1.0,0.5517567,0,simplekt
38326904848121057,1.0,0.8002615,0,simplekt
38326904848121057,1.0,0.9028302,0,simplekt
38326904848121057,1.0,0.8496625,0,simplekt
38326904848121057,0.0,0.99125165,0,simplekt
38326904848121057,1.0,0.7899665,0,simplekt
38326904848121057,1.0,0.9998599,0,simplekt
38326904848121057,1.0,0.9072282,0,simplekt
38326904848121057,1.0,0.94388205,0,simplekt
38326904848121057,0.0,0.92098445,0,simplekt
38326904848121057,0.0,0.7878608,0,simplekt
38326904848121057,0.0,3.9505678e-05,0,simplekt
38326904848121057,0.0,1.806061e-06,0,simplekt
38326904848121057,1.0,0.42857045,0,simplekt
38326904848121057,1.0,0.9996877,0,simplekt
38326904848121057,1.0,0.955517,0,simplekt
38326904848121057,0.0,0.789722,0,simplekt
38326904848121057,0.0,0.00011795293,0,simplekt
38326904848121057,0.0,9.4214365e-06,0,simplekt
38326904848121057,0.0,0.8746722,0,simplekt
38326904848121057,0.0,1.8804038e-05,0,simplekt
38326904848121057,1.0,0.95909846,0,simplekt
38326904848121057,1.0,0.5435977,0,simplekt
38326904848121057,0.0,0.7551055,0,simplekt
38326904848121057,1.0,0.45973358,0,simplekt
38326904848121057,1.0,0.87954336,0,simplekt
38326904848121057,1.0,0.7170612,0,simplekt
38326904848121057,1.0,0.9999007,0,simplekt
38326904848121057,1.0,0.8641933,0,simplekt
38326904848121057,1.0,0.9696437,0,simplekt
38326904848121057,1.0,0.99999833,0,simplekt
38326904848121057,1.0,0.95327777,0,simplekt
38326904848121057,1.0,0.9071435,0,simplekt
38326904848121057,1.0,0.95579594,0,simplekt
38326904848121057,1.0,0.97502327,0,simplekt
38326904848121057,0.0,0.8590625,0,simplekt
38326904848121057,1.0,0.92309284,0,simplekt
38326904848121057,0.0,0.5758271,0,simplekt
38326904848121057,1.0,0.8495523,0,simplekt
38326904848121057,1.0,0.98944724,0,simplekt
38326904848121057,1.0,0.9999585,0,simplekt
38326904848121057,1.0,0.9999937,0,simplekt
38326904848121057,1.0,0.9999796,0,simplekt
38326904848121057,1.0,0.8399953,0,simplekt
38326904848121057,0.0,0.34469712,0,simplekt
38326904848121057,1.0,0.8911635,0,simplekt
38326904848121057,1.0,0.94892156,0,simplekt
38326904848121057,1.0,0.8092461,0,simplekt
38326904848121057,1.0,0.84766215,0,simplekt
38326904848121057,1.0,0.91425025,0,simplekt
38326904848121057,1.0,0.9167792,0,simplekt
38326904848121057,1.0,0.88208276,0,simplekt
38326904848121057,0.0,0.7904116,0,simplekt
38326904848121057,0.0,0.5784609,0,simplekt
38326904848121057,1.0,0.7330801,0,simplekt
38326904848121057,1.0,0.7806358,0,simplekt
38326904848121057,1.0,0.86815405,0,simplekt
38326904848121057,1.0,0.9578235,0,simplekt
38326904848121057,1.0,0.99999666,0,simplekt
38326904848121057,0.0,0.864555,0,simplekt
38326904848121057,1.0,0.8095963,0,simplekt
38326904848121057,1.0,0.9999906,0,simplekt
38326904848121057,0.0,0.91937184,0,simplekt
38326904848121057,0.0,0.00019662628,0,simplekt
38326904848121057,0.0,0.0010088768,0,simplekt
38326904848121057,1.0,0.68347186,0,simplekt
38326904848121057,1.0,0.8365665,0,simplekt
38326904848121057,1.0,0.99975854,0,simplekt
38326904848121057,1.0,0.8435311,0,simplekt
38326904848121057,1.0,0.9627805,0,simplekt
38326904848121057,1.0,0.9750881,0,simplekt
38326904848121057,1.0,0.9999957,0,simplekt
38326904848121057,1.0,0.87509626,0,simplekt
38326904848121057,1.0,0.95990723,0,simplekt
38326904848121057,1.0,0.57645607,0,simplekt
38326904848121057,1.0,0.91103834,0,simplekt
38326904848121057,1.0,0.9588202,0,simplekt
38326904848121057,1.0,0.9999956,0,simplekt
38326904848121057,1.0,0.9544435,0,simplekt
38326904848121057,1.0,0.9733931,0,simplekt
38326904848121057,0.0,0.87161404,0,simplekt
38326904848121057,0.0,7.211399e-05,0,simplekt
38326904848121057,1.0,0.71236354,0,simplekt
38326904848121057,1.0,0.91104025,0,simplekt
38326904848121057,1.0,0.7915109,0,simplekt
38326904848121057,1.0,0.99987316,0,simplekt
38326904848121057,1.0,0.8921043,0,simplekt
38326904848121057,0.0,0.700168,0,simplekt
38326904848121057,1.0,0.6326949,0,simplekt
38326904848121057,1.0,0.8248587,0,simplekt
38326904848121057,1.0,0.9997739,0,simplekt
38326904848121057,1.0,0.896582,0,simplekt
38326904848121057,0.0,0.82775635,0,simplekt
41951191543890454,1.0,0.95849246,0,simplekt
41951191543890454,1.0,0.98524046,0,simplekt
41951191543890454,1.0,0.79776025,0,simplekt
41951191543890454,1.0,0.8624296,0,simplekt
41951191543890454,0.0,0.7653245,0,simplekt
41951191543890454,0.0,0.76012766,0,simplekt
41951191543890454,0.0,0.7695793,0,simplekt
41951191543890454,0.0,0.00041608413,0,simplekt
41951191543890454,0.0,4.842944e-05,0,simplekt
41951191543890454,0.0,0.4917337,0,simplekt
41951191543890454,0.0,0.26456425,0,simplekt
41951191543890454,1.0,0.87447685,0,simplekt
41951191543890454,1.0,0.96504986,0,simplekt
41951191543890454,1.0,0.92019206,0,simplekt
41951191543890454,1.0,0.9825807,0,simplekt
41951191543890454,1.0,0.9046028,0,simplekt
41951191543890454,1.0,0.38881698,0,simplekt
41951191543890454,0.0,0.7744211,0,simplekt
41951191543890454,0.0,0.2509516,0,simplekt
41951191543890454,1.0,0.7461668,0,simplekt
41951191543890454,1.0,0.52356803,0,simplekt
41951191543890454,1.0,0.75697285,0,simplekt
41951191543890454,1.0,0.96841866,0,simplekt
41951191543890454,1.0,0.9466478,0,simplekt
41951191543890454,1.0,0.8593179,0,simplekt
41951191543890454,1.0,0.80944204,0,simplekt
41951191543890454,1.0,0.9089505,0,simplekt
41951191543890454,1.0,0.87265134,0,simplekt
41951191543890454,1.0,0.9999999,0,simplekt
41951191543890454,1.0,0.64869905,0,simplekt
41951191543890454,1.0,0.93956065,0,simplekt
41951191543890454,1.0,0.8179022,0,simplekt
41951191543890454,0.0,0.83787614,0,simplekt
41951191543890454,0.0,0.5172498,0,simplekt
41951191543890454,0.0,0.18323396,0,simplekt
41951191543890454,1.0,0.8535723,0,simplekt
41951191543890454,1.0,0.81759787,0,simplekt
41951191543890454,1.0,0.8550575,0,simplekt
41951191543890454,1.0,0.5236193,0,simplekt
41951191543890454,1.0,0.9010364,0,simplekt
41951191543890454,1.0,0.88231075,0,simplekt
41951191543890454,1.0,0.9284555,0,simplekt
41951191543890454,1.0,0.9999263,0,simplekt
41951191543890454,1.0,0.9321556,0,simplekt
41951191543890454,1.0,0.8792773,0,simplekt
41951191543890454,0.0,0.4711996,0,simplekt
41951191543890454,1.0,0.7242411,0,simplekt
41951191543890454,1.0,0.6039963,0,simplekt
41951191543890454,0.0,0.5483446,0,simplekt
41951191543890454,0.0,0.6808849,0,simplekt
41951191543890454,0.0,0.4689823,0,simplekt
41951191543890454,0.0,0.6107565,0,simplekt
41951191543890454,1.0,0.67564374,0,simplekt
41951191543890454,1.0,0.86003166,0,simplekt
41951191543890454,1.0,0.64351004,0,simplekt
41951191543890454,1.0,0.5489569,0,simplekt
41951191543890454,1.0,0.73420066,0,simplekt
41951191543890454,1.0,0.8644197,0,simplekt
41951191543890454,1.0,0.6123676,0,simplekt
41951191543890454,1.0,0.7706362,0,simplekt
41951191543890454,0.0,0.53164804,0,simplekt
41951191543890454,1.0,0.8821278,0,simplekt
41951191543890454,1.0,0.3247013,0,simplekt
41951191543890454,1.0,0.84792703,0,simplekt
41951191543890454,1.0,0.56278557,0,simplekt
41951191543890454,1.0,0.74063146,0,simplekt
41951191543890454,0.0,0.4535792,0,simplekt
41951191543890454,1.0,0.5792896,0,simplekt
41951191543890454,1.0,0.642935,0,simplekt
41951191543890454,1.0,0.9982346,0,simplekt
41951191543890454,1.0,0.7999183,0,simplekt
41951191543890454,1.0,0.77705914,0,simplekt
41951191543890454,1.0,0.57469004,0,simplekt
41951191543890454,1.0,0.72957224,0,simplekt
41951191543890454,1.0,0.9997569,0,simplekt
41951191543890454,1.0,0.80147743,0,simplekt
41951191543890454,1.0,0.5176323,0,simplekt
41951191543890454,1.0,0.9027364,0,simplekt
41951191543890454,1.0,0.80990225,0,simplekt
41951191543890454,1.0,0.8678093,0,simplekt
41951191543890454,1.0,0.9428841,0,simplekt
41951191543890454,1.0,0.79014516,0,simplekt
41951191543890454,1.0,0.9652246,0,simplekt
41951191543890454,1.0,0.9762698,0,simplekt
41951191543890454,0.0,0.7758042,0,simplekt
41951191543890454,0.0,0.6419091,0,simplekt
41951191543890454,0.0,0.76799524,0,simplekt
41951191543890454,0.0,0.82914233,0,simplekt
41951191543890454,0.0,0.530386,0,simplekt
41951191543890454,1.0,0.91652465,0,simplekt
41951191543890454,1.0,0.55483705,0,simplekt
41951191543890454,1.0,0.724793,0,simplekt
41951191543890454,1.0,0.8002323,0,simplekt
41951191543890454,1.0,0.7206442,0,simplekt
41951191543890454,1.0,0.88926697,0,simplekt
41951191543890454,0.0,0.5329872,0,simplekt
41951191543890454,1.0,0.887932,0,simplekt
41951191543890454,1.0,0.9799145,0,simplekt
41951191543890454,1.0,0.9811762,0,simplekt
42829751964137116,1.0,0.99981016,0,simplekt
42829751964137116,1.0,0.9999987,0,simplekt
42829751964137116,1.0,0.9999993,0,simplekt
42829751964137116,1.0,0.9883305,0,simplekt
42829751964137116,1.0,0.90599495,0,simplekt
42829751964137116,1.0,0.98326117,0,simplekt
42829751964137116,1.0,0.99999976,0,simplekt
42829751964137116,1.0,0.9653684,0,simplekt
42829751964137116,0.0,0.962495,0,simplekt
42829751964137116,1.0,0.9585023,0,simplekt
42829751964137116,1.0,0.9344134,0,simplekt
42829751964137116,1.0,0.9736723,0,simplekt
42829751964137116,1.0,0.98895115,0,simplekt
42829751964137116,1.0,0.99998784,0,simplekt
42829751964137116,1.0,0.9603746,0,simplekt
42829751964137116,1.0,0.77755165,0,simplekt
42829751964137116,1.0,0.9998517,0,simplekt
42829751964137116,0.0,0.96516055,0,simplekt
42829751964137116,0.0,0.7598874,0,simplekt
42829751964137116,1.0,0.917585,0,simplekt
42829751964137116,1.0,0.9568421,0,simplekt
42829751964137116,1.0,0.9999354,0,simplekt
42829751964137116,1.0,0.91439146,0,simplekt
42829751964137116,1.0,0.90307504,0,simplekt
42829751964137116,1.0,0.99992216,0,simplekt
42829751964137116,1.0,0.76856995,0,simplekt
42829751964137116,1.0,0.79541105,0,simplekt
42829751964137116,1.0,0.768261,0,simplekt
42829751964137116,1.0,0.853391,0,simplekt
42829751964137116,1.0,0.8663696,0,simplekt
42829751964137116,1.0,0.90730685,0,simplekt
42829751964137116,1.0,0.9119459,0,simplekt
42829751964137116,1.0,0.93768954,0,simplekt
42829751964137116,1.0,0.95966935,0,simplekt
42829751964137116,1.0,0.99020267,0,simplekt
42829751964137116,1.0,0.9896303,0,simplekt
42829751964137116,1.0,0.9999988,0,simplekt
42829751964137116,1.0,0.98665255,0,simplekt
42829751964137116,1.0,0.98134446,0,simplekt
42829751964137116,1.0,0.9890988,0,simplekt
42829751964137116,1.0,0.9912867,0,simplekt
42829751964137116,1.0,0.9952146,0,simplekt
42829751964137116,1.0,0.99903476,0,simplekt
42829751964137116,1.0,0.9999976,0,simplekt
42829751964137116,1.0,0.99999905,0,simplekt
42829751964137116,1.0,0.999998,0,simplekt
42829751964137116,1.0,0.60432285,0,simplekt
42829751964137116,1.0,0.9814058,0,simplekt
42829751964137116,1.0,0.98701406,0,simplekt
42829751964137116,1.0,0.9890348,0,simplekt
42829751964137116,1.0,0.8877883,0,simplekt
42829751964137116,1.0,0.93977034,0,simplekt
42829751964137116,1.0,0.9455915,0,simplekt
42829751964137116,1.0,0.9999981,0,simplekt
42829751964137116,1.0,0.99999976,0,simplekt
42829751964137116,1.0,0.96368057,0,simplekt
42829751964137116,1.0,0.999998,0,simplekt
42829751964137116,1.0,0.9999999,0,simplekt
42829751964137116,1.0,0.9872093,0,simplekt
42829751964137116,1.0,0.9481223,0,simplekt
42829751964137116,1.0,0.9723121,0,simplekt
42829751964137116,1.0,0.9435071,0,simplekt
42829751964137116,1.0,0.999998,0,simplekt
42829751964137116,1.0,0.9757721,0,simplekt
42829751964137116,1.0,0.99999976,0,simplekt
42829751964137116,1.0,0.98419756,0,simplekt
42829751964137116,1.0,0.9966505,0,simplekt
42829751964137116,1.0,0.97062564,0,simplekt
42829751964137116,1.0,0.9999995,0,simplekt
42829751964137116,1.0,0.9839999,0,simplekt
42829751964137116,1.0,0.99294925,0,simplekt
42829751964137116,0.0,0.66900223,0,simplekt
42829751964137116,1.0,0.909252,0,simplekt
42829751964137116,1.0,0.9297508,0,simplekt
42829751964137116,1.0,0.97583246,0,simplekt
42829751964137116,1.0,0.724988,0,simplekt
42829751964137116,1.0,0.81970197,0,simplekt
42829751964137116,1.0,0.9999535,0,simplekt
42829751964137116,1.0,0.9724098,0,simplekt
42829751964137116,1.0,0.9672505,0,simplekt
42829751964137116,1.0,0.98032105,0,simplekt
42829751964137116,1.0,0.9999962,0,simplekt
42829751964137116,1.0,0.98531556,0,simplekt
42829751964137116,1.0,0.99993825,0,simplekt
42829751964137116,1.0,0.85280216,0,simplekt
42829751964137116,1.0,0.99999726,0,simplekt
42829751964137116,1.0,0.9999969,0,simplekt
42829751964137116,1.0,0.9929469,0,simplekt
42829751964137116,1.0,0.98990506,0,simplekt
42829751964137116,1.0,0.91341156,0,simplekt
42829751964137116,1.0,0.98576987,0,simplekt
42829751964137116,1.0,0.999995,0,simplekt
42829751964137116,1.0,0.85575444,0,simplekt
42829751964137116,1.0,0.99997914,0,simplekt
42829751964137116,1.0,0.9300745,0,simplekt
42829751964137116,1.0,0.9837838,0,simplekt
42829751964137116,1.0,0.977652,0,simplekt
42829751964137116,1.0,0.9465002,0,simplekt
42829751964137116,1.0,0.98178446,0,simplekt
45559742733311995,1.0,0.9813597,0,simplekt
45559742733311995,1.0,0.94619286,0,simplekt
45559742733311995,1.0,0.9911431,0,simplekt
45559742733311995,1.0,0.96343386,0,simplekt
45559742733311995,1.0,0.89542335,0,simplekt
45559742733311995,1.0,0.84984,0,simplekt
45559742733311995,1.0,0.8610816,0,simplekt
45559742733311995,1.0,0.91384625,0,simplekt
45559742733311995,1.0,0.9947418,0,simplekt
45559742733311995,1.0,0.9823163,0,simplekt
45559742733311995,1.0,0.96238977,0,simplekt
45559742733311995,1.0,0.9808559,0,simplekt
45559742733311995,1.0,0.99126256,0,simplekt
45559742733311995,1.0,0.9842241,0,simplekt
45559742733311995,1.0,0.61606824,0,simplekt
45559742733311995,1.0,0.9793386,0,simplekt
45559742733311995,1.0,0.8502957,0,simplekt
45559742733311995,1.0,0.90532917,0,simplekt
45559742733311995,1.0,0.9852129,0,simplekt
45559742733311995,1.0,0.98241466,0,simplekt
45559742733311995,1.0,0.9140526,0,simplekt
45559742733311995,1.0,0.9902783,0,simplekt
45559742733311995,1.0,0.98600256,0,simplekt
45559742733311995,1.0,0.99293655,0,simplekt
45559742733311995,1.0,0.98464787,0,simplekt
45559742733311995,1.0,0.96700144,0,simplekt
45559742733311995,1.0,0.98945844,0,simplekt
45559742733311995,1.0,0.9923618,0,simplekt
45559742733311995,1.0,0.9938763,0,simplekt
45559742733311995,1.0,0.99991715,0,simplekt
45559742733311995,1.0,0.9956434,0,simplekt
45559742733311995,1.0,0.9865611,0,simplekt
45559742733311995,1.0,0.9270485,0,simplekt
45559742733311995,1.0,0.80220866,0,simplekt
45559742733311995,1.0,0.9683894,0,simplekt
45559742733311995,1.0,0.92220974,0,simplekt
45559742733311995,1.0,0.99040705,0,simplekt
45559742733311995,1.0,0.97605044,0,simplekt
45559742733311995,1.0,0.9757544,0,simplekt
45559742733311995,1.0,0.8444113,0,simplekt
45559742733311995,1.0,0.9859154,0,simplekt
45559742733311995,1.0,0.91924924,0,simplekt
45559742733311995,1.0,0.9346798,0,simplekt
45559742733311995,1.0,0.949614,0,simplekt
45559742733311995,1.0,0.87176055,0,simplekt
45559742733311995,0.0,0.46394542,0,simplekt
45559742733311995,0.0,0.8561038,0,simplekt
45559742733311995,1.0,0.9159053,0,simplekt
45559742733311995,1.0,0.7860198,0,simplekt
45559742733311995,1.0,0.967393,0,simplekt
45559742733311995,1.0,0.98368895,0,simplekt
45559742733311995,1.0,0.9687686,0,simplekt
45559742733311995,1.0,0.9793773,0,simplekt
45559742733311995,1.0,0.9257713,0,simplekt
45559742733311995,1.0,0.8535938,0,simplekt
45559742733311995,1.0,0.96162426,0,simplekt
45559742733311995,1.0,0.9373735,0,simplekt
45559742733311995,0.0,0.962588,0,simplekt
45559742733311995,1.0,0.8821531,0,simplekt
45559742733311995,1.0,0.88505596,0,simplekt
45559742733311995,0.0,0.7903846,0,simplekt
45559742733311995,1.0,0.9392629,0,simplekt
45559742733311995,1.0,0.99997556,0,simplekt
45559742733311995,0.0,0.64218116,0,simplekt
45559742733311995,1.0,0.70858836,0,simplekt
45559742733311995,1.0,0.6869691,0,simplekt
45559742733311995,1.0,0.9995296,0,simplekt
45559742733311995,1.0,0.87891847,0,simplekt
45559742733311995,1.0,0.9349472,0,simplekt
45559742733311995,1.0,0.9933287,0,simplekt
45559742733311995,1.0,0.9081408,0,simplekt
45559742733311995,1.0,0.9440984,0,simplekt
45559742733311995,1.0,0.9914164,0,simplekt
45559742733311995,0.0,0.9810083,0,simplekt
45559742733311995,1.0,0.93935704,0,simplekt
45559742733311995,0.0,0.7696107,0,simplekt
45559742733311995,0.0,1.1465573e-05,0,simplekt
45559742733311995,0.0,3.9989794e-05,0,simplekt
45559742733311995,0.0,2.6210055e-05,0,simplekt
45559742733311995,1.0,0.9571249,0,simplekt
45559742733311995,1.0,0.8175392,0,simplekt
45559742733311995,1.0,0.6890722,0,simplekt
45559742733311995,0.0,0.83785385,0,simplekt
45559742733311995,0.0,0.5051805,0,simplekt
45559742733311995,1.0,0.8633465,0,simplekt
45559742733311995,1.0,0.9729407,0,simplekt
45559742733311995,1.0,0.926665,0,simplekt
45559742733311995,1.0,0.92832905,0,simplekt
45559742733311995,1.0,0.90671325,0,simplekt
45559742733311995,1.0,0.91387975,0,simplekt
45559742733311995,1.0,0.8486857,0,simplekt
45559742733311995,1.0,0.94056535,0,simplekt
45559742733311995,1.0,0.9778737,0,simplekt
45559742733311995,1.0,0.8600756,0,simplekt
45559742733311995,1.0,0.80233884,0,simplekt
45559742733311995,1.0,0.94903463,0,simplekt
45559742733311995,1.0,0.9469662,0,simplekt
45559742733311995,1.0,0.96999145,0,simplekt
45559742733311995,1.0,0.7810373,0,simplekt
48488379181898380,0.0,0.71380764,0,simplekt
48488379181898380,1.0,0.82834756,0,simplekt
48488379181898380,1.0,0.9910749,0,simplekt
48488379181898380,1.0,0.98800874,0,simplekt
48488379181898380,1.0,0.91720086,0,simplekt
48488379181898380,1.0,0.89639634,0,simplekt
48488379181898380,0.0,0.8634251,0,simplekt
48488379181898380,0.0,4.88747e-05,0,simplekt
48488379181898380,1.0,0.7190326,0,simplekt
48488379181898380,1.0,0.99929345,0,simplekt
48488379181898380,1.0,0.62669057,0,simplekt
48488379181898380,1.0,0.99995446,0,simplekt
48488379181898380,1.0,0.76357394,0,simplekt
48488379181898380,1.0,0.9999857,0,simplekt
48488379181898380,0.0,0.72853076,0,simplekt
48488379181898380,0.0,1.097151e-06,0,simplekt
48488379181898380,0.0,0.8336519,0,simplekt
48488379181898380,0.0,1.5149878e-06,0,simplekt
48488379181898380,0.0,0.5731266,0,simplekt
48488379181898380,1.0,0.8912389,0,simplekt
48488379181898380,1.0,0.80088764,0,simplekt
48488379181898380,0.0,0.7842286,0,simplekt
48488379181898380,0.0,0.83989537,0,simplekt
48488379181898380,1.0,0.9475499,0,simplekt
48488379181898380,1.0,0.6304997,0,simplekt
48488379181898380,1.0,0.19752322,0,simplekt
48488379181898380,1.0,0.92292523,0,simplekt
48488379181898380,1.0,0.93014205,0,simplekt
48488379181898380,0.0,0.2774866,0,simplekt
48488379181898380,1.0,0.9041304,0,simplekt
48488379181898380,0.0,0.5053542,0,simplekt
48488379181898380,0.0,0.6105192,0,simplekt
48488379181898380,0.0,0.6255673,0,simplekt
48488379181898380,1.0,0.6241063,0,simplekt
48488379181898380,0.0,0.6011478,0,simplekt
48488379181898380,0.0,0.28185567,0,simplekt
48488379181898380,0.0,0.4031159,0,simplekt
48488379181898380,1.0,0.7930057,0,simplekt
48488379181898380,0.0,0.40897825,0,simplekt
48488379181898380,1.0,0.79398984,0,simplekt
48488379181898380,1.0,0.953644,0,simplekt
48488379181898380,0.0,0.2024366,0,simplekt
48488379181898380,0.0,0.3794702,0,simplekt
48488379181898380,0.0,0.24266514,0,simplekt
48488379181898380,0.0,0.78727597,0,simplekt
48488379181898380,1.0,0.40885815,0,simplekt
48488379181898380,0.0,0.4105125,0,simplekt
48488379181898380,0.0,3.7519192e-05,0,simplekt
48488379181898380,1.0,0.3553308,0,simplekt
48488379181898380,1.0,0.611146,0,simplekt
48488379181898380,1.0,0.8150628,0,simplekt
48488379181898380,1.0,0.614972,0,simplekt
48488379181898380,1.0,0.89715,0,simplekt
48488379181898380,1.0,0.93452495,0,simplekt
48488379181898380,0.0,0.5462613,0,simplekt
48488379181898380,0.0,0.50808394,0,simplekt
48488379181898380,0.0,3.3044734e-07,0,simplekt
48488379181898380,1.0,0.8904585,0,simplekt
48488379181898380,1.0,0.99993324,0,simplekt
48488379181898380,0.0,0.46950436,0,simplekt
48488379181898380,0.0,0.03760212,0,simplekt
48488379181898380,0.0,0.6620338,0,simplekt
48488379181898380,0.0,2.7184602e-05,0,simplekt
48488379181898380,0.0,3.4860946e-07,0,simplekt
48488379181898380,1.0,0.5168637,0,simplekt
48488379181898380,1.0,0.9992368,0,simplekt
48488379181898380,0.0,0.6923838,0,simplekt
48488379181898380,0.0,0.00013867143,0,simplekt
48488379181898380,1.0,0.75780326,0,simplekt
48488379181898380,1.0,0.67852706,0,simplekt
48488379181898380,0.0,0.97141314,0,simplekt
48488379181898380,0.0,0.03399247,0,simplekt
48488379181898380,0.0,0.07290488,0,simplekt
48488379181898380,0.0,4.4117847e-08,0,simplekt
48488379181898380,0.0,0.36342737,0,simplekt
48488379181898380,1.0,0.24934843,0,simplekt
48488379181898380,1.0,0.99925846,0,simplekt
48488379181898380,1.0,0.6578363,0,simplekt
48488379181898380,1.0,0.99999547,0,simplekt
48488379181898380,1.0,0.5513441,0,simplekt
48488379181898380,0.0,0.5278343,0,simplekt
48488379181898380,1.0,0.46073988,0,simplekt
48488379181898380,1.0,0.61665505,0,simplekt
48488379181898380,1.0,0.65550685,0,simplekt
48488379181898380,1.0,0.71224105,0,simplekt
48488379181898380,0.0,0.658365,0,simplekt
48488379181898380,0.0,0.00027621427,0,simplekt
48488379181898380,1.0,0.4759679,0,simplekt
48488379181898380,1.0,0.799489,0,simplekt
48488379181898380,1.0,0.9999937,0,simplekt
48488379181898380,1.0,0.7897602,0,simplekt
48488379181898380,1.0,0.89187443,0,simplekt
48488379181898380,1.0,0.85171306,0,simplekt
48488379181898380,1.0,0.9999989,0,simplekt
48488379181898380,1.0,0.7585414,0,simplekt
48488379181898380,1.0,0.8939721,0,simplekt
48488379181898380,0.0,0.008853905,0,simplekt
48488379181898380,0.0,0.8156197,0,simplekt
48488379181898380,1.0,0.59765136,0,simplekt
48845589028730822,0.0,0.48812354,0,simplekt
48845589028730822,1.0,0.5260392,0,simplekt
48845589028730822,0.0,0.6061196,0,simplekt
48845589028730822,1.0,0.86667347,0,simplekt
48845589028730822,1.0,0.833358,0,simplekt
48845589028730822,1.0,0.9998136,0,simplekt
48845589028730822,1.0,0.96983486,0,simplekt
48845589028730822,1.0,0.9966912,0,simplekt
48845589028730822,0.0,0.81653273,0,simplekt
48845589028730822,1.0,0.7630375,0,simplekt
48845589028730822,1.0,0.9993388,0,simplekt
48845589028730822,1.0,0.9284135,0,simplekt
48845589028730822,1.0,0.9613774,0,simplekt
48845589028730822,1.0,0.9999939,0,simplekt
48845589028730822,1.0,0.7093857,0,simplekt
48845589028730822,1.0,0.9088392,0,simplekt
48845589028730822,1.0,0.97917867,0,simplekt
48845589028730822,1.0,0.7697416,0,simplekt
48845589028730822,1.0,0.910446,0,simplekt
48845589028730822,1.0,0.981547,0,simplekt
48845589028730822,1.0,0.76754963,0,simplekt
48845589028730822,1.0,0.8408673,0,simplekt
48845589028730822,1.0,0.7302667,0,simplekt
48845589028730822,1.0,0.95952487,0,simplekt
48845589028730822,1.0,0.9805721,0,simplekt
48845589028730822,0.0,0.6759088,0,simplekt
48845589028730822,1.0,0.8194027,0,simplekt
48845589028730822,1.0,0.78381723,0,simplekt
48845589028730822,1.0,0.56916046,0,simplekt
48845589028730822,1.0,0.9039867,0,simplekt
48845589028730822,1.0,0.86460763,0,simplekt
48845589028730822,1.0,0.98019904,0,simplekt
48845589028730822,1.0,0.8769683,0,simplekt
48845589028730822,1.0,0.9999931,0,simplekt
48845589028730822,1.0,0.9189919,0,simplekt
48845589028730822,1.0,0.9889614,0,simplekt
48845589028730822,1.0,0.9050071,0,simplekt
48845589028730822,1.0,0.99999714,0,simplekt
48845589028730822,1.0,0.57277256,0,simplekt
48845589028730822,1.0,0.74255025,0,simplekt
48845589028730822,1.0,0.95157945,0,simplekt
48845589028730822,1.0,0.9587465,0,simplekt
48845589028730822,1.0,0.8453506,0,simplekt
48845589028730822,1.0,0.9658996,0,simplekt
48845589028730822,1.0,0.9672815,0,simplekt
48845589028730822,1.0,0.8022516,0,simplekt
48845589028730822,1.0,0.96482044,0,simplekt
48845589028730822,0.0,0.60304976,0,simplekt
48845589028730822,0.0,0.7822875,0,simplekt
48845589028730822,0.0,0.39161757,0,simplekt
48845589028730822,0.0,0.39065316,0,simplekt
48845589028730822,1.0,0.83817905,0,simplekt
48845589028730822,1.0,0.9999261,0,simplekt
48845589028730822,1.0,0.5079961,0,simplekt
48845589028730822,1.0,0.9690958,0,simplekt
48845589028730822,1.0,0.9159122,0,simplekt
48845589028730822,1.0,0.84528375,0,simplekt
48845589028730822,0.0,0.89204544,0,simplekt
48845589028730822,1.0,0.57385236,0,simplekt
48845589028730822,1.0,0.64607966,0,simplekt
48845589028730822,1.0,0.9021582,0,simplekt
48845589028730822,0.0,0.8506461,0,simplekt
48845589028730822,1.0,0.592819,0,simplekt
48845589028730822,0.0,0.7414402,0,simplekt
48845589028730822,0.0,5.6351953e-05,0,simplekt
48845589028730822,0.0,0.4286271,0,simplekt
48845589028730822,1.0,0.71336323,0,simplekt
48845589028730822,1.0,0.7461782,0,simplekt
48845589028730822,1.0,0.99999523,0,simplekt
48845589028730822,1.0,0.7710478,0,simplekt
48845589028730822,1.0,0.86483043,0,simplekt
48845589028730822,1.0,0.9563266,0,simplekt
48845589028730822,1.0,0.9477731,0,simplekt
48845589028730822,1.0,0.8844284,0,simplekt
48845589028730822,1.0,0.9999645,0,simplekt
48845589028730822,0.0,0.9662434,0,simplekt
48845589028730822,0.0,0.0001774295,0,simplekt
48845589028730822,0.0,0.75709146,0,simplekt
48845589028730822,0.0,3.8248822e-06,0,simplekt
48845589028730822,1.0,0.7531013,0,simplekt
48845589028730822,1.0,0.99990237,0,simplekt
48845589028730822,1.0,0.9312813,0,simplekt
48845589028730822,1.0,0.99996305,0,simplekt
48845589028730822,1.0,0.9329525,0,simplekt
48845589028730822,1.0,0.99990976,0,simplekt
48845589028730822,1.0,0.762824,0,simplekt
48845589028730822,1.0,0.86362773,0,simplekt
48845589028730822,1.0,0.9999776,0,simplekt
48845589028730822,1.0,0.9999995,0,simplekt
48845589028730822,1.0,0.9999995,0,simplekt
48845589028730822,1.0,0.7304955,0,simplekt
48845589028730822,0.0,0.63088804,0,simplekt
48845589028730822,1.0,0.53679687,0,simplekt
48845589028730822,1.0,0.76307076,0,simplekt
48845589028730822,0.0,0.7434895,0,simplekt
48845589028730822,0.0,0.62830514,0,simplekt
48845589028730822,1.0,0.51769227,0,simplekt
48845589028730822,0.0,0.5049574,0,simplekt
48845589028730822,0.0,0.00013226893,0,simplekt
50272989355910418,1.0,0.9999994,0,simplekt
50272989355910418,1.0,0.89318657,0,simplekt
50272989355910418,1.0,0.98808295,0,simplekt
50272989355910418,1.0,0.9065354,0,simplekt
50272989355910418,1.0,0.99999976,0,simplekt
50272989355910418,1.0,0.97624433,0,simplekt
50272989355910418,0.0,0.66492283,0,simplekt
50272989355910418,0.0,0.6915591,0,simplekt
50272989355910418,1.0,0.7020475,0,simplekt
50272989355910418,1.0,0.8098649,0,simplekt
50272989355910418,1.0,0.78213376,0,simplekt
50272989355910418,1.0,0.92940706,0,simplekt
50272989355910418,1.0,0.9417754,0,simplekt
50272989355910418,1.0,0.8960951,0,simplekt
50272989355910418,0.0,0.7356285,0,simplekt
50272989355910418,1.0,0.93460375,0,simplekt
50272989355910418,0.0,0.51910573,0,simplekt
50272989355910418,0.0,0.7834808,0,simplekt
50272989355910418,1.0,0.7856513,0,simplekt
50272989355910418,0.0,0.75168175,0,simplekt
50272989355910418,0.0,0.6863899,0,simplekt
50272989355910418,1.0,0.3164171,0,simplekt
50272989355910418,1.0,0.5514955,0,simplekt
50272989355910418,0.0,0.24317653,0,simplekt
50272989355910418,0.0,0.7067077,0,simplekt
50272989355910418,1.0,0.22175948,0,simplekt
50272989355910418,1.0,0.30632216,0,simplekt
50272989355910418,1.0,0.14032085,0,simplekt
50272989355910418,1.0,0.5021307,0,simplekt
50272989355910418,0.0,0.6862632,0,simplekt
50272989355910418,0.0,0.0001764449,0,simplekt
50272989355910418,0.0,0.39288107,0,simplekt
50272989355910418,0.0,0.23887305,0,simplekt
50272989355910418,0.0,0.19194697,0,simplekt
50272989355910418,0.0,0.12025776,0,simplekt
50272989355910418,0.0,2.126265e-05,0,simplekt
50272989355910418,1.0,0.7147928,0,simplekt
50272989355910418,0.0,0.45938137,0,simplekt
50272989355910418,1.0,0.40104973,0,simplekt
50272989355910418,1.0,0.9999336,0,simplekt
50272989355910418,0.0,0.5796985,0,simplekt
50272989355910418,1.0,0.79065496,0,simplekt
50272989355910418,1.0,0.7534082,0,simplekt
50272989355910418,0.0,0.41334468,0,simplekt
50272989355910418,1.0,0.7090117,0,simplekt
50272989355910418,1.0,0.84005415,0,simplekt
50272989355910418,1.0,0.90889126,0,simplekt
50272989355910418,0.0,0.7557786,0,simplekt
50272989355910418,0.0,5.296703e-05,0,simplekt
50272989355910418,1.0,0.79231685,0,simplekt
50272989355910418,1.0,0.99990404,0,simplekt
50272989355910418,0.0,0.8804626,0,simplekt
50272989355910418,0.0,1.1250044e-05,0,simplekt
50272989355910418,1.0,0.6522885,0,simplekt
50272989355910418,1.0,0.9999429,0,simplekt
50272989355910418,1.0,0.87820464,0,simplekt
50272989355910418,1.0,0.99995124,0,simplekt
50272989355910418,1.0,0.89940643,0,simplekt
50272989355910418,1.0,0.9999448,0,simplekt
50272989355910418,1.0,0.38795292,0,simplekt
50272989355910418,1.0,0.9999757,0,simplekt
50272989355910418,1.0,0.66215134,0,simplekt
50272989355910418,0.0,0.27599698,0,simplekt
50272989355910418,1.0,0.70609313,0,simplekt
50272989355910418,1.0,0.852718,0,simplekt
50272989355910418,1.0,0.999961,0,simplekt
50272989355910418,1.0,0.9999989,0,simplekt
50272989355910418,1.0,0.99999845,0,simplekt
50272989355910418,1.0,0.62248677,0,simplekt
50272989355910418,1.0,0.581816,0,simplekt
50272989355910418,1.0,0.64550495,0,simplekt
50272989355910418,1.0,0.48827514,0,simplekt
50272989355910418,0.0,0.51835823,0,simplekt
50272989355910418,1.0,0.69935876,0,simplekt
50272989355910418,1.0,0.92221844,0,simplekt
50272989355910418,0.0,0.54239625,0,simplekt
50272989355910418,1.0,0.5709043,0,simplekt
50272989355910418,1.0,0.6901216,0,simplekt
50272989355910418,1.0,0.6438316,0,simplekt
50272989355910418,1.0,0.7831468,0,simplekt
50272989355910418,1.0,0.78749317,0,simplekt
50272989355910418,1.0,0.8889563,0,simplekt
50272989355910418,1.0,0.65754867,0,simplekt
50272989355910418,0.0,0.5333124,0,simplekt
50272989355910418,1.0,0.8440243,0,simplekt
50272989355910418,1.0,0.9689315,0,simplekt
50272989355910418,1.0,0.9999993,0,simplekt
50272989355910418,1.0,0.9417456,0,simplekt
50272989355910418,1.0,0.95937216,0,simplekt
50272989355910418,1.0,0.8547966,0,simplekt
50272989355910418,0.0,0.7270923,0,simplekt
50272989355910418,0.0,3.868312e-06,0,simplekt
50272989355910418,0.0,1.0073806e-05,0,simplekt
50272989355910418,0.0,0.38305056,0,simplekt
50272989355910418,1.0,0.92716473,0,simplekt
50272989355910418,0.0,0.4535952,0,simplekt
50272989355910418,0.0,0.7038227,0,simplekt
50272989355910418,1.0,0.6551194,0,simplekt
50272989355910418,1.0,0.9999473,0,simplekt
56252021258120545,1.0,0.98007524,0,simplekt
56252021258120545,1.0,0.9999988,0,simplekt
56252021258120545,1.0,0.9063633,0,simplekt
56252021258120545,1.0,0.9321771,0,simplekt
56252021258120545,1.0,0.97289383,0,simplekt
56252021258120545,1.0,0.97322285,0,simplekt
56252021258120545,1.0,0.9150895,0,simplekt
56252021258120545,1.0,0.99998724,0,simplekt
56252021258120545,1.0,0.9354946,0,simplekt
56252021258120545,1.0,0.9660519,0,simplekt
56252021258120545,1.0,0.98699576,0,simplekt
56252021258120545,1.0,0.9897996,0,simplekt
56252021258120545,1.0,0.95182574,0,simplekt
56252021258120545,1.0,0.97838664,0,simplekt
56252021258120545,1.0,0.935369,0,simplekt
56252021258120545,1.0,0.9776739,0,simplekt
56252021258120545,1.0,0.9999958,0,simplekt
56252021258120545,1.0,0.9692388,0,simplekt
56252021258120545,1.0,0.99999297,0,simplekt
56252021258120545,1.0,0.937765,0,simplekt
56252021258120545,1.0,0.99999607,0,simplekt
56252021258120545,1.0,0.97227275,0,simplekt
56252021258120545,1.0,0.9040064,0,simplekt
56252021258120545,1.0,0.90704924,0,simplekt
56252021258120545,1.0,0.9487305,0,simplekt
56252021258120545,1.0,0.99997354,0,simplekt
56252021258120545,1.0,0.99999976,0,simplekt
56252021258120545,1.0,0.99999964,0,simplekt
56252021258120545,1.0,0.991621,0,simplekt
56252021258120545,1.0,0.9795272,0,simplekt
56252021258120545,1.0,0.99999857,0,simplekt
56252021258120545,1.0,0.9759104,0,simplekt
56252021258120545,1.0,0.96082747,0,simplekt
56252021258120545,0.0,0.9865117,0,simplekt
56252021258120545,1.0,0.82031786,0,simplekt
56252021258120545,1.0,0.87145317,0,simplekt
56252021258120545,1.0,0.6813356,0,simplekt
56252021258120545,1.0,0.89490217,0,simplekt
56252021258120545,1.0,0.9867508,0,simplekt
56252021258120545,1.0,0.99563617,0,simplekt
56252021258120545,0.0,0.97451687,0,simplekt
56252021258120545,1.0,0.72175163,0,simplekt
56252021258120545,1.0,0.99996436,0,simplekt
56252021258120545,1.0,0.9999989,0,simplekt
56252021258120545,1.0,0.9055307,0,simplekt
56252021258120545,1.0,0.6433291,0,simplekt
56252021258120545,1.0,0.99995923,0,simplekt
56252021258120545,1.0,0.99999654,0,simplekt
56252021258120545,1.0,0.963539,0,simplekt
56252021258120545,1.0,0.99999917,0,simplekt
56252021258120545,1.0,0.7943294,0,simplekt
56252021258120545,1.0,0.7974505,0,simplekt
56252021258120545,1.0,0.96359545,0,simplekt
56252021258120545,1.0,0.9463297,0,simplekt
56252021258120545,1.0,0.976071,0,simplekt
56252021258120545,1.0,0.987543,0,simplekt
56252021258120545,1.0,0.988892,0,simplekt
56252021258120545,1.0,0.9934902,0,simplekt
56252021258120545,1.0,0.99814355,0,simplekt
56252021258120545,1.0,0.99998903,0,simplekt
56252021258120545,1.0,0.9999982,0,simplekt
56252021258120545,1.0,0.9999939,0,simplekt
56252021258120545,1.0,0.98322695,0,simplekt
56252021258120545,1.0,0.97191983,0,simplekt
56252021258120545,1.0,0.9813952,0,simplekt
56252021258120545,1.0,0.9851147,0,simplekt
56252021258120545,0.0,0.6985869,0,simplekt
56252021258120545,0.0,0.00010012414,0,simplekt
56252021258120545,1.0,0.5199661,0,simplekt
56252021258120545,1.0,0.9999957,0,simplekt
56252021258120545,0.0,0.7599285,0,simplekt
56252021258120545,1.0,0.6436413,0,simplekt
56252021258120545,1.0,0.67203265,0,simplekt
56252021258120545,1.0,0.85092443,0,simplekt
56252021258120545,1.0,0.84857583,0,simplekt
56252021258120545,1.0,0.9675821,0,simplekt
56252021258120545,1.0,0.9844789,0,simplekt
56252021258120545,1.0,0.9875315,0,simplekt
56252021258120545,1.0,0.94139725,0,simplekt
56252021258120545,1.0,0.9274963,0,simplekt
56252021258120545,1.0,0.98216665,0,simplekt
56252021258120545,1.0,0.9892197,0,simplekt
56252021258120545,1.0,0.7655811,0,simplekt
56252021258120545,1.0,0.99998,0,simplekt
56252021258120545,1.0,0.64134794,0,simplekt
56252021258120545,1.0,0.9587465,0,simplekt
56252021258120545,1.0,0.97818756,0,simplekt
56252021258120545,1.0,0.9999964,0,simplekt
56252021258120545,1.0,0.9853425,0,simplekt
56252021258120545,1.0,0.9999403,0,simplekt
56252021258120545,1.0,0.8471033,0,simplekt
56252021258120545,1.0,0.99999666,0,simplekt
56252021258120545,1.0,0.9999988,0,simplekt
56252021258120545,1.0,0.99179333,0,simplekt
56252021258120545,1.0,0.987328,0,simplekt
56252021258120545,1.0,0.74907595,0,simplekt
56252021258120545,1.0,0.95498747,0,simplekt
56252021258120545,1.0,0.9852325,0,simplekt
56252021258120545,1.0,0.9999931,0,simplekt
58379446801296488,1.0,0.34059617,0,simplekt
58379446801296488,1.0,0.92815536,0,simplekt
58379446801296488,1.0,0.81762606,0,simplekt
58379446801296488,0.0,0.9215841,0,simplekt
58379446801296488,1.0,0.76084334,0,simplekt
58379446801296488,1.0,0.63349557,0,simplekt
58379446801296488,1.0,0.6361066,0,simplekt
58379446801296488,1.0,0.9054485,0,simplekt
58379446801296488,0.0,0.52094275,0,simplekt
58379446801296488,0.0,0.7225279,0,simplekt
58379446801296488,0.0,0.5138854,0,simplekt
58379446801296488,0.0,0.00013824855,0,simplekt
58379446801296488,0.0,0.00011889325,0,simplekt
58379446801296488,0.0,0.44550273,0,simplekt
58379446801296488,1.0,0.52181274,0,simplekt
58379446801296488,1.0,0.74394053,0,simplekt
58379446801296488,1.0,0.9490639,0,simplekt
58379446801296488,1.0,0.7534693,0,simplekt
58379446801296488,1.0,0.878435,0,simplekt
58379446801296488,1.0,0.7701094,0,simplekt
58379446801296488,1.0,0.43294075,0,simplekt
58379446801296488,1.0,0.7866793,0,simplekt
58379446801296488,1.0,0.8612868,0,simplekt
58379446801296488,1.0,0.9759335,0,simplekt
58379446801296488,1.0,0.952598,0,simplekt
58379446801296488,1.0,0.9999478,0,simplekt
58379446801296488,1.0,0.92154396,0,simplekt
58379446801296488,1.0,0.92947865,0,simplekt
58379446801296488,1.0,0.9605503,0,simplekt
58379446801296488,1.0,0.868475,0,simplekt
58379446801296488,1.0,0.76596797,0,simplekt
58379446801296488,1.0,0.9998641,0,simplekt
58379446801296488,1.0,0.9548803,0,simplekt
58379446801296488,1.0,0.8888127,0,simplekt
58379446801296488,1.0,0.9997943,0,simplekt
58379446801296488,1.0,0.99995244,0,simplekt
58379446801296488,1.0,0.9521226,0,simplekt
58379446801296488,1.0,0.9750395,0,simplekt
58379446801296488,1.0,0.9999877,0,simplekt
58379446801296488,1.0,0.973529,0,simplekt
58379446801296488,1.0,0.91139567,0,simplekt
58379446801296488,1.0,0.9648734,0,simplekt
58379446801296488,1.0,0.9997036,0,simplekt
58379446801296488,1.0,0.9936581,0,simplekt
58379446801296488,1.0,0.92320806,0,simplekt
58379446801296488,1.0,0.9609187,0,simplekt
58379446801296488,1.0,0.96994215,0,simplekt
58379446801296488,1.0,0.979191,0,simplekt
58379446801296488,0.0,0.7829977,0,simplekt
58379446801296488,1.0,0.48491946,0,simplekt
58379446801296488,1.0,0.88846326,0,simplekt
58379446801296488,1.0,0.7479607,0,simplekt
58379446801296488,1.0,0.8631123,0,simplekt
58379446801296488,0.0,0.79062134,0,simplekt
58379446801296488,1.0,0.5043854,0,simplekt
58379446801296488,1.0,0.58862764,0,simplekt
58379446801296488,1.0,0.8805514,0,simplekt
58379446801296488,1.0,0.9998671,0,simplekt
58379446801296488,1.0,0.99990165,0,simplekt
58379446801296488,0.0,0.89972067,0,simplekt
58379446801296488,1.0,0.80651605,0,simplekt
58379446801296488,1.0,0.6671588,0,simplekt
58379446801296488,1.0,0.8099314,0,simplekt
58379446801296488,1.0,0.99995387,0,simplekt
58379446801296488,1.0,0.9873957,0,simplekt
58379446801296488,1.0,0.98979175,0,simplekt
58379446801296488,1.0,0.98993874,0,simplekt
58379446801296488,1.0,0.97568727,0,simplekt
58379446801296488,1.0,0.9953218,0,simplekt
58379446801296488,1.0,0.9531322,0,simplekt
58379446801296488,1.0,0.99066585,0,simplekt
58379446801296488,1.0,0.97880965,0,simplekt
58379446801296488,1.0,0.9962239,0,simplekt
58379446801296488,1.0,0.95714396,0,simplekt
58379446801296488,1.0,0.9125306,0,simplekt
58379446801296488,1.0,0.9170665,0,simplekt
58379446801296488,1.0,0.8545029,0,simplekt
58379446801296488,1.0,0.6089252,0,simplekt
58379446801296488,1.0,0.8243032,0,simplekt
58379446801296488,1.0,0.8715217,0,simplekt
58379446801296488,1.0,0.6461572,0,simplekt
58379446801296488,1.0,0.8337485,0,simplekt
58379446801296488,1.0,0.972897,0,simplekt
58379446801296488,1.0,0.92094356,0,simplekt
58379446801296488,1.0,0.8903004,0,simplekt
58379446801296488,1.0,0.8581727,0,simplekt
58379446801296488,1.0,0.8312637,0,simplekt
58379446801296488,1.0,0.8942296,0,simplekt
58379446801296488,1.0,0.9687488,0,simplekt
58379446801296488,1.0,0.6414297,0,simplekt
58379446801296488,1.0,0.91799366,0,simplekt
58379446801296488,0.0,0.47901022,0,simplekt
58379446801296488,1.0,0.817693,0,simplekt
58379446801296488,1.0,0.8929933,0,simplekt
58379446801296488,1.0,0.9545393,0,simplekt
58379446801296488,1.0,0.97092706,0,simplekt
58379446801296488,1.0,0.94240206,0,simplekt
58379446801296488,1.0,0.82640517,0,simplekt
58379446801296488,1.0,0.922086,0,simplekt
58519614243521427,0.0,0.62814116,0,simplekt
58519614243521427,1.0,0.5933983,0,simplekt
58519614243521427,1.0,0.9999825,0,simplekt
58519614243521427,0.0,0.64996254,0,simplekt
58519614243521427,1.0,0.8832644,0,simplekt
58519614243521427,1.0,0.92717135,0,simplekt
58519614243521427,1.0,0.93804497,0,simplekt
58519614243521427,1.0,0.999987,0,simplekt
58519614243521427,1.0,0.9486977,0,simplekt
58519614243521427,1.0,0.9999708,0,simplekt
58519614243521427,0.0,0.6138622,0,simplekt
58519614243521427,0.0,7.0740807e-06,0,simplekt
58519614243521427,1.0,0.7733332,0,simplekt
58519614243521427,0.0,0.3651341,0,simplekt
58519614243521427,0.0,0.8440663,0,simplekt
58519614243521427,1.0,0.52106434,0,simplekt
58519614243521427,1.0,0.99864393,0,simplekt
58519614243521427,1.0,0.999974,0,simplekt
58519614243521427,1.0,0.99996376,0,simplekt
58519614243521427,1.0,0.92677075,0,simplekt
58519614243521427,1.0,0.91516846,0,simplekt
58519614243521427,1.0,0.90888846,0,simplekt
58519614243521427,1.0,0.9585713,0,simplekt
58519614243521427,1.0,0.8447058,0,simplekt
58519614243521427,1.0,0.97916967,0,simplekt
58519614243521427,1.0,0.9999666,0,simplekt
58519614243521427,1.0,0.8445597,0,simplekt
58519614243521427,1.0,0.841699,0,simplekt
58519614243521427,1.0,0.9999074,0,simplekt
58519614243521427,1.0,0.9290284,0,simplekt
58519614243521427,1.0,0.96840936,0,simplekt
58519614243521427,1.0,0.7160737,0,simplekt
58519614243521427,0.0,0.8273365,0,simplekt
58519614243521427,1.0,0.61375016,0,simplekt
58519614243521427,1.0,0.94168305,0,simplekt
58519614243521427,1.0,0.81212837,0,simplekt
58519614243521427,1.0,0.99990416,0,simplekt
58519614243521427,1.0,0.73830307,0,simplekt
58519614243521427,0.0,0.6158918,0,simplekt
58519614243521427,1.0,0.9133086,0,simplekt
58519614243521427,0.0,0.9814322,0,simplekt
58519614243521427,0.0,5.8029866e-05,0,simplekt
58519614243521427,1.0,0.9165147,0,simplekt
58519614243521427,1.0,0.8780183,0,simplekt
58519614243521427,1.0,0.94781196,0,simplekt
58519614243521427,1.0,0.9670021,0,simplekt
58519614243521427,0.0,0.84690356,0,simplekt
58519614243521427,1.0,0.9206056,0,simplekt
58519614243521427,0.0,0.5547638,0,simplekt
58519614243521427,0.0,0.78104854,0,simplekt
58519614243521427,1.0,0.96762264,0,simplekt
58519614243521427,1.0,0.9999294,0,simplekt
58519614243521427,1.0,0.99998975,0,simplekt
58519614243521427,1.0,0.99995244,0,simplekt
58519614243521427,1.0,0.8035069,0,simplekt
58519614243521427,1.0,0.7585196,0,simplekt
58519614243521427,1.0,0.99998975,0,simplekt
58519614243521427,1.0,0.99999595,0,simplekt
58519614243521427,1.0,0.86892474,0,simplekt
58519614243521427,1.0,0.73400337,0,simplekt
58519614243521427,1.0,0.5126968,0,simplekt
58519614243521427,0.0,0.5793416,0,simplekt
58519614243521427,0.0,0.5041661,0,simplekt
58519614243521427,0.0,1.5140436e-05,0,simplekt
58519614243521427,1.0,0.88182914,0,simplekt
58519614243521427,1.0,0.8347823,0,simplekt
58519614243521427,1.0,0.9999833,0,simplekt
58519614243521427,0.0,0.9200331,0,simplekt
58519614243521427,0.0,8.967806e-06,0,simplekt
58519614243521427,1.0,0.80995184,0,simplekt
58519614243521427,1.0,0.86690706,0,simplekt
58519614243521427,1.0,0.9999987,0,simplekt
58519614243521427,1.0,0.9316341,0,simplekt
58519614243521427,1.0,0.9690785,0,simplekt
58519614243521427,1.0,0.9431497,0,simplekt
58519614243521427,1.0,0.8606064,0,simplekt
58519614243521427,1.0,0.92830163,0,simplekt
58519614243521427,1.0,0.9536603,0,simplekt
58519614243521427,1.0,0.7925466,0,simplekt
58519614243521427,1.0,0.98291814,0,simplekt
58519614243521427,1.0,0.9325652,0,simplekt
58519614243521427,1.0,0.97647786,0,simplekt
58519614243521427,1.0,0.99996305,0,simplekt
58519614243521427,1.0,0.97670364,0,simplekt
58519614243521427,1.0,0.91180223,0,simplekt
58519614243521427,1.0,0.9786066,0,simplekt
58519614243521427,1.0,0.9530538,0,simplekt
58519614243521427,1.0,0.9716764,0,simplekt
58519614243521427,1.0,0.9533774,0,simplekt
58519614243521427,0.0,0.81476057,0,simplekt
58519614243521427,1.0,0.64153963,0,simplekt
58519614243521427,1.0,0.88118136,0,simplekt
58519614243521427,1.0,0.97161263,0,simplekt
58519614243521427,1.0,0.99999285,0,simplekt
58519614243521427,0.0,0.9128445,0,simplekt
58519614243521427,1.0,0.90224504,0,simplekt
58519614243521427,1.0,0.99978596,0,simplekt
58519614243521427,1.0,0.9989141,0,simplekt
58519614243521427,0.0,0.9396059,0,simplekt
58586918308031629,1.0,0.85776746,0,simplekt
58586918308031629,1.0,0.86897135,0,simplekt
58586918308031629,1.0,0.5973414,0,simplekt
58586918308031629,1.0,0.55096585,0,simplekt
58586918308031629,1.0,0.7688229,0,simplekt
58586918308031629,1.0,0.9999993,0,simplekt
58586918308031629,1.0,0.5911643,0,simplekt
58586918308031629,1.0,0.6675924,0,simplekt
58586918308031629,1.0,0.8224091,0,simplekt
58586918308031629,1.0,0.9509596,0,simplekt
58586918308031629,1.0,0.95896024,0,simplekt
58586918308031629,0.0,0.9433926,0,simplekt
58586918308031629,1.0,0.95422995,0,simplekt
58586918308031629,1.0,0.7406913,0,simplekt
58586918308031629,1.0,0.9999045,0,simplekt
58586918308031629,1.0,0.93596554,0,simplekt
58586918308031629,1.0,0.77376115,0,simplekt
58586918308031629,1.0,0.9999981,0,simplekt
58586918308031629,1.0,0.8225083,0,simplekt
58586918308031629,1.0,0.77453035,0,simplekt
58586918308031629,1.0,0.7701322,0,simplekt
58586918308031629,1.0,0.93342364,0,simplekt
58586918308031629,1.0,0.6359524,0,simplekt
58586918308031629,1.0,0.97567505,0,simplekt
58586918308031629,1.0,0.9999926,0,simplekt
58586918308031629,1.0,0.86958617,0,simplekt
58586918308031629,1.0,0.81802255,0,simplekt
58586918308031629,1.0,0.9339602,0,simplekt
58586918308031629,1.0,0.9999809,0,simplekt
58586918308031629,1.0,0.80639523,0,simplekt
58586918308031629,1.0,0.7621341,0,simplekt
58586918308031629,1.0,0.8314422,0,simplekt
58586918308031629,1.0,0.9715968,0,simplekt
58586918308031629,1.0,0.9800678,0,simplekt
58586918308031629,1.0,0.92502093,0,simplekt
58586918308031629,1.0,0.82773143,0,simplekt
58586918308031629,1.0,0.95389384,0,simplekt
58586918308031629,1.0,0.96940786,0,simplekt
58586918308031629,1.0,0.99996483,0,simplekt
58586918308031629,1.0,0.9748018,0,simplekt
58586918308031629,1.0,0.8542596,0,simplekt
58586918308031629,1.0,0.99998975,0,simplekt
58586918308031629,0.0,0.92295724,0,simplekt
58586918308031629,1.0,0.7934591,0,simplekt
58586918308031629,1.0,0.9623304,0,simplekt
58586918308031629,1.0,0.9875037,0,simplekt
58586918308031629,1.0,0.7753962,0,simplekt
58586918308031629,1.0,0.9894037,0,simplekt
58586918308031629,1.0,0.83865833,0,simplekt
58586918308031629,1.0,0.8625982,0,simplekt
58586918308031629,1.0,0.89990455,0,simplekt
58586918308031629,1.0,0.9908957,0,simplekt
58586918308031629,1.0,0.99259734,0,simplekt
58586918308031629,1.0,0.9999994,0,simplekt
58586918308031629,1.0,0.96369594,0,simplekt
58586918308031629,1.0,0.9425666,0,simplekt
58586918308031629,1.0,0.9610885,0,simplekt
58586918308031629,1.0,0.91839963,0,simplekt
58586918308031629,1.0,0.9999852,0,simplekt
58586918308031629,1.0,0.99999475,0,simplekt
58586918308031629,1.0,0.8095669,0,simplekt
58586918308031629,1.0,0.93555707,0,simplekt
58586918308031629,1.0,0.9151766,0,simplekt
58586918308031629,1.0,0.9530951,0,simplekt
58586918308031629,1.0,0.9573525,0,simplekt
58586918308031629,1.0,0.999998,0,simplekt
58586918308031629,1.0,0.99999976,0,simplekt
58586918308031629,1.0,0.9821431,0,simplekt
58586918308031629,1.0,0.99208903,0,simplekt
58586918308031629,1.0,0.99215406,0,simplekt
58586918308031629,1.0,0.97328556,0,simplekt
58586918308031629,1.0,0.9999964,0,simplekt
58586918308031629,1.0,0.9999999,0,simplekt
58586918308031629,1.0,0.9793944,0,simplekt
58586918308031629,1.0,0.9773237,0,simplekt
58586918308031629,1.0,0.9968657,0,simplekt
58586918308031629,1.0,0.8901583,0,simplekt
58586918308031629,1.0,0.99996376,0,simplekt
58586918308031629,1.0,0.98442,0,simplekt
58586918308031629,1.0,0.95245886,0,simplekt
58586918308031629,1.0,0.970124,0,simplekt
58586918308031629,1.0,0.98257667,0,simplekt
58586918308031629,1.0,0.8008694,0,simplekt
58586918308031629,1.0,0.9564598,0,simplekt
58586918308031629,1.0,0.99061745,0,simplekt
58586918308031629,1.0,0.9999981,0,simplekt
58586918308031629,1.0,0.9668133,0,simplekt
58586918308031629,1.0,0.93421686,0,simplekt
58586918308031629,1.0,0.95794934,0,simplekt
58586918308031629,0.0,0.82263005,0,simplekt
58586918308031629,1.0,0.8899796,0,simplekt
58586918308031629,1.0,0.96284,0,simplekt
58586918308031629,1.0,0.989019,0,simplekt
58586918308031629,1.0,0.99998915,0,simplekt
58586918308031629,1.0,0.833596,0,simplekt
58586918308031629,1.0,0.99995565,0,simplekt
58586918308031629,1.0,0.91547066,0,simplekt
58586918308031629,1.0,0.989189,0,simplekt
58586918308031629,1.0,0.99440444,0,simplekt
67272382942673561,1.0,0.981536,0,simplekt
67272382942673561,1.0,0.9573302,0,simplekt
67272382942673561,1.0,0.6892139,0,simplekt
67272382942673561,1.0,0.9541637,0,simplekt
67272382942673561,0.0,0.843514,0,simplekt
67272382942673561,1.0,0.92776394,0,simplekt
67272382942673561,1.0,0.58588046,0,simplekt
67272382942673561,1.0,0.9007519,0,simplekt
67272382942673561,1.0,0.8933664,0,simplekt
67272382942673561,1.0,0.71414936,0,simplekt
67272382942673561,1.0,0.90277755,0,simplekt
67272382942673561,1.0,0.96389407,0,simplekt
67272382942673561,1.0,0.9322585,0,simplekt
67272382942673561,1.0,0.982764,0,simplekt
67272382942673561,1.0,0.9530748,0,simplekt
67272382942673561,1.0,0.9128965,0,simplekt
67272382942673561,1.0,0.98670924,0,simplekt
67272382942673561,1.0,0.9095729,0,simplekt
67272382942673561,1.0,0.99999857,0,simplekt
67272382942673561,0.0,0.90730125,0,simplekt
67272382942673561,0.0,0.3713592,0,simplekt
67272382942673561,1.0,0.84747756,0,simplekt
67272382942673561,1.0,0.7959636,0,simplekt
67272382942673561,0.0,0.31157747,0,simplekt
67272382942673561,1.0,0.9567803,0,simplekt
67272382942673561,1.0,0.75890535,0,simplekt
67272382942673561,1.0,0.9113798,0,simplekt
67272382942673561,1.0,0.9458944,0,simplekt
67272382942673561,1.0,0.61286855,0,simplekt
67272382942673561,1.0,0.98010945,0,simplekt
67272382942673561,1.0,0.8687719,0,simplekt
67272382942673561,1.0,0.9626393,0,simplekt
67272382942673561,1.0,0.9222198,0,simplekt
67272382942673561,0.0,0.869422,0,simplekt
67272382942673561,0.0,0.8443035,0,simplekt
67272382942673561,0.0,0.3872684,0,simplekt
67272382942673561,0.0,0.00019606054,0,simplekt
67272382942673561,0.0,0.007412259,0,simplekt
67272382942673561,0.0,0.00076290534,0,simplekt
67272382942673561,0.0,0.003914543,0,simplekt
67272382942673561,0.0,0.06441925,0,simplekt
67272382942673561,0.0,0.49203575,0,simplekt
67272382942673561,1.0,0.5056927,0,simplekt
67272382942673561,0.0,0.25442505,0,simplekt
67272382942673561,0.0,0.49590534,0,simplekt
67272382942673561,1.0,0.6001418,0,simplekt
67272382942673561,1.0,0.87097543,0,simplekt
67272382942673561,1.0,0.79586625,0,simplekt
67272382942673561,1.0,0.6695879,0,simplekt
67272382942673561,1.0,0.7780821,0,simplekt
67272382942673561,0.0,0.46718007,0,simplekt
67272382942673561,0.0,6.224352e-05,0,simplekt
67272382942673561,1.0,0.56181574,0,simplekt
67272382942673561,0.0,0.6545621,0,simplekt
67272382942673561,0.0,0.00012983223,0,simplekt
67272382942673561,0.0,0.37316346,0,simplekt
67272382942673561,1.0,0.565298,0,simplekt
67272382942673561,1.0,0.7620105,0,simplekt
67272382942673561,0.0,0.41324764,0,simplekt
67272382942673561,1.0,0.5760077,0,simplekt
67272382942673561,1.0,0.6278191,0,simplekt
67272382942673561,1.0,0.67355466,0,simplekt
67272382942673561,1.0,0.8975731,0,simplekt
67272382942673561,1.0,0.9999888,0,simplekt
67272382942673561,0.0,0.4249286,0,simplekt
67272382942673561,0.0,9.315662e-06,0,simplekt
67272382942673561,1.0,0.8349091,0,simplekt
67272382942673561,1.0,0.8698227,0,simplekt
67272382942673561,1.0,0.8820454,0,simplekt
67272382942673561,1.0,0.88630116,0,simplekt
67272382942673561,1.0,0.9582007,0,simplekt
67272382942673561,1.0,0.8153304,0,simplekt
67272382942673561,1.0,0.9736134,0,simplekt
67272382942673561,1.0,0.999984,0,simplekt
67272382942673561,1.0,0.80734485,0,simplekt
67272382942673561,1.0,0.7554188,0,simplekt
67272382942673561,1.0,0.9998078,0,simplekt
67272382942673561,1.0,0.9084296,0,simplekt
67272382942673561,1.0,0.9621043,0,simplekt
67272382942673561,1.0,0.6100868,0,simplekt
67272382942673561,1.0,0.7917197,0,simplekt
67272382942673561,1.0,0.8080176,0,simplekt
67272382942673561,1.0,0.7973069,0,simplekt
67272382942673561,1.0,0.8168288,0,simplekt
67272382942673561,1.0,0.8675394,0,simplekt
67272382942673561,1.0,0.9773228,0,simplekt
67272382942673561,1.0,0.98131853,0,simplekt
67272382942673561,1.0,0.9534701,0,simplekt
67272382942673561,1.0,0.7162471,0,simplekt
67272382942673561,1.0,0.5984575,0,simplekt
67272382942673561,1.0,0.9439758,0,simplekt
67272382942673561,1.0,0.7987005,0,simplekt
67272382942673561,1.0,0.9998735,0,simplekt
67272382942673561,1.0,0.8844359,0,simplekt
67272382942673561,1.0,0.9619683,0,simplekt
67272382942673561,1.0,0.6918992,0,simplekt
67272382942673561,1.0,0.9307259,0,simplekt
67272382942673561,0.0,0.9634634,0,simplekt
67272382942673561,0.0,0.004313424,0,simplekt
67464874446049264,1.0,0.9697268,0,simplekt
67464874446049264,0.0,0.61312455,0,simplekt
67464874446049264,1.0,0.80712414,0,simplekt
67464874446049264,1.0,0.6934792,0,simplekt
67464874446049264,1.0,0.8626877,0,simplekt
67464874446049264,1.0,0.7386062,0,simplekt
67464874446049264,1.0,0.9332262,0,simplekt
67464874446049264,1.0,0.9999877,0,simplekt
67464874446049264,1.0,0.96693426,0,simplekt
67464874446049264,0.0,0.38933548,0,simplekt
67464874446049264,1.0,0.7968397,0,simplekt
67464874446049264,1.0,0.88127404,0,simplekt
67464874446049264,1.0,0.87038594,0,simplekt
67464874446049264,1.0,0.7014659,0,simplekt
67464874446049264,1.0,0.93924946,0,simplekt
67464874446049264,1.0,0.64776903,0,simplekt
67464874446049264,1.0,0.80008346,0,simplekt
67464874446049264,1.0,0.99999833,0,simplekt
67464874446049264,0.0,0.7814261,0,simplekt
67464874446049264,1.0,0.7842958,0,simplekt
67464874446049264,1.0,0.81977856,0,simplekt
67464874446049264,1.0,0.9999963,0,simplekt
67464874446049264,1.0,0.7656958,0,simplekt
67464874446049264,1.0,0.91533023,0,simplekt
67464874446049264,1.0,0.9726123,0,simplekt
67464874446049264,1.0,0.9427245,0,simplekt
67464874446049264,1.0,0.9999889,0,simplekt
67464874446049264,1.0,0.9819873,0,simplekt
67464874446049264,1.0,0.99999297,0,simplekt
67464874446049264,1.0,0.9732106,0,simplekt
67464874446049264,1.0,0.9999896,0,simplekt
67464874446049264,1.0,0.9352092,0,simplekt
67464874446049264,1.0,0.99992704,0,simplekt
67464874446049264,1.0,0.99999845,0,simplekt
67464874446049264,1.0,0.999998,0,simplekt
67464874446049264,1.0,0.9746373,0,simplekt
67464874446049264,1.0,0.96810675,0,simplekt
67464874446049264,1.0,0.9633678,0,simplekt
67464874446049264,1.0,0.9911679,0,simplekt
67464874446049264,1.0,0.9265874,0,simplekt
67464874446049264,1.0,0.9930928,0,simplekt
67464874446049264,1.0,0.99998856,0,simplekt
67464874446049264,1.0,0.9342111,0,simplekt
67464874446049264,1.0,0.92061836,0,simplekt
67464874446049264,1.0,0.9999738,0,simplekt
67464874446049264,1.0,0.9672344,0,simplekt
67464874446049264,1.0,0.98537064,0,simplekt
67464874446049264,1.0,0.8499142,0,simplekt
67464874446049264,1.0,0.87303776,0,simplekt
67464874446049264,1.0,0.8929353,0,simplekt
67464874446049264,1.0,0.94181746,0,simplekt
67464874446049264,1.0,0.9845123,0,simplekt
67464874446049264,0.0,0.8421109,0,simplekt
67464874446049264,1.0,0.82647216,0,simplekt
67464874446049264,1.0,0.8593782,0,simplekt
67464874446049264,1.0,0.84934205,0,simplekt
67464874446049264,1.0,0.9671602,0,simplekt
67464874446049264,1.0,0.988279,0,simplekt
67464874446049264,1.0,0.99999857,0,simplekt
67464874446049264,0.0,0.53073573,0,simplekt
67464874446049264,1.0,0.9615716,0,simplekt
67464874446049264,1.0,0.9752239,0,simplekt
67464874446049264,1.0,0.900293,0,simplekt
67464874446049264,1.0,0.984929,0,simplekt
67464874446049264,1.0,0.9846677,0,simplekt
67464874446049264,1.0,0.93239,0,simplekt
67464874446049264,1.0,0.8572818,0,simplekt
67464874446049264,1.0,0.9303813,0,simplekt
67464874446049264,1.0,0.93440396,0,simplekt
67464874446049264,1.0,0.99999535,0,simplekt
67464874446049264,1.0,0.99999964,0,simplekt
67464874446049264,1.0,0.96353346,0,simplekt
67464874446049264,1.0,0.9718165,0,simplekt
67464874446049264,1.0,0.9271056,0,simplekt
67464874446049264,1.0,0.9898102,0,simplekt
67464874446049264,1.0,0.9616161,0,simplekt
67464874446049264,1.0,0.9892904,0,simplekt
67464874446049264,1.0,0.9999825,0,simplekt
67464874446049264,0.0,0.9930316,0,simplekt
67464874446049264,1.0,0.73440987,0,simplekt
67464874446049264,0.0,0.96754014,0,simplekt
67464874446049264,0.0,0.8041473,0,simplekt
67464874446049264,1.0,0.9445269,0,simplekt
67464874446049264,1.0,0.92652804,0,simplekt
67464874446049264,0.0,0.6927082,0,simplekt
67464874446049264,1.0,0.74511266,0,simplekt
67464874446049264,1.0,0.90957814,0,simplekt
67464874446049264,1.0,0.98080176,0,simplekt
67464874446049264,1.0,0.6951008,0,simplekt
67464874446049264,1.0,0.9438211,0,simplekt
67464874446049264,1.0,0.9716024,0,simplekt
67464874446049264,1.0,0.9999962,0,simplekt
67464874446049264,1.0,0.60971475,0,simplekt
67464874446049264,1.0,0.879371,0,simplekt
67464874446049264,1.0,0.9533635,0,simplekt
67464874446049264,1.0,0.98248476,0,simplekt
67464874446049264,1.0,0.999995,0,simplekt
67464874446049264,1.0,0.9784475,0,simplekt
67464874446049264,1.0,0.9847499,0,simplekt
68449793432819281,0.0,0.8964938,0,simplekt
68449793432819281,0.0,0.58182156,0,simplekt
68449793432819281,1.0,0.91905695,0,simplekt
68449793432819281,0.0,0.5261796,0,simplekt
68449793432819281,0.0,0.40955833,0,simplekt
68449793432819281,1.0,0.7679735,0,simplekt
68449793432819281,1.0,0.9523719,0,simplekt
68449793432819281,1.0,0.9593397,0,simplekt
68449793432819281,0.0,0.8611297,0,simplekt
68449793432819281,0.0,0.7044404,0,simplekt
68449793432819281,1.0,0.46327728,0,simplekt
68449793432819281,1.0,0.7829951,0,simplekt
68449793432819281,0.0,0.76490945,0,simplekt
68449793432819281,0.0,0.47463486,0,simplekt
68449793432819281,0.0,9.79414e-07,0,simplekt
68449793432819281,0.0,0.37952143,0,simplekt
68449793432819281,0.0,1.3698802e-06,0,simplekt
68449793432819281,0.0,0.48245883,0,simplekt
68449793432819281,0.0,3.2975174e-06,0,simplekt
68449793432819281,0.0,0.4448638,0,simplekt
68449793432819281,0.0,1.7004312e-06,0,simplekt
68449793432819281,1.0,0.21341401,0,simplekt
68449793432819281,1.0,0.99990606,0,simplekt
68449793432819281,1.0,0.7938699,0,simplekt
68449793432819281,1.0,0.9999974,0,simplekt
68449793432819281,1.0,0.4075233,0,simplekt
68449793432819281,1.0,0.9995746,0,simplekt
68449793432819281,1.0,0.4873575,0,simplekt
68449793432819281,1.0,0.9993291,0,simplekt
68449793432819281,1.0,0.77862304,0,simplekt
68449793432819281,1.0,0.91880804,0,simplekt
68449793432819281,0.0,0.24170113,0,simplekt
68449793432819281,1.0,0.73946947,0,simplekt
68449793432819281,0.0,0.34011945,0,simplekt
68449793432819281,1.0,0.4367142,0,simplekt
68449793432819281,1.0,0.73334926,0,simplekt
68449793432819281,1.0,0.7076815,0,simplekt
68449793432819281,0.0,0.804248,0,simplekt
68449793432819281,1.0,0.6465894,0,simplekt
68449793432819281,1.0,0.60911435,0,simplekt
68449793432819281,1.0,0.8768431,0,simplekt
68449793432819281,1.0,0.6625003,0,simplekt
68449793432819281,1.0,0.27045774,0,simplekt
68449793432819281,0.0,0.962043,0,simplekt
68449793432819281,0.0,0.0069058393,0,simplekt
68449793432819281,0.0,0.43458292,0,simplekt
68449793432819281,0.0,2.9400595e-05,0,simplekt
68449793432819281,0.0,0.26766258,0,simplekt
68449793432819281,0.0,0.3963798,0,simplekt
68449793432819281,0.0,0.36239395,0,simplekt
68449793432819281,0.0,0.48678318,0,simplekt
68449793432819281,0.0,0.22566736,0,simplekt
68449793432819281,0.0,0.43052056,0,simplekt
68449793432819281,0.0,0.035775602,0,simplekt
68449793432819281,1.0,0.32656652,0,simplekt
68449793432819281,1.0,0.8451465,0,simplekt
68449793432819281,1.0,0.6946565,0,simplekt
68449793432819281,1.0,0.59689415,0,simplekt
68449793432819281,1.0,0.5934451,0,simplekt
68449793432819281,0.0,0.51582855,0,simplekt
68449793432819281,0.0,0.00019181208,0,simplekt
68449793432819281,0.0,0.3659703,0,simplekt
68449793432819281,0.0,2.952495e-05,0,simplekt
68449793432819281,0.0,0.83500236,0,simplekt
68449793432819281,0.0,0.85177326,0,simplekt
68449793432819281,0.0,0.28824842,0,simplekt
68449793432819281,0.0,0.21733366,0,simplekt
68449793432819281,0.0,6.629035e-06,0,simplekt
68449793432819281,0.0,0.0010567075,0,simplekt
68449793432819281,0.0,6.990025e-06,0,simplekt
68449793432819281,0.0,0.30121303,0,simplekt
68449793432819281,0.0,0.23744476,0,simplekt
68449793432819281,0.0,0.7339808,0,simplekt
68449793432819281,0.0,0.6759471,0,simplekt
68449793432819281,0.0,0.00019604577,0,simplekt
68449793432819281,0.0,0.342592,0,simplekt
68449793432819281,0.0,1.2944253e-05,0,simplekt
68449793432819281,0.0,0.6341135,0,simplekt
68449793432819281,0.0,2.5618588e-06,0,simplekt
68449793432819281,1.0,0.44359615,0,simplekt
68449793432819281,0.0,0.20310715,0,simplekt
68449793432819281,0.0,1.4852384e-05,0,simplekt
68449793432819281,0.0,0.19062123,0,simplekt
68449793432819281,0.0,1.3733088e-06,0,simplekt
68449793432819281,0.0,0.44845903,0,simplekt
68449793432819281,0.0,0.3799442,0,simplekt
68449793432819281,0.0,0.16861734,0,simplekt
68449793432819281,0.0,0.13596927,0,simplekt
68449793432819281,0.0,0.3831215,0,simplekt
68449793432819281,0.0,0.06367164,0,simplekt
68449793432819281,0.0,0.09322822,0,simplekt
68449793432819281,0.0,3.968973e-05,0,simplekt
68449793432819281,1.0,0.61893904,0,simplekt
68449793432819281,0.0,0.3466908,0,simplekt
68449793432819281,0.0,0.05330384,0,simplekt
68449793432819281,0.0,0.06893248,0,simplekt
68449793432819281,0.0,0.13800286,0,simplekt
68449793432819281,0.0,0.07806766,0,simplekt
68449793432819281,0.0,0.00019225353,0,simplekt
68467886506162352,1.0,0.7390532,0,simplekt
68467886506162352,0.0,0.6694468,0,simplekt
68467886506162352,0.0,0.49996972,0,simplekt
68467886506162352,1.0,0.47859237,0,simplekt
68467886506162352,0.0,0.8415541,0,simplekt
68467886506162352,1.0,0.7602194,0,simplekt
68467886506162352,1.0,0.7206934,0,simplekt
68467886506162352,1.0,0.7080888,0,simplekt
68467886506162352,0.0,0.70940816,0,simplekt
68467886506162352,0.0,0.6114506,0,simplekt
68467886506162352,1.0,0.8014544,0,simplekt
68467886506162352,1.0,0.75355923,0,simplekt
68467886506162352,1.0,0.88583595,0,simplekt
68467886506162352,1.0,0.7391152,0,simplekt
68467886506162352,0.0,0.61935407,0,simplekt
68467886506162352,1.0,0.8795422,0,simplekt
68467886506162352,1.0,0.28110793,0,simplekt
68467886506162352,1.0,0.7113606,0,simplekt
68467886506162352,1.0,0.5456044,0,simplekt
68467886506162352,1.0,0.9999846,0,simplekt
68467886506162352,1.0,0.78195477,0,simplekt
68467886506162352,1.0,0.897873,0,simplekt
68467886506162352,1.0,0.9998425,0,simplekt
68467886506162352,1.0,0.99999785,0,simplekt
68467886506162352,1.0,0.9999969,0,simplekt
68467886506162352,1.0,0.71016955,0,simplekt
68467886506162352,1.0,0.91210264,0,simplekt
68467886506162352,0.0,0.70457447,0,simplekt
68467886506162352,1.0,0.5293746,0,simplekt
68467886506162352,1.0,0.5182915,0,simplekt
68467886506162352,1.0,0.92646474,0,simplekt
68467886506162352,1.0,0.95548826,0,simplekt
68467886506162352,1.0,0.8889714,0,simplekt
68467886506162352,0.0,0.81463456,0,simplekt
68467886506162352,1.0,0.6003742,0,simplekt
68467886506162352,1.0,0.81303835,0,simplekt
68467886506162352,1.0,0.9249419,0,simplekt
68467886506162352,1.0,0.9392333,0,simplekt
68467886506162352,1.0,0.90858734,0,simplekt
68467886506162352,1.0,0.91819966,0,simplekt
68467886506162352,1.0,0.979763,0,simplekt
68467886506162352,1.0,0.9807046,0,simplekt
68467886506162352,1.0,0.9999994,0,simplekt
68467886506162352,1.0,0.8730708,0,simplekt
68467886506162352,1.0,0.91031724,0,simplekt
68467886506162352,1.0,0.89190507,0,simplekt
68467886506162352,1.0,0.837013,0,simplekt
68467886506162352,0.0,0.7369879,0,simplekt
68467886506162352,1.0,0.8733537,0,simplekt
68467886506162352,1.0,0.99998796,0,simplekt
68467886506162352,1.0,0.9999969,0,simplekt
68467886506162352,0.0,0.5765311,0,simplekt
68467886506162352,0.0,0.3220023,0,simplekt
68467886506162352,1.0,0.9212232,0,simplekt
68467886506162352,1.0,0.96345985,0,simplekt
68467886506162352,1.0,0.9680485,0,simplekt
68467886506162352,1.0,0.81054634,0,simplekt
68467886506162352,1.0,0.9999813,0,simplekt
68467886506162352,1.0,0.9999887,0,simplekt
68467886506162352,0.0,0.8995291,0,simplekt
68467886506162352,0.0,0.67149657,0,simplekt
68467886506162352,0.0,0.25644535,0,simplekt
68467886506162352,1.0,0.49700627,0,simplekt
68467886506162352,1.0,0.7054886,0,simplekt
68467886506162352,0.0,0.40110934,0,simplekt
68467886506162352,0.0,9.4110555e-06,0,simplekt
68467886506162352,1.0,0.825375,0,simplekt
68467886506162352,1.0,0.9999478,0,simplekt
68467886506162352,1.0,0.99999857,0,simplekt
68467886506162352,0.0,0.9288196,0,simplekt
68467886506162352,0.0,0.7825226,0,simplekt
68467886506162352,1.0,0.7901068,0,simplekt
68467886506162352,1.0,0.8064535,0,simplekt
68467886506162352,0.0,0.8927647,0,simplekt
68467886506162352,1.0,0.8214993,0,simplekt
68467886506162352,1.0,0.8904378,0,simplekt
68467886506162352,1.0,0.5921607,0,simplekt
68467886506162352,0.0,0.62107724,0,simplekt
68467886506162352,0.0,0.15822059,0,simplekt
68467886506162352,1.0,0.57121587,0,simplekt
68467886506162352,0.0,0.38705292,0,simplekt
68467886506162352,1.0,0.7591778,0,simplekt
68467886506162352,1.0,0.83608544,0,simplekt
68467886506162352,1.0,0.8163415,0,simplekt
68467886506162352,1.0,0.885888,0,simplekt
68467886506162352,1.0,0.9392669,0,simplekt
68467886506162352,1.0,0.97659075,0,simplekt
68467886506162352,0.0,0.59036005,0,simplekt
68467886506162352,0.0,0.42467773,0,simplekt
68467886506162352,1.0,0.7959583,0,simplekt
68467886506162352,1.0,0.9013054,0,simplekt
68467886506162352,1.0,0.95854974,0,simplekt
68467886506162352,0.0,0.64874613,0,simplekt
68467886506162352,0.0,0.0001092145,0,simplekt
68467886506162352,1.0,0.5220606,0,simplekt
68467886506162352,1.0,0.7220899,0,simplekt
68467886506162352,1.0,0.80158406,0,simplekt
68467886506162352,1.0,0.623813,0,simplekt
68467886506162352,0.0,0.28072235,0,simplekt
72959739358903875,1.0,0.9999939,0,simplekt
72959739358903875,1.0,0.9621472,0,simplekt
72959739358903875,1.0,0.99999976,0,simplekt
72959739358903875,1.0,0.7186202,0,simplekt
72959739358903875,1.0,0.99999034,0,simplekt
72959739358903875,1.0,0.927373,0,simplekt
72959739358903875,1.0,0.99999964,0,simplekt
72959739358903875,1.0,0.9902918,0,simplekt
72959739358903875,1.0,0.99998724,0,simplekt
72959739358903875,0.0,0.61440575,0,simplekt
72959739358903875,1.0,0.840516,0,simplekt
72959739358903875,1.0,0.8444957,0,simplekt
72959739358903875,0.0,0.66130036,0,simplekt
72959739358903875,0.0,1.7545776e-06,0,simplekt
72959739358903875,0.0,3.1541844e-10,0,simplekt
72959739358903875,0.0,1.4021351e-10,0,simplekt
72959739358903875,0.0,5.152243e-09,0,simplekt
72959739358903875,0.0,5.0077715e-06,0,simplekt
72959739358903875,1.0,0.6635312,0,simplekt
72959739358903875,1.0,0.86625135,0,simplekt
72959739358903875,0.0,0.8340549,0,simplekt
72959739358903875,0.0,0.33380485,0,simplekt
72959739358903875,0.0,0.29660615,0,simplekt
72959739358903875,1.0,0.8635487,0,simplekt
72959739358903875,1.0,0.86378515,0,simplekt
72959739358903875,1.0,0.864344,0,simplekt
72959739358903875,1.0,0.9998598,0,simplekt
72959739358903875,1.0,0.91901207,0,simplekt
72959739358903875,1.0,0.84887475,0,simplekt
72959739358903875,1.0,0.98589116,0,simplekt
72959739358903875,1.0,0.979397,0,simplekt
72959739358903875,1.0,0.89145005,0,simplekt
72959739358903875,1.0,0.8481066,0,simplekt
72959739358903875,1.0,0.88615507,0,simplekt
72959739358903875,0.0,0.7731444,0,simplekt
72959739358903875,0.0,5.7237678e-05,0,simplekt
72959739358903875,1.0,0.65653276,0,simplekt
72959739358903875,1.0,0.99953294,0,simplekt
72959739358903875,1.0,0.561027,0,simplekt
72959739358903875,1.0,0.999724,0,simplekt
72959739358903875,1.0,0.69317085,0,simplekt
72959739358903875,1.0,0.9999343,0,simplekt
72959739358903875,0.0,0.8097221,0,simplekt
72959739358903875,0.0,2.97897e-05,0,simplekt
72959739358903875,0.0,0.6505518,0,simplekt
72959739358903875,0.0,1.2864001e-06,0,simplekt
72959739358903875,1.0,0.52088624,0,simplekt
72959739358903875,1.0,0.99707055,0,simplekt
72959739358903875,1.0,0.78980184,0,simplekt
72959739358903875,1.0,0.9998254,0,simplekt
72959739358903875,1.0,0.85830045,0,simplekt
72959739358903875,1.0,0.8319137,0,simplekt
72959739358903875,0.0,0.5244285,0,simplekt
72959739358903875,1.0,0.7871273,0,simplekt
72959739358903875,1.0,0.7552953,0,simplekt
72959739358903875,1.0,0.95216185,0,simplekt
72959739358903875,0.0,0.6509994,0,simplekt
72959739358903875,0.0,0.19203031,0,simplekt
72959739358903875,1.0,0.8641421,0,simplekt
72959739358903875,1.0,0.75848657,0,simplekt
72959739358903875,1.0,0.7254727,0,simplekt
72959739358903875,1.0,0.9159702,0,simplekt
72959739358903875,0.0,0.8297344,0,simplekt
72959739358903875,0.0,0.50446564,0,simplekt
72959739358903875,0.0,3.1912074e-05,0,simplekt
72959739358903875,1.0,0.6467524,0,simplekt
72959739358903875,0.0,0.6938428,0,simplekt
72959739358903875,0.0,0.3666013,0,simplekt
72959739358903875,1.0,0.57903296,0,simplekt
72959739358903875,0.0,0.6036047,0,simplekt
72959739358903875,1.0,0.8983732,0,simplekt
72959739358903875,1.0,0.61789894,0,simplekt
72959739358903875,1.0,0.64719987,0,simplekt
72959739358903875,1.0,1.0,0,simplekt
72959739358903875,1.0,0.94745594,0,simplekt
72959739358903875,1.0,0.9999285,0,simplekt
72959739358903875,0.0,0.59494764,0,simplekt
72959739358903875,0.0,2.113176e-05,0,simplekt
72959739358903875,1.0,0.6120397,0,simplekt
72959739358903875,0.0,0.8958115,0,simplekt
72959739358903875,0.0,6.9763715e-05,0,simplekt
72959739358903875,0.0,1.1042818e-06,0,simplekt
72959739358903875,0.0,0.3314466,0,simplekt
72959739358903875,1.0,0.6550125,0,simplekt
72959739358903875,0.0,0.52343154,0,simplekt
72959739358903875,1.0,0.43827373,0,simplekt
72959739358903875,0.0,0.59685516,0,simplekt
72959739358903875,0.0,0.000102152655,0,simplekt
72959739358903875,1.0,0.5600381,0,simplekt
72959739358903875,0.0,0.56710225,0,simplekt
72959739358903875,1.0,0.56749433,0,simplekt
72959739358903875,1.0,0.8734625,0,simplekt
72959739358903875,1.0,0.9999943,0,simplekt
72959739358903875,0.0,0.8338212,0,simplekt
72959739358903875,1.0,0.7228586,0,simplekt
72959739358903875,1.0,0.843943,0,simplekt
72959739358903875,1.0,0.9999933,0,simplekt
72959739358903875,1.0,0.71325195,0,simplekt
72959739358903875,1.0,0.8972299,0,simplekt
73418303348803341,1.0,0.9698323,0,simplekt
73418303348803341,1.0,0.85762846,0,simplekt
73418303348803341,1.0,0.90721303,0,simplekt
73418303348803341,1.0,0.77804035,0,simplekt
73418303348803341,0.0,0.95891255,0,simplekt
73418303348803341,1.0,0.830188,0,simplekt
73418303348803341,0.0,0.8011187,0,simplekt
73418303348803341,1.0,0.58033806,0,simplekt
73418303348803341,1.0,0.98855394,0,simplekt
73418303348803341,1.0,0.9213658,0,simplekt
73418303348803341,1.0,0.94703484,0,simplekt
73418303348803341,0.0,0.89762616,0,simplekt
73418303348803341,1.0,0.4982147,0,simplekt
73418303348803341,0.0,0.51370025,0,simplekt
73418303348803341,0.0,0.33369946,0,simplekt
73418303348803341,0.0,5.7819193e-06,0,simplekt
73418303348803341,0.0,0.47852138,0,simplekt
73418303348803341,1.0,0.2951291,0,simplekt
73418303348803341,0.0,0.5186125,0,simplekt
73418303348803341,1.0,0.30835387,0,simplekt
73418303348803341,1.0,0.9999926,0,simplekt
73418303348803341,0.0,0.83359575,0,simplekt
73418303348803341,1.0,0.6099994,0,simplekt
73418303348803341,1.0,0.7581826,0,simplekt
73418303348803341,1.0,0.99999166,0,simplekt
73418303348803341,1.0,0.7345597,0,simplekt
73418303348803341,1.0,0.7022553,0,simplekt
73418303348803341,1.0,0.7676356,0,simplekt
73418303348803341,1.0,0.9999969,0,simplekt
73418303348803341,1.0,0.8051841,0,simplekt
73418303348803341,1.0,0.897113,0,simplekt
73418303348803341,1.0,0.96479744,0,simplekt
73418303348803341,1.0,0.8831497,0,simplekt
73418303348803341,0.0,0.90147585,0,simplekt
73418303348803341,0.0,1.7416925e-05,0,simplekt
73418303348803341,1.0,0.84720665,0,simplekt
73418303348803341,1.0,0.9121804,0,simplekt
73418303348803341,1.0,0.93263793,0,simplekt
73418303348803341,1.0,0.97206837,0,simplekt
73418303348803341,1.0,0.8959304,0,simplekt
73418303348803341,1.0,0.95118564,0,simplekt
73418303348803341,1.0,0.96856964,0,simplekt
73418303348803341,1.0,0.8446975,0,simplekt
73418303348803341,1.0,0.999987,0,simplekt
73418303348803341,1.0,0.9454262,0,simplekt
73418303348803341,1.0,0.8729482,0,simplekt
73418303348803341,1.0,0.65741414,0,simplekt
73418303348803341,1.0,0.97397655,0,simplekt
73418303348803341,1.0,0.99998164,0,simplekt
73418303348803341,0.0,0.85952765,0,simplekt
73418303348803341,1.0,0.6705153,0,simplekt
73418303348803341,1.0,0.999537,0,simplekt
73418303348803341,1.0,0.99997497,0,simplekt
73418303348803341,1.0,0.99996746,0,simplekt
73418303348803341,1.0,0.7202138,0,simplekt
73418303348803341,1.0,0.6860445,0,simplekt
73418303348803341,1.0,0.7077741,0,simplekt
73418303348803341,1.0,0.4169607,0,simplekt
73418303348803341,1.0,0.6203591,0,simplekt
73418303348803341,1.0,0.9999229,0,simplekt
73418303348803341,0.0,0.5130983,0,simplekt
73418303348803341,1.0,0.94802034,0,simplekt
73418303348803341,1.0,0.8270396,0,simplekt
73418303348803341,1.0,0.96437544,0,simplekt
73418303348803341,1.0,0.9999989,0,simplekt
73418303348803341,0.0,0.91593117,0,simplekt
73418303348803341,1.0,0.8356329,0,simplekt
73418303348803341,1.0,0.8066677,0,simplekt
73418303348803341,1.0,0.37325123,0,simplekt
73418303348803341,1.0,0.9998622,0,simplekt
73418303348803341,1.0,0.9553674,0,simplekt
73418303348803341,0.0,0.9313532,0,simplekt
73418303348803341,1.0,0.9353621,0,simplekt
73418303348803341,0.0,0.93161905,0,simplekt
73418303348803341,0.0,0.81289643,0,simplekt
73418303348803341,1.0,0.7733186,0,simplekt
73418303348803341,0.0,0.7653143,0,simplekt
73418303348803341,1.0,0.88416356,0,simplekt
73418303348803341,1.0,0.99994075,0,simplekt
73418303348803341,0.0,0.6031435,0,simplekt
73418303348803341,1.0,0.35737434,0,simplekt
73418303348803341,1.0,0.99974257,0,simplekt
73418303348803341,0.0,0.8368549,0,simplekt
73418303348803341,0.0,0.842695,0,simplekt
73418303348803341,1.0,0.6266806,0,simplekt
73418303348803341,1.0,0.79325473,0,simplekt
73418303348803341,1.0,0.77099836,0,simplekt
73418303348803341,1.0,0.3968474,0,simplekt
73418303348803341,1.0,0.9652224,0,simplekt
73418303348803341,1.0,0.9662061,0,simplekt
73418303348803341,1.0,0.8780282,0,simplekt
73418303348803341,1.0,0.97009945,0,simplekt
73418303348803341,1.0,0.9716433,0,simplekt
73418303348803341,1.0,0.8859065,0,simplekt
73418303348803341,1.0,0.7788501,0,simplekt
73418303348803341,1.0,0.5608581,0,simplekt
73418303348803341,1.0,0.92650974,0,simplekt
73418303348803341,1.0,0.96422046,0,simplekt
73418303348803341,1.0,0.9999963,0,simplekt
78643766767677139,1.0,0.8473748,0,simplekt
78643766767677139,1.0,0.805344,0,simplekt
78643766767677139,1.0,0.9927685,0,simplekt
78643766767677139,1.0,0.94829255,0,simplekt
78643766767677139,1.0,0.8683364,0,simplekt
78643766767677139,1.0,0.96883553,0,simplekt
78643766767677139,1.0,0.7247091,0,simplekt
78643766767677139,1.0,0.90192366,0,simplekt
78643766767677139,1.0,0.9953107,0,simplekt
78643766767677139,1.0,0.98570246,0,simplekt
78643766767677139,1.0,0.9853731,0,simplekt
78643766767677139,0.0,0.92929876,0,simplekt
78643766767677139,1.0,0.94864994,0,simplekt
78643766767677139,0.0,0.55804133,0,simplekt
78643766767677139,0.0,0.9241805,0,simplekt
78643766767677139,0.0,0.6651439,0,simplekt
78643766767677139,1.0,0.8065849,0,simplekt
78643766767677139,1.0,0.8803036,0,simplekt
78643766767677139,1.0,0.91142124,0,simplekt
78643766767677139,1.0,0.8951447,0,simplekt
78643766767677139,1.0,0.9118066,0,simplekt
78643766767677139,1.0,0.92564493,0,simplekt
78643766767677139,1.0,0.9999491,0,simplekt
78643766767677139,1.0,0.9495815,0,simplekt
78643766767677139,1.0,0.9999788,0,simplekt
78643766767677139,1.0,0.94960487,0,simplekt
78643766767677139,1.0,0.99997365,0,simplekt
78643766767677139,0.0,0.9132043,0,simplekt
78643766767677139,0.0,0.0014437785,0,simplekt
78643766767677139,0.0,0.5608299,0,simplekt
78643766767677139,0.0,1.1188523e-05,0,simplekt
78643766767677139,1.0,0.79749703,0,simplekt
78643766767677139,1.0,0.83215165,0,simplekt
78643766767677139,1.0,0.999089,0,simplekt
78643766767677139,1.0,0.9999846,0,simplekt
78643766767677139,1.0,0.9999802,0,simplekt
78643766767677139,0.0,0.73085964,0,simplekt
78643766767677139,0.0,0.11656533,0,simplekt
78643766767677139,1.0,0.5484507,0,simplekt
78643766767677139,1.0,0.53562146,0,simplekt
78643766767677139,1.0,0.7794803,0,simplekt
78643766767677139,0.0,0.595706,0,simplekt
78643766767677139,1.0,0.5942476,0,simplekt
78643766767677139,0.0,0.70961124,0,simplekt
78643766767677139,1.0,0.69090354,0,simplekt
78643766767677139,1.0,0.9998882,0,simplekt
78643766767677139,1.0,0.8997409,0,simplekt
78643766767677139,1.0,0.9997216,0,simplekt
78643766767677139,1.0,0.90949047,0,simplekt
78643766767677139,1.0,0.7511566,0,simplekt
78643766767677139,1.0,0.9597378,0,simplekt
78643766767677139,1.0,0.9680978,0,simplekt
78643766767677139,1.0,0.9999981,0,simplekt
78643766767677139,1.0,0.79413897,0,simplekt
78643766767677139,1.0,0.9999894,0,simplekt
78643766767677139,1.0,0.9999945,0,simplekt
78643766767677139,1.0,0.8028287,0,simplekt
78643766767677139,1.0,0.9144085,0,simplekt
78643766767677139,1.0,0.9216634,0,simplekt
78643766767677139,1.0,0.69461495,0,simplekt
78643766767677139,0.0,0.83889735,0,simplekt
78643766767677139,1.0,0.58384657,0,simplekt
78643766767677139,1.0,0.8374284,0,simplekt
78643766767677139,1.0,0.46454558,0,simplekt
78643766767677139,1.0,0.99999833,0,simplekt
78643766767677139,0.0,0.9088223,0,simplekt
78643766767677139,0.0,2.728002e-06,0,simplekt
78643766767677139,0.0,7.4077786e-07,0,simplekt
78643766767677139,1.0,0.5845857,0,simplekt
78643766767677139,1.0,0.7805395,0,simplekt
78643766767677139,1.0,0.8153174,0,simplekt
78643766767677139,0.0,0.9065688,0,simplekt
78643766767677139,1.0,0.8793903,0,simplekt
78643766767677139,1.0,0.97275484,0,simplekt
78643766767677139,0.0,0.22653636,0,simplekt
78643766767677139,1.0,0.4163765,0,simplekt
78643766767677139,1.0,0.9054965,0,simplekt
78643766767677139,1.0,0.936842,0,simplekt
78643766767677139,1.0,0.9999982,0,simplekt
78643766767677139,1.0,0.84856755,0,simplekt
78643766767677139,1.0,0.76127833,0,simplekt
78643766767677139,1.0,0.5537421,0,simplekt
78643766767677139,0.0,0.8454206,0,simplekt
78643766767677139,0.0,0.33790225,0,simplekt
78643766767677139,0.0,4.741281e-05,0,simplekt
78643766767677139,1.0,0.8493699,0,simplekt
78643766767677139,1.0,0.6991279,0,simplekt
78643766767677139,1.0,0.999987,0,simplekt
78643766767677139,1.0,0.97995377,0,simplekt
78643766767677139,1.0,0.8044461,0,simplekt
78643766767677139,1.0,0.9412189,0,simplekt
78643766767677139,1.0,0.735583,0,simplekt
78643766767677139,0.0,0.59933203,0,simplekt
78643766767677139,0.0,0.4144855,0,simplekt
78643766767677139,1.0,0.80911297,0,simplekt
78643766767677139,1.0,0.51795816,0,simplekt
78643766767677139,1.0,0.9924251,0,simplekt
78643766767677139,1.0,0.63653946,0,simplekt
78643766767677139,1.0,0.8900105,0,simplekt
79848892192388999,0.0,0.512613,0,simplekt
79848892192388999,1.0,0.9391239,0,simplekt
79848892192388999,1.0,0.6977678,0,simplekt
79848892192388999,1.0,0.90209883,0,simplekt
79848892192388999,1.0,0.9943639,0,simplekt
79848892192388999,1.0,0.990417,0,simplekt
79848892192388999,1.0,0.9230113,0,simplekt
79848892192388999,0.0,0.58972174,0,simplekt
79848892192388999,1.0,0.83961976,0,simplekt
79848892192388999,1.0,0.9153867,0,simplekt
79848892192388999,1.0,0.8367221,0,simplekt
79848892192388999,1.0,0.99997425,0,simplekt
79848892192388999,1.0,0.83732164,0,simplekt
79848892192388999,1.0,0.9999937,0,simplekt
79848892192388999,1.0,0.73781836,0,simplekt
79848892192388999,1.0,0.9999739,0,simplekt
79848892192388999,1.0,0.83405954,0,simplekt
79848892192388999,1.0,0.99999,0,simplekt
79848892192388999,1.0,0.89562553,0,simplekt
79848892192388999,1.0,0.99996376,0,simplekt
79848892192388999,1.0,0.784919,0,simplekt
79848892192388999,1.0,0.99998784,0,simplekt
79848892192388999,1.0,0.8338088,0,simplekt
79848892192388999,1.0,0.99995637,0,simplekt
79848892192388999,1.0,0.910096,0,simplekt
79848892192388999,1.0,0.99999607,0,simplekt
79848892192388999,1.0,0.93963957,0,simplekt
79848892192388999,1.0,0.71684027,0,simplekt
79848892192388999,1.0,0.92739576,0,simplekt
79848892192388999,0.0,0.70560765,0,simplekt
79848892192388999,1.0,0.77315384,0,simplekt
79848892192388999,0.0,0.8659736,0,simplekt
79848892192388999,1.0,0.84836274,0,simplekt
79848892192388999,1.0,0.9049903,0,simplekt
79848892192388999,1.0,0.990426,0,simplekt
79848892192388999,0.0,0.8045923,0,simplekt
79848892192388999,0.0,0.26022893,0,simplekt
79848892192388999,0.0,0.95423985,0,simplekt
79848892192388999,1.0,0.7735869,0,simplekt
79848892192388999,1.0,0.8017195,0,simplekt
79848892192388999,1.0,0.95708805,0,simplekt
79848892192388999,0.0,0.49016985,0,simplekt
79848892192388999,1.0,0.69193673,0,simplekt
79848892192388999,1.0,0.8631038,0,simplekt
79848892192388999,0.0,0.8455055,0,simplekt
79848892192388999,0.0,0.59098804,0,simplekt
79848892192388999,0.0,0.64531535,0,simplekt
79848892192388999,1.0,0.386609,0,simplekt
79848892192388999,1.0,0.83266133,0,simplekt
79848892192388999,1.0,0.817077,0,simplekt
79848892192388999,1.0,0.9499973,0,simplekt
79848892192388999,1.0,0.92931515,0,simplekt
79848892192388999,1.0,0.87539965,0,simplekt
79848892192388999,1.0,0.7486977,0,simplekt
79848892192388999,1.0,0.8465075,0,simplekt
79848892192388999,1.0,0.9998673,0,simplekt
79848892192388999,1.0,0.76170605,0,simplekt
79848892192388999,1.0,0.9999021,0,simplekt
79848892192388999,0.0,0.10414148,0,simplekt
79848892192388999,0.0,1.4505926e-05,0,simplekt
79848892192388999,1.0,0.5409302,0,simplekt
79848892192388999,0.0,0.87136984,0,simplekt
79848892192388999,1.0,0.9112724,0,simplekt
79848892192388999,1.0,0.7439881,0,simplekt
79848892192388999,1.0,0.9445311,0,simplekt
79848892192388999,1.0,0.9646559,0,simplekt
79848892192388999,0.0,0.74446785,0,simplekt
79848892192388999,1.0,0.6705286,0,simplekt
79848892192388999,1.0,1.0,0,simplekt
79848892192388999,1.0,0.96638185,0,simplekt
79848892192388999,1.0,0.9999778,0,simplekt
79848892192388999,1.0,0.70516884,0,simplekt
79848892192388999,1.0,0.9999535,0,simplekt
79848892192388999,1.0,0.82151437,0,simplekt
79848892192388999,1.0,0.8258283,0,simplekt
79848892192388999,1.0,0.9411466,0,simplekt
79848892192388999,1.0,0.999997,0,simplekt
79848892192388999,1.0,1.0,0,simplekt
79848892192388999,0.0,0.7187969,0,simplekt
79848892192388999,0.0,0.8021783,0,simplekt
79848892192388999,0.0,0.58125037,0,simplekt
79848892192388999,0.0,0.5781327,0,simplekt
79848892192388999,0.0,6.742043e-05,0,simplekt
79848892192388999,0.0,0.46441656,0,simplekt
79848892192388999,0.0,3.784242e-05,0,simplekt
79848892192388999,0.0,0.59709936,0,simplekt
79848892192388999,1.0,0.57461023,0,simplekt
79848892192388999,1.0,0.7259512,0,simplekt
79848892192388999,1.0,0.89316565,0,simplekt
79848892192388999,1.0,0.99999523,0,simplekt
79848892192388999,1.0,0.8711646,0,simplekt
79848892192388999,1.0,0.93559206,0,simplekt
79848892192388999,1.0,0.8862143,0,simplekt
79848892192388999,1.0,0.99999905,0,simplekt
79848892192388999,1.0,0.81876,0,simplekt
79848892192388999,1.0,0.92582184,0,simplekt
79848892192388999,1.0,0.77745664,0,simplekt
79848892192388999,1.0,0.7214325,0,simplekt
79848892192388999,1.0,0.89538026,0,simplekt
80977290875153121,0.0,0.83034456,0,simplekt
80977290875153121,0.0,0.0001027099,0,simplekt
80977290875153121,0.0,1.7067208e-05,0,simplekt
80977290875153121,1.0,0.94102865,0,simplekt
80977290875153121,1.0,0.99999785,0,simplekt
80977290875153121,1.0,0.6795162,0,simplekt
80977290875153121,1.0,0.735034,0,simplekt
80977290875153121,0.0,0.6107951,0,simplekt
80977290875153121,1.0,0.38469124,0,simplekt
80977290875153121,0.0,0.44245273,0,simplekt
80977290875153121,1.0,0.6921423,0,simplekt
80977290875153121,1.0,0.7965657,0,simplekt
80977290875153121,1.0,0.7933863,0,simplekt
80977290875153121,1.0,0.95800203,0,simplekt
80977290875153121,1.0,0.6570919,0,simplekt
80977290875153121,1.0,0.825248,0,simplekt
80977290875153121,1.0,0.8450114,0,simplekt
80977290875153121,1.0,0.84247893,0,simplekt
80977290875153121,1.0,0.85480636,0,simplekt
80977290875153121,1.0,0.9058395,0,simplekt
80977290875153121,1.0,0.9299411,0,simplekt
80977290875153121,1.0,0.9841064,0,simplekt
80977290875153121,1.0,0.99999857,0,simplekt
80977290875153121,1.0,0.9730409,0,simplekt
80977290875153121,1.0,0.9456522,0,simplekt
80977290875153121,1.0,0.9759917,0,simplekt
80977290875153121,1.0,0.9878945,0,simplekt
80977290875153121,1.0,0.9302108,0,simplekt
80977290875153121,1.0,0.97104776,0,simplekt
80977290875153121,1.0,0.8513657,0,simplekt
80977290875153121,1.0,0.9698257,0,simplekt
80977290875153121,1.0,0.9978515,0,simplekt
80977290875153121,1.0,0.99999106,0,simplekt
80977290875153121,1.0,0.9999975,0,simplekt
80977290875153121,1.0,0.9999914,0,simplekt
80977290875153121,1.0,0.9708046,0,simplekt
80977290875153121,1.0,0.9821284,0,simplekt
80977290875153121,1.0,0.9866095,0,simplekt
80977290875153121,1.0,0.9543346,0,simplekt
80977290875153121,1.0,0.66347736,0,simplekt
80977290875153121,1.0,0.9839189,0,simplekt
80977290875153121,1.0,0.986604,0,simplekt
80977290875153121,1.0,0.95525324,0,simplekt
80977290875153121,1.0,0.8719046,0,simplekt
80977290875153121,1.0,0.9354028,0,simplekt
80977290875153121,1.0,0.9387796,0,simplekt
80977290875153121,1.0,0.999998,0,simplekt
80977290875153121,1.0,0.99999976,0,simplekt
80977290875153121,1.0,0.9617719,0,simplekt
80977290875153121,1.0,0.97695494,0,simplekt
80977290875153121,1.0,0.98246425,0,simplekt
80977290875153121,1.0,0.94665426,0,simplekt
80977290875153121,1.0,0.9999956,0,simplekt
80977290875153121,1.0,0.9719483,0,simplekt
80977290875153121,1.0,0.9999995,0,simplekt
80977290875153121,1.0,0.9834093,0,simplekt
80977290875153121,1.0,0.9676128,0,simplekt
80977290875153121,1.0,0.9999994,0,simplekt
80977290875153121,1.0,0.9805768,0,simplekt
80977290875153121,1.0,0.9899726,0,simplekt
80977290875153121,1.0,0.9837462,0,simplekt
80977290875153121,1.0,0.9523769,0,simplekt
80977290875153121,1.0,0.9266136,0,simplekt
80977290875153121,1.0,0.9911073,0,simplekt
80977290875153121,1.0,0.9692091,0,simplekt
80977290875153121,1.0,0.98886955,0,simplekt
80977290875153121,1.0,0.9999821,0,simplekt
80977290875153121,1.0,0.99053663,0,simplekt
80977290875153121,0.0,0.96235996,0,simplekt
80977290875153121,1.0,0.95206743,0,simplekt
80977290875153121,1.0,0.9267518,0,simplekt
80977290875153121,1.0,0.9757926,0,simplekt
80977290875153121,1.0,0.9766001,0,simplekt
80977290875153121,1.0,0.80713874,0,simplekt
80977290875153121,1.0,0.9453172,0,simplekt
80977290875153121,1.0,0.9844952,0,simplekt
80977290875153121,1.0,0.99999785,0,simplekt
80977290875153121,1.0,0.9882792,0,simplekt
80977290875153121,1.0,0.9932861,0,simplekt
80977290875153121,1.0,0.9641466,0,simplekt
80977290875153121,1.0,0.99999857,0,simplekt
80977290875153121,1.0,0.9908394,0,simplekt
80977290875153121,1.0,0.9943493,0,simplekt
80977290875153121,1.0,0.9801845,0,simplekt
80977290875153121,1.0,0.9999945,0,simplekt
80977290875153121,1.0,0.98446065,0,simplekt
80977290875153121,0.0,0.96498436,0,simplekt
80977290875153121,1.0,0.9613187,0,simplekt
80977290875153121,1.0,0.9458648,0,simplekt
80977290875153121,1.0,0.99995565,0,simplekt
80977290875153121,1.0,0.97770625,0,simplekt
80977290875153121,1.0,0.9526447,0,simplekt
80977290875153121,1.0,0.82746464,0,simplekt
80977290875153121,1.0,0.98604894,0,simplekt
80977290875153121,1.0,0.8309283,0,simplekt
80977290875153121,1.0,0.9566966,0,simplekt
80977290875153121,1.0,0.98351824,0,simplekt
80977290875153121,1.0,0.9999906,0,simplekt
80977290875153121,1.0,0.9847131,0,simplekt
81836391822819695,1.0,0.542269,0,simplekt
81836391822819695,1.0,0.9485454,0,simplekt
81836391822819695,1.0,0.9999881,0,simplekt
81836391822819695,1.0,0.95038563,0,simplekt
81836391822819695,1.0,0.9999683,0,simplekt
81836391822819695,1.0,0.9693021,0,simplekt
81836391822819695,1.0,0.9999621,0,simplekt
81836391822819695,1.0,0.9719268,0,simplekt
81836391822819695,1.0,0.99998474,0,simplekt
81836391822819695,1.0,0.69673306,0,simplekt
81836391822819695,1.0,0.7523206,0,simplekt
81836391822819695,1.0,0.7934004,0,simplekt
81836391822819695,1.0,0.9999529,0,simplekt
81836391822819695,0.0,0.66392124,0,simplekt
81836391822819695,0.0,0.67314374,0,simplekt
81836391822819695,1.0,0.66762084,0,simplekt
81836391822819695,1.0,0.999905,0,simplekt
81836391822819695,0.0,0.61872596,0,simplekt
81836391822819695,1.0,0.72296226,0,simplekt
81836391822819695,1.0,0.8589895,0,simplekt
81836391822819695,1.0,0.99996257,0,simplekt
81836391822819695,1.0,0.98344684,0,simplekt
81836391822819695,1.0,0.9663805,0,simplekt
81836391822819695,1.0,0.69133323,0,simplekt
81836391822819695,1.0,0.83204097,0,simplekt
81836391822819695,1.0,0.9068167,0,simplekt
81836391822819695,1.0,0.9720215,0,simplekt
81836391822819695,1.0,0.9002735,0,simplekt
81836391822819695,1.0,0.951999,0,simplekt
81836391822819695,1.0,0.826966,0,simplekt
81836391822819695,1.0,0.7252481,0,simplekt
81836391822819695,0.0,0.78014576,0,simplekt
81836391822819695,0.0,0.81611836,0,simplekt
81836391822819695,1.0,0.5268864,0,simplekt
81836391822819695,1.0,0.6160613,0,simplekt
81836391822819695,1.0,0.8434029,0,simplekt
81836391822819695,1.0,0.9184083,0,simplekt
81836391822819695,1.0,0.99999356,0,simplekt
81836391822819695,0.0,0.55678946,0,simplekt
81836391822819695,0.0,0.467733,0,simplekt
81836391822819695,0.0,0.5831517,0,simplekt
81836391822819695,0.0,0.40074053,0,simplekt
81836391822819695,0.0,0.5676908,0,simplekt
81836391822819695,0.0,0.43542477,0,simplekt
81836391822819695,0.0,0.26038587,0,simplekt
81836391822819695,1.0,0.3326609,0,simplekt
81836391822819695,1.0,0.5114086,0,simplekt
81836391822819695,1.0,0.8616162,0,simplekt
81836391822819695,1.0,0.9130943,0,simplekt
81836391822819695,1.0,0.7783604,0,simplekt
81836391822819695,1.0,0.99990606,0,simplekt
81836391822819695,1.0,0.62573224,0,simplekt
81836391822819695,1.0,0.9998659,0,simplekt
81836391822819695,1.0,0.9999994,0,simplekt
81836391822819695,1.0,1.0,0,simplekt
81836391822819695,1.0,1.0,0,simplekt
81836391822819695,1.0,0.9999995,0,simplekt
81836391822819695,1.0,0.60446745,0,simplekt
81836391822819695,1.0,0.84658813,0,simplekt
81836391822819695,1.0,0.6711626,0,simplekt
81836391822819695,1.0,0.5177585,0,simplekt
81836391822819695,1.0,0.86926633,0,simplekt
81836391822819695,1.0,0.8670324,0,simplekt
81836391822819695,1.0,0.5938583,0,simplekt
81836391822819695,1.0,0.7657084,0,simplekt
81836391822819695,1.0,0.36501953,0,simplekt
81836391822819695,0.0,0.4772409,0,simplekt
81836391822819695,0.0,0.52588016,0,simplekt
81836391822819695,1.0,0.71804255,0,simplekt
81836391822819695,0.0,0.70866716,0,simplekt
81836391822819695,0.0,0.49288118,0,simplekt
81836391822819695,0.0,0.24930675,0,simplekt
81836391822819695,0.0,0.5589953,0,simplekt
81836391822819695,1.0,0.32601395,0,simplekt
81836391822819695,1.0,0.5662241,0,simplekt
81836391822819695,1.0,0.33795258,0,simplekt
81836391822819695,1.0,0.80127186,0,simplekt
81836391822819695,1.0,0.81186426,0,simplekt
81836391822819695,1.0,0.827597,0,simplekt
81836391822819695,1.0,0.94104373,0,simplekt
81836391822819695,1.0,0.752563,0,simplekt
81836391822819695,0.0,0.8917437,0,simplekt
81836391822819695,0.0,0.62535405,0,simplekt
81836391822819695,0.0,0.3627367,0,simplekt
81836391822819695,0.0,0.37774828,0,simplekt
81836391822819695,1.0,0.954089,0,simplekt
81836391822819695,1.0,0.72831196,0,simplekt
81836391822819695,0.0,0.657499,0,simplekt
81836391822819695,0.0,0.62735945,0,simplekt
81836391822819695,0.0,0.6134387,0,simplekt
81836391822819695,0.0,0.20273773,0,simplekt
81836391822819695,1.0,0.60401183,0,simplekt
81836391822819695,1.0,0.87236065,0,simplekt
81836391822819695,1.0,0.78958887,0,simplekt
81836391822819695,1.0,0.28213423,0,simplekt
81836391822819695,1.0,0.87611616,0,simplekt
81836391822819695,0.0,0.5189485,0,simplekt
81836391822819695,1.0,0.8108934,0,simplekt
81836391822819695,1.0,0.721989,0,simplekt
81877283962482266,0.0,0.36648798,0,simplekt
81877283962482266,1.0,0.3720616,0,simplekt
81877283962482266,1.0,0.80795,0,simplekt
81877283962482266,1.0,0.6402483,0,simplekt
81877283962482266,1.0,0.87937224,0,simplekt
81877283962482266,1.0,0.97461885,0,simplekt
81877283962482266,1.0,0.98819643,0,simplekt
81877283962482266,1.0,0.90511876,0,simplekt
81877283962482266,1.0,0.9227365,0,simplekt
81877283962482266,1.0,0.9174889,0,simplekt
81877283962482266,1.0,0.9999956,0,simplekt
81877283962482266,1.0,0.9999999,0,simplekt
81877283962482266,1.0,0.9745875,0,simplekt
81877283962482266,1.0,0.75717604,0,simplekt
81877283962482266,1.0,0.9999939,0,simplekt
81877283962482266,1.0,0.99999964,0,simplekt
81877283962482266,1.0,0.9725777,0,simplekt
81877283962482266,1.0,0.99999964,0,simplekt
81877283962482266,1.0,0.94895816,0,simplekt
81877283962482266,1.0,0.81708413,0,simplekt
81877283962482266,1.0,0.8208809,0,simplekt
81877283962482266,0.0,0.9003363,0,simplekt
81877283962482266,1.0,0.6631032,0,simplekt
81877283962482266,1.0,0.7919968,0,simplekt
81877283962482266,0.0,0.79524857,0,simplekt
81877283962482266,1.0,0.9377479,0,simplekt
81877283962482266,1.0,0.9072672,0,simplekt
81877283962482266,1.0,0.96403074,0,simplekt
81877283962482266,1.0,0.9776683,0,simplekt
81877283962482266,1.0,0.9793376,0,simplekt
81877283962482266,1.0,0.9907348,0,simplekt
81877283962482266,1.0,0.9566518,0,simplekt
81877283962482266,1.0,0.996521,0,simplekt
81877283962482266,1.0,0.9999857,0,simplekt
81877283962482266,1.0,0.99999654,0,simplekt
81877283962482266,1.0,0.9999826,0,simplekt
81877283962482266,1.0,0.9332958,0,simplekt
81877283962482266,1.0,0.9814904,0,simplekt
81877283962482266,1.0,0.98079246,0,simplekt
81877283962482266,1.0,0.99999857,0,simplekt
81877283962482266,1.0,0.45236477,0,simplekt
81877283962482266,1.0,0.9664158,0,simplekt
81877283962482266,1.0,0.97762644,0,simplekt
81877283962482266,1.0,0.98293984,0,simplekt
81877283962482266,1.0,0.8314851,0,simplekt
81877283962482266,1.0,0.9159727,0,simplekt
81877283962482266,1.0,0.9301473,0,simplekt
81877283962482266,1.0,0.9999976,0,simplekt
81877283962482266,1.0,0.99999976,0,simplekt
81877283962482266,1.0,0.9524724,0,simplekt
81877283962482266,1.0,0.9999931,0,simplekt
81877283962482266,1.0,0.9999995,0,simplekt
81877283962482266,1.0,0.9834326,0,simplekt
81877283962482266,1.0,0.9390533,0,simplekt
81877283962482266,1.0,0.9673103,0,simplekt
81877283962482266,1.0,0.92962015,0,simplekt
81877283962482266,1.0,0.999997,0,simplekt
81877283962482266,1.0,0.97151023,0,simplekt
81877283962482266,1.0,0.99999905,0,simplekt
81877283962482266,1.0,0.97923684,0,simplekt
81877283962482266,1.0,0.99477154,0,simplekt
81877283962482266,1.0,0.96290314,0,simplekt
81877283962482266,1.0,0.99999976,0,simplekt
81877283962482266,1.0,0.9802956,0,simplekt
81877283962482266,1.0,0.98882514,0,simplekt
81877283962482266,0.0,0.6483058,0,simplekt
81877283962482266,1.0,0.8823894,0,simplekt
81877283962482266,1.0,0.89606106,0,simplekt
81877283962482266,1.0,0.96682215,0,simplekt
81877283962482266,1.0,0.9386999,0,simplekt
81877283962482266,1.0,0.97106194,0,simplekt
81877283962482266,1.0,0.99999726,0,simplekt
81877283962482266,1.0,0.9787976,0,simplekt
81877283962482266,1.0,0.9999467,0,simplekt
81877283962482266,1.0,0.84570175,0,simplekt
81877283962482266,1.0,0.99999356,0,simplekt
81877283962482266,1.0,0.9999926,0,simplekt
81877283962482266,1.0,0.9901238,0,simplekt
81877283962482266,1.0,0.9891818,0,simplekt
81877283962482266,1.0,0.828633,0,simplekt
81877283962482266,1.0,0.84611726,0,simplekt
81877283962482266,1.0,0.9999665,0,simplekt
81877283962482266,1.0,0.9737384,0,simplekt
81877283962482266,1.0,0.9878897,0,simplekt
81877283962482266,1.0,0.9778962,0,simplekt
81877283962482266,1.0,0.99999714,0,simplekt
81877283962482266,0.0,0.9044148,0,simplekt
81877283962482266,1.0,0.9344085,0,simplekt
81877283962482266,1.0,0.8838266,0,simplekt
81877283962482266,1.0,0.9905177,0,simplekt
81877283962482266,1.0,0.99976414,0,simplekt
81877283962482266,1.0,0.99999726,0,simplekt
81877283962482266,1.0,0.96674013,0,simplekt
81877283962482266,1.0,0.9999529,0,simplekt
81877283962482266,1.0,0.9670528,0,simplekt
81877283962482266,1.0,0.9325973,0,simplekt
81877283962482266,1.0,0.9771707,0,simplekt
81877283962482266,0.0,0.6608113,0,simplekt
81877283962482266,1.0,0.6881783,0,simplekt
94720676042394267,1.0,0.922385,0,simplekt
94720676042394267,0.0,0.8903745,0,simplekt
94720676042394267,0.0,0.00012145395,0,simplekt
94720676042394267,1.0,0.87760836,0,simplekt
94720676042394267,1.0,0.9999957,0,simplekt
94720676042394267,0.0,0.9277299,0,simplekt
94720676042394267,0.0,7.493229e-06,0,simplekt
94720676042394267,0.0,0.5798802,0,simplekt
94720676042394267,0.0,1.5630978e-05,0,simplekt
94720676042394267,0.0,0.744532,0,simplekt
94720676042394267,0.0,0.13569354,0,simplekt
94720676042394267,0.0,0.09083909,0,simplekt
94720676042394267,1.0,0.10333713,0,simplekt
94720676042394267,1.0,0.9998153,0,simplekt
94720676042394267,0.0,0.17787172,0,simplekt
94720676042394267,1.0,0.7853859,0,simplekt
94720676042394267,1.0,0.83091503,0,simplekt
94720676042394267,1.0,0.999757,0,simplekt
94720676042394267,1.0,0.9999976,0,simplekt
94720676042394267,1.0,0.9999964,0,simplekt
94720676042394267,1.0,0.90583056,0,simplekt
94720676042394267,1.0,0.8937299,0,simplekt
94720676042394267,1.0,0.8911609,0,simplekt
94720676042394267,1.0,0.9524012,0,simplekt
94720676042394267,1.0,0.82836974,0,simplekt
94720676042394267,1.0,0.97351086,0,simplekt
94720676042394267,1.0,0.9999691,0,simplekt
94720676042394267,1.0,0.837385,0,simplekt
94720676042394267,1.0,0.80796784,0,simplekt
94720676042394267,1.0,0.9998838,0,simplekt
94720676042394267,1.0,0.9179221,0,simplekt
94720676042394267,1.0,0.9657709,0,simplekt
94720676042394267,1.0,0.851995,0,simplekt
94720676042394267,1.0,0.99997973,0,simplekt
94720676042394267,1.0,0.9576792,0,simplekt
94720676042394267,1.0,0.9999639,0,simplekt
94720676042394267,1.0,0.9502196,0,simplekt
94720676042394267,1.0,0.9999826,0,simplekt
94720676042394267,0.0,0.7637554,0,simplekt
94720676042394267,0.0,0.65935385,0,simplekt
94720676042394267,1.0,0.4251344,0,simplekt
94720676042394267,1.0,0.48651454,0,simplekt
94720676042394267,1.0,0.8031064,0,simplekt
94720676042394267,1.0,0.5893305,0,simplekt
94720676042394267,0.0,0.44685468,0,simplekt
94720676042394267,0.0,0.42171076,0,simplekt
94720676042394267,1.0,0.93011254,0,simplekt
94720676042394267,1.0,0.94895345,0,simplekt
94720676042394267,0.0,0.7952932,0,simplekt
94720676042394267,0.0,0.72153753,0,simplekt
94720676042394267,0.0,0.5200769,0,simplekt
94720676042394267,0.0,0.15458415,0,simplekt
94720676042394267,1.0,0.41186494,0,simplekt
94720676042394267,0.0,0.31145716,0,simplekt
94720676042394267,0.0,5.7730813e-06,0,simplekt
94720676042394267,1.0,0.6060566,0,simplekt
94720676042394267,1.0,0.86525035,0,simplekt
94720676042394267,1.0,0.99999416,0,simplekt
94720676042394267,1.0,0.91782296,0,simplekt
94720676042394267,1.0,0.9999436,0,simplekt
94720676042394267,1.0,0.9998085,0,simplekt
94720676042394267,1.0,0.812551,0,simplekt
94720676042394267,1.0,0.964906,0,simplekt
94720676042394267,1.0,0.99999607,0,simplekt
94720676042394267,1.0,0.54640955,0,simplekt
94720676042394267,1.0,0.99989796,0,simplekt
94720676042394267,1.0,0.62835443,0,simplekt
94720676042394267,0.0,0.6742604,0,simplekt
94720676042394267,1.0,0.48012525,0,simplekt
94720676042394267,1.0,0.89760315,0,simplekt
94720676042394267,1.0,0.95647883,0,simplekt
94720676042394267,1.0,0.99999714,0,simplekt
94720676042394267,1.0,0.62753135,0,simplekt
94720676042394267,0.0,0.52400154,0,simplekt
94720676042394267,0.0,0.3073334,0,simplekt
94720676042394267,0.0,6.803996e-05,0,simplekt
94720676042394267,1.0,0.5054943,0,simplekt
94720676042394267,1.0,0.9443119,0,simplekt
94720676042394267,1.0,0.9582019,0,simplekt
94720676042394267,1.0,0.66497064,0,simplekt
94720676042394267,1.0,0.92227983,0,simplekt
94720676042394267,1.0,0.9709279,0,simplekt
94720676042394267,1.0,0.9999969,0,simplekt
94720676042394267,1.0,0.9522296,0,simplekt
94720676042394267,0.0,0.9712388,0,simplekt
94720676042394267,0.0,0.6885992,0,simplekt
94720676042394267,0.0,0.00027057563,0,simplekt
94720676042394267,1.0,0.5716176,0,simplekt
94720676042394267,1.0,0.90160626,0,simplekt
94720676042394267,1.0,0.7262119,0,simplekt
94720676042394267,1.0,0.88234526,0,simplekt
94720676042394267,0.0,0.5495453,0,simplekt
94720676042394267,0.0,1.3894113e-05,0,simplekt
94720676042394267,1.0,0.5757359,0,simplekt
94720676042394267,1.0,0.38331813,0,simplekt
94720676042394267,1.0,0.24250543,0,simplekt
94720676042394267,1.0,0.9994943,0,simplekt
94720676042394267,0.0,0.40466636,0,simplekt
94720676042394267,0.0,0.000106252424,0,simplekt
94738396157450826,1.0,0.91611284,0,simplekt
94738396157450826,1.0,0.919314,0,simplekt
94738396157450826,0.0,0.9755037,0,simplekt
94738396157450826,1.0,0.7644287,0,simplekt
94738396157450826,0.0,0.9481865,0,simplekt
94738396157450826,1.0,0.54981965,0,simplekt
94738396157450826,0.0,0.61862254,0,simplekt
94738396157450826,1.0,0.75376225,0,simplekt
94738396157450826,1.0,0.7013494,0,simplekt
94738396157450826,1.0,0.6263987,0,simplekt
94738396157450826,0.0,0.85652226,0,simplekt
94738396157450826,1.0,0.64200526,0,simplekt
94738396157450826,0.0,0.649577,0,simplekt
94738396157450826,0.0,0.19779389,0,simplekt
94738396157450826,1.0,0.8042164,0,simplekt
94738396157450826,1.0,0.9281984,0,simplekt
94738396157450826,0.0,0.8066519,0,simplekt
94738396157450826,1.0,0.859501,0,simplekt
94738396157450826,0.0,0.6955215,0,simplekt
94738396157450826,1.0,0.71823174,0,simplekt
94738396157450826,1.0,0.7925073,0,simplekt
94738396157450826,1.0,0.67446303,0,simplekt
94738396157450826,0.0,0.8578361,0,simplekt
94738396157450826,1.0,0.783175,0,simplekt
94738396157450826,0.0,0.69926393,0,simplekt
94738396157450826,1.0,0.9367926,0,simplekt
94738396157450826,1.0,0.7997584,0,simplekt
94738396157450826,1.0,0.5364576,0,simplekt
94738396157450826,1.0,0.93897676,0,simplekt
94738396157450826,1.0,0.7853839,0,simplekt
94738396157450826,1.0,0.9736559,0,simplekt
94738396157450826,1.0,0.8121302,0,simplekt
94738396157450826,1.0,0.8657179,0,simplekt
94738396157450826,1.0,0.8997482,0,simplekt
94738396157450826,1.0,0.3949039,0,simplekt
94738396157450826,1.0,0.94645613,0,simplekt
94738396157450826,1.0,0.7009235,0,simplekt
94738396157450826,1.0,0.9594033,0,simplekt
94738396157450826,0.0,0.919885,0,simplekt
94738396157450826,1.0,0.89134306,0,simplekt
94738396157450826,1.0,0.96581775,0,simplekt
94738396157450826,0.0,0.71029407,0,simplekt
94738396157450826,1.0,0.7132774,0,simplekt
94738396157450826,1.0,0.9073245,0,simplekt
94738396157450826,1.0,0.87650657,0,simplekt
94738396157450826,1.0,0.9006274,0,simplekt
94738396157450826,1.0,0.6818866,0,simplekt
94738396157450826,1.0,0.9254199,0,simplekt
94738396157450826,1.0,0.7912075,0,simplekt
94738396157450826,1.0,0.9552679,0,simplekt
94738396157450826,1.0,0.97472566,0,simplekt
94738396157450826,1.0,0.94265217,0,simplekt
94738396157450826,1.0,0.9619473,0,simplekt
94738396157450826,1.0,0.8529419,0,simplekt
94738396157450826,1.0,0.6246146,0,simplekt
94738396157450826,1.0,0.948182,0,simplekt
94738396157450826,1.0,0.7968805,0,simplekt
94738396157450826,1.0,0.8279898,0,simplekt
94738396157450826,1.0,0.91223466,0,simplekt
94738396157450826,1.0,0.91958237,0,simplekt
94738396157450826,1.0,0.8687622,0,simplekt
94738396157450826,1.0,0.953727,0,simplekt
94738396157450826,1.0,0.93261397,0,simplekt
94738396157450826,1.0,0.974586,0,simplekt
94738396157450826,1.0,0.90716136,0,simplekt
94738396157450826,1.0,0.8999268,0,simplekt
94738396157450826,1.0,0.9707582,0,simplekt
94738396157450826,1.0,0.9663567,0,simplekt
94738396157450826,1.0,0.9410934,0,simplekt
94738396157450826,1.0,0.9999875,0,simplekt
94738396157450826,0.0,0.6853324,0,simplekt
94738396157450826,1.0,0.7835071,0,simplekt
94738396157450826,1.0,0.6571973,0,simplekt
94738396157450826,1.0,0.99979323,0,simplekt
94738396157450826,1.0,0.9991093,0,simplekt
94738396157450826,1.0,0.99967015,0,simplekt
94738396157450826,1.0,0.90400213,0,simplekt
94738396157450826,1.0,0.9998386,0,simplekt
94738396157450826,1.0,0.96953624,0,simplekt
94738396157450826,1.0,0.9782577,0,simplekt
94738396157450826,1.0,0.99999654,0,simplekt
94738396157450826,1.0,0.7590256,0,simplekt
94738396157450826,1.0,0.9999244,0,simplekt
94738396157450826,1.0,0.99990726,0,simplekt
94738396157450826,1.0,0.9999738,0,simplekt
94738396157450826,1.0,0.91060656,0,simplekt
94738396157450826,0.0,0.86791146,0,simplekt
94738396157450826,1.0,0.92824554,0,simplekt
94738396157450826,1.0,0.99995196,0,simplekt
94738396157450826,1.0,0.8898856,0,simplekt
94738396157450826,1.0,0.7765696,0,simplekt
94738396157450826,1.0,0.76811266,0,simplekt
94738396157450826,1.0,0.9842951,0,simplekt
94738396157450826,1.0,0.9239826,0,simplekt
94738396157450826,0.0,0.92656916,0,simplekt
94738396157450826,1.0,0.87055457,0,simplekt
94738396157450826,1.0,0.97149426,0,simplekt
94738396157450826,1.0,0.9880728,0,simplekt
94738396157450826,1.0,0.98810697,0,simplekt
95381363499353700,1.0,0.9020752,0,simplekt
95381363499353700,1.0,0.9183383,0,simplekt
95381363499353700,1.0,0.9715289,0,simplekt
95381363499353700,1.0,0.9903949,0,simplekt
95381363499353700,1.0,0.9329854,0,simplekt
95381363499353700,1.0,0.9461732,0,simplekt
95381363499353700,1.0,0.9999969,0,simplekt
95381363499353700,1.0,0.9766253,0,simplekt
95381363499353700,1.0,0.9831444,0,simplekt
95381363499353700,1.0,0.925639,0,simplekt
95381363499353700,1.0,0.98178333,0,simplekt
95381363499353700,1.0,0.96711284,0,simplekt
95381363499353700,1.0,0.9908947,0,simplekt
95381363499353700,1.0,0.9999975,0,simplekt
95381363499353700,1.0,0.96527785,0,simplekt
95381363499353700,1.0,0.79165035,0,simplekt
95381363499353700,1.0,0.9511769,0,simplekt
95381363499353700,1.0,0.9618579,0,simplekt
95381363499353700,1.0,0.90703213,0,simplekt
95381363499353700,1.0,0.9288415,0,simplekt
95381363499353700,1.0,0.97597826,0,simplekt
95381363499353700,1.0,0.93514645,0,simplekt
95381363499353700,1.0,0.99998975,0,simplekt
95381363499353700,1.0,0.9804945,0,simplekt
95381363499353700,1.0,0.94474393,0,simplekt
95381363499353700,1.0,0.9721681,0,simplekt
95381363499353700,1.0,0.98555,0,simplekt
95381363499353700,1.0,0.91160625,0,simplekt
95381363499353700,1.0,0.9999919,0,simplekt
95381363499353700,1.0,0.9403355,0,simplekt
95381363499353700,1.0,0.92953724,0,simplekt
95381363499353700,1.0,0.9626314,0,simplekt
95381363499353700,1.0,0.9999739,0,simplekt
95381363499353700,1.0,0.99999964,0,simplekt
95381363499353700,1.0,0.9999995,0,simplekt
95381363499353700,1.0,0.9739085,0,simplekt
95381363499353700,1.0,0.98698306,0,simplekt
95381363499353700,1.0,0.9903771,0,simplekt
95381363499353700,1.0,0.9999988,0,simplekt
95381363499353700,1.0,0.95141417,0,simplekt
95381363499353700,1.0,0.94897074,0,simplekt
95381363499353700,1.0,0.83555335,0,simplekt
95381363499353700,1.0,0.99407154,0,simplekt
95381363499353700,1.0,0.9981218,0,simplekt
95381363499353700,0.0,0.98744756,0,simplekt
95381363499353700,1.0,0.8765514,0,simplekt
95381363499353700,1.0,0.9334522,0,simplekt
95381363499353700,1.0,0.93913615,0,simplekt
95381363499353700,1.0,0.9999888,0,simplekt
95381363499353700,1.0,0.99999964,0,simplekt
95381363499353700,1.0,0.97698,0,simplekt
95381363499353700,1.0,0.80664957,0,simplekt
95381363499353700,1.0,0.9999783,0,simplekt
95381363499353700,1.0,0.99999785,0,simplekt
95381363499353700,1.0,0.9842833,0,simplekt
95381363499353700,1.0,0.99999964,0,simplekt
95381363499353700,1.0,0.9865037,0,simplekt
95381363499353700,1.0,0.9840201,0,simplekt
95381363499353700,1.0,0.94422615,0,simplekt
95381363499353700,1.0,0.95975244,0,simplekt
95381363499353700,1.0,0.99999523,0,simplekt
95381363499353700,1.0,0.99999976,0,simplekt
95381363499353700,1.0,0.9688364,0,simplekt
95381363499353700,1.0,0.99999976,0,simplekt
95381363499353700,1.0,0.9957372,0,simplekt
95381363499353700,1.0,0.9711528,0,simplekt
95381363499353700,1.0,0.99999964,0,simplekt
95381363499353700,1.0,0.98565,0,simplekt
95381363499353700,1.0,0.99189234,0,simplekt
95381363499353700,1.0,0.958652,0,simplekt
95381363499353700,1.0,0.9884595,0,simplekt
95381363499353700,1.0,0.99999547,0,simplekt
95381363499353700,1.0,0.9871178,0,simplekt
95381363499353700,1.0,0.99999607,0,simplekt
95381363499353700,1.0,0.97491056,0,simplekt
95381363499353700,1.0,0.98437726,0,simplekt
95381363499353700,1.0,0.9999379,0,simplekt
95381363499353700,1.0,0.9728971,0,simplekt
95381363499353700,1.0,0.99453706,0,simplekt
95381363499353700,1.0,0.9956136,0,simplekt
95381363499353700,1.0,0.9999993,0,simplekt
95381363499353700,1.0,0.98364615,0,simplekt
95381363499353700,1.0,0.9916751,0,simplekt
95381363499353700,1.0,0.9888425,0,simplekt
95381363499353700,1.0,0.9933768,0,simplekt
95381363499353700,1.0,0.9824206,0,simplekt
95381363499353700,1.0,0.9651568,0,simplekt
95381363499353700,1.0,0.99999785,0,simplekt
95381363499353700,1.0,0.9919996,0,simplekt
95381363499353700,1.0,0.9953219,0,simplekt
95381363499353700,1.0,0.97668946,0,simplekt
95381363499353700,1.0,0.9999939,0,simplekt
95381363499353700,1.0,0.98595375,0,simplekt
95381363499353700,1.0,0.9751279,0,simplekt
95381363499353700,1.0,0.98344976,0,simplekt
95381363499353700,1.0,0.97509855,0,simplekt
95381363499353700,1.0,0.9999553,0,simplekt
95381363499353700,1.0,0.9878985,0,simplekt
95381363499353700,1.0,0.9714361,0,simplekt
96111403786647955,1.0,0.98181146,0,simplekt
96111403786647955,1.0,0.96965325,0,simplekt
96111403786647955,1.0,0.9297601,0,simplekt
96111403786647955,1.0,0.90310806,0,simplekt
96111403786647955,1.0,0.97293144,0,simplekt
96111403786647955,1.0,0.9261008,0,simplekt
96111403786647955,1.0,0.9999995,0,simplekt
96111403786647955,1.0,0.99999976,0,simplekt
96111403786647955,1.0,0.96508336,0,simplekt
96111403786647955,1.0,0.9999987,0,simplekt
96111403786647955,1.0,0.9999999,0,simplekt
96111403786647955,1.0,0.9820256,0,simplekt
96111403786647955,1.0,0.9929236,0,simplekt
96111403786647955,1.0,0.98300076,0,simplekt
96111403786647955,1.0,0.9919606,0,simplekt
96111403786647955,1.0,0.94957507,0,simplekt
96111403786647955,1.0,0.9999987,0,simplekt
96111403786647955,1.0,0.9771752,0,simplekt
96111403786647955,1.0,0.9999995,0,simplekt
96111403786647955,1.0,0.989786,0,simplekt
96111403786647955,1.0,0.99625176,0,simplekt
96111403786647955,1.0,0.97044003,0,simplekt
96111403786647955,1.0,0.9999994,0,simplekt
96111403786647955,1.0,0.9825965,0,simplekt
96111403786647955,1.0,0.99569845,0,simplekt
96111403786647955,1.0,0.95112234,0,simplekt
96111403786647955,0.0,0.9403922,0,simplekt
96111403786647955,1.0,0.91194856,0,simplekt
96111403786647955,0.0,0.7220219,0,simplekt
96111403786647955,1.0,0.90456164,0,simplekt
96111403786647955,1.0,0.9996038,0,simplekt
96111403786647955,1.0,0.97781384,0,simplekt
96111403786647955,1.0,0.9103754,0,simplekt
96111403786647955,1.0,0.9589643,0,simplekt
96111403786647955,1.0,0.9782702,0,simplekt
96111403786647955,1.0,0.98623186,0,simplekt
96111403786647955,1.0,0.9750099,0,simplekt
96111403786647955,1.0,0.6765553,0,simplekt
96111403786647955,1.0,0.92525417,0,simplekt
96111403786647955,1.0,0.926756,0,simplekt
96111403786647955,1.0,0.96663666,0,simplekt
96111403786647955,1.0,0.75495857,0,simplekt
96111403786647955,1.0,0.99996674,0,simplekt
96111403786647955,1.0,0.7973623,0,simplekt
96111403786647955,1.0,0.84467953,0,simplekt
96111403786647955,1.0,0.9845031,0,simplekt
96111403786647955,1.0,0.9999945,0,simplekt
96111403786647955,1.0,0.9736284,0,simplekt
96111403786647955,1.0,0.97302,0,simplekt
96111403786647955,1.0,0.9999958,0,simplekt
96111403786647955,1.0,0.97037774,0,simplekt
96111403786647955,1.0,0.97609043,0,simplekt
96111403786647955,1.0,0.99993527,0,simplekt
96111403786647955,1.0,0.96619296,0,simplekt
96111403786647955,1.0,0.990651,0,simplekt
96111403786647955,1.0,0.9935928,0,simplekt
96111403786647955,1.0,0.99999726,0,simplekt
96111403786647955,1.0,0.97535115,0,simplekt
96111403786647955,1.0,0.98848724,0,simplekt
96111403786647955,1.0,0.8936034,0,simplekt
96111403786647955,1.0,0.7695975,0,simplekt
96111403786647955,1.0,0.8768573,0,simplekt
96111403786647955,1.0,0.71809244,0,simplekt
96111403786647955,1.0,0.6271439,0,simplekt
96111403786647955,1.0,0.99997866,0,simplekt
96111403786647955,1.0,0.9663853,0,simplekt
96111403786647955,1.0,0.99999595,0,simplekt
96111403786647955,1.0,0.98632103,0,simplekt
96111403786647955,1.0,0.9943562,0,simplekt
96111403786647955,1.0,0.9831361,0,simplekt
96111403786647955,1.0,0.9999938,0,simplekt
96111403786647955,1.0,0.98676413,0,simplekt
96111403786647955,1.0,0.9765671,0,simplekt
96111403786647955,1.0,0.99183637,0,simplekt
96111403786647955,1.0,0.98714626,0,simplekt
96111403786647955,1.0,0.9999784,0,simplekt
96111403786647955,1.0,0.99099123,0,simplekt
96111403786647955,1.0,0.9798451,0,simplekt
96111403786647955,1.0,0.9940415,0,simplekt
96111403786647955,1.0,0.9951321,0,simplekt
96111403786647955,1.0,0.9263631,0,simplekt
96111403786647955,1.0,0.9853395,0,simplekt
96111403786647955,1.0,0.99243355,0,simplekt
96111403786647955,1.0,0.87551814,0,simplekt
96111403786647955,0.0,0.992074,0,simplekt
96111403786647955,1.0,0.8500573,0,simplekt
96111403786647955,1.0,0.9635558,0,simplekt
96111403786647955,1.0,0.9899042,0,simplekt
96111403786647955,1.0,0.9999951,0,simplekt
96111403786647955,1.0,0.94359344,0,simplekt
96111403786647955,1.0,0.7265243,0,simplekt
96111403786647955,1.0,0.9998441,0,simplekt
96111403786647955,1.0,0.7343672,0,simplekt
96111403786647955,1.0,0.7862805,0,simplekt
96111403786647955,1.0,0.5965881,0,simplekt
96111403786647955,1.0,0.5409065,0,simplekt
96111403786647955,1.0,0.99982834,0,simplekt
96111403786647955,1.0,0.55142325,0,simplekt
96111403786647955,1.0,0.99968565,0,simplekt
96915366170662350,1.0,0.9435076,0,simplekt
96915366170662350,1.0,0.9235931,0,simplekt
96915366170662350,1.0,0.9946432,0,simplekt
96915366170662350,1.0,0.47200134,0,simplekt
96915366170662350,1.0,0.96606535,0,simplekt
96915366170662350,1.0,0.9257863,0,simplekt
96915366170662350,1.0,0.96984935,0,simplekt
96915366170662350,1.0,0.9623054,0,simplekt
96915366170662350,1.0,0.84284806,0,simplekt
96915366170662350,0.0,0.8221419,0,simplekt
96915366170662350,1.0,0.3980841,0,simplekt
96915366170662350,0.0,0.9001997,0,simplekt
96915366170662350,1.0,0.6628655,0,simplekt
96915366170662350,0.0,0.63724935,0,simplekt
96915366170662350,1.0,0.5799282,0,simplekt
96915366170662350,1.0,0.8654661,0,simplekt
96915366170662350,0.0,0.5290163,0,simplekt
96915366170662350,1.0,0.816684,0,simplekt
96915366170662350,1.0,0.8298127,0,simplekt
96915366170662350,1.0,0.8377143,0,simplekt
96915366170662350,1.0,0.91162646,0,simplekt
96915366170662350,1.0,0.91025245,0,simplekt
96915366170662350,1.0,0.8834398,0,simplekt
96915366170662350,1.0,0.90259975,0,simplekt
96915366170662350,0.0,0.7588824,0,simplekt
96915366170662350,0.0,1.13998185e-05,0,simplekt
96915366170662350,0.0,0.49681365,0,simplekt
96915366170662350,1.0,0.889128,0,simplekt
96915366170662350,1.0,0.85971737,0,simplekt
96915366170662350,1.0,0.91103935,0,simplekt
96915366170662350,1.0,0.9998723,0,simplekt
96915366170662350,1.0,0.9194849,0,simplekt
96915366170662350,0.0,0.75965273,0,simplekt
96915366170662350,1.0,0.5723715,0,simplekt
96915366170662350,1.0,0.9993957,0,simplekt
96915366170662350,1.0,0.8193814,0,simplekt
96915366170662350,1.0,0.8897839,0,simplekt
96915366170662350,0.0,0.45353046,0,simplekt
96915366170662350,1.0,0.44160637,0,simplekt
96915366170662350,1.0,0.38874233,0,simplekt
96915366170662350,0.0,0.78218305,0,simplekt
96915366170662350,1.0,0.4011823,0,simplekt
96915366170662350,1.0,0.68643254,0,simplekt
96915366170662350,0.0,0.6099305,0,simplekt
96915366170662350,1.0,0.65679854,0,simplekt
96915366170662350,1.0,0.5817535,0,simplekt
96915366170662350,1.0,0.74893814,0,simplekt
96915366170662350,1.0,0.9999876,0,simplekt
96915366170662350,1.0,0.8473516,0,simplekt
96915366170662350,0.0,0.81969845,0,simplekt
96915366170662350,0.0,0.00014992787,0,simplekt
96915366170662350,1.0,0.5483637,0,simplekt
96915366170662350,0.0,0.8452374,0,simplekt
96915366170662350,1.0,0.8462561,0,simplekt
96915366170662350,0.0,0.5101846,0,simplekt
96915366170662350,1.0,0.53240055,0,simplekt
96915366170662350,1.0,0.29635075,0,simplekt
96915366170662350,1.0,0.42016274,0,simplekt
96915366170662350,1.0,0.6835291,0,simplekt
96915366170662350,1.0,0.8792621,0,simplekt
96915366170662350,1.0,0.60401034,0,simplekt
96915366170662350,0.0,0.42990953,0,simplekt
96915366170662350,0.0,0.7752275,0,simplekt
96915366170662350,1.0,0.31182498,0,simplekt
96915366170662350,1.0,0.8025954,0,simplekt
96915366170662350,0.0,0.7961555,0,simplekt
96915366170662350,1.0,0.78533304,0,simplekt
96915366170662350,1.0,0.9220494,0,simplekt
96915366170662350,1.0,0.7093418,0,simplekt
96915366170662350,1.0,0.7361257,0,simplekt
96915366170662350,1.0,0.75625426,0,simplekt
96915366170662350,1.0,0.667016,0,simplekt
96915366170662350,0.0,0.7280636,0,simplekt
96915366170662350,1.0,0.75339025,0,simplekt
96915366170662350,1.0,0.9478087,0,simplekt
96915366170662350,1.0,0.8090405,0,simplekt
96915366170662350,1.0,0.97854906,0,simplekt
96915366170662350,0.0,0.85317427,0,simplekt
96915366170662350,0.0,0.38549307,0,simplekt
96915366170662350,1.0,0.75093114,0,simplekt
96915366170662350,0.0,0.7947518,0,simplekt
96915366170662350,1.0,0.9002057,0,simplekt
96915366170662350,0.0,0.4678041,0,simplekt
96915366170662350,1.0,0.78302336,0,simplekt
96915366170662350,1.0,0.8055282,0,simplekt
96915366170662350,0.0,0.89877003,0,simplekt
96915366170662350,1.0,0.58891666,0,simplekt
96915366170662350,1.0,0.30828106,0,simplekt
96915366170662350,0.0,0.8738175,0,simplekt
96915366170662350,0.0,0.3844304,0,simplekt
96915366170662350,1.0,0.6300075,0,simplekt
96915366170662350,0.0,0.34309483,0,simplekt
96915366170662350,0.0,0.543253,0,simplekt
96915366170662350,1.0,0.49310404,0,simplekt
96915366170662350,1.0,0.86179566,0,simplekt
96915366170662350,1.0,0.81088895,0,simplekt
96915366170662350,0.0,0.81770283,0,simplekt
96915366170662350,1.0,0.8561779,0,simplekt
96915366170662350,1.0,0.9713903,0,simplekt
98552346737445164,1.0,0.97063047,0,simplekt
98552346737445164,1.0,0.9517157,0,simplekt
98552346737445164,1.0,0.9648771,0,simplekt
98552346737445164,1.0,0.9999994,0,simplekt
98552346737445164,1.0,0.99999976,0,simplekt
98552346737445164,1.0,0.96926785,0,simplekt
98552346737445164,1.0,0.9999924,0,simplekt
98552346737445164,1.0,0.99392784,0,simplekt
98552346737445164,1.0,0.94697076,0,simplekt
98552346737445164,1.0,0.99999905,0,simplekt
98552346737445164,1.0,0.9999999,0,simplekt
98552346737445164,1.0,0.9951492,0,simplekt
98552346737445164,1.0,0.9999999,0,simplekt
98552346737445164,1.0,0.9448384,0,simplekt
98552346737445164,1.0,0.7997835,0,simplekt
98552346737445164,1.0,0.97405034,0,simplekt
98552346737445164,1.0,0.9999993,0,simplekt
98552346737445164,1.0,0.95636714,0,simplekt
98552346737445164,1.0,0.91986483,0,simplekt
98552346737445164,1.0,0.7950433,0,simplekt
98552346737445164,1.0,0.7354037,0,simplekt
98552346737445164,0.0,0.86058223,0,simplekt
98552346737445164,1.0,0.81576484,0,simplekt
98552346737445164,1.0,0.8644091,0,simplekt
98552346737445164,1.0,0.8781562,0,simplekt
98552346737445164,1.0,0.98004603,0,simplekt
98552346737445164,1.0,0.99305236,0,simplekt
98552346737445164,1.0,0.9894107,0,simplekt
98552346737445164,1.0,0.99280566,0,simplekt
98552346737445164,1.0,0.9999995,0,simplekt
98552346737445164,1.0,0.98960614,0,simplekt
98552346737445164,1.0,0.96604043,0,simplekt
98552346737445164,1.0,0.9881408,0,simplekt
98552346737445164,1.0,0.9948484,0,simplekt
98552346737445164,1.0,0.96842337,0,simplekt
98552346737445164,1.0,0.9974062,0,simplekt
98552346737445164,1.0,0.93295026,0,simplekt
98552346737445164,1.0,0.9810394,0,simplekt
98552346737445164,1.0,0.9989988,0,simplekt
98552346737445164,1.0,0.9999964,0,simplekt
98552346737445164,1.0,0.99999857,0,simplekt
98552346737445164,1.0,0.9999975,0,simplekt
98552346737445164,1.0,0.9889943,0,simplekt
98552346737445164,1.0,0.9524562,0,simplekt
98552346737445164,1.0,0.92687356,0,simplekt
98552346737445164,1.0,0.940522,0,simplekt
98552346737445164,1.0,0.9856118,0,simplekt
98552346737445164,1.0,0.97140056,0,simplekt
98552346737445164,1.0,0.9852629,0,simplekt
98552346737445164,1.0,0.9697748,0,simplekt
98552346737445164,1.0,0.9999958,0,simplekt
98552346737445164,1.0,0.99478394,0,simplekt
98552346737445164,1.0,0.99830097,0,simplekt
98552346737445164,1.0,0.99458164,0,simplekt
98552346737445164,1.0,0.9699405,0,simplekt
98552346737445164,1.0,0.9869055,0,simplekt
98552346737445164,1.0,0.99067885,0,simplekt
98552346737445164,1.0,0.9999416,0,simplekt
98552346737445164,1.0,0.99019885,0,simplekt
98552346737445164,1.0,0.9595837,0,simplekt
98552346737445164,1.0,0.98451614,0,simplekt
98552346737445164,1.0,0.92311895,0,simplekt
98552346737445164,1.0,0.98415667,0,simplekt
98552346737445164,1.0,0.99999845,0,simplekt
98552346737445164,1.0,0.99657756,0,simplekt
98552346737445164,1.0,0.99508214,0,simplekt
98552346737445164,1.0,0.99999845,0,simplekt
98552346737445164,1.0,0.9916332,0,simplekt
98552346737445164,1.0,0.8479502,0,simplekt
98552346737445164,1.0,0.999936,0,simplekt
98552346737445164,1.0,0.84501445,0,simplekt
98552346737445164,1.0,0.89887017,0,simplekt
98552346737445164,1.0,0.8051386,0,simplekt
98552346737445164,1.0,0.9602775,0,simplekt
98552346737445164,1.0,0.99404174,0,simplekt
98552346737445164,1.0,0.9999974,0,simplekt
98552346737445164,0.0,0.8902746,0,simplekt
98552346737445164,1.0,0.965394,0,simplekt
98552346737445164,1.0,0.99060726,0,simplekt
98552346737445164,1.0,0.99351186,0,simplekt
98552346737445164,1.0,0.9091034,0,simplekt
98552346737445164,1.0,0.98247576,0,simplekt
98552346737445164,1.0,0.9681266,0,simplekt
98552346737445164,1.0,0.99999356,0,simplekt
98552346737445164,1.0,0.9883647,0,simplekt
98552346737445164,1.0,0.99522275,0,simplekt
98552346737445164,1.0,0.9821792,0,simplekt
98552346737445164,1.0,0.99999714,0,simplekt
98552346737445164,1.0,0.9863485,0,simplekt
98552346737445164,1.0,0.9757076,0,simplekt
98552346737445164,1.0,0.9897099,0,simplekt
98552346737445164,1.0,0.9796373,0,simplekt
98552346737445164,1.0,0.9999764,0,simplekt
98552346737445164,1.0,0.98970944,0,simplekt
98552346737445164,1.0,0.9737336,0,simplekt
98552346737445164,1.0,0.92127687,0,simplekt
98552346737445164,1.0,0.9999447,0,simplekt
98552346737445164,1.0,0.95768225,0,simplekt
98552346737445164,1.0,0.98498255,0,simplekt
99265762064822364,1.0,0.6057657,0,simplekt
99265762064822364,0.0,0.0013593418,0,simplekt
99265762064822364,1.0,0.72439396,0,simplekt
99265762064822364,0.0,0.00058500865,0,simplekt
99265762064822364,0.0,0.73694974,0,simplekt
99265762064822364,0.0,0.48488185,0,simplekt
99265762064822364,0.0,0.47936425,0,simplekt
99265762064822364,0.0,0.71932006,0,simplekt
99265762064822364,0.0,0.29564178,0,simplekt
99265762064822364,0.0,0.07668054,0,simplekt
99265762064822364,0.0,0.06802955,0,simplekt
99265762064822364,1.0,0.2167906,0,simplekt
99265762064822364,0.0,0.4494805,0,simplekt
99265762064822364,1.0,0.53103495,0,simplekt
99265762064822364,1.0,0.910708,0,simplekt
99265762064822364,0.0,0.79379153,0,simplekt
99265762064822364,1.0,0.40653512,0,simplekt
99265762064822364,1.0,0.5735191,0,simplekt
99265762064822364,1.0,0.7009486,0,simplekt
99265762064822364,0.0,0.7310264,0,simplekt
99265762064822364,0.0,0.7796774,0,simplekt
99265762064822364,1.0,0.7158203,0,simplekt
99265762064822364,0.0,0.5084892,0,simplekt
99265762064822364,1.0,0.595879,0,simplekt
99265762064822364,0.0,0.48351404,0,simplekt
99265762064822364,1.0,0.71602476,0,simplekt
99265762064822364,1.0,0.17233813,0,simplekt
99265762064822364,1.0,0.64895827,0,simplekt
99265762064822364,1.0,0.37916476,0,simplekt
99265762064822364,1.0,0.99997044,0,simplekt
99265762064822364,1.0,0.5733815,0,simplekt
99265762064822364,0.0,0.5851792,0,simplekt
99265762064822364,1.0,0.7425546,0,simplekt
99265762064822364,1.0,0.999846,0,simplekt
99265762064822364,1.0,0.9999945,0,simplekt
99265762064822364,0.0,0.55454534,0,simplekt
99265762064822364,1.0,0.4864582,0,simplekt
99265762064822364,0.0,0.683665,0,simplekt
99265762064822364,0.0,0.5796247,0,simplekt
99265762064822364,0.0,1.8284387e-05,0,simplekt
99265762064822364,0.0,1.4718348e-05,0,simplekt
99265762064822364,0.0,4.93035e-06,0,simplekt
99265762064822364,1.0,0.20275405,0,simplekt
99265762064822364,1.0,0.77339286,0,simplekt
99265762064822364,1.0,0.6555338,0,simplekt
99265762064822364,0.0,0.86542326,0,simplekt
99265762064822364,1.0,0.8245055,0,simplekt
99265762064822364,1.0,0.7715104,0,simplekt
99265762064822364,1.0,0.6435544,0,simplekt
99265762064822364,1.0,0.4792797,0,simplekt
99265762064822364,1.0,0.7265486,0,simplekt
99265762064822364,1.0,0.86396474,0,simplekt
99265762064822364,1.0,0.8594685,0,simplekt
99265762064822364,1.0,0.86540306,0,simplekt
99265762064822364,1.0,0.8229221,0,simplekt
99265762064822364,1.0,0.943216,0,simplekt
99265762064822364,0.0,0.9546972,0,simplekt
99265762064822364,0.0,9.7979275e-05,0,simplekt
99265762064822364,0.0,0.44552308,0,simplekt
99265762064822364,0.0,0.124091774,0,simplekt
99265762064822364,1.0,0.86304796,0,simplekt
99265762064822364,1.0,0.9258477,0,simplekt
99265762064822364,1.0,0.9241597,0,simplekt
99265762064822364,1.0,0.6490418,0,simplekt
99265762064822364,1.0,0.9999869,0,simplekt
99265762064822364,1.0,0.99998546,0,simplekt
99265762064822364,1.0,0.80953336,0,simplekt
99265762064822364,1.0,0.7420644,0,simplekt
99265762064822364,0.0,0.7096338,0,simplekt
99265762064822364,1.0,0.49364474,0,simplekt
99265762064822364,1.0,0.2947289,0,simplekt
99265762064822364,1.0,0.9999863,0,simplekt
99265762064822364,1.0,0.8415192,0,simplekt
99265762064822364,1.0,0.99998546,0,simplekt
99265762064822364,1.0,0.9999993,0,simplekt
99265762064822364,0.0,0.9121089,0,simplekt
99265762064822364,0.0,0.6161316,0,simplekt
99265762064822364,0.0,0.64815444,0,simplekt
99265762064822364,0.0,0.17544849,0,simplekt
99265762064822364,1.0,0.7447434,0,simplekt
99265762064822364,1.0,0.91552436,0,simplekt
99265762064822364,1.0,0.9500564,0,simplekt
99265762064822364,1.0,0.76325214,0,simplekt
99265762064822364,0.0,0.51490134,0,simplekt
99265762064822364,1.0,0.16463529,0,simplekt
99265762064822364,1.0,0.5941687,0,simplekt
99265762064822364,1.0,0.61795944,0,simplekt
99265762064822364,1.0,0.3387396,0,simplekt
99265762064822364,1.0,0.9447144,0,simplekt
99265762064822364,1.0,0.8380103,0,simplekt
99265762064822364,1.0,0.8286717,0,simplekt
99265762064822364,0.0,0.7647488,0,simplekt
99265762064822364,0.0,0.7552858,0,simplekt
99265762064822364,1.0,0.65841836,0,simplekt
99265762064822364,1.0,0.95589024,0,simplekt
99265762064822364,1.0,0.62298906,0,simplekt
99265762064822364,1.0,0.999064,0,simplekt
99265762064822364,1.0,0.5563839,0,simplekt
99265762064822364,1.0,0.74893105,0,simplekt
100745805384875285,0.0,0.65344363,0,simplekt
100745805384875285,0.0,1.8493914e-05,0,simplekt
100745805384875285,1.0,0.24669074,0,simplekt
100745805384875285,1.0,0.9948372,0,simplekt
100745805384875285,0.0,0.4810621,0,simplekt
100745805384875285,0.0,1.437706e-05,0,simplekt
100745805384875285,1.0,0.85995156,0,simplekt
100745805384875285,1.0,0.9254935,0,simplekt
100745805384875285,1.0,0.48665205,0,simplekt
100745805384875285,1.0,0.8267511,0,simplekt
100745805384875285,1.0,0.96632475,0,simplekt
100745805384875285,1.0,0.9306234,0,simplekt
100745805384875285,1.0,0.9875777,0,simplekt
100745805384875285,1.0,0.9170719,0,simplekt
100745805384875285,1.0,0.7732557,0,simplekt
100745805384875285,0.0,0.40422687,0,simplekt
100745805384875285,1.0,0.51402074,0,simplekt
100745805384875285,1.0,0.7842876,0,simplekt
100745805384875285,1.0,0.7716386,0,simplekt
100745805384875285,1.0,0.8581797,0,simplekt
100745805384875285,0.0,0.7705254,0,simplekt
100745805384875285,0.0,0.670019,0,simplekt
100745805384875285,0.0,0.2464016,0,simplekt
100745805384875285,0.0,0.86491513,0,simplekt
100745805384875285,1.0,0.85409254,0,simplekt
100745805384875285,1.0,0.74287623,0,simplekt
100745805384875285,0.0,0.4465033,0,simplekt
100745805384875285,1.0,0.94209266,0,simplekt
100745805384875285,1.0,0.99999213,0,simplekt
100745805384875285,1.0,0.6734489,0,simplekt
100745805384875285,1.0,0.99995923,0,simplekt
100745805384875285,0.0,0.6216424,0,simplekt
100745805384875285,0.0,0.537021,0,simplekt
100745805384875285,0.0,0.44568527,0,simplekt
100745805384875285,0.0,0.39734682,0,simplekt
100745805384875285,0.0,0.27327365,0,simplekt
100745805384875285,1.0,0.52514976,0,simplekt
100745805384875285,0.0,0.3948519,0,simplekt
100745805384875285,0.0,0.76975036,0,simplekt
100745805384875285,0.0,0.37838516,0,simplekt
100745805384875285,0.0,0.039257098,0,simplekt
100745805384875285,0.0,0.37480932,0,simplekt
100745805384875285,1.0,0.81330425,0,simplekt
100745805384875285,1.0,0.7048392,0,simplekt
100745805384875285,1.0,0.6110102,0,simplekt
100745805384875285,0.0,0.61103654,0,simplekt
100745805384875285,1.0,0.28744042,0,simplekt
100745805384875285,1.0,0.9992879,0,simplekt
100745805384875285,0.0,0.6653088,0,simplekt
100745805384875285,0.0,6.883688e-05,0,simplekt
100745805384875285,1.0,0.6364813,0,simplekt
100745805384875285,0.0,0.5094245,0,simplekt
100745805384875285,1.0,0.7906142,0,simplekt
100745805384875285,1.0,0.856914,0,simplekt
100745805384875285,1.0,0.91108435,0,simplekt
100745805384875285,1.0,0.4519543,0,simplekt
100745805384875285,1.0,0.5011419,0,simplekt
100745805384875285,1.0,1.0,0,simplekt
100745805384875285,1.0,0.9206243,0,simplekt
100745805384875285,1.0,0.99994326,0,simplekt
100745805384875285,1.0,0.51988995,0,simplekt
100745805384875285,1.0,0.7660972,0,simplekt
100745805384875285,0.0,0.42720938,0,simplekt
100745805384875285,0.0,1.5096318e-05,0,simplekt
100745805384875285,0.0,0.009199933,0,simplekt
100745805384875285,0.0,2.3429317e-05,0,simplekt
100745805384875285,1.0,0.44217387,0,simplekt
100745805384875285,1.0,0.8490472,0,simplekt
100745805384875285,1.0,0.999987,0,simplekt
100745805384875285,1.0,1.0,0,simplekt
100745805384875285,1.0,0.8633068,0,simplekt
100745805384875285,1.0,0.9999596,0,simplekt
100745805384875285,1.0,0.7626356,0,simplekt
100745805384875285,1.0,0.9999746,0,simplekt
100745805384875285,1.0,0.9154415,0,simplekt
100745805384875285,1.0,0.99999297,0,simplekt
100745805384875285,1.0,0.8893811,0,simplekt
100745805384875285,1.0,0.7252422,0,simplekt
100745805384875285,1.0,0.99983,0,simplekt
100745805384875285,1.0,0.8037934,0,simplekt
100745805384875285,1.0,1.0,0,simplekt
100745805384875285,1.0,0.5761537,0,simplekt
100745805384875285,0.0,0.41978723,0,simplekt
100745805384875285,1.0,0.38623232,0,simplekt
100745805384875285,1.0,0.76450026,0,simplekt
100745805384875285,0.0,0.48121482,0,simplekt
100745805384875285,0.0,0.36112306,0,simplekt
100745805384875285,0.0,0.0002564459,0,simplekt
100745805384875285,1.0,0.47957683,0,simplekt
100745805384875285,1.0,0.65353054,0,simplekt
100745805384875285,1.0,0.3070619,0,simplekt
100745805384875285,0.0,0.6825767,0,simplekt
100745805384875285,1.0,0.71114373,0,simplekt
100745805384875285,1.0,0.9999975,0,simplekt
100745805384875285,1.0,0.8358852,0,simplekt
100745805384875285,1.0,0.9003853,0,simplekt
100745805384875285,1.0,0.7995479,0,simplekt
100745805384875285,1.0,0.999984,0,simplekt
100745805384875285,1.0,0.9698714,0,simplekt
100810768661567319,1.0,0.99717027,0,simplekt
100810768661567319,1.0,0.94924444,0,simplekt
100810768661567319,1.0,0.77132887,0,simplekt
100810768661567319,1.0,0.907091,0,simplekt
100810768661567319,1.0,0.9975647,0,simplekt
100810768661567319,1.0,0.99607134,0,simplekt
100810768661567319,1.0,0.9964211,0,simplekt
100810768661567319,1.0,0.9990245,0,simplekt
100810768661567319,1.0,0.8114908,0,simplekt
100810768661567319,1.0,0.9128136,0,simplekt
100810768661567319,1.0,0.9856618,0,simplekt
100810768661567319,0.0,0.9996617,0,simplekt
100810768661567319,1.0,0.68655205,0,simplekt
100810768661567319,1.0,0.7733628,0,simplekt
100810768661567319,1.0,0.981433,0,simplekt
100810768661567319,1.0,0.88894975,0,simplekt
100810768661567319,1.0,0.84719175,0,simplekt
100810768661567319,1.0,0.9890314,0,simplekt
100810768661567319,0.0,0.48234597,0,simplekt
100810768661567319,1.0,0.6349168,0,simplekt
100810768661567319,1.0,0.7993588,0,simplekt
100810768661567319,1.0,0.94538957,0,simplekt
100810768661567319,1.0,0.9961272,0,simplekt
100810768661567319,1.0,0.9369664,0,simplekt
100810768661567319,1.0,0.93329734,0,simplekt
100810768661567319,1.0,0.92075586,0,simplekt
100810768661567319,1.0,0.887351,0,simplekt
100810768661567319,0.0,0.4255581,0,simplekt
100810768661567319,1.0,0.9083513,0,simplekt
100810768661567319,1.0,0.9686586,0,simplekt
100810768661567319,0.0,0.97824824,0,simplekt
100810768661567319,1.0,0.7040243,0,simplekt
100810768661567319,1.0,0.728606,0,simplekt
100810768661567319,1.0,0.8923716,0,simplekt
100810768661567319,1.0,0.9001034,0,simplekt
100810768661567319,1.0,0.8518358,0,simplekt
100810768661567319,1.0,0.8942339,0,simplekt
100810768661567319,1.0,0.9997762,0,simplekt
100810768661567319,0.0,0.9680723,0,simplekt
100810768661567319,1.0,0.9884821,0,simplekt
100810768661567319,1.0,0.9992467,0,simplekt
100810768661567319,1.0,0.805521,0,simplekt
100810768661567319,1.0,0.97777253,0,simplekt
100810768661567319,1.0,0.99997723,0,simplekt
100810768661567319,1.0,0.966953,0,simplekt
100810768661567319,1.0,0.8649027,0,simplekt
100810768661567319,1.0,0.9846867,0,simplekt
100810768661567319,1.0,0.98758674,0,simplekt
100810768661567319,1.0,0.6533527,0,simplekt
100810768661567319,1.0,0.99899536,0,simplekt
100810768661567319,1.0,0.9997453,0,simplekt
100810768661567319,1.0,0.9990951,0,simplekt
100810768661567319,1.0,0.89972794,0,simplekt
100810768661567319,1.0,0.9598228,0,simplekt
100810768661567319,1.0,0.9819843,0,simplekt
100810768661567319,1.0,0.9249271,0,simplekt
100810768661567319,1.0,0.9997329,0,simplekt
100810768661567319,1.0,0.95914364,0,simplekt
100810768661567319,1.0,0.9366216,0,simplekt
100810768661567319,1.0,0.8285675,0,simplekt
100810768661567319,1.0,0.9945263,0,simplekt
100810768661567319,1.0,0.98308176,0,simplekt
100810768661567319,1.0,0.7484614,0,simplekt
100810768661567319,1.0,0.98662937,0,simplekt
100810768661567319,1.0,0.8220531,0,simplekt
100810768661567319,0.0,0.74271363,0,simplekt
100810768661567319,1.0,0.77246183,0,simplekt
100810768661567319,0.0,0.7745456,0,simplekt
100810768661567319,1.0,0.87807274,0,simplekt
100810768661567319,1.0,0.8149291,0,simplekt
100810768661567319,1.0,0.86620617,0,simplekt
100810768661567319,1.0,0.75325084,0,simplekt
100810768661567319,1.0,0.9663588,0,simplekt
100810768661567319,1.0,0.9849185,0,simplekt
100810768661567319,1.0,0.99928087,0,simplekt
100810768661567319,1.0,0.99702114,0,simplekt
100810768661567319,1.0,0.98480856,0,simplekt
100810768661567319,1.0,0.8712106,0,simplekt
100810768661567319,1.0,0.9793997,0,simplekt
100810768661567319,0.0,0.81380653,0,simplekt
100810768661567319,0.0,0.001418722,0,simplekt
100810768661567319,1.0,0.832868,0,simplekt
100810768661567319,1.0,0.92898047,0,simplekt
100810768661567319,1.0,0.66345143,0,simplekt
100810768661567319,1.0,0.9985233,0,simplekt
100810768661567319,1.0,0.9896814,0,simplekt
100810768661567319,1.0,0.55396086,0,simplekt
100810768661567319,1.0,0.9983582,0,simplekt
100810768661567319,1.0,0.9998746,0,simplekt
100810768661567319,1.0,0.99900705,0,simplekt
100810768661567319,1.0,0.9946989,0,simplekt
100810768661567319,1.0,0.99918395,0,simplekt
100810768661567319,1.0,0.9890379,0,simplekt
100810768661567319,1.0,0.9999635,0,simplekt
100810768661567319,1.0,0.87134135,0,simplekt
100810768661567319,1.0,0.8616783,0,simplekt
100810768661567319,1.0,0.9978823,0,simplekt
100810768661567319,1.0,0.9259272,0,simplekt
100810768661567319,1.0,0.99730766,0,simplekt
100921794655763840,1.0,0.9627831,0,simplekt
100921794655763840,1.0,0.8634526,0,simplekt
100921794655763840,1.0,0.884516,0,simplekt
100921794655763840,1.0,0.9709999,0,simplekt
100921794655763840,1.0,0.91038173,0,simplekt
100921794655763840,1.0,0.9523121,0,simplekt
100921794655763840,1.0,0.96461725,0,simplekt
100921794655763840,1.0,0.8620341,0,simplekt
100921794655763840,1.0,0.98926115,0,simplekt
100921794655763840,1.0,0.9999913,0,simplekt
100921794655763840,1.0,0.9713572,0,simplekt
100921794655763840,1.0,0.78953844,0,simplekt
100921794655763840,1.0,0.94219714,0,simplekt
100921794655763840,1.0,0.94746095,0,simplekt
100921794655763840,1.0,0.96033084,0,simplekt
100921794655763840,1.0,0.92054963,0,simplekt
100921794655763840,1.0,0.9173174,0,simplekt
100921794655763840,1.0,0.9226562,0,simplekt
100921794655763840,1.0,0.9677297,0,simplekt
100921794655763840,1.0,0.9999919,0,simplekt
100921794655763840,1.0,0.966,0,simplekt
100921794655763840,1.0,0.99997807,0,simplekt
100921794655763840,1.0,0.99999976,0,simplekt
100921794655763840,1.0,0.99999964,0,simplekt
100921794655763840,0.0,0.99362236,0,simplekt
100921794655763840,1.0,0.9099696,0,simplekt
100921794655763840,1.0,0.9999893,0,simplekt
100921794655763840,1.0,0.9779719,0,simplekt
100921794655763840,1.0,0.96312964,0,simplekt
100921794655763840,1.0,0.93363106,0,simplekt
100921794655763840,1.0,0.72514516,0,simplekt
100921794655763840,1.0,0.9433148,0,simplekt
100921794655763840,1.0,0.9999933,0,simplekt
100921794655763840,1.0,0.942786,0,simplekt
100921794655763840,1.0,0.9558244,0,simplekt
100921794655763840,1.0,0.97416604,0,simplekt
100921794655763840,1.0,0.9937185,0,simplekt
100921794655763840,1.0,0.99010277,0,simplekt
100921794655763840,1.0,0.9933962,0,simplekt
100921794655763840,1.0,0.9999995,0,simplekt
100921794655763840,1.0,0.9896862,0,simplekt
100921794655763840,1.0,0.984178,0,simplekt
100921794655763840,1.0,0.99421376,0,simplekt
100921794655763840,1.0,0.99694544,0,simplekt
100921794655763840,1.0,0.99936396,0,simplekt
100921794655763840,1.0,0.9999963,0,simplekt
100921794655763840,1.0,0.9999987,0,simplekt
100921794655763840,1.0,0.9999975,0,simplekt
100921794655763840,1.0,0.9866188,0,simplekt
100921794655763840,1.0,0.97028536,0,simplekt
100921794655763840,1.0,0.9999926,0,simplekt
100921794655763840,1.0,0.9999993,0,simplekt
100921794655763840,1.0,0.9742158,0,simplekt
100921794655763840,1.0,0.99254096,0,simplekt
100921794655763840,1.0,0.9768297,0,simplekt
100921794655763840,1.0,0.9852551,0,simplekt
100921794655763840,0.0,0.963946,0,simplekt
100921794655763840,0.0,8.9412235e-05,0,simplekt
100921794655763840,1.0,0.8432146,0,simplekt
100921794655763840,1.0,0.99999666,0,simplekt
100921794655763840,1.0,0.9684211,0,simplekt
100921794655763840,1.0,0.99360585,0,simplekt
100921794655763840,1.0,0.95863396,0,simplekt
100921794655763840,1.0,0.99999976,0,simplekt
100921794655763840,1.0,0.9786193,0,simplekt
100921794655763840,1.0,0.98779047,0,simplekt
100921794655763840,1.0,0.98660755,0,simplekt
100921794655763840,1.0,0.99999166,0,simplekt
100921794655763840,1.0,0.9694629,0,simplekt
100921794655763840,1.0,0.9766063,0,simplekt
100921794655763840,1.0,0.99999595,0,simplekt
100921794655763840,1.0,0.97113156,0,simplekt
100921794655763840,1.0,0.97804093,0,simplekt
100921794655763840,1.0,0.9999294,0,simplekt
100921794655763840,1.0,0.96334106,0,simplekt
100921794655763840,1.0,0.99339044,0,simplekt
100921794655763840,1.0,0.99349123,0,simplekt
100921794655763840,1.0,0.99999833,0,simplekt
100921794655763840,1.0,0.976776,0,simplekt
100921794655763840,1.0,0.9908832,0,simplekt
100921794655763840,1.0,0.93688637,0,simplekt
100921794655763840,1.0,0.99200964,0,simplekt
100921794655763840,1.0,0.9775169,0,simplekt
100921794655763840,1.0,0.9903751,0,simplekt
100921794655763840,1.0,0.99998784,0,simplekt
100921794655763840,1.0,0.993159,0,simplekt
100921794655763840,1.0,0.97317195,0,simplekt
100921794655763840,1.0,0.9800484,0,simplekt
100921794655763840,1.0,0.97193366,0,simplekt
100921794655763840,1.0,0.98914564,0,simplekt
100921794655763840,1.0,0.98746383,0,simplekt
100921794655763840,1.0,0.8929941,0,simplekt
100921794655763840,0.0,0.962744,0,simplekt
100921794655763840,1.0,0.9565991,0,simplekt
100921794655763840,1.0,0.99999034,0,simplekt
100921794655763840,1.0,0.9841547,0,simplekt
100921794655763840,0.0,0.9877209,0,simplekt
100921794655763840,1.0,0.6283026,0,simplekt
100921794655763840,0.0,0.95607555,0,simplekt
106373569297697742,1.0,0.9808152,0,simplekt
106373569297697742,1.0,0.88351244,0,simplekt
106373569297697742,1.0,0.8425032,0,simplekt
106373569297697742,0.0,0.83549774,0,simplekt
106373569297697742,0.0,0.73510313,0,simplekt
106373569297697742,0.0,0.22847605,0,simplekt
106373569297697742,1.0,0.62501264,0,simplekt
106373569297697742,1.0,0.9214419,0,simplekt
106373569297697742,1.0,0.8956385,0,simplekt
106373569297697742,0.0,0.91248226,0,simplekt
106373569297697742,0.0,0.3464942,0,simplekt
106373569297697742,1.0,0.8189959,0,simplekt
106373569297697742,1.0,0.9995863,0,simplekt
106373569297697742,0.0,0.71836865,0,simplekt
106373569297697742,0.0,0.48759222,0,simplekt
106373569297697742,0.0,0.22081788,0,simplekt
106373569297697742,0.0,0.06346608,0,simplekt
106373569297697742,1.0,0.2799812,0,simplekt
106373569297697742,0.0,0.5410689,0,simplekt
106373569297697742,1.0,0.542196,0,simplekt
106373569297697742,1.0,0.9231727,0,simplekt
106373569297697742,0.0,0.59960526,0,simplekt
106373569297697742,0.0,0.38289592,0,simplekt
106373569297697742,1.0,0.5722181,0,simplekt
106373569297697742,1.0,0.61027145,0,simplekt
106373569297697742,1.0,0.51915354,0,simplekt
106373569297697742,1.0,0.36905167,0,simplekt
106373569297697742,1.0,0.6001685,0,simplekt
106373569297697742,0.0,0.9379095,0,simplekt
106373569297697742,0.0,0.21568076,0,simplekt
106373569297697742,1.0,0.5605565,0,simplekt
106373569297697742,1.0,0.7889792,0,simplekt
106373569297697742,1.0,0.74279684,0,simplekt
106373569297697742,1.0,0.68142337,0,simplekt
106373569297697742,1.0,0.866705,0,simplekt
106373569297697742,0.0,0.8121459,0,simplekt
106373569297697742,0.0,0.73968625,0,simplekt
106373569297697742,0.0,0.5637239,0,simplekt
106373569297697742,0.0,0.7940694,0,simplekt
106373569297697742,0.0,0.00024674542,0,simplekt
106373569297697742,1.0,0.5720301,0,simplekt
106373569297697742,1.0,0.9998909,0,simplekt
106373569297697742,1.0,0.76516145,0,simplekt
106373569297697742,1.0,0.9999746,0,simplekt
106373569297697742,1.0,0.63988125,0,simplekt
106373569297697742,1.0,0.80949813,0,simplekt
106373569297697742,1.0,0.99985814,0,simplekt
106373569297697742,1.0,0.999998,0,simplekt
106373569297697742,1.0,0.99999666,0,simplekt
106373569297697742,1.0,0.58712834,0,simplekt
106373569297697742,0.0,0.686969,0,simplekt
106373569297697742,0.0,0.014029649,0,simplekt
106373569297697742,0.0,0.34401432,0,simplekt
106373569297697742,1.0,0.5420485,0,simplekt
106373569297697742,1.0,0.72787875,0,simplekt
106373569297697742,0.0,0.7199399,0,simplekt
106373569297697742,1.0,0.6478333,0,simplekt
106373569297697742,1.0,0.9998921,0,simplekt
106373569297697742,0.0,0.55679774,0,simplekt
106373569297697742,1.0,0.8926202,0,simplekt
106373569297697742,1.0,0.94758743,0,simplekt
106373569297697742,1.0,0.9999964,0,simplekt
106373569297697742,0.0,0.8740543,0,simplekt
106373569297697742,1.0,0.84942716,0,simplekt
106373569297697742,1.0,0.9196227,0,simplekt
106373569297697742,1.0,0.7453265,0,simplekt
106373569297697742,1.0,0.9999807,0,simplekt
106373569297697742,1.0,0.9999993,0,simplekt
106373569297697742,1.0,0.80916446,0,simplekt
106373569297697742,1.0,0.5519479,0,simplekt
106373569297697742,0.0,0.73860985,0,simplekt
106373569297697742,0.0,0.57238007,0,simplekt
106373569297697742,0.0,2.9161122e-06,0,simplekt
106373569297697742,0.0,6.2409545e-06,0,simplekt
106373569297697742,1.0,0.73077255,0,simplekt
106373569297697742,1.0,0.7549362,0,simplekt
106373569297697742,1.0,0.85469323,0,simplekt
106373569297697742,1.0,0.34881997,0,simplekt
106373569297697742,0.0,0.87492657,0,simplekt
106373569297697742,1.0,0.7151044,0,simplekt
106373569297697742,1.0,0.9999949,0,simplekt
106373569297697742,1.0,0.8567366,0,simplekt
106373569297697742,1.0,0.6473248,0,simplekt
106373569297697742,1.0,0.9999789,0,simplekt
106373569297697742,1.0,0.97735757,0,simplekt
106373569297697742,0.0,0.54398125,0,simplekt
106373569297697742,0.0,6.626741e-06,0,simplekt
106373569297697742,1.0,0.43093535,0,simplekt
106373569297697742,1.0,0.9247768,0,simplekt
106373569297697742,1.0,0.92303455,0,simplekt
106373569297697742,1.0,0.83246726,0,simplekt
106373569297697742,1.0,0.9783026,0,simplekt
106373569297697742,1.0,0.61485255,0,simplekt
106373569297697742,1.0,0.91481346,0,simplekt
106373569297697742,1.0,0.96151626,0,simplekt
106373569297697742,1.0,0.99999535,0,simplekt
106373569297697742,1.0,0.79805136,0,simplekt
106373569297697742,1.0,0.9484487,0,simplekt
106373569297697742,1.0,0.6473873,0,simplekt
106381391793892613,0.0,0.9669328,0,simplekt
106381391793892613,1.0,0.9841331,0,simplekt
106381391793892613,1.0,0.64642274,0,simplekt
106381391793892613,0.0,0.8832118,0,simplekt
106381391793892613,0.0,0.69241834,0,simplekt
106381391793892613,1.0,0.6483031,0,simplekt
106381391793892613,1.0,0.92967755,0,simplekt
106381391793892613,1.0,0.8341246,0,simplekt
106381391793892613,1.0,0.9996283,0,simplekt
106381391793892613,1.0,0.87614304,0,simplekt
106381391793892613,1.0,0.5571694,0,simplekt
106381391793892613,0.0,0.74578226,0,simplekt
106381391793892613,1.0,0.8765281,0,simplekt
106381391793892613,1.0,0.9827245,0,simplekt
106381391793892613,0.0,0.7894609,0,simplekt
106381391793892613,1.0,0.50631493,0,simplekt
106381391793892613,0.0,0.9479305,0,simplekt
106381391793892613,0.0,0.013126452,0,simplekt
106381391793892613,1.0,0.19609174,0,simplekt
106381391793892613,0.0,0.9705978,0,simplekt
106381391793892613,1.0,0.5028776,0,simplekt
106381391793892613,1.0,0.92873126,0,simplekt
106381391793892613,1.0,0.8406806,0,simplekt
106381391793892613,1.0,0.8011087,0,simplekt
106381391793892613,1.0,0.9639687,0,simplekt
106381391793892613,1.0,0.9698799,0,simplekt
106381391793892613,1.0,0.9996549,0,simplekt
106381391793892613,1.0,0.9968176,0,simplekt
106381391793892613,1.0,0.96478957,0,simplekt
106381391793892613,0.0,0.95052797,0,simplekt
106381391793892613,1.0,0.9121585,0,simplekt
106381391793892613,1.0,0.9207121,0,simplekt
106381391793892613,1.0,0.9269973,0,simplekt
106381391793892613,1.0,0.74521893,0,simplekt
106381391793892613,1.0,0.9979784,0,simplekt
106381391793892613,1.0,0.92310166,0,simplekt
106381391793892613,1.0,0.99550855,0,simplekt
106381391793892613,1.0,0.99972147,0,simplekt
106381391793892613,1.0,0.9122826,0,simplekt
106381391793892613,1.0,0.9229352,0,simplekt
106381391793892613,1.0,0.999255,0,simplekt
106381391793892613,1.0,0.76982224,0,simplekt
106381391793892613,1.0,0.98498255,0,simplekt
106381391793892613,1.0,0.95102376,0,simplekt
106381391793892613,1.0,0.9022495,0,simplekt
106381391793892613,0.0,0.84528315,0,simplekt
106381391793892613,0.0,0.62401336,0,simplekt
106381391793892613,0.0,0.7263924,0,simplekt
106381391793892613,1.0,0.63731486,0,simplekt
106381391793892613,0.0,0.56205297,0,simplekt
106381391793892613,0.0,0.69523793,0,simplekt
106381391793892613,1.0,0.9301508,0,simplekt
106381391793892613,1.0,0.96054727,0,simplekt
106381391793892613,1.0,0.8940069,0,simplekt
106381391793892613,1.0,0.87190443,0,simplekt
106381391793892613,1.0,0.86315817,0,simplekt
106381391793892613,1.0,0.9276259,0,simplekt
106381391793892613,1.0,0.95035803,0,simplekt
106381391793892613,1.0,0.9992906,0,simplekt
106381391793892613,1.0,0.9995771,0,simplekt
106381391793892613,1.0,1.0,0,simplekt
106381391793892613,1.0,0.9974573,0,simplekt
106381391793892613,1.0,0.81026804,0,simplekt
106381391793892613,1.0,0.9705856,0,simplekt
106381391793892613,1.0,0.9599259,0,simplekt
106381391793892613,1.0,0.80550456,0,simplekt
106381391793892613,1.0,0.91473436,0,simplekt
106381391793892613,1.0,0.9765058,0,simplekt
106381391793892613,1.0,0.9420967,0,simplekt
106381391793892613,0.0,0.6510445,0,simplekt
106381391793892613,1.0,0.9446489,0,simplekt
106381391793892613,0.0,0.12231199,0,simplekt
106381391793892613,1.0,0.8264307,0,simplekt
106381391793892613,1.0,0.847666,0,simplekt
106381391793892613,1.0,0.8866662,0,simplekt
106381391793892613,1.0,0.9641373,0,simplekt
106381391793892613,1.0,0.7717933,0,simplekt
106381391793892613,1.0,0.8075098,0,simplekt
106381391793892613,1.0,0.6048495,0,simplekt
106381391793892613,1.0,0.9999716,0,simplekt
106381391793892613,1.0,0.98863065,0,simplekt
106381391793892613,1.0,0.96222,0,simplekt
106381391793892613,1.0,0.9776433,0,simplekt
106381391793892613,1.0,0.93440896,0,simplekt
106381391793892613,1.0,0.9999225,0,simplekt
106381391793892613,1.0,0.97281736,0,simplekt
106381391793892613,0.0,0.8295319,0,simplekt
106381391793892613,1.0,0.7857623,0,simplekt
106381391793892613,0.0,0.9474939,0,simplekt
106381391793892613,1.0,0.5867344,0,simplekt
106381391793892613,1.0,0.7949024,0,simplekt
106381391793892613,1.0,0.8622087,0,simplekt
106381391793892613,1.0,0.9104546,0,simplekt
106381391793892613,1.0,0.9559651,0,simplekt
106381391793892613,1.0,0.7449011,0,simplekt
106381391793892613,1.0,0.75493956,0,simplekt
106381391793892613,1.0,0.9062293,0,simplekt
106381391793892613,1.0,0.9999913,0,simplekt
106381391793892613,1.0,0.96809196,0,simplekt
107994253852894737,0.0,0.29062456,0,simplekt
107994253852894737,0.0,0.30949873,0,simplekt
107994253852894737,0.0,5.2658954e-05,0,simplekt
107994253852894737,0.0,0.7276561,0,simplekt
107994253852894737,0.0,0.22812942,0,simplekt
107994253852894737,0.0,0.00016199776,0,simplekt
107994253852894737,0.0,0.011822292,0,simplekt
107994253852894737,0.0,0.114616334,0,simplekt
107994253852894737,0.0,0.19252037,0,simplekt
107994253852894737,0.0,0.09895472,0,simplekt
107994253852894737,0.0,2.3527095e-05,0,simplekt
107994253852894737,0.0,0.5021934,0,simplekt
107994253852894737,0.0,0.19869359,0,simplekt
107994253852894737,0.0,0.4540725,0,simplekt
107994253852894737,0.0,0.27244648,0,simplekt
107994253852894737,0.0,2.9718707e-05,0,simplekt
107994253852894737,0.0,0.25840726,0,simplekt
107994253852894737,0.0,0.2212492,0,simplekt
107994253852894737,0.0,0.14685221,0,simplekt
107994253852894737,0.0,0.0109129865,0,simplekt
107994253852894737,0.0,0.35542262,0,simplekt
107994253852894737,0.0,0.093627304,0,simplekt
107994253852894737,0.0,0.20111623,0,simplekt
107994253852894737,0.0,0.089727536,0,simplekt
107994253852894737,0.0,2.3268152e-05,0,simplekt
107994253852894737,0.0,0.15113956,0,simplekt
107994253852894737,0.0,0.011146504,0,simplekt
107994253852894737,0.0,0.025982037,0,simplekt
107994253852894737,0.0,0.117499016,0,simplekt
107994253852894737,0.0,0.15682788,0,simplekt
107994253852894737,0.0,0.035746485,0,simplekt
107994253852894737,0.0,0.21290252,0,simplekt
107994253852894737,0.0,0.051737092,0,simplekt
107994253852894737,0.0,3.6882425e-06,0,simplekt
107994253852894737,0.0,0.02550142,0,simplekt
107994253852894737,0.0,0.42312497,0,simplekt
107994253852894737,0.0,2.1366173e-05,0,simplekt
107994253852894737,0.0,0.55813885,0,simplekt
107994253852894737,0.0,0.00013609588,0,simplekt
107994253852894737,0.0,0.18473004,0,simplekt
107994253852894737,0.0,4.8679726e-06,0,simplekt
107994253852894737,0.0,0.009496615,0,simplekt
107994253852894737,0.0,0.008956779,0,simplekt
107994253852894737,0.0,1.2537183e-06,0,simplekt
107994253852894737,0.0,0.0075832456,0,simplekt
107994253852894737,0.0,0.13965692,0,simplekt
107994253852894737,0.0,0.13032314,0,simplekt
107994253852894737,0.0,2.9958787e-07,0,simplekt
107994253852894737,0.0,7.281152e-07,0,simplekt
107994253852894737,0.0,6.7458825e-07,0,simplekt
