user_id,y_true,y_prob,fold,model
11605490338460,1.0,0.96328616,8,simplekt
11605490338460,1.0,0.9319298,8,simplekt
11605490338460,1.0,0.8758744,8,simplekt
11605490338460,1.0,0.95778406,8,simplekt
11605490338460,1.0,0.94867593,8,simplekt
11605490338460,1.0,0.896508,8,simplekt
11605490338460,1.0,0.8907188,8,simplekt
11605490338460,1.0,0.9806912,8,simplekt
11605490338460,1.0,0.96734846,8,simplekt
11605490338460,1.0,0.8342667,8,simplekt
11605490338460,1.0,0.9338035,8,simplekt
11605490338460,1.0,0.9357916,8,simplekt
11605490338460,1.0,0.9813324,8,simplekt
11605490338460,1.0,0.95763963,8,simplekt
11605490338460,1.0,0.9730963,8,simplekt
11605490338460,1.0,0.9809106,8,simplekt
11605490338460,1.0,0.9679681,8,simplekt
11605490338460,1.0,0.953428,8,simplekt
11605490338460,1.0,0.9749765,8,simplekt
11605490338460,1.0,0.98090255,8,simplekt
11605490338460,1.0,0.9997596,8,simplekt
11605490338460,1.0,0.98803586,8,simplekt
11605490338460,1.0,0.957132,8,simplekt
11605490338460,1.0,0.8075568,8,simplekt
11605490338460,1.0,0.89347535,8,simplekt
11605490338460,1.0,0.97950155,8,simplekt
11605490338460,1.0,0.97575176,8,simplekt
11605490338460,1.0,0.8382153,8,simplekt
11605490338460,1.0,0.9195709,8,simplekt
11605490338460,0.0,0.8745041,8,simplekt
11605490338460,1.0,0.8943226,8,simplekt
11605490338460,1.0,0.85290074,8,simplekt
11605490338460,1.0,0.92519736,8,simplekt
11605490338460,1.0,0.9036314,8,simplekt
11605490338460,1.0,0.9745891,8,simplekt
11605490338460,1.0,0.9484229,8,simplekt
11605490338460,1.0,0.95216846,8,simplekt
11605490338460,1.0,0.83832043,8,simplekt
11605490338460,1.0,0.95982164,8,simplekt
11605490338460,1.0,0.8752641,8,simplekt
11605490338460,1.0,0.9870047,8,simplekt
11605490338460,1.0,0.9881705,8,simplekt
11605490338460,1.0,0.98600304,8,simplekt
11605490338460,1.0,0.9803736,8,simplekt
11605490338460,1.0,0.95616525,8,simplekt
11605490338460,0.0,0.93597955,8,simplekt
11605490338460,0.0,0.63240755,8,simplekt
11605490338460,0.0,0.23890609,8,simplekt
11605490338460,1.0,0.9062032,8,simplekt
11605490338460,1.0,0.8104127,8,simplekt
11605490338460,1.0,0.96882206,8,simplekt
11605490338460,1.0,0.9999614,8,simplekt
11605490338460,1.0,0.6388652,8,simplekt
11605490338460,0.0,0.952903,8,simplekt
11605490338460,1.0,0.77058333,8,simplekt
11605490338460,1.0,0.7743884,8,simplekt
11605490338460,1.0,0.7350677,8,simplekt
11605490338460,1.0,0.99992454,8,simplekt
11605490338460,1.0,0.99379176,8,simplekt
11605490338460,1.0,0.9999833,8,simplekt
11605490338460,1.0,0.94348454,8,simplekt
11605490338460,1.0,0.9999944,8,simplekt
11605490338460,1.0,0.98371464,8,simplekt
11605490338460,1.0,0.9807926,8,simplekt
11605490338460,1.0,0.9929991,8,simplekt
11605490338460,1.0,0.98904574,8,simplekt
11605490338460,1.0,0.999853,8,simplekt
11605490338460,1.0,0.8438701,8,simplekt
11605490338460,1.0,0.97268176,8,simplekt
11605490338460,1.0,0.988897,8,simplekt
11605490338460,1.0,0.9756492,8,simplekt
11605490338460,1.0,0.8736598,8,simplekt
11605490338460,1.0,0.99999297,8,simplekt
11605490338460,1.0,0.9447487,8,simplekt
11605490338460,1.0,0.91915715,8,simplekt
11605490338460,0.0,0.32030323,8,simplekt
11605490338460,1.0,0.97714704,8,simplekt
11605490338460,1.0,0.99211276,8,simplekt
11605490338460,1.0,0.99985564,8,simplekt
11605490338460,1.0,0.90752375,8,simplekt
11605490338460,1.0,0.9764257,8,simplekt
11605490338460,1.0,0.99983907,8,simplekt
11605490338460,1.0,0.9651136,8,simplekt
11605490338460,0.0,0.93604594,8,simplekt
11605490338460,1.0,0.9620612,8,simplekt
11605490338460,1.0,0.8435134,8,simplekt
11605490338460,1.0,0.925977,8,simplekt
11605490338460,1.0,0.9822015,8,simplekt
11605490338460,1.0,0.89077204,8,simplekt
11605490338460,1.0,0.98122793,8,simplekt
11605490338460,1.0,0.96274215,8,simplekt
11605490338460,1.0,0.9838769,8,simplekt
11605490338460,1.0,0.9758078,8,simplekt
11605490338460,1.0,0.9733637,8,simplekt
11605490338460,1.0,0.8024139,8,simplekt
11605490338460,1.0,0.98207146,8,simplekt
11605490338460,1.0,0.9999378,8,simplekt
11605490338460,0.0,0.9451388,8,simplekt
11605490338460,1.0,0.7054679,8,simplekt
11605490338460,1.0,0.8163078,8,simplekt
11605490338460,1.0,0.956027,8,simplekt
11605490338460,1.0,0.9620421,8,simplekt
11605490338460,1.0,0.97671854,8,simplekt
11605490338460,1.0,0.9843365,8,simplekt
11605490338460,1.0,0.95532244,8,simplekt
11605490338460,1.0,0.9820655,8,simplekt
11605490338460,1.0,0.99728,8,simplekt
11605490338460,1.0,0.93040025,8,simplekt
11605490338460,0.0,0.7940114,8,simplekt
11605490338460,1.0,0.8479883,8,simplekt
11605490338460,1.0,0.91638213,8,simplekt
11605490338460,1.0,0.88524115,8,simplekt
11605490338460,1.0,0.90913147,8,simplekt
11605490338460,1.0,0.75658876,8,simplekt
11605490338460,1.0,0.99997854,8,simplekt
11605490338460,1.0,0.83114076,8,simplekt
11605490338460,1.0,0.8335051,8,simplekt
11605490338460,1.0,0.95706326,8,simplekt
11605490338460,1.0,0.9530239,8,simplekt
11605490338460,1.0,0.9745127,8,simplekt
11605490338460,1.0,0.9636089,8,simplekt
11605490338460,1.0,0.9427948,8,simplekt
11605490338460,1.0,0.9670555,8,simplekt
11605490338460,1.0,0.97374535,8,simplekt
11605490338460,1.0,0.9042057,8,simplekt
11605490338460,1.0,0.8968784,8,simplekt
11605490338460,1.0,0.9181397,8,simplekt
11605490338460,1.0,0.9999949,8,simplekt
11605490338460,1.0,0.98249507,8,simplekt
11605490338460,1.0,0.95679355,8,simplekt
11605490338460,1.0,0.99999833,8,simplekt
11605490338460,1.0,0.986586,8,simplekt
11605490338460,1.0,0.98439896,8,simplekt
11605490338460,1.0,0.99105304,8,simplekt
11605490338460,1.0,0.9860329,8,simplekt
11605490338460,1.0,0.9679167,8,simplekt
11605490338460,1.0,0.9727519,8,simplekt
11605490338460,1.0,0.9788542,8,simplekt
11605490338460,1.0,0.9823267,8,simplekt
11605490338460,1.0,0.9999927,8,simplekt
11605490338460,1.0,0.97015005,8,simplekt
11605490338460,1.0,0.9999044,8,simplekt
11605490338460,1.0,0.9679579,8,simplekt
11605490338460,1.0,0.9999716,8,simplekt
11605490338460,1.0,0.9378192,8,simplekt
11605490338460,1.0,0.97436756,8,simplekt
11605490338460,1.0,0.960957,8,simplekt
11605490338460,1.0,0.99992645,8,simplekt
11605490338460,1.0,0.9999988,8,simplekt
11605490338460,1.0,0.9999969,8,simplekt
11605490338460,1.0,0.9914914,8,simplekt
11605490338460,1.0,0.956922,8,simplekt
11605490338460,1.0,0.9902186,8,simplekt
11605490338460,1.0,0.999984,8,simplekt
11605490338460,1.0,0.9712994,8,simplekt
11605490338460,1.0,0.9380129,8,simplekt
11605490338460,1.0,0.9862221,8,simplekt
11605490338460,1.0,0.9755382,8,simplekt
11605490338460,1.0,0.8904929,8,simplekt
11605490338460,1.0,0.9826674,8,simplekt
11605490338460,1.0,0.98973316,8,simplekt
11605490338460,1.0,0.99500716,8,simplekt
11605490338460,1.0,0.999997,8,simplekt
11605490338460,1.0,0.98767406,8,simplekt
11605490338460,1.0,0.9543663,8,simplekt
11605490338460,1.0,0.9617646,8,simplekt
11605490338460,1.0,0.99158406,8,simplekt
11605490338460,1.0,0.9846581,8,simplekt
11605490338460,1.0,0.9952231,8,simplekt
11605490338460,1.0,0.9667408,8,simplekt
11605490338460,1.0,0.9976736,8,simplekt
11605490338460,1.0,0.99999905,8,simplekt
11605490338460,1.0,0.9999982,8,simplekt
11605490338460,1.0,0.99998605,8,simplekt
11605490338460,1.0,0.9852555,8,simplekt
11605490338460,1.0,0.80947196,8,simplekt
11605490338460,1.0,0.8701066,8,simplekt
11605490338460,1.0,0.8880726,8,simplekt
11605490338460,1.0,0.98368824,8,simplekt
11605490338460,1.0,0.9856608,8,simplekt
11605490338460,1.0,0.99074394,8,simplekt
11605490338460,1.0,0.94586873,8,simplekt
11605490338460,1.0,0.9421531,8,simplekt
11605490338460,0.0,0.7390461,8,simplekt
11605490338460,1.0,0.975339,8,simplekt
11605490338460,1.0,0.98132735,8,simplekt
11605490338460,1.0,0.9529702,8,simplekt
11605490338460,1.0,0.9798237,8,simplekt
11605490338460,1.0,0.9998958,8,simplekt
11605490338460,1.0,0.9810425,8,simplekt
11605490338460,1.0,0.9996263,8,simplekt
11605490338460,1.0,0.8058613,8,simplekt
11605490338460,1.0,0.9998405,8,simplekt
11605490338460,1.0,0.9999924,8,simplekt
11605490338460,1.0,0.9893044,8,simplekt
11605490338460,1.0,0.9860314,8,simplekt
11605490338460,1.0,0.7868346,8,simplekt
11605490338460,1.0,0.9990145,8,simplekt
11605490338460,1.0,0.9813369,8,simplekt
530023052988934,1.0,0.89982206,8,simplekt
530023052988934,1.0,0.9163852,8,simplekt
530023052988934,1.0,0.89766073,8,simplekt
530023052988934,1.0,0.94430584,8,simplekt
530023052988934,1.0,0.89553875,8,simplekt
530023052988934,1.0,0.96027046,8,simplekt
530023052988934,1.0,0.98525107,8,simplekt
530023052988934,1.0,0.7507993,8,simplekt
530023052988934,1.0,0.84972256,8,simplekt
530023052988934,1.0,0.9999975,8,simplekt
530023052988934,1.0,1.0,8,simplekt
530023052988934,1.0,0.9999987,8,simplekt
530023052988934,1.0,0.9681239,8,simplekt
530023052988934,1.0,0.9999982,8,simplekt
530023052988934,1.0,0.80668086,8,simplekt
530023052988934,0.0,0.71397495,8,simplekt
530023052988934,0.0,1.2650924e-06,8,simplekt
530023052988934,1.0,0.65965956,8,simplekt
530023052988934,0.0,0.45106503,8,simplekt
530023052988934,1.0,0.8810355,8,simplekt
530023052988934,1.0,0.7828004,8,simplekt
530023052988934,1.0,0.59164554,8,simplekt
530023052988934,0.0,0.82347935,8,simplekt
530023052988934,0.0,0.19532464,8,simplekt
530023052988934,1.0,0.122308105,8,simplekt
530023052988934,1.0,0.9011168,8,simplekt
530023052988934,1.0,0.8314418,8,simplekt
530023052988934,1.0,0.999956,8,simplekt
530023052988934,1.0,0.8455798,8,simplekt
530023052988934,1.0,0.99991155,8,simplekt
530023052988934,0.0,0.6192053,8,simplekt
530023052988934,0.0,0.8159148,8,simplekt
530023052988934,1.0,0.4144837,8,simplekt
530023052988934,1.0,0.6477263,8,simplekt
530023052988934,0.0,0.76976436,8,simplekt
530023052988934,1.0,0.78550315,8,simplekt
530023052988934,1.0,0.99062866,8,simplekt
530023052988934,1.0,0.8657081,8,simplekt
530023052988934,1.0,0.64500326,8,simplekt
530023052988934,1.0,0.8978716,8,simplekt
530023052988934,0.0,0.6170106,8,simplekt
530023052988934,0.0,0.6417026,8,simplekt
530023052988934,0.0,0.42844942,8,simplekt
530023052988934,1.0,0.65739524,8,simplekt
530023052988934,1.0,0.5524044,8,simplekt
530023052988934,0.0,0.23359945,8,simplekt
530023052988934,1.0,0.849663,8,simplekt
530023052988934,1.0,0.9459926,8,simplekt
530023052988934,1.0,0.9267126,8,simplekt
530023052988934,1.0,0.53972846,8,simplekt
530023052988934,1.0,0.868205,8,simplekt
530023052988934,1.0,0.84023255,8,simplekt
530023052988934,1.0,0.502102,8,simplekt
530023052988934,1.0,0.82899886,8,simplekt
530023052988934,1.0,0.8580937,8,simplekt
530023052988934,1.0,0.794287,8,simplekt
530023052988934,1.0,0.96764404,8,simplekt
530023052988934,1.0,0.9525494,8,simplekt
530023052988934,1.0,0.9999701,8,simplekt
530023052988934,1.0,0.8320003,8,simplekt
530023052988934,1.0,0.99995863,8,simplekt
530023052988934,1.0,0.94711137,8,simplekt
530023052988934,0.0,0.8693373,8,simplekt
530023052988934,1.0,0.4306041,8,simplekt
530023052988934,1.0,0.6932028,8,simplekt
530023052988934,1.0,0.94119656,8,simplekt
530023052988934,1.0,0.9999815,8,simplekt
530023052988934,1.0,0.5700811,8,simplekt
530023052988934,1.0,0.94246227,8,simplekt
530023052988934,0.0,0.9666032,8,simplekt
530023052988934,0.0,0.00011922941,8,simplekt
530023052988934,1.0,0.6334736,8,simplekt
530023052988934,1.0,0.99986124,8,simplekt
530023052988934,1.0,0.8694771,8,simplekt
530023052988934,1.0,0.9725928,8,simplekt
530023052988934,1.0,0.9997632,8,simplekt
530023052988934,1.0,0.6703715,8,simplekt
530023052988934,1.0,0.9227576,8,simplekt
530023052988934,1.0,0.9808821,8,simplekt
530023052988934,1.0,0.8682174,8,simplekt
530023052988934,1.0,0.98247683,8,simplekt
530023052988934,0.0,0.85011876,8,simplekt
530023052988934,1.0,0.5524174,8,simplekt
530023052988934,1.0,0.9711837,8,simplekt
530023052988934,1.0,0.62303305,8,simplekt
530023052988934,1.0,0.99004424,8,simplekt
530023052988934,0.0,0.950414,8,simplekt
530023052988934,0.0,3.5339395e-05,8,simplekt
530023052988934,1.0,0.9544365,8,simplekt
530023052988934,1.0,0.9896909,8,simplekt
530023052988934,0.0,0.8348015,8,simplekt
530023052988934,1.0,0.90715146,8,simplekt
530023052988934,1.0,0.6675165,8,simplekt
530023052988934,0.0,0.9047923,8,simplekt
530023052988934,0.0,0.76958424,8,simplekt
530023052988934,1.0,0.5309624,8,simplekt
530023052988934,1.0,0.82052284,8,simplekt
530023052988934,0.0,0.6675202,8,simplekt
530023052988934,1.0,0.9155875,8,simplekt
530023052988934,1.0,0.8860628,8,simplekt
530023052988934,1.0,0.95909363,8,simplekt
530023052988934,1.0,0.8151175,8,simplekt
530023052988934,1.0,0.9660593,8,simplekt
530023052988934,1.0,0.9005001,8,simplekt
530023052988934,1.0,0.84810215,8,simplekt
530023052988934,1.0,0.8421229,8,simplekt
530023052988934,1.0,0.9540625,8,simplekt
530023052988934,1.0,0.84864193,8,simplekt
530023052988934,1.0,0.999967,8,simplekt
530023052988934,1.0,0.8538742,8,simplekt
530023052988934,1.0,0.90967995,8,simplekt
530023052988934,1.0,0.97519034,8,simplekt
530023052988934,1.0,0.89684105,8,simplekt
530023052988934,1.0,0.99999595,8,simplekt
530023052988934,1.0,0.8754367,8,simplekt
530023052988934,1.0,0.5853723,8,simplekt
530023052988934,1.0,0.9712002,8,simplekt
530023052988934,0.0,0.62139916,8,simplekt
530023052988934,0.0,0.8201193,8,simplekt
530023052988934,1.0,0.7865525,8,simplekt
530023052988934,1.0,0.9007254,8,simplekt
530023052988934,1.0,0.9180319,8,simplekt
530023052988934,0.0,0.5178561,8,simplekt
530023052988934,1.0,0.2785244,8,simplekt
530023052988934,0.0,0.7080089,8,simplekt
530023052988934,0.0,0.610638,8,simplekt
530023052988934,1.0,0.3730423,8,simplekt
530023052988934,1.0,0.73913246,8,simplekt
530023052988934,1.0,0.50075924,8,simplekt
530023052988934,1.0,0.9999957,8,simplekt
530023052988934,1.0,0.6852902,8,simplekt
530023052988934,1.0,0.795252,8,simplekt
530023052988934,1.0,0.8946758,8,simplekt
530023052988934,1.0,0.9157558,8,simplekt
530023052988934,1.0,0.6792335,8,simplekt
530023052988934,1.0,0.9999987,8,simplekt
530023052988934,1.0,0.83193934,8,simplekt
530023052988934,1.0,0.85317165,8,simplekt
530023052988934,1.0,0.69765157,8,simplekt
530023052988934,1.0,0.9998901,8,simplekt
530023052988934,1.0,0.9309628,8,simplekt
530023052988934,1.0,0.92513233,8,simplekt
530023052988934,1.0,0.96414334,8,simplekt
530023052988934,1.0,0.9999906,8,simplekt
530023052988934,1.0,0.92700285,8,simplekt
530023052988934,1.0,0.99965155,8,simplekt
530023052988934,1.0,0.93495864,8,simplekt
530023052988934,1.0,0.9999584,8,simplekt
530023052988934,1.0,0.97109824,8,simplekt
530023052988934,1.0,0.99999654,8,simplekt
530023052988934,1.0,0.9392684,8,simplekt
530023052988934,1.0,0.9999678,8,simplekt
530023052988934,1.0,0.9402533,8,simplekt
530023052988934,1.0,0.99999464,8,simplekt
530023052988934,1.0,0.78329164,8,simplekt
530023052988934,1.0,0.91616106,8,simplekt
530023052988934,1.0,0.9999064,8,simplekt
530023052988934,1.0,0.9999845,8,simplekt
530023052988934,1.0,0.9999883,8,simplekt
530023052988934,1.0,0.8182209,8,simplekt
530023052988934,0.0,0.97257274,8,simplekt
530023052988934,0.0,1.8774095e-05,8,simplekt
530023052988934,0.0,0.67545253,8,simplekt
530023052988934,1.0,0.6740931,8,simplekt
530023052988934,1.0,0.52565056,8,simplekt
530023052988934,0.0,0.4605627,8,simplekt
530023052988934,1.0,0.30572653,8,simplekt
530023052988934,1.0,0.44851047,8,simplekt
530023052988934,1.0,0.8306627,8,simplekt
530023052988934,0.0,0.715407,8,simplekt
530023052988934,0.0,0.61009365,8,simplekt
530023052988934,0.0,0.43063006,8,simplekt
530023052988934,0.0,0.73704284,8,simplekt
530023052988934,0.0,0.57036275,8,simplekt
530023052988934,0.0,0.45370862,8,simplekt
530023052988934,1.0,0.8998081,8,simplekt
530023052988934,1.0,0.95338154,8,simplekt
530023052988934,1.0,0.9999361,8,simplekt
530023052988934,1.0,0.96594983,8,simplekt
530023052988934,1.0,0.5661166,8,simplekt
530023052988934,1.0,0.77733505,8,simplekt
530023052988934,0.0,0.7824502,8,simplekt
530023052988934,0.0,0.40556014,8,simplekt
530023052988934,1.0,0.89729154,8,simplekt
530023052988934,1.0,0.935792,8,simplekt
530023052988934,1.0,0.9773906,8,simplekt
530023052988934,1.0,0.8727136,8,simplekt
530023052988934,1.0,0.99998236,8,simplekt
530023052988934,1.0,0.99992764,8,simplekt
530023052988934,1.0,0.9682281,8,simplekt
530023052988934,1.0,0.79149646,8,simplekt
530023052988934,1.0,0.7385936,8,simplekt
530023052988934,1.0,0.8954674,8,simplekt
530023052988934,1.0,0.63537365,8,simplekt
530023052988934,1.0,0.9563507,8,simplekt
530023052988934,0.0,0.5082336,8,simplekt
530023052988934,1.0,0.83314633,8,simplekt
530023052988934,1.0,0.9363898,8,simplekt
530023052988934,1.0,0.99996924,8,simplekt
1076069285247239,0.0,0.91331893,8,simplekt
1076069285247239,0.0,0.45982268,8,simplekt
1076069285247239,0.0,0.014722042,8,simplekt
1076069285247239,1.0,0.72134745,8,simplekt
1076069285247239,1.0,0.8207334,8,simplekt
1076069285247239,1.0,0.71766794,8,simplekt
1076069285247239,1.0,0.62532157,8,simplekt
1076069285247239,1.0,0.8101392,8,simplekt
1076069285247239,1.0,0.99998796,8,simplekt
1076069285247239,1.0,0.99998176,8,simplekt
1076069285247239,0.0,0.621625,8,simplekt
1076069285247239,0.0,1.7022703e-05,8,simplekt
1076069285247239,0.0,0.46868822,8,simplekt
1076069285247239,0.0,3.2175387e-06,8,simplekt
1076069285247239,0.0,0.47408628,8,simplekt
1076069285247239,0.0,0.65780795,8,simplekt
1076069285247239,1.0,0.93823874,8,simplekt
1076069285247239,1.0,0.81102604,8,simplekt
1076069285247239,0.0,0.05191215,8,simplekt
1076069285247239,0.0,0.21757185,8,simplekt
1076069285247239,1.0,0.7261521,8,simplekt
1076069285247239,1.0,0.9980354,8,simplekt
1076069285247239,1.0,0.67972386,8,simplekt
1076069285247239,1.0,0.7547444,8,simplekt
1076069285247239,1.0,0.91242486,8,simplekt
1076069285247239,1.0,0.9205648,8,simplekt
1076069285247239,1.0,0.60509247,8,simplekt
1076069285247239,1.0,0.61485636,8,simplekt
1076069285247239,0.0,0.6825678,8,simplekt
1076069285247239,1.0,0.5832219,8,simplekt
1076069285247239,0.0,0.84418607,8,simplekt
1076069285247239,1.0,0.4080507,8,simplekt
1076069285247239,1.0,0.96758795,8,simplekt
1076069285247239,0.0,0.6492308,8,simplekt
1076069285247239,1.0,0.83955413,8,simplekt
1076069285247239,0.0,0.7594551,8,simplekt
1076069285247239,1.0,0.78168595,8,simplekt
1076069285247239,1.0,0.8099143,8,simplekt
1076069285247239,1.0,0.6202437,8,simplekt
1076069285247239,0.0,0.53956,8,simplekt
1076069285247239,1.0,0.7490262,8,simplekt
1076069285247239,0.0,0.6812638,8,simplekt
1076069285247239,1.0,0.5905211,8,simplekt
1076069285247239,1.0,0.75228566,8,simplekt
1076069285247239,0.0,0.52385235,8,simplekt
1076069285247239,1.0,0.63253945,8,simplekt
1076069285247239,1.0,0.99998987,8,simplekt
1076069285247239,0.0,0.7417359,8,simplekt
1076069285247239,0.0,0.5122387,8,simplekt
1076069285247239,1.0,0.5088924,8,simplekt
1076069285247239,1.0,0.6022951,8,simplekt
1076069285247239,1.0,0.27144727,8,simplekt
1076069285247239,1.0,0.49195597,8,simplekt
1076069285247239,1.0,0.7393275,8,simplekt
1076069285247239,1.0,0.9999691,8,simplekt
1076069285247239,1.0,0.6738481,8,simplekt
1076069285247239,1.0,0.7201251,8,simplekt
1076069285247239,1.0,0.99994063,8,simplekt
1076069285247239,1.0,0.9669348,8,simplekt
1076069285247239,1.0,0.9157309,8,simplekt
1076069285247239,1.0,0.99999094,8,simplekt
1076069285247239,1.0,0.9198654,8,simplekt
1076069285247239,1.0,0.9999982,8,simplekt
1076069285247239,1.0,0.926402,8,simplekt
1076069285247239,1.0,0.9999814,8,simplekt
1076069285247239,0.0,0.8028152,8,simplekt
1076069285247239,0.0,3.2372618e-06,8,simplekt
1076069285247239,1.0,0.636276,8,simplekt
1076069285247239,1.0,0.99996793,8,simplekt
1076069285247239,1.0,0.74772495,8,simplekt
1076069285247239,0.0,0.7299586,8,simplekt
1076069285247239,0.0,0.6836416,8,simplekt
1076069285247239,1.0,0.3859905,8,simplekt
1076069285247239,1.0,0.99975437,8,simplekt
1076069285247239,0.0,0.7621154,8,simplekt
1076069285247239,0.0,2.4674796e-07,8,simplekt
1076069285247239,1.0,0.7038477,8,simplekt
1076069285247239,1.0,0.9848155,8,simplekt
1076069285247239,1.0,0.90196633,8,simplekt
1076069285247239,1.0,0.42367506,8,simplekt
1076069285247239,1.0,0.67332,8,simplekt
1076069285247239,1.0,0.8462857,8,simplekt
1076069285247239,1.0,0.80341977,8,simplekt
1076069285247239,1.0,0.9579855,8,simplekt
1076069285247239,0.0,0.5109701,8,simplekt
1076069285247239,1.0,0.5668591,8,simplekt
1076069285247239,1.0,0.94144446,8,simplekt
1076069285247239,1.0,0.99997437,8,simplekt
1076069285247239,1.0,0.9595632,8,simplekt
1076069285247239,1.0,0.99996865,8,simplekt
1076069285247239,1.0,0.95772564,8,simplekt
1076069285247239,1.0,0.9999794,8,simplekt
1076069285247239,1.0,0.9733387,8,simplekt
1076069285247239,1.0,0.99998105,8,simplekt
1076069285247239,0.0,0.6337146,8,simplekt
1076069285247239,0.0,0.4169197,8,simplekt
1076069285247239,1.0,0.43308312,8,simplekt
1076069285247239,1.0,0.9989807,8,simplekt
1076069285247239,1.0,0.5553711,8,simplekt
1076069285247239,1.0,0.83867395,8,simplekt
1076069285247239,1.0,0.82888156,8,simplekt
1076069285247239,1.0,0.99993086,8,simplekt
1076069285247239,1.0,0.8048826,8,simplekt
1076069285247239,1.0,0.99997187,8,simplekt
1076069285247239,0.0,0.87799895,8,simplekt
1076069285247239,0.0,8.136401e-06,8,simplekt
1076069285247239,0.0,0.47295767,8,simplekt
1076069285247239,1.0,0.6400359,8,simplekt
1076069285247239,1.0,0.8039234,8,simplekt
1076069285247239,1.0,0.9998709,8,simplekt
1076069285247239,1.0,0.9575956,8,simplekt
1076069285247239,1.0,0.96925384,8,simplekt
1076069285247239,0.0,0.61030984,8,simplekt
1076069285247239,0.0,0.56327426,8,simplekt
1076069285247239,0.0,0.7055931,8,simplekt
1076069285247239,1.0,0.7922611,8,simplekt
1076069285247239,1.0,0.6054628,8,simplekt
1076069285247239,1.0,0.764679,8,simplekt
1076069285247239,1.0,0.6194764,8,simplekt
1076069285247239,0.0,0.6166527,8,simplekt
1076069285247239,1.0,0.5516583,8,simplekt
1076069285247239,1.0,0.78131866,8,simplekt
1076069285247239,1.0,0.602955,8,simplekt
1076069285247239,0.0,0.6157697,8,simplekt
1076069285247239,1.0,0.7640984,8,simplekt
1076069285247239,1.0,0.9089448,8,simplekt
1076069285247239,1.0,0.9997483,8,simplekt
1076069285247239,0.0,0.32574183,8,simplekt
1076069285247239,1.0,0.8820904,8,simplekt
1076069285247239,1.0,0.7400446,8,simplekt
1076069285247239,1.0,0.87418413,8,simplekt
1076069285247239,1.0,0.685364,8,simplekt
1076069285247239,1.0,0.7188543,8,simplekt
1076069285247239,1.0,0.9712965,8,simplekt
1076069285247239,1.0,0.83561695,8,simplekt
1076069285247239,1.0,0.952393,8,simplekt
1076069285247239,1.0,0.90831363,8,simplekt
1076069285247239,1.0,0.9584994,8,simplekt
1076069285247239,1.0,0.9921261,8,simplekt
1076069285247239,1.0,0.96756494,8,simplekt
1076069285247239,1.0,0.98335165,8,simplekt
1076069285247239,1.0,0.9192841,8,simplekt
1076069285247239,1.0,0.7399894,8,simplekt
1076069285247239,1.0,0.77133304,8,simplekt
1076069285247239,1.0,0.68398815,8,simplekt
1076069285247239,1.0,0.99998057,8,simplekt
1076069285247239,1.0,0.9999999,8,simplekt
1076069285247239,1.0,1.0,8,simplekt
1076069285247239,1.0,1.0,8,simplekt
1076069285247239,1.0,0.9999945,8,simplekt
1076069285247239,1.0,0.87922025,8,simplekt
1076069285247239,0.0,0.8201012,8,simplekt
1076069285247239,1.0,0.49634948,8,simplekt
1076069285247239,0.0,0.27107754,8,simplekt
1076069285247239,0.0,0.5216666,8,simplekt
1076069285247239,0.0,0.6335486,8,simplekt
1076069285247239,0.0,0.6555533,8,simplekt
1076069285247239,0.0,0.5471897,8,simplekt
1076069285247239,0.0,0.42797843,8,simplekt
1076069285247239,1.0,0.7693082,8,simplekt
1076069285247239,1.0,0.9028233,8,simplekt
1076069285247239,0.0,0.25850436,8,simplekt
1076069285247239,0.0,0.49453434,8,simplekt
1076069285247239,1.0,0.26697043,8,simplekt
1076069285247239,1.0,0.85538214,8,simplekt
1076069285247239,1.0,0.71879256,8,simplekt
1076069285247239,1.0,0.6845544,8,simplekt
1076069285247239,1.0,0.9993327,8,simplekt
1076069285247239,1.0,0.7647363,8,simplekt
1076069285247239,1.0,0.99977535,8,simplekt
1076069285247239,0.0,0.74359775,8,simplekt
1076069285247239,0.0,0.55522656,8,simplekt
1076069285247239,0.0,0.78559554,8,simplekt
1076069285247239,1.0,0.87240076,8,simplekt
1076069285247239,1.0,0.91458076,8,simplekt
1076069285247239,1.0,0.5482017,8,simplekt
1076069285247239,1.0,0.6257431,8,simplekt
1076069285247239,1.0,1.0,8,simplekt
1076069285247239,0.0,0.9287489,8,simplekt
1076069285247239,0.0,6.0027156e-05,8,simplekt
1076069285247239,1.0,0.49631622,8,simplekt
1076069285247239,1.0,0.78938586,8,simplekt
1076069285247239,1.0,0.4833943,8,simplekt
1076069285247239,1.0,0.99661887,8,simplekt
1076069285247239,1.0,0.6154729,8,simplekt
1076069285247239,1.0,0.8017321,8,simplekt
1076069285247239,1.0,0.60018915,8,simplekt
1076069285247239,1.0,0.9975522,8,simplekt
1076069285247239,1.0,0.8165993,8,simplekt
1076069285247239,1.0,0.9996082,8,simplekt
1076069285247239,1.0,0.89304143,8,simplekt
1076069285247239,0.0,0.8046106,8,simplekt
1076069285247239,1.0,0.91411567,8,simplekt
1076069285247239,1.0,0.9993333,8,simplekt
1076069285247239,0.0,0.21480833,8,simplekt
1076069285247239,0.0,9.945558e-09,8,simplekt
1076069285247239,1.0,0.5656766,8,simplekt
1076069285247239,0.0,0.80067164,8,simplekt
1076069285247239,0.0,2.106474e-05,8,simplekt
11014044345147165,1.0,0.9256291,8,simplekt
11014044345147165,1.0,0.5645463,8,simplekt
11014044345147165,1.0,0.84937614,8,simplekt
11014044345147165,1.0,0.87484074,8,simplekt
11014044345147165,1.0,0.65517247,8,simplekt
11014044345147165,1.0,0.8512504,8,simplekt
11014044345147165,1.0,0.94832724,8,simplekt
11014044345147165,1.0,0.94704884,8,simplekt
11014044345147165,1.0,0.9252511,8,simplekt
11014044345147165,1.0,0.93574065,8,simplekt
11014044345147165,1.0,0.94705385,8,simplekt
11014044345147165,1.0,0.963039,8,simplekt
11014044345147165,1.0,0.9999844,8,simplekt
11014044345147165,0.0,0.65018827,8,simplekt
11014044345147165,0.0,0.005180123,8,simplekt
11014044345147165,0.0,0.7031679,8,simplekt
11014044345147165,1.0,0.9699074,8,simplekt
11014044345147165,1.0,0.999987,8,simplekt
11014044345147165,1.0,0.9556963,8,simplekt
11014044345147165,0.0,0.9224405,8,simplekt
11014044345147165,0.0,0.9421225,8,simplekt
11014044345147165,0.0,5.055482e-05,8,simplekt
11014044345147165,1.0,0.54642844,8,simplekt
11014044345147165,1.0,0.9999404,8,simplekt
11014044345147165,1.0,0.85864395,8,simplekt
11014044345147165,1.0,0.71339184,8,simplekt
11014044345147165,1.0,0.22547214,8,simplekt
11014044345147165,1.0,0.96353465,8,simplekt
11014044345147165,1.0,0.99994373,8,simplekt
11014044345147165,1.0,0.87074697,8,simplekt
11014044345147165,1.0,0.9050261,8,simplekt
11014044345147165,1.0,0.99997926,8,simplekt
11014044345147165,1.0,0.9704616,8,simplekt
11014044345147165,1.0,0.9794897,8,simplekt
11014044345147165,1.0,0.98039895,8,simplekt
11014044345147165,1.0,0.8321076,8,simplekt
11014044345147165,1.0,0.88157576,8,simplekt
11014044345147165,1.0,0.91844106,8,simplekt
11014044345147165,1.0,0.9926052,8,simplekt
11014044345147165,1.0,0.86364704,8,simplekt
11014044345147165,1.0,0.97478855,8,simplekt
11014044345147165,1.0,0.9897183,8,simplekt
11014044345147165,1.0,0.99414283,8,simplekt
11014044345147165,1.0,0.95617825,8,simplekt
11014044345147165,1.0,0.9386357,8,simplekt
11014044345147165,1.0,0.8477824,8,simplekt
11014044345147165,1.0,0.4403107,8,simplekt
11014044345147165,1.0,0.9115404,8,simplekt
11014044345147165,1.0,0.9846727,8,simplekt
11014044345147165,1.0,0.90052515,8,simplekt
11014044345147165,1.0,0.7827499,8,simplekt
11014044345147165,1.0,0.8882543,8,simplekt
11014044345147165,1.0,0.95337963,8,simplekt
11014044345147165,1.0,0.9763846,8,simplekt
11014044345147165,1.0,0.82703733,8,simplekt
11014044345147165,1.0,0.9585425,8,simplekt
11014044345147165,1.0,0.98098534,8,simplekt
11014044345147165,1.0,0.89175904,8,simplekt
11014044345147165,1.0,0.9369899,8,simplekt
11014044345147165,1.0,0.9329209,8,simplekt
11014044345147165,1.0,0.9999745,8,simplekt
11014044345147165,1.0,0.96690905,8,simplekt
11014044345147165,1.0,0.9799344,8,simplekt
11014044345147165,0.0,0.79312086,8,simplekt
11014044345147165,0.0,1.3550403e-05,8,simplekt
11014044345147165,1.0,0.8230409,8,simplekt
11014044345147165,1.0,0.7689283,8,simplekt
11014044345147165,1.0,0.49797884,8,simplekt
11014044345147165,1.0,0.6888488,8,simplekt
11014044345147165,1.0,0.97948384,8,simplekt
11014044345147165,1.0,0.9222174,8,simplekt
11014044345147165,1.0,0.8544804,8,simplekt
11014044345147165,1.0,0.9919159,8,simplekt
11014044345147165,1.0,0.9658104,8,simplekt
11014044345147165,1.0,0.9631689,8,simplekt
11014044345147165,1.0,0.9845292,8,simplekt
11014044345147165,1.0,0.9975775,8,simplekt
11014044345147165,1.0,0.9460138,8,simplekt
11014044345147165,1.0,0.87495315,8,simplekt
11014044345147165,1.0,0.9713637,8,simplekt
11014044345147165,1.0,0.97089136,8,simplekt
11014044345147165,1.0,0.8149705,8,simplekt
11014044345147165,1.0,0.9783005,8,simplekt
11014044345147165,1.0,0.99999726,8,simplekt
11014044345147165,1.0,0.9852765,8,simplekt
11014044345147165,1.0,0.8833107,8,simplekt
11014044345147165,1.0,0.8325791,8,simplekt
11014044345147165,1.0,0.96469736,8,simplekt
11014044345147165,1.0,0.9609854,8,simplekt
11014044345147165,1.0,0.999964,8,simplekt
11014044345147165,1.0,0.9323941,8,simplekt
11014044345147165,1.0,0.91617775,8,simplekt
11014044345147165,1.0,0.999995,8,simplekt
11014044345147165,1.0,0.55685353,8,simplekt
11014044345147165,1.0,0.9110555,8,simplekt
11014044345147165,1.0,0.9999584,8,simplekt
11014044345147165,1.0,0.98621446,8,simplekt
11014044345147165,1.0,0.9999913,8,simplekt
11014044345147165,1.0,0.96594906,8,simplekt
11014044345147165,1.0,0.99990964,8,simplekt
11014044345147165,1.0,0.911746,8,simplekt
11014044345147165,1.0,0.9583367,8,simplekt
11014044345147165,1.0,0.95509857,8,simplekt
11014044345147165,1.0,0.99994683,8,simplekt
11014044345147165,1.0,0.99999654,8,simplekt
11014044345147165,1.0,0.99999774,8,simplekt
11014044345147165,1.0,0.98990357,8,simplekt
11014044345147165,1.0,0.9690121,8,simplekt
11014044345147165,1.0,0.9917753,8,simplekt
11014044345147165,1.0,0.99997616,8,simplekt
11014044345147165,1.0,0.97437173,8,simplekt
11014044345147165,1.0,0.9750347,8,simplekt
11014044345147165,1.0,0.9308023,8,simplekt
11014044345147165,1.0,0.98767054,8,simplekt
11014044345147165,1.0,0.9842694,8,simplekt
11014044345147165,1.0,0.9765013,8,simplekt
11014044345147165,1.0,0.94685984,8,simplekt
11014044345147165,1.0,0.9515753,8,simplekt
11014044345147165,1.0,0.7485763,8,simplekt
11014044345147165,1.0,0.9941706,8,simplekt
11014044345147165,1.0,0.99836844,8,simplekt
11014044345147165,1.0,0.98792505,8,simplekt
11014044345147165,1.0,0.98616946,8,simplekt
11014044345147165,1.0,0.9758489,8,simplekt
11014044345147165,1.0,0.95361656,8,simplekt
11014044345147165,1.0,0.999985,8,simplekt
11014044345147165,1.0,0.9999975,8,simplekt
11014044345147165,1.0,0.9896885,8,simplekt
11014044345147165,1.0,0.8528992,8,simplekt
11014044345147165,1.0,0.99999,8,simplekt
11014044345147165,1.0,0.99999607,8,simplekt
11014044345147165,1.0,0.98665684,8,simplekt
11014044345147165,1.0,0.99999976,8,simplekt
11014044345147165,0.0,0.87876415,8,simplekt
11014044345147165,1.0,0.8000328,8,simplekt
11014044345147165,1.0,0.8555938,8,simplekt
11014044345147165,1.0,0.9565631,8,simplekt
11014044345147165,1.0,0.95509815,8,simplekt
11014044345147165,1.0,0.8077735,8,simplekt
11014044345147165,1.0,0.9844988,8,simplekt
11014044345147165,1.0,0.9809511,8,simplekt
11014044345147165,1.0,0.99036777,8,simplekt
11014044345147165,1.0,0.95488846,8,simplekt
11014044345147165,1.0,0.98135203,8,simplekt
11014044345147165,1.0,0.96945715,8,simplekt
11014044345147165,1.0,0.99968946,8,simplekt
11014044345147165,1.0,0.96374655,8,simplekt
11014044345147165,1.0,0.9999825,8,simplekt
11014044345147165,1.0,0.9931466,8,simplekt
11014044345147165,1.0,0.99748576,8,simplekt
11014044345147165,1.0,0.9753062,8,simplekt
11014044345147165,1.0,0.9999938,8,simplekt
11014044345147165,1.0,0.9843299,8,simplekt
11014044345147165,1.0,0.9960989,8,simplekt
11014044345147165,1.0,0.9655947,8,simplekt
11014044345147165,1.0,0.8284139,8,simplekt
11014044345147165,1.0,0.96532226,8,simplekt
11014044345147165,1.0,0.9998895,8,simplekt
11014044345147165,1.0,0.9999875,8,simplekt
11014044345147165,1.0,0.9933209,8,simplekt
11014044345147165,1.0,0.94125843,8,simplekt
11014044345147165,1.0,0.92871684,8,simplekt
11014044345147165,1.0,0.97622675,8,simplekt
11014044345147165,1.0,0.9784878,8,simplekt
11014044345147165,1.0,0.9997867,8,simplekt
11014044345147165,1.0,0.96353024,8,simplekt
11014044345147165,1.0,0.98404735,8,simplekt
11014044345147165,1.0,0.9997826,8,simplekt
11014044345147165,1.0,0.9649169,8,simplekt
11014044345147165,1.0,0.9891783,8,simplekt
11014044345147165,1.0,0.9881458,8,simplekt
11014044345147165,1.0,0.9999702,8,simplekt
11014044345147165,1.0,0.98176885,8,simplekt
11014044345147165,1.0,0.992303,8,simplekt
11014044345147165,1.0,0.74089646,8,simplekt
11014044345147165,1.0,0.99054646,8,simplekt
11014044345147165,1.0,0.9999753,8,simplekt
11014044345147165,1.0,0.7701794,8,simplekt
11014044345147165,1.0,0.8614265,8,simplekt
11014044345147165,1.0,0.95944434,8,simplekt
11014044345147165,1.0,0.9919314,8,simplekt
11014044345147165,1.0,0.99999774,8,simplekt
11014044345147165,1.0,0.9468368,8,simplekt
11014044345147165,1.0,0.9998087,8,simplekt
11014044345147165,1.0,0.9855574,8,simplekt
11014044345147165,1.0,0.99069315,8,simplekt
11014044345147165,1.0,0.9660682,8,simplekt
11014044345147165,1.0,0.9999956,8,simplekt
11014044345147165,1.0,0.9885765,8,simplekt
11014044345147165,1.0,0.9271032,8,simplekt
11014044345147165,1.0,0.9767486,8,simplekt
11014044345147165,1.0,0.9611725,8,simplekt
11014044345147165,1.0,0.99999166,8,simplekt
11014044345147165,1.0,0.97683835,8,simplekt
11014044345147165,1.0,0.96222174,8,simplekt
11014044345147165,1.0,0.9838508,8,simplekt
11014044345147165,1.0,0.98641986,8,simplekt
11014044345147165,1.0,0.97683626,8,simplekt
11014044345147165,1.0,0.98582757,8,simplekt
13416541380785019,0.0,0.60166585,8,simplekt
13416541380785019,1.0,0.63703334,8,simplekt
13416541380785019,1.0,0.8701131,8,simplekt
13416541380785019,1.0,0.52985346,8,simplekt
13416541380785019,0.0,0.3236785,8,simplekt
13416541380785019,0.0,0.16658787,8,simplekt
13416541380785019,0.0,0.03620096,8,simplekt
13416541380785019,1.0,0.67756927,8,simplekt
13416541380785019,1.0,0.83650684,8,simplekt
13416541380785019,1.0,0.9096262,8,simplekt
13416541380785019,1.0,0.94188046,8,simplekt
13416541380785019,1.0,0.6898551,8,simplekt
13416541380785019,1.0,0.99996793,8,simplekt
13416541380785019,1.0,0.9998473,8,simplekt
13416541380785019,1.0,0.8738872,8,simplekt
13416541380785019,1.0,0.7056117,8,simplekt
13416541380785019,0.0,0.6993842,8,simplekt
13416541380785019,1.0,0.8394961,8,simplekt
13416541380785019,1.0,0.65845823,8,simplekt
13416541380785019,0.0,0.7651494,8,simplekt
13416541380785019,1.0,0.39598376,8,simplekt
13416541380785019,0.0,0.6430594,8,simplekt
13416541380785019,0.0,0.011521838,8,simplekt
13416541380785019,1.0,0.86927813,8,simplekt
13416541380785019,1.0,0.81836563,8,simplekt
13416541380785019,1.0,0.861046,8,simplekt
13416541380785019,0.0,0.8134041,8,simplekt
13416541380785019,0.0,0.7075091,8,simplekt
13416541380785019,1.0,0.5494255,8,simplekt
13416541380785019,1.0,0.65926975,8,simplekt
13416541380785019,0.0,0.5255051,8,simplekt
13416541380785019,1.0,0.636189,8,simplekt
13416541380785019,1.0,0.7585618,8,simplekt
13416541380785019,1.0,0.53696114,8,simplekt
13416541380785019,1.0,0.46312547,8,simplekt
13416541380785019,1.0,0.73284805,8,simplekt
13416541380785019,1.0,0.832664,8,simplekt
13416541380785019,1.0,0.72070044,8,simplekt
13416541380785019,1.0,0.7409309,8,simplekt
13416541380785019,1.0,0.78529936,8,simplekt
13416541380785019,1.0,0.9235678,8,simplekt
13416541380785019,1.0,0.5370244,8,simplekt
13416541380785019,1.0,0.9294727,8,simplekt
13416541380785019,0.0,0.77474195,8,simplekt
13416541380785019,0.0,0.0009328302,8,simplekt
13416541380785019,1.0,0.77282387,8,simplekt
13416541380785019,1.0,0.99998283,8,simplekt
13416541380785019,0.0,0.93431914,8,simplekt
13416541380785019,0.0,5.1766365e-05,8,simplekt
13416541380785019,1.0,0.7024567,8,simplekt
13416541380785019,1.0,0.9999552,8,simplekt
13416541380785019,1.0,0.6631928,8,simplekt
13416541380785019,1.0,0.9999312,8,simplekt
13416541380785019,1.0,0.95747006,8,simplekt
13416541380785019,1.0,0.9999758,8,simplekt
13416541380785019,1.0,0.91949165,8,simplekt
13416541380785019,1.0,0.99998975,8,simplekt
13416541380785019,0.0,0.71794885,8,simplekt
13416541380785019,1.0,0.6476538,8,simplekt
13416541380785019,1.0,0.9999145,8,simplekt
13416541380785019,0.0,0.6666411,8,simplekt
13416541380785019,1.0,0.92247933,8,simplekt
13416541380785019,1.0,0.9999825,8,simplekt
13416541380785019,1.0,0.7103318,8,simplekt
13416541380785019,1.0,0.56964314,8,simplekt
13416541380785019,1.0,0.77765036,8,simplekt
13416541380785019,1.0,0.8515286,8,simplekt
13416541380785019,1.0,0.84666884,8,simplekt
13416541380785019,1.0,0.6646893,8,simplekt
13416541380785019,0.0,0.6298317,8,simplekt
13416541380785019,1.0,0.9389669,8,simplekt
13416541380785019,1.0,0.9759261,8,simplekt
13416541380785019,0.0,0.91140586,8,simplekt
13416541380785019,0.0,0.58139396,8,simplekt
13416541380785019,0.0,0.6538196,8,simplekt
13416541380785019,0.0,0.8644296,8,simplekt
13416541380785019,0.0,0.39450833,8,simplekt
13416541380785019,0.0,0.29321077,8,simplekt
13416541380785019,0.0,0.12323685,8,simplekt
13416541380785019,0.0,0.31503803,8,simplekt
13416541380785019,1.0,0.36021638,8,simplekt
13416541380785019,0.0,0.50620127,8,simplekt
13416541380785019,0.0,0.5018994,8,simplekt
13416541380785019,1.0,0.56264514,8,simplekt
13416541380785019,1.0,0.8506874,8,simplekt
13416541380785019,0.0,0.90816957,8,simplekt
13416541380785019,0.0,2.244309e-06,8,simplekt
13416541380785019,1.0,0.76183265,8,simplekt
13416541380785019,1.0,0.6645923,8,simplekt
13416541380785019,1.0,0.8169805,8,simplekt
13416541380785019,1.0,0.74460864,8,simplekt
13416541380785019,1.0,0.71540564,8,simplekt
13416541380785019,1.0,0.78157794,8,simplekt
13416541380785019,1.0,0.7593324,8,simplekt
13416541380785019,1.0,0.99996066,8,simplekt
13416541380785019,0.0,0.61602753,8,simplekt
13416541380785019,0.0,2.9510095e-06,8,simplekt
13416541380785019,0.0,0.5207485,8,simplekt
13416541380785019,0.0,1.3140259e-05,8,simplekt
13416541380785019,1.0,0.43949017,8,simplekt
13416541380785019,1.0,0.512185,8,simplekt
13416541380785019,1.0,0.9999256,8,simplekt
13416541380785019,1.0,0.9999472,8,simplekt
13416541380785019,1.0,0.6770606,8,simplekt
13416541380785019,1.0,0.99997854,8,simplekt
13416541380785019,1.0,0.9999565,8,simplekt
13416541380785019,1.0,0.64041036,8,simplekt
13416541380785019,1.0,0.45959643,8,simplekt
13416541380785019,0.0,0.7589429,8,simplekt
13416541380785019,1.0,0.3317603,8,simplekt
13416541380785019,1.0,0.9241983,8,simplekt
13416541380785019,1.0,0.93629396,8,simplekt
13416541380785019,1.0,0.8536947,8,simplekt
13416541380785019,1.0,0.95985186,8,simplekt
13416541380785019,1.0,0.7918681,8,simplekt
13416541380785019,1.0,0.8836246,8,simplekt
13416541380785019,1.0,0.99991477,8,simplekt
13416541380785019,1.0,0.37392154,8,simplekt
13416541380785019,1.0,0.9306158,8,simplekt
13416541380785019,1.0,0.7395264,8,simplekt
13416541380785019,1.0,0.99995553,8,simplekt
13416541380785019,1.0,0.94285315,8,simplekt
13416541380785019,1.0,0.9999895,8,simplekt
13416541380785019,1.0,0.9999925,8,simplekt
13416541380785019,0.0,0.69203,8,simplekt
13416541380785019,0.0,2.0827922e-07,8,simplekt
13416541380785019,1.0,0.96393627,8,simplekt
13416541380785019,1.0,0.99999726,8,simplekt
13416541380785019,1.0,0.9465237,8,simplekt
13416541380785019,1.0,0.9999949,8,simplekt
13416541380785019,1.0,0.7427672,8,simplekt
13416541380785019,1.0,0.8078504,8,simplekt
13416541380785019,1.0,0.68529755,8,simplekt
13416541380785019,1.0,0.5163875,8,simplekt
13416541380785019,0.0,0.93636966,8,simplekt
13416541380785019,1.0,0.536936,8,simplekt
13416541380785019,1.0,0.8624422,8,simplekt
13416541380785019,0.0,0.79081905,8,simplekt
13416541380785019,1.0,0.66716987,8,simplekt
13416541380785019,0.0,0.9226187,8,simplekt
13416541380785019,1.0,0.82722807,8,simplekt
13416541380785019,0.0,0.78890705,8,simplekt
13416541380785019,0.0,0.700982,8,simplekt
13416541380785019,0.0,0.86942303,8,simplekt
13416541380785019,1.0,0.640789,8,simplekt
13416541380785019,0.0,0.18830268,8,simplekt
13416541380785019,1.0,0.8358144,8,simplekt
13416541380785019,1.0,0.99993694,8,simplekt
13416541380785019,0.0,0.59518856,8,simplekt
13416541380785019,0.0,4.71803e-06,8,simplekt
13416541380785019,0.0,0.19124533,8,simplekt
13416541380785019,0.0,0.32843566,8,simplekt
13416541380785019,0.0,0.2516808,8,simplekt
13416541380785019,1.0,0.27985874,8,simplekt
13416541380785019,0.0,0.28802267,8,simplekt
13416541380785019,0.0,0.58874124,8,simplekt
13416541380785019,1.0,0.7226917,8,simplekt
13416541380785019,1.0,0.78504217,8,simplekt
13416541380785019,0.0,0.55394787,8,simplekt
13416541380785019,1.0,0.773214,8,simplekt
13416541380785019,1.0,0.8637742,8,simplekt
13416541380785019,1.0,0.9018044,8,simplekt
13416541380785019,1.0,0.4721198,8,simplekt
13416541380785019,0.0,0.5803466,8,simplekt
13416541380785019,0.0,4.5272657e-08,8,simplekt
13416541380785019,1.0,0.5313928,8,simplekt
13416541380785019,0.0,0.91506356,8,simplekt
13416541380785019,0.0,0.6171861,8,simplekt
13416541380785019,1.0,0.8652367,8,simplekt
13416541380785019,1.0,0.83660513,8,simplekt
13416541380785019,0.0,0.39663807,8,simplekt
13416541380785019,0.0,0.40620658,8,simplekt
13416541380785019,0.0,0.43869278,8,simplekt
13416541380785019,1.0,0.11595509,8,simplekt
13416541380785019,0.0,0.3544942,8,simplekt
13416541380785019,0.0,0.2806077,8,simplekt
13416541380785019,0.0,0.45388937,8,simplekt
13416541380785019,1.0,0.28698778,8,simplekt
13416541380785019,1.0,0.73715293,8,simplekt
13416541380785019,0.0,0.42574298,8,simplekt
13416541380785019,0.0,0.16777508,8,simplekt
13416541380785019,0.0,1.2736431e-05,8,simplekt
13416541380785019,0.0,0.22568217,8,simplekt
13416541380785019,1.0,0.18274048,8,simplekt
13416541380785019,1.0,0.68017757,8,simplekt
13416541380785019,1.0,0.6001125,8,simplekt
13416541380785019,0.0,0.5645956,8,simplekt
13416541380785019,1.0,0.525258,8,simplekt
13416541380785019,0.0,0.78736717,8,simplekt
13416541380785019,0.0,0.25218746,8,simplekt
13416541380785019,1.0,0.70146006,8,simplekt
13416541380785019,0.0,0.3944347,8,simplekt
13416541380785019,0.0,0.13155626,8,simplekt
13416541380785019,0.0,0.16733511,8,simplekt
13416541380785019,0.0,0.335893,8,simplekt
13416541380785019,1.0,0.4843565,8,simplekt
13416541380785019,1.0,0.36041352,8,simplekt
13416541380785019,1.0,0.6375521,8,simplekt
13416541380785019,1.0,0.99964595,8,simplekt
13621766976834353,1.0,0.52646077,8,simplekt
13621766976834353,1.0,0.724061,8,simplekt
13621766976834353,1.0,0.79310066,8,simplekt
13621766976834353,0.0,0.5936983,8,simplekt
13621766976834353,1.0,0.70931983,8,simplekt
13621766976834353,1.0,0.9999573,8,simplekt
13621766976834353,1.0,0.74198514,8,simplekt
13621766976834353,1.0,0.4406278,8,simplekt
13621766976834353,1.0,0.99974066,8,simplekt
13621766976834353,0.0,0.4008889,8,simplekt
13621766976834353,0.0,0.0037563452,8,simplekt
13621766976834353,0.0,0.25612563,8,simplekt
13621766976834353,1.0,0.11298004,8,simplekt
13621766976834353,1.0,0.8970749,8,simplekt
13621766976834353,1.0,0.9999831,8,simplekt
13621766976834353,1.0,0.92822623,8,simplekt
13621766976834353,1.0,0.99999785,8,simplekt
13621766976834353,1.0,0.9354475,8,simplekt
13621766976834353,1.0,0.99998534,8,simplekt
13621766976834353,1.0,0.83505714,8,simplekt
13621766976834353,1.0,0.99991965,8,simplekt
13621766976834353,1.0,0.8006418,8,simplekt
13621766976834353,1.0,0.9999927,8,simplekt
13621766976834353,1.0,0.8152027,8,simplekt
13621766976834353,1.0,0.789796,8,simplekt
13621766976834353,1.0,0.80252624,8,simplekt
13621766976834353,1.0,0.85814756,8,simplekt
13621766976834353,1.0,0.8471636,8,simplekt
13621766976834353,1.0,0.99999475,8,simplekt
13621766976834353,0.0,0.87019324,8,simplekt
13621766976834353,1.0,0.8268697,8,simplekt
13621766976834353,1.0,0.58774054,8,simplekt
13621766976834353,0.0,0.7559575,8,simplekt
13621766976834353,1.0,0.6934774,8,simplekt
13621766976834353,1.0,0.754204,8,simplekt
13621766976834353,1.0,0.8331804,8,simplekt
13621766976834353,1.0,0.9493747,8,simplekt
13621766976834353,0.0,0.78177184,8,simplekt
13621766976834353,0.0,0.025768543,8,simplekt
13621766976834353,1.0,0.8273248,8,simplekt
13621766976834353,1.0,0.8110031,8,simplekt
13621766976834353,1.0,0.70253253,8,simplekt
13621766976834353,1.0,0.7805568,8,simplekt
13621766976834353,1.0,0.9692359,8,simplekt
13621766976834353,1.0,0.9782396,8,simplekt
13621766976834353,1.0,0.98941797,8,simplekt
13621766976834353,1.0,0.9907953,8,simplekt
13621766976834353,1.0,0.95412505,8,simplekt
13621766976834353,1.0,0.77736753,8,simplekt
13621766976834353,1.0,0.8524725,8,simplekt
13621766976834353,1.0,0.9866449,8,simplekt
13621766976834353,1.0,0.8590983,8,simplekt
13621766976834353,1.0,0.97516066,8,simplekt
13621766976834353,1.0,0.8488142,8,simplekt
13621766976834353,1.0,0.9081334,8,simplekt
13621766976834353,1.0,0.7727493,8,simplekt
13621766976834353,1.0,0.858581,8,simplekt
13621766976834353,1.0,0.62617046,8,simplekt
13621766976834353,1.0,0.8934437,8,simplekt
13621766976834353,1.0,0.9636759,8,simplekt
13621766976834353,1.0,0.76457787,8,simplekt
13621766976834353,1.0,0.7979736,8,simplekt
13621766976834353,1.0,0.9094321,8,simplekt
13621766976834353,1.0,0.9430868,8,simplekt
13621766976834353,1.0,0.9784903,8,simplekt
13621766976834353,1.0,0.92135584,8,simplekt
13621766976834353,1.0,0.93980074,8,simplekt
13621766976834353,0.0,0.8949267,8,simplekt
13621766976834353,1.0,0.7304616,8,simplekt
13621766976834353,1.0,0.77201176,8,simplekt
13621766976834353,1.0,0.89266294,8,simplekt
13621766976834353,0.0,0.71752053,8,simplekt
13621766976834353,1.0,0.69855714,8,simplekt
13621766976834353,1.0,0.8530678,8,simplekt
13621766976834353,1.0,0.96180725,8,simplekt
13621766976834353,1.0,0.9999491,8,simplekt
13621766976834353,1.0,0.8829698,8,simplekt
13621766976834353,1.0,0.99981874,8,simplekt
13621766976834353,1.0,0.98214334,8,simplekt
13621766976834353,1.0,0.96293974,8,simplekt
13621766976834353,1.0,0.9522134,8,simplekt
13621766976834353,1.0,0.9659896,8,simplekt
13621766976834353,1.0,0.9929162,8,simplekt
13621766976834353,1.0,0.9745359,8,simplekt
13621766976834353,1.0,0.98482496,8,simplekt
13621766976834353,1.0,0.9370439,8,simplekt
13621766976834353,1.0,0.9752001,8,simplekt
13621766976834353,1.0,0.99995863,8,simplekt
13621766976834353,1.0,0.5687383,8,simplekt
13621766976834353,1.0,0.99988365,8,simplekt
13621766976834353,1.0,0.9999809,8,simplekt
13621766976834353,1.0,0.97426164,8,simplekt
13621766976834353,1.0,0.99999356,8,simplekt
13621766976834353,1.0,0.9999956,8,simplekt
13621766976834353,1.0,0.98404884,8,simplekt
13621766976834353,1.0,0.9999639,8,simplekt
13621766976834353,1.0,0.7909808,8,simplekt
13621766976834353,1.0,0.99990726,8,simplekt
13621766976834353,1.0,0.94105,8,simplekt
13621766976834353,1.0,0.99995995,8,simplekt
13621766976834353,1.0,0.9954744,8,simplekt
13621766976834353,1.0,0.9999902,8,simplekt
13621766976834353,0.0,0.60515785,8,simplekt
13621766976834353,1.0,0.8045566,8,simplekt
13621766976834353,1.0,0.8684524,8,simplekt
13621766976834353,1.0,0.9475052,8,simplekt
13621766976834353,0.0,0.8524301,8,simplekt
13621766976834353,0.0,3.6472827e-06,8,simplekt
13621766976834353,0.0,9.775798e-10,8,simplekt
13621766976834353,0.0,3.019202e-10,8,simplekt
13621766976834353,0.0,9.568797e-10,8,simplekt
13621766976834353,0.0,1.835593e-07,8,simplekt
13621766976834353,0.0,0.66498315,8,simplekt
13621766976834353,1.0,0.7616125,8,simplekt
13621766976834353,1.0,0.740692,8,simplekt
13621766976834353,0.0,0.6808828,8,simplekt
13621766976834353,1.0,0.33194482,8,simplekt
13621766976834353,0.0,0.37616044,8,simplekt
13621766976834353,1.0,0.86077124,8,simplekt
13621766976834353,1.0,0.999985,8,simplekt
13621766976834353,1.0,0.8257051,8,simplekt
13621766976834353,0.0,0.8041478,8,simplekt
13621766976834353,1.0,0.29594123,8,simplekt
13621766976834353,1.0,0.92205113,8,simplekt
13621766976834353,1.0,0.6092256,8,simplekt
13621766976834353,1.0,0.89135396,8,simplekt
13621766976834353,1.0,0.9805062,8,simplekt
13621766976834353,1.0,0.98158365,8,simplekt
13621766976834353,0.0,0.9141948,8,simplekt
13621766976834353,0.0,0.53081334,8,simplekt
13621766976834353,1.0,0.3943792,8,simplekt
13621766976834353,1.0,0.88536364,8,simplekt
13621766976834353,1.0,0.9243135,8,simplekt
13621766976834353,1.0,0.82062984,8,simplekt
13621766976834353,1.0,0.99999166,8,simplekt
13621766976834353,1.0,0.8067099,8,simplekt
13621766976834353,1.0,0.99999845,8,simplekt
13621766976834353,1.0,0.69380456,8,simplekt
13621766976834353,1.0,0.999997,8,simplekt
13621766976834353,1.0,0.7637882,8,simplekt
13621766976834353,1.0,0.9999931,8,simplekt
13621766976834353,1.0,0.8508818,8,simplekt
13621766976834353,1.0,0.99999297,8,simplekt
13621766976834353,1.0,0.7054727,8,simplekt
13621766976834353,1.0,0.99999225,8,simplekt
13621766976834353,1.0,0.77233297,8,simplekt
13621766976834353,1.0,0.99996424,8,simplekt
13621766976834353,1.0,0.8762934,8,simplekt
13621766976834353,1.0,0.99999416,8,simplekt
13621766976834353,1.0,0.9098,8,simplekt
13621766976834353,1.0,0.7913055,8,simplekt
13621766976834353,0.0,0.8509905,8,simplekt
13621766976834353,1.0,0.81429327,8,simplekt
13621766976834353,1.0,0.97603536,8,simplekt
13621766976834353,1.0,0.72835207,8,simplekt
13621766976834353,0.0,0.25505063,8,simplekt
13621766976834353,1.0,0.9582578,8,simplekt
13621766976834353,1.0,0.88574845,8,simplekt
13621766976834353,1.0,0.83663154,8,simplekt
13621766976834353,1.0,0.9504508,8,simplekt
13621766976834353,1.0,0.9599136,8,simplekt
13621766976834353,0.0,0.51574045,8,simplekt
13621766976834353,0.0,0.7059924,8,simplekt
13621766976834353,1.0,0.7079964,8,simplekt
13621766976834353,1.0,0.7273829,8,simplekt
13621766976834353,0.0,0.4920993,8,simplekt
13621766976834353,1.0,0.7273712,8,simplekt
13621766976834353,0.0,0.72798103,8,simplekt
13621766976834353,1.0,0.8824474,8,simplekt
13621766976834353,1.0,0.91459775,8,simplekt
13621766976834353,1.0,0.92659754,8,simplekt
13621766976834353,1.0,0.8914644,8,simplekt
13621766976834353,1.0,0.84705687,8,simplekt
13621766976834353,0.0,0.66950583,8,simplekt
13621766976834353,1.0,0.76660794,8,simplekt
13621766976834353,1.0,0.9996283,8,simplekt
13621766976834353,0.0,0.68412197,8,simplekt
13621766976834353,0.0,1.405817e-05,8,simplekt
13621766976834353,0.0,0.91199684,8,simplekt
13621766976834353,0.0,0.5892169,8,simplekt
13621766976834353,1.0,0.8805488,8,simplekt
13621766976834353,1.0,0.9999801,8,simplekt
13621766976834353,1.0,0.7314645,8,simplekt
13621766976834353,1.0,0.62344193,8,simplekt
13621766976834353,1.0,0.69640297,8,simplekt
13621766976834353,1.0,0.7245069,8,simplekt
13621766976834353,1.0,0.81051797,8,simplekt
13621766976834353,1.0,0.7711062,8,simplekt
13621766976834353,1.0,0.99994254,8,simplekt
13621766976834353,1.0,0.6572734,8,simplekt
13621766976834353,1.0,0.99987936,8,simplekt
13621766976834353,0.0,0.7119253,8,simplekt
13621766976834353,1.0,0.8738741,8,simplekt
13621766976834353,1.0,0.9998653,8,simplekt
13621766976834353,1.0,0.8499787,8,simplekt
13621766976834353,1.0,0.92789596,8,simplekt
13621766976834353,0.0,0.89159405,8,simplekt
13621766976834353,0.0,0.0001242179,8,simplekt
13621766976834353,1.0,0.7866229,8,simplekt
15704075069679258,0.0,0.9161653,8,simplekt
15704075069679258,0.0,0.67062795,8,simplekt
15704075069679258,0.0,0.9136871,8,simplekt
15704075069679258,0.0,0.67733973,8,simplekt
15704075069679258,0.0,0.12112282,8,simplekt
15704075069679258,0.0,0.30642653,8,simplekt
15704075069679258,1.0,0.22374652,8,simplekt
15704075069679258,0.0,0.2105935,8,simplekt
15704075069679258,1.0,0.2554501,8,simplekt
15704075069679258,1.0,0.5550068,8,simplekt
15704075069679258,0.0,0.34992915,8,simplekt
15704075069679258,0.0,0.26035306,8,simplekt
15704075069679258,0.0,0.70352143,8,simplekt
15704075069679258,1.0,0.5073492,8,simplekt
15704075069679258,1.0,0.8764785,8,simplekt
15704075069679258,1.0,0.81121796,8,simplekt
15704075069679258,1.0,0.99999666,8,simplekt
15704075069679258,0.0,0.549485,8,simplekt
15704075069679258,0.0,0.14828168,8,simplekt
15704075069679258,0.0,0.40728092,8,simplekt
15704075069679258,1.0,0.46364918,8,simplekt
15704075069679258,1.0,0.94358146,8,simplekt
15704075069679258,1.0,0.5970573,8,simplekt
15704075069679258,1.0,0.76037705,8,simplekt
15704075069679258,1.0,0.8861929,8,simplekt
15704075069679258,0.0,0.47748432,8,simplekt
15704075069679258,0.0,0.52376735,8,simplekt
15704075069679258,1.0,0.57093966,8,simplekt
15704075069679258,1.0,0.79417664,8,simplekt
15704075069679258,1.0,0.7798382,8,simplekt
15704075069679258,1.0,0.9185953,8,simplekt
15704075069679258,1.0,0.987432,8,simplekt
15704075069679258,1.0,0.75623053,8,simplekt
15704075069679258,0.0,0.54764926,8,simplekt
15704075069679258,1.0,0.8202824,8,simplekt
15704075069679258,1.0,0.9999958,8,simplekt
15704075069679258,1.0,0.72376794,8,simplekt
15704075069679258,1.0,0.5594942,8,simplekt
15704075069679258,0.0,0.2247193,8,simplekt
15704075069679258,1.0,0.60850215,8,simplekt
15704075069679258,1.0,0.8104206,8,simplekt
15704075069679258,1.0,0.77629083,8,simplekt
15704075069679258,0.0,0.22603941,8,simplekt
15704075069679258,0.0,0.21197939,8,simplekt
15704075069679258,0.0,0.21737443,8,simplekt
15704075069679258,0.0,3.50806e-06,8,simplekt
15704075069679258,0.0,0.5724399,8,simplekt
15704075069679258,1.0,0.3644969,8,simplekt
15704075069679258,0.0,0.7867205,8,simplekt
15704075069679258,0.0,0.5960885,8,simplekt
15704075069679258,0.0,3.2297805e-06,8,simplekt
15704075069679258,0.0,0.22199802,8,simplekt
15704075069679258,1.0,0.8153179,8,simplekt
15704075069679258,1.0,0.45251396,8,simplekt
15704075069679258,0.0,0.5315131,8,simplekt
15704075069679258,0.0,4.4988855e-07,8,simplekt
15704075069679258,1.0,0.3747659,8,simplekt
15704075069679258,0.0,0.5921614,8,simplekt
15704075069679258,0.0,0.20602307,8,simplekt
15704075069679258,0.0,0.002439039,8,simplekt
15704075069679258,0.0,0.57472,8,simplekt
15704075069679258,0.0,0.483327,8,simplekt
15704075069679258,0.0,0.43324167,8,simplekt
15704075069679258,0.0,0.43922356,8,simplekt
15704075069679258,0.0,0.14164609,8,simplekt
15704075069679258,0.0,0.25822172,8,simplekt
15704075069679258,0.0,0.30440357,8,simplekt
15704075069679258,0.0,7.2518847e-06,8,simplekt
15704075069679258,0.0,0.08997687,8,simplekt
15704075069679258,0.0,0.046407603,8,simplekt
15704075069679258,0.0,0.018781587,8,simplekt
15704075069679258,0.0,0.02694366,8,simplekt
15704075069679258,0.0,0.23481813,8,simplekt
15704075069679258,0.0,0.027938403,8,simplekt
15704075069679258,0.0,0.1933286,8,simplekt
15704075069679258,0.0,0.09188973,8,simplekt
15704075069679258,0.0,6.8008596e-08,8,simplekt
15704075069679258,1.0,0.27027008,8,simplekt
15704075069679258,1.0,0.64153206,8,simplekt
15704075069679258,0.0,0.72800726,8,simplekt
15704075069679258,0.0,6.180565e-05,8,simplekt
15704075069679258,1.0,0.2930348,8,simplekt
15704075069679258,1.0,0.99954516,8,simplekt
15704075069679258,1.0,0.99998057,8,simplekt
15704075069679258,1.0,0.99998426,8,simplekt
15704075069679258,1.0,0.81434196,8,simplekt
15704075069679258,0.0,0.64522105,8,simplekt
15704075069679258,0.0,0.7932677,8,simplekt
15704075069679258,0.0,1.13113714e-07,8,simplekt
15704075069679258,1.0,0.49275884,8,simplekt
15704075069679258,0.0,0.16323048,8,simplekt
15704075069679258,0.0,0.4213338,8,simplekt
15704075069679258,0.0,0.125371,8,simplekt
15704075069679258,0.0,0.39364883,8,simplekt
15704075069679258,1.0,0.051703896,8,simplekt
15704075069679258,1.0,0.38244125,8,simplekt
15704075069679258,0.0,0.38452533,8,simplekt
15704075069679258,0.0,0.1788721,8,simplekt
15704075069679258,1.0,0.10817453,8,simplekt
15704075069679258,0.0,0.40983525,8,simplekt
15704075069679258,1.0,0.48324203,8,simplekt
15704075069679258,1.0,0.5933485,8,simplekt
15704075069679258,0.0,0.7631871,8,simplekt
15704075069679258,0.0,1.5531439e-06,8,simplekt
15704075069679258,1.0,0.4961957,8,simplekt
15704075069679258,1.0,0.7911966,8,simplekt
15704075069679258,1.0,0.9257072,8,simplekt
15704075069679258,0.0,0.8210269,8,simplekt
15704075069679258,0.0,0.19256234,8,simplekt
15704075069679258,0.0,0.07168607,8,simplekt
15704075069679258,0.0,0.011000796,8,simplekt
15704075069679258,0.0,5.2763744e-07,8,simplekt
15704075069679258,0.0,5.2366664e-07,8,simplekt
15704075069679258,0.0,0.031703807,8,simplekt
15704075069679258,0.0,3.7771719e-07,8,simplekt
15704075069679258,1.0,0.120220095,8,simplekt
15704075069679258,0.0,0.04875762,8,simplekt
15704075069679258,0.0,3.1590469e-07,8,simplekt
15704075069679258,0.0,7.987047e-07,8,simplekt
15704075069679258,1.0,0.08050543,8,simplekt
15704075069679258,1.0,0.999997,8,simplekt
15704075069679258,0.0,0.47135073,8,simplekt
15704075069679258,0.0,0.21961638,8,simplekt
15704075069679258,0.0,0.075617634,8,simplekt
15704075069679258,0.0,0.02648226,8,simplekt
15704075069679258,0.0,0.44801262,8,simplekt
15704075069679258,1.0,0.31097624,8,simplekt
15704075069679258,0.0,0.0062322426,8,simplekt
15704075069679258,0.0,0.42232051,8,simplekt
15704075069679258,0.0,0.11750806,8,simplekt
15704075069679258,0.0,0.060126796,8,simplekt
15704075069679258,0.0,0.0025241722,8,simplekt
15704075069679258,0.0,0.012568257,8,simplekt
15704075069679258,0.0,0.08057384,8,simplekt
15704075069679258,0.0,2.2112386e-06,8,simplekt
15704075069679258,0.0,0.042458676,8,simplekt
15704075069679258,0.0,0.044182435,8,simplekt
15704075069679258,0.0,1.762915e-05,8,simplekt
15704075069679258,0.0,0.077711396,8,simplekt
15704075069679258,0.0,0.013941301,8,simplekt
15704075069679258,1.0,0.8724308,8,simplekt
15704075069679258,1.0,0.30659613,8,simplekt
15704075069679258,1.0,0.5425534,8,simplekt
15704075069679258,1.0,0.50261915,8,simplekt
15704075069679258,1.0,0.47015896,8,simplekt
15704075069679258,1.0,0.47011143,8,simplekt
15704075069679258,1.0,0.71397656,8,simplekt
15704075069679258,1.0,0.7494247,8,simplekt
15704075069679258,1.0,0.9101917,8,simplekt
15704075069679258,1.0,0.94947535,8,simplekt
15704075069679258,1.0,0.93549794,8,simplekt
15704075069679258,1.0,0.99999714,8,simplekt
15704075069679258,1.0,0.84847724,8,simplekt
15704075069679258,0.0,0.71295875,8,simplekt
15704075069679258,1.0,0.4525464,8,simplekt
15704075069679258,1.0,0.5368044,8,simplekt
15704075069679258,0.0,0.37184238,8,simplekt
15704075069679258,1.0,0.66870534,8,simplekt
15704075069679258,1.0,0.17029269,8,simplekt
15704075069679258,1.0,0.6192603,8,simplekt
15704075069679258,1.0,0.96714926,8,simplekt
15704075069679258,1.0,0.99999905,8,simplekt
15704075069679258,1.0,0.99999034,8,simplekt
15704075069679258,1.0,0.99998033,8,simplekt
15704075069679258,1.0,0.45986357,8,simplekt
15704075069679258,0.0,0.33764744,8,simplekt
15704075069679258,1.0,0.52484906,8,simplekt
15704075069679258,1.0,0.99984705,8,simplekt
15704075069679258,1.0,0.75969243,8,simplekt
15704075069679258,1.0,0.50481975,8,simplekt
15704075069679258,0.0,0.54827017,8,simplekt
15704075069679258,0.0,0.34610474,8,simplekt
15704075069679258,0.0,0.18050838,8,simplekt
15704075069679258,0.0,0.00019889504,8,simplekt
15704075069679258,1.0,0.18943304,8,simplekt
15704075069679258,1.0,0.87179387,8,simplekt
15704075069679258,0.0,0.39114714,8,simplekt
15704075069679258,1.0,0.62277484,8,simplekt
15704075069679258,0.0,0.57925737,8,simplekt
15704075069679258,0.0,3.3931158e-06,8,simplekt
15704075069679258,0.0,0.15990362,8,simplekt
15704075069679258,0.0,0.36049098,8,simplekt
15704075069679258,1.0,0.5960649,8,simplekt
15704075069679258,1.0,0.78917336,8,simplekt
15704075069679258,1.0,0.7639856,8,simplekt
15704075069679258,0.0,0.58546436,8,simplekt
15704075069679258,0.0,0.00023236204,8,simplekt
15704075069679258,1.0,0.56943464,8,simplekt
15704075069679258,0.0,0.3534024,8,simplekt
15704075069679258,0.0,1.8046001e-05,8,simplekt
15704075069679258,0.0,0.019097958,8,simplekt
15704075069679258,1.0,0.19551511,8,simplekt
15704075069679258,1.0,0.9996087,8,simplekt
15704075069679258,1.0,0.6585851,8,simplekt
15704075069679258,1.0,0.5772441,8,simplekt
15704075069679258,1.0,0.52481073,8,simplekt
15704075069679258,1.0,0.9999591,8,simplekt
15704075069679258,1.0,0.69914967,8,simplekt
15704075069679258,1.0,0.9355005,8,simplekt
15815461509674959,1.0,0.67046094,8,simplekt
15815461509674959,1.0,0.8802557,8,simplekt
15815461509674959,0.0,0.9844454,8,simplekt
15815461509674959,1.0,0.7885058,8,simplekt
15815461509674959,1.0,0.87777346,8,simplekt
15815461509674959,1.0,0.88800704,8,simplekt
15815461509674959,1.0,0.96731526,8,simplekt
15815461509674959,1.0,0.9947973,8,simplekt
15815461509674959,1.0,0.91294265,8,simplekt
15815461509674959,1.0,0.8734618,8,simplekt
15815461509674959,1.0,0.9728143,8,simplekt
15815461509674959,1.0,0.9746756,8,simplekt
15815461509674959,0.0,0.7155919,8,simplekt
15815461509674959,1.0,0.3304925,8,simplekt
15815461509674959,1.0,0.83926743,8,simplekt
15815461509674959,1.0,0.76111335,8,simplekt
15815461509674959,0.0,0.7029247,8,simplekt
15815461509674959,1.0,0.52359235,8,simplekt
15815461509674959,1.0,0.61871094,8,simplekt
15815461509674959,1.0,0.9610615,8,simplekt
15815461509674959,1.0,0.9999821,8,simplekt
15815461509674959,1.0,0.97517866,8,simplekt
15815461509674959,0.0,0.90729594,8,simplekt
15815461509674959,1.0,0.57580924,8,simplekt
15815461509674959,1.0,0.846555,8,simplekt
15815461509674959,1.0,0.9679597,8,simplekt
15815461509674959,1.0,0.98862725,8,simplekt
15815461509674959,1.0,0.99998677,8,simplekt
15815461509674959,1.0,0.9691451,8,simplekt
15815461509674959,0.0,0.85461825,8,simplekt
15815461509674959,0.0,0.78683746,8,simplekt
15815461509674959,1.0,0.6729096,8,simplekt
15815461509674959,1.0,0.5696514,8,simplekt
15815461509674959,0.0,0.43354103,8,simplekt
15815461509674959,0.0,0.33759695,8,simplekt
15815461509674959,1.0,0.27776054,8,simplekt
15815461509674959,1.0,0.9999391,8,simplekt
15815461509674959,0.0,0.68753594,8,simplekt
15815461509674959,0.0,0.59203315,8,simplekt
15815461509674959,0.0,0.17507695,8,simplekt
15815461509674959,0.0,0.54878557,8,simplekt
15815461509674959,1.0,0.8857756,8,simplekt
15815461509674959,0.0,0.8493472,8,simplekt
15815461509674959,1.0,0.7131892,8,simplekt
15815461509674959,0.0,0.86400944,8,simplekt
15815461509674959,1.0,0.6865759,8,simplekt
15815461509674959,1.0,0.6093805,8,simplekt
15815461509674959,1.0,0.67867434,8,simplekt
15815461509674959,1.0,0.99999523,8,simplekt
15815461509674959,1.0,0.72827697,8,simplekt
15815461509674959,1.0,0.85498774,8,simplekt
15815461509674959,1.0,0.82458997,8,simplekt
15815461509674959,0.0,0.3881991,8,simplekt
15815461509674959,1.0,0.80904996,8,simplekt
15815461509674959,0.0,0.52554005,8,simplekt
15815461509674959,0.0,0.819331,8,simplekt
15815461509674959,0.0,0.32603487,8,simplekt
15815461509674959,0.0,0.67090935,8,simplekt
15815461509674959,1.0,0.49719882,8,simplekt
15815461509674959,0.0,0.18547644,8,simplekt
15815461509674959,1.0,0.6753507,8,simplekt
15815461509674959,1.0,0.8256045,8,simplekt
15815461509674959,1.0,0.9999918,8,simplekt
15815461509674959,1.0,0.85949224,8,simplekt
15815461509674959,1.0,0.8702736,8,simplekt
15815461509674959,1.0,0.91762024,8,simplekt
15815461509674959,1.0,0.93092304,8,simplekt
15815461509674959,1.0,0.8823771,8,simplekt
15815461509674959,1.0,0.8755902,8,simplekt
15815461509674959,1.0,0.958775,8,simplekt
15815461509674959,1.0,0.8121995,8,simplekt
15815461509674959,1.0,0.99993587,8,simplekt
15815461509674959,1.0,0.638374,8,simplekt
15815461509674959,0.0,0.78221065,8,simplekt
15815461509674959,0.0,7.954414e-07,8,simplekt
15815461509674959,1.0,0.7797248,8,simplekt
15815461509674959,1.0,0.99997747,8,simplekt
15815461509674959,1.0,0.85316247,8,simplekt
15815461509674959,1.0,0.99988353,8,simplekt
15815461509674959,0.0,0.19715486,8,simplekt
15815461509674959,1.0,0.15896912,8,simplekt
15815461509674959,1.0,0.999736,8,simplekt
15815461509674959,0.0,0.2702809,8,simplekt
15815461509674959,0.0,0.79415107,8,simplekt
15815461509674959,0.0,0.5095189,8,simplekt
15815461509674959,0.0,0.41357836,8,simplekt
15815461509674959,0.0,2.9923456e-06,8,simplekt
15815461509674959,0.0,0.46711484,8,simplekt
15815461509674959,0.0,4.9257307e-07,8,simplekt
15815461509674959,0.0,1.3224138e-08,8,simplekt
15815461509674959,0.0,6.560188e-08,8,simplekt
15815461509674959,1.0,0.6286001,8,simplekt
15815461509674959,0.0,0.50265825,8,simplekt
15815461509674959,1.0,0.5150003,8,simplekt
15815461509674959,1.0,0.9999949,8,simplekt
15815461509674959,1.0,0.827563,8,simplekt
15815461509674959,1.0,0.96718997,8,simplekt
15815461509674959,1.0,0.9881121,8,simplekt
15815461509674959,1.0,0.91660386,8,simplekt
15815461509674959,1.0,0.9339925,8,simplekt
15815461509674959,1.0,0.91478,8,simplekt
15815461509674959,1.0,0.9363799,8,simplekt
15815461509674959,1.0,0.9999727,8,simplekt
15815461509674959,1.0,0.9999951,8,simplekt
15815461509674959,1.0,0.922153,8,simplekt
15815461509674959,1.0,0.9999962,8,simplekt
15815461509674959,1.0,0.9924528,8,simplekt
15815461509674959,1.0,0.9190872,8,simplekt
15815461509674959,1.0,0.9999802,8,simplekt
15815461509674959,1.0,0.9999951,8,simplekt
15815461509674959,1.0,0.97129816,8,simplekt
15815461509674959,1.0,0.9999999,8,simplekt
15815461509674959,0.0,0.6011944,8,simplekt
15815461509674959,0.0,0.61025685,8,simplekt
15815461509674959,0.0,0.44452286,8,simplekt
15815461509674959,1.0,0.6561414,8,simplekt
15815461509674959,1.0,0.72242737,8,simplekt
15815461509674959,0.0,0.84567463,8,simplekt
15815461509674959,1.0,0.93205595,8,simplekt
15815461509674959,1.0,0.9459113,8,simplekt
15815461509674959,1.0,0.9702775,8,simplekt
15815461509674959,1.0,0.98056704,8,simplekt
15815461509674959,1.0,0.9999628,8,simplekt
15815461509674959,1.0,0.96879095,8,simplekt
15815461509674959,1.0,0.900259,8,simplekt
15815461509674959,1.0,0.91156304,8,simplekt
15815461509674959,1.0,0.9741675,8,simplekt
15815461509674959,1.0,0.8946247,8,simplekt
15815461509674959,1.0,0.9934122,8,simplekt
15815461509674959,1.0,0.82240045,8,simplekt
15815461509674959,1.0,0.9562252,8,simplekt
15815461509674959,1.0,0.99689734,8,simplekt
15815461509674959,1.0,0.99999905,8,simplekt
15815461509674959,1.0,0.9999925,8,simplekt
15815461509674959,1.0,0.9999933,8,simplekt
15815461509674959,1.0,0.9307996,8,simplekt
15815461509674959,0.0,0.33552206,8,simplekt
15815461509674959,1.0,0.47907797,8,simplekt
15815461509674959,1.0,0.30174318,8,simplekt
15815461509674959,1.0,0.40312162,8,simplekt
15815461509674959,0.0,0.62012744,8,simplekt
15815461509674959,1.0,0.8691704,8,simplekt
15815461509674959,1.0,0.98444855,8,simplekt
15815461509674959,1.0,0.8760425,8,simplekt
15815461509674959,0.0,0.71914417,8,simplekt
15815461509674959,0.0,0.57535833,8,simplekt
15815461509674959,0.0,0.5670487,8,simplekt
15815461509674959,0.0,2.6917676e-06,8,simplekt
15815461509674959,0.0,4.1260483e-07,8,simplekt
15815461509674959,0.0,0.6772208,8,simplekt
15815461509674959,0.0,3.0170113e-06,8,simplekt
15815461509674959,0.0,2.1285516e-07,8,simplekt
15815461509674959,0.0,0.5513507,8,simplekt
15815461509674959,0.0,0.27901337,8,simplekt
15815461509674959,0.0,0.16086346,8,simplekt
15815461509674959,1.0,0.75511426,8,simplekt
15815461509674959,1.0,0.79156667,8,simplekt
15815461509674959,1.0,0.99972564,8,simplekt
15815461509674959,1.0,0.88171536,8,simplekt
15815461509674959,1.0,0.999995,8,simplekt
15815461509674959,1.0,0.96548593,8,simplekt
15815461509674959,1.0,0.9865781,8,simplekt
15815461509674959,1.0,0.8975973,8,simplekt
15815461509674959,1.0,0.99999535,8,simplekt
15815461509674959,1.0,0.9624545,8,simplekt
15815461509674959,1.0,0.9735743,8,simplekt
15815461509674959,1.0,0.8399249,8,simplekt
15815461509674959,0.0,0.70755833,8,simplekt
15815461509674959,1.0,0.6103015,8,simplekt
15815461509674959,0.0,0.42204836,8,simplekt
15815461509674959,1.0,0.72749466,8,simplekt
15815461509674959,1.0,0.9999168,8,simplekt
15815461509674959,1.0,0.9077827,8,simplekt
15815461509674959,1.0,0.75050056,8,simplekt
15815461509674959,0.0,0.8507951,8,simplekt
15815461509674959,0.0,0.5610714,8,simplekt
15815461509674959,1.0,0.7224416,8,simplekt
15815461509674959,1.0,0.88787514,8,simplekt
15815461509674959,1.0,0.93387306,8,simplekt
15815461509674959,1.0,0.9278664,8,simplekt
15815461509674959,1.0,0.9999856,8,simplekt
15815461509674959,1.0,0.7970541,8,simplekt
15815461509674959,1.0,0.6509939,8,simplekt
15815461509674959,1.0,0.61078095,8,simplekt
15815461509674959,1.0,0.7757321,8,simplekt
15815461509674959,1.0,0.35295185,8,simplekt
15815461509674959,1.0,0.99995434,8,simplekt
15815461509674959,0.0,0.48095295,8,simplekt
15815461509674959,0.0,0.2272006,8,simplekt
15815461509674959,0.0,0.79047906,8,simplekt
15815461509674959,0.0,1.4978181e-05,8,simplekt
15815461509674959,1.0,0.4232657,8,simplekt
15815461509674959,1.0,0.9994741,8,simplekt
15815461509674959,1.0,0.74737865,8,simplekt
15815461509674959,1.0,0.92835015,8,simplekt
15815461509674959,1.0,0.9577727,8,simplekt
15815461509674959,1.0,0.99991655,8,simplekt
15815461509674959,0.0,0.75583756,8,simplekt
15815461509674959,0.0,0.6021778,8,simplekt
18921701515480394,0.0,1.5463333e-05,8,simplekt
18921701515480394,1.0,0.5587247,8,simplekt
18921701515480394,0.0,0.8355739,8,simplekt
18921701515480394,1.0,0.3262944,8,simplekt
18921701515480394,0.0,0.5679656,8,simplekt
18921701515480394,0.0,0.39241433,8,simplekt
18921701515480394,1.0,0.5576697,8,simplekt
18921701515480394,0.0,0.21855988,8,simplekt
18921701515480394,1.0,0.20978327,8,simplekt
18921701515480394,1.0,0.68086135,8,simplekt
18921701515480394,0.0,0.7411947,8,simplekt
18921701515480394,1.0,0.56710553,8,simplekt
18921701515480394,1.0,0.79048544,8,simplekt
18921701515480394,1.0,0.8453733,8,simplekt
18921701515480394,1.0,0.7219279,8,simplekt
18921701515480394,1.0,0.8816236,8,simplekt
18921701515480394,1.0,0.9998832,8,simplekt
18921701515480394,1.0,0.78931606,8,simplekt
18921701515480394,1.0,0.577368,8,simplekt
18921701515480394,0.0,0.86482376,8,simplekt
18921701515480394,1.0,0.62702215,8,simplekt
18921701515480394,0.0,0.7688268,8,simplekt
18921701515480394,0.0,0.015235424,8,simplekt
18921701515480394,0.0,0.0827237,8,simplekt
18921701515480394,0.0,2.3905628e-05,8,simplekt
18921701515480394,0.0,0.15081249,8,simplekt
18921701515480394,0.0,0.0007771675,8,simplekt
18921701515480394,0.0,0.42188594,8,simplekt
18921701515480394,0.0,0.25453305,8,simplekt
18921701515480394,1.0,0.7542572,8,simplekt
18921701515480394,1.0,0.53966886,8,simplekt
18921701515480394,1.0,0.82393414,8,simplekt
18921701515480394,1.0,0.61871904,8,simplekt
18921701515480394,1.0,0.52556324,8,simplekt
18921701515480394,1.0,0.7378435,8,simplekt
18921701515480394,1.0,0.9124995,8,simplekt
18921701515480394,1.0,0.55841404,8,simplekt
18921701515480394,0.0,0.33655554,8,simplekt
18921701515480394,0.0,0.2143534,8,simplekt
18921701515480394,1.0,0.754979,8,simplekt
18921701515480394,1.0,0.7789741,8,simplekt
18921701515480394,1.0,0.7507729,8,simplekt
18921701515480394,1.0,0.68246865,8,simplekt
18921701515480394,1.0,0.9997739,8,simplekt
18921701515480394,1.0,0.9131198,8,simplekt
18921701515480394,1.0,0.49879733,8,simplekt
18921701515480394,1.0,0.9909197,8,simplekt
18921701515480394,0.0,0.9477125,8,simplekt
18921701515480394,0.0,0.7334871,8,simplekt
18921701515480394,1.0,0.7174023,8,simplekt
18921701515480394,1.0,0.92519325,8,simplekt
18921701515480394,1.0,0.8730623,8,simplekt
18921701515480394,0.0,0.6225563,8,simplekt
18921701515480394,1.0,0.6892812,8,simplekt
18921701515480394,1.0,0.4015817,8,simplekt
18921701515480394,1.0,0.5795261,8,simplekt
18921701515480394,1.0,0.9999157,8,simplekt
18921701515480394,1.0,0.69169855,8,simplekt
18921701515480394,0.0,0.68460196,8,simplekt
18921701515480394,0.0,0.5709093,8,simplekt
18921701515480394,0.0,0.18930604,8,simplekt
18921701515480394,1.0,0.7780902,8,simplekt
18921701515480394,1.0,0.6825054,8,simplekt
18921701515480394,1.0,0.8479105,8,simplekt
18921701515480394,1.0,0.93009186,8,simplekt
18921701515480394,1.0,0.86920184,8,simplekt
18921701515480394,0.0,0.8409469,8,simplekt
18921701515480394,1.0,0.90809506,8,simplekt
18921701515480394,1.0,0.9311017,8,simplekt
18921701515480394,1.0,0.7853751,8,simplekt
18921701515480394,0.0,0.5913791,8,simplekt
18921701515480394,0.0,0.6758953,8,simplekt
18921701515480394,0.0,0.00012637307,8,simplekt
18921701515480394,1.0,0.46406043,8,simplekt
18921701515480394,0.0,0.13375153,8,simplekt
18921701515480394,0.0,0.30067062,8,simplekt
18921701515480394,1.0,0.456024,8,simplekt
18921701515480394,1.0,0.7769025,8,simplekt
18921701515480394,1.0,0.8329117,8,simplekt
18921701515480394,0.0,0.86493737,8,simplekt
18921701515480394,1.0,0.6341627,8,simplekt
18921701515480394,1.0,0.8183854,8,simplekt
18921701515480394,1.0,0.83506966,8,simplekt
18921701515480394,1.0,0.83518803,8,simplekt
18921701515480394,1.0,0.8818286,8,simplekt
18921701515480394,1.0,0.7951204,8,simplekt
18921701515480394,0.0,0.6521873,8,simplekt
18921701515480394,1.0,0.24658783,8,simplekt
18921701515480394,0.0,0.33975908,8,simplekt
18921701515480394,0.0,0.0969392,8,simplekt
18921701515480394,0.0,0.25800422,8,simplekt
18921701515480394,0.0,0.014457055,8,simplekt
18921701515480394,0.0,0.5651667,8,simplekt
18921701515480394,1.0,0.27777693,8,simplekt
18921701515480394,1.0,0.6973739,8,simplekt
18921701515480394,0.0,0.5388809,8,simplekt
18921701515480394,0.0,0.32256624,8,simplekt
18921701515480394,1.0,0.7541236,8,simplekt
18921701515480394,1.0,0.9378892,8,simplekt
18921701515480394,1.0,0.9409018,8,simplekt
18921701515480394,1.0,0.87417895,8,simplekt
18921701515480394,1.0,0.99993527,8,simplekt
18921701515480394,1.0,0.44891542,8,simplekt
18921701515480394,0.0,0.87289506,8,simplekt
18921701515480394,1.0,0.53098726,8,simplekt
18921701515480394,0.0,0.14898254,8,simplekt
18921701515480394,1.0,0.9038715,8,simplekt
18921701515480394,1.0,0.99993634,8,simplekt
18921701515480394,1.0,0.9189463,8,simplekt
18921701515480394,1.0,0.99990606,8,simplekt
18921701515480394,1.0,0.8042025,8,simplekt
18921701515480394,1.0,0.83064884,8,simplekt
18921701515480394,1.0,0.9999448,8,simplekt
18921701515480394,1.0,0.949045,8,simplekt
18921701515480394,1.0,0.6781588,8,simplekt
18921701515480394,1.0,0.9215695,8,simplekt
18921701515480394,1.0,0.8754687,8,simplekt
18921701515480394,1.0,0.9821291,8,simplekt
18921701515480394,1.0,0.7997257,8,simplekt
18921701515480394,1.0,0.89078265,8,simplekt
18921701515480394,0.0,0.95772797,8,simplekt
18921701515480394,1.0,0.91761655,8,simplekt
18921701515480394,1.0,0.9423472,8,simplekt
18921701515480394,1.0,0.7062075,8,simplekt
18921701515480394,0.0,0.81304216,8,simplekt
18921701515480394,0.0,0.79588425,8,simplekt
18921701515480394,1.0,0.87544084,8,simplekt
18921701515480394,1.0,0.7491043,8,simplekt
18921701515480394,1.0,0.8420283,8,simplekt
18921701515480394,0.0,0.6236377,8,simplekt
18921701515480394,0.0,0.10859497,8,simplekt
18921701515480394,1.0,0.7354703,8,simplekt
18921701515480394,1.0,0.999969,8,simplekt
18921701515480394,0.0,0.7806245,8,simplekt
18921701515480394,1.0,0.55988693,8,simplekt
18921701515480394,0.0,0.6738349,8,simplekt
18921701515480394,1.0,0.48166403,8,simplekt
18921701515480394,1.0,0.9998871,8,simplekt
18921701515480394,1.0,0.75777096,8,simplekt
18921701515480394,1.0,0.9999747,8,simplekt
18921701515480394,0.0,0.70605636,8,simplekt
18921701515480394,0.0,0.8728583,8,simplekt
18921701515480394,0.0,7.6549884e-05,8,simplekt
18921701515480394,0.0,0.5655348,8,simplekt
18921701515480394,0.0,0.057268597,8,simplekt
18921701515480394,1.0,0.9296617,8,simplekt
18921701515480394,1.0,0.25206816,8,simplekt
18921701515480394,1.0,0.9276572,8,simplekt
18921701515480394,1.0,0.45772275,8,simplekt
18921701515480394,1.0,0.6761431,8,simplekt
18921701515480394,1.0,0.6554518,8,simplekt
18921701515480394,1.0,0.6062716,8,simplekt
18921701515480394,1.0,0.6848131,8,simplekt
18921701515480394,0.0,0.8114856,8,simplekt
18921701515480394,1.0,0.86622196,8,simplekt
18921701515480394,1.0,0.9249499,8,simplekt
18921701515480394,1.0,0.9578937,8,simplekt
18921701515480394,1.0,0.96658486,8,simplekt
18921701515480394,1.0,0.99997187,8,simplekt
18921701515480394,1.0,0.8401294,8,simplekt
18921701515480394,1.0,0.96697557,8,simplekt
18921701515480394,0.0,0.7826889,8,simplekt
18921701515480394,0.0,0.62206006,8,simplekt
18921701515480394,0.0,0.44806734,8,simplekt
18921701515480394,1.0,0.49410835,8,simplekt
18921701515480394,1.0,0.9999727,8,simplekt
18921701515480394,1.0,0.9999759,8,simplekt
18921701515480394,1.0,0.8333753,8,simplekt
18921701515480394,1.0,0.99994206,8,simplekt
18921701515480394,1.0,0.99992275,8,simplekt
18921701515480394,1.0,0.8248537,8,simplekt
18921701515480394,1.0,0.9337087,8,simplekt
18921701515480394,1.0,0.8891101,8,simplekt
18921701515480394,1.0,0.92576104,8,simplekt
18921701515480394,1.0,0.8567173,8,simplekt
18921701515480394,1.0,0.9745867,8,simplekt
18921701515480394,0.0,0.7027962,8,simplekt
18921701515480394,0.0,0.5129236,8,simplekt
18921701515480394,0.0,0.4540578,8,simplekt
18921701515480394,1.0,0.26035282,8,simplekt
18921701515480394,1.0,0.9997068,8,simplekt
18921701515480394,0.0,0.4392922,8,simplekt
18921701515480394,0.0,0.21059845,8,simplekt
18921701515480394,1.0,0.8528663,8,simplekt
18921701515480394,1.0,0.9999635,8,simplekt
18921701515480394,0.0,0.6683712,8,simplekt
18921701515480394,0.0,0.41352144,8,simplekt
18921701515480394,1.0,0.66745067,8,simplekt
18921701515480394,1.0,0.5812585,8,simplekt
18921701515480394,1.0,0.9999404,8,simplekt
18921701515480394,0.0,0.367308,8,simplekt
18921701515480394,0.0,0.6115528,8,simplekt
18921701515480394,1.0,0.7759129,8,simplekt
18921701515480394,1.0,0.8867963,8,simplekt
18921701515480394,1.0,0.8780767,8,simplekt
18921701515480394,1.0,0.8472855,8,simplekt
18921701515480394,0.0,0.65258133,8,simplekt
18921701515480394,0.0,6.2465456e-06,8,simplekt
18921701515480394,1.0,0.8982537,8,simplekt
19148101918333449,1.0,0.976185,8,simplekt
19148101918333449,0.0,0.8988728,8,simplekt
19148101918333449,0.0,0.825543,8,simplekt
19148101918333449,0.0,0.41589695,8,simplekt
19148101918333449,1.0,0.56174034,8,simplekt
19148101918333449,1.0,0.7047809,8,simplekt
19148101918333449,0.0,0.7415896,8,simplekt
19148101918333449,1.0,0.8469312,8,simplekt
19148101918333449,1.0,0.704652,8,simplekt
19148101918333449,1.0,0.8653679,8,simplekt
19148101918333449,1.0,0.76610833,8,simplekt
19148101918333449,0.0,0.58784634,8,simplekt
19148101918333449,0.0,0.77586263,8,simplekt
19148101918333449,0.0,0.070475675,8,simplekt
19148101918333449,1.0,0.3547873,8,simplekt
19148101918333449,0.0,0.08495455,8,simplekt
19148101918333449,1.0,0.72176844,8,simplekt
19148101918333449,1.0,0.49074215,8,simplekt
19148101918333449,1.0,0.8594689,8,simplekt
19148101918333449,1.0,0.850957,8,simplekt
19148101918333449,0.0,0.5487392,8,simplekt
19148101918333449,0.0,0.20368788,8,simplekt
19148101918333449,1.0,0.6096874,8,simplekt
19148101918333449,0.0,0.28017104,8,simplekt
19148101918333449,1.0,0.00029830638,8,simplekt
19148101918333449,0.0,0.308526,8,simplekt
19148101918333449,0.0,0.25267577,8,simplekt
19148101918333449,0.0,0.0006823325,8,simplekt
19148101918333449,1.0,0.45614243,8,simplekt
19148101918333449,0.0,0.12962712,8,simplekt
19148101918333449,1.0,0.5239775,8,simplekt
19148101918333449,1.0,0.78925925,8,simplekt
19148101918333449,0.0,0.86882895,8,simplekt
19148101918333449,1.0,0.7164371,8,simplekt
19148101918333449,1.0,0.99914813,8,simplekt
19148101918333449,1.0,0.9031491,8,simplekt
19148101918333449,1.0,0.9925014,8,simplekt
19148101918333449,1.0,0.999161,8,simplekt
19148101918333449,1.0,0.94471794,8,simplekt
19148101918333449,0.0,0.52372605,8,simplekt
19148101918333449,0.0,0.00058639643,8,simplekt
19148101918333449,0.0,0.4680932,8,simplekt
19148101918333449,0.0,0.06849954,8,simplekt
19148101918333449,0.0,0.00086726755,8,simplekt
19148101918333449,0.0,9.636643e-05,8,simplekt
19148101918333449,0.0,0.09976296,8,simplekt
19148101918333449,0.0,0.0006805368,8,simplekt
19148101918333449,0.0,9.1016605e-05,8,simplekt
19148101918333449,1.0,0.39930093,8,simplekt
19148101918333449,1.0,0.5319974,8,simplekt
19148101918333449,0.0,0.550178,8,simplekt
19148101918333449,0.0,0.6883699,8,simplekt
19148101918333449,1.0,0.635314,8,simplekt
19148101918333449,1.0,0.95368016,8,simplekt
19148101918333449,1.0,0.89764297,8,simplekt
19148101918333449,1.0,0.78222245,8,simplekt
19148101918333449,0.0,0.6882066,8,simplekt
19148101918333449,1.0,0.7642479,8,simplekt
19148101918333449,0.0,0.619714,8,simplekt
19148101918333449,1.0,0.64051056,8,simplekt
19148101918333449,0.0,0.6492532,8,simplekt
19148101918333449,1.0,0.2916351,8,simplekt
19148101918333449,1.0,0.7183286,8,simplekt
19148101918333449,0.0,0.8519837,8,simplekt
19148101918333449,1.0,0.5362145,8,simplekt
19148101918333449,1.0,0.75068456,8,simplekt
19148101918333449,0.0,0.357115,8,simplekt
19148101918333449,1.0,0.54547924,8,simplekt
19148101918333449,1.0,0.9658179,8,simplekt
19148101918333449,1.0,0.5306896,8,simplekt
19148101918333449,0.0,0.70396984,8,simplekt
19148101918333449,0.0,0.46181852,8,simplekt
19148101918333449,1.0,0.6077249,8,simplekt
19148101918333449,0.0,0.42276248,8,simplekt
19148101918333449,1.0,0.67625946,8,simplekt
19148101918333449,1.0,0.82666796,8,simplekt
19148101918333449,1.0,0.4195293,8,simplekt
19148101918333449,1.0,0.7365997,8,simplekt
19148101918333449,0.0,0.5565481,8,simplekt
19148101918333449,1.0,0.02787866,8,simplekt
19148101918333449,1.0,0.3265171,8,simplekt
19148101918333449,1.0,0.74991,8,simplekt
19148101918333449,1.0,0.08939489,8,simplekt
19148101918333449,1.0,0.73106533,8,simplekt
19148101918333449,1.0,0.8637919,8,simplekt
19148101918333449,1.0,0.882785,8,simplekt
19148101918333449,1.0,0.9113541,8,simplekt
19148101918333449,1.0,0.99992764,8,simplekt
19148101918333449,1.0,0.75396353,8,simplekt
19148101918333449,1.0,0.9685997,8,simplekt
19148101918333449,1.0,0.9648546,8,simplekt
19148101918333449,0.0,0.7207139,8,simplekt
19148101918333449,1.0,0.75395274,8,simplekt
19148101918333449,1.0,0.9509133,8,simplekt
19148101918333449,1.0,0.935194,8,simplekt
19148101918333449,0.0,0.33448106,8,simplekt
19148101918333449,1.0,0.7958855,8,simplekt
19148101918333449,1.0,0.9465772,8,simplekt
19148101918333449,1.0,0.9999832,8,simplekt
19148101918333449,0.0,0.82682127,8,simplekt
19148101918333449,1.0,0.84554094,8,simplekt
19148101918333449,1.0,0.66234875,8,simplekt
19148101918333449,1.0,0.82161427,8,simplekt
19148101918333449,1.0,0.9224013,8,simplekt
19148101918333449,1.0,0.66507095,8,simplekt
19148101918333449,0.0,0.6358515,8,simplekt
19148101918333449,1.0,0.620858,8,simplekt
19148101918333449,1.0,0.99946386,8,simplekt
19148101918333449,0.0,0.7561489,8,simplekt
19148101918333449,1.0,0.71885747,8,simplekt
19148101918333449,1.0,0.85530716,8,simplekt
19148101918333449,1.0,0.7251437,8,simplekt
19148101918333449,1.0,0.99999285,8,simplekt
19148101918333449,1.0,0.6857883,8,simplekt
19148101918333449,1.0,0.93281233,8,simplekt
19148101918333449,1.0,0.8834437,8,simplekt
19148101918333449,1.0,0.9999057,8,simplekt
19148101918333449,0.0,0.7168802,8,simplekt
19148101918333449,1.0,0.5886658,8,simplekt
19148101918333449,1.0,0.44862705,8,simplekt
19148101918333449,1.0,0.7024536,8,simplekt
19148101918333449,0.0,0.7565927,8,simplekt
19148101918333449,1.0,0.7065658,8,simplekt
19148101918333449,0.0,0.5706766,8,simplekt
19148101918333449,1.0,0.4485968,8,simplekt
19148101918333449,1.0,0.2409218,8,simplekt
19148101918333449,1.0,0.46080458,8,simplekt
19148101918333449,1.0,0.51117754,8,simplekt
19148101918333449,1.0,0.93763375,8,simplekt
19148101918333449,1.0,0.8118282,8,simplekt
19148101918333449,1.0,0.88720024,8,simplekt
19148101918333449,1.0,0.7651128,8,simplekt
19148101918333449,1.0,0.81160027,8,simplekt
19148101918333449,1.0,0.80323386,8,simplekt
19148101918333449,0.0,0.3093659,8,simplekt
19148101918333449,0.0,0.29916403,8,simplekt
19148101918333449,1.0,0.30989015,8,simplekt
19148101918333449,1.0,0.30018902,8,simplekt
19148101918333449,1.0,0.37612978,8,simplekt
19148101918333449,1.0,0.8736346,8,simplekt
19148101918333449,1.0,0.9144374,8,simplekt
19148101918333449,1.0,0.5081982,8,simplekt
19148101918333449,0.0,0.6958045,8,simplekt
19148101918333449,1.0,0.46258005,8,simplekt
19148101918333449,0.0,0.37033293,8,simplekt
19148101918333449,1.0,0.77880955,8,simplekt
19148101918333449,1.0,0.8647954,8,simplekt
19148101918333449,1.0,0.87688947,8,simplekt
19148101918333449,0.0,0.9011774,8,simplekt
19148101918333449,0.0,0.7460338,8,simplekt
19148101918333449,0.0,3.7356915e-06,8,simplekt
19148101918333449,0.0,6.916686e-08,8,simplekt
19148101918333449,0.0,4.3249892e-07,8,simplekt
19148101918333449,0.0,0.1224721,8,simplekt
19148101918333449,0.0,0.00014358507,8,simplekt
19148101918333449,0.0,0.314748,8,simplekt
19148101918333449,1.0,0.40398526,8,simplekt
19148101918333449,1.0,0.99995553,8,simplekt
19148101918333449,1.0,0.76916957,8,simplekt
19148101918333449,0.0,0.5362884,8,simplekt
19148101918333449,0.0,0.4869901,8,simplekt
19148101918333449,1.0,0.5080034,8,simplekt
19148101918333449,0.0,0.67591774,8,simplekt
19148101918333449,1.0,0.597558,8,simplekt
19148101918333449,1.0,0.8618752,8,simplekt
19148101918333449,1.0,0.8746561,8,simplekt
19148101918333449,1.0,0.9975768,8,simplekt
19148101918333449,0.0,0.6090288,8,simplekt
19148101918333449,0.0,0.6692653,8,simplekt
19148101918333449,0.0,0.42256764,8,simplekt
19148101918333449,1.0,0.8509922,8,simplekt
19148101918333449,1.0,0.93562794,8,simplekt
19148101918333449,1.0,0.9446618,8,simplekt
19148101918333449,1.0,0.9999685,8,simplekt
19148101918333449,1.0,0.8394878,8,simplekt
19148101918333449,1.0,0.95746595,8,simplekt
19148101918333449,1.0,0.75388813,8,simplekt
19148101918333449,0.0,0.6706027,8,simplekt
19148101918333449,0.0,7.637581e-06,8,simplekt
19148101918333449,0.0,4.0271175e-06,8,simplekt
19148101918333449,0.0,0.5897443,8,simplekt
19148101918333449,0.0,0.42467126,8,simplekt
19148101918333449,0.0,0.2707307,8,simplekt
19148101918333449,0.0,0.21718591,8,simplekt
19148101918333449,0.0,0.06665045,8,simplekt
19148101918333449,0.0,9.3008396e-07,8,simplekt
19148101918333449,0.0,0.5350295,8,simplekt
19148101918333449,0.0,0.31259176,8,simplekt
19148101918333449,0.0,2.4920178e-06,8,simplekt
19148101918333449,1.0,0.5547689,8,simplekt
19148101918333449,1.0,0.99991846,8,simplekt
19148101918333449,1.0,0.99980205,8,simplekt
19148101918333449,1.0,0.77275,8,simplekt
19148101918333449,0.0,0.9050143,8,simplekt
19148101918333449,0.0,0.6721755,8,simplekt
19148101918333449,1.0,0.80918163,8,simplekt
19148101918333449,1.0,0.99986875,8,simplekt
19148101918333449,0.0,0.55147463,8,simplekt
19148101918333449,1.0,0.6292057,8,simplekt
21492076077958729,1.0,0.98305285,8,simplekt
21492076077958729,1.0,0.8508897,8,simplekt
21492076077958729,0.0,0.76162964,8,simplekt
21492076077958729,0.0,0.44775805,8,simplekt
21492076077958729,0.0,8.00751e-06,8,simplekt
21492076077958729,0.0,0.0350931,8,simplekt
21492076077958729,0.0,2.6919372e-07,8,simplekt
21492076077958729,0.0,2.6317111e-06,8,simplekt
21492076077958729,0.0,2.1088827e-06,8,simplekt
21492076077958729,1.0,0.5826072,8,simplekt
21492076077958729,1.0,0.93663424,8,simplekt
21492076077958729,1.0,0.73212767,8,simplekt
21492076077958729,0.0,0.66787994,8,simplekt
21492076077958729,1.0,0.50910705,8,simplekt
21492076077958729,1.0,0.5665097,8,simplekt
21492076077958729,1.0,0.9035053,8,simplekt
21492076077958729,1.0,0.9381264,8,simplekt
21492076077958729,1.0,0.96875113,8,simplekt
21492076077958729,1.0,0.8448551,8,simplekt
21492076077958729,1.0,0.99993885,8,simplekt
21492076077958729,1.0,0.95062566,8,simplekt
21492076077958729,1.0,0.9797611,8,simplekt
21492076077958729,1.0,0.8781843,8,simplekt
21492076077958729,1.0,0.95387745,8,simplekt
21492076077958729,1.0,0.9740249,8,simplekt
21492076077958729,1.0,0.847205,8,simplekt
21492076077958729,1.0,0.92092925,8,simplekt
21492076077958729,0.0,0.4956799,8,simplekt
21492076077958729,1.0,0.7227628,8,simplekt
21492076077958729,0.0,0.6779096,8,simplekt
21492076077958729,1.0,0.66207737,8,simplekt
21492076077958729,1.0,0.890802,8,simplekt
21492076077958729,1.0,0.79346067,8,simplekt
21492076077958729,0.0,0.5252054,8,simplekt
21492076077958729,1.0,0.84018385,8,simplekt
21492076077958729,1.0,0.7679331,8,simplekt
21492076077958729,1.0,0.9110239,8,simplekt
21492076077958729,1.0,0.9889009,8,simplekt
21492076077958729,1.0,0.6647209,8,simplekt
21492076077958729,1.0,0.9912369,8,simplekt
21492076077958729,1.0,0.9458408,8,simplekt
21492076077958729,1.0,0.9999542,8,simplekt
21492076077958729,1.0,0.98708946,8,simplekt
21492076077958729,1.0,0.9950735,8,simplekt
21492076077958729,1.0,0.8783305,8,simplekt
21492076077958729,1.0,0.9286127,8,simplekt
21492076077958729,1.0,0.83688265,8,simplekt
21492076077958729,1.0,0.9325185,8,simplekt
21492076077958729,1.0,0.9558835,8,simplekt
21492076077958729,1.0,0.9713798,8,simplekt
21492076077958729,0.0,0.77390736,8,simplekt
21492076077958729,1.0,0.92777133,8,simplekt
21492076077958729,1.0,0.9689679,8,simplekt
21492076077958729,1.0,0.7621642,8,simplekt
21492076077958729,1.0,0.6692095,8,simplekt
21492076077958729,0.0,0.38723335,8,simplekt
21492076077958729,0.0,0.21086085,8,simplekt
21492076077958729,1.0,0.6993917,8,simplekt
21492076077958729,1.0,0.93611,8,simplekt
21492076077958729,1.0,0.9998869,8,simplekt
21492076077958729,1.0,0.92168546,8,simplekt
21492076077958729,1.0,0.7470025,8,simplekt
21492076077958729,1.0,0.842875,8,simplekt
21492076077958729,1.0,0.8679331,8,simplekt
21492076077958729,1.0,0.76675,8,simplekt
21492076077958729,1.0,0.7696146,8,simplekt
21492076077958729,1.0,0.8600016,8,simplekt
21492076077958729,1.0,0.88960344,8,simplekt
21492076077958729,0.0,0.5942792,8,simplekt
21492076077958729,1.0,0.76183575,8,simplekt
21492076077958729,1.0,0.9421792,8,simplekt
21492076077958729,1.0,0.9833575,8,simplekt
21492076077958729,1.0,0.8744138,8,simplekt
21492076077958729,1.0,0.8678782,8,simplekt
21492076077958729,1.0,0.9742028,8,simplekt
21492076077958729,1.0,0.89719313,8,simplekt
21492076077958729,1.0,0.99999774,8,simplekt
21492076077958729,1.0,0.97206604,8,simplekt
21492076077958729,1.0,0.8107554,8,simplekt
21492076077958729,1.0,0.93685365,8,simplekt
21492076077958729,1.0,0.9162328,8,simplekt
21492076077958729,1.0,0.9805902,8,simplekt
21492076077958729,1.0,0.9059134,8,simplekt
21492076077958729,1.0,0.9999993,8,simplekt
21492076077958729,1.0,0.89702487,8,simplekt
21492076077958729,0.0,0.6824249,8,simplekt
21492076077958729,0.0,0.92290944,8,simplekt
21492076077958729,1.0,0.73791444,8,simplekt
21492076077958729,1.0,0.95460135,8,simplekt
21492076077958729,1.0,0.94599193,8,simplekt
21492076077958729,1.0,0.9999275,8,simplekt
21492076077958729,1.0,0.8343898,8,simplekt
21492076077958729,1.0,0.9509464,8,simplekt
21492076077958729,1.0,0.94868785,8,simplekt
21492076077958729,1.0,0.8043928,8,simplekt
21492076077958729,1.0,0.9003652,8,simplekt
21492076077958729,1.0,0.8611633,8,simplekt
21492076077958729,1.0,0.76678365,8,simplekt
21492076077958729,1.0,0.9946759,8,simplekt
21492076077958729,1.0,0.8082264,8,simplekt
21492076077958729,0.0,0.94654816,8,simplekt
21492076077958729,0.0,0.9020223,8,simplekt
21492076077958729,0.0,0.48754594,8,simplekt
21492076077958729,1.0,0.8052171,8,simplekt
21492076077958729,1.0,0.99338716,8,simplekt
21492076077958729,1.0,0.96483886,8,simplekt
21492076077958729,0.0,0.7958452,8,simplekt
21492076077958729,1.0,0.35731456,8,simplekt
21492076077958729,1.0,0.90652335,8,simplekt
21492076077958729,1.0,0.80404276,8,simplekt
21492076077958729,1.0,0.90615386,8,simplekt
21492076077958729,1.0,0.7558567,8,simplekt
21492076077958729,1.0,0.7645337,8,simplekt
21492076077958729,0.0,0.63709396,8,simplekt
21492076077958729,1.0,0.75578433,8,simplekt
21492076077958729,1.0,0.85992545,8,simplekt
21492076077958729,1.0,0.7615474,8,simplekt
21492076077958729,0.0,0.38396472,8,simplekt
21492076077958729,0.0,0.33715326,8,simplekt
21492076077958729,0.0,0.3168581,8,simplekt
21492076077958729,0.0,4.7101316e-06,8,simplekt
21492076077958729,1.0,0.6663704,8,simplekt
21492076077958729,1.0,0.8628139,8,simplekt
21492076077958729,1.0,0.87400925,8,simplekt
21492076077958729,0.0,0.44341657,8,simplekt
21492076077958729,0.0,0.26396605,8,simplekt
21492076077958729,1.0,0.68560284,8,simplekt
21492076077958729,1.0,0.8549215,8,simplekt
21492076077958729,1.0,0.722764,8,simplekt
21492076077958729,1.0,0.8929308,8,simplekt
21492076077958729,1.0,0.92878634,8,simplekt
21492076077958729,1.0,0.9220428,8,simplekt
21492076077958729,1.0,0.95278186,8,simplekt
21492076077958729,1.0,0.5343877,8,simplekt
21492076077958729,1.0,0.6957174,8,simplekt
21492076077958729,1.0,0.9999974,8,simplekt
21492076077958729,1.0,0.79839236,8,simplekt
21492076077958729,1.0,0.9117698,8,simplekt
21492076077958729,1.0,0.97124004,8,simplekt
21492076077958729,1.0,0.9630368,8,simplekt
21492076077958729,0.0,0.9259072,8,simplekt
21492076077958729,1.0,0.86797845,8,simplekt
21492076077958729,1.0,0.9998925,8,simplekt
21492076077958729,1.0,0.8446301,8,simplekt
21492076077958729,1.0,0.99979407,8,simplekt
21492076077958729,1.0,0.87167656,8,simplekt
21492076077958729,1.0,0.9998474,8,simplekt
21492076077958729,1.0,0.999998,8,simplekt
21492076077958729,1.0,0.99998605,8,simplekt
21492076077958729,1.0,0.7745594,8,simplekt
21492076077958729,1.0,0.8612621,8,simplekt
21492076077958729,1.0,0.9999976,8,simplekt
21492076077958729,1.0,0.88885725,8,simplekt
21492076077958729,1.0,0.7211972,8,simplekt
21492076077958729,0.0,0.68084186,8,simplekt
21492076077958729,0.0,0.37603626,8,simplekt
21492076077958729,0.0,0.3225218,8,simplekt
21492076077958729,1.0,0.665521,8,simplekt
21492076077958729,0.0,0.8454266,8,simplekt
21492076077958729,1.0,0.6304214,8,simplekt
21492076077958729,1.0,0.75337464,8,simplekt
21492076077958729,1.0,0.930166,8,simplekt
21492076077958729,1.0,0.95900285,8,simplekt
21492076077958729,1.0,0.9733455,8,simplekt
21492076077958729,1.0,0.9998672,8,simplekt
21492076077958729,0.0,0.87794185,8,simplekt
21492076077958729,1.0,0.9636023,8,simplekt
21492076077958729,1.0,0.4178408,8,simplekt
21492076077958729,1.0,0.9617463,8,simplekt
21492076077958729,0.0,0.77774096,8,simplekt
21492076077958729,1.0,0.70626026,8,simplekt
21492076077958729,1.0,0.86573154,8,simplekt
21492076077958729,1.0,0.66150755,8,simplekt
21492076077958729,1.0,0.7902844,8,simplekt
21492076077958729,0.0,0.83999246,8,simplekt
21492076077958729,1.0,0.921316,8,simplekt
21492076077958729,1.0,0.95859486,8,simplekt
21492076077958729,1.0,0.79795855,8,simplekt
21492076077958729,1.0,0.89918274,8,simplekt
21492076077958729,1.0,0.99991286,8,simplekt
21492076077958729,1.0,0.9997929,8,simplekt
21492076077958729,1.0,0.8749748,8,simplekt
21492076077958729,1.0,0.9413673,8,simplekt
21492076077958729,1.0,0.92855114,8,simplekt
21492076077958729,1.0,0.9725565,8,simplekt
21492076077958729,1.0,0.852957,8,simplekt
21492076077958729,1.0,0.76182115,8,simplekt
21492076077958729,0.0,0.85314095,8,simplekt
21492076077958729,1.0,0.6230129,8,simplekt
21492076077958729,1.0,0.99997556,8,simplekt
21492076077958729,1.0,0.99996316,8,simplekt
21492076077958729,1.0,0.7997919,8,simplekt
21492076077958729,1.0,0.75792414,8,simplekt
21492076077958729,1.0,0.87737775,8,simplekt
21492076077958729,0.0,0.86904943,8,simplekt
21492076077958729,0.0,0.47542393,8,simplekt
21492076077958729,1.0,0.76033306,8,simplekt
21492076077958729,1.0,0.9298439,8,simplekt
21492076077958729,1.0,0.9999138,8,simplekt
29903258593958524,1.0,0.87505,8,simplekt
29903258593958524,0.0,0.92562735,8,simplekt
29903258593958524,1.0,0.43928006,8,simplekt
29903258593958524,0.0,0.4922356,8,simplekt
29903258593958524,1.0,0.6696767,8,simplekt
29903258593958524,1.0,0.7697097,8,simplekt
29903258593958524,1.0,0.8399149,8,simplekt
29903258593958524,0.0,0.68362767,8,simplekt
29903258593958524,1.0,0.38116255,8,simplekt
29903258593958524,1.0,0.73841614,8,simplekt
29903258593958524,1.0,0.8665905,8,simplekt
29903258593958524,0.0,0.83817863,8,simplekt
29903258593958524,1.0,0.819809,8,simplekt
29903258593958524,1.0,0.999166,8,simplekt
29903258593958524,1.0,0.7609705,8,simplekt
29903258593958524,1.0,0.77590597,8,simplekt
29903258593958524,1.0,0.9999976,8,simplekt
29903258593958524,1.0,1.0,8,simplekt
29903258593958524,1.0,0.99999845,8,simplekt
29903258593958524,1.0,0.913416,8,simplekt
29903258593958524,1.0,0.99999666,8,simplekt
29903258593958524,1.0,0.75014037,8,simplekt
29903258593958524,1.0,0.85898405,8,simplekt
29903258593958524,0.0,0.51921034,8,simplekt
29903258593958524,0.0,0.7746904,8,simplekt
29903258593958524,0.0,0.85718924,8,simplekt
29903258593958524,1.0,0.7429863,8,simplekt
29903258593958524,1.0,0.7394786,8,simplekt
29903258593958524,1.0,0.9106867,8,simplekt
29903258593958524,1.0,0.1919653,8,simplekt
29903258593958524,1.0,0.999408,8,simplekt
29903258593958524,1.0,0.7951611,8,simplekt
29903258593958524,1.0,0.9420694,8,simplekt
29903258593958524,1.0,0.9256646,8,simplekt
29903258593958524,0.0,0.23727009,8,simplekt
29903258593958524,0.0,0.5446178,8,simplekt
29903258593958524,1.0,0.57332593,8,simplekt
29903258593958524,1.0,0.7263962,8,simplekt
29903258593958524,1.0,0.75581706,8,simplekt
29903258593958524,0.0,0.9582943,8,simplekt
29903258593958524,1.0,0.7075616,8,simplekt
29903258593958524,1.0,0.673501,8,simplekt
29903258593958524,1.0,0.7586749,8,simplekt
29903258593958524,1.0,0.7050132,8,simplekt
29903258593958524,1.0,0.99994445,8,simplekt
29903258593958524,0.0,0.7112002,8,simplekt
29903258593958524,0.0,0.7928616,8,simplekt
29903258593958524,1.0,0.8321849,8,simplekt
29903258593958524,1.0,0.7929139,8,simplekt
29903258593958524,0.0,0.75951046,8,simplekt
29903258593958524,0.0,0.0553928,8,simplekt
29903258593958524,1.0,0.020972254,8,simplekt
29903258593958524,1.0,0.52187866,8,simplekt
29903258593958524,1.0,0.85190445,8,simplekt
29903258593958524,1.0,0.73767614,8,simplekt
29903258593958524,1.0,0.9342718,8,simplekt
29903258593958524,1.0,0.87711495,8,simplekt
29903258593958524,1.0,0.89586926,8,simplekt
29903258593958524,1.0,0.82786894,8,simplekt
29903258593958524,1.0,0.8230724,8,simplekt
29903258593958524,1.0,0.8953016,8,simplekt
29903258593958524,1.0,0.6947519,8,simplekt
29903258593958524,1.0,0.44309363,8,simplekt
29903258593958524,1.0,0.999027,8,simplekt
29903258593958524,1.0,0.4778382,8,simplekt
29903258593958524,1.0,0.9994166,8,simplekt
29903258593958524,1.0,0.7302004,8,simplekt
29903258593958524,0.0,0.6975798,8,simplekt
29903258593958524,0.0,0.68552226,8,simplekt
29903258593958524,1.0,0.8511005,8,simplekt
29903258593958524,1.0,0.88102,8,simplekt
29903258593958524,1.0,0.7072087,8,simplekt
29903258593958524,1.0,0.8319211,8,simplekt
29903258593958524,1.0,0.91636074,8,simplekt
29903258593958524,1.0,0.9999521,8,simplekt
29903258593958524,1.0,0.9996923,8,simplekt
29903258593958524,1.0,0.999984,8,simplekt
29903258593958524,1.0,0.8017914,8,simplekt
29903258593958524,0.0,0.7956951,8,simplekt
29903258593958524,1.0,0.8081935,8,simplekt
29903258593958524,0.0,0.644034,8,simplekt
29903258593958524,1.0,0.71245515,8,simplekt
29903258593958524,1.0,0.77901965,8,simplekt
29903258593958524,1.0,0.9609116,8,simplekt
29903258593958524,1.0,0.9962794,8,simplekt
29903258593958524,1.0,0.99999,8,simplekt
29903258593958524,1.0,0.9994974,8,simplekt
29903258593958524,1.0,0.9999919,8,simplekt
29903258593958524,1.0,0.94622946,8,simplekt
29903258593958524,1.0,0.99997723,8,simplekt
29903258593958524,1.0,0.86537004,8,simplekt
29903258593958524,0.0,0.18556468,8,simplekt
29903258593958524,1.0,0.76331836,8,simplekt
29903258593958524,1.0,0.9993031,8,simplekt
29903258593958524,1.0,0.66834193,8,simplekt
29903258593958524,1.0,0.9998789,8,simplekt
29903258593958524,1.0,0.9997613,8,simplekt
29903258593958524,1.0,0.9998988,8,simplekt
29903258593958524,1.0,0.979131,8,simplekt
29903258593958524,1.0,0.9773291,8,simplekt
29903258593958524,1.0,0.8401798,8,simplekt
29903258593958524,1.0,0.939252,8,simplekt
29903258593958524,1.0,0.85632265,8,simplekt
29903258593958524,1.0,0.9029296,8,simplekt
29903258593958524,1.0,0.9981748,8,simplekt
29903258593958524,0.0,0.90048766,8,simplekt
29903258593958524,1.0,0.84773463,8,simplekt
29903258593958524,1.0,0.8996597,8,simplekt
29903258593958524,1.0,0.43083087,8,simplekt
29903258593958524,1.0,0.7060436,8,simplekt
29903258593958524,1.0,0.68963736,8,simplekt
29903258593958524,1.0,0.8345503,8,simplekt
29903258593958524,1.0,0.6673061,8,simplekt
29903258593958524,1.0,0.9325115,8,simplekt
29903258593958524,1.0,0.9998919,8,simplekt
29903258593958524,1.0,0.9172937,8,simplekt
29903258593958524,1.0,0.9236443,8,simplekt
29903258593958524,1.0,0.99999225,8,simplekt
29903258593958524,1.0,0.8806486,8,simplekt
29903258593958524,0.0,0.976771,8,simplekt
29903258593958524,1.0,0.77960265,8,simplekt
29903258593958524,1.0,0.9999888,8,simplekt
29903258593958524,1.0,0.7951536,8,simplekt
29903258593958524,1.0,0.58789754,8,simplekt
29903258593958524,1.0,0.90308833,8,simplekt
29903258593958524,1.0,0.9852504,8,simplekt
29903258593958524,1.0,0.99914837,8,simplekt
29903258593958524,0.0,0.00032051606,8,simplekt
29903258593958524,1.0,0.9068173,8,simplekt
29903258593958524,0.0,0.00067491597,8,simplekt
29903258593958524,1.0,0.7339889,8,simplekt
29903258593958524,1.0,0.64987195,8,simplekt
29903258593958524,1.0,0.5391791,8,simplekt
29903258593958524,1.0,0.96583986,8,simplekt
29903258593958524,1.0,0.9581594,8,simplekt
29903258593958524,0.0,0.8579752,8,simplekt
29903258593958524,0.0,0.8124301,8,simplekt
29903258593958524,1.0,0.76822186,8,simplekt
29903258593958524,1.0,0.82399493,8,simplekt
29903258593958524,1.0,0.54870504,8,simplekt
29903258593958524,1.0,0.6522566,8,simplekt
29903258593958524,1.0,0.9999982,8,simplekt
29903258593958524,1.0,0.7944844,8,simplekt
29903258593958524,1.0,0.9144961,8,simplekt
29903258593958524,1.0,0.76753587,8,simplekt
29903258593958524,1.0,0.76223904,8,simplekt
29903258593958524,1.0,0.977362,8,simplekt
29903258593958524,1.0,0.53022045,8,simplekt
29903258593958524,1.0,0.7650856,8,simplekt
29903258593958524,1.0,0.68264794,8,simplekt
29903258593958524,1.0,0.9999629,8,simplekt
29903258593958524,1.0,0.6506728,8,simplekt
29903258593958524,1.0,0.908822,8,simplekt
29903258593958524,1.0,0.91945285,8,simplekt
29903258593958524,1.0,0.9998921,8,simplekt
29903258593958524,1.0,0.99999774,8,simplekt
29903258593958524,1.0,0.99998724,8,simplekt
29903258593958524,1.0,0.77265066,8,simplekt
29903258593958524,1.0,0.7887602,8,simplekt
29903258593958524,1.0,0.858244,8,simplekt
29903258593958524,1.0,0.6021182,8,simplekt
29903258593958524,1.0,0.8314667,8,simplekt
29903258593958524,1.0,0.928386,8,simplekt
29903258593958524,1.0,0.9446887,8,simplekt
29903258593958524,1.0,0.9647379,8,simplekt
29903258593958524,1.0,0.95624405,8,simplekt
29903258593958524,1.0,0.9701713,8,simplekt
29903258593958524,1.0,0.9859971,8,simplekt
29903258593958524,1.0,0.99999356,8,simplekt
29903258593958524,1.0,0.93918175,8,simplekt
29903258593958524,1.0,0.9664719,8,simplekt
29903258593958524,1.0,0.9822708,8,simplekt
29903258593958524,1.0,0.8653302,8,simplekt
29903258593958524,1.0,0.999972,8,simplekt
29903258593958524,1.0,0.9999515,8,simplekt
29903258593958524,1.0,0.9388239,8,simplekt
29903258593958524,1.0,0.8620457,8,simplekt
29903258593958524,0.0,0.83666754,8,simplekt
29903258593958524,1.0,0.63781124,8,simplekt
29903258593958524,1.0,0.7652624,8,simplekt
29903258593958524,1.0,0.9309186,8,simplekt
29903258593958524,1.0,0.99984837,8,simplekt
29903258593958524,1.0,0.9998404,8,simplekt
29903258593958524,1.0,0.96909887,8,simplekt
29903258593958524,1.0,0.9271532,8,simplekt
29903258593958524,1.0,0.85165757,8,simplekt
29903258593958524,1.0,0.8578798,8,simplekt
29903258593958524,1.0,0.9439346,8,simplekt
29903258593958524,1.0,0.95424616,8,simplekt
29903258593958524,1.0,0.976756,8,simplekt
29903258593958524,1.0,0.87707484,8,simplekt
29903258593958524,0.0,0.8168082,8,simplekt
29903258593958524,1.0,0.902292,8,simplekt
29903258593958524,1.0,0.96487844,8,simplekt
29903258593958524,1.0,0.9651711,8,simplekt
29903258593958524,1.0,0.6877425,8,simplekt
29903258593958524,1.0,0.99940944,8,simplekt
29903258593958524,1.0,0.67811346,8,simplekt
29903258593958524,1.0,0.7800394,8,simplekt
32261392583187374,1.0,0.9999198,8,simplekt
32261392583187374,1.0,0.94185406,8,simplekt
32261392583187374,1.0,0.9295832,8,simplekt
32261392583187374,1.0,0.84246916,8,simplekt
32261392583187374,1.0,0.99998677,8,simplekt
32261392583187374,1.0,0.9999629,8,simplekt
32261392583187374,1.0,0.99999416,8,simplekt
32261392583187374,1.0,0.99999404,8,simplekt
32261392583187374,1.0,0.96971166,8,simplekt
32261392583187374,1.0,0.95572567,8,simplekt
32261392583187374,1.0,0.78723407,8,simplekt
32261392583187374,1.0,0.9450864,8,simplekt
32261392583187374,1.0,0.8091009,8,simplekt
32261392583187374,1.0,0.7746481,8,simplekt
32261392583187374,1.0,0.97485775,8,simplekt
32261392583187374,1.0,0.99998665,8,simplekt
32261392583187374,1.0,0.9502354,8,simplekt
32261392583187374,1.0,0.9809162,8,simplekt
32261392583187374,1.0,0.89437217,8,simplekt
32261392583187374,1.0,0.92744505,8,simplekt
32261392583187374,1.0,0.99987745,8,simplekt
32261392583187374,1.0,0.9499817,8,simplekt
32261392583187374,1.0,0.99998987,8,simplekt
32261392583187374,1.0,0.9839901,8,simplekt
32261392583187374,1.0,0.96818215,8,simplekt
32261392583187374,1.0,0.9824525,8,simplekt
32261392583187374,1.0,0.8986309,8,simplekt
32261392583187374,1.0,0.8433772,8,simplekt
32261392583187374,0.0,0.6715882,8,simplekt
32261392583187374,1.0,0.4712605,8,simplekt
32261392583187374,1.0,0.9559584,8,simplekt
32261392583187374,1.0,0.9544887,8,simplekt
32261392583187374,1.0,0.9699201,8,simplekt
32261392583187374,1.0,0.9454733,8,simplekt
32261392583187374,1.0,0.9999716,8,simplekt
32261392583187374,0.0,0.7958695,8,simplekt
32261392583187374,0.0,1.2743963e-05,8,simplekt
32261392583187374,1.0,0.88592046,8,simplekt
32261392583187374,1.0,0.9416468,8,simplekt
32261392583187374,1.0,0.84230405,8,simplekt
32261392583187374,1.0,0.904826,8,simplekt
32261392583187374,1.0,0.9116957,8,simplekt
32261392583187374,1.0,0.9467934,8,simplekt
32261392583187374,1.0,0.9772395,8,simplekt
32261392583187374,1.0,0.99539316,8,simplekt
32261392583187374,1.0,0.9612226,8,simplekt
32261392583187374,1.0,0.91076386,8,simplekt
32261392583187374,1.0,0.8509524,8,simplekt
32261392583187374,0.0,0.91211784,8,simplekt
32261392583187374,1.0,0.59814835,8,simplekt
32261392583187374,0.0,0.59669256,8,simplekt
32261392583187374,1.0,0.7919655,8,simplekt
32261392583187374,1.0,0.7559911,8,simplekt
32261392583187374,1.0,0.9426327,8,simplekt
32261392583187374,1.0,0.94587994,8,simplekt
32261392583187374,1.0,0.85649306,8,simplekt
32261392583187374,1.0,0.9570931,8,simplekt
32261392583187374,1.0,0.96229184,8,simplekt
32261392583187374,1.0,0.9683839,8,simplekt
32261392583187374,1.0,0.94773895,8,simplekt
32261392583187374,1.0,0.9545594,8,simplekt
32261392583187374,1.0,0.9841898,8,simplekt
32261392583187374,1.0,0.9672313,8,simplekt
32261392583187374,1.0,0.9231366,8,simplekt
32261392583187374,1.0,0.9889103,8,simplekt
32261392583187374,1.0,0.94730926,8,simplekt
32261392583187374,1.0,0.99999833,8,simplekt
32261392583187374,1.0,0.9248804,8,simplekt
32261392583187374,1.0,0.9643908,8,simplekt
32261392583187374,1.0,0.9928005,8,simplekt
32261392583187374,1.0,0.9608671,8,simplekt
32261392583187374,1.0,0.99999917,8,simplekt
32261392583187374,1.0,0.953032,8,simplekt
32261392583187374,1.0,0.7956382,8,simplekt
32261392583187374,1.0,0.98751694,8,simplekt
32261392583187374,1.0,0.9936626,8,simplekt
32261392583187374,1.0,0.9948672,8,simplekt
32261392583187374,1.0,0.64681196,8,simplekt
32261392583187374,1.0,0.8859078,8,simplekt
32261392583187374,1.0,0.9836685,8,simplekt
32261392583187374,1.0,0.9787052,8,simplekt
32261392583187374,1.0,0.9185869,8,simplekt
32261392583187374,1.0,0.99250835,8,simplekt
32261392583187374,1.0,0.9161705,8,simplekt
32261392583187374,1.0,0.98270214,8,simplekt
32261392583187374,1.0,0.98354673,8,simplekt
32261392583187374,1.0,0.7298618,8,simplekt
32261392583187374,1.0,0.9549773,8,simplekt
32261392583187374,1.0,0.96066856,8,simplekt
32261392583187374,1.0,0.9452395,8,simplekt
32261392583187374,1.0,0.98289675,8,simplekt
32261392583187374,1.0,0.99741286,8,simplekt
32261392583187374,1.0,0.93175083,8,simplekt
32261392583187374,1.0,0.9783443,8,simplekt
32261392583187374,1.0,0.7786116,8,simplekt
32261392583187374,1.0,0.9144671,8,simplekt
32261392583187374,0.0,0.8555921,8,simplekt
32261392583187374,1.0,0.89806706,8,simplekt
32261392583187374,1.0,0.78040534,8,simplekt
32261392583187374,1.0,0.77761656,8,simplekt
32261392583187374,1.0,0.9821876,8,simplekt
32261392583187374,1.0,0.9999863,8,simplekt
32261392583187374,1.0,0.9850832,8,simplekt
32261392583187374,1.0,0.9528845,8,simplekt
32261392583187374,1.0,0.80915165,8,simplekt
32261392583187374,1.0,0.99065316,8,simplekt
32261392583187374,1.0,0.9820087,8,simplekt
32261392583187374,1.0,0.97705734,8,simplekt
32261392583187374,1.0,0.90317506,8,simplekt
32261392583187374,1.0,0.960539,8,simplekt
32261392583187374,1.0,0.9304299,8,simplekt
32261392583187374,0.0,0.9392094,8,simplekt
32261392583187374,1.0,0.77386695,8,simplekt
32261392583187374,0.0,0.47660443,8,simplekt
32261392583187374,1.0,0.8694447,8,simplekt
32261392583187374,1.0,0.93067276,8,simplekt
32261392583187374,1.0,0.91683745,8,simplekt
32261392583187374,1.0,0.9148433,8,simplekt
32261392583187374,1.0,0.7134984,8,simplekt
32261392583187374,1.0,0.84302723,8,simplekt
32261392583187374,1.0,0.9999784,8,simplekt
32261392583187374,0.0,0.79752725,8,simplekt
32261392583187374,1.0,0.95585454,8,simplekt
32261392583187374,1.0,0.9614789,8,simplekt
32261392583187374,1.0,0.9375359,8,simplekt
32261392583187374,1.0,0.9998851,8,simplekt
32261392583187374,1.0,0.9867683,8,simplekt
32261392583187374,1.0,0.9999882,8,simplekt
32261392583187374,1.0,0.9711217,8,simplekt
32261392583187374,1.0,0.9999659,8,simplekt
32261392583187374,1.0,0.93666124,8,simplekt
32261392583187374,1.0,0.9873,8,simplekt
32261392583187374,1.0,0.8312428,8,simplekt
32261392583187374,1.0,0.87291557,8,simplekt
32261392583187374,1.0,0.87566465,8,simplekt
32261392583187374,1.0,0.9815214,8,simplekt
32261392583187374,1.0,0.9926322,8,simplekt
32261392583187374,1.0,0.9999943,8,simplekt
32261392583187374,1.0,0.7224659,8,simplekt
32261392583187374,1.0,0.9772465,8,simplekt
32261392583187374,1.0,0.9918846,8,simplekt
32261392583187374,1.0,0.9630895,8,simplekt
32261392583187374,1.0,0.9697529,8,simplekt
32261392583187374,1.0,0.97779274,8,simplekt
32261392583187374,1.0,0.9697789,8,simplekt
32261392583187374,1.0,0.99966145,8,simplekt
32261392583187374,1.0,0.96329004,8,simplekt
32261392583187374,1.0,0.9999883,8,simplekt
32261392583187374,1.0,0.9919416,8,simplekt
32261392583187374,1.0,0.97627556,8,simplekt
32261392583187374,1.0,0.99999106,8,simplekt
32261392583187374,1.0,0.982438,8,simplekt
32261392583187374,1.0,0.9949108,8,simplekt
32261392583187374,1.0,0.9865834,8,simplekt
32261392583187374,1.0,0.9649021,8,simplekt
32261392583187374,0.0,0.7702361,8,simplekt
32261392583187374,0.0,0.8749752,8,simplekt
32261392583187374,0.0,0.450699,8,simplekt
32261392583187374,1.0,0.8429868,8,simplekt
32261392583187374,1.0,0.99947363,8,simplekt
32261392583187374,1.0,0.9522331,8,simplekt
32261392583187374,1.0,0.92386967,8,simplekt
32261392583187374,1.0,0.9270649,8,simplekt
32261392583187374,1.0,0.8955844,8,simplekt
32261392583187374,1.0,0.8899412,8,simplekt
32261392583187374,1.0,0.96512634,8,simplekt
32261392583187374,1.0,0.93004996,8,simplekt
32261392583187374,1.0,0.9182755,8,simplekt
32261392583187374,1.0,0.96797985,8,simplekt
32261392583187374,1.0,0.8217587,8,simplekt
32261392583187374,1.0,0.77502394,8,simplekt
32261392583187374,1.0,0.68453664,8,simplekt
32261392583187374,1.0,0.9992256,8,simplekt
32261392583187374,1.0,0.9888786,8,simplekt
32261392583187374,1.0,0.99992204,8,simplekt
32261392583187374,1.0,0.95424926,8,simplekt
32261392583187374,1.0,0.97432613,8,simplekt
32261392583187374,1.0,0.99991524,8,simplekt
32261392583187374,1.0,0.9653027,8,simplekt
32261392583187374,1.0,0.99983275,8,simplekt
32261392583187374,1.0,0.9998838,8,simplekt
32261392583187374,1.0,0.96573436,8,simplekt
32261392583187374,1.0,0.97782785,8,simplekt
32261392583187374,1.0,0.9996748,8,simplekt
32261392583187374,1.0,0.9498653,8,simplekt
32261392583187374,1.0,0.9868053,8,simplekt
32261392583187374,1.0,0.98556364,8,simplekt
32261392583187374,1.0,0.9999807,8,simplekt
32261392583187374,1.0,0.9605072,8,simplekt
32261392583187374,1.0,0.9850957,8,simplekt
32261392583187374,1.0,0.7652045,8,simplekt
32261392583187374,1.0,0.9999783,8,simplekt
32261392583187374,0.0,0.73186016,8,simplekt
32261392583187374,1.0,0.39625368,8,simplekt
32261392583187374,1.0,0.97247136,8,simplekt
32261392583187374,1.0,0.78279716,8,simplekt
32261392583187374,1.0,0.9637952,8,simplekt
32261392583187374,1.0,0.98653316,8,simplekt
32261392583187374,1.0,0.9999865,8,simplekt
35345150560544716,1.0,0.9751187,8,simplekt
35345150560544716,1.0,0.9164456,8,simplekt
35345150560544716,1.0,0.9999925,8,simplekt
35345150560544716,1.0,0.8295485,8,simplekt
35345150560544716,1.0,0.9667972,8,simplekt
35345150560544716,1.0,0.9729011,8,simplekt
35345150560544716,1.0,0.87427425,8,simplekt
35345150560544716,1.0,0.98920536,8,simplekt
35345150560544716,1.0,0.9542836,8,simplekt
35345150560544716,1.0,0.95568734,8,simplekt
35345150560544716,1.0,0.98220956,8,simplekt
35345150560544716,1.0,0.99745995,8,simplekt
35345150560544716,1.0,0.9522374,8,simplekt
35345150560544716,1.0,0.89265317,8,simplekt
35345150560544716,1.0,0.98226756,8,simplekt
35345150560544716,1.0,0.98048925,8,simplekt
35345150560544716,1.0,0.78770673,8,simplekt
35345150560544716,0.0,0.77870667,8,simplekt
35345150560544716,1.0,0.85971165,8,simplekt
35345150560544716,0.0,0.6720853,8,simplekt
35345150560544716,1.0,0.72994655,8,simplekt
35345150560544716,1.0,0.77419543,8,simplekt
35345150560544716,1.0,0.64870083,8,simplekt
35345150560544716,1.0,0.9999832,8,simplekt
35345150560544716,1.0,0.87062377,8,simplekt
35345150560544716,1.0,0.9677449,8,simplekt
35345150560544716,1.0,0.9662139,8,simplekt
35345150560544716,1.0,0.9999914,8,simplekt
35345150560544716,1.0,0.9425128,8,simplekt
35345150560544716,0.0,0.92505836,8,simplekt
35345150560544716,0.0,2.4133937e-05,8,simplekt
35345150560544716,1.0,0.9291209,8,simplekt
35345150560544716,1.0,0.9055558,8,simplekt
35345150560544716,1.0,0.9747907,8,simplekt
35345150560544716,1.0,0.95571685,8,simplekt
35345150560544716,1.0,0.9918001,8,simplekt
35345150560544716,1.0,0.9999913,8,simplekt
35345150560544716,1.0,0.97189844,8,simplekt
35345150560544716,1.0,0.9384885,8,simplekt
35345150560544716,1.0,0.7499442,8,simplekt
35345150560544716,1.0,0.98879063,8,simplekt
35345150560544716,1.0,0.9808873,8,simplekt
35345150560544716,1.0,0.96922964,8,simplekt
35345150560544716,1.0,0.87629837,8,simplekt
35345150560544716,1.0,0.95016956,8,simplekt
35345150560544716,1.0,0.735716,8,simplekt
35345150560544716,1.0,0.8563176,8,simplekt
35345150560544716,1.0,0.99999785,8,simplekt
35345150560544716,1.0,0.85523087,8,simplekt
35345150560544716,1.0,0.9557904,8,simplekt
35345150560544716,1.0,0.9664066,8,simplekt
35345150560544716,1.0,0.92392665,8,simplekt
35345150560544716,1.0,0.9496742,8,simplekt
35345150560544716,1.0,0.9999951,8,simplekt
35345150560544716,1.0,0.9849712,8,simplekt
35345150560544716,1.0,0.9618875,8,simplekt
35345150560544716,1.0,0.9566125,8,simplekt
35345150560544716,1.0,0.9876486,8,simplekt
35345150560544716,1.0,0.9329273,8,simplekt
35345150560544716,1.0,0.9999645,8,simplekt
35345150560544716,1.0,0.9451138,8,simplekt
35345150560544716,1.0,0.9718141,8,simplekt
35345150560544716,1.0,0.96976984,8,simplekt
35345150560544716,1.0,0.99995804,8,simplekt
35345150560544716,1.0,0.99999976,8,simplekt
35345150560544716,1.0,0.9999945,8,simplekt
35345150560544716,1.0,0.9497472,8,simplekt
35345150560544716,1.0,0.99999356,8,simplekt
35345150560544716,1.0,0.9893476,8,simplekt
35345150560544716,1.0,0.9999937,8,simplekt
35345150560544716,1.0,0.9713698,8,simplekt
35345150560544716,1.0,0.99996495,8,simplekt
35345150560544716,0.0,0.58297896,8,simplekt
35345150560544716,0.0,0.48559642,8,simplekt
35345150560544716,0.0,4.8165845e-07,8,simplekt
35345150560544716,0.0,0.26572633,8,simplekt
35345150560544716,1.0,0.9423976,8,simplekt
35345150560544716,1.0,0.8948306,8,simplekt
35345150560544716,1.0,0.9203917,8,simplekt
35345150560544716,1.0,0.6563057,8,simplekt
35345150560544716,1.0,0.8683078,8,simplekt
35345150560544716,1.0,0.9083455,8,simplekt
35345150560544716,1.0,0.93434817,8,simplekt
35345150560544716,1.0,0.9852166,8,simplekt
35345150560544716,1.0,0.9884356,8,simplekt
35345150560544716,1.0,0.9900802,8,simplekt
35345150560544716,1.0,0.99999595,8,simplekt
35345150560544716,0.0,0.6116693,8,simplekt
35345150560544716,1.0,0.7052683,8,simplekt
35345150560544716,1.0,0.8152641,8,simplekt
35345150560544716,1.0,0.99999607,8,simplekt
35345150560544716,0.0,0.8454562,8,simplekt
35345150560544716,0.0,0.9244988,8,simplekt
35345150560544716,1.0,0.60300106,8,simplekt
35345150560544716,1.0,0.5503266,8,simplekt
35345150560544716,1.0,0.9586261,8,simplekt
35345150560544716,1.0,0.9841589,8,simplekt
35345150560544716,1.0,0.8912203,8,simplekt
35345150560544716,1.0,0.8370713,8,simplekt
35345150560544716,1.0,0.9318896,8,simplekt
35345150560544716,1.0,0.916453,8,simplekt
35345150560544716,1.0,0.9999765,8,simplekt
35345150560544716,1.0,0.99998677,8,simplekt
35345150560544716,1.0,0.9809163,8,simplekt
35345150560544716,1.0,0.99131036,8,simplekt
35345150560544716,0.0,0.93208545,8,simplekt
35345150560544716,1.0,0.96192706,8,simplekt
35345150560544716,1.0,0.9999629,8,simplekt
35345150560544716,1.0,0.99997926,8,simplekt
35345150560544716,1.0,0.98879445,8,simplekt
35345150560544716,1.0,0.92848873,8,simplekt
35345150560544716,0.0,0.9493106,8,simplekt
35345150560544716,1.0,0.6065693,8,simplekt
35345150560544716,1.0,0.99958616,8,simplekt
35345150560544716,1.0,0.9582349,8,simplekt
35345150560544716,1.0,0.9998646,8,simplekt
35345150560544716,1.0,0.93139935,8,simplekt
35345150560544716,1.0,0.95926136,8,simplekt
35345150560544716,1.0,0.99961925,8,simplekt
35345150560544716,1.0,0.9434754,8,simplekt
35345150560544716,1.0,0.9891657,8,simplekt
35345150560544716,1.0,0.98284966,8,simplekt
35345150560544716,1.0,0.9998864,8,simplekt
35345150560544716,1.0,0.9663842,8,simplekt
35345150560544716,1.0,0.9871228,8,simplekt
35345150560544716,1.0,0.97864157,8,simplekt
35345150560544716,1.0,0.95557207,8,simplekt
35345150560544716,1.0,0.99988306,8,simplekt
35345150560544716,1.0,0.9583881,8,simplekt
35345150560544716,1.0,0.9999875,8,simplekt
35345150560544716,1.0,0.99313664,8,simplekt
35345150560544716,1.0,0.9960657,8,simplekt
35345150560544716,0.0,0.9685081,8,simplekt
35345150560544716,0.0,3.1672478e-06,8,simplekt
35345150560544716,1.0,0.86456126,8,simplekt
35345150560544716,1.0,0.99089277,8,simplekt
35345150560544716,1.0,0.92312056,8,simplekt
35345150560544716,1.0,0.97145826,8,simplekt
35345150560544716,1.0,0.94871455,8,simplekt
35345150560544716,1.0,0.9605084,8,simplekt
35345150560544716,1.0,0.97770154,8,simplekt
35345150560544716,1.0,0.9942405,8,simplekt
35345150560544716,1.0,0.88906306,8,simplekt
35345150560544716,1.0,0.9681473,8,simplekt
35345150560544716,1.0,0.99782157,8,simplekt
35345150560544716,1.0,0.99999785,8,simplekt
35345150560544716,1.0,0.99999666,8,simplekt
35345150560544716,1.0,0.999969,8,simplekt
35345150560544716,1.0,0.9730555,8,simplekt
35345150560544716,1.0,0.7584856,8,simplekt
35345150560544716,1.0,0.9994586,8,simplekt
35345150560544716,0.0,0.7052639,8,simplekt
35345150560544716,0.0,0.00020242047,8,simplekt
35345150560544716,1.0,0.72457445,8,simplekt
35345150560544716,1.0,0.9991333,8,simplekt
35345150560544716,1.0,0.8412855,8,simplekt
35345150560544716,1.0,0.8509271,8,simplekt
35345150560544716,1.0,0.64849067,8,simplekt
35345150560544716,0.0,0.63504374,8,simplekt
35345150560544716,0.0,1.7607561e-05,8,simplekt
35345150560544716,1.0,0.96670514,8,simplekt
35345150560544716,1.0,0.7467647,8,simplekt
35345150560544716,1.0,0.9460921,8,simplekt
35345150560544716,1.0,0.98090094,8,simplekt
35345150560544716,1.0,0.9999647,8,simplekt
35345150560544716,1.0,0.95920575,8,simplekt
35345150560544716,1.0,0.97576493,8,simplekt
35345150560544716,1.0,0.9682416,8,simplekt
35345150560544716,1.0,0.7278632,8,simplekt
35345150560544716,1.0,0.9778675,8,simplekt
35345150560544716,1.0,0.93675196,8,simplekt
35345150560544716,1.0,0.9997367,8,simplekt
35345150560544716,1.0,0.98397255,8,simplekt
35345150560544716,1.0,0.9826187,8,simplekt
35345150560544716,1.0,0.9552575,8,simplekt
35345150560544716,1.0,0.9999337,8,simplekt
35345150560544716,1.0,0.98218703,8,simplekt
35345150560544716,1.0,0.89925945,8,simplekt
35345150560544716,1.0,0.9662198,8,simplekt
35345150560544716,1.0,0.9426901,8,simplekt
35345150560544716,1.0,0.99996567,8,simplekt
35345150560544716,1.0,0.9631917,8,simplekt
35345150560544716,1.0,0.9434024,8,simplekt
35345150560544716,1.0,0.94517034,8,simplekt
35345150560544716,1.0,0.93251866,8,simplekt
35345150560544716,1.0,0.95423204,8,simplekt
35345150560544716,1.0,0.9822015,8,simplekt
35345150560544716,1.0,0.89524263,8,simplekt
35345150560544716,1.0,0.9806638,8,simplekt
35345150560544716,1.0,0.9999963,8,simplekt
35345150560544716,1.0,0.94927937,8,simplekt
35345150560544716,1.0,0.951246,8,simplekt
35345150560544716,1.0,0.8899833,8,simplekt
35345150560544716,1.0,0.9613384,8,simplekt
35345150560544716,1.0,0.9259916,8,simplekt
35345150560544716,1.0,0.8582864,8,simplekt
35345150560544716,1.0,0.9999472,8,simplekt
35345150560544716,1.0,0.91847515,8,simplekt
35345150560544716,1.0,0.9883129,8,simplekt
42829751964137116,1.0,0.8789799,8,simplekt
42829751964137116,1.0,0.7651742,8,simplekt
42829751964137116,1.0,0.88608897,8,simplekt
42829751964137116,0.0,0.8206485,8,simplekt
42829751964137116,1.0,0.9407262,8,simplekt
42829751964137116,1.0,0.9997775,8,simplekt
42829751964137116,1.0,0.61781925,8,simplekt
42829751964137116,1.0,0.64105403,8,simplekt
42829751964137116,1.0,0.93984836,8,simplekt
42829751964137116,1.0,0.97853583,8,simplekt
42829751964137116,1.0,0.9354806,8,simplekt
42829751964137116,1.0,0.7506438,8,simplekt
42829751964137116,1.0,0.9999969,8,simplekt
42829751964137116,1.0,0.8974711,8,simplekt
42829751964137116,1.0,0.73485756,8,simplekt
42829751964137116,1.0,0.99996567,8,simplekt
42829751964137116,1.0,0.99996746,8,simplekt
42829751964137116,1.0,0.99994934,8,simplekt
42829751964137116,1.0,0.9841763,8,simplekt
42829751964137116,1.0,0.8652299,8,simplekt
42829751964137116,1.0,0.89113224,8,simplekt
42829751964137116,1.0,0.81094265,8,simplekt
42829751964137116,0.0,0.7718617,8,simplekt
42829751964137116,0.0,0.8835359,8,simplekt
42829751964137116,1.0,0.8796237,8,simplekt
42829751964137116,1.0,0.99993443,8,simplekt
42829751964137116,1.0,0.8731924,8,simplekt
42829751964137116,1.0,0.8799388,8,simplekt
42829751964137116,1.0,0.98363036,8,simplekt
42829751964137116,1.0,0.99136657,8,simplekt
42829751964137116,1.0,0.9442062,8,simplekt
42829751964137116,1.0,0.9892062,8,simplekt
42829751964137116,1.0,0.9591777,8,simplekt
42829751964137116,1.0,0.95515984,8,simplekt
42829751964137116,1.0,0.9797855,8,simplekt
42829751964137116,1.0,0.89159054,8,simplekt
42829751964137116,1.0,0.7957095,8,simplekt
42829751964137116,1.0,0.6990049,8,simplekt
42829751964137116,1.0,0.9396699,8,simplekt
42829751964137116,1.0,0.94259256,8,simplekt
42829751964137116,1.0,0.9733374,8,simplekt
42829751964137116,1.0,0.95890945,8,simplekt
42829751964137116,1.0,0.9558128,8,simplekt
42829751964137116,1.0,0.75530964,8,simplekt
42829751964137116,1.0,0.9806419,8,simplekt
42829751964137116,1.0,0.9999809,8,simplekt
42829751964137116,1.0,0.97343737,8,simplekt
42829751964137116,1.0,0.9518966,8,simplekt
42829751964137116,1.0,0.9769677,8,simplekt
42829751964137116,1.0,0.87365943,8,simplekt
42829751964137116,1.0,0.7953527,8,simplekt
42829751964137116,0.0,0.6492113,8,simplekt
42829751964137116,0.0,0.88105726,8,simplekt
42829751964137116,1.0,0.82415104,8,simplekt
42829751964137116,1.0,0.73663545,8,simplekt
42829751964137116,1.0,0.82847375,8,simplekt
42829751964137116,1.0,0.8461229,8,simplekt
42829751964137116,0.0,0.50872797,8,simplekt
42829751964137116,1.0,0.6338501,8,simplekt
42829751964137116,1.0,0.66572684,8,simplekt
42829751964137116,0.0,0.8653347,8,simplekt
42829751964137116,1.0,0.9096768,8,simplekt
42829751964137116,1.0,0.78290135,8,simplekt
42829751964137116,1.0,0.886699,8,simplekt
42829751964137116,1.0,0.89786255,8,simplekt
42829751964137116,1.0,0.97422624,8,simplekt
42829751964137116,1.0,0.89434344,8,simplekt
42829751964137116,1.0,0.9999981,8,simplekt
42829751964137116,0.0,0.62416863,8,simplekt
42829751964137116,1.0,0.8759367,8,simplekt
42829751964137116,0.0,0.5715596,8,simplekt
42829751964137116,1.0,0.72202456,8,simplekt
42829751964137116,1.0,0.92426044,8,simplekt
42829751964137116,1.0,0.91745573,8,simplekt
42829751964137116,0.0,0.8624496,8,simplekt
42829751964137116,0.0,0.8401958,8,simplekt
42829751964137116,0.0,0.6485677,8,simplekt
42829751964137116,0.0,0.5410398,8,simplekt
42829751964137116,0.0,0.123175986,8,simplekt
42829751964137116,1.0,0.37618265,8,simplekt
42829751964137116,1.0,0.99998224,8,simplekt
42829751964137116,0.0,0.7015253,8,simplekt
42829751964137116,1.0,0.6116069,8,simplekt
42829751964137116,1.0,0.47175887,8,simplekt
42829751964137116,1.0,0.99964416,8,simplekt
42829751964137116,1.0,0.85399646,8,simplekt
42829751964137116,1.0,0.8486305,8,simplekt
42829751964137116,1.0,0.9010915,8,simplekt
42829751964137116,1.0,0.9173993,8,simplekt
42829751964137116,1.0,0.51044124,8,simplekt
42829751964137116,1.0,0.9556311,8,simplekt
42829751964137116,1.0,0.9999865,8,simplekt
42829751964137116,1.0,0.912305,8,simplekt
42829751964137116,1.0,0.9997522,8,simplekt
42829751964137116,1.0,0.9274146,8,simplekt
42829751964137116,1.0,0.99989176,8,simplekt
42829751964137116,0.0,0.24960545,8,simplekt
42829751964137116,0.0,0.7728353,8,simplekt
42829751964137116,0.0,0.5889152,8,simplekt
42829751964137116,1.0,0.5848114,8,simplekt
42829751964137116,1.0,0.9997191,8,simplekt
42829751964137116,1.0,0.99996066,8,simplekt
42829751964137116,1.0,0.99995136,8,simplekt
42829751964137116,1.0,0.9342694,8,simplekt
42829751964137116,1.0,0.77951044,8,simplekt
42829751964137116,1.0,0.96672297,8,simplekt
42829751964137116,1.0,0.999979,8,simplekt
42829751964137116,1.0,0.90018547,8,simplekt
42829751964137116,0.0,0.7826622,8,simplekt
42829751964137116,1.0,0.9025925,8,simplekt
42829751964137116,1.0,0.83527756,8,simplekt
42829751964137116,1.0,0.95342153,8,simplekt
42829751964137116,1.0,0.9600697,8,simplekt
42829751964137116,1.0,0.99984765,8,simplekt
42829751964137116,1.0,0.9208112,8,simplekt
42829751964137116,1.0,0.5273399,8,simplekt
42829751964137116,1.0,0.9995852,8,simplekt
42829751964137116,0.0,0.9116101,8,simplekt
42829751964137116,0.0,0.6810591,8,simplekt
42829751964137116,1.0,0.8767785,8,simplekt
42829751964137116,1.0,0.8773138,8,simplekt
42829751964137116,1.0,0.9992716,8,simplekt
42829751964137116,1.0,0.8562844,8,simplekt
42829751964137116,1.0,0.7418418,8,simplekt
42829751964137116,1.0,0.9966273,8,simplekt
42829751964137116,1.0,0.7514592,8,simplekt
42829751964137116,1.0,0.7335869,8,simplekt
42829751964137116,1.0,0.68060875,8,simplekt
42829751964137116,1.0,0.8077617,8,simplekt
42829751964137116,1.0,0.83063483,8,simplekt
42829751964137116,1.0,0.8274954,8,simplekt
42829751964137116,1.0,0.86254454,8,simplekt
42829751964137116,1.0,0.9053745,8,simplekt
42829751964137116,1.0,0.96039385,8,simplekt
42829751964137116,1.0,0.98457056,8,simplekt
42829751964137116,1.0,0.98702765,8,simplekt
42829751964137116,1.0,0.99999475,8,simplekt
42829751964137116,1.0,0.97129333,8,simplekt
42829751964137116,1.0,0.9314253,8,simplekt
42829751964137116,1.0,0.98859763,8,simplekt
42829751964137116,1.0,0.9755989,8,simplekt
42829751964137116,1.0,0.9928685,8,simplekt
42829751964137116,1.0,0.99686414,8,simplekt
42829751964137116,1.0,0.99999726,8,simplekt
42829751964137116,1.0,0.9999962,8,simplekt
42829751964137116,1.0,0.99998176,8,simplekt
42829751964137116,1.0,0.5237505,8,simplekt
42829751964137116,1.0,0.9695808,8,simplekt
42829751964137116,1.0,0.9641454,8,simplekt
42829751964137116,1.0,0.9875459,8,simplekt
42829751964137116,1.0,0.85348,8,simplekt
42829751964137116,1.0,0.9328304,8,simplekt
42829751964137116,1.0,0.90627164,8,simplekt
42829751964137116,1.0,0.99999213,8,simplekt
42829751964137116,1.0,0.9999974,8,simplekt
42829751964137116,1.0,0.949058,8,simplekt
42829751964137116,1.0,0.9999558,8,simplekt
42829751964137116,1.0,0.9999778,8,simplekt
42829751964137116,1.0,0.9866454,8,simplekt
42829751964137116,1.0,0.952756,8,simplekt
42829751964137116,1.0,0.9650685,8,simplekt
42829751964137116,1.0,0.9328112,8,simplekt
42829751964137116,1.0,0.9999418,8,simplekt
42829751964137116,1.0,0.9502425,8,simplekt
42829751964137116,1.0,0.9999957,8,simplekt
42829751964137116,1.0,0.985912,8,simplekt
42829751964137116,1.0,0.99286,8,simplekt
42829751964137116,1.0,0.9443929,8,simplekt
42829751964137116,1.0,0.9999845,8,simplekt
42829751964137116,1.0,0.9758887,8,simplekt
42829751964137116,1.0,0.9914493,8,simplekt
42829751964137116,0.0,0.68282276,8,simplekt
42829751964137116,1.0,0.86548823,8,simplekt
42829751964137116,1.0,0.86957073,8,simplekt
42829751964137116,1.0,0.9611877,8,simplekt
42829751964137116,1.0,0.6191172,8,simplekt
42829751964137116,1.0,0.68658096,8,simplekt
42829751964137116,1.0,0.99989915,8,simplekt
42829751964137116,1.0,0.93340564,8,simplekt
42829751964137116,1.0,0.9560759,8,simplekt
42829751964137116,1.0,0.9621148,8,simplekt
42829751964137116,1.0,0.9998555,8,simplekt
42829751964137116,1.0,0.966861,8,simplekt
42829751964137116,1.0,0.99961406,8,simplekt
42829751964137116,1.0,0.7482521,8,simplekt
42829751964137116,1.0,0.9999428,8,simplekt
42829751964137116,1.0,0.99999857,8,simplekt
42829751964137116,1.0,0.9829422,8,simplekt
42829751964137116,1.0,0.9810445,8,simplekt
42829751964137116,1.0,0.9034889,8,simplekt
42829751964137116,1.0,0.96727854,8,simplekt
42829751964137116,1.0,0.9999963,8,simplekt
42829751964137116,1.0,0.63144267,8,simplekt
42829751964137116,1.0,0.9999634,8,simplekt
42829751964137116,1.0,0.8364867,8,simplekt
42829751964137116,1.0,0.96408004,8,simplekt
42829751964137116,1.0,0.93080145,8,simplekt
42829751964137116,1.0,0.91106963,8,simplekt
42829751964137116,1.0,0.9739169,8,simplekt
45559742733311995,1.0,0.97981125,8,simplekt
45559742733311995,1.0,0.68924284,8,simplekt
45559742733311995,1.0,0.9245301,8,simplekt
45559742733311995,1.0,0.8920743,8,simplekt
45559742733311995,1.0,0.94394606,8,simplekt
45559742733311995,1.0,0.90431017,8,simplekt
45559742733311995,1.0,0.99998856,8,simplekt
45559742733311995,1.0,0.97298133,8,simplekt
45559742733311995,1.0,0.9998946,8,simplekt
45559742733311995,1.0,0.9025662,8,simplekt
45559742733311995,1.0,0.90531677,8,simplekt
45559742733311995,1.0,0.99999225,8,simplekt
45559742733311995,1.0,0.88458675,8,simplekt
45559742733311995,1.0,0.9999565,8,simplekt
45559742733311995,1.0,0.9680379,8,simplekt
45559742733311995,1.0,0.94360375,8,simplekt
45559742733311995,1.0,0.98320067,8,simplekt
45559742733311995,1.0,0.9999733,8,simplekt
45559742733311995,1.0,0.99995637,8,simplekt
45559742733311995,1.0,0.9505644,8,simplekt
45559742733311995,1.0,0.98695624,8,simplekt
45559742733311995,1.0,0.9998493,8,simplekt
45559742733311995,1.0,0.9704207,8,simplekt
45559742733311995,1.0,0.99988794,8,simplekt
45559742733311995,1.0,0.9998945,8,simplekt
45559742733311995,1.0,0.91985875,8,simplekt
45559742733311995,1.0,0.9046421,8,simplekt
45559742733311995,1.0,0.99054223,8,simplekt
45559742733311995,1.0,0.99994314,8,simplekt
45559742733311995,1.0,0.9513704,8,simplekt
45559742733311995,0.0,0.9763229,8,simplekt
45559742733311995,1.0,0.9068445,8,simplekt
45559742733311995,0.0,0.93563515,8,simplekt
45559742733311995,1.0,0.9023166,8,simplekt
45559742733311995,0.0,0.88103396,8,simplekt
45559742733311995,1.0,0.9301347,8,simplekt
45559742733311995,0.0,0.97469044,8,simplekt
45559742733311995,1.0,0.7433887,8,simplekt
45559742733311995,0.0,0.6635357,8,simplekt
45559742733311995,1.0,0.863627,8,simplekt
45559742733311995,1.0,0.86433107,8,simplekt
45559742733311995,1.0,0.78364486,8,simplekt
45559742733311995,1.0,0.8064918,8,simplekt
45559742733311995,1.0,0.83159596,8,simplekt
45559742733311995,1.0,0.99999595,8,simplekt
45559742733311995,1.0,0.9999999,8,simplekt
45559742733311995,1.0,0.81060356,8,simplekt
45559742733311995,1.0,0.95372355,8,simplekt
45559742733311995,1.0,0.93156594,8,simplekt
45559742733311995,1.0,0.9999423,8,simplekt
45559742733311995,1.0,0.9583431,8,simplekt
45559742733311995,1.0,0.9491714,8,simplekt
45559742733311995,1.0,0.93146384,8,simplekt
45559742733311995,1.0,0.9997967,8,simplekt
45559742733311995,1.0,0.8848756,8,simplekt
45559742733311995,1.0,0.9463093,8,simplekt
45559742733311995,1.0,0.9656699,8,simplekt
45559742733311995,1.0,0.99990296,8,simplekt
45559742733311995,0.0,0.9253972,8,simplekt
45559742733311995,0.0,0.00070622715,8,simplekt
45559742733311995,1.0,0.892447,8,simplekt
45559742733311995,1.0,0.9969229,8,simplekt
45559742733311995,1.0,0.92128676,8,simplekt
45559742733311995,1.0,0.937786,8,simplekt
45559742733311995,0.0,0.8368014,8,simplekt
45559742733311995,1.0,0.9117063,8,simplekt
45559742733311995,1.0,0.8578681,8,simplekt
45559742733311995,1.0,0.94373196,8,simplekt
45559742733311995,1.0,0.9770224,8,simplekt
45559742733311995,1.0,0.9653887,8,simplekt
45559742733311995,1.0,0.78739566,8,simplekt
45559742733311995,1.0,0.9999498,8,simplekt
45559742733311995,1.0,0.6910298,8,simplekt
45559742733311995,0.0,0.47104686,8,simplekt
45559742733311995,1.0,0.8608766,8,simplekt
45559742733311995,1.0,0.891825,8,simplekt
45559742733311995,1.0,0.74516934,8,simplekt
45559742733311995,1.0,0.85291237,8,simplekt
45559742733311995,1.0,0.9999968,8,simplekt
45559742733311995,1.0,1.0,8,simplekt
45559742733311995,1.0,0.9999994,8,simplekt
45559742733311995,1.0,0.96364546,8,simplekt
45559742733311995,1.0,0.99999607,8,simplekt
45559742733311995,1.0,0.97877115,8,simplekt
45559742733311995,0.0,0.9085491,8,simplekt
45559742733311995,1.0,0.86053604,8,simplekt
45559742733311995,1.0,0.9502166,8,simplekt
45559742733311995,0.0,0.87030655,8,simplekt
45559742733311995,1.0,0.8786639,8,simplekt
45559742733311995,1.0,0.71134084,8,simplekt
45559742733311995,0.0,0.6606308,8,simplekt
45559742733311995,0.0,5.4248794e-05,8,simplekt
45559742733311995,1.0,0.54318213,8,simplekt
45559742733311995,1.0,0.7215521,8,simplekt
45559742733311995,1.0,0.86617374,8,simplekt
45559742733311995,1.0,0.76361203,8,simplekt
45559742733311995,1.0,0.62696487,8,simplekt
45559742733311995,1.0,0.92423123,8,simplekt
45559742733311995,1.0,0.69056404,8,simplekt
45559742733311995,1.0,0.964627,8,simplekt
45559742733311995,1.0,0.95136297,8,simplekt
45559742733311995,1.0,0.9214624,8,simplekt
45559742733311995,1.0,0.9778129,8,simplekt
45559742733311995,1.0,0.962117,8,simplekt
45559742733311995,1.0,0.83512837,8,simplekt
45559742733311995,1.0,0.8308864,8,simplekt
45559742733311995,1.0,0.82809705,8,simplekt
45559742733311995,1.0,0.8875041,8,simplekt
45559742733311995,1.0,0.9766039,8,simplekt
45559742733311995,1.0,0.95513994,8,simplekt
45559742733311995,1.0,0.9139159,8,simplekt
45559742733311995,1.0,0.966103,8,simplekt
45559742733311995,1.0,0.9613071,8,simplekt
45559742733311995,1.0,0.962408,8,simplekt
45559742733311995,1.0,0.65809685,8,simplekt
45559742733311995,1.0,0.91413265,8,simplekt
45559742733311995,1.0,0.86261976,8,simplekt
45559742733311995,1.0,0.88836896,8,simplekt
45559742733311995,1.0,0.9780642,8,simplekt
45559742733311995,1.0,0.970409,8,simplekt
45559742733311995,1.0,0.9483231,8,simplekt
45559742733311995,1.0,0.98647225,8,simplekt
45559742733311995,1.0,0.97113997,8,simplekt
45559742733311995,1.0,0.980182,8,simplekt
45559742733311995,1.0,0.9823386,8,simplekt
45559742733311995,1.0,0.9605214,8,simplekt
45559742733311995,1.0,0.95257306,8,simplekt
45559742733311995,1.0,0.97580826,8,simplekt
45559742733311995,1.0,0.978215,8,simplekt
45559742733311995,1.0,0.99990773,8,simplekt
45559742733311995,1.0,0.9901439,8,simplekt
45559742733311995,1.0,0.9622489,8,simplekt
45559742733311995,1.0,0.82047,8,simplekt
45559742733311995,1.0,0.8289678,8,simplekt
45559742733311995,1.0,0.91292137,8,simplekt
45559742733311995,1.0,0.84955037,8,simplekt
45559742733311995,1.0,0.98059386,8,simplekt
45559742733311995,1.0,0.9555473,8,simplekt
45559742733311995,1.0,0.96076167,8,simplekt
45559742733311995,1.0,0.8558127,8,simplekt
45559742733311995,1.0,0.934438,8,simplekt
45559742733311995,1.0,0.91961795,8,simplekt
45559742733311995,1.0,0.90423775,8,simplekt
45559742733311995,1.0,0.9045318,8,simplekt
45559742733311995,1.0,0.8052268,8,simplekt
45559742733311995,0.0,0.51370597,8,simplekt
45559742733311995,0.0,0.7883961,8,simplekt
45559742733311995,1.0,0.84348613,8,simplekt
45559742733311995,1.0,0.5832325,8,simplekt
45559742733311995,1.0,0.93014896,8,simplekt
45559742733311995,1.0,0.9438866,8,simplekt
45559742733311995,1.0,0.9417854,8,simplekt
45559742733311995,1.0,0.9264999,8,simplekt
45559742733311995,1.0,0.8467491,8,simplekt
45559742733311995,1.0,0.7876167,8,simplekt
45559742733311995,1.0,0.9158917,8,simplekt
45559742733311995,1.0,0.9186696,8,simplekt
45559742733311995,0.0,0.91737777,8,simplekt
45559742733311995,1.0,0.62831265,8,simplekt
45559742733311995,1.0,0.82974815,8,simplekt
45559742733311995,0.0,0.6689067,8,simplekt
45559742733311995,1.0,0.95303845,8,simplekt
45559742733311995,1.0,0.99996686,8,simplekt
45559742733311995,0.0,0.59508926,8,simplekt
45559742733311995,1.0,0.77125245,8,simplekt
45559742733311995,1.0,0.69013625,8,simplekt
45559742733311995,1.0,0.9998173,8,simplekt
45559742733311995,1.0,0.771468,8,simplekt
45559742733311995,1.0,0.9555362,8,simplekt
45559742733311995,1.0,0.9842084,8,simplekt
45559742733311995,1.0,0.86057013,8,simplekt
45559742733311995,1.0,0.9675844,8,simplekt
45559742733311995,1.0,0.9859466,8,simplekt
45559742733311995,0.0,0.97918737,8,simplekt
45559742733311995,1.0,0.9514346,8,simplekt
45559742733311995,0.0,0.73444736,8,simplekt
45559742733311995,0.0,6.255559e-06,8,simplekt
45559742733311995,0.0,0.00059391104,8,simplekt
45559742733311995,0.0,4.507201e-05,8,simplekt
45559742733311995,1.0,0.915997,8,simplekt
45559742733311995,1.0,0.8140798,8,simplekt
45559742733311995,1.0,0.82424974,8,simplekt
45559742733311995,0.0,0.8676497,8,simplekt
45559742733311995,0.0,0.46589112,8,simplekt
45559742733311995,1.0,0.87820953,8,simplekt
45559742733311995,1.0,0.97098565,8,simplekt
45559742733311995,1.0,0.94767666,8,simplekt
45559742733311995,1.0,0.9537808,8,simplekt
45559742733311995,1.0,0.9201804,8,simplekt
45559742733311995,1.0,0.93263346,8,simplekt
45559742733311995,1.0,0.899641,8,simplekt
45559742733311995,1.0,0.96143997,8,simplekt
45559742733311995,1.0,0.9939638,8,simplekt
45559742733311995,1.0,0.9214103,8,simplekt
45559742733311995,1.0,0.8558349,8,simplekt
45559742733311995,1.0,0.9403139,8,simplekt
45559742733311995,1.0,0.96419543,8,simplekt
45559742733311995,1.0,0.9693124,8,simplekt
45559742733311995,1.0,0.79010624,8,simplekt
48488379181898380,1.0,0.81200063,8,simplekt
48488379181898380,1.0,0.89704686,8,simplekt
48488379181898380,1.0,0.8139533,8,simplekt
48488379181898380,0.0,0.73881644,8,simplekt
48488379181898380,0.0,0.53040576,8,simplekt
48488379181898380,0.0,0.68831664,8,simplekt
48488379181898380,0.0,3.752821e-06,8,simplekt
48488379181898380,1.0,0.616814,8,simplekt
48488379181898380,0.0,0.049008437,8,simplekt
48488379181898380,0.0,0.002062345,8,simplekt
48488379181898380,0.0,0.044324063,8,simplekt
48488379181898380,0.0,0.012375221,8,simplekt
48488379181898380,0.0,0.68097633,8,simplekt
48488379181898380,0.0,3.8186868e-06,8,simplekt
48488379181898380,0.0,0.8232874,8,simplekt
48488379181898380,0.0,3.6025085e-07,8,simplekt
48488379181898380,1.0,0.7534051,8,simplekt
48488379181898380,1.0,0.9999598,8,simplekt
48488379181898380,0.0,0.6114636,8,simplekt
48488379181898380,0.0,6.431204e-07,8,simplekt
48488379181898380,1.0,0.5249119,8,simplekt
48488379181898380,1.0,0.99998033,8,simplekt
48488379181898380,0.0,0.632526,8,simplekt
48488379181898380,1.0,0.5142837,8,simplekt
48488379181898380,0.0,0.5358753,8,simplekt
48488379181898380,1.0,0.26600787,8,simplekt
48488379181898380,1.0,0.99982053,8,simplekt
48488379181898380,0.0,0.5625327,8,simplekt
48488379181898380,0.0,2.784998e-06,8,simplekt
48488379181898380,0.0,0.47731572,8,simplekt
48488379181898380,0.0,0.058685783,8,simplekt
48488379181898380,0.0,0.06501644,8,simplekt
48488379181898380,1.0,0.9605957,8,simplekt
48488379181898380,1.0,0.81527555,8,simplekt
48488379181898380,1.0,0.87575096,8,simplekt
48488379181898380,1.0,0.9998522,8,simplekt
48488379181898380,1.0,0.92293084,8,simplekt
48488379181898380,1.0,0.9999647,8,simplekt
48488379181898380,1.0,0.93754226,8,simplekt
48488379181898380,1.0,0.9999809,8,simplekt
48488379181898380,1.0,0.94569844,8,simplekt
48488379181898380,1.0,0.9999852,8,simplekt
48488379181898380,1.0,0.9685838,8,simplekt
48488379181898380,1.0,0.99999285,8,simplekt
48488379181898380,1.0,0.57346255,8,simplekt
48488379181898380,1.0,0.60456425,8,simplekt
48488379181898380,1.0,0.99981195,8,simplekt
48488379181898380,1.0,0.5491306,8,simplekt
48488379181898380,1.0,0.74275964,8,simplekt
48488379181898380,1.0,0.6141111,8,simplekt
48488379181898380,1.0,0.81405634,8,simplekt
48488379181898380,0.0,0.8455218,8,simplekt
48488379181898380,0.0,0.85707694,8,simplekt
48488379181898380,1.0,0.6650257,8,simplekt
48488379181898380,1.0,0.5686967,8,simplekt
48488379181898380,1.0,0.5716498,8,simplekt
48488379181898380,0.0,0.77844805,8,simplekt
48488379181898380,1.0,0.3242615,8,simplekt
48488379181898380,0.0,0.48613718,8,simplekt
48488379181898380,1.0,0.6631732,8,simplekt
48488379181898380,1.0,0.89106625,8,simplekt
48488379181898380,1.0,0.99995625,8,simplekt
48488379181898380,1.0,0.8396161,8,simplekt
48488379181898380,1.0,0.99971336,8,simplekt
48488379181898380,1.0,0.832415,8,simplekt
48488379181898380,0.0,0.87128395,8,simplekt
48488379181898380,1.0,0.469859,8,simplekt
48488379181898380,1.0,0.5180541,8,simplekt
48488379181898380,1.0,0.94066715,8,simplekt
48488379181898380,1.0,0.78638643,8,simplekt
48488379181898380,1.0,0.9216137,8,simplekt
48488379181898380,1.0,0.9999571,8,simplekt
48488379181898380,0.0,0.27897865,8,simplekt
48488379181898380,0.0,1.9694778e-06,8,simplekt
48488379181898380,0.0,4.840544e-07,8,simplekt
48488379181898380,1.0,0.89551514,8,simplekt
48488379181898380,1.0,0.99999523,8,simplekt
48488379181898380,1.0,0.9999912,8,simplekt
48488379181898380,1.0,0.9567925,8,simplekt
48488379181898380,1.0,0.9999678,8,simplekt
48488379181898380,0.0,0.6356095,8,simplekt
48488379181898380,0.0,3.0207175e-07,8,simplekt
48488379181898380,1.0,0.74148494,8,simplekt
48488379181898380,1.0,0.99984705,8,simplekt
48488379181898380,1.0,0.9863057,8,simplekt
48488379181898380,1.0,0.9999982,8,simplekt
48488379181898380,0.0,0.5134107,8,simplekt
48488379181898380,1.0,0.66856056,8,simplekt
48488379181898380,1.0,0.8017963,8,simplekt
48488379181898380,1.0,0.75936073,8,simplekt
48488379181898380,0.0,0.4516834,8,simplekt
48488379181898380,0.0,0.51208115,8,simplekt
48488379181898380,0.0,0.04763309,8,simplekt
48488379181898380,1.0,0.7615548,8,simplekt
48488379181898380,0.0,0.6252688,8,simplekt
48488379181898380,0.0,0.7361856,8,simplekt
48488379181898380,1.0,0.48877645,8,simplekt
48488379181898380,0.0,0.5247552,8,simplekt
48488379181898380,0.0,0.44390935,8,simplekt
48488379181898380,1.0,0.7982728,8,simplekt
48488379181898380,0.0,0.24892987,8,simplekt
48488379181898380,1.0,0.6982764,8,simplekt
48488379181898380,1.0,0.94128937,8,simplekt
48488379181898380,1.0,0.96204907,8,simplekt
48488379181898380,1.0,0.85441273,8,simplekt
48488379181898380,1.0,0.7883741,8,simplekt
48488379181898380,0.0,0.709436,8,simplekt
48488379181898380,0.0,3.5888188e-05,8,simplekt
48488379181898380,1.0,0.5896631,8,simplekt
48488379181898380,1.0,0.9999914,8,simplekt
48488379181898380,1.0,0.43454847,8,simplekt
48488379181898380,1.0,0.999998,8,simplekt
48488379181898380,1.0,0.55968386,8,simplekt
48488379181898380,1.0,0.9999981,8,simplekt
48488379181898380,0.0,0.56047183,8,simplekt
48488379181898380,0.0,5.084004e-06,8,simplekt
48488379181898380,0.0,0.6832513,8,simplekt
48488379181898380,0.0,2.5411744e-05,8,simplekt
48488379181898380,0.0,0.46899563,8,simplekt
48488379181898380,1.0,0.80128765,8,simplekt
48488379181898380,1.0,0.6595538,8,simplekt
48488379181898380,0.0,0.7417572,8,simplekt
48488379181898380,0.0,0.651052,8,simplekt
48488379181898380,1.0,0.897039,8,simplekt
48488379181898380,1.0,0.42101535,8,simplekt
48488379181898380,1.0,0.13250016,8,simplekt
48488379181898380,1.0,0.8364434,8,simplekt
48488379181898380,1.0,0.8574576,8,simplekt
48488379181898380,0.0,0.19794169,8,simplekt
48488379181898380,1.0,0.8536529,8,simplekt
48488379181898380,0.0,0.14521219,8,simplekt
48488379181898380,0.0,0.46583265,8,simplekt
48488379181898380,0.0,0.40841988,8,simplekt
48488379181898380,1.0,0.53913033,8,simplekt
48488379181898380,0.0,0.4475985,8,simplekt
48488379181898380,0.0,0.09238801,8,simplekt
48488379181898380,0.0,0.2952806,8,simplekt
48488379181898380,1.0,0.3572971,8,simplekt
48488379181898380,0.0,0.38550845,8,simplekt
48488379181898380,1.0,0.6894577,8,simplekt
48488379181898380,1.0,0.86608505,8,simplekt
48488379181898380,0.0,0.15840799,8,simplekt
48488379181898380,0.0,0.28500962,8,simplekt
48488379181898380,0.0,0.1382007,8,simplekt
48488379181898380,0.0,0.6917935,8,simplekt
48488379181898380,1.0,0.37396115,8,simplekt
48488379181898380,0.0,0.2825383,8,simplekt
48488379181898380,0.0,5.5135606e-06,8,simplekt
48488379181898380,1.0,0.39384365,8,simplekt
48488379181898380,1.0,0.5870644,8,simplekt
48488379181898380,1.0,0.873885,8,simplekt
48488379181898380,1.0,0.7140398,8,simplekt
48488379181898380,1.0,0.9097529,8,simplekt
48488379181898380,1.0,0.9414851,8,simplekt
48488379181898380,0.0,0.64877254,8,simplekt
48488379181898380,0.0,0.47544888,8,simplekt
48488379181898380,0.0,5.299799e-08,8,simplekt
48488379181898380,1.0,0.81510174,8,simplekt
48488379181898380,1.0,0.99998164,8,simplekt
48488379181898380,0.0,0.3132702,8,simplekt
48488379181898380,0.0,0.0027984895,8,simplekt
48488379181898380,0.0,0.62645715,8,simplekt
48488379181898380,0.0,2.6296306e-05,8,simplekt
48488379181898380,0.0,1.1611859e-05,8,simplekt
48488379181898380,1.0,0.34425122,8,simplekt
48488379181898380,1.0,0.99731016,8,simplekt
48488379181898380,0.0,0.7338478,8,simplekt
48488379181898380,0.0,0.0002575284,8,simplekt
48488379181898380,1.0,0.5987882,8,simplekt
48488379181898380,1.0,0.65972036,8,simplekt
48488379181898380,0.0,0.9342499,8,simplekt
48488379181898380,0.0,3.5023724e-05,8,simplekt
48488379181898380,0.0,0.019525543,8,simplekt
48488379181898380,0.0,7.579456e-09,8,simplekt
48488379181898380,0.0,0.3551586,8,simplekt
48488379181898380,1.0,0.35349023,8,simplekt
48488379181898380,1.0,0.99947685,8,simplekt
48488379181898380,1.0,0.68735576,8,simplekt
48488379181898380,1.0,0.99970573,8,simplekt
48488379181898380,1.0,0.59962195,8,simplekt
48488379181898380,0.0,0.5059202,8,simplekt
48488379181898380,1.0,0.42613244,8,simplekt
48488379181898380,1.0,0.48746037,8,simplekt
48488379181898380,1.0,0.57969016,8,simplekt
48488379181898380,1.0,0.52806467,8,simplekt
48488379181898380,0.0,0.5751555,8,simplekt
48488379181898380,0.0,0.00011389398,8,simplekt
48488379181898380,1.0,0.44072676,8,simplekt
48488379181898380,1.0,0.82202864,8,simplekt
48488379181898380,1.0,0.99993277,8,simplekt
48488379181898380,1.0,0.76337993,8,simplekt
48488379181898380,1.0,0.89186156,8,simplekt
48488379181898380,1.0,0.81143063,8,simplekt
48488379181898380,1.0,0.99993587,8,simplekt
48488379181898380,1.0,0.7015738,8,simplekt
48488379181898380,1.0,0.88665307,8,simplekt
48488379181898380,0.0,0.0036124277,8,simplekt
48488379181898380,0.0,0.79732853,8,simplekt
48488379181898380,1.0,0.6178833,8,simplekt
48845589028730822,1.0,0.7965627,8,simplekt
48845589028730822,1.0,0.933616,8,simplekt
48845589028730822,1.0,0.99950314,8,simplekt
48845589028730822,1.0,0.83895963,8,simplekt
48845589028730822,1.0,0.9970487,8,simplekt
48845589028730822,1.0,0.97188276,8,simplekt
48845589028730822,1.0,0.99997115,8,simplekt
48845589028730822,1.0,0.9999052,8,simplekt
48845589028730822,1.0,0.95039475,8,simplekt
48845589028730822,1.0,0.9332502,8,simplekt
48845589028730822,1.0,0.88408214,8,simplekt
48845589028730822,1.0,0.90992624,8,simplekt
48845589028730822,1.0,0.9367075,8,simplekt
48845589028730822,1.0,0.97730845,8,simplekt
48845589028730822,1.0,0.93385154,8,simplekt
48845589028730822,1.0,0.8864504,8,simplekt
48845589028730822,1.0,0.86265737,8,simplekt
48845589028730822,1.0,0.99999726,8,simplekt
48845589028730822,1.0,1.0,8,simplekt
48845589028730822,1.0,0.84213537,8,simplekt
48845589028730822,1.0,0.8889657,8,simplekt
48845589028730822,1.0,0.8769827,8,simplekt
48845589028730822,1.0,0.99999726,8,simplekt
48845589028730822,1.0,0.9999999,8,simplekt
48845589028730822,1.0,0.8564091,8,simplekt
48845589028730822,0.0,0.8332789,8,simplekt
48845589028730822,1.0,0.66218233,8,simplekt
48845589028730822,1.0,0.6669396,8,simplekt
48845589028730822,1.0,0.89204335,8,simplekt
48845589028730822,1.0,0.85121965,8,simplekt
48845589028730822,1.0,0.9998099,8,simplekt
48845589028730822,1.0,0.6832932,8,simplekt
48845589028730822,1.0,0.9518576,8,simplekt
48845589028730822,1.0,0.9606038,8,simplekt
48845589028730822,1.0,0.9477552,8,simplekt
48845589028730822,1.0,0.99997246,8,simplekt
48845589028730822,1.0,0.96581995,8,simplekt
48845589028730822,1.0,0.97612894,8,simplekt
48845589028730822,1.0,0.9703965,8,simplekt
48845589028730822,1.0,0.952936,8,simplekt
48845589028730822,1.0,0.999877,8,simplekt
48845589028730822,1.0,0.91692454,8,simplekt
48845589028730822,1.0,0.9715521,8,simplekt
48845589028730822,1.0,0.9999492,8,simplekt
48845589028730822,0.0,0.73498744,8,simplekt
48845589028730822,1.0,0.87559754,8,simplekt
48845589028730822,0.0,0.77739346,8,simplekt
48845589028730822,0.0,0.5695384,8,simplekt
48845589028730822,1.0,0.88160527,8,simplekt
48845589028730822,1.0,0.7659626,8,simplekt
48845589028730822,1.0,0.6442062,8,simplekt
48845589028730822,1.0,0.64161056,8,simplekt
48845589028730822,0.0,0.88547605,8,simplekt
48845589028730822,0.0,0.5669802,8,simplekt
48845589028730822,1.0,0.6424294,8,simplekt
48845589028730822,1.0,0.84202135,8,simplekt
48845589028730822,1.0,0.76055634,8,simplekt
48845589028730822,1.0,0.82271165,8,simplekt
48845589028730822,1.0,0.845734,8,simplekt
48845589028730822,1.0,0.90218604,8,simplekt
48845589028730822,0.0,0.8503146,8,simplekt
48845589028730822,1.0,0.7894303,8,simplekt
48845589028730822,0.0,0.6546991,8,simplekt
48845589028730822,0.0,0.5709821,8,simplekt
48845589028730822,0.0,8.98257e-07,8,simplekt
48845589028730822,1.0,0.2411696,8,simplekt
48845589028730822,1.0,0.5041815,8,simplekt
48845589028730822,1.0,0.7719477,8,simplekt
48845589028730822,1.0,0.91555893,8,simplekt
48845589028730822,1.0,0.9443873,8,simplekt
48845589028730822,1.0,0.8610069,8,simplekt
48845589028730822,1.0,0.9999739,8,simplekt
48845589028730822,1.0,0.8471935,8,simplekt
48845589028730822,1.0,0.9999138,8,simplekt
48845589028730822,1.0,0.84844846,8,simplekt
48845589028730822,1.0,0.61197305,8,simplekt
48845589028730822,1.0,0.8982864,8,simplekt
48845589028730822,1.0,0.96817386,8,simplekt
48845589028730822,1.0,0.9999076,8,simplekt
48845589028730822,1.0,0.6889158,8,simplekt
48845589028730822,1.0,0.9992551,8,simplekt
48845589028730822,1.0,0.9025458,8,simplekt
48845589028730822,1.0,0.9997365,8,simplekt
48845589028730822,1.0,0.8888015,8,simplekt
48845589028730822,1.0,0.6431823,8,simplekt
48845589028730822,1.0,0.90135634,8,simplekt
48845589028730822,1.0,0.9576817,8,simplekt
48845589028730822,1.0,0.89264137,8,simplekt
48845589028730822,1.0,0.963438,8,simplekt
48845589028730822,1.0,0.9843848,8,simplekt
48845589028730822,1.0,0.923631,8,simplekt
48845589028730822,1.0,0.97588795,8,simplekt
48845589028730822,1.0,0.98688114,8,simplekt
48845589028730822,1.0,0.9865329,8,simplekt
48845589028730822,1.0,0.9709928,8,simplekt
48845589028730822,0.0,0.90204316,8,simplekt
48845589028730822,1.0,0.8892675,8,simplekt
48845589028730822,0.0,0.7657758,8,simplekt
48845589028730822,1.0,0.92039114,8,simplekt
48845589028730822,0.0,0.9537782,8,simplekt
48845589028730822,0.0,0.51026344,8,simplekt
48845589028730822,1.0,0.6846778,8,simplekt
48845589028730822,0.0,0.8643314,8,simplekt
48845589028730822,1.0,0.902939,8,simplekt
48845589028730822,1.0,0.90532553,8,simplekt
48845589028730822,1.0,0.99987566,8,simplekt
48845589028730822,1.0,0.9746312,8,simplekt
48845589028730822,1.0,0.99983656,8,simplekt
48845589028730822,0.0,0.8776808,8,simplekt
48845589028730822,1.0,0.8598792,8,simplekt
48845589028730822,1.0,0.99992776,8,simplekt
48845589028730822,1.0,0.96879107,8,simplekt
48845589028730822,1.0,0.9762809,8,simplekt
48845589028730822,1.0,0.99956876,8,simplekt
48845589028730822,1.0,0.6989671,8,simplekt
48845589028730822,1.0,0.93954194,8,simplekt
48845589028730822,1.0,0.9792362,8,simplekt
48845589028730822,1.0,0.87493515,8,simplekt
48845589028730822,1.0,0.95526445,8,simplekt
48845589028730822,1.0,0.9854666,8,simplekt
48845589028730822,1.0,0.8029735,8,simplekt
48845589028730822,1.0,0.821726,8,simplekt
48845589028730822,1.0,0.7503566,8,simplekt
48845589028730822,1.0,0.97708094,8,simplekt
48845589028730822,1.0,0.993551,8,simplekt
48845589028730822,0.0,0.75016654,8,simplekt
48845589028730822,1.0,0.76698136,8,simplekt
48845589028730822,1.0,0.8798297,8,simplekt
48845589028730822,1.0,0.54521304,8,simplekt
48845589028730822,1.0,0.9300384,8,simplekt
48845589028730822,1.0,0.91371953,8,simplekt
48845589028730822,1.0,0.97880393,8,simplekt
48845589028730822,1.0,0.8763961,8,simplekt
48845589028730822,1.0,0.9999083,8,simplekt
48845589028730822,1.0,0.95180136,8,simplekt
48845589028730822,1.0,0.98957586,8,simplekt
48845589028730822,1.0,0.93518203,8,simplekt
48845589028730822,1.0,0.999998,8,simplekt
48845589028730822,1.0,0.63313156,8,simplekt
48845589028730822,1.0,0.8162298,8,simplekt
48845589028730822,1.0,0.9622308,8,simplekt
48845589028730822,1.0,0.9648545,8,simplekt
48845589028730822,1.0,0.8733968,8,simplekt
48845589028730822,1.0,0.9665832,8,simplekt
48845589028730822,1.0,0.97263193,8,simplekt
48845589028730822,1.0,0.8826215,8,simplekt
48845589028730822,1.0,0.98871756,8,simplekt
48845589028730822,0.0,0.6573282,8,simplekt
48845589028730822,0.0,0.8555827,8,simplekt
48845589028730822,0.0,0.48519307,8,simplekt
48845589028730822,0.0,0.5203773,8,simplekt
48845589028730822,1.0,0.91936874,8,simplekt
48845589028730822,1.0,0.99998045,8,simplekt
48845589028730822,1.0,0.52443314,8,simplekt
48845589028730822,1.0,0.98650753,8,simplekt
48845589028730822,1.0,0.95636886,8,simplekt
48845589028730822,1.0,0.87894446,8,simplekt
48845589028730822,0.0,0.91441965,8,simplekt
48845589028730822,1.0,0.75222564,8,simplekt
48845589028730822,1.0,0.72969866,8,simplekt
48845589028730822,1.0,0.93143314,8,simplekt
48845589028730822,0.0,0.8578145,8,simplekt
48845589028730822,1.0,0.54035825,8,simplekt
48845589028730822,0.0,0.6800398,8,simplekt
48845589028730822,0.0,2.662936e-06,8,simplekt
48845589028730822,0.0,0.43047404,8,simplekt
48845589028730822,1.0,0.7549033,8,simplekt
48845589028730822,1.0,0.7341254,8,simplekt
48845589028730822,1.0,0.9999939,8,simplekt
48845589028730822,1.0,0.7524574,8,simplekt
48845589028730822,1.0,0.90252984,8,simplekt
48845589028730822,1.0,0.8988345,8,simplekt
48845589028730822,1.0,0.9352985,8,simplekt
48845589028730822,1.0,0.87392974,8,simplekt
48845589028730822,1.0,0.99990547,8,simplekt
48845589028730822,0.0,0.9672916,8,simplekt
48845589028730822,0.0,5.002189e-05,8,simplekt
48845589028730822,0.0,0.7815294,8,simplekt
48845589028730822,0.0,2.8177376e-06,8,simplekt
48845589028730822,1.0,0.7923668,8,simplekt
48845589028730822,1.0,0.9999268,8,simplekt
48845589028730822,1.0,0.94764173,8,simplekt
48845589028730822,1.0,0.99993265,8,simplekt
48845589028730822,1.0,0.9165279,8,simplekt
48845589028730822,1.0,0.9999112,8,simplekt
48845589028730822,1.0,0.80158806,8,simplekt
48845589028730822,1.0,0.89684033,8,simplekt
48845589028730822,1.0,0.9999244,8,simplekt
48845589028730822,1.0,0.9999995,8,simplekt
48845589028730822,1.0,0.99999785,8,simplekt
48845589028730822,1.0,0.7881084,8,simplekt
48845589028730822,0.0,0.6037486,8,simplekt
48845589028730822,1.0,0.6463948,8,simplekt
48845589028730822,1.0,0.8196704,8,simplekt
48845589028730822,0.0,0.74428064,8,simplekt
48845589028730822,0.0,0.6951446,8,simplekt
48845589028730822,1.0,0.638224,8,simplekt
48845589028730822,0.0,0.57790613,8,simplekt
48845589028730822,0.0,0.0007369915,8,simplekt
50636088915151746,1.0,0.8532446,8,simplekt
50636088915151746,1.0,0.7702464,8,simplekt
50636088915151746,1.0,0.8617671,8,simplekt
50636088915151746,1.0,0.79226595,8,simplekt
50636088915151746,1.0,0.950381,8,simplekt
50636088915151746,1.0,0.99974185,8,simplekt
50636088915151746,1.0,0.8726951,8,simplekt
50636088915151746,1.0,0.9181454,8,simplekt
50636088915151746,1.0,0.97222304,8,simplekt
50636088915151746,1.0,0.9147079,8,simplekt
50636088915151746,1.0,0.8276113,8,simplekt
50636088915151746,1.0,0.9620795,8,simplekt
50636088915151746,1.0,0.94815266,8,simplekt
50636088915151746,1.0,0.92733175,8,simplekt
50636088915151746,1.0,0.999946,8,simplekt
50636088915151746,1.0,0.7822076,8,simplekt
50636088915151746,1.0,0.95168763,8,simplekt
50636088915151746,1.0,0.9248484,8,simplekt
50636088915151746,1.0,0.9631257,8,simplekt
50636088915151746,1.0,0.9372757,8,simplekt
50636088915151746,1.0,0.9921747,8,simplekt
50636088915151746,1.0,0.83928,8,simplekt
50636088915151746,1.0,0.9828219,8,simplekt
50636088915151746,1.0,0.9894812,8,simplekt
50636088915151746,1.0,0.97508913,8,simplekt
50636088915151746,1.0,0.96801424,8,simplekt
50636088915151746,1.0,0.90222,8,simplekt
50636088915151746,1.0,0.95149755,8,simplekt
50636088915151746,1.0,0.971972,8,simplekt
50636088915151746,1.0,0.9703507,8,simplekt
50636088915151746,1.0,0.96694106,8,simplekt
50636088915151746,1.0,0.97446436,8,simplekt
50636088915151746,1.0,0.9777119,8,simplekt
50636088915151746,1.0,0.9859714,8,simplekt
50636088915151746,0.0,0.8006895,8,simplekt
50636088915151746,1.0,0.995271,8,simplekt
50636088915151746,1.0,0.9469489,8,simplekt
50636088915151746,1.0,0.9624555,8,simplekt
50636088915151746,1.0,0.956033,8,simplekt
50636088915151746,1.0,0.9762096,8,simplekt
50636088915151746,1.0,0.9999001,8,simplekt
50636088915151746,1.0,0.96948695,8,simplekt
50636088915151746,1.0,0.9056533,8,simplekt
50636088915151746,1.0,0.5975185,8,simplekt
50636088915151746,1.0,0.9693415,8,simplekt
50636088915151746,1.0,0.97872204,8,simplekt
50636088915151746,1.0,0.98330104,8,simplekt
50636088915151746,1.0,0.9628976,8,simplekt
50636088915151746,1.0,0.98902404,8,simplekt
50636088915151746,1.0,0.99996567,8,simplekt
50636088915151746,1.0,0.9999397,8,simplekt
50636088915151746,1.0,0.9606568,8,simplekt
50636088915151746,1.0,0.9919836,8,simplekt
50636088915151746,1.0,0.9999089,8,simplekt
50636088915151746,1.0,0.9833243,8,simplekt
50636088915151746,1.0,0.99993443,8,simplekt
50636088915151746,1.0,0.9999311,8,simplekt
50636088915151746,1.0,0.95961064,8,simplekt
50636088915151746,1.0,0.93973446,8,simplekt
50636088915151746,1.0,0.9945539,8,simplekt
50636088915151746,1.0,0.9999634,8,simplekt
50636088915151746,1.0,0.96812284,8,simplekt
50636088915151746,1.0,0.9379337,8,simplekt
50636088915151746,1.0,0.9219967,8,simplekt
50636088915151746,1.0,0.99999845,8,simplekt
50636088915151746,1.0,0.9999999,8,simplekt
50636088915151746,1.0,0.90904695,8,simplekt
50636088915151746,1.0,0.9295211,8,simplekt
50636088915151746,1.0,0.9999918,8,simplekt
50636088915151746,1.0,0.65762615,8,simplekt
50636088915151746,1.0,0.89671016,8,simplekt
50636088915151746,1.0,0.88002366,8,simplekt
50636088915151746,1.0,0.95015985,8,simplekt
50636088915151746,1.0,0.99999785,8,simplekt
50636088915151746,1.0,1.0,8,simplekt
50636088915151746,1.0,0.99999976,8,simplekt
50636088915151746,1.0,0.98634976,8,simplekt
50636088915151746,1.0,0.99999785,8,simplekt
50636088915151746,1.0,0.9030082,8,simplekt
50636088915151746,1.0,0.9999815,8,simplekt
50636088915151746,0.0,0.81844914,8,simplekt
50636088915151746,1.0,0.82069916,8,simplekt
50636088915151746,1.0,0.7705103,8,simplekt
50636088915151746,1.0,0.9688228,8,simplekt
50636088915151746,1.0,0.99997175,8,simplekt
50636088915151746,1.0,0.9713264,8,simplekt
50636088915151746,1.0,0.98526937,8,simplekt
50636088915151746,1.0,0.98054415,8,simplekt
50636088915151746,1.0,0.96040636,8,simplekt
50636088915151746,0.0,0.9260237,8,simplekt
50636088915151746,1.0,0.7114753,8,simplekt
50636088915151746,1.0,0.9158211,8,simplekt
50636088915151746,1.0,0.99200624,8,simplekt
50636088915151746,1.0,0.9817332,8,simplekt
50636088915151746,1.0,0.9510254,8,simplekt
50636088915151746,1.0,0.9893784,8,simplekt
50636088915151746,1.0,0.9864819,8,simplekt
50636088915151746,1.0,0.9604164,8,simplekt
50636088915151746,1.0,0.9907851,8,simplekt
50636088915151746,1.0,0.9768231,8,simplekt
50636088915151746,1.0,0.9874915,8,simplekt
50636088915151746,1.0,0.9907176,8,simplekt
50636088915151746,1.0,0.9791246,8,simplekt
50636088915151746,0.0,0.96957815,8,simplekt
50636088915151746,0.0,0.9660948,8,simplekt
50636088915151746,1.0,0.843544,8,simplekt
50636088915151746,1.0,0.99973124,8,simplekt
50636088915151746,1.0,0.978083,8,simplekt
50636088915151746,0.0,0.9447437,8,simplekt
50636088915151746,1.0,0.92196053,8,simplekt
50636088915151746,1.0,0.954367,8,simplekt
50636088915151746,1.0,0.9694108,8,simplekt
50636088915151746,1.0,0.918693,8,simplekt
50636088915151746,1.0,0.9630114,8,simplekt
50636088915151746,1.0,0.973519,8,simplekt
50636088915151746,1.0,0.98661613,8,simplekt
50636088915151746,1.0,0.9598941,8,simplekt
50636088915151746,0.0,0.9483636,8,simplekt
50636088915151746,1.0,0.92868024,8,simplekt
50636088915151746,0.0,0.93880767,8,simplekt
50636088915151746,1.0,0.8842272,8,simplekt
50636088915151746,1.0,0.7990278,8,simplekt
50636088915151746,1.0,0.92812383,8,simplekt
50636088915151746,1.0,0.98984957,8,simplekt
50636088915151746,1.0,0.9987184,8,simplekt
50636088915151746,1.0,0.9625169,8,simplekt
50636088915151746,1.0,0.9996227,8,simplekt
50636088915151746,1.0,0.6060023,8,simplekt
50636088915151746,1.0,0.94987595,8,simplekt
50636088915151746,1.0,0.8510618,8,simplekt
50636088915151746,1.0,0.8085621,8,simplekt
50636088915151746,1.0,0.7641146,8,simplekt
50636088915151746,1.0,0.99977726,8,simplekt
50636088915151746,1.0,0.9963319,8,simplekt
50636088915151746,1.0,0.9999727,8,simplekt
50636088915151746,1.0,0.9533108,8,simplekt
50636088915151746,1.0,0.9999832,8,simplekt
50636088915151746,1.0,0.98577833,8,simplekt
50636088915151746,1.0,0.98721737,8,simplekt
50636088915151746,1.0,0.99524045,8,simplekt
50636088915151746,1.0,0.94839275,8,simplekt
50636088915151746,1.0,0.9760799,8,simplekt
50636088915151746,1.0,0.9910815,8,simplekt
50636088915151746,0.0,0.97822434,8,simplekt
50636088915151746,1.0,0.68762165,8,simplekt
50636088915151746,1.0,0.9999268,8,simplekt
50636088915151746,0.0,0.93672895,8,simplekt
50636088915151746,1.0,0.8674282,8,simplekt
50636088915151746,0.0,0.29055196,8,simplekt
50636088915151746,1.0,0.9763026,8,simplekt
50636088915151746,1.0,0.98977995,8,simplekt
50636088915151746,1.0,0.9991485,8,simplekt
50636088915151746,1.0,0.8539453,8,simplekt
50636088915151746,1.0,0.9693201,8,simplekt
50636088915151746,1.0,0.99949837,8,simplekt
50636088915151746,1.0,0.7674697,8,simplekt
50636088915151746,1.0,0.73211086,8,simplekt
50636088915151746,1.0,0.96237177,8,simplekt
50636088915151746,1.0,0.9827389,8,simplekt
50636088915151746,1.0,0.9068041,8,simplekt
50636088915151746,1.0,0.90834147,8,simplekt
50636088915151746,1.0,0.9732319,8,simplekt
50636088915151746,1.0,0.90182817,8,simplekt
50636088915151746,1.0,0.99999297,8,simplekt
50636088915151746,1.0,0.9273021,8,simplekt
50636088915151746,1.0,0.94754654,8,simplekt
50636088915151746,1.0,0.7122847,8,simplekt
50636088915151746,1.0,0.9809733,8,simplekt
50636088915151746,1.0,0.77098906,8,simplekt
50636088915151746,1.0,0.7532949,8,simplekt
50636088915151746,1.0,0.9835058,8,simplekt
50636088915151746,1.0,0.9999918,8,simplekt
50636088915151746,1.0,0.9891229,8,simplekt
50636088915151746,1.0,0.91934174,8,simplekt
50636088915151746,1.0,0.9870898,8,simplekt
50636088915151746,1.0,0.94379294,8,simplekt
50636088915151746,1.0,0.9896227,8,simplekt
50636088915151746,1.0,0.95025784,8,simplekt
50636088915151746,1.0,0.9588504,8,simplekt
50636088915151746,1.0,0.95167255,8,simplekt
50636088915151746,1.0,0.98944,8,simplekt
50636088915151746,1.0,0.9999672,8,simplekt
50636088915151746,1.0,0.96010023,8,simplekt
50636088915151746,1.0,0.9067837,8,simplekt
50636088915151746,1.0,0.9846539,8,simplekt
50636088915151746,1.0,0.9965634,8,simplekt
50636088915151746,1.0,0.96528405,8,simplekt
50636088915151746,1.0,0.97144556,8,simplekt
50636088915151746,1.0,0.9428679,8,simplekt
50636088915151746,1.0,0.9999771,8,simplekt
50636088915151746,1.0,0.9999635,8,simplekt
50636088915151746,1.0,0.970199,8,simplekt
50636088915151746,1.0,0.8095155,8,simplekt
50636088915151746,1.0,0.99996734,8,simplekt
50636088915151746,1.0,0.99998856,8,simplekt
50636088915151746,1.0,0.9822233,8,simplekt
50636088915151746,1.0,0.99999785,8,simplekt
50636088915151746,0.0,0.78466225,8,simplekt
50636088915151746,1.0,0.8707124,8,simplekt
51151144860122992,0.0,0.2965879,8,simplekt
51151144860122992,1.0,0.26141122,8,simplekt
51151144860122992,1.0,0.48370928,8,simplekt
51151144860122992,0.0,0.14828691,8,simplekt
51151144860122992,0.0,0.6371485,8,simplekt
51151144860122992,1.0,0.2970065,8,simplekt
51151144860122992,1.0,0.3947058,8,simplekt
51151144860122992,0.0,0.7729503,8,simplekt
51151144860122992,1.0,0.6569335,8,simplekt
51151144860122992,1.0,0.8619869,8,simplekt
51151144860122992,1.0,0.7760824,8,simplekt
51151144860122992,1.0,0.67044973,8,simplekt
51151144860122992,0.0,0.67977023,8,simplekt
51151144860122992,1.0,0.69395083,8,simplekt
51151144860122992,1.0,0.7287474,8,simplekt
51151144860122992,1.0,0.5749085,8,simplekt
51151144860122992,1.0,0.659803,8,simplekt
51151144860122992,1.0,0.7430106,8,simplekt
51151144860122992,1.0,0.8476522,8,simplekt
51151144860122992,1.0,0.7348357,8,simplekt
51151144860122992,1.0,0.90064186,8,simplekt
51151144860122992,1.0,0.8799384,8,simplekt
51151144860122992,1.0,0.9999119,8,simplekt
51151144860122992,1.0,0.6651145,8,simplekt
51151144860122992,1.0,0.3885965,8,simplekt
51151144860122992,0.0,0.71962416,8,simplekt
51151144860122992,1.0,0.57450044,8,simplekt
51151144860122992,0.0,0.7924064,8,simplekt
51151144860122992,1.0,0.7605717,8,simplekt
51151144860122992,1.0,0.6571251,8,simplekt
51151144860122992,1.0,0.8036962,8,simplekt
51151144860122992,1.0,0.69478285,8,simplekt
51151144860122992,1.0,0.80725545,8,simplekt
51151144860122992,1.0,0.85264647,8,simplekt
51151144860122992,1.0,0.88739586,8,simplekt
51151144860122992,1.0,0.96544605,8,simplekt
51151144860122992,1.0,0.8015029,8,simplekt
51151144860122992,1.0,0.9912969,8,simplekt
51151144860122992,1.0,0.979984,8,simplekt
51151144860122992,1.0,0.84566724,8,simplekt
51151144860122992,1.0,0.90182775,8,simplekt
51151144860122992,1.0,0.9188683,8,simplekt
51151144860122992,1.0,0.8579328,8,simplekt
51151144860122992,1.0,0.5829654,8,simplekt
51151144860122992,1.0,0.7275624,8,simplekt
51151144860122992,1.0,0.8941538,8,simplekt
51151144860122992,1.0,0.9063263,8,simplekt
51151144860122992,0.0,0.7571472,8,simplekt
51151144860122992,1.0,0.7300554,8,simplekt
51151144860122992,1.0,0.90962744,8,simplekt
51151144860122992,1.0,0.92657924,8,simplekt
51151144860122992,1.0,0.8972058,8,simplekt
51151144860122992,1.0,0.9999356,8,simplekt
51151144860122992,1.0,0.95501876,8,simplekt
51151144860122992,0.0,0.59607875,8,simplekt
51151144860122992,0.0,0.4996005,8,simplekt
51151144860122992,1.0,0.9987789,8,simplekt
51151144860122992,1.0,0.99965894,8,simplekt
51151144860122992,1.0,0.6531249,8,simplekt
51151144860122992,0.0,0.95366985,8,simplekt
51151144860122992,0.0,0.73863393,8,simplekt
51151144860122992,1.0,0.53249264,8,simplekt
51151144860122992,0.0,0.69807214,8,simplekt
51151144860122992,0.0,0.00037689164,8,simplekt
51151144860122992,1.0,0.5323574,8,simplekt
51151144860122992,1.0,0.6825466,8,simplekt
51151144860122992,1.0,0.84810984,8,simplekt
51151144860122992,0.0,0.8459021,8,simplekt
51151144860122992,1.0,0.48550412,8,simplekt
51151144860122992,0.0,0.71454865,8,simplekt
51151144860122992,1.0,0.6939722,8,simplekt
51151144860122992,0.0,0.35446113,8,simplekt
51151144860122992,1.0,0.77920175,8,simplekt
51151144860122992,1.0,0.9459599,8,simplekt
51151144860122992,1.0,0.2408134,8,simplekt
51151144860122992,0.0,0.50513816,8,simplekt
51151144860122992,0.0,0.3673999,8,simplekt
51151144860122992,1.0,0.44325897,8,simplekt
51151144860122992,0.0,0.709348,8,simplekt
51151144860122992,0.0,0.5444831,8,simplekt
51151144860122992,0.0,0.42474464,8,simplekt
51151144860122992,0.0,0.61694866,8,simplekt
51151144860122992,1.0,0.50476056,8,simplekt
51151144860122992,1.0,0.71096647,8,simplekt
51151144860122992,0.0,0.657475,8,simplekt
51151144860122992,0.0,0.13432522,8,simplekt
51151144860122992,0.0,0.41805032,8,simplekt
51151144860122992,0.0,0.38532293,8,simplekt
51151144860122992,1.0,0.72106993,8,simplekt
51151144860122992,1.0,0.585715,8,simplekt
51151144860122992,0.0,0.3463919,8,simplekt
51151144860122992,1.0,0.9119203,8,simplekt
51151144860122992,1.0,0.9999871,8,simplekt
51151144860122992,1.0,0.8475202,8,simplekt
51151144860122992,1.0,0.99998415,8,simplekt
51151144860122992,1.0,0.6495059,8,simplekt
51151144860122992,1.0,0.99991715,8,simplekt
51151144860122992,1.0,0.80456316,8,simplekt
51151144860122992,0.0,0.7575006,8,simplekt
51151144860122992,0.0,0.75182456,8,simplekt
51151144860122992,1.0,0.83802503,8,simplekt
51151144860122992,1.0,0.9232519,8,simplekt
51151144860122992,1.0,0.78397727,8,simplekt
51151144860122992,1.0,0.5801081,8,simplekt
51151144860122992,0.0,0.19757673,8,simplekt
51151144860122992,0.0,6.9320326e-05,8,simplekt
51151144860122992,1.0,0.57921207,8,simplekt
51151144860122992,1.0,0.76447433,8,simplekt
51151144860122992,1.0,0.8435439,8,simplekt
51151144860122992,1.0,0.66402423,8,simplekt
51151144860122992,1.0,0.47797656,8,simplekt
51151144860122992,0.0,0.87163794,8,simplekt
51151144860122992,1.0,0.6709401,8,simplekt
51151144860122992,0.0,0.665442,8,simplekt
51151144860122992,0.0,7.5452976e-06,8,simplekt
51151144860122992,0.0,1.0340028e-06,8,simplekt
51151144860122992,0.0,0.47483888,8,simplekt
51151144860122992,0.0,1.6630203e-05,8,simplekt
51151144860122992,0.0,0.4268668,8,simplekt
51151144860122992,0.0,1.786781e-06,8,simplekt
51151144860122992,1.0,0.93049926,8,simplekt
51151144860122992,1.0,0.8237378,8,simplekt
51151144860122992,1.0,0.6562294,8,simplekt
51151144860122992,1.0,0.760423,8,simplekt
51151144860122992,1.0,0.5668757,8,simplekt
51151144860122992,0.0,0.48167902,8,simplekt
51151144860122992,0.0,8.592552e-06,8,simplekt
51151144860122992,0.0,1.0500165e-06,8,simplekt
51151144860122992,1.0,0.54598755,8,simplekt
51151144860122992,1.0,0.78837675,8,simplekt
51151144860122992,0.0,0.67460823,8,simplekt
51151144860122992,1.0,0.56045175,8,simplekt
51151144860122992,1.0,0.7667342,8,simplekt
51151144860122992,1.0,0.9444013,8,simplekt
51151144860122992,1.0,0.90261436,8,simplekt
51151144860122992,1.0,0.9999502,8,simplekt
51151144860122992,0.0,0.07512783,8,simplekt
51151144860122992,0.0,0.3116225,8,simplekt
51151144860122992,0.0,0.795511,8,simplekt
51151144860122992,0.0,0.0017380584,8,simplekt
51151144860122992,1.0,0.607241,8,simplekt
51151144860122992,0.0,0.55002856,8,simplekt
51151144860122992,0.0,0.23928103,8,simplekt
51151144860122992,0.0,0.49338973,8,simplekt
51151144860122992,1.0,0.7233066,8,simplekt
51151144860122992,1.0,0.6643788,8,simplekt
51151144860122992,1.0,0.7510686,8,simplekt
51151144860122992,1.0,0.51945925,8,simplekt
51151144860122992,1.0,0.47656175,8,simplekt
51151144860122992,1.0,0.78383934,8,simplekt
51151144860122992,1.0,0.69820285,8,simplekt
51151144860122992,1.0,0.69049853,8,simplekt
51151144860122992,1.0,0.9996799,8,simplekt
51151144860122992,1.0,0.42249322,8,simplekt
51151144860122992,0.0,0.20081346,8,simplekt
51151144860122992,0.0,0.17174208,8,simplekt
51151144860122992,0.0,0.11609545,8,simplekt
51151144860122992,0.0,0.78347516,8,simplekt
51151144860122992,0.0,1.6810176e-05,8,simplekt
51151144860122992,0.0,0.46517414,8,simplekt
51151144860122992,0.0,1.1071575e-05,8,simplekt
51151144860122992,0.0,0.7562495,8,simplekt
51151144860122992,0.0,2.6067003e-06,8,simplekt
51151144860122992,0.0,0.5308738,8,simplekt
51151144860122992,0.0,1.1931776e-06,8,simplekt
51151144860122992,1.0,0.46983305,8,simplekt
51151144860122992,0.0,0.6516982,8,simplekt
51151144860122992,1.0,0.5106807,8,simplekt
51151144860122992,0.0,0.7382454,8,simplekt
51151144860122992,0.0,0.27453384,8,simplekt
51151144860122992,1.0,0.30835742,8,simplekt
51151144860122992,1.0,0.9818127,8,simplekt
51151144860122992,1.0,0.85617435,8,simplekt
51151144860122992,1.0,0.8876638,8,simplekt
51151144860122992,1.0,0.94133353,8,simplekt
51151144860122992,1.0,0.8434777,8,simplekt
51151144860122992,0.0,0.24272922,8,simplekt
51151144860122992,0.0,0.3058109,8,simplekt
51151144860122992,0.0,0.06693384,8,simplekt
51151144860122992,1.0,0.9322039,8,simplekt
51151144860122992,1.0,0.86623967,8,simplekt
51151144860122992,1.0,0.95608,8,simplekt
51151144860122992,1.0,0.821484,8,simplekt
51151144860122992,1.0,0.6955354,8,simplekt
51151144860122992,0.0,0.47945243,8,simplekt
51151144860122992,1.0,0.63598186,8,simplekt
51151144860122992,1.0,0.90257424,8,simplekt
51151144860122992,1.0,0.78689903,8,simplekt
51151144860122992,1.0,0.6965684,8,simplekt
51151144860122992,1.0,0.8670162,8,simplekt
51151144860122992,1.0,0.81416065,8,simplekt
51151144860122992,1.0,0.9998715,8,simplekt
51151144860122992,0.0,0.77904326,8,simplekt
51151144860122992,0.0,0.5093992,8,simplekt
51151144860122992,1.0,0.42726034,8,simplekt
51151144860122992,1.0,0.7586075,8,simplekt
51151144860122992,1.0,0.8132083,8,simplekt
51151144860122992,1.0,0.6750179,8,simplekt
51151144860122992,1.0,0.74529773,8,simplekt
54658556557529446,1.0,0.94854033,8,simplekt
54658556557529446,0.0,0.6447984,8,simplekt
54658556557529446,1.0,0.18512157,8,simplekt
54658556557529446,1.0,0.99911064,8,simplekt
54658556557529446,1.0,0.7429406,8,simplekt
54658556557529446,0.0,0.5826486,8,simplekt
54658556557529446,0.0,0.77051306,8,simplekt
54658556557529446,0.0,0.44080898,8,simplekt
54658556557529446,0.0,0.4527304,8,simplekt
54658556557529446,1.0,0.269405,8,simplekt
54658556557529446,1.0,0.46405423,8,simplekt
54658556557529446,1.0,0.7654764,8,simplekt
54658556557529446,1.0,0.7199318,8,simplekt
54658556557529446,0.0,0.7991713,8,simplekt
54658556557529446,1.0,0.7628846,8,simplekt
54658556557529446,1.0,0.7700602,8,simplekt
54658556557529446,0.0,0.6750234,8,simplekt
54658556557529446,1.0,0.87586075,8,simplekt
54658556557529446,1.0,0.7797844,8,simplekt
54658556557529446,1.0,0.9558759,8,simplekt
54658556557529446,1.0,0.95571285,8,simplekt
54658556557529446,0.0,0.37809783,8,simplekt
54658556557529446,0.0,0.15511255,8,simplekt
54658556557529446,0.0,0.5753548,8,simplekt
54658556557529446,0.0,0.5116427,8,simplekt
54658556557529446,1.0,0.7215736,8,simplekt
54658556557529446,0.0,0.44319963,8,simplekt
54658556557529446,1.0,0.6389837,8,simplekt
54658556557529446,1.0,0.54807043,8,simplekt
54658556557529446,1.0,0.38849983,8,simplekt
54658556557529446,1.0,0.77307916,8,simplekt
54658556557529446,1.0,0.9440713,8,simplekt
54658556557529446,1.0,0.9524201,8,simplekt
54658556557529446,1.0,0.86835206,8,simplekt
54658556557529446,1.0,0.8824818,8,simplekt
54658556557529446,1.0,0.89424306,8,simplekt
54658556557529446,1.0,0.99988794,8,simplekt
54658556557529446,1.0,0.9588162,8,simplekt
54658556557529446,1.0,0.9849091,8,simplekt
54658556557529446,1.0,0.9671108,8,simplekt
54658556557529446,1.0,0.9997261,8,simplekt
54658556557529446,1.0,0.7095079,8,simplekt
54658556557529446,1.0,0.9363806,8,simplekt
54658556557529446,1.0,0.97525215,8,simplekt
54658556557529446,1.0,0.877595,8,simplekt
54658556557529446,1.0,0.9120415,8,simplekt
54658556557529446,0.0,0.43053225,8,simplekt
54658556557529446,1.0,0.85345453,8,simplekt
54658556557529446,1.0,0.9998105,8,simplekt
54658556557529446,1.0,0.9659801,8,simplekt
54658556557529446,1.0,0.9998086,8,simplekt
54658556557529446,1.0,0.9004415,8,simplekt
54658556557529446,1.0,0.900407,8,simplekt
54658556557529446,1.0,0.9999802,8,simplekt
54658556557529446,1.0,0.96558094,8,simplekt
54658556557529446,1.0,0.2450213,8,simplekt
54658556557529446,1.0,0.9392556,8,simplekt
54658556557529446,1.0,0.88741696,8,simplekt
54658556557529446,1.0,0.976934,8,simplekt
54658556557529446,1.0,0.9065208,8,simplekt
54658556557529446,1.0,0.9117291,8,simplekt
54658556557529446,1.0,0.8501833,8,simplekt
54658556557529446,1.0,0.94929504,8,simplekt
54658556557529446,1.0,0.99994826,8,simplekt
54658556557529446,1.0,0.9735747,8,simplekt
54658556557529446,0.0,0.8393738,8,simplekt
54658556557529446,1.0,0.84039485,8,simplekt
54658556557529446,1.0,0.67013675,8,simplekt
54658556557529446,1.0,0.7988268,8,simplekt
54658556557529446,1.0,0.70619273,8,simplekt
54658556557529446,1.0,0.8591693,8,simplekt
54658556557529446,1.0,0.6201845,8,simplekt
54658556557529446,0.0,0.5736843,8,simplekt
54658556557529446,1.0,0.8773046,8,simplekt
54658556557529446,1.0,0.8770337,8,simplekt
54658556557529446,1.0,0.96642226,8,simplekt
54658556557529446,1.0,0.87680614,8,simplekt
54658556557529446,1.0,0.9999982,8,simplekt
54658556557529446,0.0,0.87307596,8,simplekt
54658556557529446,0.0,0.23448431,8,simplekt
54658556557529446,1.0,0.6582076,8,simplekt
54658556557529446,1.0,0.5239805,8,simplekt
54658556557529446,1.0,0.7264837,8,simplekt
54658556557529446,1.0,0.8914109,8,simplekt
54658556557529446,1.0,0.90704596,8,simplekt
54658556557529446,1.0,0.568077,8,simplekt
54658556557529446,1.0,0.8264547,8,simplekt
54658556557529446,1.0,0.98157847,8,simplekt
54658556557529446,1.0,0.9161012,8,simplekt
54658556557529446,1.0,0.9211083,8,simplekt
54658556557529446,1.0,0.9117844,8,simplekt
54658556557529446,1.0,0.9722563,8,simplekt
54658556557529446,1.0,0.9961761,8,simplekt
54658556557529446,1.0,0.9231798,8,simplekt
54658556557529446,1.0,0.9614879,8,simplekt
54658556557529446,1.0,0.99997854,8,simplekt
54658556557529446,1.0,0.9759531,8,simplekt
54658556557529446,1.0,0.8978487,8,simplekt
54658556557529446,1.0,0.931609,8,simplekt
54658556557529446,1.0,0.97933793,8,simplekt
54658556557529446,1.0,0.9207203,8,simplekt
54658556557529446,1.0,0.92699885,8,simplekt
54658556557529446,1.0,0.97783047,8,simplekt
54658556557529446,0.0,0.94124556,8,simplekt
54658556557529446,1.0,0.9147953,8,simplekt
54658556557529446,1.0,0.9327387,8,simplekt
54658556557529446,1.0,0.7660455,8,simplekt
54658556557529446,1.0,0.9843688,8,simplekt
54658556557529446,1.0,0.9999801,8,simplekt
54658556557529446,1.0,0.95320696,8,simplekt
54658556557529446,1.0,0.6630448,8,simplekt
54658556557529446,1.0,0.8073071,8,simplekt
54658556557529446,1.0,0.7750067,8,simplekt
54658556557529446,0.0,0.7129179,8,simplekt
54658556557529446,1.0,0.5145835,8,simplekt
54658556557529446,1.0,0.62371457,8,simplekt
54658556557529446,1.0,0.7500859,8,simplekt
54658556557529446,1.0,0.9170679,8,simplekt
54658556557529446,1.0,0.92058057,8,simplekt
54658556557529446,1.0,0.95439696,8,simplekt
54658556557529446,1.0,0.9027248,8,simplekt
54658556557529446,1.0,0.71822095,8,simplekt
54658556557529446,1.0,0.9891425,8,simplekt
54658556557529446,1.0,0.97826946,8,simplekt
54658556557529446,1.0,0.9460107,8,simplekt
54658556557529446,1.0,0.83237046,8,simplekt
54658556557529446,1.0,0.9527044,8,simplekt
54658556557529446,1.0,0.961479,8,simplekt
54658556557529446,1.0,0.9999801,8,simplekt
54658556557529446,1.0,0.99999344,8,simplekt
54658556557529446,1.0,0.95977485,8,simplekt
54658556557529446,1.0,0.987954,8,simplekt
54658556557529446,1.0,0.96510345,8,simplekt
54658556557529446,1.0,0.9762332,8,simplekt
54658556557529446,1.0,0.9865241,8,simplekt
54658556557529446,1.0,0.8716311,8,simplekt
54658556557529446,1.0,0.87296075,8,simplekt
54658556557529446,1.0,0.956205,8,simplekt
54658556557529446,0.0,0.9333474,8,simplekt
54658556557529446,0.0,5.481118e-05,8,simplekt
54658556557529446,0.0,1.5281766e-07,8,simplekt
54658556557529446,0.0,0.9441019,8,simplekt
54658556557529446,1.0,0.80705506,8,simplekt
54658556557529446,1.0,0.9993678,8,simplekt
54658556557529446,1.0,0.9092028,8,simplekt
54658556557529446,1.0,0.9998697,8,simplekt
54658556557529446,1.0,0.97451586,8,simplekt
54658556557529446,1.0,0.99241346,8,simplekt
54658556557529446,1.0,0.939996,8,simplekt
54658556557529446,1.0,0.9999857,8,simplekt
54658556557529446,1.0,0.9740108,8,simplekt
54658556557529446,1.0,0.99137634,8,simplekt
54658556557529446,1.0,0.93524355,8,simplekt
54658556557529446,1.0,0.9791672,8,simplekt
54658556557529446,1.0,0.9999356,8,simplekt
54658556557529446,1.0,0.9210438,8,simplekt
54658556557529446,1.0,0.96237314,8,simplekt
54658556557529446,1.0,0.9998895,8,simplekt
54658556557529446,1.0,0.9306507,8,simplekt
54658556557529446,1.0,0.9710732,8,simplekt
54658556557529446,1.0,0.99974304,8,simplekt
54658556557529446,1.0,0.90707994,8,simplekt
54658556557529446,1.0,0.9776583,8,simplekt
54658556557529446,1.0,0.97759664,8,simplekt
54658556557529446,1.0,0.99990416,8,simplekt
54658556557529446,1.0,0.92802763,8,simplekt
54658556557529446,1.0,0.9730603,8,simplekt
54658556557529446,1.0,0.8717711,8,simplekt
54658556557529446,0.0,0.84600836,8,simplekt
54658556557529446,1.0,0.61355484,8,simplekt
54658556557529446,1.0,0.55388534,8,simplekt
54658556557529446,1.0,0.9998957,8,simplekt
54658556557529446,0.0,0.6349625,8,simplekt
54658556557529446,1.0,0.31559932,8,simplekt
54658556557529446,1.0,0.7030427,8,simplekt
54658556557529446,1.0,0.9475,8,simplekt
54658556557529446,1.0,0.9612044,8,simplekt
54658556557529446,1.0,0.76882803,8,simplekt
54658556557529446,1.0,0.96505,8,simplekt
54658556557529446,1.0,0.9752178,8,simplekt
54658556557529446,1.0,0.6976871,8,simplekt
54658556557529446,1.0,0.9316358,8,simplekt
54658556557529446,1.0,0.9811792,8,simplekt
54658556557529446,1.0,0.9999888,8,simplekt
54658556557529446,1.0,0.6493315,8,simplekt
54658556557529446,1.0,0.9777361,8,simplekt
54658556557529446,1.0,0.9318545,8,simplekt
54658556557529446,1.0,0.99992216,8,simplekt
54658556557529446,1.0,0.9771829,8,simplekt
54658556557529446,1.0,0.9824315,8,simplekt
54658556557529446,1.0,0.9435476,8,simplekt
54658556557529446,1.0,0.9999809,8,simplekt
54658556557529446,1.0,0.979602,8,simplekt
54658556557529446,1.0,0.89235574,8,simplekt
54658556557529446,1.0,0.95869344,8,simplekt
54658556557529446,1.0,0.92126226,8,simplekt
54658556557529446,1.0,0.99993086,8,simplekt
54658556557529446,1.0,0.95291173,8,simplekt
54658556557529446,1.0,0.9225889,8,simplekt
58597056607492714,1.0,0.96667916,8,simplekt
58597056607492714,1.0,0.8520438,8,simplekt
58597056607492714,1.0,0.7512234,8,simplekt
58597056607492714,1.0,0.8605894,8,simplekt
58597056607492714,1.0,0.9925224,8,simplekt
58597056607492714,1.0,0.9379738,8,simplekt
58597056607492714,1.0,0.94857174,8,simplekt
58597056607492714,1.0,0.9705161,8,simplekt
58597056607492714,1.0,0.94404453,8,simplekt
58597056607492714,1.0,0.84684193,8,simplekt
58597056607492714,1.0,0.6014601,8,simplekt
58597056607492714,1.0,0.87426233,8,simplekt
58597056607492714,1.0,0.90723306,8,simplekt
58597056607492714,1.0,0.9849867,8,simplekt
58597056607492714,1.0,0.95554805,8,simplekt
58597056607492714,1.0,0.9999975,8,simplekt
58597056607492714,1.0,0.9681943,8,simplekt
58597056607492714,1.0,0.9924899,8,simplekt
58597056607492714,1.0,0.96330196,8,simplekt
58597056607492714,1.0,0.99999917,8,simplekt
58597056607492714,1.0,0.9558827,8,simplekt
58597056607492714,0.0,0.8166179,8,simplekt
58597056607492714,1.0,0.9478649,8,simplekt
58597056607492714,1.0,0.9250479,8,simplekt
58597056607492714,0.0,0.8728866,8,simplekt
58597056607492714,1.0,0.70408887,8,simplekt
58597056607492714,1.0,0.7811995,8,simplekt
58597056607492714,1.0,0.9393475,8,simplekt
58597056607492714,1.0,0.9480933,8,simplekt
58597056607492714,1.0,0.8782892,8,simplekt
58597056607492714,1.0,0.98747766,8,simplekt
58597056607492714,1.0,0.9553209,8,simplekt
58597056607492714,1.0,0.9561654,8,simplekt
58597056607492714,1.0,0.9814989,8,simplekt
58597056607492714,1.0,0.9973917,8,simplekt
58597056607492714,1.0,0.9287686,8,simplekt
58597056607492714,1.0,0.7999926,8,simplekt
58597056607492714,0.0,0.8857422,8,simplekt
58597056607492714,0.0,0.5475853,8,simplekt
58597056607492714,1.0,0.8241209,8,simplekt
58597056607492714,1.0,0.8100942,8,simplekt
58597056607492714,1.0,0.88797647,8,simplekt
58597056607492714,0.0,0.38267332,8,simplekt
58597056607492714,1.0,0.8826076,8,simplekt
58597056607492714,1.0,0.93713295,8,simplekt
58597056607492714,1.0,0.9999857,8,simplekt
58597056607492714,0.0,0.9136663,8,simplekt
58597056607492714,1.0,0.46805057,8,simplekt
58597056607492714,1.0,0.9998342,8,simplekt
58597056607492714,1.0,0.8268507,8,simplekt
58597056607492714,1.0,0.92623895,8,simplekt
58597056607492714,1.0,0.9388121,8,simplekt
58597056607492714,1.0,0.9086182,8,simplekt
58597056607492714,1.0,0.9999975,8,simplekt
58597056607492714,1.0,0.9701248,8,simplekt
58597056607492714,1.0,0.93468094,8,simplekt
58597056607492714,1.0,0.92948264,8,simplekt
58597056607492714,1.0,0.9793046,8,simplekt
58597056607492714,1.0,0.9059224,8,simplekt
58597056607492714,1.0,0.9999534,8,simplekt
58597056607492714,1.0,0.94408077,8,simplekt
58597056607492714,1.0,0.9347951,8,simplekt
58597056607492714,1.0,0.7580491,8,simplekt
58597056607492714,1.0,0.66640157,8,simplekt
58597056607492714,0.0,0.8211276,8,simplekt
58597056607492714,0.0,1.5373432e-06,8,simplekt
58597056607492714,1.0,0.43575096,8,simplekt
58597056607492714,1.0,0.9119227,8,simplekt
58597056607492714,1.0,0.9999875,8,simplekt
58597056607492714,1.0,0.9812221,8,simplekt
58597056607492714,1.0,0.99998975,8,simplekt
58597056607492714,1.0,0.9529186,8,simplekt
58597056607492714,1.0,0.99993134,8,simplekt
58597056607492714,1.0,0.89300287,8,simplekt
58597056607492714,1.0,0.9402924,8,simplekt
58597056607492714,1.0,0.946028,8,simplekt
58597056607492714,1.0,0.99995935,8,simplekt
58597056607492714,1.0,0.99999964,8,simplekt
58597056607492714,1.0,0.9999975,8,simplekt
58597056607492714,1.0,0.9667027,8,simplekt
58597056607492714,1.0,0.91332185,8,simplekt
58597056607492714,1.0,0.99998045,8,simplekt
58597056607492714,1.0,0.98125434,8,simplekt
58597056607492714,1.0,0.9999958,8,simplekt
58597056607492714,1.0,0.95970184,8,simplekt
58597056607492714,1.0,0.999992,8,simplekt
58597056607492714,1.0,0.9855258,8,simplekt
58597056607492714,1.0,0.92904323,8,simplekt
58597056607492714,1.0,0.9874763,8,simplekt
58597056607492714,1.0,0.9999814,8,simplekt
58597056607492714,1.0,0.967336,8,simplekt
58597056607492714,1.0,0.9776643,8,simplekt
58597056607492714,1.0,0.9388246,8,simplekt
58597056607492714,1.0,0.98762125,8,simplekt
58597056607492714,1.0,0.97639614,8,simplekt
58597056607492714,1.0,0.5283791,8,simplekt
58597056607492714,1.0,0.70192325,8,simplekt
58597056607492714,1.0,0.9999267,8,simplekt
58597056607492714,0.0,0.6109668,8,simplekt
58597056607492714,1.0,0.90952843,8,simplekt
58597056607492714,1.0,0.7041635,8,simplekt
58597056607492714,1.0,0.93211895,8,simplekt
58597056607492714,1.0,0.99999833,8,simplekt
58597056607492714,1.0,0.93287337,8,simplekt
58597056607492714,1.0,0.9918893,8,simplekt
58597056607492714,1.0,0.99677074,8,simplekt
58597056607492714,1.0,0.97745585,8,simplekt
58597056607492714,1.0,0.9758246,8,simplekt
58597056607492714,1.0,0.961257,8,simplekt
58597056607492714,1.0,0.96871656,8,simplekt
58597056607492714,1.0,0.99998224,8,simplekt
58597056607492714,1.0,0.99999523,8,simplekt
58597056607492714,1.0,0.98507166,8,simplekt
58597056607492714,0.0,0.81610644,8,simplekt
58597056607492714,0.0,2.5386446e-06,8,simplekt
58597056607492714,0.0,1.6279257e-06,8,simplekt
58597056607492714,1.0,0.929723,8,simplekt
58597056607492714,1.0,0.9999999,8,simplekt
58597056607492714,1.0,0.8330312,8,simplekt
58597056607492714,0.0,0.7907037,8,simplekt
58597056607492714,0.0,0.7218159,8,simplekt
58597056607492714,1.0,0.9743522,8,simplekt
58597056607492714,1.0,0.9702444,8,simplekt
58597056607492714,1.0,0.9801373,8,simplekt
58597056607492714,1.0,0.982488,8,simplekt
58597056607492714,1.0,0.9999933,8,simplekt
58597056607492714,1.0,0.7322807,8,simplekt
58597056607492714,1.0,0.8152544,8,simplekt
58597056607492714,1.0,0.8622351,8,simplekt
58597056607492714,1.0,0.8749865,8,simplekt
58597056607492714,1.0,0.91317886,8,simplekt
58597056607492714,1.0,0.94913423,8,simplekt
58597056607492714,1.0,0.98510134,8,simplekt
58597056607492714,1.0,0.9570458,8,simplekt
58597056607492714,1.0,0.95397085,8,simplekt
58597056607492714,1.0,0.9899037,8,simplekt
58597056607492714,1.0,0.9948201,8,simplekt
58597056607492714,1.0,0.87300605,8,simplekt
58597056607492714,1.0,0.9698565,8,simplekt
58597056607492714,1.0,0.9976714,8,simplekt
58597056607492714,1.0,0.99999917,8,simplekt
58597056607492714,1.0,0.9999976,8,simplekt
58597056607492714,1.0,0.9999908,8,simplekt
58597056607492714,1.0,0.9713189,8,simplekt
58597056607492714,1.0,0.9479541,8,simplekt
58597056607492714,1.0,0.9997745,8,simplekt
58597056607492714,1.0,0.9525879,8,simplekt
58597056607492714,1.0,0.9999919,8,simplekt
58597056607492714,1.0,0.96706265,8,simplekt
58597056607492714,1.0,0.99999464,8,simplekt
58597056607492714,1.0,0.9779479,8,simplekt
58597056607492714,1.0,0.9900545,8,simplekt
58597056607492714,1.0,0.73554397,8,simplekt
58597056607492714,1.0,0.9859788,8,simplekt
58597056607492714,0.0,0.91960615,8,simplekt
58597056607492714,0.0,2.465639e-05,8,simplekt
58597056607492714,0.0,8.6296933e-07,8,simplekt
58597056607492714,1.0,0.81738394,8,simplekt
58597056607492714,1.0,0.8382333,8,simplekt
58597056607492714,0.0,0.92798585,8,simplekt
58597056607492714,1.0,0.92986184,8,simplekt
58597056607492714,1.0,0.9998517,8,simplekt
58597056607492714,1.0,0.9138779,8,simplekt
58597056607492714,1.0,0.95310014,8,simplekt
58597056607492714,1.0,0.9993736,8,simplekt
58597056607492714,1.0,0.90488064,8,simplekt
58597056607492714,1.0,0.97883475,8,simplekt
58597056607492714,1.0,0.9808625,8,simplekt
58597056607492714,1.0,0.9999063,8,simplekt
58597056607492714,1.0,0.95494366,8,simplekt
58597056607492714,1.0,0.9841009,8,simplekt
58597056607492714,1.0,0.9824258,8,simplekt
58597056607492714,1.0,0.9999893,8,simplekt
58597056607492714,0.0,0.6940326,8,simplekt
58597056607492714,0.0,0.5096934,8,simplekt
58597056607492714,0.0,3.05387e-05,8,simplekt
58597056607492714,1.0,0.3724957,8,simplekt
58597056607492714,0.0,0.7089738,8,simplekt
58597056607492714,0.0,0.5926754,8,simplekt
58597056607492714,1.0,0.8058585,8,simplekt
58597056607492714,1.0,0.86447376,8,simplekt
58597056607492714,1.0,0.9999871,8,simplekt
58597056607492714,1.0,0.792498,8,simplekt
58597056607492714,1.0,0.9550467,8,simplekt
58597056607492714,1.0,0.97245175,8,simplekt
58597056607492714,1.0,0.99999905,8,simplekt
58597056607492714,1.0,0.8697972,8,simplekt
58597056607492714,1.0,0.99989176,8,simplekt
58597056607492714,1.0,0.97502136,8,simplekt
58597056607492714,1.0,0.975838,8,simplekt
58597056607492714,1.0,0.9341966,8,simplekt
58597056607492714,1.0,0.99998903,8,simplekt
58597056607492714,1.0,0.97650766,8,simplekt
58597056607492714,1.0,0.8565012,8,simplekt
58597056607492714,1.0,0.9382984,8,simplekt
58597056607492714,1.0,0.90974957,8,simplekt
58597056607492714,1.0,0.9999292,8,simplekt
58597056607492714,1.0,0.94239783,8,simplekt
58597056607492714,1.0,0.9042267,8,simplekt
61802533979736798,1.0,0.8893267,8,simplekt
61802533979736798,1.0,0.83944595,8,simplekt
61802533979736798,1.0,0.92782664,8,simplekt
61802533979736798,1.0,0.9112827,8,simplekt
61802533979736798,1.0,0.89568615,8,simplekt
61802533979736798,1.0,0.9277497,8,simplekt
61802533979736798,1.0,0.9643539,8,simplekt
61802533979736798,1.0,0.81306916,8,simplekt
61802533979736798,1.0,0.83883834,8,simplekt
61802533979736798,1.0,0.9687228,8,simplekt
61802533979736798,1.0,0.9251838,8,simplekt
61802533979736798,1.0,0.7001698,8,simplekt
61802533979736798,1.0,0.8342855,8,simplekt
61802533979736798,1.0,0.8747192,8,simplekt
61802533979736798,1.0,0.89414376,8,simplekt
61802533979736798,1.0,0.83530617,8,simplekt
61802533979736798,1.0,0.9619202,8,simplekt
61802533979736798,1.0,0.9747419,8,simplekt
61802533979736798,1.0,0.98289776,8,simplekt
61802533979736798,1.0,0.50605106,8,simplekt
61802533979736798,1.0,0.99999416,8,simplekt
61802533979736798,1.0,0.9999981,8,simplekt
61802533979736798,1.0,0.9290782,8,simplekt
61802533979736798,1.0,0.93352115,8,simplekt
61802533979736798,1.0,0.9999963,8,simplekt
61802533979736798,1.0,0.91804904,8,simplekt
61802533979736798,1.0,0.9999708,8,simplekt
61802533979736798,1.0,0.9136129,8,simplekt
61802533979736798,0.0,0.9109038,8,simplekt
61802533979736798,1.0,0.8136132,8,simplekt
61802533979736798,1.0,0.9581291,8,simplekt
61802533979736798,1.0,0.6772342,8,simplekt
61802533979736798,1.0,0.99980587,8,simplekt
61802533979736798,1.0,0.88277054,8,simplekt
61802533979736798,1.0,0.99985754,8,simplekt
61802533979736798,1.0,0.9999567,8,simplekt
61802533979736798,1.0,0.8871778,8,simplekt
61802533979736798,1.0,0.9999473,8,simplekt
61802533979736798,1.0,0.9999765,8,simplekt
61802533979736798,0.0,0.90192115,8,simplekt
61802533979736798,0.0,0.6686657,8,simplekt
61802533979736798,0.0,4.6088653e-06,8,simplekt
61802533979736798,0.0,5.280462e-07,8,simplekt
61802533979736798,1.0,0.6701052,8,simplekt
61802533979736798,1.0,0.7410733,8,simplekt
61802533979736798,1.0,0.99988186,8,simplekt
61802533979736798,0.0,0.62485164,8,simplekt
61802533979736798,1.0,0.48778498,8,simplekt
61802533979736798,0.0,0.672161,8,simplekt
61802533979736798,0.0,0.40141606,8,simplekt
61802533979736798,0.0,0.484188,8,simplekt
61802533979736798,1.0,0.4545375,8,simplekt
61802533979736798,1.0,0.50758505,8,simplekt
61802533979736798,1.0,0.9997123,8,simplekt
61802533979736798,1.0,0.7212726,8,simplekt
61802533979736798,1.0,0.73383987,8,simplekt
61802533979736798,1.0,0.8465353,8,simplekt
61802533979736798,1.0,0.9999964,8,simplekt
61802533979736798,1.0,1.0,8,simplekt
61802533979736798,1.0,0.9999994,8,simplekt
61802533979736798,1.0,0.96052516,8,simplekt
61802533979736798,1.0,0.9999963,8,simplekt
61802533979736798,1.0,0.9644668,8,simplekt
61802533979736798,1.0,0.9772413,8,simplekt
61802533979736798,1.0,0.94073266,8,simplekt
61802533979736798,1.0,0.99998164,8,simplekt
61802533979736798,1.0,0.96250993,8,simplekt
61802533979736798,1.0,0.9605203,8,simplekt
61802533979736798,1.0,0.9509308,8,simplekt
61802533979736798,1.0,0.97377723,8,simplekt
61802533979736798,1.0,0.93765587,8,simplekt
61802533979736798,1.0,0.9602463,8,simplekt
61802533979736798,1.0,0.9278754,8,simplekt
61802533979736798,1.0,0.9784641,8,simplekt
61802533979736798,1.0,0.9926165,8,simplekt
61802533979736798,1.0,0.69369674,8,simplekt
61802533979736798,1.0,0.95153666,8,simplekt
61802533979736798,1.0,0.9142645,8,simplekt
61802533979736798,1.0,0.8181062,8,simplekt
61802533979736798,1.0,0.6428137,8,simplekt
61802533979736798,1.0,0.99807113,8,simplekt
61802533979736798,1.0,0.9072045,8,simplekt
61802533979736798,1.0,0.9989519,8,simplekt
61802533979736798,1.0,0.92538655,8,simplekt
61802533979736798,1.0,0.9969408,8,simplekt
61802533979736798,1.0,0.9879677,8,simplekt
61802533979736798,1.0,0.7508133,8,simplekt
61802533979736798,1.0,0.9914029,8,simplekt
61802533979736798,1.0,0.98216265,8,simplekt
61802533979736798,1.0,0.9319937,8,simplekt
61802533979736798,1.0,0.97333694,8,simplekt
61802533979736798,1.0,0.9895837,8,simplekt
61802533979736798,1.0,0.70130163,8,simplekt
61802533979736798,1.0,0.30997437,8,simplekt
61802533979736798,1.0,0.89525706,8,simplekt
61802533979736798,1.0,0.9437343,8,simplekt
61802533979736798,1.0,0.82773226,8,simplekt
61802533979736798,1.0,0.99132794,8,simplekt
61802533979736798,1.0,0.99293125,8,simplekt
61802533979736798,1.0,0.95638263,8,simplekt
61802533979736798,1.0,0.89445305,8,simplekt
61802533979736798,1.0,0.987437,8,simplekt
61802533979736798,1.0,0.9832734,8,simplekt
61802533979736798,0.0,0.85550517,8,simplekt
61802533979736798,1.0,0.6403619,8,simplekt
61802533979736798,1.0,0.90159255,8,simplekt
61802533979736798,1.0,0.8996871,8,simplekt
61802533979736798,1.0,0.9386416,8,simplekt
61802533979736798,1.0,0.93455565,8,simplekt
61802533979736798,1.0,0.9119898,8,simplekt
61802533979736798,1.0,0.8293658,8,simplekt
61802533979736798,1.0,0.5824163,8,simplekt
61802533979736798,1.0,0.8163207,8,simplekt
61802533979736798,1.0,0.9867648,8,simplekt
61802533979736798,1.0,0.98913467,8,simplekt
61802533979736798,1.0,0.9819427,8,simplekt
61802533979736798,1.0,0.9768489,8,simplekt
61802533979736798,1.0,0.9789321,8,simplekt
61802533979736798,1.0,0.9999925,8,simplekt
61802533979736798,1.0,0.9588129,8,simplekt
61802533979736798,1.0,0.78418255,8,simplekt
61802533979736798,1.0,0.9979532,8,simplekt
61802533979736798,1.0,0.8559586,8,simplekt
61802533979736798,1.0,0.998243,8,simplekt
61802533979736798,1.0,0.9898343,8,simplekt
61802533979736798,1.0,0.99995494,8,simplekt
61802533979736798,1.0,0.9961436,8,simplekt
61802533979736798,1.0,0.99737716,8,simplekt
61802533979736798,1.0,0.9748967,8,simplekt
61802533979736798,1.0,0.97602624,8,simplekt
61802533979736798,1.0,0.95318377,8,simplekt
61802533979736798,1.0,0.9968742,8,simplekt
61802533979736798,1.0,0.96072435,8,simplekt
61802533979736798,1.0,0.99331266,8,simplekt
61802533979736798,1.0,0.9998054,8,simplekt
61802533979736798,1.0,0.9752451,8,simplekt
61802533979736798,1.0,0.9998956,8,simplekt
61802533979736798,0.0,0.67925555,8,simplekt
61802533979736798,1.0,0.8534294,8,simplekt
61802533979736798,1.0,0.8266984,8,simplekt
61802533979736798,0.0,0.45543322,8,simplekt
61802533979736798,1.0,0.9781666,8,simplekt
61802533979736798,1.0,0.9999037,8,simplekt
61802533979736798,1.0,0.97812,8,simplekt
61802533979736798,1.0,0.99990153,8,simplekt
61802533979736798,1.0,0.98043054,8,simplekt
61802533979736798,1.0,0.99632144,8,simplekt
61802533979736798,1.0,0.9601385,8,simplekt
61802533979736798,1.0,0.9908372,8,simplekt
61802533979736798,1.0,0.9533533,8,simplekt
61802533979736798,1.0,0.9392927,8,simplekt
61802533979736798,1.0,0.9930936,8,simplekt
61802533979736798,1.0,0.9601652,8,simplekt
61802533979736798,1.0,0.9999964,8,simplekt
61802533979736798,1.0,0.97453046,8,simplekt
61802533979736798,1.0,0.85687435,8,simplekt
61802533979736798,1.0,0.9913857,8,simplekt
61802533979736798,1.0,0.8982123,8,simplekt
61802533979736798,0.0,0.41923645,8,simplekt
61802533979736798,1.0,0.9925121,8,simplekt
61802533979736798,1.0,0.9130234,8,simplekt
61802533979736798,1.0,0.98357624,8,simplekt
61802533979736798,1.0,0.9779939,8,simplekt
61802533979736798,1.0,0.995689,8,simplekt
61802533979736798,1.0,0.5441461,8,simplekt
61802533979736798,1.0,0.8993255,8,simplekt
61802533979736798,1.0,0.92340916,8,simplekt
61802533979736798,1.0,0.9587899,8,simplekt
61802533979736798,1.0,0.90073925,8,simplekt
61802533979736798,1.0,0.98276937,8,simplekt
61802533979736798,1.0,0.98951375,8,simplekt
61802533979736798,1.0,0.989498,8,simplekt
61802533979736798,1.0,0.97643274,8,simplekt
61802533979736798,0.0,0.81047773,8,simplekt
61802533979736798,1.0,0.864533,8,simplekt
61802533979736798,1.0,0.9297064,8,simplekt
61802533979736798,1.0,0.9465522,8,simplekt
61802533979736798,1.0,0.8458772,8,simplekt
61802533979736798,1.0,0.8673749,8,simplekt
61802533979736798,1.0,0.90136117,8,simplekt
61802533979736798,1.0,0.9936092,8,simplekt
61802533979736798,1.0,0.91627365,8,simplekt
61802533979736798,1.0,0.9577589,8,simplekt
61802533979736798,1.0,0.9518901,8,simplekt
61802533979736798,0.0,0.65178955,8,simplekt
61802533979736798,0.0,0.49386552,8,simplekt
61802533979736798,1.0,0.5511877,8,simplekt
61802533979736798,1.0,0.9999869,8,simplekt
61802533979736798,1.0,0.9754944,8,simplekt
61802533979736798,1.0,0.99995446,8,simplekt
61802533979736798,1.0,0.9720971,8,simplekt
61802533979736798,1.0,0.9493723,8,simplekt
61802533979736798,1.0,0.9366507,8,simplekt
61802533979736798,0.0,0.7414701,8,simplekt
61802533979736798,1.0,0.89281046,8,simplekt
61802533979736798,1.0,0.8973024,8,simplekt
61802533979736798,1.0,0.9999057,8,simplekt
61802533979736798,1.0,0.94757074,8,simplekt
61802533979736798,1.0,0.992558,8,simplekt
70821682846885065,0.0,0.5558635,8,simplekt
70821682846885065,1.0,0.49730256,8,simplekt
70821682846885065,1.0,0.65115255,8,simplekt
70821682846885065,1.0,0.9859838,8,simplekt
70821682846885065,0.0,0.94661087,8,simplekt
70821682846885065,1.0,0.5164475,8,simplekt
70821682846885065,0.0,0.6944651,8,simplekt
70821682846885065,0.0,0.13914654,8,simplekt
70821682846885065,0.0,0.00014378388,8,simplekt
70821682846885065,0.0,3.3237928e-05,8,simplekt
70821682846885065,0.0,0.62191886,8,simplekt
70821682846885065,0.0,5.887815e-06,8,simplekt
70821682846885065,1.0,0.07867538,8,simplekt
70821682846885065,1.0,0.54486185,8,simplekt
70821682846885065,1.0,0.6431788,8,simplekt
70821682846885065,1.0,0.999948,8,simplekt
70821682846885065,0.0,0.7180871,8,simplekt
70821682846885065,1.0,0.7523527,8,simplekt
70821682846885065,0.0,0.75199825,8,simplekt
70821682846885065,1.0,0.24610983,8,simplekt
70821682846885065,1.0,0.9987159,8,simplekt
70821682846885065,1.0,0.670339,8,simplekt
70821682846885065,1.0,0.86735857,8,simplekt
70821682846885065,0.0,0.7635243,8,simplekt
70821682846885065,1.0,0.6884817,8,simplekt
70821682846885065,1.0,0.8957027,8,simplekt
70821682846885065,1.0,0.8719451,8,simplekt
70821682846885065,0.0,0.49376622,8,simplekt
70821682846885065,1.0,0.8412114,8,simplekt
70821682846885065,1.0,0.54058295,8,simplekt
70821682846885065,1.0,0.84896296,8,simplekt
70821682846885065,1.0,0.8781933,8,simplekt
70821682846885065,1.0,0.89547867,8,simplekt
70821682846885065,1.0,0.95969963,8,simplekt
70821682846885065,1.0,0.86902934,8,simplekt
70821682846885065,1.0,0.8124027,8,simplekt
70821682846885065,1.0,0.8374918,8,simplekt
70821682846885065,1.0,0.9341159,8,simplekt
70821682846885065,1.0,0.87214637,8,simplekt
70821682846885065,1.0,0.90868163,8,simplekt
70821682846885065,0.0,0.2758954,8,simplekt
70821682846885065,1.0,0.23827861,8,simplekt
70821682846885065,1.0,0.641545,8,simplekt
70821682846885065,1.0,0.88539493,8,simplekt
70821682846885065,0.0,0.40598282,8,simplekt
70821682846885065,1.0,0.5556737,8,simplekt
70821682846885065,1.0,0.89397395,8,simplekt
70821682846885065,1.0,0.71464825,8,simplekt
70821682846885065,1.0,0.6315051,8,simplekt
70821682846885065,1.0,0.9373752,8,simplekt
70821682846885065,1.0,0.8628901,8,simplekt
70821682846885065,1.0,0.84764075,8,simplekt
70821682846885065,1.0,0.90778214,8,simplekt
70821682846885065,1.0,0.9128543,8,simplekt
70821682846885065,1.0,0.94568694,8,simplekt
70821682846885065,1.0,0.91476846,8,simplekt
70821682846885065,1.0,0.92116624,8,simplekt
70821682846885065,1.0,0.8943709,8,simplekt
70821682846885065,1.0,0.67939,8,simplekt
70821682846885065,1.0,0.9992805,8,simplekt
70821682846885065,1.0,0.7739214,8,simplekt
70821682846885065,1.0,0.94342905,8,simplekt
70821682846885065,1.0,0.95944816,8,simplekt
70821682846885065,1.0,0.9810447,8,simplekt
70821682846885065,1.0,0.9136873,8,simplekt
70821682846885065,1.0,0.9198175,8,simplekt
70821682846885065,1.0,0.99990535,8,simplekt
70821682846885065,1.0,0.9879479,8,simplekt
70821682846885065,1.0,0.95022005,8,simplekt
70821682846885065,1.0,0.9914888,8,simplekt
70821682846885065,1.0,0.90152633,8,simplekt
70821682846885065,1.0,0.8945686,8,simplekt
70821682846885065,1.0,0.6196081,8,simplekt
70821682846885065,1.0,0.75490797,8,simplekt
70821682846885065,1.0,0.8950153,8,simplekt
70821682846885065,1.0,0.9206833,8,simplekt
70821682846885065,1.0,0.7213251,8,simplekt
70821682846885065,1.0,0.75536805,8,simplekt
70821682846885065,1.0,0.9373185,8,simplekt
70821682846885065,1.0,0.89098704,8,simplekt
70821682846885065,1.0,0.9180605,8,simplekt
70821682846885065,1.0,0.9999417,8,simplekt
70821682846885065,1.0,0.9679993,8,simplekt
70821682846885065,1.0,0.7283194,8,simplekt
70821682846885065,1.0,0.89976305,8,simplekt
70821682846885065,1.0,0.9488685,8,simplekt
70821682846885065,1.0,0.6919459,8,simplekt
70821682846885065,1.0,0.9624599,8,simplekt
70821682846885065,1.0,0.99341464,8,simplekt
70821682846885065,1.0,0.8829528,8,simplekt
70821682846885065,1.0,0.9998325,8,simplekt
70821682846885065,1.0,0.9755147,8,simplekt
70821682846885065,1.0,0.93894786,8,simplekt
70821682846885065,1.0,0.95973295,8,simplekt
70821682846885065,1.0,0.94633484,8,simplekt
70821682846885065,1.0,0.9662888,8,simplekt
70821682846885065,1.0,0.6083158,8,simplekt
70821682846885065,1.0,0.9051226,8,simplekt
70821682846885065,1.0,0.98753184,8,simplekt
70821682846885065,1.0,0.94366074,8,simplekt
70821682846885065,1.0,0.9517846,8,simplekt
70821682846885065,1.0,0.9712848,8,simplekt
70821682846885065,1.0,0.962609,8,simplekt
70821682846885065,1.0,0.96287614,8,simplekt
70821682846885065,1.0,0.9575136,8,simplekt
70821682846885065,1.0,0.95127517,8,simplekt
70821682846885065,1.0,0.98199075,8,simplekt
70821682846885065,1.0,0.9537957,8,simplekt
70821682846885065,1.0,0.91596,8,simplekt
70821682846885065,1.0,0.71380776,8,simplekt
70821682846885065,1.0,0.96587455,8,simplekt
70821682846885065,1.0,0.9999826,8,simplekt
70821682846885065,1.0,0.9656304,8,simplekt
70821682846885065,0.0,0.6901014,8,simplekt
70821682846885065,1.0,0.87664557,8,simplekt
70821682846885065,1.0,0.5418387,8,simplekt
70821682846885065,1.0,0.9706166,8,simplekt
70821682846885065,1.0,0.9538872,8,simplekt
70821682846885065,1.0,0.9189523,8,simplekt
70821682846885065,1.0,0.79777443,8,simplekt
70821682846885065,1.0,0.78822684,8,simplekt
70821682846885065,1.0,0.9133984,8,simplekt
70821682846885065,1.0,0.8287784,8,simplekt
70821682846885065,1.0,0.9294539,8,simplekt
70821682846885065,1.0,0.863418,8,simplekt
70821682846885065,1.0,0.91506636,8,simplekt
70821682846885065,1.0,0.92556435,8,simplekt
70821682846885065,1.0,0.7530316,8,simplekt
70821682846885065,1.0,0.9266676,8,simplekt
70821682846885065,1.0,0.938259,8,simplekt
70821682846885065,0.0,0.9136129,8,simplekt
70821682846885065,1.0,0.30076307,8,simplekt
70821682846885065,1.0,0.88550115,8,simplekt
70821682846885065,1.0,0.95683336,8,simplekt
70821682846885065,1.0,0.8721625,8,simplekt
70821682846885065,1.0,0.74748343,8,simplekt
70821682846885065,1.0,0.7395882,8,simplekt
70821682846885065,1.0,0.87609154,8,simplekt
70821682846885065,1.0,0.92904156,8,simplekt
70821682846885065,1.0,0.9782718,8,simplekt
70821682846885065,1.0,0.9743391,8,simplekt
70821682846885065,1.0,0.8367122,8,simplekt
70821682846885065,1.0,0.99975103,8,simplekt
70821682846885065,1.0,0.85354936,8,simplekt
70821682846885065,1.0,0.96547693,8,simplekt
70821682846885065,1.0,0.99951553,8,simplekt
70821682846885065,1.0,0.8124774,8,simplekt
70821682846885065,1.0,0.9998324,8,simplekt
70821682846885065,1.0,0.9999633,8,simplekt
70821682846885065,1.0,0.6318552,8,simplekt
70821682846885065,1.0,0.7476477,8,simplekt
70821682846885065,1.0,0.9521787,8,simplekt
70821682846885065,0.0,0.82958555,8,simplekt
70821682846885065,0.0,5.2277774e-06,8,simplekt
70821682846885065,1.0,0.77640325,8,simplekt
70821682846885065,1.0,0.9164117,8,simplekt
70821682846885065,1.0,0.83307064,8,simplekt
70821682846885065,1.0,0.9999653,8,simplekt
70821682846885065,1.0,0.9999999,8,simplekt
70821682846885065,1.0,1.0,8,simplekt
70821682846885065,1.0,0.9999999,8,simplekt
70821682846885065,1.0,0.9999882,8,simplekt
70821682846885065,1.0,0.8840903,8,simplekt
70821682846885065,1.0,0.99997497,8,simplekt
70821682846885065,1.0,0.9999999,8,simplekt
70821682846885065,1.0,1.0,8,simplekt
70821682846885065,1.0,0.9999999,8,simplekt
70821682846885065,1.0,0.9999833,8,simplekt
70821682846885065,1.0,0.7937225,8,simplekt
70821682846885065,1.0,0.73462605,8,simplekt
70821682846885065,1.0,0.64866066,8,simplekt
70821682846885065,1.0,0.7284539,8,simplekt
70821682846885065,1.0,0.8485474,8,simplekt
70821682846885065,1.0,0.9999515,8,simplekt
70821682846885065,1.0,0.92152774,8,simplekt
70821682846885065,1.0,0.8743098,8,simplekt
70821682846885065,1.0,0.9998273,8,simplekt
70821682846885065,0.0,0.24094819,8,simplekt
70821682846885065,0.0,2.820797e-05,8,simplekt
70821682846885065,1.0,0.8107707,8,simplekt
70821682846885065,1.0,0.7794037,8,simplekt
70821682846885065,1.0,0.93886685,8,simplekt
70821682846885065,1.0,0.5654465,8,simplekt
70821682846885065,1.0,0.917393,8,simplekt
70821682846885065,1.0,0.79704934,8,simplekt
70821682846885065,1.0,0.87177974,8,simplekt
70821682846885065,1.0,0.79237694,8,simplekt
70821682846885065,1.0,0.7899913,8,simplekt
70821682846885065,0.0,0.6026646,8,simplekt
70821682846885065,1.0,0.89372146,8,simplekt
70821682846885065,1.0,0.9132951,8,simplekt
70821682846885065,1.0,0.79367095,8,simplekt
70821682846885065,1.0,0.90567833,8,simplekt
70821682846885065,1.0,0.982936,8,simplekt
70821682846885065,1.0,0.9840477,8,simplekt
70821682846885065,0.0,0.83210117,8,simplekt
70821682846885065,0.0,0.7579202,8,simplekt
70821682846885065,1.0,0.6555863,8,simplekt
70821682846885065,1.0,0.81616205,8,simplekt
76271558123315333,1.0,0.8852578,8,simplekt
76271558123315333,1.0,0.75338715,8,simplekt
76271558123315333,1.0,0.8191855,8,simplekt
76271558123315333,1.0,0.7941779,8,simplekt
76271558123315333,1.0,0.99330246,8,simplekt
76271558123315333,1.0,0.8617029,8,simplekt
76271558123315333,1.0,0.9981073,8,simplekt
76271558123315333,1.0,0.8109247,8,simplekt
76271558123315333,1.0,0.84812015,8,simplekt
76271558123315333,1.0,0.99999666,8,simplekt
76271558123315333,1.0,0.9999999,8,simplekt
76271558123315333,0.0,0.8285105,8,simplekt
76271558123315333,0.0,0.7689621,8,simplekt
76271558123315333,0.0,9.0636473e-07,8,simplekt
76271558123315333,0.0,0.21855046,8,simplekt
76271558123315333,0.0,0.03733434,8,simplekt
76271558123315333,1.0,0.6606871,8,simplekt
76271558123315333,1.0,0.8613092,8,simplekt
76271558123315333,1.0,0.7910311,8,simplekt
76271558123315333,1.0,0.92352027,8,simplekt
76271558123315333,1.0,0.9710317,8,simplekt
76271558123315333,1.0,0.9392219,8,simplekt
76271558123315333,1.0,0.83739203,8,simplekt
76271558123315333,1.0,0.92043984,8,simplekt
76271558123315333,1.0,0.7171129,8,simplekt
76271558123315333,1.0,0.8137052,8,simplekt
76271558123315333,1.0,0.99999595,8,simplekt
76271558123315333,1.0,1.0,8,simplekt
76271558123315333,1.0,0.9999987,8,simplekt
76271558123315333,1.0,0.95467013,8,simplekt
76271558123315333,1.0,0.99999833,8,simplekt
76271558123315333,1.0,0.74295384,8,simplekt
76271558123315333,1.0,0.99997795,8,simplekt
76271558123315333,0.0,0.70736766,8,simplekt
76271558123315333,1.0,0.72295856,8,simplekt
76271558123315333,1.0,0.9122874,8,simplekt
76271558123315333,1.0,0.9999677,8,simplekt
76271558123315333,1.0,0.96917826,8,simplekt
76271558123315333,1.0,0.99983597,8,simplekt
76271558123315333,1.0,0.94148207,8,simplekt
76271558123315333,1.0,0.94311285,8,simplekt
76271558123315333,1.0,0.9274343,8,simplekt
76271558123315333,1.0,0.9524326,8,simplekt
76271558123315333,1.0,0.90058,8,simplekt
76271558123315333,1.0,0.9631865,8,simplekt
76271558123315333,1.0,0.98090255,8,simplekt
76271558123315333,1.0,0.98454845,8,simplekt
76271558123315333,0.0,0.8599558,8,simplekt
76271558123315333,1.0,0.93687445,8,simplekt
76271558123315333,1.0,0.9449098,8,simplekt
76271558123315333,1.0,0.7448823,8,simplekt
76271558123315333,1.0,0.89706653,8,simplekt
76271558123315333,1.0,0.97534853,8,simplekt
76271558123315333,1.0,0.97680557,8,simplekt
76271558123315333,1.0,0.95179725,8,simplekt
76271558123315333,0.0,0.57367164,8,simplekt
76271558123315333,1.0,0.8565151,8,simplekt
76271558123315333,0.0,0.97286296,8,simplekt
76271558123315333,1.0,0.8976887,8,simplekt
76271558123315333,1.0,0.94969463,8,simplekt
76271558123315333,1.0,0.9835539,8,simplekt
76271558123315333,1.0,0.88172793,8,simplekt
76271558123315333,1.0,0.9507781,8,simplekt
76271558123315333,1.0,0.97683513,8,simplekt
76271558123315333,1.0,0.9077859,8,simplekt
76271558123315333,1.0,0.9577565,8,simplekt
76271558123315333,1.0,0.5243986,8,simplekt
76271558123315333,1.0,0.95356405,8,simplekt
76271558123315333,1.0,0.999995,8,simplekt
76271558123315333,1.0,0.91782707,8,simplekt
76271558123315333,1.0,0.6541411,8,simplekt
76271558123315333,1.0,0.9337104,8,simplekt
76271558123315333,1.0,0.98720354,8,simplekt
76271558123315333,1.0,0.99988914,8,simplekt
76271558123315333,0.0,0.8762907,8,simplekt
76271558123315333,1.0,0.72089905,8,simplekt
76271558123315333,1.0,0.89488965,8,simplekt
76271558123315333,0.0,0.67602074,8,simplekt
76271558123315333,1.0,0.68738633,8,simplekt
76271558123315333,1.0,0.6740743,8,simplekt
76271558123315333,1.0,0.89887786,8,simplekt
76271558123315333,0.0,0.61243635,8,simplekt
76271558123315333,0.0,0.402721,8,simplekt
76271558123315333,1.0,0.90820026,8,simplekt
76271558123315333,1.0,0.8087653,8,simplekt
76271558123315333,1.0,0.9999771,8,simplekt
76271558123315333,1.0,0.99996746,8,simplekt
76271558123315333,1.0,0.99999523,8,simplekt
76271558123315333,1.0,0.99999964,8,simplekt
76271558123315333,1.0,0.97578263,8,simplekt
76271558123315333,1.0,0.9579842,8,simplekt
76271558123315333,1.0,0.76120335,8,simplekt
76271558123315333,1.0,0.9797022,8,simplekt
76271558123315333,1.0,0.9999672,8,simplekt
76271558123315333,1.0,0.9340211,8,simplekt
76271558123315333,1.0,0.9840942,8,simplekt
76271558123315333,1.0,0.92855257,8,simplekt
76271558123315333,1.0,0.9059321,8,simplekt
76271558123315333,1.0,0.97244817,8,simplekt
76271558123315333,1.0,0.8918871,8,simplekt
76271558123315333,1.0,0.9999466,8,simplekt
76271558123315333,1.0,0.9331475,8,simplekt
76271558123315333,0.0,0.7183646,8,simplekt
76271558123315333,1.0,0.9404562,8,simplekt
76271558123315333,0.0,0.77923757,8,simplekt
76271558123315333,1.0,0.2932197,8,simplekt
76271558123315333,0.0,0.97687656,8,simplekt
76271558123315333,1.0,0.8415135,8,simplekt
76271558123315333,1.0,0.95424265,8,simplekt
76271558123315333,1.0,0.9165659,8,simplekt
76271558123315333,1.0,0.84035784,8,simplekt
76271558123315333,1.0,0.9602805,8,simplekt
76271558123315333,1.0,0.9532833,8,simplekt
76271558123315333,1.0,0.6192818,8,simplekt
76271558123315333,1.0,0.9678629,8,simplekt
76271558123315333,1.0,0.74478763,8,simplekt
76271558123315333,1.0,0.4691908,8,simplekt
76271558123315333,1.0,0.754704,8,simplekt
76271558123315333,1.0,0.8345678,8,simplekt
76271558123315333,1.0,0.8165445,8,simplekt
76271558123315333,1.0,0.79620165,8,simplekt
76271558123315333,1.0,0.92574424,8,simplekt
76271558123315333,1.0,0.9185731,8,simplekt
76271558123315333,1.0,0.9220141,8,simplekt
76271558123315333,1.0,0.93306655,8,simplekt
76271558123315333,1.0,0.9170157,8,simplekt
76271558123315333,1.0,0.6117707,8,simplekt
76271558123315333,1.0,0.5583797,8,simplekt
76271558123315333,1.0,0.7672694,8,simplekt
76271558123315333,1.0,0.9999832,8,simplekt
76271558123315333,1.0,0.9320214,8,simplekt
76271558123315333,1.0,0.9365879,8,simplekt
76271558123315333,0.0,0.82144845,8,simplekt
76271558123315333,0.0,2.5883315e-07,8,simplekt
76271558123315333,1.0,0.58389497,8,simplekt
76271558123315333,1.0,0.6519846,8,simplekt
76271558123315333,1.0,0.64825404,8,simplekt
76271558123315333,1.0,0.9170902,8,simplekt
76271558123315333,1.0,0.9999213,8,simplekt
76271558123315333,1.0,0.97889256,8,simplekt
76271558123315333,1.0,0.9999627,8,simplekt
76271558123315333,1.0,0.95184755,8,simplekt
76271558123315333,1.0,0.99985397,8,simplekt
76271558123315333,1.0,0.51826805,8,simplekt
76271558123315333,1.0,0.6638725,8,simplekt
76271558123315333,1.0,0.999775,8,simplekt
76271558123315333,1.0,0.5299821,8,simplekt
76271558123315333,0.0,0.98584497,8,simplekt
76271558123315333,0.0,0.780385,8,simplekt
76271558123315333,0.0,0.7016109,8,simplekt
76271558123315333,1.0,0.5765289,8,simplekt
76271558123315333,1.0,0.7564445,8,simplekt
76271558123315333,1.0,0.98226917,8,simplekt
76271558123315333,1.0,0.99993753,8,simplekt
76271558123315333,0.0,0.64302903,8,simplekt
76271558123315333,0.0,0.45686865,8,simplekt
76271558123315333,0.0,7.615402e-05,8,simplekt
76271558123315333,0.0,0.6223651,8,simplekt
76271558123315333,1.0,0.7007017,8,simplekt
76271558123315333,1.0,0.819085,8,simplekt
76271558123315333,1.0,0.8227153,8,simplekt
76271558123315333,1.0,0.88955456,8,simplekt
76271558123315333,0.0,0.80499667,8,simplekt
76271558123315333,0.0,0.6660806,8,simplekt
76271558123315333,1.0,0.5695227,8,simplekt
76271558123315333,1.0,0.5612969,8,simplekt
76271558123315333,1.0,0.82008743,8,simplekt
76271558123315333,1.0,0.94046193,8,simplekt
76271558123315333,1.0,0.972982,8,simplekt
76271558123315333,1.0,0.9883051,8,simplekt
76271558123315333,1.0,0.9704822,8,simplekt
76271558123315333,1.0,0.93794334,8,simplekt
76271558123315333,1.0,0.7450781,8,simplekt
76271558123315333,0.0,0.72820705,8,simplekt
76271558123315333,1.0,0.72543555,8,simplekt
76271558123315333,1.0,0.7992609,8,simplekt
76271558123315333,0.0,0.8493864,8,simplekt
76271558123315333,0.0,0.77111876,8,simplekt
76271558123315333,1.0,0.7088937,8,simplekt
76271558123315333,1.0,0.7135358,8,simplekt
76271558123315333,0.0,0.92002213,8,simplekt
76271558123315333,1.0,0.88985085,8,simplekt
76271558123315333,1.0,0.9695831,8,simplekt
76271558123315333,1.0,0.97113425,8,simplekt
76271558123315333,1.0,0.55078506,8,simplekt
76271558123315333,1.0,0.94522667,8,simplekt
76271558123315333,1.0,0.9299047,8,simplekt
76271558123315333,1.0,0.9999229,8,simplekt
76271558123315333,1.0,0.9153484,8,simplekt
76271558123315333,1.0,0.87925756,8,simplekt
76271558123315333,1.0,0.87107235,8,simplekt
76271558123315333,1.0,0.5934244,8,simplekt
76271558123315333,1.0,0.99989283,8,simplekt
76271558123315333,1.0,0.5860068,8,simplekt
76271558123315333,1.0,0.649069,8,simplekt
76271558123315333,1.0,0.7855482,8,simplekt
76271558123315333,1.0,0.9998778,8,simplekt
76271558123315333,1.0,0.87671536,8,simplekt
76271558123315333,1.0,0.97458726,8,simplekt
78681216388433246,1.0,0.74650085,8,simplekt
78681216388433246,1.0,0.83195394,8,simplekt
78681216388433246,0.0,0.77006435,8,simplekt
78681216388433246,1.0,0.84415066,8,simplekt
78681216388433246,1.0,0.9666236,8,simplekt
78681216388433246,1.0,0.81632406,8,simplekt
78681216388433246,1.0,0.70907986,8,simplekt
78681216388433246,1.0,0.9983223,8,simplekt
78681216388433246,1.0,0.8719376,8,simplekt
78681216388433246,1.0,0.9022977,8,simplekt
78681216388433246,1.0,0.92816,8,simplekt
78681216388433246,1.0,0.9095328,8,simplekt
78681216388433246,0.0,0.90762347,8,simplekt
78681216388433246,0.0,0.8468848,8,simplekt
78681216388433246,1.0,0.65215576,8,simplekt
78681216388433246,1.0,0.81992775,8,simplekt
78681216388433246,1.0,0.9411647,8,simplekt
78681216388433246,0.0,0.76345086,8,simplekt
78681216388433246,1.0,0.62132996,8,simplekt
78681216388433246,1.0,0.72450477,8,simplekt
78681216388433246,1.0,0.77135986,8,simplekt
78681216388433246,1.0,0.9034642,8,simplekt
78681216388433246,1.0,0.8362261,8,simplekt
78681216388433246,1.0,0.6323476,8,simplekt
78681216388433246,1.0,0.867187,8,simplekt
